account_id,customer_id,customer_name,address_line_1,postcode,date_of_birth,age_at_application,application_date,employment_status,employment_tenure_months,occupation_group,residential_status,time_at_address_months,household_size,dependants,annual_gross_income,estimated_monthly_net_income,committed_monthly_outgoings,rent_or_mortgage,disposable_income,debt_to_income_ratio,requested_loan_amount,loan_purpose,bank_account_tenure_months,income_verification_result,application_channel,application_hour,recent_application_count,prior_customer_flag,device_verification_result,contact_verification_result,credit_history_months,active_credit_accounts,revolving_utilisation,recent_credit_searches,historic_defaults,historic_arrears,electoral_roll_match,missed_payment_m01,missed_payment_m02,missed_payment_m03,missed_payment_m04,missed_payment_m05,missed_payment_m06,missed_payment_m07,missed_payment_m08,missed_payment_m09,missed_payment_m10,missed_payment_m11,missed_payment_m12,DelphiScore,invalid_payment_data,missed_payment_months,outcome,target_bad,source_group,kigb_bad,outcome_group,low_disposable_income_flag,log_address_tenure,predicted_pd,score
ACC-10000008,CUS-20000008,Sofia Davies,134 Park Avenue,PL24 2DB,1991-01-12,33,2024-11-21,employed,55,administrative,homeowner_mortgage,49,2,0,30300.0,1808.31,489.84,965.78,352.69,0.194,9700.0,car,120,verified,web,4,1,0,pass,pass,97,2,0.4469,1,0,0,partial,0,0,0,0,0,0,0,0,0,0,0,0,715,0,0,Known Good,0.0,Known good/bad,0,Known good,0.0,3.912023005428146,0.03424452093515624,583.4771336941086
ACC-10000013,CUS-20000013,Jack Davies,175 Station Lane,BS8 4JD,1973-07-06,51,2024-07-14,employed,67,professional,private_tenant,133,1,2,8400.0,532.54,403.71,349.66,-220.83,0.5767,8400.0,car,96,verified,web,14,1,0,pass,pass,211,4,0.4736,1,0,0,full,0,0,0,0,0,0,0,0,0,0,0,0,851,0,0,Known Good,0.0,Known good/bad,0,Known good,1.0,4.897839799950911,0.06253822755774943,565.2418687126826
ACC-10000015,CUS-20000015,Oliver Morgan,128 Mill View,BS13 8XU,1978-12-23,45,2024-07-01,employed,78,professional,homeowner_mortgage,135,4,2,24800.0,1613.42,118.89,1099.75,394.78,0.0575,6400.0,debt_consolidation,91,verified,web,17,0,0,pass,pass,171,1,0.2554,0,0,0,none,0,0,0,0,0,0,0,0,0,0,0,0,845,0,0,Known Good,0.0,Known good/bad,0,Known good,0.0,4.912654885736052,0.019811382474650106,599.696034819229
ACC-10000018,CUS-20000018,Oliver Hughes,163 Mill View,CF26 3XS,1975-05-23,49,2024-09-24,part_time,140,service,private_tenant,40,1,0,45800.0,2988.34,440.64,1598.11,949.59,0.1155,5100.0,debt_consolidation,29,verified,web,10,0,0,pass,pass,330,6,0.0,0,0,0,full,0,0,0,0,0,0,0,0,0,0,0,0,929,0,0,Known Good,0.0,Known good/bad,0,Known good,0.0,3.713572066704308,0.020473001796603156,598.7286902685519
ACC-10000019,CUS-20000019,Noah Davies,36 Church Street,LS6 7GE,1990-12-29,33,2024-10-10,employed,37,service,living_with_family,88,1,1,16300.0,1038.41,187.24,951.89,-100.72,0.1378,5400.0,home_improvement,23,verified,web,14,0,1,pass,pass,99,2,0.2811,0,0,0,full,0,0,0,0,0,0,0,0,0,0,0,0,900,0,0,Known Good,0.0,Known good/bad,0,Known good,1.0,4.48863636973214,0.03700688294375946,581.156075355422
ACC-10000022,CUS-20000022,George Green,160 Highfield Gardens,S6 1NQ,1996-01-24,28,2024-09-23,employed,108,administrative,social_tenant,42,1,1,45000.0,2835.24,297.15,444.39,2093.7,0.0792,4300.0,major_purchase,26,verified,branch,13,3,0,pass,refer,46,0,0.6577,3,1,1,full,0,0,0,0,0,0,0,0,0,0,0,0,605,0,0,Known Good,0.0,Known good/bad,0,Known good,0.0,3.7612001156935624,0.0825872984381768,556.5944573635726
ACC-10000030,CUS-20000030,Noah Foster,36 Oak Road,BS7 2GV,1983-02-02,41,2024-08-13,retired,77,professional,homeowner_mortgage,49,2,1,44500.0,2731.7,352.02,367.18,2012.5,0.0949,5300.0,home_improvement,47,verified,telephone,22,2,0,pass,fail,272,5,0.4854,2,0,0,full,0,0,0,0,0,0,0,0,0,0,0,0,886,0,0,Known Good,0.0,Known good/bad,0,Known good,0.0,3.912023005428146,0.037498185016238125,580.7608079637571
ACC-10000031,CUS-20000031,Amelia Morgan,233 Meadow Close,B23 9VY,1979-07-27,45,2024-11-18,unemployed,32,not_working,private_tenant,112,4,1,12500.0,782.76,424.52,672.86,-314.62,0.4075,23000.0,home_improvement,33,verified,web,8,0,0,pass,pass,215,3,0.3565,0,0,0,full,0,0,0,0,0,0,0,0,0,0,0,0,877,0,0,Known Good,0.0,Known good/bad,0,Known good,1.0,4.727387818712341,0.04579307962327998,574.7448892774207
ACC-10000032,CUS-20000032,Daniel Wilson,67 Oak Road,NR6 4HG,1967-09-12,57,2024-09-11,self_employed,21,skilled,private_tenant,59,5,0,37600.0,2418.27,217.91,1100.55,1099.81,0.0695,8600.0,car,119,verified,web,7,0,0,pass,pass,252,3,0.2407,0,0,0,full,0,0,0,0,0,0,0,0,0,0,0,0,924,0,0,Known Good,0.0,Known good/bad,0,Known good,0.0,4.0943445622221,0.022580471903487734,595.8394839398413
ACC-10000036,CUS-20000036,Adam Lewis,41 Station Lane,EH28 3RE,1997-01-24,27,2024-08-28,employed,116,managerial,homeowner_outright,33,1,1,32600.0,2085.31,154.76,127.06,1803.49,0.057,5100.0,car,12,verified,mobile,17,1,0,pass,pass,87,1,0.5445,1,1,2,full,0,0,0,0,0,0,0,0,0,0,0,0,723,0,0,Known Good,0.0,Known good/bad,0,Known good,0.0,3.5263605246161616,0.060085766916730066,566.4715547155776
ACC-10000037,CUS-20000037,George Patel,111 Park Avenue,CF10 6BR,1996-03-20,28,2024-07-22,employed,36,professional,homeowner_outright,46,1,1,65400.0,4054.51,254.43,56.34,3743.74,0.0467,3900.0,major_purchase,45,verified,branch,17,1,0,pass,pass,48,1,0.4006,1,0,0,full,0,0,0,0,0,0,0,0,0,0,0,0,831,0,0,Known Good,0.0,Known good/bad,0,Known good,0.0,3.8501476017100584,0.029991029735763574,587.4307787252712
ACC-10000046,CUS-20000046,Amelia Shah,118 Oak Road,PL26 5BY,1988-12-26,35,2024-09-01,part_time,48,not_working,living_with_family,26,4,0,15800.0,956.45,20.0,845.62,90.83,0.0152,1800.0,other,71,verified,web,15,0,0,pass,pass,138,5,0.2831,0,0,0,full,0,0,0,0,0,0,0,0,0,0,0,0,970,0,0,Known Good,0.0,Known good/bad,0,Known good,1.0,3.295836866004329,0.041138618886481675,577.9780162067219
ACC-10000047,CUS-20000047,Jack Wilson,152 Church Street,LS9 8JD,1990-09-13,34,2024-12-18,employed,44,professional,living_with_family,94,4,0,27500.0,1731.51,340.38,845.4,545.73,0.1485,14200.0,car,44,partially_verified,web,1,1,1,pass,pass,106,7,0.2421,1,0,0,none,0,0,0,0,0,0,0,0,0,0,0,0,786,0,0,Known Good,0.0,Known good/bad,0,Known good,0.0,4.553876891600541,0.02535998336897609,592.4077512693045
ACC-10000049,CUS-20000049,Jack Wilson,223 Station Lane,B10 7FB,1968-01-18,56,2024-12-01,employed,39,not_working,homeowner_outright,37,2,1,43600.0,2914.91,529.93,99.2,2285.78,0.1459,6900.0,car,50,verified,web,23,0,1,pass,pass,326,0,0.1389,0,0,0,full,0,0,0,0,0,0,0,0,0,0,0,0,943,0,0,Known Good,0.0,Known good/bad,0,Known good,0.0,3.6375861597263857,0.023695821052161403,594.4153992132863
ACC-10000057,CUS-20000057,Freya Taylor,50 Station Lane,SO28 1FV,1983-11-14,40,2024-11-06,part_time,175,skilled,homeowner_outright,8,4,0,43800.0,2743.49,577.06,56.26,2110.17,0.1581,4100.0,car,50,verified,mobile,14,1,0,pass,pass,210,3,0.424,1,1,1,full,0,0,0,0,0,0,0,0,0,0,0,0,679,0,0,Known Good,0.0,Known good/bad,0,Known good,0.0,2.1972245773362196,0.07230381358097557,560.7530514697256
ACC-10000060,CUS-20000060,Priya Green,165 Highfield Gardens,B20 3WQ,1986-04-22,38,2024-10-02,employed,24,service,private_tenant,35,4,1,25000.0,1582.51,85.43,532.07,965.01,0.041,8500.0,major_purchase,48,not_verified,mobile,11,0,1,pass,pass,217,2,0.1897,0,0,0,full,0,0,0,0,0,0,0,0,0,0,0,0,854,0,0,Known Good,0.0,Known good/bad,0,Known good,0.0,3.58351893845611,0.023078748942683202,595.1949831427995
ACC-10000061,CUS-20000061,Adam Wilson,241 Park Avenue,G25 4FH,1986-05-31,38,2024-09-08,employed,81,not_working,homeowner_mortgage,108,4,1,18900.0,1098.86,407.14,845.8,-154.08,0.2585,4600.0,car,19,verified,branch,23,0,0,pass,pass,90,4,0.3987,0,0,0,full,0,0,0,0,0,0,0,0,0,0,0,0,942,0,0,Known Good,0.0,Known good/bad,0,Known good,1.0,4.6913478822291435,0.042836875087904194,576.7596696412277
ACC-10000066,CUS-20000066,Amelia Morgan,100 Park Avenue,RG4 8DA,2000-10-27,23,2024-08-09,employed,21,not_working,homeowner_mortgage,104,3,0,77700.0,4746.87,49.96,985.88,3711.03,0.0077,19200.0,major_purchase,76,not_verified,web,20,2,1,refer,pass,21,7,0.3868,2,0,0,none,0,0,0,0,0,0,0,0,0,0,0,0,883,0,0,Known Good,0.0,Known good/bad,0,Known good,0.0,4.653960350157523,0.028885646495922675,588.5472062181132
ACC-10000067,CUS-20000067,Daniel Foster,85 Church Street,NE16 2GU,1976-03-19,48,2024-11-02,part_time,59,skilled,private_tenant,24,2,1,42500.0,2719.4,524.72,1271.6,923.08,0.1482,16200.0,major_purchase,85,verified,telephone,16,3,0,pass,pass,305,4,0.7986,3,1,2,partial,0,0,0,0,0,0,0,0,0,0,0,0,659,0,0,Known Good,0.0,Known good/bad,0,Known good,0.0,3.2188758248682006,0.10433636802955122,549.1571743751294
ACC-10000070,CUS-20000070,Leo Clarke,50 Station Lane,BS3 5WF,1961-11-20,62,2024-08-09,self_employed,50,manual,homeowner_mortgage,128,4,1,66000.0,4137.0,312.61,575.29,3249.1,0.0568,4100.0,education,21,verified,web,5,0,1,pass,pass,275,5,0.6802,0,0,0,full,0,0,0,0,0,0,0,0,0,0,0,0,827,0,0,Known Good,0.0,Known good/bad,0,Known good,0.0,4.859812404361672,0.010367243231998552,618.6586568639989
ACC-10000072,CUS-20000072,Ava Davies,43 Willow Drive,NE21 7BN,1979-08-16,45,2024-08-23,employed,177,service,private_tenant,36,2,1,23200.0,1469.63,369.19,650.68,449.76,0.191,6300.0,debt_consolidation,73,verified,web,21,1,0,pass,pass,137,3,0.4079,1,0,0,full,0,0,0,0,0,0,0,0,0,0,0,0,858,0,0,Known Good,0.0,Known good/bad,0,Known good,0.0,3.6109179126442243,0.034779477947124916,583.0138843491827
ACC-10000073,CUS-20000073,Noah Foster,241 Willow Drive,PL21 3YR,1982-03-13,42,2024-12-12,employed,43,manual,private_tenant,54,6,1,23200.0,1437.52,74.13,1382.93,-19.54,0.0383,1400.0,debt_consolidation,45,verified,mobile,17,2,1,pass,pass,140,3,0.0302,2,0,1,full,0,0,0,0,0,0,0,0,0,0,0,0,888,0,0,Known Good,0.0,Known good/bad,0,Known good,1.0,4.007333185232471,0.03967358698688082,579.0683584488572
ACC-10000074,CUS-20000074,Freya Jones,191 Station Lane,M2 7XD,1958-09-28,66,2024-10-13,employed,32,not_working,homeowner_mortgage,10,2,1,22700.0,1405.88,169.95,1007.94,227.99,0.0898,6000.0,car,51,not_verified,telephone,12,1,0,pass,pass,434,4,0.3932,1,0,0,full,0,0,0,0,0,0,0,0,0,0,0,0,889,0,0,Known Good,0.0,Known good/bad,0,Known good,0.0,2.3978952727983707,0.03887852762730601,579.6763420135022
ACC-10000075,CUS-20000075,Oliver Hughes,37 Highfield Gardens,OX12 1LX,1990-07-17,34,2024-11-10,employed,55,administrative,private_tenant,47,6,1,22900.0,1469.73,132.48,1205.32,131.93,0.0694,7300.0,debt_consolidation,129,verified,branch,13,0,0,pass,pass,190,5,0.6337,0,0,0,full,0,0,0,0,0,0,0,0,0,0,0,0,848,0,0,Known Good,0.0,Known good/bad,0,Known good,1.0,3.871201010907891,0.05134468068428421,571.2748216709208
ACC-10000080,CUS-20000080,Oliver Patel,82 Meadow Close,CF17 4FB,1991-04-23,33,2024-07-29,employed,100,service,social_tenant,102,2,0,40800.0,2565.94,333.0,726.46,1506.48,0.0979,13300.0,car,29,not_verified,mobile,4,1,0,refer,pass,58,5,0.7505,1,0,0,full,0,0,0,0,0,0,0,0,0,0,0,0,872,0,0,Known Good,0.0,Known good/bad,0,Known good,0.0,4.634728988229636,0.03619806754081211,581.8179183754453
ACC-10000086,CUS-20000086,Daniel Shah,2 Willow Drive,EH17 9RX,1973-04-28,51,2024-09-23,part_time,37,manual,private_tenant,58,2,0,52200.0,3350.52,412.58,767.36,2170.58,0.0948,7800.0,major_purchase,8,verified,mobile,12,1,0,pass,pass,135,2,0.6715,1,0,1,full,0,0,0,0,0,0,0,0,0,0,0,0,834,0,0,Known Good,0.0,Known good/bad,0,Known good,0.0,4.07753744390572,0.03711299403382425,581.0702804209218
ACC-10000088,CUS-20000088,Theo Jones,169 Mill View,G7 5QE,1974-01-10,50,2024-10-14,employed,7,managerial,homeowner_mortgage,60,3,0,37900.0,2418.42,736.62,729.38,952.42,0.2332,26400.0,major_purchase,105,partially_verified,web,19,1,1,pass,pass,361,3,0.7109,1,0,0,full,0,0,0,0,0,0,0,0,0,0,0,0,745,0,0,Known Good,0.0,Known good/bad,0,Known good,0.0,4.110873864173311,0.042029247947780894,577.333197456326
ACC-10000089,CUS-20000089,Noah Taylor,16 Mill View,EH17 6PN,1973-06-20,51,2024-11-19,employed,48,skilled,homeowner_mortgage,25,2,3,21300.0,1346.17,444.06,1076.76,-174.65,0.2502,20800.0,debt_consolidation,63,partially_verified,mobile,19,2,0,pass,pass,299,3,0.4025,2,0,1,partial,0,0,0,0,0,0,0,0,0,0,0,0,787,0,0,Known Good,0.0,Known good/bad,0,Known good,1.0,3.258096538021482,0.06927315822935463,562.0826654100439
ACC-10000095,CUS-20000095,Oliver Bennett,176 Park Avenue,EH15 4TH,1998-03-09,26,2024-11-29,employed,73,managerial,private_tenant,53,3,0,24700.0,1568.61,211.42,520.27,836.92,0.1027,2400.0,car,16,verified,telephone,23,4,0,refer,pass,92,2,0.4099,4,0,0,full,0,0,0,0,0,0,0,0,0,0,0,0,723,0,0,Known Good,0.0,Known good/bad,0,Known good,0.0,3.9889840465642745,0.045547182538334445,574.9076794342119
ACC-10000101,CUS-20000101,Freya Wilson,239 Willow Drive,OX23 9JL,1987-01-21,37,2024-10-09,part_time,60,service,homeowner_mortgage,73,3,1,31100.0,2048.01,1031.77,1220.12,-203.88,0.3981,2300.0,home_improvement,10,verified,web,15,0,1,pass,pass,119,3,0.1067,0,0,0,full,0,0,0,0,0,0,0,0,0,0,0,0,952,0,0,Known Good,0.0,Known good/bad,0,Known good,1.0,4.30406509320417,0.039988473478978374,578.8307884852279
ACC-10000102,CUS-20000102,Isla Lewis,192 Park Avenue,CF9 6YY,1974-06-08,50,2024-12-01,unemployed,0,administrative,private_tenant,26,5,0,14600.0,926.71,73.38,253.29,600.04,0.0603,10500.0,major_purchase,49,verified,mobile,21,0,0,pass,pass,284,2,0.8577,0,0,0,full,0,0,0,0,0,0,0,0,0,0,0,0,815,0,0,Known Good,0.0,Known good/bad,0,Known good,0.0,3.295836866004329,0.041736846872562315,577.5434437711182
ACC-10000106,CUS-20000106,Amelia Hughes,18 Station Lane,OX20 5JL,1989-08-29,35,2024-12-07,employed,137,administrative,private_tenant,46,3,2,16700.0,1045.91,46.12,775.21,224.58,0.0331,6500.0,home_improvement,51,verified,web,9,1,0,pass,pass,180,8,0.1973,1,0,1,full,0,0,0,0,0,0,0,0,0,0,0,0,823,0,0,Known Good,0.0,Known good/bad,0,Known good,0.0,3.8501476017100584,0.025241971267312948,592.5458291202165
ACC-10000108,CUS-20000108,Noah Taylor,56 Meadow Close,NG18 8SV,1996-06-02,28,2024-11-15,unemployed,0,professional,homeowner_mortgage,56,2,1,15200.0,963.98,532.05,786.61,-354.68,0.42,6900.0,debt_consolidation,119,verified,branch,2,0,1,pass,pass,60,4,0.3117,0,1,1,full,0,0,0,0,0,0,0,0,0,0,0,0,805,0,0,Known Good,0.0,Known good/bad,0,Known good,1.0,4.04305126783455,0.08289801928606629,556.4763288531254
ACC-10000114,CUS-20000114,Adam Foster,21 Kingfisher Way,OX14 1AT,1999-05-18,25,2024-11-27,employed,78,not_working,living_with_family,72,4,0,60300.0,3721.69,838.76,998.44,1884.49,0.1669,10800.0,car,80,verified,mobile,7,3,0,pass,pass,76,2,0.0,3,0,0,full,0,0,0,0,0,0,0,0,0,0,0,0,967,0,0,Known Good,0.0,Known good/bad,0,Known good,0.0,4.290459441148391,0.028797132753590738,588.638388240832
ACC-10000120,CUS-20000120,George Shah,213 Mill View,LS17 4AX,1980-08-26,43,2024-07-31,self_employed,24,professional,living_with_family,91,2,0,77800.0,4828.67,145.76,595.37,4087.54,0.0225,10700.0,debt_consolidation,37,verified,mobile,20,1,0,pass,refer,248,2,0.061,1,0,0,full,0,0,0,0,0,0,0,0,0,0,0,0,965,0,0,Known Good,0.0,Known good/bad,0,Known good,0.0,4.5217885770490405,0.020115428759013263,599.2476245610827
ACC-10000121,CUS-20000121,Freya Bennett,188 Willow Drive,LS19 8SJ,1996-08-05,28,2024-08-24,employed,120,skilled,private_tenant,2,6,1,65400.0,3971.12,514.28,857.14,2599.7,0.0944,5400.0,home_improvement,86,verified,web,12,3,0,pass,pass,105,4,0.3474,3,0,1,full,0,0,0,0,0,0,0,0,0,0,0,0,836,0,0,Known Good,0.0,Known good/bad,0,Known good,0.0,1.0986122886681098,0.05993929660173608,566.5464734341261
ACC-10000124,CUS-20000124,Priya Shah,80 Park Avenue,SO12 1HA,1981-01-21,43,2024-10-02,employed,150,skilled,homeowner_mortgage,76,1,0,32000.0,1989.83,225.59,820.94,943.3,0.0846,10500.0,debt_consolidation,103,verified,web,19,1,0,refer,refer,263,3,0.7523,1,0,0,full,0,0,0,0,0,0,0,0,0,0,0,0,711,0,0,Known Good,0.0,Known good/bad,0,Known good,0.0,4.343805421853684,0.03762923666278928,580.6562139180745
ACC-10000125,CUS-20000125,Freya Jones,242 Highfield Gardens,M22 8ST,1986-06-10,38,2024-09-28,employed,84,skilled,private_tenant,69,3,2,31700.0,2064.16,102.15,1463.61,498.4,0.0387,2600.0,debt_consolidation,161,verified,web,18,2,1,pass,pass,135,6,0.461,2,0,0,full,0,0,0,0,0,0,0,0,0,0,0,0,795,0,0,Known Good,0.0,Known good/bad,0,Known good,0.0,4.248495242049359,0.033463123839890495,584.1664910369509
ACC-10000136,CUS-20000136,Jack Taylor,5 Park Avenue,BS14 7AG,1985-03-26,39,2024-09-28,employed,56,manual,homeowner_mortgage,150,1,1,21600.0,1377.94,514.03,875.28,-11.37,0.2856,6300.0,major_purchase,201,partially_verified,web,2,1,0,pass,pass,178,4,0.0,1,0,0,full,0,0,0,0,0,0,0,0,0,0,0,0,867,0,0,Known Good,0.0,Known good/bad,0,Known good,1.0,5.017279836814924,0.03446198782142389,583.2879808372977
ACC-10000137,CUS-20000137,Jack Lewis,152 Willow Drive,PL18 2FS,1990-06-18,34,2024-11-23,self_employed,96,professional,homeowner_mortgage,40,2,1,37000.0,2265.5,132.1,1065.8,1067.6,0.0428,9900.0,debt_consolidation,137,verified,web,12,0,0,pass,pass,138,3,0.427,0,0,1,partial,0,0,0,0,0,0,0,0,0,0,0,0,806,0,0,Known Good,0.0,Known good/bad,0,Known good,0.0,3.713572066704308,0.027364479575743044,590.1533353051136
ACC-10000142,CUS-20000142,Jack Wilson,103 Highfield Gardens,EH1 1LN,1962-06-12,62,2024-11-01,employed,37,not_working,private_tenant,115,3,0,44500.0,2734.2,129.94,923.26,1681.0,0.035,2100.0,debt_consolidation,47,verified,mobile,22,1,1,pass,pass,183,3,0.3028,1,0,0,full,0,0,0,0,0,0,0,0,0,0,0,0,838,0,0,Known Good,0.0,Known good/bad,0,Known good,0.0,4.7535901911063645,0.023739420886915656,594.361068810822
ACC-10000143,CUS-20000143,Freya Foster,133 Oak Road,B19 6XN,1992-01-10,32,2024-08-12,employed,37,service,social_tenant,115,2,3,19100.0,1204.9,190.72,1046.84,-32.66,0.1198,3200.0,car,42,partially_verified,web,14,0,1,pass,pass,103,0,0.3168,0,0,0,full,0,0,0,0,0,0,0,0,0,0,0,0,834,0,0,Known Good,0.0,Known good/bad,0,Known good,1.0,4.7535901911063645,0.03601127563414141,581.9727894277188
ACC-10000147,CUS-20000147,Jack Patel,37 Kingfisher Way,NE20 4GF,1985-11-19,39,2024-11-26,retired,14,managerial,homeowner_outright,67,1,1,41600.0,2494.82,335.81,166.0,1993.01,0.0969,4900.0,major_purchase,76,verified,branch,2,1,0,pass,pass,191,1,0.454,1,1,1,partial,0,0,0,0,0,0,0,0,0,0,0,0,753,0,0,Known Good,0.0,Known good/bad,0,Known good,0.0,4.219507705176107,0.05162497279592869,571.1092092561988
ACC-10000149,CUS-20000149,Leo Morgan,248 Oak Road,NR11 5RB,1991-06-21,33,2024-11-08,self_employed,23,manual,private_tenant,45,2,0,61600.0,3811.91,149.74,417.71,3244.46,0.0292,10800.0,debt_consolidation,68,verified,mobile,13,3,0,pass,pass,116,2,0.4521,3,0,0,partial,0,0,0,1,1,0,0,1,1,1,0,0,817,0,5,Known Bad,1.0,Known good/bad,1,Known bad,0.0,3.828641396489095,0.0402554733345875,578.6307476017371
ACC-10000157,CUS-20000157,Theo Jones,212 Victoria Road,B9 4WA,1993-09-07,31,2024-10-24,employed,41,managerial,private_tenant,34,3,1,33700.0,2095.98,243.58,1030.11,822.29,0.0867,1400.0,home_improvement,34,verified,branch,5,0,0,pass,refer,94,1,0.3649,0,1,1,partial,0,0,0,0,0,0,0,0,0,0,0,0,868,0,0,Known Good,0.0,Known good/bad,0,Known good,0.0,3.5553480614894135,0.04668461565805365,574.1615655541742
ACC-10000174,CUS-20000174,Ava Davies,240 Willow Drive,RG12 4AX,1994-11-26,30,2024-11-27,employed,68,professional,private_tenant,46,4,0,31600.0,1992.3,470.28,731.35,790.67,0.1786,3800.0,car,39,verified,web,17,1,0,pass,pass,66,2,0.612,1,0,0,full,0,0,0,0,0,0,0,0,0,0,0,0,803,0,0,Known Good,0.0,Known good/bad,0,Known good,0.0,3.8501476017100584,0.03898945315289855,579.5908049814433
ACC-10000178,CUS-20000178,Isla Evans,36 Highfield Gardens,EH11 9LQ,2006-02-25,18,2024-12-22,employed,35,professional,homeowner_mortgage,137,3,1,39500.0,2493.88,262.61,1006.18,1225.09,0.0798,6600.0,home_improvement,16,not_verified,web,11,1,0,pass,pass,0,6,0.2468,1,1,1,full,0,0,0,0,0,0,0,0,0,0,0,0,749,0,0,Known Good,0.0,Known good/bad,0,Known good,0.0,4.927253685157205,0.03871007967487998,579.8066846886319
ACC-10000180,CUS-20000180,Amelia Evans,158 Victoria Road,L21 9XH,1964-10-10,59,2024-07-26,employed,104,service,homeowner_outright,30,2,0,26800.0,1621.27,105.09,131.24,1384.94,0.0471,6200.0,debt_consolidation,87,verified,web,19,0,0,pass,pass,417,2,0.269,0,0,0,full,0,0,0,0,0,0,0,0,0,0,0,0,891,0,0,Known Good,0.0,Known good/bad,0,Known good,0.0,3.4339872044851463,0.02531419054547081,592.4612558480484
ACC-10000184,CUS-20000184,George Foster,4 Victoria Road,SO7 3AE,1965-01-26,59,2024-07-16,employed,42,not_working,private_tenant,49,1,0,64900.0,4099.5,474.59,758.5,2866.41,0.0878,8200.0,debt_consolidation,13,verified,mobile,12,1,1,pass,pass,180,1,0.9137,1,0,0,full,0,0,0,0,0,0,0,0,0,0,0,0,732,0,0,Known Good,0.0,Known good/bad,0,Known good,0.0,3.912023005428146,0.04589960999143924,574.6746216784119
ACC-10000186,CUS-20000186,Oliver Wilson,164 Station Lane,CF21 4LD,1965-12-09,59,2024-12-19,employed,116,not_working,homeowner_outright,14,3,0,37000.0,2365.82,340.28,134.02,1891.52,0.1104,9600.0,debt_consolidation,173,not_verified,web,7,1,0,pass,refer,367,1,0.2063,1,0,0,full,0,0,0,0,0,0,0,0,0,0,0,0,905,0,0,Known Good,0.0,Known good/bad,0,Known good,0.0,2.70805020110221,0.032360029600743155,585.1665868351943
ACC-10000188,CUS-20000188,Daniel Jones,4 Highfield Gardens,PL18 3TY,1987-01-07,37,2024-07-28,employed,22,service,living_with_family,69,1,2,18400.0,1121.66,147.64,667.72,306.3,0.0963,9400.0,other,35,verified,branch,14,0,0,pass,pass,88,1,0.4499,0,0,0,full,0,0,0,0,0,0,0,0,0,0,0,0,840,0,0,Known Good,0.0,Known good/bad,0,Known good,0.0,4.248495242049359,0.026553322302360002,591.0456296069227
ACC-10000190,CUS-20000190,Isla Hughes,182 Station Lane,S23 5TY,1983-01-11,41,2024-09-12,employed,62,professional,private_tenant,44,2,1,61400.0,3993.02,179.0,1502.7,2311.32,0.035,8900.0,education,35,verified,web,11,4,1,pass,fail,266,7,0.5083,4,0,0,full,0,0,0,0,0,0,0,0,0,0,0,0,799,0,0,Known Good,0.0,Known good/bad,0,Known good,0.0,3.8066624897703196,0.018055951348002985,602.424765813708
ACC-10000194,CUS-20000194,Adam Green,153 Station Lane,BS25 9LU,1992-02-05,32,2024-09-17,self_employed,107,skilled,homeowner_mortgage,58,4,2,25500.0,1630.97,798.95,512.9,319.12,0.376,6800.0,other,36,not_verified,telephone,17,2,0,pass,pass,103,2,0.3233,2,0,1,full,0,0,0,0,0,0,0,0,0,0,0,0,804,0,0,Known Good,0.0,Known good/bad,0,Known good,0.0,4.07753744390572,0.039254248436107524,579.3875558666573
ACC-10000197,CUS-20000197,George Jones,43 Park Avenue,L17 6FB,1978-10-23,45,2024-08-16,part_time,18,manual,homeowner_mortgage,35,2,0,25200.0,1516.78,30.12,941.76,544.9,0.0143,4500.0,debt_consolidation,124,verified,web,13,1,1,pass,pass,166,2,0.261,1,0,0,partial,0,0,0,0,0,0,0,0,0,0,0,0,886,0,0,Known Good,0.0,Known good/bad,0,Known good,0.0,3.58351893845611,0.02736723856631802,590.1503444446221
ACC-10000198,CUS-20000198,Freya Bennett,237 Station Lane,G7 8LT,1979-11-15,44,2024-10-24,self_employed,58,not_working,homeowner_mortgage,36,1,1,59700.0,3687.57,195.1,1056.75,2435.72,0.0392,13100.0,home_improvement,111,verified,web,23,0,0,pass,pass,189,7,0.6176,0,0,0,full,0,0,0,0,0,0,0,0,0,0,0,0,841,0,0,Known Good,0.0,Known good/bad,0,Known good,0.0,3.6109179126442243,0.03231018380374964,585.2125525352326
ACC-10000208,CUS-20000208,Freya Shah,111 Highfield Gardens,NE14 6QW,1982-11-09,42,2024-11-13,self_employed,76,not_working,social_tenant,23,4,0,30800.0,1867.42,331.25,345.31,1190.86,0.1291,8200.0,major_purchase,22,verified,mobile,20,0,1,refer,pass,222,1,0.5073,0,0,0,full,0,0,0,0,0,0,0,0,0,0,0,0,845,0,0,Known Good,0.0,Known good/bad,0,Known good,0.0,3.1780538303479458,0.033857757983035565,583.816421403378
ACC-10000209,CUS-20000209,Ava Khan,184 Meadow Close,SO7 2XX,1989-01-29,35,2024-09-20,part_time,67,administrative,private_tenant,35,3,1,34600.0,2169.18,336.22,701.22,1131.74,0.1166,8500.0,car,20,not_verified,web,5,0,1,refer,pass,146,3,0.5463,0,0,0,full,0,0,0,0,0,0,0,0,0,0,0,0,877,0,0,Known Good,0.0,Known good/bad,0,Known good,0.0,3.58351893845611,0.03241598935755383,585.1150645688372
ACC-10000214,CUS-20000214,Leo Wilson,36 Meadow Close,PL24 6QN,1971-03-09,53,2024-09-10,employed,34,administrative,homeowner_mortgage,111,4,2,24400.0,1558.27,234.38,260.29,1063.6,0.1153,13700.0,major_purchase,32,verified,web,13,0,1,refer,pass,254,5,0.4939,0,0,0,none,0,0,0,0,0,0,0,0,0,0,0,0,837,0,0,Known Good,0.0,Known good/bad,0,Known good,0.0,4.718498871295094,0.025831144507922732,591.8626439760995
ACC-10000217,CUS-20000217,Maya Hughes,34 Kingfisher Way,RG10 2XF,1970-04-03,54,2024-11-16,employed,29,skilled,homeowner_outright,14,4,1,13700.0,847.69,239.95,116.92,490.82,0.2102,22000.0,car,45,verified,web,14,2,0,pass,pass,303,4,0.3505,2,0,0,partial,0,0,0,0,0,0,0,0,0,0,0,0,852,0,0,Known Good,0.0,Known good/bad,0,Known good,0.0,2.70805020110221,0.04439188647656431,575.6838997871863
ACC-10000218,CUS-20000218,Leo Evans,196 Willow Drive,L27 1ET,2003-12-19,20,2024-09-02,employed,18,professional,social_tenant,44,3,0,22000.0,1392.89,576.74,891.75,-75.6,0.3146,4100.0,major_purchase,156,partially_verified,web,18,0,1,pass,pass,11,2,0.2805,0,0,0,full,0,0,0,0,0,0,0,0,0,0,0,0,875,0,0,Known Good,0.0,Known good/bad,0,Known good,1.0,3.8066624897703196,0.04678811151243284,574.0945370213807
ACC-10000219,CUS-20000219,Aisha Lewis,214 Meadow Close,BS8 3GE,1963-10-09,60,2024-08-21,employed,29,manual,private_tenant,114,2,0,37700.0,2357.4,387.69,470.69,1499.02,0.1234,4600.0,education,99,partially_verified,mobile,20,1,1,refer,pass,253,2,0.397,1,1,1,full,0,0,0,0,0,0,0,0,0,0,0,0,748,0,0,Known Good,0.0,Known good/bad,0,Known good,0.0,4.74493212836325,0.01728187063203669,603.7118037905886
ACC-10000223,CUS-20000223,Theo Lewis,171 Kingfisher Way,S12 3UB,1985-11-01,38,2024-08-03,unemployed,75,not_working,homeowner_mortgage,32,1,1,8500.0,545.22,44.42,969.14,-468.34,0.0627,16800.0,car,84,verified,mobile,16,1,0,pass,pass,176,1,0.361,1,0,0,full,0,0,0,0,0,0,0,0,0,0,0,0,924,0,0,Known Good,0.0,Known good/bad,0,Known good,1.0,3.4965075614664802,0.04987662678878976,572.1564573357994
ACC-10000224,CUS-20000224,Leo Green,214 Victoria Road,S19 4AT,1995-01-30,29,2024-10-04,unemployed,0,administrative,social_tenant,87,3,0,15500.0,982.94,1106.78,387.09,-510.93,0.8569,5100.0,debt_consolidation,42,verified,web,2,1,1,pass,pass,131,1,0.6234,1,0,0,full,0,0,0,0,0,0,0,0,0,0,0,0,831,0,0,Known Good,0.0,Known good/bad,0,Known good,1.0,4.477336814478207,0.0906284596548632,553.659551896101
ACC-10000228,CUS-20000228,Ava Wilson,225 Highfield Gardens,M17 1EE,1982-11-07,41,2024-07-25,retired,73,service,homeowner_mortgage,52,2,0,23500.0,1499.94,192.66,692.86,614.42,0.0984,3200.0,debt_consolidation,32,partially_verified,telephone,21,1,0,pass,fail,84,4,0.2475,1,0,0,full,0,0,0,0,0,0,0,0,0,0,0,0,850,0,0,Known Good,0.0,Known good/bad,0,Known good,0.0,3.970291913552122,0.027013368443249936,590.5363667936806
ACC-10000231,CUS-20000231,Ava Clarke,12 Oak Road,NG17 2BN,1985-10-15,39,2024-11-26,employed,87,service,private_tenant,102,1,1,24900.0,1596.42,337.96,889.81,368.65,0.1629,5900.0,debt_consolidation,17,verified,telephone,8,0,0,pass,pass,250,4,0.5057,0,0,0,full,0,0,0,0,0,0,0,0,0,0,0,0,821,0,0,Known Good,0.0,Known good/bad,0,Known good,0.0,4.634728988229636,0.02735891345727841,590.1593701010776
ACC-10000233,CUS-20000233,Noah Jones,235 Meadow Close,L26 5PX,1976-01-08,48,2024-10-19,part_time,15,manual,homeowner_mortgage,124,3,1,17000.0,1085.5,361.55,695.78,28.17,0.2552,14500.0,other,85,verified,mobile,18,4,0,pass,pass,203,3,0.4955,4,0,2,full,0,0,0,0,0,0,0,0,0,0,0,0,693,0,0,Known Good,0.0,Known good/bad,0,Known good,1.0,4.8283137373023015,0.07527994800303482,559.4964589298083
ACC-10000234,CUS-20000234,Isla Evans,41 Oak Road,NR5 9BR,1967-04-02,57,2024-10-07,employed,152,administrative,private_tenant,45,1,1,46700.0,3094.74,487.63,605.46,2001.65,0.1253,11500.0,major_purchase,90,partially_verified,branch,2,0,0,pass,pass,402,3,0.2996,0,0,0,full,0,0,0,0,0,0,0,0,0,0,0,0,910,0,0,Known Good,0.0,Known good/bad,0,Known good,0.0,3.828641396489095,0.025741836649947468,591.9652205624925
ACC-10000236,CUS-20000236,Aisha Khan,179 Highfield Gardens,B22 2XL,1963-01-04,61,2024-07-18,employed,83,not_working,homeowner_mortgage,125,2,1,13300.0,809.78,334.66,351.47,123.65,0.3019,4500.0,debt_consolidation,47,verified,branch,22,0,0,pass,pass,492,1,0.0797,0,1,1,full,0,0,0,0,0,0,0,0,0,0,0,0,820,0,0,Known Good,0.0,Known good/bad,0,Known good,1.0,4.836281906951478,0.056536585018120124,568.3370747498813
ACC-10000241,CUS-20000241,Adam Green,206 Park Avenue,LS9 7UW,1952-12-22,71,2024-08-25,employed,12,service,homeowner_mortgage,94,1,0,45800.0,2826.41,530.69,788.02,1507.7,0.139,5800.0,debt_consolidation,56,verified,web,12,2,0,pass,pass,375,4,0.0727,2,0,0,full,0,0,0,0,0,0,0,0,0,0,0,0,857,0,0,Known Good,0.0,Known good/bad,0,Known good,0.0,4.553876891600541,0.025105595591428536,592.7061783189097
ACC-10000251,CUS-20000251,Oliver Morgan,44 Meadow Close,PL20 7YD,2005-11-27,18,2024-10-20,part_time,73,not_working,social_tenant,50,1,1,28500.0,1784.54,452.69,1291.44,40.41,0.1906,6000.0,other,209,partially_verified,web,14,0,0,refer,pass,0,2,0.2111,0,0,0,full,0,0,0,0,0,0,0,0,0,0,0,0,971,0,0,Known Good,0.0,Known good/bad,0,Known good,1.0,3.9318256327243257,0.03976402692117571,578.99994045517
ACC-10000258,CUS-20000258,Leo Wilson,195 Mill View,L16 9RE,1978-05-08,46,2024-10-16,retired,89,skilled,homeowner_mortgage,78,3,1,35000.0,2219.38,64.51,813.0,1341.87,0.0221,6200.0,car,56,verified,branch,18,0,0,pass,pass,137,4,0.591,0,0,0,full,0,0,0,0,0,0,0,0,0,0,0,0,831,0,0,Known Good,0.0,Known good/bad,0,Known good,0.0,4.3694478524670215,0.02762723276507299,589.8698065982285
ACC-10000269,CUS-20000269,Adam Morgan,139 Park Avenue,NE1 1NP,1986-10-03,37,2024-08-25,employed,204,professional,living_with_family,16,1,2,31500.0,1977.68,572.01,1305.01,100.66,0.2179,4600.0,debt_consolidation,27,verified,telephone,19,2,0,pass,pass,169,0,0.4364,2,0,0,none,0,0,0,0,0,0,0,0,0,0,0,0,715,0,0,Known Good,0.0,Known good/bad,0,Known good,1.0,2.833213344056216,0.07426517058133777,559.9197028719186
ACC-10000270,CUS-20000270,Priya Wilson,242 Willow Drive,S4 4RD,1990-11-05,34,2024-11-27,retired,44,skilled,private_tenant,123,2,4,15000.0,938.87,556.81,817.3,-435.24,0.4454,9100.0,home_improvement,79,verified,web,21,1,0,pass,pass,125,7,0.3142,1,1,1,full,0,0,0,0,0,0,0,0,0,0,0,0,833,0,0,Known Good,0.0,Known good/bad,0,Known good,1.0,4.820281565605037,0.0849694133529606,555.6989653981873
ACC-10000275,CUS-20000275,Priya Patel,43 Meadow Close,L1 2RE,2004-09-05,20,2024-12-04,employed,14,skilled,private_tenant,185,5,0,14400.0,900.54,140.66,1050.65,-290.77,0.1172,4900.0,debt_consolidation,102,verified,web,9,2,0,pass,pass,10,3,0.1406,2,0,0,partial,0,0,0,0,0,0,0,0,0,0,0,0,840,0,0,Known Good,0.0,Known good/bad,0,Known good,1.0,5.225746673713202,0.03765137391375675,580.6385804525767
ACC-10000277,CUS-20000277,Aisha Clarke,194 Highfield Gardens,PL10 6WW,1985-06-26,39,2024-07-30,self_employed,67,managerial,living_with_family,35,3,1,45800.0,2773.63,88.96,549.84,2134.83,0.0233,6000.0,debt_consolidation,65,partially_verified,mobile,10,2,0,pass,pass,154,1,0.6236,2,0,0,none,0,0,0,0,0,0,0,0,0,0,0,0,802,0,0,Known Good,0.0,Known good/bad,0,Known good,0.0,3.58351893845611,0.04189513800033293,577.4294528459975
ACC-10000281,CUS-20000281,George Bennett,156 Oak Road,B23 3YG,1994-10-23,30,2024-11-14,employed,110,skilled,private_tenant,14,4,1,58000.0,3636.96,636.19,785.3,2215.47,0.1316,6900.0,home_improvement,54,verified,mobile,1,1,0,pass,pass,107,4,0.3659,1,0,0,full,0,0,0,0,0,0,0,0,0,0,0,0,787,0,0,Known Good,0.0,Known good/bad,0,Known good,0.0,2.70805020110221,0.037292429874484265,580.9257347527534
ACC-10000285,CUS-20000285,Noah Foster,57 Victoria Road,PL15 2GS,1990-03-10,34,2024-07-07,employed,43,professional,living_with_family,65,3,0,29900.0,1927.89,177.14,346.92,1403.83,0.0711,8300.0,home_improvement,110,partially_verified,web,17,0,0,pass,pass,71,4,0.1947,0,0,0,full,0,0,0,0,0,0,0,0,0,0,0,0,861,0,0,Known Good,0.0,Known good/bad,0,Known good,0.0,4.189654742026425,0.021448691826700252,597.3565948643297
ACC-10000288,CUS-20000288,Freya Patel,169 Willow Drive,B20 3PP,1984-02-10,40,2024-11-12,retired,55,skilled,homeowner_mortgage,144,3,0,13700.0,827.4,215.9,180.0,431.5,0.1891,12700.0,debt_consolidation,162,verified,web,10,2,0,pass,pass,210,4,0.3819,2,0,0,full,0,0,0,0,0,0,0,0,0,0,0,0,829,0,0,Known Good,0.0,Known good/bad,0,Known good,0.0,4.976733742420574,0.031113442478287713,586.3372326917115
ACC-10000289,CUS-20000289,Isla Green,70 Oak Road,LS12 5JB,1967-01-03,57,2024-10-18,retired,93,skilled,private_tenant,64,1,1,16800.0,1017.46,316.23,701.24,-0.01,0.2259,2300.0,debt_consolidation,82,partially_verified,web,22,1,0,pass,pass,206,1,0.4593,1,0,0,full,0,0,0,0,0,0,0,0,0,0,0,0,777,0,0,Known Good,0.0,Known good/bad,0,Known good,1.0,4.174387269895637,0.054245218275825305,569.6008420255414
ACC-10000291,CUS-20000291,Aisha Morgan,133 Kingfisher Way,M26 5LF,2000-11-10,23,2024-07-05,retired,72,administrative,homeowner_mortgage,44,4,0,30500.0,2033.25,1052.91,662.95,317.39,0.4143,4700.0,car,155,verified,mobile,4,3,1,pass,refer,44,2,0.8077,3,0,0,full,0,0,0,0,0,0,0,0,0,0,0,0,789,0,0,Known Good,0.0,Known good/bad,0,Known good,0.0,3.8066624897703196,0.06981216779802193,561.842309253117
ACC-10000293,CUS-20000293,Daniel Davies,135 Park Avenue,RG26 4DF,1981-11-05,43,2024-11-07,employed,39,skilled,homeowner_mortgage,9,3,1,43200.0,2829.16,247.04,689.74,1892.38,0.0686,21200.0,education,134,verified,mobile,22,1,0,refer,pass,212,4,0.0419,1,0,0,full,0,0,0,0,0,0,0,0,0,0,0,0,827,0,0,Known Good,0.0,Known good/bad,0,Known good,0.0,2.302585092994046,0.010866062200724749,617.2881716574437
ACC-10000304,CUS-20000304,Jack Davies,47 Station Lane,NR28 4VX,1970-04-26,54,2024-08-10,employed,38,managerial,private_tenant,122,2,2,31700.0,1858.13,406.77,568.63,882.73,0.154,19900.0,car,1,verified,mobile,21,2,0,pass,pass,381,8,0.6674,2,0,0,full,0,0,0,0,0,0,0,0,0,0,0,0,730,0,0,Known Good,0.0,Known good/bad,0,Known good,0.0,4.812184355372417,0.0390809632642355,579.5204151649132
ACC-10000309,CUS-20000309,Ava Khan,135 Willow Drive,PL18 7DJ,1991-05-12,33,2024-07-29,retired,143,manual,homeowner_mortgage,96,2,3,43700.0,2736.52,410.08,995.74,1330.7,0.1126,2700.0,car,78,verified,web,5,2,1,pass,pass,150,2,0.3175,2,0,2,full,0,0,0,0,0,0,0,0,0,0,0,0,765,0,0,Known Good,0.0,Known good/bad,0,Known good,0.0,4.574710978503383,0.029857683779750482,587.5633210723815
ACC-10000312,CUS-20000312,Amelia Clarke,153 Willow Drive,S27 9YT,1986-06-21,38,2024-11-17,unemployed,83,manual,living_with_family,70,1,0,9000.0,584.83,177.59,902.05,-494.81,0.2368,8500.0,debt_consolidation,81,partially_verified,mobile,19,2,1,pass,pass,128,5,0.3341,2,0,0,full,0,0,0,0,0,0,0,0,0,0,0,0,876,0,0,Known Good,0.0,Known good/bad,0,Known good,1.0,4.2626798770413155,0.055614441699671426,568.8397664195529
ACC-10000327,CUS-20000327,Jack Roberts,147 Meadow Close,NG8 9WS,1989-10-13,35,2024-11-21,employed,98,manual,private_tenant,92,1,0,37200.0,2504.1,745.14,539.52,1219.44,0.2404,5100.0,debt_consolidation,67,not_verified,web,16,0,0,pass,pass,99,8,0.4606,0,0,0,full,0,0,0,0,0,0,0,0,0,0,0,0,833,0,0,Known Good,0.0,Known good/bad,0,Known good,0.0,4.532599493153256,0.02837455617903232,589.0774869717694
ACC-10000329,CUS-20000329,Sofia Lewis,66 Park Avenue,RG28 7JQ,1989-01-22,35,2024-09-04,employed,12,professional,living_with_family,26,5,1,58400.0,3776.21,54.08,1227.03,2495.1,0.0111,8400.0,major_purchase,68,partially_verified,mobile,18,0,0,pass,pass,171,3,0.1592,0,0,0,full,0,0,0,0,0,0,0,0,0,0,0,0,999,0,0,Known Good,0.0,Known good/bad,0,Known good,0.0,3.295836866004329,0.023097710832622458,595.170725969005
ACC-10000330,CUS-20000330,Priya Lewis,64 Park Avenue,G17 9AD,1971-11-01,52,2024-09-28,employed,95,managerial,private_tenant,130,2,0,42500.0,2753.05,1422.63,688.55,641.87,0.4017,4200.0,debt_consolidation,134,partially_verified,branch,14,0,0,pass,pass,284,4,0.3474,0,0,0,full,0,0,0,0,0,0,0,0,0,0,0,0,929,0,0,Known Good,0.0,Known good/bad,0,Known good,0.0,4.875197323201151,0.0275403863723906,589.9632288305343
ACC-10000331,CUS-20000331,Aisha Roberts,60 Church Street,EH22 7LA,1987-05-22,37,2024-11-05,self_employed,37,professional,homeowner_mortgage,12,2,0,29600.0,1864.28,48.8,697.19,1118.29,0.0198,4900.0,home_improvement,48,verified,branch,22,0,0,pass,pass,178,5,0.2684,0,0,0,full,0,0,0,0,0,0,0,0,0,0,0,0,906,0,0,Known Good,0.0,Known good/bad,0,Known good,0.0,2.5649493574615367,0.02857659417502421,588.8667633955682
ACC-10000332,CUS-20000332,Noah Roberts,117 Highfield Gardens,M3 4HG,1973-09-14,51,2024-10-11,employed,72,managerial,social_tenant,162,2,0,59400.0,3619.12,480.02,822.23,2316.87,0.097,7000.0,debt_consolidation,24,partially_verified,mobile,21,0,0,pass,pass,183,8,0.1166,0,0,0,full,0,0,0,0,0,0,0,0,0,0,0,0,849,0,0,Known Good,0.0,Known good/bad,0,Known good,0.0,5.093750200806762,0.01769525317972216,603.0176034427051
ACC-10000335,CUS-20000335,Aisha Patel,9 Meadow Close,OX7 2QL,1969-02-10,55,2024-08-05,employed,57,service,homeowner_mortgage,235,2,1,73800.0,4636.85,516.75,1066.19,3053.91,0.084,7200.0,education,74,not_verified,mobile,9,0,0,pass,pass,170,1,0.6616,0,0,1,full,0,0,0,0,0,0,0,0,0,0,0,0,840,0,0,Known Good,0.0,Known good/bad,0,Known good,0.0,5.4638318050256105,0.009426083830316347,621.4321224087691
ACC-10000345,CUS-20000345,Maya Davies,46 Station Lane,NR8 6QH,2000-06-01,24,2024-12-03,employed,131,manual,private_tenant,8,1,0,17200.0,1102.62,299.25,781.39,21.98,0.2088,4900.0,debt_consolidation,104,partially_verified,web,22,2,1,pass,pass,62,0,0.2724,2,0,0,full,0,0,0,0,0,0,0,0,0,0,0,0,872,0,0,Known Good,0.0,Known good/bad,0,Known good,1.0,2.1972245773362196,0.07187692333095769,560.9371876037039
ACC-10000354,CUS-20000354,Isla Shah,133 Station Lane,NR28 7HU,1978-03-02,46,2024-11-26,part_time,11,manual,homeowner_mortgage,23,2,0,67200.0,4274.26,162.17,488.27,3623.82,0.029,14700.0,major_purchase,46,verified,mobile,4,1,0,pass,pass,104,6,0.4029,1,0,0,partial,0,0,0,0,0,0,0,0,0,0,0,0,830,0,0,Known Good,0.0,Known good/bad,0,Known good,0.0,3.1780538303479458,0.03307774015690872,584.5122226641018
ACC-10000357,CUS-20000357,Ava Taylor,39 Kingfisher Way,M8 6YX,1982-11-30,41,2024-10-13,employed,74,managerial,private_tenant,40,2,1,41400.0,2634.5,115.89,420.49,2098.12,0.0336,4200.0,other,46,verified,web,13,0,1,pass,pass,103,4,0.4601,0,0,0,full,0,0,0,0,0,0,0,0,0,0,0,0,824,0,0,Known Good,0.0,Known good/bad,0,Known good,0.0,3.713572066704308,0.027912525411963183,589.5649077624843
ACC-10000359,CUS-20000359,Aisha Morgan,40 Meadow Close,SO6 9JW,1993-11-09,30,2024-10-23,employed,16,professional,private_tenant,23,2,0,44000.0,2952.55,386.26,318.28,2248.01,0.1053,3800.0,car,137,verified,branch,13,0,0,pass,pass,83,0,0.5968,0,0,0,none,0,0,0,0,0,0,0,0,0,0,0,0,786,0,0,Known Good,0.0,Known good/bad,0,Known good,0.0,3.1780538303479458,0.03573614567162673,582.2023166759591
ACC-10000361,CUS-20000361,Amelia Roberts,22 Victoria Road,BS28 8LS,1963-12-21,60,2024-07-29,retired,30,administrative,living_with_family,55,1,1,19600.0,1215.1,704.49,679.46,-168.85,0.4313,4900.0,debt_consolidation,168,verified,mobile,2,1,0,pass,pass,214,3,0.4045,1,0,0,full,0,0,0,0,0,0,0,0,0,0,0,0,860,0,0,Known Good,0.0,Known good/bad,0,Known good,1.0,4.02535169073515,0.061444632743211595,565.7845353010483
ACC-10000363,CUS-20000363,Sofia Hughes,149 Victoria Road,NE13 6BD,1967-12-14,56,2024-10-23,retired,28,administrative,homeowner_mortgage,13,2,0,36400.0,2227.55,142.27,502.46,1582.82,0.0469,6300.0,debt_consolidation,64,verified,branch,9,0,0,pass,pass,269,3,0.4133,0,0,0,full,0,0,0,0,0,0,0,0,0,0,0,0,859,0,0,Known Good,0.0,Known good/bad,0,Known good,0.0,2.6390573296152584,0.03231731143030703,585.205975539292
ACC-10000368,CUS-20000368,Jack Evans,243 Oak Road,PL9 3XJ,1992-09-14,32,2024-11-15,employed,46,administrative,homeowner_mortgage,86,3,0,18400.0,1201.13,98.69,946.37,156.07,0.0644,27200.0,debt_consolidation,60,verified,mobile,15,1,0,pass,refer,134,1,0.4451,1,0,0,full,0,0,0,0,0,0,0,0,0,0,0,0,843,0,0,Known Good,0.0,Known good/bad,0,Known good,0.0,4.465908118654584,0.028480263238337543,588.967054582333
ACC-10000370,CUS-20000370,Jack Hughes,96 Park Avenue,EH12 6DP,1979-04-26,45,2024-12-27,employed,37,administrative,private_tenant,36,5,0,18500.0,1218.03,37.48,1056.93,123.62,0.0243,5000.0,car,97,verified,web,4,2,0,pass,pass,285,2,0.7251,2,0,1,full,0,0,0,0,0,0,0,0,0,0,0,0,670,0,0,Known Good,0.0,Known good/bad,0,Known good,1.0,3.6109179126442243,0.07180844226172045,560.9668202858975
ACC-10000379,CUS-20000379,Jack Foster,37 Kingfisher Way,NG6 6DH,1996-05-28,28,2024-11-23,employed,93,managerial,private_tenant,35,2,0,12700.0,759.42,235.88,1154.21,-630.67,0.2229,3700.0,home_improvement,103,verified,web,6,0,0,pass,pass,118,4,0.361,0,0,0,partial,0,0,0,0,0,0,0,0,0,0,0,0,879,0,0,Known Good,0.0,Known good/bad,0,Known good,1.0,3.58351893845611,0.048395875764602886,573.0709864282941
ACC-10000390,CUS-20000390,Daniel Wilson,185 Park Avenue,NE14 3DD,1990-07-08,34,2024-10-24,employed,59,not_working,homeowner_outright,55,3,0,33300.0,2166.05,341.45,28.55,1796.05,0.123,23900.0,debt_consolidation,121,verified,web,9,0,0,pass,pass,155,3,0.4345,0,0,0,full,0,0,0,0,0,0,0,0,0,0,0,0,839,0,0,Known Good,0.0,Known good/bad,0,Known good,0.0,4.02535169073515,0.027727111973269783,589.7627168535287
ACC-10000391,CUS-20000391,Oliver Green,64 Meadow Close,BS3 7SE,1980-04-08,44,2024-07-05,retired,33,skilled,private_tenant,114,2,0,33900.0,2134.29,136.35,435.42,1562.52,0.0483,6400.0,major_purchase,111,verified,mobile,11,0,1,pass,pass,299,4,0.4798,0,0,0,full,0,0,0,0,0,0,0,0,0,0,0,0,876,0,0,Known Good,0.0,Known good/bad,0,Known good,0.0,4.74493212836325,0.02422770134319481,593.7591779936066
ACC-10000397,CUS-20000397,Oliver Patel,221 Kingfisher Way,NE20 5NV,2006-01-13,18,2024-11-12,employed,55,managerial,social_tenant,67,2,0,16900.0,1037.6,282.79,830.65,-75.84,0.2008,5700.0,car,141,verified,mobile,8,1,1,pass,pass,0,5,0.9369,1,0,0,full,0,0,0,0,0,0,0,0,0,0,0,0,748,0,0,Known Good,0.0,Known good/bad,0,Known good,1.0,4.219507705176107,0.07642902892814696,559.023480661406
ACC-10000400,CUS-20000400,Freya Evans,82 Church Street,PL27 7QX,1999-12-22,24,2024-09-13,self_employed,44,skilled,homeowner_mortgage,32,3,0,14000.0,859.76,302.46,664.41,-107.11,0.2593,6400.0,debt_consolidation,22,verified,mobile,17,0,0,pass,pass,34,5,0.4252,0,0,0,full,0,0,0,0,0,0,0,0,0,0,0,0,856,0,0,Known Good,0.0,Known good/bad,0,Known good,1.0,3.4965075614664802,0.05293109743414355,570.3485145933622
ACC-10000401,CUS-20000401,Aisha Bennett,171 Meadow Close,SO3 3EA,1980-11-08,43,2024-10-28,self_employed,47,professional,private_tenant,45,4,0,36700.0,2224.82,137.22,286.45,1801.15,0.0449,13000.0,debt_consolidation,89,partially_verified,web,21,3,1,refer,pass,230,3,0.5024,3,0,0,full,0,0,0,0,0,0,0,0,0,0,0,0,859,0,0,Known Good,0.0,Known good/bad,0,Known good,0.0,3.828641396489095,0.04235430306884038,577.1011070220272
ACC-10000402,CUS-20000402,Priya Wilson,121 Highfield Gardens,B19 8QH,1970-09-18,54,2024-12-09,employed,113,manual,private_tenant,6,2,1,30900.0,1864.49,198.68,800.71,865.1,0.0772,7200.0,car,47,verified,mobile,22,2,1,pass,pass,132,1,0.2304,2,0,0,full,0,0,0,0,0,0,0,0,0,0,0,0,914,0,0,Known Good,0.0,Known good/bad,0,Known good,0.0,1.9459101490553132,0.04151533932092071,577.703655173349
ACC-10000404,CUS-20000404,Adam Evans,196 Mill View,NR25 2JU,2002-03-02,22,2024-07-27,retired,84,service,homeowner_mortgage,42,2,1,20200.0,1303.79,693.11,1103.18,-492.5,0.4117,3000.0,debt_consolidation,9,verified,branch,7,1,0,pass,pass,28,0,0.1035,1,0,0,none,0,0,0,0,0,0,0,0,0,0,0,0,869,0,0,Known Good,0.0,Known good/bad,0,Known good,1.0,3.7612001156935624,0.05001601881687215,572.0716973107399
ACC-10000428,CUS-20000428,Freya Davies,184 Willow Drive,EH7 4LW,1979-07-17,45,2024-08-03,employed,89,professional,living_with_family,25,2,0,39200.0,2479.18,517.08,400.29,1561.81,0.1583,1900.0,debt_consolidation,38,verified,mobile,4,1,0,refer,pass,312,5,0.2449,1,0,0,full,0,0,0,0,0,0,0,0,0,0,0,0,834,0,0,Known Good,0.0,Known good/bad,0,Known good,0.0,3.258096538021482,0.03159553758589537,585.8792163899011
ACC-10000430,CUS-20000430,Jack Khan,194 Willow Drive,G9 5TD,1979-01-27,45,2024-10-12,unemployed,48,administrative,homeowner_outright,51,3,1,12800.0,808.13,138.84,159.97,509.32,0.1302,29900.0,car,15,verified,telephone,2,0,0,pass,pass,262,6,0.3819,0,0,0,partial,0,0,0,0,0,0,0,0,0,0,0,0,807,0,0,Known Good,0.0,Known good/bad,0,Known good,0.0,3.9512437185814275,0.027047356371750993,590.4990780175165
ACC-10000432,CUS-20000432,Oliver Taylor,73 Kingfisher Way,PL14 3FG,1974-04-04,50,2024-08-06,unemployed,0,professional,living_with_family,71,3,0,17000.0,1039.46,1288.3,988.62,-1237.46,0.9094,6200.0,major_purchase,9,verified,telephone,1,0,0,pass,pass,339,4,0.2384,0,0,0,full,0,0,0,0,0,0,0,0,0,0,0,0,907,0,0,Known Good,0.0,Known good/bad,0,Known good,1.0,4.276666119016055,0.06379923520227743,564.6270143807291
ACC-10000434,CUS-20000434,Adam Shah,246 Park Avenue,EH27 9FQ,1967-02-12,57,2024-09-18,employed,47,manual,private_tenant,109,1,2,22400.0,1372.9,125.33,751.04,496.53,0.0671,7300.0,debt_consolidation,55,verified,telephone,19,1,0,pass,pass,261,5,0.1125,1,0,0,full,0,0,0,0,0,0,0,0,0,0,0,0,881,0,0,Known Good,0.0,Known good/bad,0,Known good,0.0,4.700480365792417,0.021033401078429107,597.9329878342127
ACC-10000438,CUS-20000438,Leo Davies,7 Willow Drive,CF2 1UH,1967-06-01,57,2024-09-22,employed,34,professional,homeowner_mortgage,6,3,1,32400.0,2082.35,152.1,387.79,1542.46,0.0563,3900.0,other,40,verified,mobile,20,0,0,pass,pass,244,2,0.0313,0,0,0,full,0,0,0,0,0,0,0,0,0,0,0,0,853,0,0,Known Good,0.0,Known good/bad,0,Known good,0.0,1.9459101490553132,0.02684272529747356,590.7242746715608
ACC-10000441,CUS-20000441,Theo Lewis,151 Willow Drive,L3 7VG,1974-10-11,50,2024-12-14,employed,71,skilled,homeowner_mortgage,48,3,1,31000.0,1859.09,659.08,1054.95,145.06,0.2551,6500.0,debt_consolidation,78,verified,mobile,1,3,1,pass,refer,326,5,0.7738,3,0,0,full,0,0,0,0,0,0,0,0,0,0,0,0,717,0,0,Known Good,0.0,Known good/bad,0,Known good,1.0,3.8918202981106265,0.09458466377315972,552.3009073782365
ACC-10000448,CUS-20000448,Maya Evans,147 Park Avenue,BS2 9QG,1977-06-08,47,2024-08-15,self_employed,29,professional,private_tenant,52,6,0,20900.0,1334.82,228.21,1124.17,-17.56,0.131,8000.0,debt_consolidation,76,verified,web,0,2,0,pass,pass,252,2,0.5493,2,0,0,full,0,0,0,0,0,0,0,0,0,0,0,0,746,0,0,Known Good,0.0,Known good/bad,0,Known good,1.0,3.970291913552122,0.06388040300649901,564.5878269694945
ACC-10000450,CUS-20000450,Isla Shah,45 Highfield Gardens,RG26 3NQ,1988-07-06,36,2024-11-11,retired,66,skilled,homeowner_mortgage,34,3,0,25200.0,1612.27,327.8,710.02,574.45,0.1561,7000.0,debt_consolidation,121,verified,mobile,22,1,1,refer,pass,174,1,0.3734,1,0,1,full,0,0,0,0,0,0,0,0,0,0,0,0,879,0,0,Known Good,0.0,Known good/bad,0,Known good,0.0,3.5553480614894135,0.03330089966264474,584.3115530040856
ACC-10000453,CUS-20000453,Leo Bennett,226 Mill View,G23 4QS,1981-05-24,43,2024-07-10,employed,18,administrative,private_tenant,45,3,1,33000.0,2080.46,393.04,418.17,1269.25,0.1429,3400.0,debt_consolidation,94,verified,branch,13,1,0,refer,pass,110,6,0.0959,1,0,0,full,0,0,0,0,0,0,0,0,0,0,0,0,891,0,0,Known Good,0.0,Known good/bad,0,Known good,0.0,3.828641396489095,0.02528336893171404,592.4973210922371
ACC-10000457,CUS-20000457,Maya Lewis,243 Oak Road,S29 3UT,1974-03-23,50,2024-10-23,employed,101,not_working,homeowner_mortgage,190,2,0,18800.0,1185.08,83.65,875.15,226.28,0.0534,3900.0,major_purchase,44,verified,web,18,1,0,pass,pass,377,3,0.1245,1,0,0,full,0,0,0,0,0,0,0,0,0,0,0,0,812,0,0,Known Good,0.0,Known good/bad,0,Known good,0.0,5.25227342804663,0.01920944413657364,600.6040243996752
ACC-10000460,CUS-20000460,Leo Lewis,239 Church Street,SO27 3XA,1995-11-26,28,2024-07-22,employed,27,managerial,private_tenant,60,1,2,43400.0,2600.13,188.66,928.82,1482.65,0.0522,1500.0,major_purchase,58,partially_verified,mobile,6,1,0,pass,pass,110,3,0.0,1,0,0,full,0,0,0,0,0,0,0,0,0,0,0,0,860,0,0,Known Good,0.0,Known good/bad,0,Known good,0.0,4.110873864173311,0.020931259025645486,598.0764593582121
ACC-10000465,CUS-20000465,Noah Lewis,245 Mill View,S17 1UF,1977-11-23,46,2024-11-05,self_employed,50,service,private_tenant,53,3,1,9400.0,630.07,182.31,782.99,-335.23,0.2327,5600.0,car,33,verified,web,10,1,0,pass,pass,163,3,0.5159,1,0,0,full,0,0,0,0,0,0,0,0,0,0,0,0,785,0,0,Known Good,0.0,Known good/bad,0,Known good,1.0,3.9889840465642745,0.05864191199435315,567.2176676781667
ACC-10000472,CUS-20000472,Ava Roberts,240 Station Lane,L23 3DS,1950-01-18,74,2024-08-14,employed,62,managerial,social_tenant,145,3,0,22500.0,1386.67,528.92,956.73,-98.98,0.2821,3400.0,car,93,not_verified,branch,8,1,0,pass,pass,282,2,0.2255,1,0,0,full,0,0,0,0,0,0,0,0,0,0,0,0,912,0,0,Known Good,0.0,Known good/bad,0,Known good,1.0,4.983606621708336,0.041314269657434816,577.8497939847011
ACC-10000476,CUS-20000476,Leo Morgan,36 Park Avenue,NG15 7RY,1984-10-15,40,2024-10-24,unemployed,59,skilled,social_tenant,11,1,3,13900.0,844.27,178.12,1056.38,-390.23,0.1538,5600.0,car,32,verified,mobile,18,1,1,pass,pass,87,3,0.0967,1,0,0,full,0,0,0,0,0,0,0,0,0,0,0,0,867,0,0,Known Good,0.0,Known good/bad,0,Known good,1.0,2.4849066497880004,0.05080475916512542,571.5962624704675
ACC-10000479,CUS-20000479,Freya Lewis,21 Park Avenue,L2 7EE,1976-02-20,48,2024-07-17,self_employed,54,not_working,private_tenant,45,3,0,52000.0,3441.3,542.93,987.58,1910.79,0.1253,6000.0,debt_consolidation,141,verified,web,9,0,0,pass,pass,243,0,0.3118,0,0,1,full,0,0,0,0,0,0,0,0,0,0,0,0,849,0,0,Known Good,0.0,Known good/bad,0,Known good,0.0,3.828641396489095,0.02599464763687349,591.6757401209529
ACC-10000481,CUS-20000481,Adam Hughes,69 Mill View,B16 7LS,1982-01-04,42,2024-07-05,employed,82,professional,private_tenant,26,2,0,12000.0,734.78,164.69,905.46,-335.37,0.1647,4600.0,major_purchase,36,partially_verified,branch,2,1,0,pass,pass,96,2,0.3277,1,0,2,full,0,0,0,0,0,0,0,0,0,0,0,0,835,0,0,Known Good,0.0,Known good/bad,0,Known good,1.0,3.295836866004329,0.05390177258856632,569.7945832965062
ACC-10000486,CUS-20000486,Adam Jones,202 Highfield Gardens,CF4 2LJ,1980-06-20,44,2024-10-29,employed,69,manual,private_tenant,51,1,1,20500.0,1288.77,499.65,1300.57,-511.45,0.2925,9300.0,debt_consolidation,95,verified,web,4,2,1,pass,pass,137,5,0.7326,2,0,0,full,0,0,0,0,0,0,0,0,0,0,0,0,776,0,0,Known Good,0.0,Known good/bad,0,Known good,1.0,3.9512437185814275,0.08233943165690324,556.6889806244496
ACC-10000490,CUS-20000490,Amelia Jones,232 Kingfisher Way,EH29 7DH,1986-01-01,38,2024-08-22,employed,254,managerial,private_tenant,17,3,1,34300.0,2149.96,277.48,405.09,1467.39,0.0971,17100.0,car,66,verified,web,14,0,0,fail,pass,86,7,0.3784,0,0,0,full,0,0,0,0,0,0,0,0,0,0,0,0,839,0,0,Known Good,0.0,Known good/bad,0,Known good,0.0,2.8903717578961645,0.031286588042087,586.1719497424695
ACC-10000492,CUS-20000492,Ava Roberts,144 Oak Road,BS4 9NS,1984-07-02,40,2024-12-25,unemployed,47,professional,homeowner_mortgage,88,2,1,17000.0,1111.17,508.93,1023.17,-420.93,0.3592,2800.0,debt_consolidation,135,verified,telephone,2,0,1,pass,pass,220,1,0.4822,0,0,0,full,0,0,0,0,0,0,0,0,0,0,0,0,885,0,0,Known Good,0.0,Known good/bad,0,Known good,1.0,4.48863636973214,0.05072443158909978,571.6443612908347
ACC-10000497,CUS-20000497,Priya Hughes,88 Victoria Road,L1 7UN,1979-01-20,45,2024-07-07,employed,8,manual,private_tenant,26,3,0,37800.0,2535.65,686.12,407.74,1441.79,0.2178,16900.0,other,109,verified,web,21,1,1,pass,pass,308,4,0.2372,1,0,0,full,0,0,0,0,0,0,0,0,0,0,0,0,814,0,0,Known Good,0.0,Known good/bad,0,Known good,0.0,3.295836866004329,0.03257386993750263,584.9701656237945
ACC-10000512,CUS-20000512,Sofia Hughes,30 Mill View,L28 9ET,1980-05-25,44,2024-08-06,employed,4,manual,homeowner_mortgage,127,4,0,24700.0,1558.24,153.33,789.45,615.46,0.0745,12300.0,debt_consolidation,70,partially_verified,web,13,2,0,pass,pass,178,2,0.8464,2,1,1,full,0,0,0,0,0,0,0,0,0,0,0,0,740,0,0,Known Good,0.0,Known good/bad,0,Known good,0.0,4.852030263919617,0.07080173727085552,561.4054720321549
ACC-10000513,CUS-20000513,Oliver Evans,63 Station Lane,SO27 5JP,1968-08-01,56,2024-08-08,employed,128,manual,homeowner_mortgage,83,1,0,72300.0,4630.08,55.9,685.43,3888.75,0.0093,11400.0,debt_consolidation,52,not_verified,mobile,6,1,1,pass,pass,259,5,0.5471,1,0,0,partial,0,0,0,0,0,0,0,0,0,0,0,0,867,0,0,Known Good,0.0,Known good/bad,0,Known good,0.0,4.430816798843313,0.02986388503788798,587.5571444781167
ACC-10000517,CUS-20000517,Maya Green,176 Mill View,BS25 5TH,1985-05-10,39,2024-08-17,employed,118,managerial,homeowner_mortgage,101,2,0,23900.0,1523.23,188.17,597.66,737.4,0.0945,10400.0,car,80,not_verified,mobile,16,2,0,pass,pass,227,3,0.2794,2,0,0,full,0,0,0,0,0,0,0,0,0,0,0,0,810,0,0,Known Good,0.0,Known good/bad,0,Known good,0.0,4.624972813284271,0.028355552362331067,589.0973826449448
ACC-10000520,CUS-20000520,Jack Hughes,169 Victoria Road,NR5 9EF,1991-02-25,33,2024-11-05,retired,69,not_working,homeowner_mortgage,40,4,2,25100.0,1564.3,635.97,558.14,370.19,0.304,3600.0,home_improvement,53,verified,web,7,2,0,pass,pass,133,4,0.4855,2,0,0,full,0,0,0,0,0,0,0,0,0,0,0,0,699,0,0,Known Good,0.0,Known good/bad,0,Known good,0.0,3.713572066704308,0.044923748866804336,575.3241899871339
ACC-10000521,CUS-20000521,Sofia Bennett,151 Station Lane,B21 9GQ,1985-02-26,39,2024-09-06,employed,110,professional,homeowner_mortgage,50,1,0,66700.0,4222.18,121.38,1052.99,3047.81,0.0218,9000.0,car,40,not_verified,mobile,20,1,0,pass,pass,194,5,0.4535,1,1,2,full,0,0,0,0,0,0,0,0,0,0,0,0,854,0,0,Known Good,0.0,Known good/bad,0,Known good,0.0,3.9318256327243257,0.05123338620691771,571.3408180145489
ACC-10000522,CUS-20000522,Priya Patel,196 Station Lane,SO4 4GU,1987-07-12,37,2024-11-16,employed,70,skilled,homeowner_mortgage,97,4,1,41200.0,2557.36,586.72,1012.43,958.21,0.1709,6200.0,home_improvement,60,verified,mobile,8,0,0,pass,pass,138,9,0.1738,0,0,0,full,0,0,0,0,0,0,0,0,0,0,0,0,872,0,0,Known Good,0.0,Known good/bad,0,Known good,0.0,4.584967478670572,0.02125555625417649,597.6232820585542
ACC-10000523,CUS-20000523,Oliver Davies,39 Oak Road,SO8 1BN,1983-07-24,41,2024-10-05,self_employed,32,manual,social_tenant,24,2,0,50800.0,3270.9,224.65,875.32,2170.93,0.0531,18400.0,home_improvement,80,verified,mobile,17,3,0,pass,pass,228,4,0.2625,3,0,0,full,0,0,0,0,0,0,0,0,0,0,0,0,830,0,0,Known Good,0.0,Known good/bad,0,Known good,0.0,3.2188758248682006,0.03887937504932178,579.6756876611823
ACC-10000529,CUS-20000529,Adam Patel,246 Oak Road,PL29 9UF,1990-08-20,33,2024-07-27,employed,10,not_working,homeowner_mortgage,141,2,0,33000.0,2212.06,156.95,647.25,1407.86,0.0571,5300.0,education,54,not_verified,web,12,1,0,pass,pass,73,6,0.0536,1,0,1,full,0,0,0,0,0,0,0,0,0,0,0,0,900,0,0,Known Good,0.0,Known good/bad,0,Known good,0.0,4.955827057601261,0.007007188389637314,630.0589518012549
ACC-10000532,CUS-20000532,Adam Clarke,55 Mill View,EH16 4JA,1989-07-16,35,2024-11-18,employed,24,not_working,private_tenant,9,2,0,111000.0,7121.25,280.92,365.56,6474.77,0.0304,3500.0,car,86,verified,mobile,23,1,0,pass,pass,69,4,0.2691,1,0,0,full,0,0,0,0,0,0,0,0,0,0,0,0,883,0,0,Known Good,0.0,Known good/bad,0,Known good,0.0,2.302585092994046,0.03429536176144626,583.4328087597081
ACC-10000534,CUS-20000534,Theo Clarke,174 Church Street,PL9 5QJ,2006-07-23,18,2024-11-30,part_time,22,professional,social_tenant,169,2,0,27000.0,1709.54,388.41,699.08,622.05,0.1726,8000.0,home_improvement,36,verified,web,10,2,0,pass,pass,0,3,0.1945,2,1,2,full,0,0,0,0,0,0,0,0,0,0,0,0,766,0,0,Known Good,0.0,Known good/bad,0,Known good,0.0,5.135798437050262,0.04372229509505281,576.1426482372093
ACC-10000540,CUS-20000540,Amelia Bennett,95 Park Avenue,RG23 6QG,1976-10-22,47,2024-09-19,employed,63,service,homeowner_outright,56,2,0,26500.0,1637.62,93.96,63.54,1480.12,0.0425,10200.0,debt_consolidation,55,verified,branch,2,1,0,pass,pass,186,0,0.3506,1,0,0,full,0,0,0,0,0,0,0,0,0,0,0,0,856,0,0,Known Good,0.0,Known good/bad,0,Known good,0.0,4.04305126783455,0.02784399084530636,589.6378750373763
ACC-10000542,CUS-20000542,Oliver Clarke,68 Meadow Close,NG11 7TX,1966-02-21,58,2024-11-19,part_time,172,service,living_with_family,7,5,1,27500.0,1736.86,20.0,506.0,1210.86,0.0087,10600.0,debt_consolidation,46,verified,mobile,7,0,1,pass,pass,452,3,0.2562,0,0,0,full,0,0,0,0,0,0,0,0,0,0,0,0,812,0,0,Known Good,0.0,Known good/bad,0,Known good,0.0,2.0794415416798357,0.03037605096360696,587.051258267287
ACC-10000543,CUS-20000543,Jack Roberts,55 Station Lane,B12 8QJ,1982-09-08,42,2024-12-26,employed,78,service,private_tenant,183,6,2,39800.0,2465.63,55.85,326.46,2083.32,0.0168,9500.0,home_improvement,32,verified,mobile,10,1,1,pass,pass,242,2,0.1993,1,0,0,full,0,0,0,0,0,0,0,0,0,0,0,0,907,0,0,Known Good,0.0,Known good/bad,0,Known good,0.0,5.214935757608986,0.019989454684327473,599.4326012551556
ACC-10000560,CUS-20000560,George Evans,173 Highfield Gardens,LS7 7LN,1974-02-22,50,2024-12-06,part_time,108,administrative,homeowner_mortgage,78,2,1,17300.0,1051.99,233.89,609.82,208.28,0.1622,5500.0,debt_consolidation,25,partially_verified,web,0,0,0,pass,pass,209,3,0.255,0,0,0,full,0,0,0,0,0,0,0,0,0,0,0,0,881,0,0,Known Good,0.0,Known good/bad,0,Known good,0.0,4.3694478524670215,0.02335544502144263,594.8429313215352
ACC-10000561,CUS-20000561,Oliver Hughes,80 Mill View,NR22 4ER,1966-10-19,58,2024-10-22,employed,87,administrative,private_tenant,36,3,0,34500.0,2282.65,383.23,951.25,948.17,0.1333,7100.0,home_improvement,157,verified,mobile,4,1,0,pass,pass,204,2,0.6375,1,0,0,full,0,0,0,0,0,0,0,0,0,0,0,0,823,0,0,Known Good,0.0,Known good/bad,0,Known good,0.0,3.6109179126442243,0.04002775567018188,578.80127743767
ACC-10000566,CUS-20000566,Isla Patel,118 Kingfisher Way,G26 9WA,1986-06-17,38,2024-11-20,employed,22,professional,living_with_family,127,2,0,50600.0,2985.29,282.76,1313.21,1389.32,0.0671,11100.0,major_purchase,37,verified,telephone,8,2,0,pass,pass,221,1,0.3185,2,1,1,full,0,0,0,0,0,0,0,0,0,0,0,0,753,0,0,Known Good,0.0,Known good/bad,0,Known good,0.0,4.852030263919617,0.0467953375708185,574.0898623708861
ACC-10000577,CUS-20000577,Aisha Jones,55 Meadow Close,SO1 4SP,1971-01-23,53,2024-11-16,employed,135,not_working,social_tenant,112,3,1,16100.0,1027.52,120.62,710.19,196.71,0.0899,7500.0,debt_consolidation,21,verified,web,0,1,0,pass,pass,295,2,0.0546,1,0,0,none,0,0,0,0,0,0,0,0,0,0,0,0,869,0,0,Known Good,0.0,Known good/bad,0,Known good,0.0,4.727387818712341,0.020320765995230524,598.9485315898444
ACC-10000587,CUS-20000587,George Roberts,85 Highfield Gardens,G10 5YT,1991-11-22,32,2024-10-06,employed,26,manual,living_with_family,26,1,1,63300.0,4054.71,190.16,434.69,3429.86,0.036,6800.0,debt_consolidation,40,not_verified,telephone,9,1,0,pass,pass,144,4,0.4085,1,0,0,none,0,0,0,0,0,0,0,0,0,0,0,0,864,0,0,Known Good,0.0,Known good/bad,0,Known good,0.0,3.295836866004329,0.03276264885042146,584.7977971838573
ACC-10000588,CUS-20000588,Jack Taylor,173 Meadow Close,CF5 6AR,1961-07-10,63,2024-08-08,employed,120,professional,private_tenant,50,1,0,60000.0,3657.41,331.14,803.75,2522.52,0.0662,9800.0,debt_consolidation,23,partially_verified,web,23,2,0,pass,pass,272,1,0.2705,2,0,1,partial,0,0,0,0,0,0,0,0,0,0,0,0,758,0,0,Known Good,0.0,Known good/bad,0,Known good,0.0,3.9318256327243257,0.030871243428219258,586.5699332867767
ACC-10000593,CUS-20000593,Oliver Lewis,137 Meadow Close,RG9 8PG,1965-05-27,59,2024-12-09,employed,79,manual,homeowner_mortgage,45,3,2,24100.0,1529.81,146.8,488.89,894.12,0.0731,4800.0,home_improvement,52,verified,web,2,0,0,refer,pass,435,6,0.8917,0,0,1,full,0,0,0,0,0,0,0,0,0,0,0,0,821,0,0,Known Good,0.0,Known good/bad,0,Known good,0.0,3.828641396489095,0.03971964528566135,579.0334965910478
ACC-10000598,CUS-20000598,Isla Wilson,171 Victoria Road,B13 3US,1987-04-08,37,2024-10-27,employed,15,professional,living_with_family,141,2,2,22100.0,1396.83,212.05,603.95,580.83,0.1151,15900.0,home_improvement,160,verified,web,17,0,0,refer,pass,107,4,0.3332,0,0,0,full,0,0,0,0,0,0,0,0,0,0,0,0,920,0,0,Known Good,0.0,Known good/bad,0,Known good,0.0,4.955827057601261,0.021838708182129733,596.8251352100855
ACC-10000600,CUS-20000600,Maya Shah,234 Meadow Close,SO6 8VB,1976-08-07,48,2024-08-06,retired,61,professional,living_with_family,57,2,0,21500.0,1330.69,60.51,1070.81,199.37,0.0338,7400.0,home_improvement,122,verified,web,21,2,0,pass,pass,330,1,0.2495,2,0,0,full,0,0,0,0,0,0,0,0,0,0,0,0,823,0,0,Known Good,0.0,Known good/bad,0,Known good,0.0,4.060443010546419,0.029046226053802027,588.3824757864403
ACC-10000602,CUS-20000602,Amelia Evans,67 Willow Drive,L28 7JL,1953-08-09,71,2024-08-22,retired,28,managerial,homeowner_mortgage,20,5,0,46600.0,3022.87,40.73,1239.31,1742.83,0.0105,4700.0,other,26,verified,web,14,3,0,refer,pass,236,4,0.1462,3,0,0,none,0,0,0,0,0,0,0,0,0,0,0,0,852,0,0,Known Good,0.0,Known good/bad,0,Known good,0.0,3.044522437723423,0.03537522702988609,582.5060071869589
ACC-10000606,CUS-20000606,Aisha Lewis,149 Station Lane,NE11 9TP,1984-03-18,40,2024-08-28,employed,52,service,private_tenant,98,4,1,48200.0,3084.23,216.43,701.7,2166.1,0.0539,22900.0,car,40,verified,mobile,22,2,0,pass,pass,105,2,0.1549,2,0,0,partial,0,0,0,0,0,0,0,0,0,0,0,0,854,0,0,Known Good,0.0,Known good/bad,0,Known good,0.0,4.59511985013459,0.025045859413458754,592.7766829658683
ACC-10000609,CUS-20000609,Jack Hughes,233 Meadow Close,G14 3NG,1977-02-08,47,2024-09-19,self_employed,179,not_working,private_tenant,50,2,1,64800.0,4047.76,442.91,412.28,3192.57,0.082,18500.0,major_purchase,79,verified,web,3,1,0,pass,pass,235,4,0.1361,1,0,0,full,0,0,0,0,0,0,0,0,0,0,0,0,903,0,0,Known Good,0.0,Known good/bad,0,Known good,0.0,3.9318256327243257,0.024569238351454744,593.3451648200121
ACC-10000611,CUS-20000611,Adam Lewis,103 Willow Drive,G15 2HH,1974-10-29,49,2024-08-25,employed,29,skilled,social_tenant,17,4,1,38100.0,2399.77,436.52,724.55,1238.7,0.1375,6700.0,debt_consolidation,131,verified,web,16,1,1,pass,pass,328,4,0.553,1,1,1,full,0,0,1,1,0,0,0,1,0,1,0,0,744,0,4,Known Bad,1.0,Known good/bad,1,Known bad,0.0,2.8903717578961645,0.07063723592220442,561.4776971484915
ACC-10000621,CUS-20000621,Sofia Green,180 Kingfisher Way,S28 7XF,1984-04-12,40,2024-09-27,employed,25,manual,homeowner_outright,92,5,0,39100.0,2490.84,398.19,75.24,2017.41,0.1222,9100.0,car,93,verified,branch,18,0,0,pass,pass,241,4,0.353,0,0,0,full,0,0,0,0,0,0,0,0,0,0,0,0,859,0,0,Known Good,0.0,Known good/bad,0,Known good,0.0,4.532599493153256,0.02390049234826273,594.1611959365284
ACC-10000626,CUS-20000626,Oliver Clarke,78 Mill View,OX21 4TW,1966-04-04,58,2024-07-27,employed,22,professional,homeowner_mortgage,135,3,0,33400.0,2124.4,376.16,318.64,1429.6,0.1351,9600.0,debt_consolidation,8,verified,mobile,19,1,1,pass,refer,285,4,0.5111,1,0,0,partial,0,0,0,0,0,0,0,0,0,0,0,0,875,0,0,Known Good,0.0,Known good/bad,0,Known good,0.0,4.912654885736052,0.029379908859358587,588.0429741564228
ACC-10000628,CUS-20000628,Noah Taylor,210 Church Street,CF27 7EG,1987-06-05,37,2024-09-29,employed,66,service,private_tenant,49,3,0,27400.0,1728.13,186.04,694.91,847.18,0.0815,6100.0,debt_consolidation,10,verified,mobile,8,0,0,pass,refer,127,6,0.5473,0,0,0,full,0,0,0,0,0,0,0,0,0,0,0,0,841,0,0,Known Good,0.0,Known good/bad,0,Known good,0.0,3.912023005428146,0.029993958481696222,587.4278740435193
ACC-10000629,CUS-20000629,Noah Roberts,196 Meadow Close,LS24 8TV,1976-10-20,48,2024-11-04,employed,77,skilled,homeowner_mortgage,84,2,0,44900.0,2889.37,541.15,719.3,1628.92,0.1446,7400.0,debt_consolidation,66,verified,web,23,4,0,pass,pass,253,3,0.0751,4,0,0,full,0,0,0,0,0,0,0,0,0,0,0,0,831,0,0,Known Good,0.0,Known good/bad,0,Known good,0.0,4.442651256490317,0.03348865266467604,584.1437248354546
ACC-10000630,CUS-20000630,Priya Roberts,222 Mill View,NG3 6BD,1985-04-23,39,2024-09-22,self_employed,42,professional,living_with_family,61,4,0,42800.0,2595.57,448.53,876.08,1270.96,0.1258,12200.0,major_purchase,141,verified,web,3,1,0,refer,pass,111,7,0.3322,1,0,0,full,0,0,0,0,0,0,0,0,0,0,0,0,909,0,0,Known Good,0.0,Known good/bad,0,Known good,0.0,4.127134385045092,0.02874058877844321,588.6967792182231
ACC-10000637,CUS-20000637,George Patel,171 Station Lane,L14 6GB,1961-10-28,63,2024-12-07,part_time,35,not_working,social_tenant,43,1,0,26700.0,1664.39,414.2,843.25,406.94,0.1862,7100.0,education,46,partially_verified,mobile,14,2,1,pass,pass,226,3,0.1583,2,0,0,partial,0,0,0,0,0,0,0,0,0,0,0,0,863,0,0,Known Good,0.0,Known good/bad,0,Known good,0.0,3.784189633918261,0.01165891757379906,615.2329412424963
ACC-10000639,CUS-20000639,Amelia Clarke,87 Meadow Close,M6 9RV,1963-03-01,61,2024-09-29,employed,80,service,homeowner_mortgage,51,3,0,48400.0,3018.73,84.44,850.49,2083.8,0.0209,4200.0,home_improvement,150,verified,web,7,1,0,pass,pass,308,1,0.3463,1,0,0,full,0,0,0,0,0,0,0,0,0,0,0,0,927,0,0,Known Good,0.0,Known good/bad,0,Known good,0.0,3.9512437185814275,0.02773024330468177,589.7593655255317
ACC-10000646,CUS-20000646,Oliver Shah,23 Church Street,S28 4YD,1983-03-04,41,2024-12-01,employed,99,administrative,homeowner_outright,15,1,0,19300.0,1211.09,391.47,14.5,805.12,0.2434,15700.0,education,264,verified,web,21,3,0,pass,pass,175,11,0.2012,3,0,0,full,0,0,0,0,0,0,0,0,0,0,0,0,825,0,0,Known Good,0.0,Known good/bad,0,Known good,0.0,2.772588722239781,0.01700563569212773,604.1848422728785
ACC-10000649,CUS-20000649,Leo Davies,80 Willow Drive,M17 6BT,1972-10-12,52,2024-12-16,employed,23,service,homeowner_mortgage,20,2,1,19100.0,1224.71,210.29,1214.14,-199.72,0.1321,2100.0,other,36,verified,branch,10,2,1,pass,pass,321,2,0.2537,2,0,0,none,0,0,0,0,0,0,0,1,1,1,0,0,869,0,3,Known Bad,1.0,Known good/bad,1,Known bad,1.0,3.044522437723423,0.058845737036432096,567.1113042248795
ACC-10000650,CUS-20000650,Noah Davies,225 Victoria Road,B1 2NU,1991-11-21,33,2024-11-29,employed,26,service,homeowner_outright,92,4,0,37600.0,2331.73,586.87,75.14,1669.72,0.1873,7800.0,home_improvement,154,verified,web,13,1,0,pass,pass,73,3,0.1153,1,1,1,partial,0,0,0,0,0,0,0,0,0,0,0,0,827,0,0,Known Good,0.0,Known good/bad,0,Known good,0.0,4.532599493153256,0.04013460347366147,578.7211473940208
ACC-10000655,CUS-20000655,Priya Davies,85 Oak Road,L21 1BF,1992-12-30,31,2024-09-15,self_employed,11,managerial,homeowner_mortgage,75,1,2,24600.0,1480.47,455.66,1069.94,-45.13,0.2223,7000.0,home_improvement,42,verified,web,23,2,0,pass,pass,139,5,0.6612,2,1,1,full,0,0,0,0,0,0,0,0,0,0,0,0,717,0,0,Known Good,0.0,Known good/bad,0,Known good,1.0,4.330733340286331,0.1151712932110578,545.9552167369732
ACC-10000658,CUS-20000658,Ava Wilson,199 Oak Road,RG18 6QB,1985-02-27,39,2024-08-13,employed,184,skilled,homeowner_outright,31,4,1,15300.0,967.6,819.08,26.23,122.29,0.6424,21100.0,home_improvement,74,partially_verified,branch,2,1,1,fail,pass,241,1,0.3376,1,0,0,full,0,0,0,0,0,0,0,0,0,0,0,0,922,0,0,Known Good,0.0,Known good/bad,0,Known good,1.0,3.4657359027997265,0.07371308150733494,560.1522074827811
ACC-10000667,CUS-20000667,Sofia Lewis,125 Mill View,G9 8NV,1985-05-10,39,2024-12-09,retired,38,not_working,private_tenant,282,4,0,25200.0,1628.06,475.1,802.9,350.06,0.2262,3400.0,major_purchase,87,verified,web,7,2,0,pass,pass,192,3,0.1676,2,0,0,full,0,0,0,0,0,0,0,0,0,0,0,0,794,0,0,Known Good,0.0,Known good/bad,0,Known good,0.0,5.645446897643238,0.024149764152754674,593.8544511826649
ACC-10000674,CUS-20000674,Isla Clarke,37 Park Avenue,M20 2HH,1983-08-26,40,2024-07-15,employed,109,not_working,homeowner_mortgage,76,5,1,13100.0,872.56,496.09,439.89,-63.42,0.4544,5900.0,debt_consolidation,149,verified,web,4,1,1,pass,pass,213,3,0.5129,1,0,0,full,0,0,0,0,0,0,0,0,0,0,0,0,756,0,0,Known Good,0.0,Known good/bad,0,Known good,1.0,4.343805421853684,0.06457482006861572,564.2544490135488
ACC-10000675,CUS-20000675,Priya Taylor,127 Meadow Close,M3 5SN,1966-03-22,58,2024-12-25,employed,86,service,homeowner_mortgage,51,3,1,46400.0,3102.1,64.62,1224.46,1813.02,0.0167,7400.0,home_improvement,56,verified,mobile,21,1,1,pass,pass,200,3,0.754,1,0,0,full,0,0,0,0,0,0,0,0,0,0,0,0,772,0,0,Known Good,0.0,Known good/bad,0,Known good,0.0,3.9512437185814275,0.03823733382700836,580.1754179520619
ACC-10000679,CUS-20000679,Maya Hughes,30 Church Street,NE21 3BJ,1989-06-16,35,2024-12-17,unemployed,0,skilled,homeowner_mortgage,39,1,0,13000.0,820.92,159.92,877.73,-216.73,0.1476,10600.0,car,91,verified,web,10,1,0,pass,pass,155,3,0.0861,1,1,1,full,0,0,0,0,0,0,0,0,0,0,0,0,841,0,0,Known Good,0.0,Known good/bad,0,Known good,1.0,3.6888794541139363,0.06939570749739926,562.0278663955846
ACC-10000681,CUS-20000681,Aisha Patel,125 Church Street,B21 1TG,1984-06-23,40,2024-09-03,employed,11,service,private_tenant,116,2,2,35300.0,2130.7,215.84,389.14,1525.72,0.0734,3400.0,home_improvement,33,verified,web,3,4,0,pass,pass,140,6,0.0475,4,0,0,full,0,0,0,0,0,0,0,0,0,0,0,0,865,0,0,Known Good,0.0,Known good/bad,0,Known good,0.0,4.762173934797756,0.02955661891659186,587.8646940955502
ACC-10000689,CUS-20000689,Daniel Wilson,203 Church Street,M27 2EV,1980-01-04,44,2024-07-14,retired,56,skilled,private_tenant,28,1,1,17700.0,1116.26,144.76,510.73,460.77,0.0981,8400.0,major_purchase,34,verified,web,19,1,0,pass,fail,170,2,0.6909,1,0,0,full,0,0,0,0,0,0,0,0,0,0,0,0,867,0,0,Known Good,0.0,Known good/bad,0,Known good,0.0,3.367295829986474,0.04233855341507905,577.11231301465
ACC-10000691,CUS-20000691,George Foster,152 Highfield Gardens,SO22 7GT,1984-02-06,40,2024-10-01,employed,56,managerial,private_tenant,86,2,0,11900.0,754.26,349.08,505.2,-100.02,0.352,6500.0,major_purchase,102,verified,mobile,11,0,0,pass,pass,140,0,0.4946,0,0,1,full,0,0,0,0,0,0,0,0,0,0,0,0,753,0,0,Known Good,0.0,Known good/bad,0,Known good,1.0,4.465908118654584,0.051142831072168334,571.3946163106889
ACC-10000695,CUS-20000695,Priya Wilson,104 Victoria Road,B19 1EF,1982-11-29,41,2024-11-14,employed,194,administrative,homeowner_mortgage,79,2,0,48300.0,3087.77,745.48,1296.74,1045.55,0.1852,8800.0,major_purchase,88,verified,web,20,2,0,pass,pass,177,3,0.2832,2,0,0,partial,0,0,0,0,0,0,0,0,0,0,0,0,847,0,0,Known Good,0.0,Known good/bad,0,Known good,0.0,4.382026634673881,0.03158077056664527,585.8931451687293
ACC-10000703,CUS-20000703,Adam Foster,178 Mill View,EH21 1HE,2000-08-04,23,2024-07-10,retired,90,service,private_tenant,59,2,1,20600.0,1328.69,36.17,602.39,690.13,0.0211,2500.0,home_improvement,98,verified,web,8,1,1,pass,refer,59,5,0.3619,1,0,1,full,0,0,0,0,0,0,0,0,0,0,0,0,806,0,0,Known Good,0.0,Known good/bad,0,Known good,0.0,4.0943445622221,0.027436455728494458,590.0754058974637
ACC-10000706,CUS-20000706,Maya Hughes,62 Willow Drive,L21 2NE,1984-12-12,39,2024-07-20,self_employed,184,not_working,homeowner_outright,42,4,1,22200.0,1362.98,155.76,21.21,1186.01,0.0842,10800.0,car,63,partially_verified,mobile,1,2,0,pass,refer,182,4,0.4794,2,0,0,full,0,0,0,0,0,0,0,0,0,0,0,0,852,0,0,Known Good,0.0,Known good/bad,0,Known good,0.0,3.7612001156935624,0.03794640619045975,580.4045182506918
ACC-10000710,CUS-20000710,Isla Bennett,179 Mill View,NG26 3XR,1978-12-04,45,2024-08-07,retired,65,not_working,homeowner_mortgage,35,2,1,19600.0,1199.79,125.72,1596.71,-522.64,0.077,11800.0,other,15,not_verified,branch,19,1,0,pass,pass,203,4,0.3385,1,0,0,partial,0,0,0,0,0,0,0,0,0,0,0,0,810,0,0,Known Good,0.0,Known good/bad,0,Known good,1.0,3.58351893845611,0.04882376420577263,572.8040209655189
ACC-10000713,CUS-20000713,Aisha Clarke,221 Church Street,PL13 6NY,1979-01-14,45,2024-11-03,employed,13,service,homeowner_mortgage,109,1,0,27800.0,1604.42,184.28,1108.86,311.28,0.0795,16100.0,debt_consolidation,115,verified,web,1,1,0,pass,pass,128,3,0.6716,1,0,0,full,0,0,0,0,0,0,0,0,0,0,0,0,846,0,0,Known Good,0.0,Known good/bad,0,Known good,0.0,4.700480365792417,0.03320098192368006,584.4012400568323
ACC-10000714,CUS-20000714,Adam Evans,66 Highfield Gardens,SO1 4EN,1985-06-20,39,2024-09-14,employed,82,managerial,homeowner_outright,58,1,1,13800.0,869.7,233.56,135.57,500.57,0.2031,3900.0,car,28,partially_verified,telephone,11,2,0,pass,pass,152,3,0.2159,2,0,0,full,0,0,0,0,0,0,0,0,0,0,0,0,898,0,0,Known Good,0.0,Known good/bad,0,Known good,0.0,4.07753744390572,0.03185274786348996,585.6376112562903
ACC-10000722,CUS-20000722,Sofia Khan,198 Willow Drive,NR13 2DP,1980-04-24,44,2024-10-18,employed,154,not_working,homeowner_mortgage,119,1,1,20400.0,1299.15,433.23,665.67,200.25,0.2548,10700.0,debt_consolidation,81,verified,mobile,18,3,0,refer,pass,167,3,0.2021,3,0,0,full,0,0,0,0,0,0,0,0,0,0,0,0,856,0,0,Known Good,0.0,Known good/bad,0,Known good,0.0,4.787491742782046,0.033247634091789866,584.3593322658649
ACC-10000727,CUS-20000727,Oliver Hughes,114 Oak Road,LS21 7SP,2001-02-09,23,2024-07-17,employed,29,managerial,social_tenant,18,2,2,36600.0,2272.79,182.27,936.15,1154.37,0.0598,7700.0,car,62,verified,web,0,0,0,pass,pass,56,1,0.4687,0,0,0,full,0,0,0,0,0,0,0,0,0,0,0,0,817,0,0,Known Good,0.0,Known good/bad,0,Known good,0.0,2.9444389791664403,0.03244458526049505,585.0887694393045
ACC-10000729,CUS-20000729,Noah Bennett,84 Highfield Gardens,B6 6BU,1979-09-15,45,2024-09-21,employed,86,skilled,homeowner_mortgage,37,4,0,30300.0,2048.28,261.93,1259.93,526.42,0.1037,2100.0,debt_consolidation,50,not_verified,mobile,10,3,0,refer,pass,318,3,0.6115,3,0,0,full,0,0,0,0,0,0,0,0,0,0,0,0,814,0,0,Known Good,0.0,Known good/bad,0,Known good,0.0,3.6375861597263857,0.0495896644678175,572.3316593301905
ACC-10000742,CUS-20000742,Isla Foster,234 Victoria Road,CF20 5WF,1977-09-28,46,2024-07-30,employed,168,skilled,homeowner_mortgage,107,3,1,14600.0,921.51,456.96,618.54,-153.99,0.3756,7300.0,debt_consolidation,143,verified,web,1,0,1,pass,pass,132,0,0.4179,0,0,0,full,0,0,0,0,0,0,0,0,0,0,0,0,834,0,0,Known Good,0.0,Known good/bad,0,Known good,1.0,4.68213122712422,0.04731950673272642,573.7525863877781
ACC-10000747,CUS-20000747,Daniel Roberts,73 Kingfisher Way,CF26 2QS,1968-03-02,56,2024-12-09,unemployed,0,professional,social_tenant,82,1,0,13500.0,819.95,290.76,509.97,19.22,0.2585,13400.0,debt_consolidation,5,verified,telephone,19,0,1,pass,refer,285,6,0.1798,0,0,2,full,0,0,0,0,0,0,0,0,0,0,0,0,862,0,0,Known Good,0.0,Known good/bad,0,Known good,1.0,4.418840607796598,0.037651060538738346,580.6388300024678
ACC-10000758,CUS-20000758,Noah Jones,123 Highfield Gardens,OX7 2XB,1989-05-26,35,2024-10-02,self_employed,172,managerial,homeowner_outright,79,3,1,19000.0,1111.66,316.59,82.08,712.99,0.2,13700.0,home_improvement,32,verified,web,16,1,0,pass,pass,102,2,0.4771,1,0,0,partial,0,0,0,0,0,0,0,0,0,0,0,0,873,0,0,Known Good,0.0,Known good/bad,0,Known good,0.0,4.382026634673881,0.03265068177385404,584.8999148361953
ACC-10000763,CUS-20000763,Oliver Davies,51 Church Street,OX25 3VV,1971-10-05,53,2024-11-13,employed,75,service,social_tenant,12,4,1,31600.0,1966.86,416.79,463.62,1086.45,0.1583,10200.0,debt_consolidation,25,verified,mobile,1,1,0,pass,pass,138,1,0.2755,1,0,0,full,0,0,0,1,0,0,0,1,0,0,1,1,880,0,4,Known Bad,1.0,Known good/bad,1,Known bad,0.0,2.5649493574615367,0.036209300094896896,581.8086298873031
ACC-10000765,CUS-20000765,Oliver Davies,206 Church Street,CF8 2WA,1988-04-11,36,2024-08-02,retired,114,service,living_with_family,155,2,0,13500.0,853.4,410.83,180.0,262.57,0.3652,14700.0,home_improvement,52,verified,web,12,2,0,pass,pass,67,3,0.3429,2,0,0,full,0,0,0,0,0,0,0,0,0,0,0,0,827,0,0,Known Good,0.0,Known good/bad,0,Known good,0.0,5.049856007249537,0.03382508396749146,583.8452557472558
ACC-10000767,CUS-20000767,George Taylor,240 Victoria Road,PL4 3JS,1979-09-20,44,2024-07-11,employed,10,manual,homeowner_outright,165,4,0,26500.0,1632.89,548.06,7.11,1077.72,0.2482,4300.0,home_improvement,126,partially_verified,web,17,1,0,pass,pass,234,4,0.8676,1,0,1,full,0,0,0,0,0,0,0,0,0,0,0,0,846,0,0,Known Good,0.0,Known good/bad,0,Known good,0.0,5.111987788356544,0.04093898848409542,578.1243808948614
ACC-10000772,CUS-20000772,Leo Lewis,225 Oak Road,NG22 1YG,1998-04-18,26,2024-11-01,employed,63,managerial,social_tenant,60,2,0,36400.0,2381.58,312.07,1103.2,966.31,0.1029,5400.0,home_improvement,79,verified,branch,9,3,1,pass,pass,71,3,0.2747,3,0,0,partial,0,0,0,0,0,0,0,0,0,0,0,0,671,0,0,Known Good,0.0,Known good/bad,0,Known good,0.0,4.110873864173311,0.03523593533937683,582.6240113030929
ACC-10000776,CUS-20000776,Maya Khan,178 Meadow Close,S19 8LN,2000-11-02,24,2024-12-23,part_time,17,managerial,social_tenant,69,1,0,33200.0,2124.04,543.24,536.51,1044.29,0.1964,4700.0,home_improvement,86,verified,branch,16,2,0,refer,pass,57,2,0.5823,2,0,0,full,0,0,0,0,0,0,0,0,0,0,0,0,781,0,0,Known Good,0.0,Known good/bad,0,Known good,0.0,4.248495242049359,0.04122890974379365,577.9120400430609
ACC-10000778,CUS-20000778,George Patel,6 Park Avenue,S5 1YF,1985-08-15,39,2024-11-21,employed,36,administrative,private_tenant,25,3,0,23200.0,1517.24,171.91,1137.1,208.23,0.0889,7900.0,debt_consolidation,73,partially_verified,branch,6,1,1,pass,pass,196,4,0.6548,1,0,0,full,0,0,0,0,0,0,0,0,0,0,0,0,852,0,0,Known Good,0.0,Known good/bad,0,Known good,0.0,3.258096538021482,0.041604654025988966,577.6389577138818
ACC-10000779,CUS-20000779,Maya Roberts,51 Victoria Road,M18 7TE,1985-01-27,39,2024-10-04,employed,34,not_working,homeowner_outright,80,4,1,32700.0,2003.62,247.4,101.08,1655.14,0.0908,2400.0,debt_consolidation,77,verified,web,6,1,0,pass,pass,194,2,0.5585,1,0,0,none,1,0,0,1,0,1,1,1,0,1,1,1,800,0,8,Known Bad,1.0,Known good/bad,1,Known bad,0.0,4.394449154672439,0.032143990814547066,585.3663055525698
ACC-10000783,CUS-20000783,Jack Clarke,96 Victoria Road,CF18 7QP,1986-03-26,38,2024-12-27,employed,31,professional,living_with_family,126,4,0,27600.0,1721.3,176.79,752.04,792.47,0.0769,10300.0,major_purchase,10,verified,branch,20,0,1,pass,pass,132,2,0.4379,0,0,0,full,0,0,0,0,1,1,1,0,0,1,0,0,859,0,4,Known Bad,1.0,Known good/bad,1,Known bad,0.0,4.844187086458591,0.023532341499721533,594.6199857766605
ACC-10000800,CUS-20000800,Leo Hughes,82 Church Street,LS8 7HT,1983-01-12,41,2024-08-24,employed,71,managerial,private_tenant,10,4,0,19500.0,1284.06,68.02,674.46,541.58,0.0419,9900.0,debt_consolidation,7,verified,mobile,17,0,0,pass,refer,159,2,0.3658,0,0,0,partial,0,0,0,0,0,0,0,0,0,0,0,0,891,0,0,Known Good,0.0,Known good/bad,0,Known good,0.0,2.3978952727983707,0.03224100075660677,585.276463955171
ACC-10000806,CUS-20000806,Sofia Green,178 Victoria Road,PL24 9SX,1997-07-20,27,2024-10-01,retired,84,service,private_tenant,52,6,1,38900.0,2301.35,132.49,760.29,1408.57,0.0409,9700.0,debt_consolidation,65,verified,branch,17,2,0,pass,pass,52,5,0.3215,2,0,0,full,0,0,0,0,0,0,0,0,0,0,0,0,858,0,0,Known Good,0.0,Known good/bad,0,Known good,0.0,3.970291913552122,0.03137586647930076,586.0870710477006
ACC-10000807,CUS-20000807,Isla Wilson,88 Oak Road,G18 9JA,1971-09-04,52,2024-09-01,retired,83,skilled,private_tenant,96,1,0,14600.0,939.15,632.44,643.99,-337.28,0.5198,11600.0,home_improvement,152,verified,telephone,6,1,0,pass,pass,159,0,0.4944,1,0,0,full,0,0,0,0,0,0,0,0,0,0,0,0,748,0,0,Known Good,0.0,Known good/bad,0,Known good,1.0,4.574710978503383,0.06425538371295841,564.4073882117473
ACC-10000816,CUS-20000816,Aisha Taylor,29 Meadow Close,NG20 6QL,1971-11-05,52,2024-09-25,employed,144,managerial,social_tenant,20,1,1,33000.0,2021.91,296.93,548.9,1176.08,0.108,3400.0,home_improvement,18,partially_verified,telephone,6,2,1,pass,pass,254,1,0.911,2,0,0,full,0,0,0,0,0,0,0,0,0,0,0,0,687,0,0,Known Good,0.0,Known good/bad,0,Known good,0.0,3.044522437723423,0.0606274543067716,566.1959617716802
ACC-10000821,CUS-20000821,Leo Khan,42 Oak Road,NG22 8SP,1976-05-31,48,2024-11-16,retired,28,skilled,living_with_family,68,3,1,18700.0,1162.34,252.17,449.77,460.4,0.1618,8900.0,car,166,partially_verified,branch,15,2,1,pass,refer,359,4,0.1762,2,0,0,full,0,0,0,0,0,0,0,0,0,0,0,0,808,0,0,Known Good,0.0,Known good/bad,0,Known good,0.0,4.23410650459726,0.029206164498324347,588.2192788801003
ACC-10000822,CUS-20000822,Amelia Hughes,155 Station Lane,LS24 5YQ,1957-08-03,67,2024-12-18,employed,97,professional,homeowner_mortgage,59,1,1,37800.0,2363.24,414.12,1184.01,765.11,0.1315,30000.0,car,130,not_verified,web,4,0,0,pass,pass,363,3,0.479,0,0,0,full,0,0,0,0,0,0,0,0,0,0,0,0,780,0,0,Known Good,0.0,Known good/bad,0,Known good,0.0,4.0943445622221,0.028585273061694016,588.8577438320639
ACC-10000825,CUS-20000825,Aisha Patel,133 Kingfisher Way,NR29 1PV,2000-04-10,24,2024-11-10,employed,110,professional,homeowner_mortgage,54,1,0,35800.0,2324.34,62.73,688.89,1572.72,0.021,12900.0,car,29,verified,branch,14,2,0,pass,pass,41,2,0.4024,2,0,0,full,0,0,0,0,0,0,0,0,0,0,0,0,748,0,0,Known Good,0.0,Known good/bad,0,Known good,0.0,4.007333185232471,0.03279070918872533,584.7722580740442
ACC-10000827,CUS-20000827,Amelia Davies,180 Victoria Road,G1 9ET,1967-06-13,57,2024-08-09,employed,27,professional,homeowner_mortgage,75,4,0,33200.0,1904.28,221.09,950.95,732.24,0.0799,3900.0,other,25,verified,mobile,15,2,1,refer,pass,201,5,0.1358,2,0,0,full,0,0,0,0,0,0,0,0,0,0,0,0,934,0,0,Known Good,0.0,Known good/bad,0,Known good,0.0,4.330733340286331,0.026239876336515963,591.3975481293189
ACC-10000828,CUS-20000828,Freya Roberts,167 Meadow Close,NG19 8XN,1974-05-19,50,2024-07-09,employed,42,not_working,private_tenant,20,1,0,25200.0,1580.09,601.18,378.24,600.67,0.2863,7000.0,home_improvement,17,verified,mobile,4,0,0,fail,pass,356,9,0.5116,0,0,0,full,0,0,0,0,0,0,0,0,0,0,0,0,886,0,0,Known Good,0.0,Known good/bad,0,Known good,0.0,3.044522437723423,0.038842031589357194,579.704536087696
ACC-10000829,CUS-20000829,Daniel Davies,172 Mill View,EH13 1EP,1983-12-12,41,2024-12-10,employed,111,skilled,homeowner_mortgage,79,1,0,24100.0,1542.1,60.1,1030.9,451.1,0.0299,6300.0,education,70,partially_verified,telephone,3,2,0,pass,pass,198,3,0.1282,2,1,1,partial,0,0,0,0,0,0,0,0,0,0,0,0,909,0,0,Known Good,0.0,Known good/bad,0,Known good,0.0,4.382026634673881,0.015760096281199835,606.4161112996804
ACC-10000831,CUS-20000831,George Hughes,173 Station Lane,B16 1AX,1992-01-09,32,2024-12-18,unemployed,29,administrative,private_tenant,38,2,1,13400.0,858.34,138.11,353.1,367.13,0.1237,8800.0,car,94,verified,mobile,23,0,0,pass,pass,53,0,0.1292,0,1,1,partial,0,0,0,0,0,0,0,0,0,0,0,0,823,0,0,Known Good,0.0,Known good/bad,0,Known good,0.0,3.6635616461296463,0.03912808704671917,579.484229082912
ACC-10000836,CUS-20000836,Theo Shah,174 Meadow Close,L15 7PB,1962-07-07,62,2024-08-30,part_time,74,professional,private_tenant,44,1,2,19900.0,1293.09,102.92,724.21,465.96,0.0621,15900.0,debt_consolidation,90,verified,web,13,2,1,pass,pass,348,3,0.5473,2,0,0,full,0,0,0,0,0,0,0,0,0,0,0,0,656,0,0,Known Good,0.0,Known good/bad,0,Known good,0.0,3.8066624897703196,0.03912590805593775,579.4859013953243
ACC-10000839,CUS-20000839,Freya Roberts,159 Mill View,PL21 7AU,1978-04-09,46,2024-11-14,employed,81,professional,social_tenant,130,3,0,22800.0,1402.75,49.05,1003.09,350.61,0.0258,27400.0,debt_consolidation,81,not_verified,mobile,9,0,0,pass,refer,318,2,0.245,0,0,0,full,0,0,0,0,0,0,0,0,0,0,0,0,844,0,0,Known Good,0.0,Known good/bad,0,Known good,0.0,4.875197323201151,0.019316349731665898,600.4407448264672
ACC-10000841,CUS-20000841,Isla Green,111 Mill View,PL10 9LY,1974-02-19,50,2024-10-28,employed,38,professional,homeowner_outright,66,2,1,48000.0,2965.47,465.74,120.85,2378.88,0.1164,6400.0,home_improvement,114,not_verified,branch,11,2,0,pass,pass,355,5,0.6402,2,0,0,full,0,0,0,0,0,0,0,0,0,0,0,0,810,0,0,Known Good,0.0,Known good/bad,0,Known good,0.0,4.204692619390966,0.04105452275821266,578.0395906118537
ACC-10000843,CUS-20000843,Sofia Evans,146 Highfield Gardens,NR26 5DB,1981-10-18,42,2024-07-20,employed,46,service,homeowner_mortgage,59,2,2,44400.0,2931.57,404.19,1456.16,1071.22,0.1092,14700.0,home_improvement,153,verified,mobile,0,0,0,pass,pass,154,1,0.5223,0,0,1,full,0,0,0,0,0,0,0,0,0,0,0,0,843,0,0,Known Good,0.0,Known good/bad,0,Known good,0.0,4.0943445622221,0.029119349914947336,588.3077542773082
ACC-10000845,CUS-20000845,Aisha Foster,190 Station Lane,EH5 5UP,1988-06-01,36,2024-08-24,employed,29,professional,living_with_family,51,5,1,54400.0,3351.31,64.85,180.0,3106.46,0.0143,5100.0,home_improvement,20,verified,web,18,0,0,fail,pass,116,4,0.5104,0,0,0,full,0,0,0,0,0,0,0,0,0,0,0,0,793,0,0,Known Good,0.0,Known good/bad,0,Known good,0.0,3.9512437185814275,0.02756995700064435,589.9313870727472
ACC-10000846,CUS-20000846,Leo Clarke,213 Park Avenue,PL1 9LB,1998-06-15,26,2024-08-02,employed,38,skilled,private_tenant,38,1,1,29000.0,1823.91,561.21,1229.99,32.71,0.2322,15000.0,debt_consolidation,80,verified,web,5,3,1,pass,pass,34,3,0.5998,3,0,1,full,0,0,0,0,0,0,0,0,0,0,0,0,757,0,0,Known Good,0.0,Known good/bad,0,Known good,1.0,3.6635616461296463,0.0846479666546062,555.8184637010963
ACC-10000847,CUS-20000847,Sofia Hughes,183 Victoria Road,B9 5AQ,2000-02-09,24,2024-09-12,self_employed,147,professional,homeowner_mortgage,82,2,2,118900.0,7202.36,195.82,922.68,6083.86,0.0198,2800.0,home_improvement,45,verified,mobile,16,1,1,pass,pass,71,2,0.4992,1,0,1,full,0,0,0,0,0,0,0,0,0,0,0,0,863,0,0,Known Good,0.0,Known good/bad,0,Known good,0.0,4.418840607796598,0.02901823531376249,588.4111263868818
ACC-10000849,CUS-20000849,Amelia Davies,7 Victoria Road,NE8 4PP,1978-12-07,45,2024-07-25,employed,47,skilled,homeowner_outright,7,2,0,29400.0,1815.63,880.5,2.71,932.42,0.3594,9200.0,debt_consolidation,29,verified,mobile,14,2,0,pass,pass,214,3,0.4024,2,0,0,full,0,0,0,0,0,0,0,0,0,0,0,0,829,0,0,Known Good,0.0,Known good/bad,0,Known good,0.0,2.0794415416798357,0.056744056676565326,568.2250379342128
ACC-10000851,CUS-20000851,Jack Roberts,239 Victoria Road,NE28 8BB,1959-07-20,65,2024-09-08,employed,4,skilled,living_with_family,47,2,2,33600.0,2116.69,335.2,490.36,1291.13,0.1197,19400.0,home_improvement,55,verified,web,9,2,0,pass,pass,521,3,0.3755,2,0,0,full,0,0,0,0,0,0,0,0,0,0,0,0,836,0,0,Known Good,0.0,Known good/bad,0,Known good,0.0,3.871201010907891,0.03521641780995496,582.6405819082389
ACC-10000854,CUS-20000854,Adam Morgan,194 Mill View,L7 2HV,1988-08-02,36,2024-10-16,employed,49,professional,homeowner_mortgage,52,3,0,40000.0,2509.05,299.29,440.17,1769.59,0.0898,6700.0,debt_consolidation,110,verified,branch,14,1,0,pass,pass,205,1,0.6633,1,1,2,none,0,0,0,0,0,0,0,0,0,0,0,0,697,0,0,Known Good,0.0,Known good/bad,0,Known good,0.0,3.970291913552122,0.062842471527703,565.0924711427684
ACC-10000858,CUS-20000858,Freya Evans,10 Station Lane,B3 5QN,1981-07-26,43,2024-10-13,part_time,95,administrative,homeowner_mortgage,38,4,2,37700.0,2498.12,391.83,860.97,1245.32,0.1247,6400.0,car,60,verified,web,22,1,0,pass,refer,187,1,0.231,1,0,0,partial,0,0,0,0,0,0,0,0,0,0,0,0,870,0,0,Known Good,0.0,Known good/bad,0,Known good,0.0,3.6635616461296463,0.028559243389972032,588.8848032335558
ACC-10000865,CUS-20000865,Jack Hughes,170 Kingfisher Way,G22 9LP,1987-09-12,36,2024-07-30,employed,56,administrative,social_tenant,50,2,0,18200.0,1149.07,85.19,341.55,722.33,0.0562,7000.0,education,126,verified,web,10,0,0,pass,pass,195,5,0.2844,0,0,0,full,0,0,0,0,0,0,0,0,0,0,0,0,862,0,0,Known Good,0.0,Known good/bad,0,Known good,0.0,3.9318256327243257,0.00875419478345569,623.5853674171794
ACC-10000868,CUS-20000868,Adam Evans,79 Highfield Gardens,SO23 7EH,1966-11-14,58,2024-12-11,retired,19,manual,homeowner_mortgage,94,2,0,39700.0,2398.22,787.15,339.44,1271.63,0.2379,2800.0,debt_consolidation,131,partially_verified,web,9,1,0,pass,pass,351,2,0.7217,1,0,0,full,0,0,0,0,0,0,0,0,0,0,0,0,778,0,0,Known Good,0.0,Known good/bad,0,Known good,0.0,4.553876891600541,0.03961356050862125,579.1138512033984
ACC-10000871,CUS-20000871,Isla Foster,191 Park Avenue,NR28 8LN,1960-03-06,64,2024-07-13,unemployed,177,manual,homeowner_mortgage,16,2,0,12500.0,788.07,134.27,654.43,-0.63,0.1289,19100.0,major_purchase,118,verified,web,22,1,1,pass,pass,180,2,0.4081,1,0,0,full,0,0,0,0,0,0,0,0,0,0,0,0,876,0,0,Known Good,0.0,Known good/bad,0,Known good,1.0,2.833213344056216,0.06018458836962986,566.4211046345583
ACC-10000877,CUS-20000877,Leo Green,169 Oak Road,NE5 7ED,1970-06-15,54,2024-11-24,employed,109,service,private_tenant,34,3,1,76400.0,4895.53,196.55,633.41,4065.57,0.0309,6300.0,car,99,verified,web,15,1,0,pass,pass,246,2,0.48,1,0,1,full,0,0,0,0,0,0,0,0,0,0,0,0,778,0,0,Known Good,0.0,Known good/bad,0,Known good,0.0,3.5553480614894135,0.03313277808697033,584.4626102301455
ACC-10000878,CUS-20000878,Theo Jones,159 Willow Drive,G19 7RL,1986-06-07,38,2024-07-16,employed,96,administrative,private_tenant,25,1,0,24200.0,1553.35,384.95,544.3,624.1,0.1909,5800.0,home_improvement,59,verified,web,16,0,1,pass,pass,151,3,0.5911,0,0,1,full,0,0,0,0,0,0,0,0,0,0,0,0,795,0,0,Known Good,0.0,Known good/bad,0,Known good,0.0,3.258096538021482,0.03733549918410513,580.891139506612
ACC-10000887,CUS-20000887,Adam Clarke,63 Meadow Close,G3 7QD,1992-02-09,32,2024-11-11,retired,34,not_working,private_tenant,55,1,0,30300.0,1904.57,191.12,747.48,965.97,0.0757,14300.0,major_purchase,171,verified,telephone,13,2,1,pass,refer,70,3,0.5164,2,0,0,full,0,0,0,0,0,0,0,0,0,0,0,0,796,0,0,Known Good,0.0,Known good/bad,0,Known good,0.0,4.02535169073515,0.03722108578164507,580.9831261958108
ACC-10000890,CUS-20000890,Jack Green,159 Station Lane,CF20 7YQ,1981-07-20,43,2024-08-12,employed,60,skilled,living_with_family,99,1,0,21600.0,1360.69,107.86,697.54,555.29,0.0599,30000.0,car,95,verified,web,18,0,0,pass,pass,202,3,0.1492,0,0,0,full,0,0,0,0,0,0,0,0,0,0,0,0,910,0,0,Known Good,0.0,Known good/bad,0,Known good,0.0,4.605170185988092,0.019159306596546927,600.6809078313566
ACC-10000900,CUS-20000900,Maya Wilson,244 Church Street,G5 2EE,1983-02-15,41,2024-11-09,part_time,91,not_working,homeowner_mortgage,56,3,1,12300.0,799.27,415.57,180.0,203.7,0.4054,4100.0,debt_consolidation,49,partially_verified,web,19,0,0,pass,pass,158,2,0.1715,0,0,0,full,0,0,0,0,0,0,0,0,0,0,0,0,893,0,0,Known Good,0.0,Known good/bad,0,Known good,0.0,4.04305126783455,0.027466852160909425,590.0425549819954
ACC-10000901,CUS-20000901,Daniel Hughes,122 Station Lane,EH18 7SB,2003-05-04,21,2024-12-06,unemployed,4,skilled,private_tenant,129,5,1,16400.0,1025.37,284.62,725.0,15.75,0.2083,10300.0,debt_consolidation,223,verified,branch,10,2,1,pass,pass,15,3,0.4599,2,0,0,full,1,0,0,1,0,1,0,0,0,0,0,0,877,0,3,Known Bad,1.0,Known good/bad,1,Known bad,1.0,4.867534450455582,0.05463303873307963,569.3834536439263
ACC-10000902,CUS-20000902,Theo Taylor,68 Station Lane,NG26 1VH,1979-07-09,45,2024-08-14,unemployed,66,professional,private_tenant,82,3,1,16400.0,955.57,346.03,1025.59,-416.05,0.2532,4600.0,debt_consolidation,29,verified,web,7,1,0,pass,pass,121,3,0.464,1,0,0,full,0,0,0,0,0,0,0,0,0,0,0,0,860,0,0,Known Good,0.0,Known good/bad,0,Known good,1.0,4.418840607796598,0.05339190988250755,570.0843600109408
ACC-10000903,CUS-20000903,Daniel Foster,215 Kingfisher Way,NG14 9ST,1988-06-03,36,2024-09-09,part_time,21,manual,homeowner_outright,79,2,1,40300.0,2534.4,741.38,26.76,1766.26,0.2208,2000.0,debt_consolidation,32,verified,mobile,12,2,1,pass,pass,120,0,0.2936,2,0,0,partial,0,0,0,0,0,0,0,0,0,0,0,0,866,0,0,Known Good,0.0,Known good/bad,0,Known good,0.0,4.382026634673881,0.03266788633484199,584.884201731234
ACC-10000917,CUS-20000917,Leo Lewis,51 Kingfisher Way,OX19 4JF,1981-01-14,43,2024-10-18,retired,55,professional,homeowner_mortgage,109,2,1,40000.0,2629.47,68.35,818.14,1742.98,0.0205,21400.0,education,95,partially_verified,web,14,0,0,pass,pass,200,0,0.2606,0,0,1,full,0,0,0,0,0,0,0,0,0,0,0,0,862,0,0,Known Good,0.0,Known good/bad,0,Known good,0.0,4.700480365792417,0.007362037482370424,628.6232507056679
ACC-10000919,CUS-20000919,Freya Taylor,8 Highfield Gardens,NG12 5JR,1976-02-11,48,2024-12-05,employed,28,skilled,homeowner_mortgage,26,1,1,33000.0,1999.99,340.99,180.0,1479.0,0.124,9400.0,home_improvement,97,verified,web,20,2,0,pass,refer,343,1,0.6487,2,0,0,full,0,0,0,0,0,0,0,0,0,0,0,0,792,0,0,Known Good,0.0,Known good/bad,0,Known good,0.0,3.295836866004329,0.04804772324742499,573.2898617025974
ACC-10000923,CUS-20000923,Ava Roberts,150 Meadow Close,BS14 5HA,1992-09-28,31,2024-09-04,employed,58,skilled,social_tenant,40,3,1,26300.0,1670.21,310.2,989.57,370.44,0.1415,3200.0,debt_consolidation,106,verified,web,12,1,1,pass,pass,153,3,0.4004,1,0,0,full,0,0,0,0,0,0,0,0,0,0,0,0,795,0,0,Known Good,0.0,Known good/bad,0,Known good,0.0,3.713572066704308,0.03281856638016907,584.7469247349405
ACC-10000929,CUS-20000929,Theo Evans,171 Mill View,EH9 5UY,1973-08-06,51,2024-08-08,employed,141,skilled,homeowner_mortgage,75,4,0,25300.0,1598.4,550.72,1223.98,-176.3,0.2612,8000.0,car,103,verified,mobile,19,3,0,pass,pass,325,2,0.2023,3,0,0,full,0,0,0,0,0,0,0,0,0,0,0,0,938,0,0,Known Good,0.0,Known good/bad,0,Known good,1.0,4.330733340286331,0.057446379600927196,567.848612492302
ACC-10000930,CUS-20000930,Sofia Morgan,103 Station Lane,NG2 2PW,1966-08-03,58,2024-11-16,employed,23,professional,homeowner_outright,63,1,2,11200.0,745.45,38.14,80.19,627.12,0.0409,4900.0,major_purchase,46,verified,web,8,1,0,pass,pass,152,5,0.2737,1,0,0,full,0,0,0,0,0,0,0,0,0,0,0,0,816,0,0,Known Good,0.0,Known good/bad,0,Known good,0.0,4.1588830833596715,0.0256633043168762,592.0557073662737
ACC-10000931,CUS-20000931,Aisha Lewis,236 Mill View,EH19 3DW,2000-09-29,23,2024-07-15,employed,15,professional,homeowner_mortgage,17,1,0,27600.0,1664.98,115.65,432.08,1117.25,0.0503,5700.0,other,77,not_verified,web,14,1,0,pass,pass,20,3,0.4336,1,1,1,full,0,0,0,0,0,0,0,0,0,0,0,0,728,0,0,Known Good,0.0,Known good/bad,0,Known good,0.0,2.8903717578961645,0.060663499058007955,566.1777052249048
ACC-10000934,CUS-20000934,Leo Lewis,27 Church Street,PL3 9QP,1983-02-15,41,2024-10-22,retired,75,manual,homeowner_mortgage,29,4,0,22600.0,1434.45,49.67,547.23,837.55,0.0264,10600.0,car,90,not_verified,mobile,3,1,1,pass,pass,163,2,0.383,1,0,0,full,0,0,0,0,0,0,0,0,0,0,0,0,854,0,0,Known Good,0.0,Known good/bad,0,Known good,0.0,3.4011973816621555,0.031344605444668466,586.116764883441
ACC-10000935,CUS-20000935,Oliver Evans,227 Station Lane,OX22 8AR,1977-04-16,47,2024-11-12,retired,16,professional,private_tenant,61,4,0,43500.0,2785.78,181.19,940.23,1664.36,0.05,3300.0,debt_consolidation,49,verified,mobile,0,2,0,pass,pass,223,2,0.098,2,0,0,full,0,0,0,0,0,0,0,0,0,0,0,0,857,0,0,Known Good,0.0,Known good/bad,0,Known good,0.0,4.127134385045092,0.025753143137403213,591.9522150995217
ACC-10000937,CUS-20000937,Ava Evans,105 Highfield Gardens,PL21 5HQ,1975-09-21,49,2024-11-29,employed,43,manual,private_tenant,28,6,0,32200.0,1921.3,242.09,827.01,852.2,0.0902,5700.0,debt_consolidation,25,verified,web,9,4,0,pass,pass,152,3,0.5999,4,0,0,partial,0,0,0,0,0,0,0,0,0,0,0,0,747,0,0,Known Good,0.0,Known good/bad,0,Known good,0.0,3.367295829986474,0.05778761139586441,567.6672793577814
ACC-10000942,CUS-20000942,Oliver Clarke,203 Meadow Close,L9 2XS,1990-01-14,34,2024-08-08,part_time,53,skilled,private_tenant,52,3,1,35100.0,2283.91,149.71,1187.56,946.64,0.0512,16900.0,car,22,verified,web,2,0,1,pass,pass,141,4,0.1774,0,0,0,full,0,0,0,0,0,0,0,0,0,0,0,0,963,0,0,Known Good,0.0,Known good/bad,0,Known good,0.0,3.970291913552122,0.021610707928997927,597.1346837285607
ACC-10000944,CUS-20000944,Isla Shah,205 Highfield Gardens,PL6 2JG,1974-08-28,49,2024-08-02,employed,89,service,homeowner_outright,17,1,0,31900.0,2011.62,399.28,62.09,1550.25,0.1502,5500.0,other,45,verified,mobile,2,1,0,refer,pass,226,4,0.1629,1,0,0,full,0,0,0,0,0,0,0,0,0,0,0,0,843,0,0,Known Good,0.0,Known good/bad,0,Known good,0.0,2.8903717578961645,0.031231953760262013,586.2240072627262
ACC-10000953,CUS-20000953,Ava Clarke,241 Highfield Gardens,NG18 4EX,1975-08-12,49,2024-09-24,retired,85,service,private_tenant,28,4,0,28300.0,1779.59,167.86,943.82,667.91,0.0712,3700.0,debt_consolidation,27,verified,web,18,1,0,pass,pass,288,0,0.0661,1,0,0,partial,0,0,0,0,0,0,0,0,0,0,0,0,919,0,0,Known Good,0.0,Known good/bad,0,Known good,0.0,3.367295829986474,0.025269622598862083,592.5134198771169
ACC-10000957,CUS-20000957,Maya Lewis,232 Station Lane,RG14 3JJ,1997-02-22,27,2024-10-11,employed,79,not_working,private_tenant,19,3,1,40300.0,2493.48,187.8,722.35,1583.33,0.0559,14400.0,car,59,verified,telephone,23,1,0,pass,pass,54,4,0.2106,1,0,0,none,0,0,0,0,0,0,0,0,0,0,0,0,852,0,0,Known Good,0.0,Known good/bad,0,Known good,0.0,2.995732273553991,0.029801372739824177,587.6194651265685
ACC-10000967,CUS-20000967,Isla Bennett,101 Victoria Road,NR23 5TF,1995-07-19,29,2024-09-19,employed,66,manual,social_tenant,37,2,1,26300.0,1707.33,195.14,854.38,657.81,0.089,9100.0,major_purchase,171,partially_verified,mobile,19,2,1,pass,pass,52,7,0.5226,2,0,1,full,0,0,0,0,0,0,0,0,0,0,0,0,791,0,0,Known Good,0.0,Known good/bad,0,Known good,0.0,3.6375861597263857,0.04018923365115837,578.6802566716539
ACC-10000972,CUS-20000972,Adam Wilson,159 Highfield Gardens,OX7 6RV,1976-05-08,48,2024-09-03,employed,98,not_working,living_with_family,62,4,2,39700.0,2601.4,444.69,1458.61,698.1,0.1344,8900.0,car,18,verified,branch,20,4,0,pass,pass,238,4,0.3806,4,0,0,full,0,0,0,0,0,0,0,0,0,0,0,0,799,0,0,Known Good,0.0,Known good/bad,0,Known good,0.0,4.143134726391533,0.044415232177414804,575.6680245891004
ACC-10000976,CUS-20000976,Maya Bennett,229 Station Lane,OX22 9RV,1974-02-03,50,2024-09-23,employed,40,not_working,private_tenant,98,1,0,20800.0,1286.83,143.76,661.02,482.05,0.0829,7200.0,home_improvement,27,verified,web,15,4,0,pass,pass,151,5,0.3526,4,0,0,full,0,0,0,0,0,0,0,0,0,0,0,0,751,0,0,Known Good,0.0,Known good/bad,0,Known good,0.0,4.59511985013459,0.03895692135936764,579.6158667166627
ACC-10000980,CUS-20000980,Leo Shah,212 Willow Drive,G9 3UJ,1971-11-09,52,2024-10-31,employed,37,skilled,homeowner_mortgage,99,2,1,29500.0,1838.9,413.9,632.94,792.06,0.1684,3700.0,major_purchase,41,verified,mobile,13,1,0,fail,pass,354,4,0.4289,1,0,0,full,0,0,0,0,0,0,0,0,0,0,0,0,817,0,0,Known Good,0.0,Known good/bad,0,Known good,0.0,4.605170185988092,0.02962415758901946,587.7968282156464
ACC-10000992,CUS-20000992,George Foster,134 Willow Drive,OX12 5YE,1981-08-17,43,2024-12-14,self_employed,38,service,homeowner_mortgage,69,5,1,16700.0,1033.44,155.92,352.53,524.99,0.112,7300.0,debt_consolidation,8,partially_verified,mobile,22,1,0,pass,pass,137,3,0.6475,1,0,0,full,0,0,0,0,0,0,0,0,0,0,0,0,799,0,0,Known Good,0.0,Known good/bad,0,Known good,0.0,4.248495242049359,0.035862854014820415,582.0963996268969
ACC-10001000,CUS-20001000,Amelia Bennett,224 Church Street,RG13 9PD,1990-01-19,34,2024-11-27,self_employed,33,skilled,homeowner_mortgage,36,2,0,11400.0,759.15,362.61,908.41,-511.87,0.3817,9900.0,debt_consolidation,90,not_verified,mobile,18,0,1,pass,pass,186,2,0.6499,0,0,0,full,0,0,0,0,0,0,0,0,0,0,0,0,775,0,0,Known Good,0.0,Known good/bad,0,Known good,1.0,3.6109179126442243,0.06736350571048276,562.9483913651161
ACC-10001005,CUS-20001005,Aisha Green,23 Church Street,L1 4EF,1987-04-25,37,2024-10-13,employed,34,managerial,homeowner_mortgage,102,1,2,55000.0,3541.74,241.23,789.52,2510.99,0.0526,7300.0,car,77,verified,branch,21,1,0,pass,pass,73,2,0.1841,1,1,1,full,0,0,0,0,0,0,0,0,0,0,0,0,815,0,0,Known Good,0.0,Known good/bad,0,Known good,0.0,4.634728988229636,0.037869585674159156,580.4652945802978
ACC-10001010,CUS-20001010,Sofia Roberts,223 Kingfisher Way,NE6 6VF,1989-04-21,35,2024-10-01,employed,44,professional,private_tenant,89,6,1,20000.0,1302.29,369.74,874.52,58.03,0.2218,7500.0,home_improvement,12,verified,mobile,5,4,1,pass,pass,91,1,0.3169,4,0,0,full,0,0,0,0,0,0,0,0,0,0,0,0,770,0,0,Known Good,0.0,Known good/bad,0,Known good,1.0,4.499809670330265,0.06754690786079917,562.8642665683682
ACC-10001015,CUS-20001015,Freya Bennett,189 Park Avenue,BS6 7DY,1979-06-10,45,2024-09-19,employed,62,skilled,living_with_family,56,1,0,25400.0,1680.58,336.11,648.28,696.19,0.1588,19700.0,home_improvement,40,verified,branch,14,1,0,pass,pass,166,2,0.661,1,0,0,full,0,0,0,0,0,0,0,0,0,0,0,0,807,0,0,Known Good,0.0,Known good/bad,0,Known good,0.0,4.04305126783455,0.03874086257714896,579.7828247141281
ACC-10001022,CUS-20001022,Maya Clarke,217 Station Lane,BS5 6YW,1980-11-22,43,2024-07-11,employed,86,service,homeowner_outright,85,4,0,29400.0,1900.81,69.31,116.61,1714.89,0.0283,16200.0,debt_consolidation,70,verified,telephone,18,1,1,pass,pass,94,2,0.4636,1,0,0,full,0,0,0,0,0,0,0,0,0,0,0,0,866,0,0,Known Good,0.0,Known good/bad,0,Known good,0.0,4.454347296253507,0.028214762818343297,589.2451839841221
ACC-10001023,CUS-20001023,Sofia Patel,52 Willow Drive,L29 8LL,1975-12-18,48,2024-07-31,self_employed,72,managerial,social_tenant,69,2,0,56000.0,3488.62,138.07,505.14,2845.41,0.0296,10300.0,debt_consolidation,92,partially_verified,web,5,0,1,pass,pass,244,0,0.3478,0,0,0,full,0,0,0,0,0,0,0,0,0,0,0,0,966,0,0,Known Good,0.0,Known good/bad,0,Known good,0.0,4.248495242049359,0.023313329537705995,594.8962530408677
ACC-10001026,CUS-20001026,George Foster,26 Church Street,SO4 5GR,1979-09-20,45,2024-12-12,part_time,109,managerial,homeowner_mortgage,64,1,0,25600.0,1633.05,528.35,535.36,569.34,0.2477,8200.0,debt_consolidation,30,verified,web,14,4,0,pass,pass,263,1,0.4989,4,0,0,partial,0,0,0,0,0,0,0,0,0,0,0,0,742,0,0,Known Good,0.0,Known good/bad,0,Known good,0.0,4.174387269895637,0.052519792466223666,570.586129920619
ACC-10001029,CUS-20001029,Sofia Patel,183 Meadow Close,LS16 8BY,1948-12-29,75,2024-12-07,employed,49,manual,homeowner_mortgage,113,3,1,28300.0,1660.31,364.5,913.14,382.67,0.1546,7400.0,debt_consolidation,39,verified,mobile,5,0,0,pass,pass,600,2,0.3349,0,0,0,full,0,0,0,0,0,0,0,0,0,0,0,0,881,0,0,Known Good,0.0,Known good/bad,0,Known good,0.0,4.736198448394496,0.023326636266193617,594.879395457664
ACC-10001030,CUS-20001030,Aisha Patel,209 Church Street,EH19 7LU,1995-02-22,29,2024-10-11,unemployed,0,administrative,living_with_family,65,3,2,16200.0,1036.23,64.07,1001.17,-29.01,0.0475,4900.0,debt_consolidation,16,not_verified,mobile,23,0,0,pass,pass,47,1,0.2239,0,0,0,full,0,0,0,0,0,0,0,0,0,0,0,0,907,0,0,Known Good,0.0,Known good/bad,0,Known good,1.0,4.189654742026425,0.034791029712938695,583.0039569887662
ACC-10001033,CUS-20001033,Noah Evans,48 Oak Road,G18 1BJ,1987-01-25,37,2024-10-15,unemployed,0,manual,private_tenant,27,2,1,18000.0,1112.13,208.55,603.12,300.46,0.139,6200.0,car,43,verified,web,13,1,0,refer,pass,107,5,0.9432,1,0,0,full,1,0,0,0,0,0,1,0,0,1,0,1,792,0,4,Known Bad,1.0,Known good/bad,1,Known bad,0.0,3.332204510175204,0.053398145683550835,570.0808001979201
ACC-10001035,CUS-20001035,Jack Jones,167 Station Lane,LS10 1DV,1992-10-20,31,2024-09-16,part_time,45,professional,homeowner_mortgage,24,4,2,42900.0,2763.24,400.05,959.73,1403.46,0.1119,1500.0,home_improvement,106,verified,mobile,7,1,0,pass,pass,104,3,0.559,1,0,0,full,0,0,0,0,0,0,0,0,0,0,0,0,843,0,0,Known Good,0.0,Known good/bad,0,Known good,0.0,3.2188758248682006,0.03946013326196239,579.2304314072421
ACC-10001039,CUS-20001039,Theo Clarke,156 Oak Road,PL27 4BD,1976-01-27,48,2024-07-04,employed,204,managerial,homeowner_outright,31,2,0,12600.0,838.39,513.19,147.29,177.91,0.4888,3600.0,debt_consolidation,35,verified,web,17,0,0,pass,pass,252,0,0.576,0,0,1,full,0,0,0,0,0,0,0,0,0,0,0,0,810,0,0,Known Good,0.0,Known good/bad,0,Known good,0.0,3.4657359027997265,0.04411401797674351,575.8734655927797
ACC-10001040,CUS-20001040,Sofia Green,44 Mill View,SO4 8GE,1977-09-26,47,2024-10-17,employed,58,managerial,homeowner_mortgage,64,1,1,26600.0,1668.05,229.16,876.63,562.26,0.1034,2400.0,debt_consolidation,51,verified,web,2,1,0,pass,pass,126,1,0.3064,1,0,0,full,0,0,0,0,0,0,0,0,0,0,0,0,828,0,0,Known Good,0.0,Known good/bad,0,Known good,0.0,4.174387269895637,0.027490956553825475,590.0165292881572
ACC-10001043,CUS-20001043,Sofia Bennett,6 Victoria Road,NR18 8QJ,1998-03-11,26,2024-08-22,retired,75,service,homeowner_outright,78,3,0,38500.0,2371.99,137.38,113.97,2120.64,0.0428,9100.0,home_improvement,30,verified,web,5,0,0,pass,pass,32,0,0.2965,0,1,1,full,0,0,0,0,0,0,0,0,0,0,0,0,861,0,0,Known Good,0.0,Known good/bad,0,Known good,0.0,4.3694478524670215,0.03763383831341607,580.6525476448021
ACC-10001046,CUS-20001046,Daniel Lewis,241 Station Lane,CF2 9EJ,1999-08-28,25,2024-12-08,unemployed,8,administrative,social_tenant,60,1,0,10500.0,659.71,557.21,722.88,-620.38,0.6368,3900.0,car,90,verified,mobile,14,0,0,pass,refer,28,2,0.6901,0,0,0,full,0,0,0,0,0,0,0,0,0,0,0,0,780,0,0,Known Good,0.0,Known good/bad,0,Known good,1.0,4.110873864173311,0.0766203976126865,558.9453451198513
ACC-10001049,CUS-20001049,Theo Davies,120 Church Street,SO2 4BV,1980-07-26,44,2024-10-16,employed,56,manual,homeowner_mortgage,127,1,3,23800.0,1577.26,79.34,1010.63,487.29,0.04,7500.0,major_purchase,62,verified,web,12,0,0,pass,pass,241,5,0.7072,0,0,1,partial,0,0,0,0,0,0,0,0,0,0,0,0,871,0,0,Known Good,0.0,Known good/bad,0,Known good,0.0,4.852030263919617,0.02839326712398383,589.0579105493692
ACC-10001051,CUS-20001051,Ava Wilson,29 Oak Road,LS23 5SY,1975-01-06,49,2024-12-25,employed,135,service,private_tenant,64,1,0,34900.0,2254.94,221.85,677.63,1355.46,0.0763,14700.0,home_improvement,54,verified,web,1,0,0,pass,pass,367,4,0.0,0,0,0,none,0,0,0,0,0,0,0,0,0,0,0,0,933,0,0,Known Good,0.0,Known good/bad,0,Known good,0.0,4.174387269895637,0.018449268784774396,601.7914220438894
ACC-10001052,CUS-20001052,Adam Morgan,116 Victoria Road,OX1 8LU,1975-07-11,49,2024-12-20,employed,33,manual,living_with_family,38,2,2,57900.0,3512.74,408.46,729.03,2375.25,0.0847,12500.0,major_purchase,139,verified,mobile,17,1,1,pass,pass,333,1,0.513,1,0,1,full,0,0,0,0,0,0,0,0,0,0,0,0,798,0,0,Known Good,0.0,Known good/bad,0,Known good,0.0,3.6635616461296463,0.03473759033141574,583.0499084212327
ACC-10001055,CUS-20001055,Oliver Patel,189 Park Avenue,BS11 9EU,1979-08-21,45,2024-11-09,employed,38,managerial,private_tenant,46,3,1,73700.0,4820.45,427.96,365.19,4027.3,0.0697,3300.0,car,37,partially_verified,branch,14,4,0,pass,pass,283,1,0.2502,4,1,2,partial,0,0,0,0,0,0,0,0,0,0,0,0,704,0,0,Known Good,0.0,Known good/bad,0,Known good,0.0,3.8501476017100584,0.06731281504402714,562.971680164487
ACC-10001058,CUS-20001058,Aisha Khan,50 Victoria Road,SO10 9YB,1957-06-09,67,2024-11-20,employed,110,administrative,private_tenant,147,3,1,16300.0,1034.22,1169.27,461.72,-596.77,0.8608,12900.0,home_improvement,18,verified,web,23,0,0,pass,pass,500,3,0.2729,0,0,1,full,0,0,0,0,0,0,0,0,0,0,0,0,879,0,0,Known Good,0.0,Known good/bad,0,Known good,1.0,4.997212273764115,0.05655777861181996,568.3256122856873
ACC-10001062,CUS-20001062,Ava Bennett,10 Willow Drive,SO3 5FH,1995-07-04,29,2024-09-27,retired,49,skilled,private_tenant,89,1,2,46900.0,2986.17,489.4,961.82,1534.95,0.1252,2500.0,major_purchase,34,verified,mobile,6,0,0,pass,pass,118,3,0.4067,0,0,2,partial,0,0,0,0,0,0,0,0,0,0,0,0,804,0,0,Known Good,0.0,Known good/bad,0,Known good,0.0,4.499809670330265,0.02514091842515024,592.6645647953733
ACC-10001067,CUS-20001067,Adam Patel,85 Victoria Road,S4 8HW,1971-02-06,53,2024-08-23,part_time,79,service,private_tenant,149,2,0,32900.0,2111.63,357.51,811.23,942.89,0.1304,3900.0,home_improvement,13,verified,web,5,1,1,pass,pass,146,0,0.2371,1,0,0,partial,0,0,0,0,0,0,0,0,0,0,0,0,850,0,0,Known Good,0.0,Known good/bad,0,Known good,0.0,5.0106352940962555,0.023139127736837652,595.1178105517876
ACC-10001069,CUS-20001069,Sofia Roberts,13 Meadow Close,M4 3UV,1993-04-13,31,2024-08-08,employed,94,administrative,private_tenant,70,5,0,49400.0,3136.86,262.84,809.18,2064.84,0.0638,7900.0,car,120,verified,web,3,0,1,pass,pass,100,4,0.1297,0,0,0,full,0,0,0,0,0,0,0,0,0,0,0,0,863,0,0,Known Good,0.0,Known good/bad,0,Known good,0.0,4.2626798770413155,0.02000646891603471,599.4075514593634
ACC-10001077,CUS-20001077,Sofia Roberts,157 Kingfisher Way,OX19 4XF,1993-01-22,31,2024-07-31,employed,89,manual,private_tenant,31,1,2,11000.0,686.89,155.51,648.16,-116.78,0.1696,11600.0,education,94,verified,mobile,1,0,0,pass,pass,152,4,0.4352,0,1,1,full,0,0,0,0,0,0,0,0,0,0,0,0,748,0,0,Known Good,0.0,Known good/bad,0,Known good,1.0,3.4657359027997265,0.03210396983311009,585.4034456674386
ACC-10001079,CUS-20001079,Adam Evans,213 Station Lane,BS12 4NX,1987-12-06,36,2024-11-18,self_employed,36,not_working,private_tenant,4,2,1,57100.0,3727.01,976.5,1188.46,1562.05,0.2052,15000.0,debt_consolidation,103,verified,web,11,0,0,pass,pass,182,5,0.5106,0,0,1,full,0,0,0,0,0,0,0,0,0,0,0,0,792,0,0,Known Good,0.0,Known good/bad,0,Known good,0.0,1.6094379124341003,0.04610418192875612,574.5401198982161
ACC-10001085,CUS-20001085,Sofia Shah,39 Park Avenue,BS16 4QG,1958-02-01,66,2024-11-23,employed,73,manual,homeowner_mortgage,63,4,0,25000.0,1624.91,631.73,996.6,-3.42,0.3032,4100.0,car,109,verified,mobile,13,1,0,pass,pass,288,3,0.2572,1,0,0,none,0,0,0,0,0,0,0,0,0,0,0,0,834,0,0,Known Good,0.0,Known good/bad,0,Known good,1.0,4.1588830833596715,0.04904558127183341,572.6664986546707
ACC-10001091,CUS-20001091,Ava Clarke,119 Park Avenue,NG16 2NJ,1996-07-22,28,2024-12-19,employed,104,manual,private_tenant,30,5,1,21000.0,1318.2,85.84,765.82,466.54,0.0491,18100.0,home_improvement,32,verified,web,20,1,0,pass,pass,80,3,0.5957,1,1,2,full,1,0,0,1,0,0,1,1,0,1,1,0,738,0,6,Known Bad,1.0,Known good/bad,1,Known bad,0.0,3.4339872044851463,0.06307220450157057,564.9801083305878
ACC-10001094,CUS-20001094,Priya Khan,97 Mill View,LS27 4BR,1994-08-31,30,2024-10-16,employed,55,service,private_tenant,113,2,2,52100.0,3233.97,796.9,689.62,1747.45,0.1835,13100.0,other,62,verified,mobile,11,2,0,pass,pass,137,5,0.177,2,0,1,full,0,0,0,0,0,0,0,0,0,0,0,0,852,0,0,Known Good,0.0,Known good/bad,0,Known good,0.0,4.736198448394496,0.027359842103481354,590.1583631782148
ACC-10001095,CUS-20001095,Aisha Shah,221 Church Street,NR3 7XP,1982-06-20,42,2024-08-25,retired,81,administrative,homeowner_outright,58,1,0,102300.0,6242.76,62.75,18.06,6161.95,0.0074,13400.0,education,33,verified,web,2,0,0,refer,pass,229,3,0.4276,0,0,1,partial,0,0,0,0,0,0,0,0,0,0,0,0,821,0,0,Known Good,0.0,Known good/bad,0,Known good,0.0,4.07753744390572,0.009264612180706688,621.9353839680732
ACC-10001098,CUS-20001098,Oliver Khan,112 Mill View,RG6 6FV,1966-01-07,58,2024-10-27,part_time,81,administrative,homeowner_mortgage,202,2,2,81800.0,5234.34,315.83,522.13,4396.38,0.0463,11000.0,major_purchase,70,verified,mobile,10,1,0,pass,pass,170,1,0.2976,1,0,0,full,0,0,0,0,0,0,0,0,0,0,0,0,879,0,0,Known Good,0.0,Known good/bad,0,Known good,0.0,5.313205979041787,0.0217518121099929,596.9427368623338
ACC-10001105,CUS-20001105,Isla Roberts,94 Willow Drive,SO10 2UX,1961-09-08,62,2024-07-20,employed,12,professional,private_tenant,41,2,1,26700.0,1703.7,362.76,387.27,953.67,0.163,5100.0,major_purchase,52,verified,web,0,0,0,pass,pass,349,7,0.5238,0,0,0,full,0,0,0,0,0,0,0,0,0,0,0,0,818,0,0,Known Good,0.0,Known good/bad,0,Known good,0.0,3.7376696182833684,0.03210838904086069,585.399342373694
ACC-10001114,CUS-20001114,Freya Wilson,197 Meadow Close,SO25 3NB,1974-06-27,50,2024-07-22,employed,28,service,private_tenant,50,4,0,35200.0,2294.27,271.43,826.91,1195.93,0.0925,12200.0,car,169,not_verified,mobile,1,4,1,pass,pass,328,1,0.2687,4,2,2,full,0,0,0,0,0,0,0,0,0,0,0,0,665,0,0,Known Good,0.0,Known good/bad,0,Known good,0.0,3.9318256327243257,0.11264744434800993,546.6767329031803
ACC-10001120,CUS-20001120,Daniel Patel,88 Church Street,PL4 5FU,1986-12-29,37,2024-07-12,employed,61,skilled,private_tenant,54,2,2,38700.0,2600.12,208.91,851.52,1539.69,0.0648,4500.0,debt_consolidation,134,verified,web,21,0,1,fail,pass,110,1,0.1516,0,0,0,full,0,0,0,0,0,0,0,0,0,0,0,0,912,0,0,Known Good,0.0,Known good/bad,0,Known good,0.0,4.007333185232471,0.021247523890797513,597.6344246546222
ACC-10001133,CUS-20001133,Leo Khan,18 Willow Drive,NR29 7SR,1965-11-09,58,2024-10-12,retired,47,managerial,homeowner_mortgage,25,2,0,19100.0,1189.91,460.34,763.02,-33.45,0.2892,4400.0,car,31,verified,web,7,2,0,pass,pass,224,3,0.3856,2,0,1,partial,0,0,0,0,0,0,0,0,0,0,0,0,797,0,0,Known Good,0.0,Known good/bad,0,Known good,1.0,3.258096538021482,0.07024915905424813,561.6487019553933
ACC-10001136,CUS-20001136,Maya Jones,203 Victoria Road,RG15 2TY,1993-08-22,30,2024-08-06,self_employed,61,managerial,homeowner_outright,85,2,0,28900.0,1682.04,226.51,81.54,1373.99,0.0941,2700.0,debt_consolidation,22,partially_verified,mobile,20,0,0,pass,pass,87,2,0.0882,0,0,0,full,0,0,0,0,0,0,0,0,0,0,0,0,910,0,0,Known Good,0.0,Known good/bad,0,Known good,0.0,4.454347296253507,0.019167472346980043,600.6683726203288
ACC-10001144,CUS-20001144,George Wilson,32 Highfield Gardens,M18 5WX,1988-01-29,36,2024-11-18,employed,106,service,homeowner_mortgage,93,1,0,36300.0,2407.34,324.88,1060.07,1022.39,0.1074,12800.0,debt_consolidation,41,verified,web,17,3,0,pass,pass,95,6,0.0632,3,0,0,full,0,0,0,0,0,0,0,0,0,0,0,0,904,0,0,Known Good,0.0,Known good/bad,0,Known good,0.0,4.543294782270004,0.02784893961040981,589.6326003534361
ACC-10001145,CUS-20001145,Freya Roberts,217 Station Lane,M15 9JL,1986-01-04,38,2024-08-21,employed,71,managerial,private_tenant,84,1,1,26600.0,1722.06,512.14,785.61,424.31,0.231,15700.0,education,18,verified,branch,21,3,0,fail,pass,196,6,0.4316,3,0,0,full,0,0,0,0,0,0,0,0,0,0,0,0,787,0,0,Known Good,0.0,Known good/bad,0,Known good,0.0,4.442651256490317,0.015427317707476962,607.0416473819354
ACC-10001146,CUS-20001146,Aisha Evans,115 Mill View,B12 2TW,1981-07-18,43,2024-09-11,part_time,30,not_working,homeowner_mortgage,128,2,2,38600.0,2338.8,272.26,639.62,1426.92,0.0846,10100.0,debt_consolidation,28,verified,web,0,3,1,pass,pass,210,6,0.2437,3,1,1,full,0,0,0,0,0,0,0,0,0,0,0,0,735,0,0,Known Good,0.0,Known good/bad,0,Known good,0.0,4.859812404361672,0.05079328838864285,571.6031265737728
ACC-10001148,CUS-20001148,Jack Shah,116 Kingfisher Way,L21 5TE,2005-11-27,18,2024-11-01,self_employed,68,manual,homeowner_mortgage,70,2,0,26400.0,1585.85,443.05,437.03,705.77,0.2014,3800.0,education,68,not_verified,web,3,1,0,pass,pass,0,3,0.5988,1,0,1,full,0,0,0,0,0,0,0,0,0,0,0,0,827,0,0,Known Good,0.0,Known good/bad,0,Known good,0.0,4.2626798770413155,0.013620540256347142,610.688614678269
ACC-10001155,CUS-20001155,Sofia Wilson,137 Victoria Road,BS24 5YB,1983-11-14,40,2024-08-02,employed,83,service,homeowner_mortgage,98,2,3,15900.0,1009.17,86.39,1005.46,-82.68,0.0652,7600.0,education,57,verified,web,11,1,0,pass,pass,138,6,0.3314,1,0,0,full,0,0,0,0,0,0,0,0,0,0,0,0,865,0,0,Known Good,0.0,Known good/bad,0,Known good,1.0,4.59511985013459,0.015245824385421188,607.3884274251106
ACC-10001157,CUS-20001157,Noah Jones,50 Park Avenue,S28 6RY,1979-08-21,45,2024-10-13,retired,45,manual,social_tenant,13,2,2,52000.0,3238.13,241.68,864.21,2132.24,0.0558,2900.0,debt_consolidation,41,partially_verified,mobile,10,1,1,pass,pass,201,3,0.3177,1,0,0,full,0,0,0,0,0,0,0,0,0,0,0,0,862,0,0,Known Good,0.0,Known good/bad,0,Known good,0.0,2.6390573296152584,0.03437977839259903,583.3593509679625
ACC-10001159,CUS-20001159,Freya Davies,174 Park Avenue,NG19 2PJ,2005-11-07,18,2024-07-19,employed,94,managerial,homeowner_mortgage,107,1,0,12600.0,797.06,547.04,180.0,70.02,0.521,8100.0,car,100,verified,branch,17,1,1,pass,pass,0,3,0.0605,1,0,0,full,0,0,0,0,0,0,0,0,0,0,0,0,937,0,0,Known Good,0.0,Known good/bad,0,Known good,1.0,4.68213122712422,0.04511542492465308,575.1955496823866
ACC-10001161,CUS-20001161,Maya Bennett,170 Highfield Gardens,G8 5RR,1984-01-22,40,2024-11-08,unemployed,99,administrative,homeowner_mortgage,98,1,4,10700.0,668.66,346.17,851.05,-528.56,0.3882,2300.0,car,34,verified,web,19,2,0,pass,refer,98,3,0.1734,2,1,1,full,0,0,0,0,0,0,0,0,0,0,0,0,765,0,0,Known Good,0.0,Known good/bad,0,Known good,1.0,4.59511985013459,0.08617728727326858,555.2535704077426
ACC-10001167,CUS-20001167,Priya Shah,162 Victoria Road,PL1 2RX,1995-05-31,29,2024-12-09,employed,66,manual,living_with_family,36,4,0,18900.0,1174.87,317.11,562.7,295.06,0.2013,10700.0,education,120,verified,web,17,0,0,pass,pass,72,5,0.3886,0,0,1,partial,0,0,0,0,0,0,0,0,0,0,0,0,796,0,0,Known Good,0.0,Known good/bad,0,Known good,0.0,3.6109179126442243,0.011179688469731226,616.4580059266023
ACC-10001171,CUS-20001171,Daniel Taylor,245 Victoria Road,M25 8DH,1990-02-03,34,2024-08-11,employed,37,manual,homeowner_mortgage,50,3,0,24800.0,1592.29,117.23,365.02,1110.04,0.0567,9300.0,home_improvement,19,verified,web,5,1,1,pass,pass,104,1,0.8313,1,0,1,full,0,0,0,0,0,0,0,0,0,0,0,0,769,0,0,Known Good,0.0,Known good/bad,0,Known good,0.0,3.9318256327243257,0.041948410558993135,577.3911820476792
ACC-10001172,CUS-20001172,Sofia Khan,171 Highfield Gardens,CF14 9YH,1969-03-22,55,2024-09-30,retired,45,administrative,living_with_family,65,2,0,41400.0,2496.78,421.6,614.13,1461.05,0.1222,4300.0,car,46,partially_verified,mobile,13,1,1,pass,pass,375,1,0.128,1,0,1,full,0,0,0,0,0,0,0,0,0,0,0,0,857,0,0,Known Good,0.0,Known good/bad,0,Known good,0.0,4.189654742026425,0.024095666261691597,593.9207588345116
ACC-10001176,CUS-20001176,Noah Hughes,20 Highfield Gardens,OX2 1LH,1982-04-20,42,2024-09-12,employed,39,skilled,social_tenant,50,3,0,32500.0,2094.31,322.29,549.35,1222.67,0.119,4300.0,debt_consolidation,102,verified,telephone,21,2,1,pass,pass,221,3,0.6372,2,0,0,full,0,0,0,0,0,0,0,0,0,0,0,0,819,0,0,Known Good,0.0,Known good/bad,0,Known good,0.0,3.9318256327243257,0.042866972877072335,576.7384962856543
ACC-10001183,CUS-20001183,Priya Hughes,94 Church Street,LS8 7XS,1972-12-30,51,2024-10-29,employed,84,not_working,homeowner_mortgage,49,4,1,32400.0,2019.48,330.61,627.95,1060.92,0.1224,14700.0,major_purchase,139,verified,branch,2,2,1,pass,pass,383,4,0.6137,2,1,1,full,0,0,0,0,0,0,0,0,0,0,0,0,740,0,0,Known Good,0.0,Known good/bad,0,Known good,0.0,3.912023005428146,0.07089222936603734,561.3658071079011
ACC-10001187,CUS-20001187,Freya Clarke,57 Mill View,NR24 8GT,1989-04-06,35,2024-07-04,retired,84,not_working,private_tenant,19,2,1,38800.0,2411.46,769.29,785.6,856.57,0.2379,8300.0,major_purchase,100,verified,web,22,2,0,pass,refer,129,1,0.3409,2,0,1,full,0,0,0,0,0,0,0,0,0,0,0,0,809,0,0,Known Good,0.0,Known good/bad,0,Known good,0.0,2.995732273553991,0.04291214278666691,576.7067465458131
ACC-10001190,CUS-20001190,George Morgan,220 Meadow Close,PL27 2ND,1968-03-09,56,2024-08-05,employed,33,professional,homeowner_outright,46,1,2,30000.0,1947.72,616.5,97.22,1234.0,0.2466,8100.0,debt_consolidation,261,verified,telephone,11,2,0,pass,pass,355,5,0.3401,2,0,0,full,0,0,0,0,0,0,0,0,0,0,0,0,764,0,0,Known Good,0.0,Known good/bad,0,Known good,0.0,3.8501476017100584,0.037621828814503364,580.6621168784135
ACC-10001207,CUS-20001207,Jack Patel,208 Mill View,SO9 3NS,1982-04-02,42,2024-10-18,retired,22,service,private_tenant,21,2,0,86100.0,5553.76,226.39,588.66,4738.71,0.0316,4000.0,home_improvement,38,verified,mobile,4,2,1,pass,pass,96,4,0.2012,2,0,0,full,0,0,0,0,0,0,0,0,0,0,0,0,796,0,0,Known Good,0.0,Known good/bad,0,Known good,0.0,3.091042453358316,0.03265259379778168,584.8981681697114
ACC-10001210,CUS-20001210,Maya Evans,216 Kingfisher Way,EH1 7VX,1982-07-15,42,2024-11-18,employed,139,managerial,living_with_family,34,4,0,51800.0,3251.2,107.15,430.96,2713.09,0.0248,6800.0,debt_consolidation,18,verified,mobile,16,3,1,pass,pass,149,5,0.4783,3,0,0,full,0,0,0,0,0,0,0,0,0,0,0,0,789,0,0,Known Good,0.0,Known good/bad,0,Known good,0.0,3.5553480614894135,0.04280145297637897,576.7846067916693
ACC-10001214,CUS-20001214,Noah Taylor,109 Park Avenue,S16 2XN,1997-01-21,27,2024-11-22,employed,31,administrative,social_tenant,74,3,2,41400.0,2581.26,148.23,556.48,1876.55,0.043,7300.0,debt_consolidation,63,verified,mobile,21,4,0,pass,pass,103,2,0.5432,4,0,0,full,0,0,0,0,0,0,0,0,0,0,0,0,674,0,0,Known Good,0.0,Known good/bad,0,Known good,0.0,4.31748811353631,0.04600089562229766,574.6079573337847
ACC-10001220,CUS-20001220,Adam Morgan,165 Kingfisher Way,M1 4NJ,1961-08-18,63,2024-10-31,employed,53,managerial,homeowner_mortgage,84,3,1,50600.0,3322.62,76.5,307.58,2938.54,0.0181,5100.0,home_improvement,106,verified,web,4,1,0,pass,pass,353,3,0.3748,1,0,1,full,0,0,0,0,0,0,0,0,0,0,0,0,733,0,0,Known Good,0.0,Known good/bad,0,Known good,0.0,4.442651256490317,0.026136806685460458,591.5141627277014
ACC-10001225,CUS-20001225,Sofia Khan,246 Willow Drive,NE15 6YY,2002-04-24,22,2024-12-03,employed,22,skilled,social_tenant,56,2,1,17800.0,1112.12,1235.98,674.99,-798.85,0.8332,4800.0,home_improvement,39,verified,telephone,22,0,1,pass,refer,25,5,0.3657,0,0,0,full,0,0,0,0,0,0,0,0,0,0,0,0,826,0,0,Known Good,0.0,Known good/bad,0,Known good,1.0,4.04305126783455,0.06921070255430037,562.1106275555678
ACC-10001229,CUS-20001229,Ava Evans,61 Kingfisher Way,CF10 6HH,1977-07-29,46,2024-07-02,employed,33,managerial,homeowner_mortgage,51,1,0,60600.0,4008.26,451.61,780.21,2776.44,0.0894,4200.0,car,37,partially_verified,web,21,1,0,pass,pass,181,6,0.3057,1,0,0,full,0,0,0,0,0,0,0,0,0,0,0,0,862,0,0,Known Good,0.0,Known good/bad,0,Known good,0.0,3.9512437185814275,0.028204318201034115,589.2561772929425
ACC-10001232,CUS-20001232,George Wilson,29 Church Street,NG1 5VR,1951-11-26,72,2024-08-13,self_employed,53,not_working,homeowner_mortgage,47,1,1,34200.0,2161.88,104.45,979.45,1077.98,0.0366,8400.0,major_purchase,39,verified,mobile,3,1,0,pass,pass,302,5,0.2279,1,0,0,full,0,0,0,0,0,0,0,0,0,0,0,0,854,0,0,Known Good,0.0,Known good/bad,0,Known good,0.0,3.871201010907891,0.025845308333070232,591.8464075171589
ACC-10001233,CUS-20001233,Isla Clarke,183 Kingfisher Way,NR18 2PL,1997-11-24,26,2024-09-18,employed,44,manual,private_tenant,80,4,1,27100.0,1811.07,110.2,812.39,888.48,0.0488,14300.0,car,89,verified,web,2,2,0,fail,pass,55,4,0.6378,2,0,1,full,0,1,1,0,0,0,0,1,0,0,0,0,817,0,3,Known Bad,1.0,Known good/bad,1,Known bad,0.0,4.394449154672439,0.03787702118139596,580.4594068259215
ACC-10001234,CUS-20001234,Amelia Morgan,99 Station Lane,G18 2FQ,1982-09-06,41,2024-08-10,employed,82,managerial,private_tenant,61,4,0,16500.0,1037.35,127.9,590.49,318.96,0.093,4700.0,car,32,verified,web,1,2,0,refer,pass,133,4,0.4401,2,0,0,none,0,0,0,0,0,0,0,0,0,0,0,0,803,0,0,Known Good,0.0,Known good/bad,0,Known good,0.0,4.127134385045092,0.0348955291904787,582.9142962929747
ACC-10001235,CUS-20001235,Freya Khan,93 Oak Road,L24 1LE,1971-05-05,53,2024-07-30,employed,64,not_working,homeowner_mortgage,148,4,1,52200.0,3233.96,478.14,908.93,1846.89,0.1099,7000.0,debt_consolidation,87,verified,mobile,1,0,0,pass,pass,299,6,0.5725,0,0,0,full,0,0,0,0,0,0,0,0,0,0,0,0,708,0,0,Known Good,0.0,Known good/bad,0,Known good,0.0,5.003946305945459,0.026157638758936928,591.4905569571034
ACC-10001236,CUS-20001236,Amelia Evans,86 Victoria Road,M25 1FA,1975-11-20,48,2024-08-12,employed,16,not_working,private_tenant,58,3,2,23900.0,1543.38,220.53,1420.61,-97.76,0.1107,9100.0,home_improvement,35,verified,mobile,18,1,1,pass,pass,206,3,0.9372,1,0,0,full,0,0,0,0,0,0,0,0,0,0,0,0,761,0,0,Known Good,0.0,Known good/bad,0,Known good,1.0,4.07753744390572,0.07345764613665465,560.2603232723709
ACC-10001242,CUS-20001242,Jack Shah,114 Meadow Close,L25 1ED,1993-06-05,31,2024-11-02,employed,27,service,homeowner_outright,86,3,3,14900.0,927.38,314.3,60.81,552.27,0.2531,9700.0,car,127,verified,web,7,0,1,pass,pass,53,2,0.0009,0,0,0,full,0,0,0,0,0,0,0,0,0,0,0,0,963,0,0,Known Good,0.0,Known good/bad,0,Known good,0.0,4.465908118654584,0.020017370145623273,599.3915127103913
ACC-10001243,CUS-20001243,Freya Morgan,67 Mill View,B6 2LU,1977-01-01,47,2024-08-30,employed,10,manual,homeowner_mortgage,135,4,0,29700.0,2021.3,535.03,1039.77,446.5,0.2162,18300.0,major_purchase,21,verified,web,15,1,1,pass,pass,196,2,0.2474,1,1,1,full,0,0,0,0,0,0,0,0,0,0,0,0,786,0,0,Known Good,0.0,Known good/bad,0,Known good,0.0,4.912654885736052,0.04277708913892065,576.8017703683043
ACC-10001251,CUS-20001251,Priya Khan,207 Park Avenue,EH24 2EU,1958-06-27,66,2024-07-07,self_employed,38,skilled,homeowner_mortgage,107,2,0,34500.0,2170.51,346.91,515.68,1307.92,0.1207,4500.0,home_improvement,84,not_verified,mobile,4,0,0,pass,refer,267,2,0.3835,0,0,0,full,0,0,0,0,0,0,0,0,0,0,0,0,806,0,0,Known Good,0.0,Known good/bad,0,Known good,0.0,4.68213122712422,0.02387631284197966,594.1911162002549
ACC-10001260,CUS-20001260,Ava Bennett,102 Willow Drive,G20 8LB,1990-05-27,34,2024-08-25,employed,95,skilled,private_tenant,152,1,1,26800.0,1754.56,186.24,778.39,789.93,0.0834,11500.0,home_improvement,16,verified,web,16,1,0,pass,pass,108,2,0.231,1,1,1,full,0,0,0,0,0,0,0,0,0,0,0,0,731,0,0,Known Good,0.0,Known good/bad,0,Known good,0.0,5.030437921392435,0.03769685033421732,580.6023873625142
ACC-10001262,CUS-20001262,Leo Jones,227 Highfield Gardens,RG21 1GS,1979-09-17,45,2024-09-28,employed,107,administrative,homeowner_mortgage,52,4,0,29200.0,1759.88,282.12,1031.27,446.49,0.1159,4300.0,car,42,partially_verified,mobile,15,1,0,refer,pass,139,1,0.5331,1,0,0,full,0,0,0,0,0,0,0,0,0,0,0,0,817,0,0,Known Good,0.0,Known good/bad,0,Known good,0.0,3.970291913552122,0.034350264851819856,583.3850133086048
ACC-10001265,CUS-20001265,Freya Davies,52 Oak Road,EH24 8FJ,1977-12-27,46,2024-11-10,self_employed,17,managerial,private_tenant,62,1,0,18700.0,1187.06,286.96,219.37,680.73,0.1841,2300.0,major_purchase,71,verified,mobile,5,1,1,pass,pass,127,3,0.2487,1,0,0,full,0,0,0,0,0,0,0,0,0,0,0,0,830,0,0,Known Good,0.0,Known good/bad,0,Known good,0.0,4.143134726391533,0.027966940496571162,589.5070970217209
ACC-10001269,CUS-20001269,George Evans,110 Highfield Gardens,G8 4DQ,1990-08-26,33,2024-07-03,employed,50,service,homeowner_mortgage,162,3,1,12000.0,799.62,899.94,718.02,-818.34,0.8999,10900.0,home_improvement,26,verified,web,19,1,0,pass,pass,122,3,0.7033,1,0,0,full,1,0,1,0,1,1,0,1,0,1,0,1,800,0,7,Known Bad,1.0,Known good/bad,1,Known bad,1.0,5.093750200806762,0.09017874205325445,553.8173532679144
ACC-10001273,CUS-20001273,Priya Patel,238 Oak Road,SO20 7QW,1966-06-07,58,2024-12-30,part_time,54,managerial,private_tenant,79,3,0,38900.0,2498.09,199.54,652.23,1646.32,0.0616,7700.0,car,28,verified,web,4,1,0,pass,pass,366,2,0.2895,1,0,0,full,0,0,0,0,0,0,0,0,0,0,0,0,880,0,0,Known Good,0.0,Known good/bad,0,Known good,0.0,4.382026634673881,0.025440137136200205,592.31432528162
ACC-10001278,CUS-20001278,Oliver Khan,106 Oak Road,NG28 9TN,1978-01-14,46,2024-07-21,unemployed,0,manual,private_tenant,167,2,0,13200.0,843.95,411.92,1000.17,-568.14,0.3745,18100.0,education,163,partially_verified,web,10,1,0,pass,pass,280,5,0.4198,1,1,1,full,0,0,0,0,0,0,0,0,0,0,0,0,754,0,0,Known Good,0.0,Known good/bad,0,Known good,1.0,5.123963979403259,0.032044471090509334,585.4587442852228
ACC-10001288,CUS-20001288,Freya Foster,132 Station Lane,SO24 2WE,1999-11-22,24,2024-09-19,employed,36,professional,private_tenant,20,1,1,9800.0,614.77,513.04,823.67,-721.94,0.6282,11800.0,debt_consolidation,57,verified,web,20,1,1,refer,pass,33,2,0.4368,1,0,0,full,0,0,0,0,0,0,0,0,0,0,0,0,884,0,0,Known Good,0.0,Known good/bad,0,Known good,1.0,3.044522437723423,0.08397491887337025,556.0700101766698
ACC-10001289,CUS-20001289,Oliver Jones,127 Church Street,PL24 6DJ,1981-10-04,43,2024-11-24,employed,61,skilled,private_tenant,48,3,0,66400.0,4081.81,262.85,837.06,2981.9,0.0475,4800.0,debt_consolidation,63,partially_verified,mobile,2,2,1,pass,pass,245,5,0.4029,2,0,0,full,0,0,0,0,0,0,0,0,0,0,0,0,854,0,0,Known Good,0.0,Known good/bad,0,Known good,0.0,3.8918202981106265,0.03406325831177923,583.6356834853943
ACC-10001290,CUS-20001290,Leo Green,242 Victoria Road,CF9 8VX,1995-11-08,29,2024-11-11,self_employed,54,service,living_with_family,145,2,0,64700.0,4097.56,208.69,355.24,3533.63,0.0387,9000.0,car,94,not_verified,mobile,10,2,0,pass,pass,41,5,0.1764,2,0,0,full,0,0,0,0,0,0,0,0,0,0,0,0,781,0,0,Known Good,0.0,Known good/bad,0,Known good,0.0,4.983606621708336,0.023654926399734887,594.4664473711096
ACC-10001291,CUS-20001291,Maya Khan,164 Highfield Gardens,RG10 5PU,1978-08-20,46,2024-08-31,employed,21,professional,social_tenant,29,5,2,18800.0,1195.0,327.91,444.63,422.46,0.2093,11700.0,car,23,partially_verified,mobile,8,1,0,pass,pass,284,6,0.5906,1,0,0,full,0,0,0,0,0,0,0,0,0,0,0,0,853,0,0,Known Good,0.0,Known good/bad,0,Known good,0.0,3.4011973816621555,0.042110420281914925,577.2750798058373
ACC-10001296,CUS-20001296,Isla Bennett,133 Oak Road,NR13 7LD,1984-03-06,40,2024-10-14,employed,73,managerial,homeowner_mortgage,94,1,1,12400.0,775.09,148.65,686.37,-59.93,0.1439,12300.0,major_purchase,104,verified,web,14,1,1,pass,pass,226,3,0.1659,1,0,0,full,0,0,0,0,0,0,0,0,0,0,0,0,915,0,0,Known Good,0.0,Known good/bad,0,Known good,1.0,4.553876891600541,0.038270691109942634,580.1492567405813
ACC-10001298,CUS-20001298,Priya Hughes,177 Mill View,SO14 6UX,1962-05-05,62,2024-07-30,employed,39,not_working,homeowner_mortgage,53,3,0,27500.0,1660.6,206.28,598.79,855.53,0.09,1900.0,debt_consolidation,111,partially_verified,web,19,4,1,pass,pass,291,4,0.2533,4,0,0,full,0,0,0,0,0,0,0,0,0,0,0,0,805,0,0,Known Good,0.0,Known good/bad,0,Known good,0.0,3.9889840465642745,0.0399026401348389,578.8953682393628
ACC-10001300,CUS-20001300,George Clarke,211 Station Lane,RG20 1WN,1974-05-15,50,2024-08-23,self_employed,30,administrative,homeowner_mortgage,23,3,2,19500.0,1228.64,645.72,1111.54,-528.62,0.3974,15400.0,car,114,verified,branch,8,3,0,pass,pass,353,4,0.4526,3,0,0,full,0,0,0,0,0,0,0,0,0,0,0,0,792,0,0,Known Good,0.0,Known good/bad,0,Known good,1.0,3.1780538303479458,0.09128121705785007,553.4317555410427
ACC-10001314,CUS-20001314,Sofia Davies,88 Willow Drive,CF16 1YR,1981-10-24,42,2024-09-02,employed,93,manual,private_tenant,113,3,1,23100.0,1449.36,364.38,790.69,294.29,0.1893,8000.0,major_purchase,48,verified,web,3,0,0,pass,pass,134,1,0.469,0,0,0,partial,0,0,0,0,0,0,0,0,0,0,0,0,845,0,0,Known Good,0.0,Known good/bad,0,Known good,0.0,4.736198448394496,0.026635010677856185,590.954578590425
ACC-10001326,CUS-20001326,Isla Lewis,167 Meadow Close,PL25 2DB,1989-05-04,35,2024-12-29,unemployed,0,service,private_tenant,82,3,0,9000.0,579.15,278.9,524.71,-224.46,0.3719,7500.0,education,200,verified,mobile,18,2,1,pass,pass,91,8,0.2296,2,0,0,full,0,0,0,0,0,0,0,0,0,0,0,0,860,0,0,Known Good,0.0,Known good/bad,0,Known good,1.0,4.418840607796598,0.020658729343003834,598.4626413372645
ACC-10001327,CUS-20001327,Amelia Evans,17 Highfield Gardens,CF22 1SX,1985-04-24,39,2024-11-16,employed,81,managerial,homeowner_outright,38,2,0,17700.0,1106.3,278.5,82.94,744.86,0.1888,30000.0,debt_consolidation,99,verified,web,9,1,0,pass,fail,121,1,0.5265,1,0,1,none,0,0,0,0,0,0,0,0,0,0,0,0,821,0,0,Known Good,0.0,Known good/bad,0,Known good,0.0,3.6635616461296463,0.037824691537743316,580.500867300715
ACC-10001329,CUS-20001329,George Hughes,80 Victoria Road,LS25 1DS,1968-07-22,56,2024-08-21,unemployed,25,managerial,private_tenant,43,1,0,13200.0,817.21,118.78,917.69,-219.26,0.108,5100.0,other,44,verified,mobile,22,2,0,pass,pass,158,6,0.2109,2,0,0,partial,0,0,0,0,0,0,0,0,0,0,0,0,810,0,0,Known Good,0.0,Known good/bad,0,Known good,1.0,3.784189633918261,0.04978581008741518,572.2118010253748
ACC-10001330,CUS-20001330,Amelia Morgan,1 Meadow Close,SO21 5BQ,1993-10-16,30,2024-07-19,retired,135,service,homeowner_mortgage,22,3,2,43000.0,2734.68,577.01,938.62,1219.05,0.161,5800.0,debt_consolidation,91,partially_verified,mobile,14,2,0,refer,pass,61,6,0.2407,2,0,0,full,0,0,0,0,0,0,0,0,0,0,0,0,856,0,0,Known Good,0.0,Known good/bad,0,Known good,0.0,3.1354942159291497,0.036700625775813844,581.4050294256937
ACC-10001334,CUS-20001334,Daniel Green,66 Mill View,OX21 6NJ,1975-04-16,49,2024-07-04,employed,67,service,social_tenant,53,4,2,71300.0,4588.97,551.61,369.72,3667.64,0.0928,4900.0,major_purchase,25,verified,web,1,0,1,pass,pass,125,2,0.2678,0,0,0,full,0,0,0,0,0,0,0,0,0,0,0,0,874,0,0,Known Good,0.0,Known good/bad,0,Known good,0.0,3.9889840465642745,0.02387782564540017,594.1892433567098
ACC-10001337,CUS-20001337,Oliver Taylor,164 Meadow Close,NG13 1SX,1956-12-29,67,2024-10-26,employed,140,managerial,homeowner_mortgage,79,1,0,25400.0,1721.46,613.07,787.72,320.67,0.2896,10500.0,education,33,verified,mobile,10,0,0,pass,pass,241,5,0.5666,0,0,0,full,0,0,0,0,0,0,0,0,0,0,0,0,872,0,0,Known Good,0.0,Known good/bad,0,Known good,0.0,4.382026634673881,0.012134815467033296,614.0646780766755
ACC-10001338,CUS-20001338,George Evans,134 Highfield Gardens,PL4 7BN,1978-12-29,45,2024-07-09,retired,19,not_working,living_with_family,51,4,1,30500.0,1910.51,279.47,608.22,1022.82,0.11,8200.0,debt_consolidation,22,partially_verified,web,23,0,1,pass,pass,255,1,0.5002,0,0,0,full,0,0,0,0,0,0,0,0,0,0,0,0,920,0,0,Known Good,0.0,Known good/bad,0,Known good,0.0,3.9512437185814275,0.029299407319942117,588.1245359279098
ACC-10001340,CUS-20001340,George Roberts,57 Park Avenue,G13 6AB,1975-07-17,49,2024-07-17,employed,27,manual,homeowner_outright,38,4,0,55900.0,3454.57,278.35,111.62,3064.6,0.0598,4500.0,home_improvement,114,verified,web,4,2,0,pass,pass,159,5,0.6306,2,0,1,full,0,0,0,0,0,0,0,0,0,0,0,0,794,0,0,Known Good,0.0,Known good/bad,0,Known good,0.0,3.6635616461296463,0.042683014445981445,576.8681308710501
ACC-10001342,CUS-20001342,Leo Davies,53 Meadow Close,RG12 2SJ,1977-01-27,47,2024-12-18,retired,101,skilled,living_with_family,35,1,0,18600.0,1215.37,49.86,739.65,425.86,0.0322,4500.0,home_improvement,87,verified,branch,18,0,0,pass,pass,253,3,0.1307,0,0,0,full,0,0,0,0,0,0,0,0,0,0,0,0,814,0,0,Known Good,0.0,Known good/bad,0,Known good,0.0,3.58351893845611,0.02186967840514736,596.783331910643
ACC-10001345,CUS-20001345,Oliver Roberts,21 Willow Drive,G29 4AW,1994-08-09,30,2024-09-18,retired,29,skilled,private_tenant,38,5,1,41100.0,2699.19,278.76,617.23,1803.2,0.0814,4000.0,debt_consolidation,155,verified,web,15,0,0,fail,pass,55,2,0.5203,0,0,1,partial,0,0,0,0,0,0,0,0,0,0,0,0,825,0,0,Known Good,0.0,Known good/bad,0,Known good,0.0,3.6635616461296463,0.030559758565850383,586.871814590547
ACC-10001348,CUS-20001348,Daniel Hughes,11 Church Street,PL26 5RG,1972-07-23,52,2024-11-27,employed,166,skilled,homeowner_outright,133,4,0,33600.0,2208.87,716.18,27.58,1465.11,0.2558,6200.0,car,78,verified,branch,3,1,0,pass,pass,291,3,0.3599,1,0,0,full,0,0,0,0,0,0,0,0,0,0,0,0,831,0,0,Known Good,0.0,Known good/bad,0,Known good,0.0,4.897839799950911,0.02847260750101373,588.9750391719181
ACC-10001351,CUS-20001351,Freya Foster,23 Oak Road,NR15 8YA,1989-07-19,35,2024-10-07,self_employed,50,professional,private_tenant,86,3,2,47800.0,3036.69,259.86,1009.85,1766.98,0.0652,9600.0,debt_consolidation,120,verified,mobile,18,0,0,pass,pass,62,2,0.5502,0,0,0,full,0,0,0,0,0,0,0,0,0,0,0,0,797,0,0,Known Good,0.0,Known good/bad,0,Known good,0.0,4.465908118654584,0.027155628863154188,590.3805932612804
ACC-10001354,CUS-20001354,Theo Hughes,160 Willow Drive,CF16 4TF,1980-10-28,43,2024-07-30,employed,76,professional,private_tenant,47,2,0,37500.0,2334.61,281.66,1200.43,852.52,0.0901,1600.0,car,92,verified,web,23,0,1,pass,pass,175,5,0.4275,0,0,0,full,0,0,0,0,0,0,0,0,0,0,0,0,892,0,0,Known Good,0.0,Known good/bad,0,Known good,0.0,3.871201010907891,0.027609009622028027,589.8893858840506
ACC-10001355,CUS-20001355,Jack Wilson,189 Mill View,PL15 8EU,1971-09-12,53,2024-10-08,employed,23,administrative,private_tenant,16,2,0,44700.0,3011.24,141.21,407.9,2462.13,0.0379,8300.0,debt_consolidation,25,verified,web,13,1,1,pass,pass,150,5,0.38,1,0,0,full,0,0,0,0,0,0,0,0,0,0,0,0,834,0,0,Known Good,0.0,Known good/bad,0,Known good,0.0,2.833213344056216,0.03456225646579662,583.2011544996587
ACC-10001358,CUS-20001358,Jack Davies,219 Church Street,OX23 8US,1986-09-06,37,2024-08-11,employed,106,not_working,homeowner_mortgage,41,3,1,32800.0,2118.42,742.67,617.85,757.9,0.2717,15500.0,major_purchase,53,partially_verified,branch,17,1,1,pass,pass,224,5,0.8063,1,0,0,full,0,0,0,0,0,0,0,0,0,0,0,0,805,0,0,Known Good,0.0,Known good/bad,0,Known good,0.0,3.7376696182833684,0.04940560303656865,572.4445427518092
ACC-10001367,CUS-20001367,George Evans,89 Station Lane,NR13 2XH,2004-09-10,20,2024-11-10,retired,61,professional,living_with_family,74,3,1,35000.0,2199.62,253.04,759.84,1186.74,0.0868,10800.0,debt_consolidation,62,verified,web,16,2,0,pass,pass,18,4,0.2776,2,0,0,full,0,0,0,0,0,0,0,0,0,0,0,0,795,0,0,Known Good,0.0,Known good/bad,0,Known good,0.0,4.31748811353631,0.029599789638558457,587.8212969090175
ACC-10001368,CUS-20001368,Daniel Bennett,248 Victoria Road,OX11 6XQ,1986-03-11,38,2024-10-27,employed,8,not_working,private_tenant,15,5,0,36300.0,2352.56,464.53,539.96,1348.07,0.1536,3900.0,debt_consolidation,57,verified,mobile,9,0,0,pass,pass,217,3,0.5115,0,0,0,full,0,0,0,0,0,0,0,0,0,0,0,0,800,0,0,Known Good,0.0,Known good/bad,0,Known good,0.0,2.772588722239781,0.036908515970398244,581.235820416962
ACC-10001369,CUS-20001369,Isla Wilson,196 Park Avenue,NE29 9SA,1971-04-22,53,2024-08-04,part_time,70,administrative,homeowner_mortgage,163,4,0,23300.0,1514.18,292.51,442.55,779.12,0.1506,7800.0,major_purchase,45,verified,branch,5,2,0,pass,pass,411,4,0.0888,2,0,0,full,0,0,0,0,0,0,0,0,0,0,0,0,912,0,0,Known Good,0.0,Known good/bad,0,Known good,0.0,5.099866427824199,0.023460547561080587,594.7102709976043
ACC-10001373,CUS-20001373,Leo Foster,7 Park Avenue,M16 4LB,1977-10-02,47,2024-11-05,self_employed,44,administrative,homeowner_mortgage,50,2,1,52000.0,3303.73,163.06,180.34,2960.33,0.0376,20100.0,debt_consolidation,89,verified,mobile,11,1,0,pass,pass,225,3,0.6455,1,0,0,none,0,0,0,0,0,0,0,0,0,0,0,0,780,0,0,Known Good,0.0,Known good/bad,0,Known good,0.0,3.9318256327243257,0.0357284686728684,582.2087455857461
ACC-10001384,CUS-20001384,Priya Shah,180 Mill View,BS26 6YT,1984-03-13,40,2024-10-26,retired,65,skilled,homeowner_mortgage,40,4,1,17100.0,1075.4,500.4,549.29,25.71,0.3512,30000.0,car,139,verified,web,0,2,0,pass,pass,196,4,0.6107,2,0,0,full,0,0,0,0,0,0,0,0,0,0,0,0,826,0,0,Known Good,0.0,Known good/bad,0,Known good,1.0,3.713572066704308,0.08106815156959522,557.1778905213545
ACC-10001390,CUS-20001390,Jack Jones,232 Meadow Close,BS17 5DD,2006-09-07,18,2024-09-06,employed,304,skilled,living_with_family,79,3,2,46200.0,2929.41,739.3,1063.12,1126.99,0.192,7900.0,car,131,verified,web,11,1,1,pass,pass,0,5,0.3472,1,0,0,full,0,0,0,0,0,0,0,0,0,0,0,0,841,0,0,Known Good,0.0,Known good/bad,0,Known good,0.0,4.382026634673881,0.029270925830857927,588.1534445834722
ACC-10001391,CUS-20001391,Ava Khan,144 Victoria Road,PL21 7XQ,1989-01-04,35,2024-11-15,self_employed,7,service,private_tenant,43,3,1,22600.0,1404.95,282.4,1117.4,5.15,0.1499,24600.0,car,93,verified,web,15,1,0,pass,pass,144,4,0.3737,1,0,0,full,0,0,0,0,0,0,0,0,0,0,0,0,893,0,0,Known Good,0.0,Known good/bad,0,Known good,1.0,3.784189633918261,0.05117361966478907,571.3763148768386
ACC-10001392,CUS-20001392,Jack Patel,72 Park Avenue,SO5 8FT,1989-11-08,34,2024-10-17,part_time,63,not_working,private_tenant,51,3,0,21300.0,1403.1,166.82,940.39,295.89,0.094,7300.0,major_purchase,127,verified,web,17,1,1,pass,pass,133,4,0.25,1,0,0,partial,0,0,0,0,0,0,0,0,0,0,0,0,829,0,0,Known Good,0.0,Known good/bad,0,Known good,0.0,3.9512437185814275,0.02706536530631582,590.4793385467391
ACC-10001395,CUS-20001395,Oliver Patel,35 Kingfisher Way,EH12 7BE,1957-11-04,66,2024-10-27,employed,12,administrative,private_tenant,57,1,1,44600.0,2735.43,292.05,848.82,1594.56,0.0786,3000.0,debt_consolidation,52,verified,web,13,2,0,pass,pass,461,3,0.0469,2,0,0,partial,0,0,0,0,0,0,0,0,0,0,0,0,923,0,0,Known Good,0.0,Known good/bad,0,Known good,0.0,4.060443010546419,0.02551216925701781,592.2306100090327
ACC-10001402,CUS-20001402,Adam Evans,19 Highfield Gardens,L21 5GE,2005-10-10,18,2024-08-04,employed,86,administrative,homeowner_outright,53,3,0,29800.0,1951.78,80.34,114.0,1757.44,0.0324,4100.0,car,81,verified,mobile,20,2,0,pass,pass,0,4,0.5243,2,0,1,full,0,0,0,0,0,0,0,0,0,0,0,0,738,0,0,Known Good,0.0,Known good/bad,0,Known good,0.0,3.9889840465642745,0.03652679800162957,581.5472230975928
ACC-10001403,CUS-20001403,Priya Davies,161 Station Lane,S1 5JG,1994-10-19,29,2024-07-02,employed,21,manual,private_tenant,18,2,1,31500.0,2152.5,160.05,549.26,1443.19,0.061,7400.0,car,48,verified,web,11,2,0,pass,pass,50,3,0.314,2,0,0,full,0,0,0,0,0,0,0,0,0,0,0,0,889,0,0,Known Good,0.0,Known good/bad,0,Known good,0.0,2.9444389791664403,0.037343337992202914,580.884847142744
ACC-10001404,CUS-20001404,Noah Lewis,153 Meadow Close,LS24 7BX,1977-04-22,47,2024-11-04,self_employed,128,service,homeowner_mortgage,41,4,0,54600.0,3253.38,249.73,814.36,2189.29,0.0549,21600.0,car,162,verified,telephone,7,1,0,pass,pass,172,3,0.4872,1,0,1,full,0,0,0,0,0,0,0,0,0,0,0,0,819,0,0,Known Good,0.0,Known good/bad,0,Known good,0.0,3.7376696182833684,0.03291689927009784,584.657666554449
ACC-10001405,CUS-20001405,Maya Khan,181 Victoria Road,EH20 8YS,1986-07-21,38,2024-09-12,employed,30,administrative,private_tenant,33,3,1,51200.0,3087.26,403.53,1294.47,1389.26,0.0946,12200.0,car,74,verified,web,10,1,1,pass,pass,159,2,0.7128,1,0,0,full,0,0,0,0,0,0,0,0,0,0,0,0,812,0,0,Known Good,0.0,Known good/bad,0,Known good,0.0,3.5263605246161616,0.04188726937072835,577.4351095827903
ACC-10001413,CUS-20001413,Theo Taylor,173 Kingfisher Way,SO5 4HY,1993-02-01,31,2024-10-16,part_time,86,managerial,private_tenant,118,2,1,67900.0,4201.97,114.44,1118.99,2968.54,0.0202,3600.0,debt_consolidation,30,verified,web,23,2,1,pass,pass,126,2,0.224,2,0,1,full,0,0,0,0,0,0,0,0,0,0,0,0,794,0,0,Known Good,0.0,Known good/bad,0,Known good,0.0,4.77912349311153,0.025071484640635036,592.7464183083906
ACC-10001417,CUS-20001417,Maya Davies,65 Willow Drive,NR5 7XA,1964-03-07,60,2024-12-11,employed,72,administrative,private_tenant,81,3,2,25300.0,1567.8,142.85,788.4,636.55,0.0678,3000.0,major_purchase,24,verified,web,20,0,0,refer,pass,316,1,0.3938,0,0,1,full,0,0,0,0,0,0,0,0,0,0,0,0,845,0,0,Known Good,0.0,Known good/bad,0,Known good,0.0,4.406719247264253,0.024234910513859804,593.7503803544816
ACC-10001421,CUS-20001421,Ava Lewis,32 Park Avenue,B4 2XA,1971-07-25,53,2024-08-11,employed,24,skilled,homeowner_mortgage,36,4,0,57500.0,3463.38,650.22,270.59,2542.57,0.1357,2300.0,debt_consolidation,105,verified,web,23,1,0,pass,pass,158,2,0.2934,1,0,1,full,0,0,0,0,0,0,0,0,0,0,0,0,846,0,0,Known Good,0.0,Known good/bad,0,Known good,0.0,3.6109179126442243,0.030515790241590113,586.9146670987831
ACC-10001424,CUS-20001424,Sofia Hughes,86 Oak Road,G22 6DL,1987-04-22,37,2024-09-18,employed,69,professional,living_with_family,79,2,0,15300.0,990.68,204.4,593.94,192.34,0.1603,13900.0,education,62,verified,mobile,10,2,0,refer,pass,121,2,0.4345,2,0,0,full,0,0,0,0,0,0,0,0,0,0,0,0,858,0,0,Known Good,0.0,Known good/bad,0,Known good,0.0,4.382026634673881,0.012970585917990824,612.1184266392358
ACC-10001427,CUS-20001427,Jack Bennett,118 Victoria Road,M22 4GE,1992-05-01,32,2024-09-14,employed,231,service,homeowner_mortgage,128,3,0,64800.0,4236.72,226.23,975.81,3034.68,0.0419,5800.0,car,21,verified,web,8,3,0,pass,fail,53,4,0.172,3,0,1,none,0,0,0,0,0,0,0,0,0,0,0,0,784,0,0,Known Good,0.0,Known good/bad,0,Known good,0.0,4.859812404361672,0.027524313328647486,589.9805502799827
ACC-10001434,CUS-20001434,Aisha Green,80 Willow Drive,PL20 9SL,1969-12-26,54,2024-11-04,employed,64,not_working,homeowner_outright,76,2,1,25400.0,1584.34,944.22,80.71,559.41,0.4461,16600.0,debt_consolidation,89,verified,web,23,1,1,pass,pass,202,4,0.0595,1,0,0,full,0,0,0,0,0,0,0,0,0,0,0,0,942,0,0,Known Good,0.0,Known good/bad,0,Known good,0.0,4.343805421853684,0.02811019595686561,589.3554228009741
ACC-10001435,CUS-20001435,Daniel Shah,247 Victoria Road,SO9 2LL,1982-07-28,42,2024-12-22,employed,156,not_working,homeowner_mortgage,70,2,0,67700.0,4529.88,121.96,408.69,3999.23,0.0216,7100.0,debt_consolidation,106,verified,branch,12,1,1,pass,pass,94,5,0.4108,1,1,1,full,0,0,0,0,0,0,0,0,0,0,0,0,714,0,0,Known Good,0.0,Known good/bad,0,Known good,0.0,4.2626798770413155,0.04700474590132511,573.954690135138
ACC-10001436,CUS-20001436,Freya Roberts,14 Station Lane,BS2 9LB,1980-04-27,44,2024-08-07,part_time,48,professional,social_tenant,55,4,1,35200.0,2314.0,785.76,372.72,1155.52,0.2679,4600.0,home_improvement,118,verified,mobile,5,3,0,pass,pass,270,3,0.1867,3,0,1,full,0,0,0,0,0,0,0,0,0,0,0,0,785,0,0,Known Good,0.0,Known good/bad,0,Known good,0.0,4.02535169073515,0.03749060494432076,580.766868460816
ACC-10001440,CUS-20001440,Leo Evans,62 Victoria Road,NE26 4TQ,1987-01-28,37,2024-07-06,employed,61,managerial,private_tenant,21,1,1,56200.0,3568.54,425.74,1099.58,2043.22,0.0909,2900.0,debt_consolidation,132,verified,branch,6,2,0,pass,pass,113,3,0.3417,2,0,0,full,0,0,0,0,0,0,0,0,0,0,0,0,851,0,0,Known Good,0.0,Known good/bad,0,Known good,0.0,3.091042453358316,0.038085439362314864,580.2948224479458
ACC-10001444,CUS-20001444,Jack Khan,72 Victoria Road,BS16 6HW,1992-07-02,32,2024-12-04,self_employed,96,managerial,homeowner_outright,184,2,1,72300.0,4362.17,541.34,135.69,3685.14,0.0898,4500.0,home_improvement,46,partially_verified,web,18,3,0,pass,pass,74,4,0.1757,3,0,1,partial,0,0,0,0,0,0,0,0,0,0,0,0,806,0,0,Known Good,0.0,Known good/bad,0,Known good,0.0,5.220355825078324,0.026949182471452126,590.6069109723271
ACC-10001460,CUS-20001460,Leo Clarke,61 Park Avenue,SO11 7VL,1991-09-10,32,2024-07-04,employed,47,not_working,private_tenant,19,3,0,41600.0,2582.41,177.3,897.88,1507.23,0.0511,11300.0,car,95,not_verified,mobile,7,0,1,pass,pass,134,2,0.4965,0,0,0,full,0,0,0,0,0,0,0,0,0,0,0,0,841,0,0,Known Good,0.0,Known good/bad,0,Known good,0.0,2.995732273553991,0.03269123384378813,584.8628909909388
ACC-10001461,CUS-20001461,George Khan,152 Mill View,NG9 3HG,2002-08-29,22,2024-09-05,unemployed,0,skilled,homeowner_mortgage,23,2,1,16100.0,1020.37,513.52,574.35,-67.5,0.3827,4300.0,debt_consolidation,96,verified,mobile,0,4,0,pass,pass,25,1,0.0,4,0,0,full,0,0,0,0,0,0,0,0,0,0,0,0,814,0,0,Known Good,0.0,Known good/bad,0,Known good,1.0,3.1780538303479458,0.07275095018279473,560.5612539724957
ACC-10001469,CUS-20001469,Priya Bennett,138 Oak Road,NR21 4TF,1977-05-10,47,2024-08-10,employed,22,not_working,private_tenant,65,3,0,17500.0,1108.65,963.38,778.68,-633.41,0.6606,7200.0,education,111,verified,web,7,1,1,pass,pass,110,2,0.802,1,0,1,full,0,0,0,0,0,0,0,0,0,0,0,0,746,0,0,Known Good,0.0,Known good/bad,0,Known good,1.0,4.189654742026425,0.036561813335961334,581.5185277571686
ACC-10001474,CUS-20001474,Noah Clarke,137 Park Avenue,LS21 8SG,1978-05-07,46,2024-08-24,self_employed,105,not_working,homeowner_outright,77,5,1,21700.0,1357.25,351.69,29.54,976.02,0.1945,11300.0,car,104,verified,branch,1,0,0,pass,pass,267,6,0.2981,0,0,1,full,0,0,0,0,0,0,0,0,0,0,0,0,945,0,0,Known Good,0.0,Known good/bad,0,Known good,0.0,4.356708826689592,0.024801114103995648,593.0672690549163
ACC-10001477,CUS-20001477,Priya Lewis,179 Willow Drive,NG5 9SV,1985-04-04,39,2024-11-05,employed,48,managerial,homeowner_outright,128,5,2,31000.0,1931.39,395.75,48.21,1487.43,0.1532,23900.0,debt_consolidation,50,verified,mobile,1,2,0,pass,pass,238,3,0.6977,2,0,0,full,0,0,0,0,0,0,0,0,0,0,0,0,748,0,0,Known Good,0.0,Known good/bad,0,Known good,0.0,4.859812404361672,0.039699952061169594,579.048397789279
ACC-10001483,CUS-20001483,George Khan,112 Mill View,RG18 8SS,1981-04-28,43,2024-10-30,retired,81,professional,homeowner_outright,98,2,0,11200.0,703.13,199.07,29.08,474.98,0.2133,5900.0,debt_consolidation,70,not_verified,web,23,2,1,pass,pass,218,1,0.7338,2,0,0,full,0,0,0,0,0,0,0,0,0,0,0,0,738,0,0,Known Good,0.0,Known good/bad,0,Known good,0.0,4.59511985013459,0.044474221876083034,575.6279467113036
ACC-10001484,CUS-20001484,Adam Evans,125 Willow Drive,EH2 3WY,1979-10-19,45,2024-12-20,employed,73,managerial,homeowner_mortgage,79,3,0,62300.0,3805.43,83.69,326.64,3395.1,0.0161,6700.0,car,150,verified,branch,17,0,0,pass,pass,307,5,0.2179,0,0,0,full,0,0,0,0,0,0,0,0,0,0,0,0,905,0,0,Known Good,0.0,Known good/bad,0,Known good,0.0,4.382026634673881,0.020346098181723494,598.911838161635
ACC-10001485,CUS-20001485,Adam Wilson,180 Kingfisher Way,EH27 4VW,1967-06-11,57,2024-08-16,employed,77,administrative,homeowner_mortgage,99,1,0,9300.0,580.88,534.95,909.54,-863.61,0.6903,9800.0,home_improvement,123,verified,web,14,1,0,pass,pass,398,3,0.4039,1,0,0,partial,0,0,0,0,0,0,0,0,0,0,0,0,853,0,0,Known Good,0.0,Known good/bad,0,Known good,1.0,4.605170185988092,0.06713948392949977,563.0514367750332
ACC-10001489,CUS-20001489,Ava Bennett,226 Willow Drive,NR4 8WL,1979-01-29,45,2024-11-19,employed,43,skilled,homeowner_outright,64,2,0,34600.0,2102.36,276.55,172.76,1653.05,0.0959,3000.0,debt_consolidation,18,verified,mobile,3,0,0,pass,pass,189,1,0.8434,0,0,1,partial,0,0,0,0,0,0,0,0,0,0,0,0,696,0,0,Known Good,0.0,Known good/bad,0,Known good,0.0,4.174387269895637,0.036756227085901004,581.3596834686049
ACC-10001495,CUS-20001495,Adam Bennett,227 Mill View,PL27 9WG,1987-10-28,36,2024-09-05,employed,110,manual,social_tenant,74,3,1,48300.0,3133.4,20.0,1110.24,2003.16,0.005,2500.0,major_purchase,61,verified,mobile,20,2,1,pass,pass,66,2,0.2802,2,0,0,full,0,0,0,0,0,0,0,0,0,0,0,0,844,0,0,Known Good,0.0,Known good/bad,0,Known good,0.0,4.31748811353631,0.027963367129007745,589.5108900246632
ACC-10001504,CUS-20001504,Leo Green,158 Victoria Road,SO12 9SE,1973-09-22,51,2024-10-07,employed,85,not_working,homeowner_outright,55,3,0,37200.0,2262.67,240.68,67.32,1954.67,0.0776,6200.0,car,150,verified,web,14,1,0,pass,pass,177,2,0.0025,1,0,0,full,0,0,0,0,0,0,0,0,0,0,0,0,932,0,0,Known Good,0.0,Known good/bad,0,Known good,0.0,4.02535169073515,0.02166499755680187,597.0606878008621
ACC-10001506,CUS-20001506,Sofia Shah,20 Kingfisher Way,RG21 7LH,1982-05-29,42,2024-10-24,employed,53,managerial,private_tenant,39,1,1,29900.0,1946.56,421.66,837.41,687.49,0.1692,4500.0,home_improvement,34,partially_verified,web,6,1,0,pass,pass,102,3,0.2379,1,0,0,full,0,0,0,0,0,0,0,0,0,0,0,0,890,0,0,Known Good,0.0,Known good/bad,0,Known good,0.0,3.6888794541139363,0.029530951389270785,587.8905254103496
ACC-10001512,CUS-20001512,Isla Bennett,5 Oak Road,LS28 6UF,1996-07-25,27,2024-07-20,employed,108,professional,homeowner_mortgage,41,2,0,32200.0,2131.13,245.93,969.0,916.2,0.0917,10900.0,education,31,partially_verified,mobile,8,2,0,fail,fail,72,1,0.5322,2,0,0,full,0,0,0,0,0,0,0,0,0,0,0,0,840,0,0,Known Good,0.0,Known good/bad,0,Known good,0.0,3.7376696182833684,0.01484961964793938,608.1597978161988
ACC-10001513,CUS-20001513,Maya Bennett,174 Highfield Gardens,RG7 1TN,1988-01-15,36,2024-08-11,self_employed,40,service,living_with_family,22,3,1,19800.0,1335.14,115.07,492.94,727.13,0.0697,10000.0,debt_consolidation,30,verified,web,20,3,1,pass,refer,81,0,0.4054,3,0,0,full,0,0,0,0,0,0,0,0,0,0,0,0,785,0,0,Known Good,0.0,Known good/bad,0,Known good,0.0,3.1354942159291497,0.04462276619972929,575.5272490687797
ACC-10001515,CUS-20001515,Daniel Clarke,178 Kingfisher Way,M3 5DN,1983-08-14,40,2024-07-15,self_employed,58,not_working,homeowner_outright,90,1,0,22000.0,1369.36,615.31,62.63,691.42,0.3356,5300.0,other,267,verified,telephone,17,1,0,pass,pass,191,3,0.4893,1,0,0,full,0,0,0,0,0,0,0,0,0,0,0,0,777,0,0,Known Good,0.0,Known good/bad,0,Known good,0.0,4.51085950651685,0.03558521056528115,582.328958148485
ACC-10001518,CUS-20001518,George Khan,202 Park Avenue,NG27 8TV,2002-05-20,22,2024-08-23,retired,105,not_working,homeowner_outright,23,3,0,91600.0,5861.77,217.24,16.36,5628.17,0.0285,6300.0,major_purchase,47,partially_verified,web,12,0,0,pass,pass,15,2,0.5382,0,0,0,full,0,0,0,0,0,0,0,0,0,0,0,0,798,0,0,Known Good,0.0,Known good/bad,0,Known good,0.0,3.1780538303479458,0.03228369122887127,585.2370107790432
ACC-10001524,CUS-20001524,Amelia Khan,121 Station Lane,S24 4JG,1954-08-10,69,2024-07-09,self_employed,41,skilled,homeowner_mortgage,43,4,1,40500.0,2600.92,286.53,460.26,1854.13,0.0849,3200.0,debt_consolidation,97,verified,web,2,1,0,pass,pass,230,1,0.613,1,0,2,full,0,0,0,0,0,0,0,0,0,0,0,0,718,0,0,Known Good,0.0,Known good/bad,0,Known good,0.0,3.784189633918261,0.03688504342070311,581.254879566511
ACC-10001525,CUS-20001525,Ava Roberts,137 Victoria Road,NG14 5SF,1982-05-01,42,2024-07-05,employed,90,skilled,private_tenant,124,3,1,22600.0,1544.33,544.3,1322.48,-322.45,0.289,3800.0,debt_consolidation,54,verified,mobile,12,2,0,pass,pass,285,3,0.4503,2,0,0,full,0,0,0,0,0,0,0,0,0,0,0,0,817,0,0,Known Good,0.0,Known good/bad,0,Known good,1.0,4.8283137373023015,0.05773671567582744,567.6942618358291
ACC-10001532,CUS-20001532,Oliver Evans,240 Park Avenue,NE1 7TJ,1965-12-02,58,2024-11-28,employed,8,service,private_tenant,43,4,1,39400.0,2529.67,453.23,742.98,1333.46,0.138,14900.0,home_improvement,73,verified,mobile,9,0,0,fail,pass,314,2,0.209,0,0,1,full,0,0,0,0,0,0,0,0,0,0,0,0,874,0,0,Known Good,0.0,Known good/bad,0,Known good,0.0,3.784189633918261,0.02433493002113529,593.628585162206
ACC-10001534,CUS-20001534,Isla Taylor,40 Park Avenue,G26 5YN,1998-07-17,26,2024-12-22,self_employed,65,administrative,private_tenant,77,3,1,35800.0,2181.92,158.63,578.53,1444.76,0.0532,8900.0,debt_consolidation,76,partially_verified,web,14,1,0,pass,refer,87,6,0.3104,1,0,0,full,0,0,0,0,0,0,0,0,0,0,0,0,892,0,0,Known Good,0.0,Known good/bad,0,Known good,0.0,4.356708826689592,0.02581942111904769,591.8760894394342
ACC-10001536,CUS-20001536,Ava Foster,37 Highfield Gardens,NR9 2QV,1995-10-10,28,2024-07-15,employed,108,skilled,homeowner_mortgage,49,1,1,29600.0,1896.87,503.99,983.39,409.49,0.2043,5400.0,home_improvement,39,verified,web,8,1,1,pass,pass,63,3,0.3161,1,0,0,full,0,0,0,0,0,0,0,0,0,0,0,0,856,0,0,Known Good,0.0,Known good/bad,0,Known good,0.0,3.912023005428146,0.03108942764877256,586.3602272632808
ACC-10001541,CUS-20001541,Sofia Morgan,56 Station Lane,CF29 3BH,1988-06-05,36,2024-11-06,employed,115,skilled,social_tenant,50,3,1,47100.0,2961.93,96.95,746.97,2118.01,0.0247,5300.0,other,186,verified,mobile,17,2,0,pass,pass,92,1,0.1629,2,1,2,full,0,0,0,0,0,0,0,0,0,0,0,0,768,0,0,Known Good,0.0,Known good/bad,0,Known good,0.0,3.9318256327243257,0.04654902992370604,574.2495910883686
ACC-10001550,CUS-20001550,Freya Evans,141 Station Lane,BS17 7AA,1969-01-11,55,2024-09-30,employed,74,skilled,homeowner_outright,54,2,2,36100.0,2298.85,212.7,176.92,1909.23,0.0707,26300.0,car,31,partially_verified,mobile,7,2,0,fail,pass,265,1,0.2576,2,0,0,full,0,0,0,0,0,0,0,0,0,0,0,0,790,0,0,Known Good,0.0,Known good/bad,0,Known good,0.0,4.007333185232471,0.030281511507285145,587.1440135198361
ACC-10001553,CUS-20001553,Theo Taylor,71 Church Street,L22 8HH,1984-07-17,40,2024-07-16,employed,46,managerial,private_tenant,22,3,0,18400.0,1204.29,252.41,586.51,365.37,0.1646,7500.0,home_improvement,84,verified,web,22,1,0,pass,pass,160,5,0.1466,1,1,1,full,0,0,0,0,0,0,0,0,0,0,0,0,829,0,0,Known Good,0.0,Known good/bad,0,Known good,0.0,3.1354942159291497,0.0505929146236713,571.7232673490417
ACC-10001557,CUS-20001557,Theo Roberts,155 Meadow Close,RG21 5WL,1981-11-02,43,2024-11-29,employed,85,administrative,homeowner_mortgage,49,2,0,44900.0,2863.83,84.75,718.82,2060.26,0.0227,18200.0,major_purchase,67,verified,branch,18,0,0,pass,pass,278,6,0.521,0,0,0,full,0,0,0,0,0,0,0,0,0,0,0,0,767,0,0,Known Good,0.0,Known good/bad,0,Known good,0.0,3.912023005428146,0.028152488501566632,589.3107883291061
ACC-10001558,CUS-20001558,George Shah,229 Station Lane,S11 4VX,1968-06-07,56,2024-12-30,employed,54,managerial,private_tenant,38,4,2,35100.0,2329.53,359.69,1047.51,922.33,0.123,5100.0,debt_consolidation,48,partially_verified,branch,21,1,1,pass,pass,308,4,0.0514,1,0,2,full,0,0,0,0,0,0,0,0,0,0,0,0,833,0,0,Known Good,0.0,Known good/bad,0,Known good,0.0,3.6635616461296463,0.024704515091836722,593.1827308919322
ACC-10001563,CUS-20001563,Aisha Foster,93 Victoria Road,BS6 4SD,1968-10-02,56,2024-12-19,unemployed,18,professional,social_tenant,52,4,2,14200.0,809.82,361.31,352.95,95.56,0.3053,13300.0,other,219,partially_verified,branch,6,3,0,pass,pass,269,4,0.6878,3,0,1,full,1,1,0,1,1,1,1,0,0,1,0,0,715,0,7,Known Bad,1.0,Known good/bad,1,Known bad,1.0,3.970291913552122,0.09066891349373742,553.6453916413307
ACC-10001565,CUS-20001565,Daniel Shah,220 Kingfisher Way,CF6 4JS,1969-07-06,55,2024-08-23,employed,266,professional,homeowner_mortgage,248,1,1,28100.0,1743.45,330.65,667.88,744.92,0.1412,14300.0,car,129,verified,telephone,5,1,1,pass,pass,298,4,0.7535,1,0,1,full,0,0,0,0,0,0,0,0,0,0,0,0,747,0,0,Known Good,0.0,Known good/bad,0,Known good,0.0,5.517452896464707,0.03245526918966108,585.0789508665773
ACC-10001570,CUS-20001570,Priya Evans,94 Mill View,OX7 6WW,1994-11-13,30,2024-11-24,employed,47,managerial,homeowner_mortgage,52,6,1,28500.0,1854.07,602.91,722.81,528.35,0.2539,3300.0,debt_consolidation,128,partially_verified,mobile,16,1,0,pass,pass,130,1,0.543,1,0,1,full,0,0,0,0,0,0,0,0,0,0,0,0,735,0,0,Known Good,0.0,Known good/bad,0,Known good,0.0,3.970291913552122,0.03821159992269608,580.1956153336426
ACC-10001573,CUS-20001573,Freya Jones,182 Meadow Close,L20 2RJ,1978-06-30,46,2024-09-07,employed,129,administrative,homeowner_mortgage,21,3,0,27000.0,1774.43,195.76,1158.04,420.63,0.087,11200.0,debt_consolidation,21,verified,web,17,1,0,refer,pass,108,5,0.2888,1,0,0,full,0,0,0,0,0,0,0,0,0,0,0,0,793,0,0,Known Good,0.0,Known good/bad,0,Known good,0.0,3.091042453358316,0.03193795018916926,585.5579941170755
ACC-10001576,CUS-20001576,Sofia Green,229 Mill View,NG20 1HY,1989-11-11,35,2024-12-23,employed,37,managerial,homeowner_mortgage,27,2,0,19700.0,1194.75,140.34,989.25,65.16,0.0855,4200.0,debt_consolidation,54,not_verified,mobile,19,1,0,pass,pass,157,3,0.1947,1,0,0,full,0,0,0,0,0,0,0,0,0,0,0,0,901,0,0,Known Good,0.0,Known good/bad,0,Known good,1.0,3.332204510175204,0.0456772100321226,574.8214939468487
ACC-10001584,CUS-20001584,Theo Evans,5 Highfield Gardens,OX14 7JJ,1993-07-13,31,2024-12-19,employed,136,manual,homeowner_outright,95,1,0,28700.0,1757.77,414.78,42.26,1300.73,0.1734,10400.0,debt_consolidation,43,not_verified,telephone,13,1,0,pass,pass,70,4,0.557,1,0,1,full,0,0,0,0,0,0,0,0,0,0,0,0,826,0,0,Known Good,0.0,Known good/bad,0,Known good,0.0,4.564348191467836,0.033143153969322256,584.4532660926249
ACC-10001587,CUS-20001587,Maya Clarke,75 Meadow Close,PL26 8AU,2006-04-02,18,2024-10-29,employed,48,manual,homeowner_mortgage,67,3,2,37200.0,2542.0,274.15,953.06,1314.79,0.0884,5000.0,debt_consolidation,64,verified,web,19,2,0,pass,pass,0,3,0.4213,2,0,1,full,0,0,0,0,0,0,0,0,0,0,0,0,814,0,0,Known Good,0.0,Known good/bad,0,Known good,0.0,4.219507705176107,0.033757960608295515,583.9045755577037
ACC-10001592,CUS-20001592,Theo Roberts,197 Church Street,OX10 2AH,1997-05-12,27,2024-11-23,employed,112,managerial,private_tenant,72,3,0,20400.0,1301.85,586.22,501.67,213.96,0.3448,7500.0,car,33,verified,web,21,2,0,pass,pass,87,3,0.1788,2,0,0,full,0,0,0,0,0,0,0,0,0,0,0,0,858,0,0,Known Good,0.0,Known good/bad,0,Known good,0.0,4.290459441148391,0.03307844963541052,584.5115826170713
ACC-10001594,CUS-20001594,Noah Morgan,164 Meadow Close,LS10 1FT,1968-11-18,56,2024-12-03,employed,26,manual,social_tenant,70,4,2,62400.0,3919.5,285.31,875.79,2758.4,0.0549,9500.0,car,100,verified,web,4,2,0,pass,pass,433,3,0.1035,2,0,0,full,0,0,0,0,0,0,0,0,0,0,0,0,867,0,0,Known Good,0.0,Known good/bad,0,Known good,0.0,4.2626798770413155,0.02539163191465784,592.3708279031817
ACC-10001595,CUS-20001595,Aisha Bennett,186 Oak Road,OX1 1AG,1974-02-17,50,2024-09-13,retired,35,managerial,private_tenant,75,3,2,54100.0,3491.0,204.78,468.83,2817.39,0.0454,21700.0,major_purchase,149,verified,web,10,1,1,pass,pass,267,2,0.4863,1,0,0,none,0,0,0,0,0,0,0,0,0,0,0,0,830,0,0,Known Good,0.0,Known good/bad,0,Known good,0.0,4.330733340286331,0.02967682533072918,587.7440093273694
ACC-10001601,CUS-20001601,Maya Khan,151 Highfield Gardens,NR29 9EV,1969-12-01,54,2024-07-13,retired,17,administrative,homeowner_mortgage,94,2,0,31900.0,2049.74,330.49,900.96,818.29,0.1243,12800.0,home_improvement,130,verified,branch,19,2,0,pass,pass,301,2,0.5287,2,0,0,full,0,0,0,0,0,0,0,0,0,0,0,0,734,0,0,Known Good,0.0,Known good/bad,0,Known good,0.0,4.553876891600541,0.035737752537904816,582.2009712144682
ACC-10001602,CUS-20001602,Theo Davies,126 Willow Drive,BS22 4UT,1990-08-27,34,2024-11-08,employed,52,skilled,homeowner_mortgage,30,4,1,33300.0,2157.41,243.78,1005.77,907.86,0.0878,1900.0,debt_consolidation,25,verified,mobile,5,1,0,pass,pass,149,2,0.5556,1,0,0,partial,0,0,0,0,0,0,0,0,0,0,0,0,772,0,0,Known Good,0.0,Known good/bad,0,Known good,0.0,3.4339872044851463,0.03736806287454379,580.8650083127404
ACC-10001613,CUS-20001613,Oliver Green,165 Station Lane,NR14 6GF,1971-05-14,53,2024-07-06,employed,52,skilled,homeowner_mortgage,143,4,0,45300.0,3016.31,111.06,826.13,2079.12,0.0294,11600.0,car,79,verified,web,1,1,1,pass,pass,201,2,0.6722,1,0,0,full,0,0,0,0,0,0,0,0,0,0,0,0,825,0,0,Known Good,0.0,Known good/bad,0,Known good,0.0,4.969813299576001,0.03067562518023265,586.7591737670878
ACC-10001614,CUS-20001614,Adam Bennett,248 Park Avenue,RG4 4JJ,1998-03-17,26,2024-11-26,unemployed,1,manual,private_tenant,24,3,0,18000.0,1119.02,273.19,539.35,306.48,0.1821,18300.0,car,16,verified,branch,9,1,0,pass,pass,62,4,0.3432,1,0,1,partial,0,0,0,0,0,0,0,0,0,0,0,0,718,0,0,Known Good,0.0,Known good/bad,0,Known good,0.0,3.2188758248682006,0.03497301976304359,582.8479762259719
ACC-10001619,CUS-20001619,Isla Foster,152 Station Lane,S4 6WU,1973-02-10,51,2024-09-21,employed,68,service,private_tenant,9,4,0,44000.0,2794.72,59.39,714.95,2020.38,0.0162,3000.0,car,55,verified,web,3,1,0,pass,pass,347,3,0.6646,1,0,0,partial,0,0,0,0,0,0,0,0,0,0,0,0,774,0,0,Known Good,0.0,Known good/bad,0,Known good,0.0,2.302585092994046,0.04639109353316628,574.352435230316
ACC-10001622,CUS-20001622,Freya Davies,127 Willow Drive,L17 3TE,1976-02-04,48,2024-10-21,self_employed,95,managerial,private_tenant,127,2,0,73500.0,4719.49,102.42,882.98,3734.09,0.0167,13300.0,other,153,partially_verified,web,8,1,0,pass,pass,118,5,0.2754,1,2,2,full,0,0,0,0,0,0,0,0,0,0,0,0,676,0,0,Known Good,0.0,Known good/bad,0,Known good,0.0,4.852030263919617,0.06436655303561185,564.3540825906832
ACC-10001628,CUS-20001628,Priya Khan,52 Victoria Road,LS1 4DP,1998-02-08,26,2024-11-26,part_time,93,service,homeowner_outright,27,2,2,47400.0,3083.17,334.12,149.41,2599.64,0.0846,15200.0,home_improvement,67,verified,web,0,0,0,pass,pass,41,4,0.38,0,0,0,full,0,0,0,0,0,0,0,0,0,0,0,0,903,0,0,Known Good,0.0,Known good/bad,0,Known good,0.0,3.332204510175204,0.028898979773311715,588.5334945039411
ACC-10001629,CUS-20001629,Maya Roberts,28 Church Street,G22 9EQ,1977-04-29,47,2024-11-13,employed,87,not_working,homeowner_mortgage,56,2,0,36700.0,2309.91,212.94,844.23,1252.74,0.0696,1800.0,car,12,verified,web,17,0,1,pass,pass,301,3,0.1063,0,0,0,partial,0,0,0,0,0,0,0,0,0,0,0,0,877,0,0,Known Good,0.0,Known good/bad,0,Known good,0.0,4.04305126783455,0.020438150013398736,598.7788775641053
ACC-10001630,CUS-20001630,Theo Patel,103 Meadow Close,L5 1SV,1953-01-12,71,2024-11-30,retired,85,service,private_tenant,50,3,3,24400.0,1553.05,791.63,410.37,351.05,0.3893,9300.0,major_purchase,75,verified,mobile,14,0,0,pass,pass,308,4,0.4387,0,0,1,full,0,0,0,0,0,0,0,0,0,0,0,0,830,0,0,Known Good,0.0,Known good/bad,0,Known good,0.0,3.9318256327243257,0.0342063281833209,583.5104733349332
ACC-10001650,CUS-20001650,Isla Clarke,232 Park Avenue,M3 1YL,1996-02-03,28,2024-11-26,employed,151,administrative,homeowner_mortgage,99,2,1,44600.0,2671.04,56.4,916.47,1698.17,0.0152,8600.0,car,145,verified,web,8,1,1,pass,pass,107,5,0.5317,1,0,0,full,0,0,0,0,0,0,0,0,0,0,0,0,820,0,0,Known Good,0.0,Known good/bad,0,Known good,0.0,4.605170185988092,0.02879798057917917,588.6375135679807
ACC-10001659,CUS-20001659,Isla Hughes,117 Station Lane,OX3 6JD,1959-10-29,64,2024-09-04,employed,47,administrative,homeowner_outright,69,2,0,19400.0,1285.92,133.5,1.37,1151.05,0.0826,5600.0,major_purchase,134,verified,web,17,3,0,pass,pass,297,2,0.4527,3,0,0,full,0,0,0,0,0,0,0,0,0,0,0,0,849,0,0,Known Good,0.0,Known good/bad,0,Known good,0.0,4.248495242049359,0.03910872406033731,579.4990927463765
ACC-10001660,CUS-20001660,Leo Morgan,9 Oak Road,PL5 8EH,1976-10-14,48,2024-11-01,employed,68,manual,private_tenant,48,2,2,21400.0,1395.88,538.91,945.08,-88.11,0.3022,7000.0,debt_consolidation,15,not_verified,mobile,7,0,1,pass,pass,319,3,0.8376,0,0,0,full,0,0,0,0,0,0,0,0,0,0,0,0,800,0,0,Known Good,0.0,Known good/bad,0,Known good,1.0,3.8918202981106265,0.07046815946170958,561.5520931303596
ACC-10001661,CUS-20001661,Maya Jones,53 Kingfisher Way,CF3 9LJ,1979-09-21,44,2024-09-12,unemployed,12,managerial,homeowner_outright,45,3,0,16500.0,1035.75,122.39,90.4,822.96,0.089,9900.0,debt_consolidation,39,verified,web,1,0,0,pass,pass,267,3,0.4071,0,0,0,full,0,0,0,0,0,0,0,0,0,0,0,0,888,0,0,Known Good,0.0,Known good/bad,0,Known good,0.0,3.828641396489095,0.02732917709696702,590.1916305474499
ACC-10001663,CUS-20001663,Noah Patel,105 Meadow Close,SO7 1ET,1984-02-06,40,2024-08-09,employed,39,service,private_tenant,44,4,1,88400.0,5672.08,157.29,673.34,4841.45,0.0214,6700.0,debt_consolidation,49,verified,web,18,4,1,pass,pass,80,2,0.6842,4,0,0,full,0,0,0,0,0,0,0,0,0,0,0,0,744,0,0,Known Good,0.0,Known good/bad,0,Known good,0.0,3.8066624897703196,0.05485448778863785,569.2599741824981
ACC-10001664,CUS-20001664,Priya Foster,183 Willow Drive,EH1 4JQ,1976-03-17,48,2024-07-02,employed,111,manual,homeowner_mortgage,151,4,0,34100.0,2109.04,206.19,567.58,1335.27,0.0726,3400.0,debt_consolidation,92,verified,web,20,1,0,pass,pass,173,4,0.7254,1,0,1,full,0,0,0,0,0,0,0,0,0,0,0,0,719,0,0,Known Good,0.0,Known good/bad,0,Known good,0.0,5.0238805208462765,0.03272417860012049,584.8328452406332
ACC-10001667,CUS-20001667,Theo Morgan,23 Willow Drive,OX25 2VV,1971-05-03,53,2024-11-06,part_time,59,administrative,living_with_family,83,1,1,16800.0,1054.0,124.27,830.1,99.63,0.0888,4500.0,other,62,partially_verified,mobile,16,1,0,pass,pass,259,5,0.0359,1,0,0,partial,0,0,0,0,0,0,0,0,0,0,0,0,928,0,0,Known Good,0.0,Known good/bad,0,Known good,1.0,4.430816798843313,0.03385397161046443,583.8197614462924
ACC-10001669,CUS-20001669,Ava Khan,153 Mill View,NR15 7JG,1977-06-04,47,2024-12-24,self_employed,41,administrative,private_tenant,28,4,3,28800.0,1968.0,352.28,850.34,765.38,0.1468,6700.0,home_improvement,110,verified,web,19,2,1,refer,pass,166,4,0.5219,2,0,0,full,0,0,0,0,0,0,0,0,0,0,0,0,788,0,0,Known Good,0.0,Known good/bad,0,Known good,0.0,3.367295829986474,0.043704075652004855,576.1552241354664
ACC-10001673,CUS-20001673,Jack Foster,248 Station Lane,S11 6NH,1981-06-29,43,2024-07-30,self_employed,19,managerial,social_tenant,52,2,0,45300.0,2703.18,273.81,180.0,2249.37,0.0725,1700.0,major_purchase,83,verified,web,1,0,0,pass,refer,274,1,0.3027,0,0,1,full,0,0,0,0,0,0,0,0,0,0,0,0,818,0,0,Known Good,0.0,Known good/bad,0,Known good,0.0,3.970291913552122,0.024271672524402876,593.7055578531118
ACC-10001676,CUS-20001676,Maya Jones,130 Church Street,B16 1HJ,1995-12-11,28,2024-10-28,employed,55,service,social_tenant,37,4,0,73000.0,4715.57,195.52,932.56,3587.49,0.0321,4200.0,home_improvement,30,verified,mobile,15,1,0,pass,pass,74,3,0.4868,1,0,0,full,0,0,0,0,0,0,0,0,0,0,0,0,791,0,0,Known Good,0.0,Known good/bad,0,Known good,0.0,3.6375861597263857,0.032900673392202824,584.6723772579785
ACC-10001680,CUS-20001680,Freya Hughes,134 Kingfisher Way,M5 7UX,1983-10-25,40,2024-09-13,employed,44,service,private_tenant,97,3,0,44100.0,2807.33,257.66,1105.87,1443.8,0.0701,11400.0,major_purchase,90,verified,web,12,1,0,pass,pass,147,1,0.5833,1,1,1,full,0,0,0,0,0,0,0,0,0,0,0,0,767,0,0,Known Good,0.0,Known good/bad,0,Known good,0.0,4.584967478670572,0.05287929330239032,570.3783462375212
ACC-10001688,CUS-20001688,Ava Davies,161 Highfield Gardens,BS26 1GH,1970-01-19,54,2024-12-03,employed,46,service,homeowner_outright,66,3,0,46800.0,3022.63,406.64,39.31,2576.68,0.1043,8300.0,debt_consolidation,101,verified,branch,1,0,0,pass,pass,270,3,0.2661,0,0,1,full,0,0,0,0,0,0,0,0,0,0,0,0,906,0,0,Known Good,0.0,Known good/bad,0,Known good,0.0,4.204692619390966,0.023212581363267804,595.0241911225736
ACC-10001696,CUS-20001696,Maya Patel,97 Meadow Close,B17 7GT,1990-01-06,34,2024-08-29,self_employed,69,manual,homeowner_outright,16,3,0,15300.0,948.72,299.43,57.78,591.51,0.2348,4900.0,car,43,verified,web,2,2,1,pass,pass,83,3,0.2629,2,0,0,partial,0,0,0,0,0,0,0,0,0,0,0,0,788,0,0,Known Good,0.0,Known good/bad,0,Known good,0.0,2.833213344056216,0.04132810009077344,577.8397201590661
ACC-10001702,CUS-20001702,Priya Jones,197 Willow Drive,M19 9QL,1986-12-02,37,2024-10-21,employed,49,manual,private_tenant,98,3,1,14800.0,946.35,455.12,1092.42,-601.19,0.369,15900.0,major_purchase,137,verified,mobile,3,0,0,pass,pass,75,6,0.3198,0,0,2,full,0,0,0,0,0,0,0,0,0,0,0,0,747,0,0,Known Good,0.0,Known good/bad,0,Known good,1.0,4.59511985013459,0.04421893533414503,575.8017560324395
ACC-10001708,CUS-20001708,Leo Shah,222 Oak Road,M1 8AT,1992-06-13,32,2024-11-05,employed,77,service,homeowner_outright,33,1,1,34100.0,2025.88,407.79,144.54,1473.55,0.1435,6400.0,car,195,verified,branch,7,4,0,pass,pass,86,3,0.498,4,0,0,partial,0,0,0,0,0,0,0,0,0,0,0,0,774,0,0,Known Good,0.0,Known good/bad,0,Known good,0.0,3.5263605246161616,0.054048733788224536,569.7115389079825
ACC-10001713,CUS-20001713,Jack Foster,202 Kingfisher Way,S27 7GD,1977-07-24,47,2024-12-30,employed,16,managerial,living_with_family,53,3,1,21000.0,1332.64,156.17,647.96,528.51,0.0892,6800.0,debt_consolidation,68,verified,web,23,2,0,pass,pass,181,3,0.4111,2,0,0,full,0,0,0,0,0,0,0,0,0,0,0,0,849,0,0,Known Good,0.0,Known good/bad,0,Known good,0.0,3.9889840465642745,0.03477565514960772,583.0171702861846
ACC-10001714,CUS-20001714,Theo Clarke,239 Meadow Close,NE12 1PL,1978-01-14,46,2024-07-09,employed,4,managerial,homeowner_outright,88,1,0,26800.0,1779.81,164.15,20.74,1594.92,0.0735,5700.0,major_purchase,74,verified,web,4,0,0,pass,pass,313,6,0.0789,0,0,0,full,0,0,0,0,0,0,0,0,0,0,0,0,897,0,0,Known Good,0.0,Known good/bad,0,Known good,0.0,4.48863636973214,0.018635896559601742,601.4955235699476
ACC-10001716,CUS-20001716,Ava Morgan,115 Church Street,BS3 1VY,2000-08-12,23,2024-08-07,employed,36,professional,living_with_family,107,2,0,43400.0,2704.48,461.72,810.86,1431.9,0.1277,11800.0,car,65,verified,mobile,4,1,0,pass,pass,36,1,0.1702,1,0,0,full,0,0,0,0,0,0,0,0,0,0,0,0,867,0,0,Known Good,0.0,Known good/bad,0,Known good,0.0,4.68213122712422,0.023092067018980828,595.1779438371144
ACC-10001717,CUS-20001717,Noah Evans,28 Station Lane,LS14 9LS,1978-04-15,46,2024-08-11,retired,17,not_working,private_tenant,31,1,0,18700.0,1164.41,371.59,539.07,253.75,0.2385,3300.0,home_improvement,38,verified,mobile,6,3,0,pass,pass,325,1,0.8866,3,0,0,full,0,0,0,0,0,0,0,0,0,0,0,0,692,0,0,Known Good,0.0,Known good/bad,0,Known good,0.0,3.4657359027997265,0.06925915186338732,562.088934195666
ACC-10001720,CUS-20001720,Freya Patel,11 Meadow Close,NG24 6QF,1970-05-01,54,2024-07-11,part_time,42,professional,homeowner_mortgage,129,1,1,31700.0,2056.41,339.35,435.88,1281.18,0.1285,8700.0,car,191,not_verified,mobile,6,0,1,refer,pass,293,3,0.4047,0,0,0,none,0,0,0,0,0,0,0,0,0,0,0,0,777,0,0,Known Good,0.0,Known good/bad,0,Known good,0.0,4.867534450455582,0.023695593620039968,594.4156828754824
ACC-10001724,CUS-20001724,Adam Roberts,138 Mill View,BS19 1YP,1970-05-01,54,2024-12-30,part_time,30,not_working,homeowner_mortgage,24,2,2,31100.0,1969.97,191.6,735.95,1042.42,0.0739,10300.0,debt_consolidation,88,not_verified,web,12,1,0,pass,pass,359,2,0.6588,1,0,0,full,0,0,0,0,0,0,0,0,0,0,0,0,772,0,0,Known Good,0.0,Known good/bad,0,Known good,0.0,3.2188758248682006,0.04155357457821054,577.6759421734715
ACC-10001725,CUS-20001725,Sofia Clarke,207 Mill View,M17 9JE,1996-08-19,28,2024-09-06,employed,66,service,social_tenant,28,2,2,30300.0,1914.13,363.84,657.2,893.09,0.1441,5700.0,debt_consolidation,58,verified,mobile,22,0,0,pass,pass,117,3,0.2901,0,0,0,partial,0,0,0,0,0,0,0,0,0,0,0,0,828,0,0,Known Good,0.0,Known good/bad,0,Known good,0.0,3.367295829986474,0.02791516985228776,589.5620957720055
ACC-10001727,CUS-20001727,Ava Patel,202 Willow Drive,OX22 3VA,1981-05-06,43,2024-07-09,retired,37,manual,private_tenant,47,1,1,24400.0,1583.23,248.76,518.78,815.69,0.1223,12700.0,home_improvement,20,verified,branch,14,3,0,pass,refer,263,3,0.2111,3,0,0,full,0,0,0,0,0,0,0,0,0,0,0,0,870,0,0,Known Good,0.0,Known good/bad,0,Known good,0.0,3.871201010907891,0.03530987455178457,582.561316173552
ACC-10001729,CUS-20001729,Amelia Jones,63 Oak Road,PL27 4PN,1978-11-27,45,2024-10-23,employed,21,managerial,homeowner_mortgage,32,1,0,87200.0,5690.25,49.28,822.11,4818.86,0.0068,6200.0,car,108,verified,web,23,1,1,pass,pass,318,2,0.4669,1,0,0,partial,0,0,0,0,0,0,0,0,0,0,0,0,821,0,0,Known Good,0.0,Known good/bad,0,Known good,0.0,3.4965075614664802,0.03253530222569582,585.0054993800635
ACC-10001734,CUS-20001734,Adam Davies,207 Church Street,G25 6GR,1978-10-12,46,2024-11-11,employed,119,manual,homeowner_mortgage,128,1,0,15500.0,938.92,35.08,909.25,-5.41,0.0272,6600.0,home_improvement,27,verified,web,16,0,1,pass,pass,268,3,0.3543,0,0,0,full,0,0,0,0,0,0,0,0,0,0,0,0,893,0,0,Known Good,0.0,Known good/bad,0,Known good,1.0,4.859812404361672,0.03412905918257918,583.5780337977868
ACC-10001737,CUS-20001737,Leo Taylor,229 Kingfisher Way,BS27 3DL,1980-06-18,44,2024-08-19,employed,18,skilled,social_tenant,66,1,1,34200.0,2058.9,106.28,423.21,1529.41,0.0373,30000.0,car,116,verified,web,12,1,0,pass,pass,261,4,0.7466,1,0,0,full,0,0,0,0,0,0,0,0,0,0,0,0,786,0,0,Known Good,0.0,Known good/bad,0,Known good,0.0,4.204692619390966,0.037035528657977664,581.1328908985221
ACC-10001740,CUS-20001740,Ava Davies,185 Willow Drive,SO20 7LJ,1987-02-24,37,2024-12-12,retired,55,skilled,homeowner_mortgage,109,3,0,44200.0,2750.33,303.75,907.96,1538.62,0.0825,4600.0,debt_consolidation,43,verified,web,1,3,0,pass,pass,155,4,0.3883,3,0,0,full,0,0,0,0,0,0,0,0,0,0,0,0,796,0,0,Known Good,0.0,Known good/bad,0,Known good,0.0,4.700480365792417,0.03455180958279533,583.2101895005039
ACC-10001742,CUS-20001742,Daniel Roberts,247 Meadow Close,G10 8YP,1995-01-23,29,2024-08-27,employed,48,manual,private_tenant,5,1,1,22400.0,1420.2,202.86,445.79,771.55,0.1087,11100.0,major_purchase,43,verified,branch,14,1,0,pass,pass,131,6,0.7893,1,0,0,partial,0,0,0,0,0,0,0,0,0,0,0,0,714,0,0,Known Good,0.0,Known good/bad,0,Known good,0.0,1.791759469228055,0.059159182261919394,566.948408926292
ACC-10001743,CUS-20001743,Noah Hughes,224 Station Lane,NE3 4AY,1974-05-18,50,2024-10-10,unemployed,19,manual,homeowner_outright,88,3,0,13200.0,856.05,67.71,14.54,773.8,0.0616,10600.0,home_improvement,29,verified,branch,17,1,1,pass,pass,176,2,0.5334,1,0,0,partial,0,0,0,0,0,0,0,0,0,0,0,0,808,0,0,Known Good,0.0,Known good/bad,0,Known good,0.0,4.48863636973214,0.030386020561051368,587.041493127062
ACC-10001748,CUS-20001748,George Davies,24 Victoria Road,LS16 8VS,2005-11-19,18,2024-08-29,employed,60,manual,social_tenant,16,5,0,16100.0,1004.24,161.53,505.72,336.99,0.1204,5800.0,debt_consolidation,69,verified,telephone,23,1,1,pass,pass,0,3,0.2185,1,0,0,partial,0,0,0,0,0,0,0,0,0,0,0,0,894,0,0,Known Good,0.0,Known good/bad,0,Known good,0.0,2.833213344056216,0.03225130233524709,585.2669389433647
ACC-10001754,CUS-20001754,Adam Jones,246 Highfield Gardens,NE29 9UR,1958-07-09,66,2024-08-13,employed,84,manual,homeowner_outright,85,1,1,19100.0,1222.39,596.91,178.88,446.6,0.375,3500.0,car,47,verified,web,21,0,1,pass,pass,174,4,0.3313,0,0,0,partial,0,0,0,0,0,0,0,0,0,0,0,0,854,0,0,Known Good,0.0,Known good/bad,0,Known good,0.0,4.454347296253507,0.028557871933117707,588.8862296087826
ACC-10001755,CUS-20001755,Amelia Jones,129 Meadow Close,S15 8TH,1985-05-19,39,2024-08-07,employed,111,managerial,living_with_family,36,4,1,8000.0,505.23,448.24,384.18,-327.19,0.6724,5400.0,debt_consolidation,42,verified,branch,17,1,0,pass,pass,194,2,0.3321,1,0,0,full,0,0,0,0,0,0,0,0,0,0,0,0,885,0,0,Known Good,0.0,Known good/bad,0,Known good,1.0,3.6109179126442243,0.07326768844153989,560.3409495750957
ACC-10001757,CUS-20001757,Freya Hughes,115 Oak Road,BS25 6DR,1986-05-26,38,2024-12-06,employed,132,service,living_with_family,47,4,0,51300.0,3296.68,374.55,781.18,2140.95,0.0876,26000.0,car,22,verified,mobile,1,1,0,pass,pass,214,5,0.5182,1,0,0,full,0,0,0,0,0,0,0,0,0,0,0,0,819,0,0,Known Good,0.0,Known good/bad,0,Known good,0.0,3.871201010907891,0.03380123474937292,583.866319309873
ACC-10001765,CUS-20001765,Leo Bennett,145 Park Avenue,B8 3JJ,1988-12-02,36,2024-12-22,employed,32,managerial,private_tenant,95,2,0,17800.0,1125.03,219.39,471.87,433.77,0.1479,4900.0,debt_consolidation,12,verified,branch,14,1,0,pass,pass,137,0,0.2792,1,0,0,full,0,0,0,0,0,0,0,0,0,0,0,0,884,0,0,Known Good,0.0,Known good/bad,0,Known good,0.0,4.564348191467836,0.026069270808685974,591.5908168003859
ACC-10001766,CUS-20001766,Adam Green,165 Highfield Gardens,LS3 8GB,1983-04-15,41,2024-08-26,employed,36,not_working,homeowner_mortgage,39,1,0,31000.0,1898.83,261.8,838.33,798.7,0.1013,10500.0,car,64,verified,web,3,3,1,pass,pass,229,2,0.3716,3,0,0,full,0,0,0,0,0,0,0,0,0,0,0,0,794,0,0,Known Good,0.0,Known good/bad,0,Known good,0.0,3.6888794541139363,0.040669756148976444,578.3228620925684
ACC-10001769,CUS-20001769,George Jones,78 Oak Road,G6 6NB,1984-04-06,40,2024-11-19,part_time,188,not_working,homeowner_outright,39,2,2,21100.0,1258.07,376.52,66.71,814.84,0.2141,15300.0,car,63,verified,telephone,4,1,1,pass,pass,214,4,0.5974,1,0,0,full,0,0,0,0,0,0,0,0,0,0,0,0,805,0,0,Known Good,0.0,Known good/bad,0,Known good,0.0,3.6888794541139363,0.040566843181102895,578.3990632715506
ACC-10001779,CUS-20001779,George Shah,13 Station Lane,BS12 9WG,1988-02-16,36,2024-10-15,employed,78,managerial,social_tenant,59,3,0,39700.0,2444.73,254.52,943.06,1247.15,0.0769,800.0,debt_consolidation,67,partially_verified,telephone,17,2,0,pass,pass,134,4,0.5341,2,0,1,partial,1,1,0,0,1,0,0,0,0,1,0,0,679,0,4,Known Bad,1.0,Known good/bad,1,Known bad,0.0,4.0943445622221,0.03736140484839854,580.8703493593842
ACC-10001780,CUS-20001780,Ava Bennett,207 Victoria Road,SO5 7LT,1966-04-27,58,2024-08-09,employed,19,skilled,social_tenant,113,3,1,45000.0,2919.7,100.65,815.06,2003.99,0.0268,15700.0,debt_consolidation,107,partially_verified,mobile,16,1,0,pass,pass,376,4,0.2618,1,0,1,full,0,0,0,0,0,0,0,0,0,0,0,0,873,0,0,Known Good,0.0,Known good/bad,0,Known good,0.0,4.736198448394496,0.022899269491199633,595.4255525695335
ACC-10001782,CUS-20001782,Oliver Shah,217 Park Avenue,G16 4NN,1991-02-26,33,2024-11-20,self_employed,44,administrative,social_tenant,44,3,0,31300.0,2024.75,280.13,1056.36,688.26,0.1074,7500.0,debt_consolidation,119,partially_verified,mobile,0,0,0,pass,pass,168,2,0.4317,0,0,0,full,0,0,0,0,0,0,0,0,0,0,0,0,867,0,0,Known Good,0.0,Known good/bad,0,Known good,0.0,3.8066624897703196,0.02834547215655298,589.1079411735407
ACC-10001783,CUS-20001783,Maya Bennett,248 Oak Road,NG26 6YR,1957-01-06,67,2024-12-15,employed,73,not_working,homeowner_mortgage,81,4,0,11300.0,703.98,135.46,382.83,185.69,0.1439,1900.0,education,39,partially_verified,mobile,13,1,0,pass,pass,303,4,0.2604,1,0,0,full,0,0,0,0,0,0,0,0,0,0,0,0,965,0,0,Known Good,0.0,Known good/bad,0,Known good,0.0,4.406719247264253,0.009684510323991207,620.6441820181491
ACC-10001786,CUS-20001786,Sofia Green,88 Victoria Road,M17 9RF,1972-12-26,51,2024-10-11,employed,17,professional,homeowner_mortgage,57,4,0,28400.0,1791.98,211.86,337.42,1242.7,0.0895,5700.0,debt_consolidation,76,verified,web,15,0,1,pass,pass,282,2,0.6181,0,0,0,full,0,0,0,0,0,0,0,0,0,0,0,0,808,0,0,Known Good,0.0,Known good/bad,0,Known good,0.0,4.060443010546419,0.031159890601996573,586.2928065955973
ACC-10001791,CUS-20001791,Maya Wilson,121 Oak Road,SO28 4BL,2006-10-25,18,2024-11-16,self_employed,24,professional,social_tenant,59,1,1,44900.0,2883.02,137.05,913.26,1832.71,0.0366,3000.0,home_improvement,48,verified,mobile,5,1,0,pass,pass,0,2,0.2069,1,1,1,partial,0,0,0,0,0,0,0,0,0,0,0,0,754,0,0,Known Good,0.0,Known good/bad,0,Known good,0.0,4.0943445622221,0.041576368262875016,577.6594328636859
ACC-10001793,CUS-20001793,Ava Lewis,195 Park Avenue,NR24 2UF,1979-11-20,45,2024-11-27,employed,31,professional,living_with_family,109,3,0,48800.0,3212.92,424.24,437.14,2351.54,0.1043,14800.0,major_purchase,79,verified,branch,23,1,0,pass,pass,178,2,0.7924,1,1,1,full,0,0,0,0,0,0,0,0,0,0,0,0,748,0,0,Known Good,0.0,Known good/bad,0,Known good,0.0,4.700480365792417,0.06253795315751647,565.2420037614934
ACC-10001799,CUS-20001799,Priya Lewis,14 Station Lane,NR7 5UQ,2006-05-08,18,2024-09-14,employed,10,administrative,homeowner_mortgage,153,2,0,46000.0,2947.38,101.43,832.46,2013.49,0.0265,2800.0,car,27,verified,telephone,13,2,0,pass,pass,0,2,0.1506,2,1,1,full,0,0,0,0,0,0,0,0,0,0,0,0,760,0,0,Known Good,0.0,Known good/bad,0,Known good,0.0,5.0369526024136295,0.03867323309584095,579.8352686031818
ACC-10001801,CUS-20001801,Theo Davies,214 Highfield Gardens,B4 8TR,1985-03-14,39,2024-11-20,retired,47,administrative,homeowner_mortgage,160,3,0,52900.0,3330.89,424.15,723.56,2183.18,0.0962,4900.0,car,17,verified,web,1,0,0,pass,pass,122,2,0.3169,0,0,0,full,0,0,0,0,0,0,0,0,0,0,0,0,881,0,0,Known Good,0.0,Known good/bad,0,Known good,0.0,5.081404364984463,0.02082781370757854,598.2224615130069
ACC-10001802,CUS-20001802,Theo Wilson,209 Victoria Road,B15 9LH,1992-07-11,32,2024-10-22,part_time,77,service,living_with_family,40,2,2,25000.0,1629.23,174.14,833.3,621.79,0.0836,4900.0,major_purchase,77,verified,web,12,0,0,pass,pass,102,1,0.2922,0,0,0,full,0,0,0,0,0,0,0,0,0,0,0,0,886,0,0,Known Good,0.0,Known good/bad,0,Known good,0.0,3.713572066704308,0.025299572923331657,592.4783550067218
ACC-10001803,CUS-20001803,George Roberts,52 Mill View,G1 5LJ,1977-06-08,47,2024-09-07,part_time,54,not_working,homeowner_mortgage,72,4,0,16500.0,958.47,469.93,573.1,-84.56,0.3418,15800.0,car,106,verified,mobile,12,1,0,pass,pass,261,1,0.3481,1,0,0,full,0,0,0,0,1,0,0,0,1,0,1,1,835,0,4,Known Bad,1.0,Known good/bad,1,Known bad,1.0,4.290459441148391,0.05298396075820275,570.3181014108815
ACC-10001804,CUS-20001804,Ava Hughes,139 Mill View,L26 2JL,1977-09-21,47,2024-12-05,unemployed,0,managerial,private_tenant,3,3,0,8700.0,559.87,442.26,1030.81,-913.2,0.61,12000.0,car,46,verified,web,13,0,0,pass,pass,271,1,0.4691,0,0,0,full,0,0,0,0,0,0,0,0,0,0,0,0,849,0,0,Known Good,0.0,Known good/bad,0,Known good,1.0,1.3862943611198906,0.0966353626915419,551.6165824042538
ACC-10001805,CUS-20001805,Jack Khan,195 Oak Road,M29 6NJ,1969-08-29,55,2024-12-17,employed,56,service,living_with_family,38,3,0,35200.0,2105.85,481.59,1009.82,614.44,0.1642,5700.0,debt_consolidation,33,verified,branch,21,1,0,pass,pass,246,3,0.314,1,0,0,full,0,0,0,0,0,0,0,0,0,0,0,0,830,0,0,Known Good,0.0,Known good/bad,0,Known good,0.0,3.6635616461296463,0.03139415000904195,586.0697173848589
ACC-10001808,CUS-20001808,Sofia Khan,86 Station Lane,CF24 2XX,1954-06-24,70,2024-10-09,self_employed,45,administrative,private_tenant,47,3,0,49400.0,3093.14,285.29,869.98,1937.87,0.0693,12200.0,home_improvement,111,partially_verified,web,15,4,0,pass,pass,246,4,0.5783,4,0,1,none,0,0,0,0,0,0,0,0,0,0,0,0,669,0,0,Known Good,0.0,Known good/bad,0,Known good,0.0,3.871201010907891,0.051710818987006024,571.0586565474595
ACC-10001821,CUS-20001821,Leo Hughes,40 Mill View,BS12 7AP,1989-05-22,35,2024-10-29,employed,64,not_working,homeowner_mortgage,123,3,2,23200.0,1537.4,421.6,779.55,336.25,0.2181,12700.0,car,32,verified,web,20,0,0,pass,pass,122,4,0.7677,0,0,0,full,0,0,0,0,0,0,0,0,0,0,0,0,744,0,0,Known Good,0.0,Known good/bad,0,Known good,0.0,4.820281565605037,0.03403989985876831,583.656174215576
ACC-10001822,CUS-20001822,Freya Roberts,37 Station Lane,NR24 6BU,1956-05-18,68,2024-08-30,employed,15,professional,homeowner_mortgage,39,2,2,32900.0,1995.94,217.94,504.73,1273.27,0.0795,5500.0,car,15,verified,web,20,1,1,pass,pass,413,5,0.4233,1,0,0,full,0,0,0,0,0,0,0,0,0,0,0,0,857,0,0,Known Good,0.0,Known good/bad,0,Known good,0.0,3.6888794541139363,0.03209498334180337,585.4117914299137
ACC-10001824,CUS-20001824,Leo Wilson,35 Church Street,NG25 3TT,1983-09-07,41,2024-10-11,employed,92,not_working,homeowner_mortgage,58,1,0,49500.0,2919.79,609.84,437.21,1872.74,0.1478,14800.0,debt_consolidation,165,verified,web,1,1,1,pass,pass,99,2,0.4278,1,0,0,full,0,0,0,0,0,0,0,0,0,0,0,0,868,0,0,Known Good,0.0,Known good/bad,0,Known good,0.0,4.07753744390572,0.031766863127010006,585.7180747867512
ACC-10001826,CUS-20001826,Maya Clarke,185 Park Avenue,CF7 1LH,1984-06-17,40,2024-07-09,employed,11,professional,private_tenant,55,2,0,37300.0,2518.01,506.41,819.91,1191.69,0.1629,7600.0,major_purchase,89,verified,web,20,1,0,pass,pass,161,3,0.252,1,0,0,none,0,0,0,0,0,0,0,0,0,0,0,0,842,0,0,Known Good,0.0,Known good/bad,0,Known good,0.0,4.02535169073515,0.028149104744597822,589.3143570626758
ACC-10001829,CUS-20001829,Sofia Evans,139 Victoria Road,S12 8DJ,1986-10-30,38,2024-11-04,part_time,80,skilled,social_tenant,57,2,0,30300.0,1788.14,142.62,465.01,1180.51,0.0565,18000.0,debt_consolidation,71,verified,mobile,15,0,0,pass,pass,121,5,0.1569,0,0,0,full,0,0,0,0,0,0,0,0,0,0,0,0,823,0,0,Known Good,0.0,Known good/bad,0,Known good,0.0,4.060443010546419,0.02102652460479282,597.9426252903751
ACC-10001832,CUS-20001832,Freya Davies,213 Station Lane,OX23 8NN,1985-02-18,39,2024-12-23,employed,91,skilled,private_tenant,45,2,0,56500.0,3487.12,625.26,975.4,1886.46,0.1328,5500.0,car,66,verified,web,7,2,0,pass,pass,244,0,0.2491,2,1,1,full,0,0,0,0,0,0,0,0,0,0,0,0,750,0,0,Known Good,0.0,Known good/bad,0,Known good,0.0,3.828641396489095,0.05461770998272818,569.3920183590227
ACC-10001836,CUS-20001836,Adam Wilson,191 Park Avenue,PL22 2GB,1983-01-15,41,2024-12-07,employed,138,manual,social_tenant,35,4,3,81300.0,4913.11,451.83,799.44,3661.84,0.0667,4300.0,debt_consolidation,55,partially_verified,mobile,15,1,0,pass,pass,169,5,0.7342,1,0,1,partial,0,0,0,0,0,0,0,0,0,0,0,0,820,0,0,Known Good,0.0,Known good/bad,0,Known good,0.0,3.58351893845611,0.041382057667007054,577.8004493003897
ACC-10001839,CUS-20001839,Maya Roberts,57 Highfield Gardens,S9 7WY,1980-12-05,43,2024-11-23,employed,79,manual,private_tenant,86,3,0,71000.0,4271.08,481.65,831.17,2958.26,0.0814,18000.0,other,21,verified,mobile,12,0,0,pass,pass,97,4,0.6621,0,0,0,full,0,0,0,0,0,0,0,0,0,0,0,0,870,0,0,Known Good,0.0,Known good/bad,0,Known good,0.0,4.465908118654584,0.030043673850292617,587.3786090507186
ACC-10001843,CUS-20001843,Priya Jones,130 Victoria Road,OX9 1RY,1986-11-20,37,2024-07-11,employed,71,managerial,social_tenant,100,4,1,35900.0,2292.26,182.34,1424.23,685.69,0.0609,8300.0,home_improvement,65,verified,telephone,21,0,1,pass,pass,114,6,0.251,0,0,0,none,0,0,0,0,0,0,0,0,0,0,0,0,834,0,0,Known Good,0.0,Known good/bad,0,Known good,0.0,4.61512051684126,0.02077871394776369,598.2920091959563
ACC-10001849,CUS-20001849,Oliver Patel,194 Park Avenue,LS4 4AR,2002-05-20,22,2024-11-14,retired,158,not_working,homeowner_outright,53,1,2,72700.0,4498.55,240.75,177.71,4080.09,0.0397,5700.0,other,37,verified,mobile,8,1,0,refer,pass,43,1,0.2037,1,0,0,full,0,0,0,0,0,0,0,0,0,0,0,0,827,0,0,Known Good,0.0,Known good/bad,0,Known good,0.0,3.9889840465642745,0.024922693641130218,592.9225701122224
ACC-10001851,CUS-20001851,Adam Foster,166 Station Lane,B8 4QX,1987-01-30,37,2024-09-10,self_employed,89,service,homeowner_mortgage,25,2,0,19000.0,1191.17,207.09,572.17,411.91,0.1308,13900.0,car,38,partially_verified,web,2,1,0,pass,pass,105,6,0.2893,1,0,0,full,0,0,0,0,0,0,0,0,0,0,0,0,890,0,0,Known Good,0.0,Known good/bad,0,Known good,0.0,3.258096538021482,0.0320921159949756,585.4144548129165
ACC-10001852,CUS-20001852,Maya Roberts,143 Mill View,RG4 7LD,1986-09-17,37,2024-07-04,part_time,11,administrative,private_tenant,55,2,0,19000.0,1135.38,380.89,360.18,394.31,0.2406,9200.0,debt_consolidation,36,partially_verified,web,8,1,0,pass,pass,72,3,0.3348,1,0,0,full,0,0,0,0,0,0,0,0,0,0,0,0,932,0,0,Known Good,0.0,Known good/bad,0,Known good,0.0,4.02535169073515,0.03180088080634466,585.6861792332927
ACC-10001855,CUS-20001855,Freya Foster,185 Highfield Gardens,NR6 1XD,1991-03-08,33,2024-12-17,employed,142,service,private_tenant,116,2,0,38200.0,2354.71,473.18,829.79,1051.74,0.1486,8500.0,major_purchase,71,verified,web,6,1,1,pass,pass,167,3,0.6813,1,0,0,none,0,0,0,0,0,0,0,0,0,0,0,0,739,0,0,Known Good,0.0,Known good/bad,0,Known good,0.0,4.762173934797756,0.034808009162871134,582.989370949326
ACC-10001856,CUS-20001856,Oliver Clarke,96 Park Avenue,NG21 3GW,1989-12-07,34,2024-10-11,employed,50,skilled,private_tenant,88,2,0,35700.0,2210.11,57.47,750.29,1402.35,0.0193,10700.0,other,77,verified,mobile,6,4,1,pass,pass,135,5,0.1036,4,0,0,full,0,0,0,0,0,0,0,0,0,0,0,0,825,0,0,Known Good,0.0,Known good/bad,0,Known good,0.0,4.48863636973214,0.03107718574556522,586.3719556919117
ACC-10001860,CUS-20001860,Sofia Morgan,56 Kingfisher Way,NG10 3HB,1979-11-12,44,2024-10-22,employed,34,administrative,private_tenant,140,2,0,33100.0,2106.85,175.74,709.29,1221.82,0.0637,24300.0,home_improvement,43,verified,mobile,14,3,0,pass,pass,104,1,0.6595,3,0,1,full,0,0,0,0,0,0,0,0,0,0,0,0,707,0,0,Known Good,0.0,Known good/bad,0,Known good,0.0,4.948759890378168,0.04059843173502917,578.3756540776603
ACC-10001861,CUS-20001861,Maya Foster,243 Highfield Gardens,G9 3JX,1966-11-16,57,2024-07-09,employed,32,administrative,private_tenant,141,4,0,40400.0,2612.94,402.89,638.46,1571.59,0.1197,9700.0,debt_consolidation,28,verified,mobile,2,1,0,pass,pass,299,5,0.4815,1,0,1,partial,0,0,0,0,0,0,0,0,0,0,0,0,766,0,0,Known Good,0.0,Known good/bad,0,Known good,0.0,4.955827057601261,0.028178532208279466,589.2833348475577
ACC-10001869,CUS-20001869,George Jones,29 Station Lane,NE11 8QG,1986-11-11,38,2024-12-25,self_employed,51,service,private_tenant,57,1,2,21000.0,1284.56,168.29,1172.7,-56.43,0.0962,2900.0,debt_consolidation,169,partially_verified,branch,6,3,0,pass,pass,215,6,0.366,3,0,0,full,0,0,0,0,0,0,0,0,0,0,0,0,774,0,0,Known Good,0.0,Known good/bad,0,Known good,1.0,4.060443010546419,0.06063385750529104,566.1927178313882
ACC-10001873,CUS-20001873,Noah Taylor,205 Meadow Close,S28 6TB,1990-07-16,34,2024-12-11,employed,17,manual,homeowner_mortgage,106,1,2,39500.0,2589.76,749.29,998.47,842.0,0.2276,12600.0,car,96,verified,mobile,19,1,0,pass,pass,123,3,0.3402,1,0,1,full,0,0,0,0,0,0,0,0,0,0,0,0,877,0,0,Known Good,0.0,Known good/bad,0,Known good,0.0,4.672828834461906,0.02848653036098736,588.9605198060632
ACC-10001881,CUS-20001881,Isla Green,238 Park Avenue,SO13 9SW,1981-06-10,43,2024-09-03,employed,94,not_working,homeowner_outright,25,3,0,22200.0,1314.41,185.88,91.73,1036.8,0.1005,5600.0,car,212,verified,telephone,17,2,0,pass,pass,242,5,0.2117,2,0,0,partial,0,0,0,0,0,0,0,0,0,0,0,0,813,0,0,Known Good,0.0,Known good/bad,0,Known good,0.0,3.258096538021482,0.0336728279985839,583.9799748727396
ACC-10001884,CUS-20001884,Oliver Morgan,152 Highfield Gardens,G28 5PE,1980-08-10,44,2024-11-10,employed,38,managerial,homeowner_mortgage,159,1,1,29900.0,1932.83,58.87,523.16,1350.8,0.0236,9800.0,debt_consolidation,33,not_verified,web,11,0,0,pass,refer,227,4,0.7559,0,0,0,full,0,0,0,0,0,0,0,0,0,0,0,0,859,0,0,Known Good,0.0,Known good/bad,0,Known good,0.0,5.075173815233827,0.02813411840653333,589.330167654176
ACC-10001892,CUS-20001892,Oliver Patel,12 Mill View,B11 6GJ,1994-04-26,30,2024-11-09,self_employed,27,not_working,living_with_family,74,4,1,26600.0,1720.06,630.0,301.42,788.64,0.2842,8900.0,car,72,verified,mobile,3,1,1,pass,pass,59,4,0.8007,1,0,0,full,0,0,0,0,0,0,0,0,0,0,0,0,839,0,0,Known Good,0.0,Known good/bad,0,Known good,0.0,4.31748811353631,0.04524708263742704,575.1074910535767
ACC-10001900,CUS-20001900,Jack Wilson,173 Willow Drive,RG24 7DD,1977-05-15,47,2024-11-06,employed,25,manual,homeowner_mortgage,78,2,1,92000.0,5619.03,402.57,1261.13,3955.33,0.0525,6400.0,car,28,partially_verified,mobile,19,1,0,pass,pass,148,3,0.4696,1,0,0,full,0,0,0,0,0,0,0,0,0,0,0,0,809,0,0,Known Good,0.0,Known good/bad,0,Known good,0.0,4.3694478524670215,0.029249646639415313,588.1750607315837
ACC-10001901,CUS-20001901,Maya Jones,199 Church Street,CF14 4QU,1984-12-01,39,2024-10-31,employed,102,skilled,homeowner_mortgage,21,2,3,51400.0,3295.92,147.18,1058.14,2090.6,0.0344,23800.0,home_improvement,34,verified,mobile,7,0,0,pass,pass,134,1,0.4108,0,0,1,full,0,0,0,0,0,0,0,0,0,0,0,0,786,0,0,Known Good,0.0,Known good/bad,0,Known good,0.0,3.091042453358316,0.02970699795684351,587.7137910383282
ACC-10001902,CUS-20001902,Theo Foster,160 Meadow Close,BS22 5UH,1976-05-17,48,2024-08-20,part_time,80,skilled,social_tenant,78,3,3,25100.0,1492.66,161.6,735.49,595.57,0.0773,4800.0,major_purchase,66,verified,mobile,4,0,1,pass,pass,170,2,0.2866,0,1,1,full,0,0,0,0,0,0,0,0,0,0,0,0,831,0,0,Known Good,0.0,Known good/bad,0,Known good,0.0,4.3694478524670215,0.03827123421910244,580.148830975984
ACC-10001903,CUS-20001903,Priya Green,55 Meadow Close,NG25 6NV,1981-02-06,43,2024-10-19,employed,42,service,homeowner_mortgage,31,2,0,58600.0,4004.33,225.84,722.12,3056.37,0.0462,2500.0,debt_consolidation,99,not_verified,web,11,1,1,pass,pass,295,4,0.3534,1,1,1,full,1,0,0,0,1,0,0,0,1,1,1,0,692,0,5,Known Bad,1.0,Known good/bad,1,Known bad,0.0,3.4657359027997265,0.05190490165185018,570.9446578849578
ACC-10001905,CUS-20001905,Leo Shah,57 Willow Drive,OX13 2RU,1995-11-17,28,2024-09-28,employed,6,manual,homeowner_mortgage,55,2,3,12600.0,795.78,143.4,853.41,-201.03,0.1366,12100.0,other,80,partially_verified,mobile,14,4,0,pass,pass,88,3,0.5164,4,0,0,full,1,1,0,0,1,1,1,0,1,1,0,0,744,0,7,Known Bad,1.0,Known good/bad,1,Known bad,1.0,4.02535169073515,0.07981857525590447,557.6653142314933
ACC-10001910,CUS-20001910,Daniel Taylor,179 Church Street,BS11 2NN,1980-05-20,44,2024-11-21,retired,53,not_working,homeowner_mortgage,132,2,1,62300.0,4114.79,317.94,1035.77,2761.08,0.0612,9000.0,debt_consolidation,44,verified,web,1,2,1,pass,pass,186,3,0.2012,2,0,1,full,0,0,0,0,0,0,0,0,0,0,0,0,823,0,0,Known Good,0.0,Known good/bad,0,Known good,0.0,4.890349128221754,0.024902709680032577,592.9463068923216
ACC-10001918,CUS-20001918,Ava Patel,160 Highfield Gardens,L15 2SG,1985-06-25,39,2024-11-01,employed,108,skilled,social_tenant,10,4,1,35000.0,2254.72,309.53,920.0,1025.19,0.1061,5200.0,home_improvement,109,verified,web,4,1,1,pass,pass,138,2,0.2622,1,0,1,full,0,0,0,0,0,0,0,0,0,0,0,0,855,0,0,Known Good,0.0,Known good/bad,0,Known good,0.0,2.3978952727983707,0.03545843979113907,582.4357250021604
ACC-10001919,CUS-20001919,Ava Evans,41 Meadow Close,L17 8LQ,1986-05-17,38,2024-09-26,employed,46,administrative,homeowner_mortgage,59,4,1,16700.0,1057.37,743.72,735.58,-421.93,0.5344,9800.0,home_improvement,93,partially_verified,web,3,1,0,pass,pass,107,2,0.2131,1,0,0,full,0,0,0,0,0,0,0,0,0,0,0,0,888,0,0,Known Good,0.0,Known good/bad,0,Known good,1.0,4.0943445622221,0.05632515106122873,568.4516495995099
ACC-10001922,CUS-20001922,Theo Jones,139 Church Street,OX16 8JH,1979-06-05,45,2024-11-14,self_employed,33,administrative,private_tenant,10,2,1,64700.0,4084.95,523.5,760.87,2800.58,0.0971,4700.0,car,96,verified,telephone,8,2,0,pass,pass,226,6,0.4001,2,0,0,full,0,0,0,0,0,0,0,0,0,0,0,0,888,0,0,Known Good,0.0,Known good/bad,0,Known good,0.0,2.3978952727983707,0.04476391251486881,575.4318621515445
ACC-10001923,CUS-20001923,Isla Evans,17 Willow Drive,PL21 1XT,1976-12-11,47,2024-11-27,employed,42,administrative,private_tenant,92,3,2,33500.0,2102.84,549.97,1020.48,532.39,0.197,8400.0,car,59,verified,web,12,0,0,pass,pass,231,1,0.1077,0,0,0,full,0,0,0,0,0,0,0,0,0,0,0,0,879,0,0,Known Good,0.0,Known good/bad,0,Known good,0.0,4.532599493153256,0.02071659355586097,598.3802308968958
ACC-10001927,CUS-20001927,Daniel Jones,233 Oak Road,NR8 1EU,1981-04-30,43,2024-11-08,employed,172,administrative,living_with_family,16,4,1,32500.0,1949.71,883.6,1244.06,-177.95,0.3263,5300.0,other,67,verified,web,21,3,1,pass,pass,268,2,0.5636,3,0,0,full,0,0,0,0,0,0,0,0,0,0,0,0,699,0,0,Known Good,0.0,Known good/bad,0,Known good,1.0,2.833213344056216,0.09958003146157608,550.6562697114799
ACC-10001930,CUS-20001930,Theo Evans,83 Oak Road,G10 4DH,1986-12-08,37,2024-12-05,employed,168,service,private_tenant,32,2,1,34600.0,2196.65,23.72,833.18,1339.75,0.0082,2600.0,debt_consolidation,24,verified,web,7,1,1,pass,refer,81,2,0.4285,1,0,0,full,0,0,0,0,0,0,0,0,0,0,0,0,849,0,0,Known Good,0.0,Known good/bad,0,Known good,0.0,3.4965075614664802,0.03158762628295344,585.886677829407
ACC-10001933,CUS-20001933,Sofia Wilson,17 Kingfisher Way,G14 2XG,1998-07-07,26,2024-12-13,self_employed,64,not_working,homeowner_outright,50,1,0,35300.0,2062.01,195.16,33.61,1833.24,0.0663,6300.0,home_improvement,75,verified,telephone,21,3,1,pass,pass,55,1,0.6265,3,0,0,full,0,0,0,0,0,0,0,0,0,0,0,0,762,0,0,Known Good,0.0,Known good/bad,0,Known good,0.0,3.9318256327243257,0.046631240150379435,574.196189167703
ACC-10001941,CUS-20001941,Noah Foster,174 Mill View,OX29 2XH,1993-02-25,31,2024-09-24,self_employed,58,administrative,private_tenant,113,3,1,59300.0,3757.73,391.1,672.53,2694.1,0.0791,5400.0,debt_consolidation,107,verified,mobile,11,1,0,pass,pass,142,0,0.7092,1,0,1,full,0,0,0,0,0,0,0,0,0,0,0,0,747,0,0,Known Good,0.0,Known good/bad,0,Known good,0.0,4.736198448394496,0.03400139857723395,583.6899783114678
ACC-10001942,CUS-20001942,Daniel Wilson,111 Kingfisher Way,NG1 2QS,1989-11-22,34,2024-07-30,employed,91,skilled,homeowner_outright,40,5,0,45100.0,3023.33,76.76,70.33,2876.24,0.0204,6600.0,car,55,verified,mobile,7,1,0,refer,pass,98,3,0.431,1,0,0,partial,0,0,0,0,0,0,0,0,0,0,0,0,867,0,0,Known Good,0.0,Known good/bad,0,Known good,0.0,3.713572066704308,0.030826076461198424,586.6135243673219
ACC-10001943,CUS-20001943,Oliver Roberts,114 Kingfisher Way,RG12 7VY,1999-02-18,25,2024-10-17,retired,37,not_working,living_with_family,95,2,0,56600.0,3429.24,219.73,1066.22,2143.29,0.0466,7200.0,other,39,verified,web,18,4,0,pass,pass,43,5,0.9521,4,0,0,partial,0,0,0,0,0,0,0,0,0,0,0,0,693,0,0,Known Good,0.0,Known good/bad,0,Known good,0.0,4.564348191467836,0.06097635270401213,566.0196707279289
ACC-10001946,CUS-20001946,Adam Khan,29 Park Avenue,RG14 1UG,1993-10-03,30,2024-07-18,employed,92,administrative,homeowner_mortgage,57,2,0,17200.0,1118.64,684.4,769.8,-335.56,0.4775,11500.0,major_purchase,76,verified,mobile,2,0,1,pass,pass,103,1,0.2362,0,1,4,full,0,0,0,0,0,0,0,0,0,0,0,0,735,0,0,Known Good,0.0,Known good/bad,0,Known good,1.0,4.060443010546419,0.08121602253153686,557.1206645715554
ACC-10001949,CUS-20001949,Adam Taylor,19 Victoria Road,G12 7FU,1990-01-30,34,2024-10-10,retired,40,professional,homeowner_mortgage,58,4,0,20900.0,1337.72,98.11,1093.35,146.26,0.0563,27700.0,car,59,verified,mobile,13,1,0,pass,pass,92,4,0.7706,1,0,0,full,0,0,0,0,0,0,0,0,0,0,0,0,780,0,0,Known Good,0.0,Known good/bad,0,Known good,1.0,4.07753744390572,0.0622620731900954,565.3780614505475
ACC-10001951,CUS-20001951,Oliver Foster,150 Highfield Gardens,CF8 6QX,2002-07-29,22,2024-08-28,self_employed,15,skilled,homeowner_mortgage,84,1,0,26100.0,1626.95,275.72,683.2,668.03,0.1268,3200.0,car,66,verified,mobile,17,3,0,pass,pass,44,7,0.1676,3,0,1,full,0,0,0,0,0,0,0,0,0,0,0,0,794,0,0,Known Good,0.0,Known good/bad,0,Known good,0.0,4.442651256490317,0.031200047771936967,586.25444921868
ACC-10001959,CUS-20001959,Leo Evans,225 Station Lane,SO10 6VA,1961-01-17,63,2024-11-13,employed,25,managerial,private_tenant,55,2,1,32700.0,2073.9,236.98,1014.95,821.97,0.087,4900.0,debt_consolidation,28,partially_verified,mobile,11,1,0,pass,pass,199,0,0.0169,1,1,1,full,0,0,0,0,0,0,0,0,0,0,0,0,854,0,0,Known Good,0.0,Known good/bad,0,Known good,0.0,4.02535169073515,0.03750444381727027,580.7558047501385
ACC-10001961,CUS-20001961,Ava Jones,111 Victoria Road,OX6 9TP,1977-10-05,46,2024-08-12,part_time,85,not_working,homeowner_mortgage,20,2,1,34700.0,2083.7,273.05,461.65,1349.0,0.0944,6800.0,debt_consolidation,213,verified,mobile,2,2,0,pass,refer,312,2,0.3194,2,0,0,full,0,0,0,0,0,0,0,0,0,0,0,0,855,0,0,Known Good,0.0,Known good/bad,0,Known good,0.0,3.044522437723423,0.0377948217202651,580.524557695303
ACC-10001962,CUS-20001962,Maya Clarke,70 Mill View,OX20 2BE,1988-11-07,35,2024-07-31,employed,50,service,private_tenant,29,3,1,52800.0,3586.66,388.37,680.93,2517.36,0.0883,14700.0,debt_consolidation,62,verified,telephone,18,1,1,pass,pass,180,2,0.7653,1,0,0,full,0,0,0,0,0,0,0,0,0,0,0,0,793,0,0,Known Good,0.0,Known good/bad,0,Known good,0.0,3.4011973816621555,0.0443383317408324,575.7203473853187
ACC-10001964,CUS-20001964,Sofia Bennett,9 Victoria Road,M5 3VR,1969-06-26,55,2024-12-02,employed,83,managerial,private_tenant,43,3,1,18200.0,1153.93,372.24,499.25,282.44,0.2454,4700.0,major_purchase,68,verified,mobile,4,2,0,pass,pass,177,4,0.6385,2,1,1,full,0,0,0,0,0,0,0,0,0,0,0,0,686,0,0,Known Good,0.0,Known good/bad,0,Known good,0.0,3.784189633918261,0.08017086946632239,557.5271934481476
ACC-10001968,CUS-20001968,Adam Taylor,143 Oak Road,OX9 2QN,1997-10-17,27,2024-12-19,self_employed,30,administrative,private_tenant,203,1,2,39500.0,2435.63,316.67,524.43,1594.53,0.0962,5700.0,debt_consolidation,90,not_verified,web,7,1,0,pass,pass,102,5,0.4207,1,0,0,full,0,0,0,0,0,0,0,0,0,0,0,0,888,0,0,Known Good,0.0,Known good/bad,0,Known good,0.0,5.318119993844216,0.02487671130048741,592.9772153453066
ACC-10001973,CUS-20001973,Sofia Lewis,111 Kingfisher Way,B10 3GJ,1958-08-11,66,2024-12-27,employed,21,managerial,homeowner_outright,102,4,0,39600.0,2522.81,66.18,9.52,2447.11,0.0201,7800.0,car,18,verified,web,17,1,1,pass,pass,215,3,0.1473,1,0,1,none,0,0,0,0,0,0,0,0,0,0,0,0,796,0,0,Known Good,0.0,Known good/bad,0,Known good,0.0,4.634728988229636,0.021131210989186126,597.7962389258751
ACC-10001974,CUS-20001974,Maya Jones,164 Oak Road,L18 7NJ,1980-12-04,43,2024-07-21,employed,37,manual,homeowner_outright,52,1,1,59400.0,3749.37,131.52,68.94,3548.91,0.0266,12300.0,home_improvement,109,verified,web,8,1,0,pass,pass,280,3,0.5853,1,0,0,full,0,0,0,0,0,0,0,0,0,0,0,0,817,0,0,Known Good,0.0,Known good/bad,0,Known good,0.0,3.970291913552122,0.03358464221754615,584.0582725359599
ACC-10001977,CUS-20001977,Oliver Morgan,238 Highfield Gardens,NR22 4UT,1989-06-24,35,2024-11-08,employed,55,service,private_tenant,53,1,1,32400.0,1939.47,528.15,803.7,607.62,0.1956,15500.0,major_purchase,69,verified,web,1,1,0,pass,pass,88,4,0.5405,1,0,1,none,0,0,0,0,0,0,0,0,0,0,0,0,764,0,0,Known Good,0.0,Known good/bad,0,Known good,0.0,3.9889840465642745,0.0364706496161093,581.5932924297559
ACC-10001981,CUS-20001981,Maya Roberts,64 Mill View,LS5 9PS,1982-08-24,42,2024-12-13,employed,21,administrative,private_tenant,62,2,0,38500.0,2382.69,232.03,642.13,1508.53,0.0723,10300.0,debt_consolidation,176,verified,mobile,0,3,0,pass,pass,117,1,0.2232,3,0,0,full,0,0,1,1,1,1,0,0,1,1,0,1,848,0,7,Known Bad,1.0,Known good/bad,1,Known bad,0.0,4.143134726391533,0.03291786954916571,584.6567871021241
ACC-10001982,CUS-20001982,Noah Lewis,134 Kingfisher Way,L9 4DR,1966-11-19,57,2024-10-31,self_employed,24,managerial,private_tenant,144,1,0,29700.0,1923.23,419.73,740.54,762.96,0.1696,6700.0,home_improvement,40,partially_verified,mobile,14,0,0,pass,pass,425,1,0.4563,0,0,0,none,0,0,0,0,0,0,0,0,0,0,0,0,825,0,0,Known Good,0.0,Known good/bad,0,Known good,0.0,4.976733742420574,0.024993769309460845,592.8382970559688
ACC-10001983,CUS-20001983,Jack Lewis,243 Victoria Road,NE22 3FU,1993-09-26,30,2024-07-04,employed,91,skilled,homeowner_mortgage,128,1,2,59800.0,3788.28,246.83,637.93,2903.52,0.0495,2600.0,debt_consolidation,15,verified,mobile,7,1,1,pass,pass,79,5,0.2448,1,0,0,full,0,0,0,0,0,0,0,0,0,0,0,0,892,0,0,Known Good,0.0,Known good/bad,0,Known good,0.0,4.859812404361672,0.022504182432703756,595.9393856294329
ACC-10001988,CUS-20001988,Leo Evans,190 Mill View,SO15 6GS,1982-09-16,42,2024-10-10,employed,38,service,private_tenant,74,3,0,37200.0,2234.77,131.62,402.22,1700.93,0.0425,6800.0,car,167,verified,mobile,12,2,0,pass,pass,153,0,0.2844,2,0,0,full,0,0,0,0,0,0,0,0,0,0,0,0,855,0,0,Known Good,0.0,Known good/bad,0,Known good,0.0,4.31748811353631,0.028826232002598668,588.6083818139599
ACC-10001989,CUS-20001989,Aisha Evans,192 Kingfisher Way,BS19 8YQ,1991-04-27,33,2024-11-02,employed,146,manual,homeowner_mortgage,86,2,0,31700.0,2093.15,326.71,1187.13,579.31,0.1237,4000.0,home_improvement,30,partially_verified,mobile,22,2,1,refer,refer,176,1,0.0845,2,0,0,full,0,0,0,0,0,0,0,0,0,0,0,0,821,0,0,Known Good,0.0,Known good/bad,0,Known good,0.0,4.465908118654584,0.025427279096360996,592.329293090935
ACC-10001991,CUS-20001991,Daniel Morgan,27 Kingfisher Way,S4 6SJ,1976-02-02,48,2024-08-25,employed,108,service,private_tenant,16,3,1,23000.0,1469.01,386.08,543.6,539.33,0.2014,11200.0,car,156,verified,branch,16,1,1,pass,pass,171,6,0.2651,1,0,0,none,0,0,0,0,0,0,0,0,0,0,0,0,786,0,0,Known Good,0.0,Known good/bad,0,Known good,0.0,2.833213344056216,0.03546871157466383,582.4270603877455
ACC-10001997,CUS-20001997,Theo Lewis,162 Mill View,NR29 1DT,1966-07-01,58,2024-12-28,employed,31,administrative,homeowner_mortgage,73,2,0,60800.0,3735.68,170.25,797.09,2768.34,0.0336,7300.0,debt_consolidation,49,verified,web,12,1,0,pass,pass,284,2,0.5598,1,0,0,full,0,0,0,0,0,0,0,0,0,0,0,0,722,0,0,Known Good,0.0,Known good/bad,0,Known good,0.0,4.30406509320417,0.03133703355497885,586.1239614851553
ACC-10001998,CUS-20001998,Maya Bennett,147 Highfield Gardens,G8 6SY,1990-07-02,34,2024-12-20,employed,157,service,private_tenant,103,1,1,26400.0,1616.39,156.98,944.44,514.97,0.0714,3700.0,home_improvement,101,verified,mobile,12,1,0,pass,pass,129,5,0.3818,1,0,1,full,0,0,0,0,0,0,0,0,0,0,0,0,817,0,0,Known Good,0.0,Known good/bad,0,Known good,0.0,4.6443908991413725,0.026432888686657628,591.1803648118887
ACC-10002008,CUS-20002008,Isla Bennett,25 Highfield Gardens,EH1 7ET,1987-04-23,37,2024-07-15,self_employed,96,manual,homeowner_outright,56,3,1,49800.0,3025.05,328.53,13.51,2683.01,0.0792,3000.0,car,44,verified,web,22,2,0,pass,pass,172,3,0.588,2,0,0,full,0,0,0,0,0,0,0,0,0,0,0,0,769,0,0,Known Good,0.0,Known good/bad,0,Known good,0.0,4.04305126783455,0.03937582437767041,579.29467787126
ACC-10002019,CUS-20002019,Isla Wilson,206 Willow Drive,BS4 3FS,1978-09-30,45,2024-07-10,employed,54,manual,homeowner_mortgage,26,2,0,28500.0,1835.63,535.34,1043.4,256.89,0.2254,3700.0,car,52,verified,mobile,17,1,1,refer,pass,160,2,0.5067,1,0,0,full,0,0,0,0,0,0,0,0,0,0,0,0,829,0,0,Known Good,0.0,Known good/bad,0,Known good,0.0,3.295836866004329,0.04054833916016789,578.4127840764436
ACC-10002028,CUS-20002028,Maya Jones,167 Willow Drive,G10 7QT,1964-08-30,59,2024-07-25,employed,47,professional,homeowner_outright,38,3,0,15600.0,958.92,305.92,95.9,557.1,0.2353,11500.0,debt_consolidation,29,partially_verified,mobile,18,0,0,pass,pass,335,0,0.7353,0,0,0,full,0,0,0,0,0,0,0,0,0,0,0,0,813,0,0,Known Good,0.0,Known good/bad,0,Known good,0.0,3.6635616461296463,0.04046397778397276,578.4754144629763
ACC-10002033,CUS-20002033,Amelia Bennett,13 Willow Drive,G2 7YB,1995-07-23,29,2024-10-29,employed,117,skilled,social_tenant,35,4,1,33600.0,2133.86,111.58,407.61,1614.67,0.0399,16200.0,debt_consolidation,63,partially_verified,telephone,6,1,0,pass,pass,128,3,0.8381,1,0,0,full,0,0,0,0,0,0,0,0,0,0,0,0,747,0,0,Known Good,0.0,Known good/bad,0,Known good,0.0,3.58351893845611,0.0440622754341641,575.9088908210953
ACC-10002034,CUS-20002034,Aisha Shah,189 Oak Road,PL8 9UH,1981-10-02,43,2024-10-31,employed,26,professional,private_tenant,19,3,0,84300.0,5183.54,65.81,1132.44,3985.29,0.0094,3000.0,debt_consolidation,160,not_verified,web,8,1,0,refer,fail,149,2,0.2808,1,0,0,full,0,0,0,0,0,0,0,0,0,0,0,0,849,0,0,Known Good,0.0,Known good/bad,0,Known good,0.0,2.995732273553991,0.030480298845230545,586.9493014442645
ACC-10002037,CUS-20002037,Jack Hughes,109 Church Street,LS23 6EE,1997-10-29,26,2024-10-02,employed,16,not_working,homeowner_outright,117,1,0,69000.0,4475.85,204.33,34.31,4237.21,0.0355,6900.0,car,85,verified,web,9,1,0,pass,pass,58,2,0.4743,1,1,2,partial,0,0,0,0,0,0,0,0,0,0,0,0,685,0,0,Known Good,0.0,Known good/bad,0,Known good,0.0,4.770684624465665,0.04601062995491873,574.6015577352392
ACC-10002041,CUS-20002041,Oliver Shah,168 Victoria Road,CF11 5BS,1996-09-10,28,2024-10-14,part_time,73,not_working,homeowner_mortgage,11,3,0,37200.0,2254.05,298.36,553.09,1402.6,0.0962,3500.0,debt_consolidation,19,verified,branch,13,2,0,pass,pass,85,5,0.4176,2,0,0,full,0,0,0,0,0,0,0,0,0,0,0,0,802,0,0,Known Good,0.0,Known good/bad,0,Known good,0.0,2.4849066497880004,0.044728552071159944,575.4557318553522
ACC-10002043,CUS-20002043,Priya Green,179 Meadow Close,OX19 9QB,1979-06-06,45,2024-08-14,employed,113,service,private_tenant,83,2,0,26000.0,1702.93,112.69,458.75,1131.49,0.052,9000.0,car,66,verified,branch,19,0,1,pass,pass,244,6,0.0721,0,0,0,full,0,0,0,0,0,0,0,0,0,0,0,0,932,0,0,Known Good,0.0,Known good/bad,0,Known good,0.0,4.430816798843313,0.01841994064187673,601.8381886785921
ACC-10002051,CUS-20002051,Jack Wilson,84 Mill View,LS18 1VU,1987-07-24,37,2024-10-13,employed,60,skilled,private_tenant,16,2,0,55600.0,3460.7,328.12,329.39,2803.19,0.0708,10100.0,education,27,verified,mobile,1,2,0,pass,pass,202,0,0.2996,2,1,1,full,0,0,0,0,0,0,0,0,0,0,0,0,792,0,0,Known Good,0.0,Known good/bad,0,Known good,0.0,2.833213344056216,0.02403092079796115,594.0003083272449
ACC-10002058,CUS-20002058,Maya Clarke,129 Park Avenue,CF12 7GE,1993-07-24,31,2024-12-30,part_time,180,not_working,living_with_family,11,5,1,54100.0,3478.71,298.77,708.65,2471.29,0.0663,6000.0,other,94,verified,branch,1,1,0,pass,pass,86,2,0.5067,1,0,0,full,0,0,0,0,0,0,0,0,0,0,0,0,835,0,0,Known Good,0.0,Known good/bad,0,Known good,0.0,2.4849066497880004,0.04123693260254119,577.906184374799
ACC-10002060,CUS-20002060,Ava Taylor,201 Willow Drive,BS18 5GF,1972-07-02,52,2024-07-19,retired,70,skilled,private_tenant,70,1,1,57200.0,3558.73,282.83,1337.83,1938.07,0.0593,26600.0,home_improvement,48,verified,web,2,1,1,pass,pass,232,3,0.7599,1,0,0,full,0,0,0,0,0,0,0,0,0,0,0,0,863,0,0,Known Good,0.0,Known good/bad,0,Known good,0.0,4.2626798770413155,0.037667051040951215,580.6260988343272
ACC-10002063,CUS-20002063,Theo Taylor,48 Park Avenue,NR9 4NU,1972-05-10,52,2024-09-16,employed,164,service,homeowner_mortgage,41,2,2,46900.0,3001.44,251.11,887.46,1862.87,0.0642,5000.0,other,106,partially_verified,web,15,1,1,pass,pass,281,3,0.6008,1,0,1,none,0,0,0,0,0,0,0,0,0,0,0,0,759,0,0,Known Good,0.0,Known good/bad,0,Known good,0.0,3.7376696182833684,0.0362644448092095,581.7630694910632
ACC-10002071,CUS-20002071,Noah Davies,158 Willow Drive,M13 3WF,1972-07-14,52,2024-11-16,retired,117,service,social_tenant,128,3,1,25300.0,1547.94,160.94,709.18,677.82,0.0763,6200.0,car,66,verified,branch,19,0,0,pass,pass,173,5,0.1465,0,0,1,partial,0,0,0,0,0,0,0,0,0,0,0,0,852,0,0,Known Good,0.0,Known good/bad,0,Known good,0.0,4.859812404361672,0.018555561520172025,601.6225368277794
ACC-10002072,CUS-20002072,Freya Wilson,239 Meadow Close,G25 8JV,1965-02-01,59,2024-07-08,employed,102,service,social_tenant,6,2,2,53900.0,3233.02,176.97,1195.56,1860.49,0.0394,4100.0,debt_consolidation,27,verified,mobile,22,0,0,pass,pass,370,2,0.2621,0,0,0,full,0,0,0,0,0,0,0,0,0,0,0,0,866,0,0,Known Good,0.0,Known good/bad,0,Known good,0.0,1.9459101490553132,0.03188260021347296,585.60969237564
ACC-10002082,CUS-20002082,Ava Hughes,71 Meadow Close,NR14 2YG,1994-07-18,30,2024-11-25,employed,24,professional,homeowner_mortgage,13,4,1,39100.0,2352.71,418.82,1267.52,666.37,0.1285,15900.0,debt_consolidation,164,verified,web,15,1,1,pass,pass,52,2,0.8686,1,0,0,full,0,0,0,0,0,0,0,0,0,0,0,0,724,0,0,Known Good,0.0,Known good/bad,0,Known good,0.0,2.6390573296152584,0.05581241375321275,568.7311875886409
ACC-10002083,CUS-20002083,Freya Bennett,150 Station Lane,S18 9HH,1981-09-08,43,2024-12-06,employed,89,manual,living_with_family,14,3,3,11200.0,705.36,142.34,180.0,383.02,0.1525,5200.0,home_improvement,59,verified,mobile,2,1,0,pass,pass,200,0,0.3494,1,0,0,full,0,0,0,0,0,0,0,0,0,0,0,0,893,0,0,Known Good,0.0,Known good/bad,0,Known good,0.0,2.70805020110221,0.037362102632105126,580.8697895566789
ACC-10002092,CUS-20002092,Theo Roberts,71 Church Street,OX17 6YP,1985-10-14,39,2024-11-15,retired,65,managerial,private_tenant,12,2,0,21800.0,1351.7,425.27,1326.63,-400.2,0.2341,9000.0,car,48,verified,mobile,19,3,1,pass,pass,108,5,0.1881,3,0,1,full,0,0,0,0,0,0,0,0,0,0,0,0,738,0,0,Known Good,0.0,Known good/bad,0,Known good,1.0,2.5649493574615367,0.07349229532647725,560.2456373560705
ACC-10002100,CUS-20002100,Maya Shah,158 Meadow Close,LS17 2XF,1985-06-09,39,2024-07-06,employed,7,professional,social_tenant,82,3,2,46000.0,3055.14,26.55,789.39,2239.2,0.0069,11900.0,major_purchase,84,verified,mobile,6,2,0,refer,pass,225,6,0.3744,2,0,0,full,0,0,0,0,0,0,0,0,0,0,0,0,770,0,0,Known Good,0.0,Known good/bad,0,Known good,0.0,4.418840607796598,0.029696720510024463,587.724080696377
ACC-10002106,CUS-20002106,Freya Patel,62 Highfield Gardens,G14 1LD,1982-05-31,42,2024-08-26,employed,11,professional,homeowner_mortgage,34,1,1,18700.0,1200.94,323.37,1166.25,-288.68,0.2075,2200.0,car,19,verified,web,20,1,1,pass,pass,219,3,0.726,1,0,0,full,0,0,0,0,0,0,0,0,0,0,0,0,773,0,0,Known Good,0.0,Known good/bad,0,Known good,1.0,3.5553480614894135,0.07247473039178275,560.6796086181806
ACC-10002109,CUS-20002109,Noah Wilson,2 Mill View,CF16 2LW,1987-12-30,36,2024-08-08,self_employed,39,administrative,homeowner_outright,83,1,1,27300.0,1790.39,317.65,57.91,1414.83,0.1396,800.0,debt_consolidation,134,not_verified,web,20,6,0,pass,pass,122,2,0.5016,6,0,0,full,0,0,0,0,0,0,0,0,0,0,0,0,732,0,0,Known Good,0.0,Known good/bad,0,Known good,0.0,4.430816798843313,0.060570598734110505,566.2247795800606
ACC-10002111,CUS-20002111,Oliver Khan,75 Station Lane,NG12 7LY,1983-06-21,41,2024-08-17,employed,70,professional,homeowner_mortgage,121,2,0,28500.0,1808.24,392.95,1023.61,391.68,0.1655,21000.0,home_improvement,44,verified,web,15,1,1,pass,pass,131,5,0.4054,1,0,1,full,0,0,0,0,0,0,0,0,0,0,0,0,794,0,0,Known Good,0.0,Known good/bad,0,Known good,0.0,4.804021044733257,0.028090720395177425,589.3759987447671
ACC-10002115,CUS-20002115,Isla Khan,80 Kingfisher Way,EH20 3XD,1983-05-24,41,2024-12-08,employed,33,managerial,homeowner_outright,104,5,2,42300.0,2554.38,246.62,163.37,2144.39,0.07,11800.0,home_improvement,32,verified,web,9,1,0,pass,pass,202,1,0.2173,1,0,0,full,0,0,0,0,0,0,0,0,0,0,0,0,849,0,0,Known Good,0.0,Known good/bad,0,Known good,0.0,4.653960350157523,0.023106294232745676,595.1597519665995
ACC-10002117,CUS-20002117,Theo Taylor,42 Meadow Close,CF25 8QY,1960-05-15,64,2024-09-28,employed,77,skilled,homeowner_mortgage,39,1,1,49900.0,3084.2,254.63,598.45,2231.12,0.0612,7000.0,major_purchase,14,partially_verified,mobile,1,0,1,pass,pass,194,3,0.6013,0,0,0,full,0,0,0,0,0,0,0,0,0,0,0,0,886,0,0,Known Good,0.0,Known good/bad,0,Known good,0.0,3.6888794541139363,0.03199533720602983,585.5044846119837
ACC-10002118,CUS-20002118,Daniel Lewis,158 Meadow Close,NR11 3US,1968-11-30,55,2024-09-06,employed,70,administrative,homeowner_mortgage,72,4,0,115600.0,7327.37,307.93,808.45,6210.99,0.032,6800.0,car,97,verified,web,9,0,0,pass,pass,137,2,0.4931,0,0,0,none,0,0,0,0,0,0,0,0,0,0,0,0,840,0,0,Known Good,0.0,Known good/bad,0,Known good,0.0,4.290459441148391,0.026061465901336924,591.5996879236552
ACC-10002128,CUS-20002128,Amelia Hughes,11 Church Street,RG1 4YR,1994-03-24,30,2024-07-22,employed,58,skilled,homeowner_outright,39,3,0,26300.0,1566.96,32.11,88.34,1446.51,0.0147,4800.0,debt_consolidation,21,verified,web,5,2,0,pass,pass,132,4,0.5382,2,0,0,full,0,0,0,0,0,0,0,0,0,0,0,0,817,0,0,Known Good,0.0,Known good/bad,0,Known good,0.0,3.6888794541139363,0.03827189534982697,580.1483126974772
ACC-10002129,CUS-20002129,Sofia Bennett,70 Meadow Close,RG27 3PD,1973-03-30,51,2024-12-16,employed,89,manual,private_tenant,80,5,1,20000.0,1333.28,184.01,1291.5,-142.23,0.1104,13300.0,debt_consolidation,128,verified,web,8,1,0,pass,pass,298,9,0.3935,1,0,1,full,0,0,0,0,0,0,0,0,0,0,0,0,852,0,0,Known Good,0.0,Known good/bad,0,Known good,1.0,4.394449154672439,0.045866047972255686,574.696742473633
ACC-10002132,CUS-20002132,Amelia Taylor,11 Mill View,B29 5QY,1962-04-26,62,2024-09-29,employed,44,administrative,homeowner_mortgage,24,4,1,28700.0,1788.15,239.66,578.28,970.21,0.1002,18700.0,debt_consolidation,132,verified,mobile,0,2,0,pass,pass,525,4,0.4015,2,0,0,full,0,0,0,0,0,0,0,0,0,0,0,0,768,0,0,Known Good,0.0,Known good/bad,0,Known good,0.0,3.2188758248682006,0.03937724137289104,579.2935969793792
ACC-10002140,CUS-20002140,Oliver Taylor,33 Park Avenue,S11 4AJ,1994-04-27,30,2024-11-01,retired,67,managerial,private_tenant,11,5,0,26200.0,1628.43,253.36,892.86,482.21,0.116,6800.0,major_purchase,203,verified,web,6,0,1,refer,pass,70,2,0.1357,0,0,1,full,0,0,0,0,0,0,0,0,0,0,0,0,908,0,0,Known Good,0.0,Known good/bad,0,Known good,0.0,2.4849066497880004,0.0279080560123215,589.5696609288972
ACC-10002143,CUS-20002143,Amelia Roberts,132 Church Street,LS10 5YJ,1987-12-19,36,2024-11-12,employed,30,administrative,homeowner_mortgage,49,2,0,57300.0,3380.88,522.42,1109.21,1749.25,0.1094,6300.0,debt_consolidation,38,partially_verified,web,14,3,1,pass,pass,211,2,0.3385,3,0,0,full,0,0,0,0,0,0,0,0,0,0,0,0,869,0,0,Known Good,0.0,Known good/bad,0,Known good,0.0,3.912023005428146,0.03844675989638233,580.0115325037757
ACC-10002145,CUS-20002145,Noah Wilson,120 Oak Road,LS27 2ER,1990-07-11,34,2024-11-17,part_time,70,skilled,homeowner_mortgage,48,2,1,19500.0,1226.49,252.34,1265.45,-291.3,0.1553,30000.0,debt_consolidation,34,verified,branch,20,3,0,pass,pass,149,3,0.2596,3,0,1,full,0,0,0,0,0,0,0,0,0,0,0,0,859,0,0,Known Good,0.0,Known good/bad,0,Known good,1.0,3.8918202981106265,0.05975993375749878,566.6384503053126
ACC-10002154,CUS-20002154,Isla Khan,133 Victoria Road,CF17 8BY,1975-04-27,49,2024-07-08,self_employed,40,managerial,social_tenant,55,3,0,26400.0,1648.66,383.6,460.97,804.09,0.1744,9700.0,home_improvement,74,verified,web,1,0,1,pass,pass,331,2,0.3607,0,0,0,full,0,0,0,0,0,0,0,0,0,0,0,0,990,0,0,Known Good,0.0,Known good/bad,0,Known good,0.0,4.02535169073515,0.027125612101661593,590.4133951287481
ACC-10002164,CUS-20002164,Aisha Bennett,185 Meadow Close,SO7 1SA,1994-04-16,30,2024-10-20,employed,48,manual,homeowner_mortgage,42,1,0,42600.0,2644.98,532.11,633.07,1479.8,0.1499,4100.0,car,76,partially_verified,web,7,2,0,pass,pass,80,1,0.407,2,0,0,full,0,0,0,0,0,0,0,0,0,0,0,0,896,0,0,Known Good,0.0,Known good/bad,0,Known good,0.0,3.7612001156935624,0.0375544945536134,580.71582360722
ACC-10002165,CUS-20002165,Theo Khan,5 Church Street,LS3 6UY,1987-12-02,36,2024-07-06,self_employed,28,professional,homeowner_mortgage,32,4,0,30900.0,1979.0,222.98,651.58,1104.44,0.0866,21800.0,other,100,verified,web,12,0,0,refer,pass,186,5,0.1929,0,0,0,full,0,0,0,0,0,0,0,0,0,0,0,0,844,0,0,Known Good,0.0,Known good/bad,0,Known good,0.0,3.4965075614664802,0.02425740371069723,593.7229474012313
ACC-10002170,CUS-20002170,Leo Foster,11 Mill View,G21 2WL,1970-09-15,53,2024-08-23,employed,27,not_working,private_tenant,8,3,1,23300.0,1451.31,641.83,1026.06,-216.58,0.3306,8600.0,home_improvement,56,verified,web,7,1,0,pass,fail,294,0,0.4338,1,0,0,full,0,0,0,0,0,0,0,0,0,0,0,0,938,0,0,Known Good,0.0,Known good/bad,0,Known good,1.0,2.1972245773362196,0.07790777562079806,558.4243126379511
ACC-10002172,CUS-20002172,Aisha Khan,59 Victoria Road,B2 4XT,1997-08-18,26,2024-07-06,unemployed,6,managerial,living_with_family,34,3,1,17400.0,1089.66,96.39,512.8,480.47,0.0665,6100.0,car,31,not_verified,mobile,8,1,1,pass,pass,41,1,0.1065,1,0,0,full,0,0,0,0,0,0,0,0,0,0,0,0,909,0,0,Known Good,0.0,Known good/bad,0,Known good,0.0,3.5553480614894135,0.025227495465780916,592.562809539133
ACC-10002173,CUS-20002173,Adam Evans,44 Park Avenue,G23 9AU,1984-10-16,40,2024-12-05,part_time,94,administrative,private_tenant,77,1,0,31000.0,2035.17,405.29,816.9,812.98,0.1569,16800.0,car,50,verified,branch,11,0,0,pass,pass,105,1,0.427,0,0,0,full,0,0,0,0,0,0,0,0,0,0,0,0,878,0,0,Known Good,0.0,Known good/bad,0,Known good,0.0,4.356708826689592,0.026761854085963658,590.8137340402569
ACC-10002184,CUS-20002184,Jack Bennett,72 Mill View,RG12 2DW,1989-01-30,35,2024-12-19,self_employed,72,not_working,homeowner_outright,35,3,4,24200.0,1653.67,518.64,14.88,1120.15,0.2572,12300.0,home_improvement,80,partially_verified,mobile,6,2,0,pass,pass,107,5,0.065,2,0,0,full,0,0,0,0,0,0,0,0,0,0,0,0,855,0,0,Known Good,0.0,Known good/bad,0,Known good,0.0,3.58351893845611,0.031811519229637,585.6762112403451
ACC-10002186,CUS-20002186,Ava Lewis,153 Victoria Road,RG2 2YY,2006-07-13,18,2024-10-14,employed,120,manual,homeowner_mortgage,47,1,0,47900.0,3040.57,71.58,532.12,2436.87,0.0179,6100.0,home_improvement,46,verified,mobile,14,0,0,pass,pass,0,4,0.2777,0,0,0,full,0,0,0,0,0,0,0,0,0,0,0,0,924,0,0,Known Good,0.0,Known good/bad,0,Known good,0.0,3.871201010907891,0.023239793307320757,594.9895818700016
ACC-10002188,CUS-20002188,Adam Hughes,4 Park Avenue,CF12 6ER,1999-07-28,24,2024-07-11,employed,51,professional,private_tenant,27,3,0,30900.0,1990.17,220.57,844.37,925.23,0.0857,9300.0,education,78,verified,mobile,9,1,0,pass,pass,60,1,0.0715,1,0,0,full,0,0,0,0,0,0,0,0,0,0,0,0,892,0,0,Known Good,0.0,Known good/bad,0,Known good,0.0,3.332204510175204,0.009505491711348764,621.1877543598896
ACC-10002198,CUS-20002198,George Khan,236 Victoria Road,M26 4NA,1974-07-25,49,2024-07-13,employed,30,skilled,private_tenant,37,1,1,31800.0,2054.65,607.63,448.09,998.93,0.2293,23200.0,major_purchase,61,verified,web,2,0,0,pass,pass,167,3,0.3951,0,0,0,full,0,0,0,0,0,0,0,0,0,0,0,0,799,0,0,Known Good,0.0,Known good/bad,0,Known good,0.0,3.6375861597263857,0.030891120497430324,586.5507692957858
ACC-10002201,CUS-20002201,Aisha Morgan,167 Meadow Close,NR27 1ST,1968-04-26,56,2024-09-16,employed,28,managerial,homeowner_mortgage,76,3,0,24800.0,1597.62,443.64,602.17,551.81,0.2147,3400.0,car,80,partially_verified,web,1,1,0,pass,pass,230,7,0.438,1,0,0,full,0,0,0,0,0,0,0,0,0,0,0,0,822,0,0,Known Good,0.0,Known good/bad,0,Known good,0.0,4.343805421853684,0.032184738761906695,585.3285367044592
ACC-10002203,CUS-20002203,Maya Evans,89 Oak Road,PL26 6GR,1983-07-29,41,2024-08-11,self_employed,44,managerial,private_tenant,50,1,1,29100.0,1814.76,155.39,1034.73,624.64,0.0641,5900.0,major_purchase,49,verified,web,20,2,0,pass,pass,233,2,0.2719,2,0,0,full,0,0,0,0,0,0,0,0,0,0,0,0,827,0,0,Known Good,0.0,Known good/bad,0,Known good,0.0,3.9318256327243257,0.030859072097278582,586.5816738762478
ACC-10002212,CUS-20002212,George Clarke,117 Oak Road,LS2 4RJ,1993-08-25,31,2024-12-30,employed,27,skilled,living_with_family,132,1,0,26200.0,1706.9,147.68,401.25,1157.97,0.0676,4400.0,home_improvement,185,partially_verified,branch,8,3,1,pass,pass,118,2,0.214,3,0,0,full,0,0,0,0,0,0,0,0,0,0,0,0,885,0,0,Known Good,0.0,Known good/bad,0,Known good,0.0,4.890349128221754,0.02885271298191912,588.5811008148312
ACC-10002213,CUS-20002213,Isla Clarke,240 Church Street,RG1 6QP,1986-02-17,38,2024-12-01,self_employed,199,skilled,social_tenant,38,2,0,45900.0,2849.58,557.37,1198.41,1093.8,0.1457,7500.0,car,78,verified,mobile,5,0,1,pass,pass,131,5,0.0,0,0,0,full,0,0,0,0,0,0,0,0,0,0,0,0,865,0,0,Known Good,0.0,Known good/bad,0,Known good,0.0,3.6635616461296463,0.021099274268714538,597.8408217207447
ACC-10002214,CUS-20002214,Daniel Shah,60 Kingfisher Way,B15 7LU,1992-07-19,32,2024-08-07,employed,37,not_working,private_tenant,47,6,2,48800.0,3022.02,228.85,866.93,1926.24,0.0563,12600.0,debt_consolidation,29,verified,web,20,0,1,pass,pass,110,1,0.3424,0,0,0,full,0,0,0,0,0,0,0,0,0,0,0,0,963,0,0,Known Good,0.0,Known good/bad,0,Known good,0.0,3.871201010907891,0.025168367167751917,592.6322669798936
ACC-10002216,CUS-20002216,Noah Bennett,23 Victoria Road,NR5 7YU,1966-01-14,58,2024-10-08,employed,225,managerial,private_tenant,35,3,0,61200.0,3980.2,512.9,637.65,2829.65,0.1006,3800.0,major_purchase,227,verified,mobile,7,1,0,pass,pass,195,2,0.256,1,0,0,full,0,0,0,0,0,0,0,0,0,0,0,0,886,0,0,Known Good,0.0,Known good/bad,0,Known good,0.0,3.58351893845611,0.02900824746705178,588.4213561799404
ACC-10002220,CUS-20002220,Isla Evans,216 Highfield Gardens,L18 6YV,1948-09-15,75,2024-09-13,employed,70,service,homeowner_mortgage,60,2,0,8000.0,506.25,131.16,284.56,90.53,0.1967,9500.0,car,50,partially_verified,mobile,9,1,1,refer,pass,252,3,0.4164,1,0,0,partial,0,0,0,0,0,0,0,0,0,0,0,0,791,0,0,Known Good,0.0,Known good/bad,0,Known good,1.0,4.110873864173311,0.05191717368720906,570.9374631908561
ACC-10002223,CUS-20002223,Priya Clarke,225 Kingfisher Way,PL27 2HG,1997-10-08,27,2024-12-03,self_employed,37,managerial,social_tenant,88,1,0,47500.0,2979.15,338.25,591.08,2049.82,0.0855,4100.0,major_purchase,21,verified,branch,1,0,0,pass,refer,80,5,0.4715,0,0,0,full,0,0,0,0,0,0,0,0,0,0,0,0,862,0,0,Known Good,0.0,Known good/bad,0,Known good,0.0,4.48863636973214,0.02577852824303013,591.9230357265343
ACC-10002227,CUS-20002227,Priya Foster,179 Meadow Close,M13 4TY,1972-01-22,52,2024-08-02,part_time,82,administrative,living_with_family,62,4,1,26700.0,1797.83,29.08,1122.15,646.6,0.0131,10300.0,home_improvement,99,partially_verified,web,6,0,1,pass,pass,209,2,0.5969,0,0,0,full,0,0,0,0,0,0,0,0,0,0,0,0,776,0,0,Known Good,0.0,Known good/bad,0,Known good,0.0,4.143134726391533,0.028611493701489143,588.8305100760167
ACC-10002231,CUS-20002231,Freya Green,214 Highfield Gardens,S26 8WR,1983-10-03,41,2024-11-21,employed,7,service,living_with_family,95,3,1,17900.0,1151.77,38.92,1262.32,-149.47,0.0261,5700.0,car,48,verified,mobile,4,1,0,pass,pass,129,1,0.4528,1,0,0,full,0,0,0,0,0,0,0,0,0,0,0,0,861,0,0,Known Good,0.0,Known good/bad,0,Known good,1.0,4.564348191467836,0.04405442562490768,575.9142686133574
ACC-10002236,CUS-20002236,Ava Patel,9 Highfield Gardens,EH16 7QA,1974-08-27,49,2024-07-12,employed,116,administrative,homeowner_mortgage,87,2,1,35400.0,2335.96,349.33,699.26,1287.37,0.1184,6700.0,car,33,verified,web,13,1,0,pass,pass,152,5,0.3312,1,0,0,full,0,0,0,0,0,0,0,0,0,0,0,0,860,0,0,Known Good,0.0,Known good/bad,0,Known good,0.0,4.477336814478207,0.026983928981962828,590.5687022477192
ACC-10002239,CUS-20002239,George Khan,166 Willow Drive,SO1 2EA,1977-11-22,47,2024-12-09,part_time,24,professional,homeowner_mortgage,29,1,0,15600.0,996.44,420.0,954.88,-378.44,0.3231,3300.0,home_improvement,28,verified,web,0,4,0,pass,pass,293,4,0.395,4,0,0,full,0,0,0,0,0,0,0,0,0,0,0,0,830,0,0,Known Good,0.0,Known good/bad,0,Known good,1.0,3.4011973816621555,0.0909664384124271,553.541421923447
ACC-10002260,CUS-20002260,George Bennett,33 Highfield Gardens,BS16 4HS,1959-03-06,65,2024-08-06,self_employed,60,administrative,living_with_family,78,3,0,26300.0,1744.01,135.76,622.91,985.34,0.0619,8000.0,debt_consolidation,117,verified,web,10,0,0,pass,pass,189,3,0.595,0,0,0,full,0,0,0,0,0,0,0,0,0,0,0,0,838,0,0,Known Good,0.0,Known good/bad,0,Known good,0.0,4.3694478524670215,0.028522729055231177,588.9228024399504
ACC-10002262,CUS-20002262,Ava Jones,45 Station Lane,RG10 8JH,1967-02-22,57,2024-10-01,part_time,50,not_working,private_tenant,81,2,1,45600.0,2859.48,325.11,1397.21,1137.16,0.0856,6500.0,debt_consolidation,124,verified,web,17,1,0,pass,pass,185,3,0.5086,1,0,0,full,0,0,0,0,0,0,0,0,0,0,0,0,806,0,0,Known Good,0.0,Known good/bad,0,Known good,0.0,4.406719247264253,0.03071513174840879,586.7208612555858
ACC-10002263,CUS-20002263,Isla Morgan,52 Park Avenue,NR18 4VQ,1988-02-22,36,2024-08-10,employed,100,service,living_with_family,57,2,0,35800.0,2331.77,292.95,227.33,1811.49,0.0982,4000.0,debt_consolidation,89,not_verified,web,0,0,1,pass,refer,91,2,0.4328,0,0,0,none,0,0,0,0,0,0,0,0,0,0,0,0,756,0,0,Known Good,0.0,Known good/bad,0,Known good,0.0,4.060443010546419,0.027043482359392773,590.5033259660864
ACC-10002269,CUS-20002269,Sofia Evans,185 Willow Drive,PL12 1EB,1999-11-30,25,2024-12-02,employed,51,service,social_tenant,110,1,0,22700.0,1486.03,117.67,1158.77,209.59,0.0622,6600.0,home_improvement,115,not_verified,mobile,16,2,0,pass,pass,44,7,0.5379,2,0,0,full,0,0,0,0,0,0,0,0,0,0,0,0,759,0,0,Known Good,0.0,Known good/bad,0,Known good,0.0,4.709530201312334,0.033579054524061604,584.0632403740777
ACC-10002274,CUS-20002274,Noah Hughes,104 Kingfisher Way,OX2 1VB,1998-02-01,26,2024-12-06,unemployed,0,manual,private_tenant,17,2,1,8800.0,560.92,243.76,1437.03,-1119.87,0.3324,4000.0,debt_consolidation,75,partially_verified,web,14,0,0,pass,refer,44,3,0.3434,0,0,0,full,0,0,0,0,0,0,0,0,0,0,0,0,912,0,0,Known Good,0.0,Known good/bad,0,Known good,1.0,2.8903717578961645,0.05753812331969874,567.7997600010374
ACC-10002276,CUS-20002276,Sofia Roberts,100 Willow Drive,BS13 8BE,2005-10-30,18,2024-07-26,employed,6,service,homeowner_mortgage,123,2,1,30300.0,1947.1,620.01,419.05,908.04,0.2455,4800.0,car,71,verified,mobile,18,1,0,pass,pass,0,5,0.4229,1,0,0,full,0,0,0,0,0,0,0,0,0,0,0,0,866,0,0,Known Good,0.0,Known good/bad,0,Known good,0.0,4.820281565605037,0.030096376102794874,587.3264704165754
ACC-10002282,CUS-20002282,Leo Clarke,110 Kingfisher Way,PL21 8JX,1987-02-01,37,2024-12-23,employed,28,administrative,living_with_family,41,3,0,53600.0,3290.95,199.72,464.69,2626.54,0.0447,18200.0,car,20,verified,web,0,1,0,pass,pass,162,2,0.5857,1,0,0,full,0,0,0,0,0,0,0,0,0,0,0,0,776,0,0,Known Good,0.0,Known good/bad,0,Known good,0.0,3.7376696182833684,0.035336414109477875,582.5388433821803
ACC-10002284,CUS-20002284,Noah Foster,157 Church Street,G16 9VY,1984-06-06,40,2024-09-18,employed,17,skilled,homeowner_mortgage,70,5,0,36700.0,2335.94,363.51,697.44,1274.99,0.1189,10400.0,debt_consolidation,43,verified,web,6,0,0,pass,pass,180,1,0.1772,0,0,0,partial,0,0,0,0,0,0,0,0,0,0,0,0,885,0,0,Known Good,0.0,Known good/bad,0,Known good,0.0,4.2626798770413155,0.021635536513334608,597.1008202197778
ACC-10002285,CUS-20002285,Daniel Patel,75 Mill View,CF25 9BE,1978-03-22,46,2024-12-19,retired,64,professional,homeowner_outright,34,3,1,13300.0,861.0,125.52,15.22,720.26,0.1133,4600.0,debt_consolidation,16,verified,web,8,1,0,pass,pass,326,2,0.225,1,1,1,none,0,0,0,0,0,0,0,0,0,0,0,0,755,0,0,Known Good,0.0,Known good/bad,0,Known good,0.0,3.5553480614894135,0.048529876419790584,572.9871414998123
ACC-10002290,CUS-20002290,Oliver Wilson,3 Meadow Close,B9 6XN,1992-02-22,32,2024-09-15,employed,98,skilled,homeowner_mortgage,131,2,0,34600.0,2166.4,339.57,962.62,864.21,0.1178,6400.0,debt_consolidation,339,verified,mobile,6,0,1,pass,pass,112,3,0.6591,0,0,0,full,0,0,0,0,0,0,0,0,0,0,0,0,819,0,0,Known Good,0.0,Known good/bad,0,Known good,0.0,4.882801922586371,0.028754840711981373,588.6820512461777
ACC-10002294,CUS-20002294,Priya Foster,73 Park Avenue,PL11 9BS,1992-05-09,32,2024-09-18,part_time,45,managerial,living_with_family,25,3,2,53400.0,3316.97,125.55,866.26,2325.16,0.0282,8100.0,car,16,partially_verified,mobile,20,1,0,pass,pass,136,2,0.4724,1,0,0,full,0,0,0,0,0,0,0,0,0,0,0,0,830,0,0,Known Good,0.0,Known good/bad,0,Known good,0.0,3.258096538021482,0.03448679611198105,583.2664757613563
ACC-10002295,CUS-20002295,Theo Hughes,147 Victoria Road,NE19 4FN,1987-07-14,37,2024-12-03,part_time,161,not_working,social_tenant,86,2,2,44200.0,2705.25,513.84,1200.05,991.36,0.1395,5300.0,car,93,verified,mobile,17,1,0,pass,pass,118,6,0.3966,1,0,2,full,0,0,0,0,0,0,0,0,0,0,0,0,800,0,0,Known Good,0.0,Known good/bad,0,Known good,0.0,4.465908118654584,0.02892182510112853,588.5100150219182
ACC-10002297,CUS-20002297,George Bennett,239 Kingfisher Way,RG15 2NL,1985-01-15,39,2024-10-02,employed,32,manual,private_tenant,114,5,0,44900.0,2848.81,104.85,629.48,2114.48,0.028,19400.0,debt_consolidation,170,not_verified,mobile,22,1,0,pass,pass,192,3,0.3414,1,0,1,full,0,0,0,0,0,0,0,0,0,0,0,0,842,0,0,Known Good,0.0,Known good/bad,0,Known good,0.0,4.74493212836325,0.024396988275558217,593.5532610775814
ACC-10002298,CUS-20002298,George Lewis,126 Kingfisher Way,NR19 5FD,1980-11-02,44,2024-12-05,retired,47,not_working,homeowner_outright,4,2,0,31400.0,1953.09,68.24,93.29,1791.56,0.0261,27200.0,major_purchase,81,verified,mobile,2,0,0,pass,pass,99,2,0.2301,0,0,0,full,0,0,0,0,0,0,0,0,0,0,0,0,927,0,0,Known Good,0.0,Known good/bad,0,Known good,0.0,1.6094379124341003,0.03250835215254351,585.0302136845801
ACC-10002304,CUS-20002304,Freya Evans,191 Meadow Close,BS22 7VS,1975-02-06,49,2024-07-29,self_employed,38,skilled,private_tenant,15,6,0,23300.0,1481.1,324.29,180.0,976.81,0.167,9300.0,debt_consolidation,112,verified,mobile,3,2,0,pass,pass,315,2,0.1324,2,0,0,full,0,0,0,0,0,0,0,0,0,0,0,0,868,0,0,Known Good,0.0,Known good/bad,0,Known good,0.0,2.772588722239781,0.035864236693805666,582.0952458172321
ACC-10002310,CUS-20002310,Sofia Patel,120 Willow Drive,NE27 2AS,1960-11-11,63,2024-09-17,retired,11,manual,social_tenant,109,3,0,19900.0,1212.14,229.55,1419.51,-436.92,0.1384,1700.0,debt_consolidation,58,partially_verified,web,6,2,1,pass,pass,237,4,0.1061,2,0,1,full,0,0,0,0,0,0,0,0,0,0,0,0,869,0,0,Known Good,0.0,Known good/bad,0,Known good,1.0,4.700480365792417,0.04047281728419309,578.4688461028386
ACC-10002314,CUS-20002314,Priya Green,248 Kingfisher Way,G14 1JV,1988-03-26,36,2024-12-21,employed,50,skilled,private_tenant,41,1,0,41200.0,2765.49,404.81,1010.51,1350.17,0.1179,11200.0,major_purchase,19,verified,mobile,8,1,0,pass,pass,177,4,0.1386,1,0,0,full,0,0,0,0,0,0,0,0,0,0,0,0,874,0,0,Known Good,0.0,Known good/bad,0,Known good,0.0,3.7376696182833684,0.026078416906999108,591.5804245568809
ACC-10002316,CUS-20002316,Theo Bennett,69 Station Lane,B3 5JV,1960-06-21,64,2024-09-28,employed,75,skilled,homeowner_mortgage,94,1,2,61500.0,3867.76,167.38,1016.49,2683.89,0.0327,19200.0,debt_consolidation,82,verified,mobile,15,0,0,pass,pass,535,2,0.468,0,1,1,full,0,0,0,0,0,0,0,0,0,0,0,0,777,0,0,Known Good,0.0,Known good/bad,0,Known good,0.0,4.553876891600541,0.041535089443770275,577.6893371928
ACC-10002318,CUS-20002318,Ava Roberts,133 Meadow Close,SO10 3PT,1978-06-23,46,2024-07-13,part_time,84,managerial,homeowner_mortgage,36,2,2,25400.0,1635.63,517.46,646.55,471.62,0.2445,6200.0,debt_consolidation,48,verified,web,2,0,1,pass,pass,172,3,0.6464,0,0,1,full,0,0,0,0,0,0,0,0,0,0,0,0,852,0,0,Known Good,0.0,Known good/bad,0,Known good,0.0,3.6109179126442243,0.03829035236013968,580.1338472098536
ACC-10002319,CUS-20002319,Daniel Patel,72 Church Street,EH10 4DB,1986-08-07,38,2024-11-08,employed,35,professional,private_tenant,144,5,0,19700.0,1235.9,424.63,703.55,107.72,0.2587,30000.0,debt_consolidation,54,not_verified,web,7,0,0,pass,pass,169,4,0.5218,0,0,1,full,0,0,0,0,0,0,0,0,0,0,0,0,849,0,0,Known Good,0.0,Known good/bad,0,Known good,1.0,4.976733742420574,0.04509161447268234,575.2115013266962
ACC-10002320,CUS-20002320,Amelia Bennett,112 Park Avenue,NG22 1AX,1993-08-06,31,2024-08-12,employed,81,skilled,social_tenant,97,2,1,19400.0,1211.52,226.25,877.21,108.06,0.1399,8200.0,debt_consolidation,15,verified,web,9,0,0,pass,pass,60,6,0.1619,0,0,0,full,0,0,0,0,1,0,1,1,0,0,1,0,899,0,4,Known Bad,1.0,Known good/bad,1,Known bad,1.0,4.584967478670572,0.03319758878037415,584.4042903461868
ACC-10002323,CUS-20002323,George Davies,31 Mill View,CF13 2GX,1967-12-15,56,2024-10-08,employed,20,professional,homeowner_mortgage,74,3,0,38500.0,2379.34,167.55,1294.23,917.56,0.0522,9600.0,home_improvement,60,verified,mobile,13,2,1,pass,pass,251,3,0.6161,2,0,0,full,0,0,0,0,0,0,0,0,0,0,0,0,807,0,0,Known Good,0.0,Known good/bad,0,Known good,0.0,4.31748811353631,0.03778775522417408,580.5301649163245
ACC-10002326,CUS-20002326,Oliver Bennett,61 Willow Drive,L25 6YS,1978-07-08,46,2024-12-20,employed,57,skilled,homeowner_mortgage,83,3,0,63700.0,3765.86,321.54,180.0,3264.32,0.0606,9100.0,car,296,verified,mobile,0,2,0,pass,pass,323,7,0.6489,2,0,0,full,0,0,0,0,0,0,0,0,0,0,0,0,762,0,0,Known Good,0.0,Known good/bad,0,Known good,0.0,4.430816798843313,0.03830946545656194,580.1188745762936
ACC-10002332,CUS-20002332,Adam Hughes,28 Mill View,RG6 3ND,1974-10-06,50,2024-12-20,employed,33,manual,homeowner_outright,47,2,0,12500.0,770.8,695.6,17.59,57.61,0.6678,7900.0,car,47,partially_verified,web,11,0,0,pass,pass,163,2,0.0504,0,0,0,full,0,0,0,0,0,0,0,0,0,0,0,0,864,0,0,Known Good,0.0,Known good/bad,0,Known good,1.0,3.871201010907891,0.049634949090661296,572.3039475073515
ACC-10002333,CUS-20002333,Priya Morgan,232 Victoria Road,BS14 5BT,2002-05-01,22,2024-07-18,employed,54,not_working,private_tenant,22,1,0,131300.0,8232.18,847.91,1134.9,6249.37,0.0775,4300.0,car,106,partially_verified,web,4,3,0,pass,pass,33,6,0.0465,3,0,0,full,0,0,0,0,0,0,0,0,0,0,0,0,773,0,0,Known Good,0.0,Known good/bad,0,Known good,0.0,3.1354942159291497,0.03379005159616456,583.8762011791771
ACC-10002334,CUS-20002334,Priya Davies,48 Oak Road,SO12 1QX,1999-06-25,25,2024-08-15,employed,27,skilled,social_tenant,69,3,1,16000.0,977.05,64.43,930.65,-18.03,0.0483,15300.0,debt_consolidation,147,partially_verified,web,15,1,1,pass,pass,54,2,0.1436,1,0,0,full,0,0,0,0,0,0,0,0,0,0,0,0,915,0,0,Known Good,0.0,Known good/bad,0,Known good,1.0,4.248495242049359,0.036889052730862563,581.2516232765937
ACC-10002341,CUS-20002341,Leo Bennett,221 Oak Road,SO10 6YJ,1979-03-24,45,2024-08-12,unemployed,0,service,homeowner_mortgage,115,1,1,11200.0,670.94,191.23,616.11,-136.4,0.2049,9900.0,home_improvement,86,verified,mobile,12,1,0,pass,pass,118,1,0.3919,1,0,0,full,0,0,0,0,0,0,0,0,0,0,0,0,890,0,0,Known Good,0.0,Known good/bad,0,Known good,1.0,4.7535901911063645,0.04625026847485578,574.4444182139985
ACC-10002342,CUS-20002342,Aisha Taylor,112 Highfield Gardens,BS9 9VA,1965-05-08,59,2024-10-07,employed,50,not_working,private_tenant,175,3,1,22900.0,1397.94,111.4,696.18,590.36,0.0584,6100.0,car,38,verified,web,17,1,1,pass,pass,256,1,0.2562,1,0,1,full,0,0,0,0,0,0,0,0,0,0,0,0,745,0,0,Known Good,0.0,Known good/bad,0,Known good,0.0,5.170483995038151,0.021726286603681016,596.9773693495092
ACC-10002344,CUS-20002344,George Wilson,128 Station Lane,RG6 8HF,1972-06-26,52,2024-11-09,self_employed,73,not_working,private_tenant,151,2,1,43700.0,2709.42,150.89,422.5,2136.03,0.0414,4100.0,debt_consolidation,115,not_verified,telephone,11,4,0,pass,pass,278,4,0.4126,4,1,1,full,0,0,0,0,0,0,0,0,0,0,0,0,721,0,0,Known Good,0.0,Known good/bad,0,Known good,0.0,5.0238805208462765,0.06224288451951803,565.387545784789
ACC-10002345,CUS-20002345,Theo Khan,122 Meadow Close,PL20 9UH,1959-09-17,65,2024-11-04,employed,59,skilled,private_tenant,69,3,1,34400.0,2196.88,368.63,632.82,1195.43,0.1286,4400.0,debt_consolidation,92,verified,mobile,11,2,0,pass,refer,464,0,0.5788,2,0,1,full,0,0,0,0,0,0,0,0,0,0,0,0,787,0,0,Known Good,0.0,Known good/bad,0,Known good,0.0,4.248495242049359,0.03917709257438489,579.4466423359232
ACC-10002353,CUS-20002353,Ava Clarke,243 Kingfisher Way,NE7 1GA,1986-02-04,38,2024-07-18,self_employed,28,managerial,homeowner_mortgage,119,4,0,21100.0,1365.83,248.94,884.99,231.9,0.1416,9800.0,major_purchase,102,verified,web,18,1,0,pass,pass,226,3,0.2881,1,0,0,full,0,0,0,0,0,0,0,0,0,0,0,0,869,0,0,Known Good,0.0,Known good/bad,0,Known good,0.0,4.787491742782046,0.02520330216475906,592.59120998739
ACC-10002354,CUS-20002354,Leo Evans,166 Meadow Close,NR24 1SN,1970-02-22,54,2024-09-01,employed,153,skilled,private_tenant,14,3,1,66200.0,4306.26,326.11,1605.62,2374.53,0.0591,28300.0,home_improvement,101,verified,mobile,2,0,0,pass,pass,365,1,0.2566,0,0,1,full,0,0,0,0,0,0,0,0,0,0,0,0,893,0,0,Known Good,0.0,Known good/bad,0,Known good,0.0,2.70805020110221,0.028452670472617087,588.9958423797888
ACC-10002372,CUS-20002372,Theo Roberts,54 Victoria Road,SO24 7AH,1974-08-23,50,2024-09-29,employed,31,manual,private_tenant,128,2,0,51100.0,3289.67,584.07,1054.2,1651.4,0.1372,7100.0,debt_consolidation,114,verified,web,2,2,1,pass,pass,256,4,0.2502,2,1,1,partial,0,0,0,0,0,0,0,0,0,0,0,0,821,0,0,Known Good,0.0,Known good/bad,0,Known good,0.0,4.859812404361672,0.04655265900141337,574.2472318289352
ACC-10002377,CUS-20002377,Priya Davies,7 Church Street,OX11 5VH,1971-01-22,53,2024-09-22,employed,152,manual,social_tenant,68,3,1,43700.0,2769.29,36.54,296.51,2436.24,0.01,6100.0,home_improvement,110,partially_verified,mobile,21,3,1,pass,pass,345,0,0.1617,3,0,0,full,0,0,0,0,0,0,0,0,0,0,0,0,868,0,0,Known Good,0.0,Known good/bad,0,Known good,0.0,4.23410650459726,0.029532659819352117,587.8888054024686
ACC-10002392,CUS-20002392,Ava Bennett,11 Park Avenue,NE6 7NN,1983-02-13,41,2024-08-26,retired,31,service,private_tenant,43,5,1,39000.0,2665.0,94.68,1170.15,1400.17,0.0291,7900.0,car,34,verified,mobile,7,0,0,pass,pass,102,4,0.4302,0,0,0,none,0,0,0,0,0,0,0,0,0,0,0,0,880,0,0,Known Good,0.0,Known good/bad,0,Known good,0.0,3.784189633918261,0.026854336532066397,590.7114518980594
ACC-10002396,CUS-20002396,Isla Evans,79 Mill View,NR16 7VG,1979-09-12,44,2024-07-21,employed,70,managerial,private_tenant,119,2,0,26100.0,1680.51,57.94,692.68,929.89,0.0266,9900.0,debt_consolidation,59,verified,web,4,0,0,pass,pass,154,1,0.2769,0,0,0,full,0,0,0,0,0,0,0,0,0,0,0,0,915,0,0,Known Good,0.0,Known good/bad,0,Known good,0.0,4.787491742782046,0.020118241114841073,599.2435079403722
ACC-10002402,CUS-20002402,Priya Bennett,22 Park Avenue,B14 6YP,1990-01-27,34,2024-11-21,unemployed,80,not_working,private_tenant,75,2,1,15800.0,906.46,258.79,753.59,-105.92,0.1965,11100.0,major_purchase,49,partially_verified,branch,8,1,0,pass,pass,80,0,0.1784,1,0,0,full,0,0,0,0,0,0,0,0,0,0,0,0,850,0,0,Known Good,0.0,Known good/bad,0,Known good,1.0,4.330733340286331,0.04158962786734844,577.6498330058797
ACC-10002410,CUS-20002410,Aisha Patel,100 Oak Road,M24 9LX,1984-06-27,40,2024-07-17,employed,73,administrative,homeowner_mortgage,37,3,2,49400.0,3195.91,419.49,1049.71,1726.71,0.1019,3200.0,debt_consolidation,59,verified,branch,3,1,0,pass,pass,242,9,0.6257,1,0,0,full,0,0,0,0,0,0,0,0,0,0,0,0,904,0,0,Known Good,0.0,Known good/bad,0,Known good,0.0,3.6375861597263857,0.03861281108029743,579.8821979016188
ACC-10002420,CUS-20002420,Amelia Foster,2 Highfield Gardens,B20 5GJ,1985-12-13,38,2024-09-25,employed,83,not_working,homeowner_mortgage,32,2,0,24700.0,1523.69,182.07,894.22,447.4,0.0885,12700.0,car,215,verified,web,21,0,1,pass,pass,201,3,0.5058,0,0,0,full,0,0,0,0,0,0,0,0,0,0,0,0,818,0,0,Known Good,0.0,Known good/bad,0,Known good,0.0,3.4965075614664802,0.03119652925647094,586.2578081284071
ACC-10002432,CUS-20002432,Jack Wilson,229 Willow Drive,NG6 9FF,1987-09-11,37,2024-12-15,employed,9,administrative,homeowner_outright,24,2,2,15100.0,981.18,1066.29,2.76,-87.87,0.8474,3700.0,debt_consolidation,124,verified,telephone,14,1,0,pass,pass,87,4,0.0907,1,0,0,full,0,0,0,0,0,0,0,0,0,0,0,0,849,0,0,Known Good,0.0,Known good/bad,0,Known good,1.0,3.2188758248682006,0.07305704568966068,560.4305809225281
ACC-10002440,CUS-20002440,Sofia Green,232 Mill View,BS13 9VR,1997-04-18,27,2024-11-28,employed,85,manual,living_with_family,94,2,0,21500.0,1432.26,44.79,343.18,1044.29,0.025,3800.0,debt_consolidation,71,verified,mobile,9,2,0,pass,pass,44,1,0.0941,2,1,1,full,0,0,0,0,0,0,0,0,0,0,0,0,779,0,0,Known Good,0.0,Known good/bad,0,Known good,0.0,4.553876891600541,0.039926882724616794,578.8771149881952
ACC-10002441,CUS-20002441,Adam Bennett,243 Victoria Road,NR29 1NR,1985-03-09,39,2024-11-16,employed,60,service,homeowner_mortgage,28,1,1,27900.0,1812.07,478.77,1292.74,40.56,0.2059,10600.0,debt_consolidation,13,verified,mobile,7,0,1,pass,pass,121,1,0.3796,0,0,0,full,0,0,0,0,0,0,0,0,0,0,0,0,879,0,0,Known Good,0.0,Known good/bad,0,Known good,1.0,3.367295829986474,0.05021629591716766,571.9503058565999
ACC-10002443,CUS-20002443,Ava Jones,249 Oak Road,PL22 9DE,1964-08-06,59,2024-07-02,employed,70,managerial,private_tenant,37,1,2,8000.0,502.22,189.63,769.1,-456.51,0.2844,8400.0,debt_consolidation,59,verified,web,14,2,0,pass,pass,371,7,0.2085,2,0,1,full,0,0,0,0,0,0,0,0,0,0,0,0,764,0,0,Known Good,0.0,Known good/bad,0,Known good,1.0,3.6375861597263857,0.05756632296973184,567.7847587021952
ACC-10002444,CUS-20002444,Oliver Davies,49 Kingfisher Way,PL14 9XH,2006-08-15,18,2024-10-05,employed,46,managerial,private_tenant,80,1,0,23200.0,1441.37,456.59,510.68,474.1,0.2362,14200.0,major_purchase,17,verified,branch,0,0,0,refer,pass,0,3,0.65,0,1,2,full,0,0,0,0,0,0,0,0,0,0,0,0,665,0,0,Known Good,0.0,Known good/bad,0,Known good,0.0,4.394449154672439,0.056707414579061304,568.2447970157186
ACC-10002445,CUS-20002445,Sofia Jones,115 Park Avenue,SO3 3AW,1976-10-16,48,2024-12-22,retired,92,managerial,homeowner_mortgage,60,2,0,43200.0,2625.84,197.91,1400.07,1027.86,0.055,11400.0,debt_consolidation,28,partially_verified,web,1,1,1,pass,pass,153,4,0.6235,1,0,0,full,0,0,0,0,0,0,0,0,0,0,0,0,753,0,0,Known Good,0.0,Known good/bad,0,Known good,0.0,4.110873864173311,0.03453796813338877,583.2221643544193
ACC-10002446,CUS-20002446,Noah Lewis,231 Highfield Gardens,PL5 7LW,1960-07-13,64,2024-12-10,employed,87,not_working,homeowner_mortgage,42,3,1,25400.0,1553.23,46.24,992.53,514.46,0.0218,6000.0,debt_consolidation,26,not_verified,mobile,7,1,0,pass,pass,175,1,0.1072,1,0,0,full,0,0,0,0,0,0,0,0,0,0,0,0,862,0,0,Known Good,0.0,Known good/bad,0,Known good,0.0,3.7612001156935624,0.023630917392315872,594.4964575752939
ACC-10002449,CUS-20002449,Leo Clarke,226 Meadow Close,G13 3NW,1990-08-19,34,2024-08-19,retired,51,skilled,private_tenant,184,1,0,29800.0,1932.84,346.17,1099.21,487.46,0.1394,2700.0,car,92,verified,telephone,0,1,0,pass,pass,111,2,0.3115,1,0,0,full,0,0,0,0,0,0,0,0,0,0,0,0,869,0,0,Known Good,0.0,Known good/bad,0,Known good,0.0,5.220355825078324,0.02389200486557087,594.1716951733307
ACC-10002460,CUS-20002460,Jack Bennett,175 Station Lane,L1 1VJ,1966-04-04,58,2024-12-16,employed,25,not_working,private_tenant,50,5,1,25800.0,1629.24,221.18,616.12,791.94,0.1029,5900.0,debt_consolidation,54,verified,web,2,0,0,pass,pass,417,2,0.2334,0,0,1,full,0,0,0,0,0,0,0,0,0,0,0,0,839,0,0,Known Good,0.0,Known good/bad,0,Known good,0.0,3.9318256327243257,0.02361733110878501,594.5134530172031
ACC-10002462,CUS-20002462,Noah Clarke,225 Oak Road,RG22 8JF,1990-07-30,34,2024-12-09,employed,54,skilled,homeowner_mortgage,108,3,2,32800.0,2064.37,610.95,744.15,709.27,0.2235,3600.0,debt_consolidation,124,verified,web,14,1,0,pass,pass,124,4,0.5196,1,1,1,full,0,0,0,0,0,0,0,0,0,0,0,0,763,0,0,Known Good,0.0,Known good/bad,0,Known good,0.0,4.6913478822291435,0.05510849856180565,569.1189152615233
ACC-10002463,CUS-20002463,Priya Patel,194 Park Avenue,PL19 2JU,1996-10-23,27,2024-09-22,part_time,19,not_working,private_tenant,34,1,1,18500.0,1175.39,177.87,702.54,294.98,0.1154,7300.0,debt_consolidation,197,verified,web,2,0,1,pass,pass,51,4,0.168,0,0,0,full,0,0,0,0,0,0,0,0,0,0,0,0,900,0,0,Known Good,0.0,Known good/bad,0,Known good,0.0,3.5553480614894135,0.024046543281833217,593.9810946498014
ACC-10002467,CUS-20002467,George Clarke,80 Highfield Gardens,PL1 1WR,1986-01-05,38,2024-09-18,self_employed,75,administrative,social_tenant,24,2,1,41700.0,2559.56,224.42,923.24,1411.9,0.0646,7900.0,debt_consolidation,20,verified,mobile,20,2,0,pass,pass,240,2,0.4867,2,0,0,full,0,0,0,0,0,0,0,0,0,0,0,0,772,0,0,Known Good,0.0,Known good/bad,0,Known good,0.0,3.2188758248682006,0.04106194304249836,578.0341526946454
ACC-10002471,CUS-20002471,Adam Bennett,11 Meadow Close,BS5 7RS,1995-01-11,29,2024-10-03,employed,54,service,homeowner_mortgage,155,4,0,26300.0,1689.77,140.06,786.18,763.53,0.0639,4200.0,debt_consolidation,94,verified,web,16,0,0,pass,refer,127,5,0.4882,0,0,0,full,0,0,0,0,0,0,0,0,0,0,0,0,845,0,0,Known Good,0.0,Known good/bad,0,Known good,0.0,5.049856007249537,0.023470952579395476,594.6971693633972
ACC-10002473,CUS-20002473,Sofia Khan,48 Station Lane,RG6 9LD,1985-01-02,39,2024-12-09,employed,19,manual,private_tenant,39,4,1,38100.0,2377.41,485.01,759.96,1132.44,0.1528,10800.0,other,75,verified,telephone,20,2,0,pass,pass,174,1,0.3207,2,0,0,none,0,0,0,0,0,0,0,0,0,0,0,0,853,0,0,Known Good,0.0,Known good/bad,0,Known good,0.0,3.6888794541139363,0.035557221155148595,582.3524993935492
ACC-10002474,CUS-20002474,Noah Davies,150 Willow Drive,NE13 8WQ,1977-11-19,46,2024-07-04,employed,22,administrative,private_tenant,101,4,0,17200.0,1146.09,255.03,757.03,134.03,0.1779,20000.0,major_purchase,74,verified,mobile,22,1,0,refer,refer,281,2,0.4047,1,0,0,full,0,0,0,0,0,0,0,0,0,0,0,0,883,0,0,Known Good,0.0,Known good/bad,0,Known good,1.0,4.624972813284271,0.04678251102812097,574.0981605347732
ACC-10002477,CUS-20002477,Oliver Jones,107 Highfield Gardens,SO26 1JT,1974-10-21,50,2024-12-28,employed,44,service,private_tenant,34,1,0,52700.0,3353.0,96.36,802.54,2454.1,0.0219,4800.0,car,22,verified,telephone,4,2,0,pass,refer,288,7,0.8226,2,0,0,full,0,0,0,0,0,0,0,0,0,0,0,0,746,0,0,Known Good,0.0,Known good/bad,0,Known good,0.0,3.5553480614894135,0.049150518186124884,572.601645216974
ACC-10002481,CUS-20002481,Adam Patel,189 Kingfisher Way,BS2 8GW,1955-03-24,69,2024-08-17,employed,57,service,homeowner_outright,20,2,0,27100.0,1663.68,582.27,68.33,1013.08,0.2578,3000.0,car,28,verified,mobile,5,0,0,refer,pass,291,3,0.1915,0,0,0,partial,0,0,0,0,0,0,0,0,0,0,0,0,862,0,0,Known Good,0.0,Known good/bad,0,Known good,0.0,3.044522437723423,0.029511609350572354,587.9100052595898
ACC-10002484,CUS-20002484,Freya Bennett,163 Oak Road,EH5 2BT,2001-10-28,22,2024-08-03,self_employed,95,managerial,private_tenant,20,2,0,57800.0,3523.06,167.7,271.63,3083.73,0.0348,6500.0,car,13,verified,web,13,1,0,pass,pass,17,3,0.2307,1,0,3,full,0,0,0,0,0,0,0,0,0,0,0,0,841,0,0,Known Good,0.0,Known good/bad,0,Known good,0.0,3.044522437723423,0.029591435848256655,587.8296897311529
ACC-10002490,CUS-20002490,Ava Hughes,32 Meadow Close,PL5 1JR,1970-03-18,54,2024-11-15,employed,69,managerial,private_tenant,42,2,0,37300.0,2324.4,306.14,992.03,1026.23,0.0985,10900.0,car,24,partially_verified,web,9,2,0,refer,pass,372,4,0.2963,2,0,0,full,0,0,0,0,0,0,0,0,0,0,0,0,900,0,0,Known Good,0.0,Known good/bad,0,Known good,0.0,3.7612001156935624,0.033154619644798336,584.4429438126624
ACC-10002494,CUS-20002494,Adam Evans,139 Park Avenue,RG14 7TJ,1968-06-14,56,2024-10-06,employed,83,service,homeowner_mortgage,10,1,0,42000.0,2718.57,185.95,911.94,1620.68,0.0531,4400.0,debt_consolidation,38,verified,branch,11,1,0,pass,pass,257,3,0.5852,1,1,1,partial,0,0,0,0,0,0,0,0,0,0,0,0,674,0,0,Known Good,0.0,Known good/bad,0,Known good,0.0,2.3978952727983707,0.07373166676901186,560.1443545346222
ACC-10002500,CUS-20002500,Oliver Green,243 Meadow Close,EH2 6XP,1987-06-01,37,2024-10-25,part_time,25,not_working,living_with_family,35,3,1,27100.0,1692.5,367.57,926.96,397.97,0.1628,8100.0,debt_consolidation,43,not_verified,web,9,0,0,pass,pass,195,1,0.258,0,0,0,full,0,0,0,0,0,0,0,0,0,0,0,0,827,0,0,Known Good,0.0,Known good/bad,0,Known good,0.0,3.58351893845611,0.02662411518568811,590.9667071493654
ACC-10002501,CUS-20002501,Freya Jones,19 Highfield Gardens,G20 4QL,1979-06-18,45,2024-12-12,part_time,84,service,living_with_family,13,3,0,42300.0,2725.26,529.4,813.2,1382.66,0.1502,8700.0,other,104,verified,mobile,19,2,0,pass,pass,302,4,0.3658,2,0,0,full,0,0,0,0,0,0,0,0,0,0,0,0,890,0,0,Known Good,0.0,Known good/bad,0,Known good,0.0,2.6390573296152584,0.043534481969723114,576.2725261400763
ACC-10002503,CUS-20002503,Maya Evans,23 Highfield Gardens,OX18 3XX,1973-07-10,51,2024-08-29,employed,53,administrative,homeowner_mortgage,61,2,2,21000.0,1342.86,193.17,808.74,340.95,0.1104,5000.0,debt_consolidation,17,verified,mobile,3,0,0,pass,pass,378,2,0.8437,0,1,1,partial,0,0,0,0,0,0,0,0,0,0,0,0,790,0,0,Known Good,0.0,Known good/bad,0,Known good,0.0,4.127134385045092,0.06292476824135187,565.052175691603
ACC-10002512,CUS-20002512,Theo Hughes,38 Kingfisher Way,NR18 1UB,1977-07-01,47,2024-11-11,retired,55,administrative,homeowner_mortgage,83,1,0,32300.0,2030.74,94.81,1213.97,721.96,0.0352,6500.0,debt_consolidation,43,partially_verified,telephone,6,0,0,pass,pass,220,2,0.8453,0,0,0,full,0,0,0,0,0,0,0,0,0,0,0,0,792,0,0,Known Good,0.0,Known good/bad,0,Known good,0.0,4.430816798843313,0.03381806912239288,583.8514497506515
ACC-10002539,CUS-20002539,Ava Foster,2 Willow Drive,EH14 9NR,1991-06-16,33,2024-09-09,employed,12,professional,private_tenant,44,2,0,27000.0,1615.25,143.88,1192.67,278.7,0.0639,4000.0,debt_consolidation,32,verified,branch,21,3,0,pass,pass,132,3,0.7092,3,0,0,full,0,0,0,0,0,0,0,0,0,0,0,0,745,0,0,Known Good,0.0,Known good/bad,0,Known good,0.0,3.8066624897703196,0.05066274405439058,571.6813477329056
ACC-10002546,CUS-20002546,Priya Taylor,243 Highfield Gardens,NR10 4LA,2003-05-09,21,2024-11-07,part_time,237,administrative,homeowner_mortgage,63,1,1,19600.0,1247.72,699.36,512.7,35.66,0.4282,6400.0,car,59,verified,web,22,0,1,pass,pass,13,2,0.7272,0,0,0,full,0,0,0,0,0,0,0,0,0,0,0,0,758,0,0,Known Good,0.0,Known good/bad,0,Known good,1.0,4.1588830833596715,0.06776899117068116,562.7626822394539
ACC-10002553,CUS-20002553,Adam Shah,135 Kingfisher Way,SO17 2YH,1973-01-18,51,2024-12-01,employed,19,managerial,social_tenant,159,4,0,30800.0,1946.45,676.06,580.25,690.14,0.2634,6700.0,car,54,partially_verified,branch,11,1,0,pass,pass,182,5,0.1504,1,1,1,partial,0,0,0,0,0,0,0,0,0,0,0,0,819,0,0,Known Good,0.0,Known good/bad,0,Known good,0.0,5.075173815233827,0.03992699915229475,578.8770273506003
ACC-10002559,CUS-20002559,Priya Davies,138 Highfield Gardens,G21 1AF,1982-07-15,42,2024-11-05,unemployed,12,service,homeowner_mortgage,91,1,0,15800.0,960.19,150.63,693.52,116.04,0.1144,10000.0,home_improvement,117,verified,mobile,23,0,1,refer,pass,191,1,0.2487,0,0,0,full,0,0,0,0,0,0,0,0,0,0,0,0,877,0,0,Known Good,0.0,Known good/bad,0,Known good,1.0,4.5217885770490405,0.03528097998794807,582.5858016139935
ACC-10002567,CUS-20002567,Maya Foster,1 Victoria Road,CF25 2QQ,1967-03-03,57,2024-10-09,retired,23,manual,homeowner_mortgage,21,1,2,32900.0,1997.9,114.9,975.76,907.24,0.0419,4400.0,car,122,verified,web,19,3,0,pass,pass,255,1,0.6677,3,0,0,partial,0,0,0,0,0,0,0,0,0,0,0,0,730,0,0,Known Good,0.0,Known good/bad,0,Known good,0.0,3.091042453358316,0.05409734787027074,569.6841150686606
ACC-10002568,CUS-20002568,Theo Wilson,214 Church Street,NR20 6AL,1979-10-20,45,2024-11-02,employed,38,not_working,homeowner_mortgage,105,5,0,31700.0,1979.95,176.14,491.51,1312.3,0.0667,5400.0,other,96,verified,web,19,1,1,refer,pass,150,4,0.3692,1,0,0,full,0,0,0,0,0,0,0,0,0,0,0,0,872,0,0,Known Good,0.0,Known good/bad,0,Known good,0.0,4.663439094112067,0.025998043765496918,591.6718700780866
ACC-10002570,CUS-20002570,Noah Roberts,198 Mill View,B25 1NN,1992-04-11,32,2024-10-16,employed,84,not_working,social_tenant,59,3,0,11600.0,776.17,187.56,880.52,-291.91,0.194,5400.0,other,105,verified,web,1,1,0,pass,pass,56,2,0.4421,1,0,0,full,0,0,0,0,0,0,0,0,0,0,0,0,841,0,0,Known Good,0.0,Known good/bad,0,Known good,1.0,4.0943445622221,0.05300552114012284,570.3057055747726
ACC-10002576,CUS-20002576,Ava Evans,222 Meadow Close,B17 5WR,1991-03-15,33,2024-10-31,employed,153,skilled,homeowner_mortgage,58,1,3,47200.0,3090.46,167.1,469.64,2453.72,0.0425,5700.0,education,144,partially_verified,web,5,4,0,pass,pass,99,3,0.3026,4,0,0,partial,0,0,0,0,0,0,0,0,0,0,0,0,802,0,0,Known Good,0.0,Known good/bad,0,Known good,0.0,4.07753744390572,0.014702183013977728,608.4520276044955
ACC-10002577,CUS-20002577,Leo Jones,216 Victoria Road,BS23 9PF,1985-02-17,39,2024-10-12,employed,37,not_working,homeowner_mortgage,50,3,0,33800.0,2180.52,185.34,620.97,1374.21,0.0658,4100.0,major_purchase,100,not_verified,mobile,3,2,0,pass,refer,227,3,0.5815,2,0,1,full,0,0,0,0,0,0,0,0,0,0,0,0,733,0,0,Known Good,0.0,Known good/bad,0,Known good,0.0,3.9318256327243257,0.03950128697302695,579.1991185621204
ACC-10002580,CUS-20002580,Ava Davies,130 Church Street,S13 1SS,1988-02-26,36,2024-11-24,self_employed,90,managerial,private_tenant,17,3,3,31200.0,2020.28,77.45,824.1,1118.73,0.0298,21000.0,car,111,verified,branch,4,0,0,pass,pass,79,3,0.7136,0,0,0,full,0,0,0,0,0,0,0,0,0,0,0,0,782,0,0,Known Good,0.0,Known good/bad,0,Known good,0.0,2.8903717578961645,0.03890072565550341,579.6592059167217
ACC-10002582,CUS-20002582,Amelia Foster,145 Meadow Close,NR9 7RP,1996-02-25,28,2024-08-10,self_employed,74,professional,living_with_family,29,1,0,39900.0,2492.32,34.25,592.21,1865.86,0.0103,6200.0,car,75,verified,mobile,13,2,0,pass,pass,48,2,0.0545,2,0,1,none,0,0,0,0,0,0,0,0,0,0,0,0,828,0,0,Known Good,0.0,Known good/bad,0,Known good,0.0,3.4011973816621555,0.02720051927381854,590.3316034032594
ACC-10002584,CUS-20002584,Leo Roberts,152 Highfield Gardens,M12 7NB,1986-07-21,38,2024-09-07,employed,32,professional,private_tenant,42,2,0,57300.0,3568.0,172.77,820.91,2574.32,0.0362,12600.0,debt_consolidation,197,verified,mobile,21,2,0,pass,pass,72,2,0.7821,2,0,0,full,0,0,0,0,0,0,0,0,0,0,0,0,759,0,0,Known Good,0.0,Known good/bad,0,Known good,0.0,3.7612001156935624,0.04654881519925046,574.2497306859834
ACC-10002590,CUS-20002590,Maya Hughes,208 Mill View,LS11 5XJ,1996-12-06,27,2024-07-03,unemployed,0,manual,homeowner_mortgage,28,1,1,16800.0,1063.7,79.99,980.41,3.3,0.0571,13400.0,debt_consolidation,16,verified,branch,0,1,0,pass,pass,91,5,0.2607,1,0,0,none,0,0,0,0,0,0,0,0,0,0,0,0,812,0,0,Known Good,0.0,Known good/bad,0,Known good,1.0,3.367295829986474,0.046883633706403624,574.0327975848253
ACC-10002599,CUS-20002599,Adam Roberts,139 Mill View,LS27 8EQ,1993-12-19,30,2024-11-03,employed,65,administrative,living_with_family,68,1,0,20900.0,1345.93,361.91,771.98,212.04,0.2078,14300.0,home_improvement,75,verified,mobile,15,1,0,fail,pass,69,4,0.1059,1,0,0,partial,0,0,0,0,0,0,0,0,0,0,0,0,901,0,0,Known Good,0.0,Known good/bad,0,Known good,0.0,4.23410650459726,0.025003321492397576,592.8269890203353
ACC-10002602,CUS-20002602,Sofia Roberts,46 Mill View,EH26 2TG,1996-04-07,28,2024-09-14,employed,91,professional,private_tenant,32,3,0,9800.0,631.38,117.08,456.33,57.97,0.1434,8700.0,major_purchase,53,verified,telephone,6,1,0,pass,pass,110,4,0.368,1,0,0,full,1,0,1,1,1,0,0,0,1,1,1,1,844,0,8,Known Bad,1.0,Known good/bad,1,Known bad,1.0,3.4965075614664802,0.053080513832582034,570.2626266280081
ACC-10002607,CUS-20002607,Jack Khan,154 Kingfisher Way,L16 7JW,1958-04-26,66,2024-09-20,employed,9,skilled,homeowner_mortgage,28,2,0,44200.0,2874.74,151.65,735.12,1987.97,0.0412,3800.0,debt_consolidation,146,verified,mobile,13,1,0,pass,pass,319,0,0.1265,1,0,0,full,1,0,1,0,0,0,0,0,1,1,1,1,862,0,6,Known Bad,1.0,Known good/bad,1,Known bad,0.0,3.367295829986474,0.025953617091560525,591.722535220059
ACC-10002608,CUS-20002608,Priya Jones,122 Oak Road,G14 1SD,1979-12-08,44,2024-11-28,part_time,57,service,private_tenant,16,1,1,26200.0,1765.23,304.53,889.68,571.02,0.1395,1000.0,other,17,partially_verified,web,22,4,0,pass,pass,154,5,0.8181,4,0,0,full,0,0,0,0,0,0,0,0,0,0,0,0,734,0,0,Known Good,0.0,Known good/bad,0,Known good,0.0,2.833213344056216,0.07683641239916486,558.8573613360928
ACC-10002609,CUS-20002609,Freya Jones,47 Victoria Road,NE6 6RF,1981-10-05,43,2024-12-07,employed,25,service,homeowner_outright,54,3,2,40900.0,2632.72,368.29,6.46,2257.97,0.1081,5500.0,car,23,verified,mobile,19,1,1,pass,pass,291,1,0.3202,1,0,0,full,0,0,0,0,0,0,0,0,0,0,0,0,799,0,0,Known Good,0.0,Known good/bad,0,Known good,0.0,4.007333185232471,0.028657865718369934,588.7824055778744
ACC-10002611,CUS-20002611,Daniel Lewis,181 Victoria Road,EH21 7HT,1985-02-24,39,2024-08-21,unemployed,6,professional,private_tenant,10,1,0,8100.0,516.26,372.77,180.0,-36.51,0.5523,9200.0,car,61,verified,web,2,2,1,pass,pass,78,10,0.7965,2,0,0,full,0,0,0,0,0,0,0,0,0,0,0,0,753,0,0,Known Good,0.0,Known good/bad,0,Known good,1.0,2.3978952727983707,0.12944212751792505,542.1155358542179
ACC-10002612,CUS-20002612,Theo Jones,137 Willow Drive,M2 3XJ,1987-10-18,36,2024-09-07,self_employed,104,service,private_tenant,35,1,1,38500.0,2531.06,88.04,602.07,1840.95,0.0274,4000.0,education,102,verified,web,17,0,0,pass,pass,156,6,0.3744,0,0,0,full,0,0,0,0,0,0,0,0,0,0,0,0,871,0,0,Known Good,0.0,Known good/bad,0,Known good,0.0,3.58351893845611,0.009770762857089617,620.3858268139605
ACC-10002613,CUS-20002613,Adam Khan,50 Mill View,RG26 7LP,1980-08-01,44,2024-11-24,employed,128,skilled,living_with_family,33,5,0,46800.0,2952.34,72.26,457.16,2422.92,0.0185,2900.0,car,57,verified,web,16,1,0,refer,pass,150,5,0.6396,1,0,0,full,1,0,0,0,1,1,0,0,0,0,0,0,819,0,3,Known Bad,1.0,Known good/bad,1,Known bad,0.0,3.5263605246161616,0.03744763744967002,580.8012445473425
ACC-10002615,CUS-20002615,Leo Roberts,97 Willow Drive,NG20 4EB,2002-12-23,21,2024-07-29,employed,53,manual,homeowner_mortgage,66,1,1,42000.0,2763.31,76.7,201.79,2484.82,0.0219,4300.0,major_purchase,138,verified,web,2,0,0,pass,pass,27,5,0.6934,0,0,1,full,0,0,0,0,0,0,0,0,0,0,0,0,860,0,0,Known Good,0.0,Known good/bad,0,Known good,0.0,4.204692619390966,0.030788963678667295,586.6493885820838
ACC-10002617,CUS-20002617,Aisha Foster,3 Willow Drive,L15 1JJ,1980-12-21,43,2024-07-04,employed,69,managerial,homeowner_outright,151,2,1,19200.0,1173.26,387.56,141.31,644.39,0.2422,5300.0,car,97,partially_verified,mobile,3,2,0,fail,pass,203,2,0.1596,2,1,1,none,0,0,0,0,0,0,0,0,0,0,0,0,686,0,0,Known Good,0.0,Known good/bad,0,Known good,0.0,5.0238805208462765,0.045497542063972184,574.940644196618
ACC-10002619,CUS-20002619,Adam Patel,1 Park Avenue,SO8 4SV,1978-09-24,46,2024-10-26,employed,18,not_working,homeowner_mortgage,15,1,2,55400.0,3650.03,285.23,487.05,2877.75,0.0618,10700.0,major_purchase,42,partially_verified,web,1,0,1,refer,pass,247,5,0.2897,0,0,2,full,0,0,0,0,0,0,0,0,0,0,0,0,911,0,0,Known Good,0.0,Known good/bad,0,Known good,0.0,2.772588722239781,0.028966600345783546,588.4640490270727
ACC-10002627,CUS-20002627,Oliver Khan,92 Park Avenue,LS5 6LJ,1977-08-25,47,2024-10-10,employed,22,administrative,homeowner_outright,42,2,0,63400.0,4105.18,269.02,109.15,3727.01,0.0509,1900.0,major_purchase,165,verified,web,0,0,0,pass,pass,344,1,0.2672,0,0,1,full,0,0,0,0,0,0,0,0,0,0,0,0,903,0,0,Known Good,0.0,Known good/bad,0,Known good,0.0,3.7612001156935624,0.024029993335180945,594.0014493721301
ACC-10002630,CUS-20002630,Freya Bennett,162 Station Lane,L9 2JH,1979-01-30,45,2024-12-30,employed,46,administrative,homeowner_mortgage,241,5,0,25500.0,1560.96,55.33,1136.04,369.59,0.026,7800.0,car,73,verified,branch,22,0,0,pass,pass,267,2,0.3061,0,0,0,full,0,0,0,0,0,0,0,0,0,0,0,0,934,0,0,Known Good,0.0,Known good/bad,0,Known good,0.0,5.488937726156687,0.01835122211348098,601.9480539884831
ACC-10002632,CUS-20002632,Theo Patel,28 Victoria Road,BS6 7BG,1986-03-23,38,2024-12-19,employed,26,managerial,homeowner_mortgage,60,2,2,27500.0,1879.17,91.11,744.58,1043.48,0.0398,2900.0,car,66,verified,web,12,2,0,pass,pass,141,1,0.3518,2,0,0,partial,0,0,0,0,0,0,0,0,0,0,0,0,831,0,0,Known Good,0.0,Known good/bad,0,Known good,0.0,4.110873864173311,0.031393863293072824,586.0699894434966
ACC-10002635,CUS-20002635,Leo Patel,184 Oak Road,EH7 1QB,1960-09-09,63,2024-08-22,employed,44,professional,private_tenant,40,4,2,30200.0,1968.6,142.1,839.95,986.55,0.0565,4500.0,debt_consolidation,103,verified,web,2,0,0,pass,pass,259,1,0.5175,0,0,0,full,0,0,0,0,0,0,0,0,0,0,0,0,775,0,0,Known Good,0.0,Known good/bad,0,Known good,0.0,3.713572066704308,0.02970813619189786,587.712651663133
ACC-10002650,CUS-20002650,Daniel Taylor,21 Oak Road,B17 7NP,1985-08-18,39,2024-11-30,part_time,53,not_working,homeowner_mortgage,69,1,0,37000.0,2266.69,145.43,1187.48,933.78,0.0472,14900.0,home_improvement,30,verified,telephone,22,1,0,pass,pass,204,5,0.5396,1,0,0,full,0,0,0,0,0,0,0,0,0,0,0,0,833,0,0,Known Good,0.0,Known good/bad,0,Known good,0.0,4.248495242049359,0.03142129905166101,586.0439671256163
ACC-10002663,CUS-20002663,Amelia Davies,36 Highfield Gardens,LS25 8PF,1976-11-20,48,2024-12-22,employed,13,manual,private_tenant,95,2,0,62200.0,3957.79,312.36,634.49,3010.94,0.0603,18300.0,major_purchase,69,verified,web,3,0,0,pass,pass,119,3,0.6401,0,0,0,full,0,0,0,0,0,0,0,0,0,0,0,0,797,0,0,Known Good,0.0,Known good/bad,0,Known good,0.0,4.564348191467836,0.028614542725764157,588.8273448154532
ACC-10002664,CUS-20002664,Isla Evans,44 Meadow Close,CF27 8RG,1980-06-22,44,2024-10-19,employed,62,service,private_tenant,76,2,1,27900.0,1820.57,488.56,982.64,349.37,0.2101,8400.0,debt_consolidation,75,verified,mobile,23,0,0,pass,pass,308,3,0.0825,0,0,0,full,0,0,0,0,0,0,0,0,0,0,0,0,929,0,0,Known Good,0.0,Known good/bad,0,Known good,0.0,4.343805421853684,0.021138008000049488,597.786758992153
ACC-10002667,CUS-20002667,Daniel Davies,125 Mill View,OX17 2FV,1989-02-19,35,2024-09-26,employed,54,not_working,homeowner_mortgage,93,2,2,59500.0,3684.26,233.35,735.27,2715.64,0.0471,9100.0,debt_consolidation,137,verified,mobile,20,1,1,pass,pass,173,3,0.1186,1,0,0,full,0,0,0,0,0,0,0,0,0,0,0,0,857,0,0,Known Good,0.0,Known good/bad,0,Known good,0.0,4.543294782270004,0.021375054849815417,597.4579968118891
ACC-10002680,CUS-20002680,Aisha Wilson,210 Park Avenue,LS1 7DJ,2003-05-26,21,2024-12-09,part_time,18,managerial,homeowner_mortgage,68,3,2,25500.0,1560.38,72.35,854.79,633.24,0.034,6000.0,education,49,verified,web,18,0,0,pass,pass,17,3,0.2472,0,0,0,partial,0,0,0,0,0,0,0,0,0,0,0,0,837,0,0,Known Good,0.0,Known good/bad,0,Known good,0.0,4.23410650459726,0.007946525900117948,626.4018722703745
ACC-10002681,CUS-20002681,Amelia Shah,134 Oak Road,G29 3GE,1975-10-15,48,2024-07-19,part_time,82,administrative,homeowner_mortgage,144,5,1,53700.0,3559.9,763.27,1017.71,1778.92,0.1706,4200.0,car,12,not_verified,web,0,1,0,pass,pass,284,4,0.105,1,0,0,full,0,0,0,0,0,0,0,0,0,0,0,0,874,0,0,Known Good,0.0,Known good/bad,0,Known good,0.0,4.976733742420574,0.02154240972856632,597.2280317504559
ACC-10002688,CUS-20002688,Priya Shah,26 Park Avenue,B6 1QE,1997-09-24,26,2024-07-09,self_employed,52,administrative,social_tenant,93,5,0,28600.0,1907.57,318.56,441.08,1147.93,0.1337,3100.0,car,9,partially_verified,mobile,19,0,0,pass,pass,96,2,0.9301,0,0,0,partial,0,0,0,0,0,0,0,0,0,0,0,0,773,0,0,Known Good,0.0,Known good/bad,0,Known good,0.0,4.543294782270004,0.03811287650700609,580.273220257811
ACC-10002691,CUS-20002691,Adam Wilson,215 Victoria Road,S22 1BX,1985-03-29,39,2024-12-21,retired,34,skilled,homeowner_mortgage,27,6,1,20400.0,1211.07,316.35,895.69,-0.97,0.1861,26900.0,car,57,verified,branch,14,2,0,pass,pass,115,3,0.6742,2,0,0,full,0,0,0,0,0,0,0,0,0,0,0,0,820,0,0,Known Good,0.0,Known good/bad,0,Known good,1.0,3.332204510175204,0.08058454519385158,557.3657128493048
ACC-10002698,CUS-20002698,Priya Wilson,10 Meadow Close,EH15 3TD,1985-12-16,38,2024-10-02,employed,14,not_working,homeowner_outright,14,1,2,69000.0,4019.47,736.54,130.74,3152.19,0.1281,9900.0,car,15,verified,web,4,1,0,pass,fail,191,5,0.3544,1,0,0,full,0,0,0,0,0,0,0,0,0,0,0,0,853,0,0,Known Good,0.0,Known good/bad,0,Known good,0.0,2.70805020110221,0.03686207776624833,581.2735384216505
ACC-10002701,CUS-20002701,George Wilson,82 Mill View,EH1 5PD,1971-01-01,53,2024-09-03,part_time,18,managerial,homeowner_outright,70,5,1,14700.0,895.79,158.15,36.65,700.99,0.1291,18200.0,home_improvement,68,verified,web,5,2,0,pass,pass,168,3,0.4177,2,0,1,full,0,0,0,0,0,0,0,0,0,0,0,0,757,0,0,Known Good,0.0,Known good/bad,0,Known good,0.0,4.2626798770413155,0.03441708183126815,583.3269456074504
ACC-10002704,CUS-20002704,Amelia Evans,159 Station Lane,NG23 2JU,1960-09-02,64,2024-11-08,employed,75,skilled,social_tenant,80,2,1,33900.0,2018.83,233.71,1131.47,653.65,0.0827,4300.0,home_improvement,18,verified,mobile,5,1,1,pass,pass,335,2,0.311,1,0,1,full,0,0,0,0,0,0,0,0,0,0,0,0,816,0,0,Known Good,0.0,Known good/bad,0,Known good,0.0,4.394449154672439,0.0262267471741164,591.4123778690744
ACC-10002711,CUS-20002711,Noah Clarke,81 Kingfisher Way,RG28 2JE,1981-11-02,42,2024-07-24,self_employed,27,managerial,private_tenant,50,3,0,25700.0,1581.35,504.47,639.05,437.83,0.2356,9600.0,debt_consolidation,72,verified,web,1,1,0,pass,pass,158,4,0.4893,1,0,1,full,0,0,0,0,0,0,0,0,0,0,0,0,833,0,0,Known Good,0.0,Known good/bad,0,Known good,0.0,3.9318256327243257,0.03637006648511355,581.6759910234039
ACC-10002713,CUS-20002713,Oliver Roberts,110 Station Lane,B28 4NT,1989-03-10,35,2024-08-18,employed,31,service,homeowner_outright,89,1,0,66300.0,3984.07,157.47,149.96,3676.64,0.0285,3800.0,car,78,verified,mobile,23,1,0,pass,pass,202,3,0.297,1,0,1,none,0,0,0,0,0,0,0,0,0,0,0,0,810,0,0,Known Good,0.0,Known good/bad,0,Known good,0.0,4.499809670330265,0.024512683219477072,593.4133321279687
ACC-10002714,CUS-20002714,Ava Evans,241 Willow Drive,M11 5SA,1996-11-06,27,2024-09-25,employed,126,managerial,homeowner_mortgage,64,5,0,95100.0,5927.36,179.44,1162.28,4585.64,0.0226,13600.0,debt_consolidation,79,verified,web,11,4,1,pass,pass,85,3,0.562,4,0,0,full,0,0,0,0,0,0,0,0,0,0,0,0,709,0,0,Known Good,0.0,Known good/bad,0,Known good,0.0,4.174387269895637,0.04707705771666869,573.9081461054577
ACC-10002715,CUS-20002715,Oliver Clarke,67 Oak Road,S9 1ST,1985-10-21,39,2024-12-09,part_time,44,managerial,social_tenant,11,2,1,31200.0,2041.82,432.22,963.64,645.96,0.1662,4200.0,home_improvement,42,verified,mobile,12,4,1,pass,pass,231,4,0.1767,4,1,1,full,1,0,0,1,0,1,1,0,0,0,1,0,739,0,5,Known Bad,1.0,Known good/bad,1,Known bad,0.0,2.4849066497880004,0.08399564209950418,556.0622377564428
ACC-10002716,CUS-20002716,Aisha Lewis,76 Church Street,S12 6LY,1999-04-13,25,2024-09-18,employed,50,administrative,homeowner_mortgage,38,3,0,76900.0,5139.45,391.46,1309.09,3438.9,0.0611,3500.0,home_improvement,76,not_verified,mobile,13,1,0,pass,pass,65,3,0.7421,1,1,1,partial,0,0,0,0,0,0,0,0,0,0,0,0,769,0,0,Known Good,0.0,Known good/bad,0,Known good,0.0,3.6635616461296463,0.06866231983573673,562.3571530458867
ACC-10002717,CUS-20002717,Jack Wilson,135 Oak Road,LS2 2PX,1976-05-28,48,2024-10-02,self_employed,46,administrative,homeowner_mortgage,72,3,1,50800.0,3362.99,127.84,774.61,2460.54,0.0302,7300.0,debt_consolidation,31,not_verified,branch,14,2,0,pass,pass,356,1,0.0853,2,0,0,full,0,0,0,0,0,0,0,0,0,0,0,0,828,0,0,Known Good,0.0,Known good/bad,0,Known good,0.0,4.290459441148391,0.024469465891874813,593.4655264745526
ACC-10002725,CUS-20002725,Sofia Hughes,10 Station Lane,PL11 9HF,1980-09-22,43,2024-09-20,self_employed,47,service,homeowner_mortgage,77,1,3,50500.0,3269.77,400.81,246.8,2622.16,0.0952,3600.0,car,38,verified,mobile,23,0,1,pass,refer,196,0,0.4579,0,0,0,full,0,0,0,0,0,0,0,0,0,0,0,0,841,0,0,Known Good,0.0,Known good/bad,0,Known good,0.0,4.356708826689592,0.02623637763352554,591.4014993020494
ACC-10002741,CUS-20002741,Daniel Shah,177 Mill View,M10 2DH,2000-01-17,24,2024-09-27,part_time,41,service,homeowner_mortgage,34,3,1,32800.0,2049.29,59.13,180.0,1810.16,0.0216,5900.0,home_improvement,66,verified,web,6,0,0,pass,pass,56,4,0.3134,0,0,0,full,0,0,0,0,0,0,0,0,0,0,0,0,907,0,0,Known Good,0.0,Known good/bad,0,Known good,0.0,3.5553480614894135,0.02524757766340169,592.5392552481756
ACC-10002742,CUS-20002742,Sofia Roberts,237 Church Street,LS23 2XS,2006-07-24,18,2024-11-18,employed,49,managerial,homeowner_mortgage,46,4,0,39300.0,2571.35,616.0,784.04,1171.31,0.1881,8000.0,car,72,not_verified,telephone,6,1,0,pass,refer,0,2,0.4891,1,0,2,full,0,0,0,1,0,0,0,0,0,1,0,1,735,0,3,Known Bad,1.0,Known good/bad,1,Known bad,0.0,3.8501476017100584,0.035615412983436366,582.303575588969
ACC-10002744,CUS-20002744,George Lewis,59 Victoria Road,NE8 4SW,1984-05-17,40,2024-07-31,retired,53,skilled,homeowner_outright,24,3,0,33500.0,2219.54,444.74,24.48,1750.32,0.1593,6700.0,home_improvement,72,partially_verified,web,23,0,1,pass,pass,140,1,0.5535,0,0,1,partial,0,0,0,0,0,0,0,0,0,0,0,0,799,0,0,Known Good,0.0,Known good/bad,0,Known good,0.0,3.2188758248682006,0.035654686897786926,582.2706001962551
ACC-10002745,CUS-20002745,Oliver Wilson,69 Oak Road,NR29 6GV,1978-01-30,46,2024-10-17,employed,26,managerial,private_tenant,158,3,0,72000.0,4907.55,736.72,617.7,3553.13,0.1228,10800.0,home_improvement,85,verified,mobile,3,0,0,pass,pass,144,5,0.3257,0,0,0,partial,0,0,0,0,0,0,0,0,0,0,0,0,889,0,0,Known Good,0.0,Known good/bad,0,Known good,0.0,5.0689042022202315,0.021428873440371955,597.3838522835846
ACC-10002751,CUS-20002751,Priya Foster,135 Highfield Gardens,M20 3TY,1984-02-15,40,2024-12-25,employed,42,service,social_tenant,20,5,1,28900.0,1832.25,643.93,896.49,291.83,0.2674,6700.0,major_purchase,47,not_verified,web,11,1,0,pass,pass,264,6,0.7229,1,1,1,full,0,0,0,0,0,0,0,0,0,0,0,0,701,0,0,Known Good,0.0,Known good/bad,0,Known good,0.0,3.044522437723423,0.0857538981126428,555.4090444416448
ACC-10002758,CUS-20002758,George Green,53 Church Street,PL5 1NU,1981-08-22,42,2024-08-19,part_time,37,professional,homeowner_mortgage,48,2,3,39600.0,2552.41,104.04,589.12,1859.25,0.0315,30000.0,debt_consolidation,170,verified,web,11,0,0,pass,pass,231,1,0.2066,0,0,2,partial,0,0,0,0,0,0,0,0,0,0,0,0,897,0,0,Known Good,0.0,Known good/bad,0,Known good,0.0,3.8918202981106265,0.022091980061613607,596.4849589842385
ACC-10002762,CUS-20002762,George Taylor,45 Mill View,NR16 1WQ,1976-09-23,48,2024-10-18,employed,24,managerial,private_tenant,81,1,0,27600.0,1771.63,473.99,304.04,993.6,0.2061,4500.0,other,116,partially_verified,mobile,7,2,0,pass,pass,169,2,0.8324,2,0,0,full,0,0,0,0,0,0,0,0,0,0,0,0,722,0,0,Known Good,0.0,Known good/bad,0,Known good,0.0,4.406719247264253,0.0492610615840784,572.5334687043791
ACC-10002766,CUS-20002766,Freya Foster,38 Park Avenue,LS3 5EV,1998-05-12,26,2024-09-08,employed,62,skilled,homeowner_mortgage,34,1,1,38900.0,2424.96,406.04,743.83,1275.09,0.1253,12400.0,education,66,verified,mobile,14,1,0,pass,pass,69,4,0.5252,1,0,0,full,0,0,0,0,0,0,0,0,0,0,0,0,828,0,0,Known Good,0.0,Known good/bad,0,Known good,0.0,3.5553480614894135,0.013637932382220925,610.6512857475674
ACC-10002771,CUS-20002771,Isla Lewis,135 Station Lane,OX29 6QW,1968-06-05,56,2024-12-19,employed,91,administrative,homeowner_outright,48,2,1,25300.0,1648.87,335.67,72.2,1241.0,0.1592,10300.0,education,137,verified,mobile,14,2,0,pass,pass,332,2,0.6967,2,0,0,partial,0,0,0,0,0,0,0,0,0,0,0,0,786,0,0,Known Good,0.0,Known good/bad,0,Known good,0.0,3.8918202981106265,0.017374276687824763,603.5552198764279
ACC-10002778,CUS-20002778,Theo Hughes,86 Church Street,L23 8JJ,1997-02-20,27,2024-10-19,self_employed,23,professional,private_tenant,20,2,2,32800.0,2015.0,320.05,854.05,840.9,0.1171,8100.0,home_improvement,62,verified,mobile,18,0,1,pass,pass,92,2,0.599,0,0,0,full,0,0,0,0,0,0,0,0,0,0,0,0,773,0,0,Known Good,0.0,Known good/bad,0,Known good,0.0,3.044522437723423,0.03688713480179326,581.2531809417724
ACC-10002779,CUS-20002779,Jack Evans,152 Willow Drive,CF13 2VX,1975-08-09,49,2024-09-17,employed,79,manual,homeowner_mortgage,43,2,0,33900.0,1926.59,549.99,964.1,412.5,0.1947,16500.0,car,41,verified,web,8,2,0,pass,pass,190,3,0.4997,2,0,0,partial,0,0,0,0,0,0,0,0,0,0,0,0,782,0,0,Known Good,0.0,Known good/bad,0,Known good,0.0,3.784189633918261,0.041564490914871084,577.6680344648562
ACC-10002781,CUS-20002781,Noah Roberts,1 Station Lane,BS29 3LH,1974-02-01,50,2024-07-04,employed,61,professional,homeowner_mortgage,90,2,0,58700.0,3789.52,309.06,841.08,2639.38,0.0632,6600.0,car,15,verified,mobile,22,0,0,refer,pass,229,5,0.2806,0,0,0,full,0,0,0,0,0,0,0,0,0,0,0,0,884,0,0,Known Good,0.0,Known good/bad,0,Known good,0.0,4.51085950651685,0.02168214729650986,597.037350651652
ACC-10002783,CUS-20002783,Oliver Shah,34 Meadow Close,G14 6HS,1988-05-25,36,2024-11-25,employed,80,service,private_tenant,67,4,0,40500.0,2667.15,159.99,885.81,1621.35,0.0474,22700.0,education,69,verified,mobile,10,0,1,pass,pass,132,2,0.3941,0,1,1,full,0,0,0,0,0,0,0,0,0,0,0,0,777,0,0,Known Good,0.0,Known good/bad,0,Known good,0.0,4.219507705176107,0.01555665526956968,606.7969635215915
ACC-10002792,CUS-20002792,Jack Wilson,140 Oak Road,B2 8JE,2004-11-10,19,2024-10-21,employed,114,manual,homeowner_mortgage,156,1,0,34500.0,2340.48,157.01,901.09,1282.38,0.0546,10300.0,debt_consolidation,43,verified,mobile,6,0,0,pass,pass,8,5,0.03,0,0,0,full,0,0,0,0,0,0,0,0,0,0,0,0,891,0,0,Known Good,0.0,Known good/bad,0,Known good,0.0,5.056245805348308,0.01609518279298255,605.7992339949399
ACC-10002793,CUS-20002793,Jack Taylor,130 Willow Drive,SO3 9GY,1982-04-06,42,2024-07-17,employed,46,administrative,living_with_family,58,3,0,22200.0,1435.43,58.44,675.28,701.71,0.0316,8300.0,home_improvement,87,verified,mobile,8,2,0,pass,pass,229,3,0.0583,2,0,0,full,0,0,0,0,0,0,0,0,0,0,0,0,896,0,0,Known Good,0.0,Known good/bad,0,Known good,0.0,4.07753744390572,0.024816571179096695,593.0488343747886
ACC-10002794,CUS-20002794,Aisha Morgan,193 Victoria Road,PL18 7GR,2006-07-05,18,2024-12-08,part_time,55,managerial,homeowner_outright,76,2,0,60700.0,3985.34,339.19,79.85,3566.3,0.0671,8500.0,debt_consolidation,123,verified,web,16,2,0,pass,pass,0,1,0.243,2,0,0,full,0,0,0,0,0,0,0,0,0,0,0,0,811,0,0,Known Good,0.0,Known good/bad,0,Known good,0.0,4.343805421853684,0.02826626800427266,589.1910307742464
ACC-10002799,CUS-20002799,Freya Green,105 Meadow Close,L20 9UX,1976-11-25,47,2024-11-03,employed,50,administrative,homeowner_outright,22,3,0,138700.0,8720.02,320.66,83.36,8316.0,0.0277,8700.0,other,57,partially_verified,mobile,16,2,0,pass,pass,334,2,0.4047,2,0,0,full,0,0,0,0,0,0,0,0,0,0,0,0,827,0,0,Known Good,0.0,Known good/bad,0,Known good,0.0,3.1354942159291497,0.03799324387730098,580.36752072027
ACC-10002802,CUS-20002802,George Clarke,232 Highfield Gardens,M11 8LR,1988-08-10,35,2024-07-10,employed,4,manual,private_tenant,51,2,0,41900.0,2751.01,437.76,1175.58,1137.67,0.1254,9000.0,education,88,verified,web,17,3,0,pass,pass,104,2,0.1454,3,0,0,full,0,0,0,0,0,0,0,0,0,0,0,0,856,0,0,Known Good,0.0,Known good/bad,0,Known good,0.0,3.9512437185814275,0.012277882958196668,613.7223059611775
ACC-10002807,CUS-20002807,George Lewis,190 Oak Road,NE8 4XV,1978-08-07,46,2024-09-22,part_time,49,service,homeowner_mortgage,196,3,1,29500.0,1905.35,124.17,815.84,965.34,0.0505,7100.0,education,23,partially_verified,telephone,0,1,0,pass,pass,265,0,0.7528,1,0,0,full,0,0,0,0,0,0,0,0,0,0,0,0,730,0,0,Known Good,0.0,Known good/bad,0,Known good,0.0,5.2832037287379885,0.011676346301461324,615.1893313959205
ACC-10002814,CUS-20002814,George Evans,50 Willow Drive,RG1 5GQ,1965-01-09,59,2024-10-20,employed,68,manual,living_with_family,34,4,0,29500.0,1905.19,23.67,986.06,895.46,0.0096,11500.0,home_improvement,21,verified,web,15,1,0,pass,pass,330,3,0.4889,1,0,0,full,0,0,0,0,0,0,0,0,0,0,0,0,838,0,0,Known Good,0.0,Known good/bad,0,Known good,0.0,3.5553480614894135,0.03286201801258182,584.7074512486577
ACC-10002815,CUS-20002815,Maya Bennett,1 Park Avenue,BS2 4XW,1973-10-07,51,2024-11-02,employed,31,professional,homeowner_outright,132,1,1,22600.0,1415.43,102.07,107.89,1205.47,0.0542,5000.0,home_improvement,85,verified,web,6,1,0,pass,refer,294,7,0.4143,1,0,0,full,0,0,0,0,0,0,0,0,0,0,0,0,885,0,0,Known Good,0.0,Known good/bad,0,Known good,0.0,4.890349128221754,0.025742702127909137,591.9642248364709
ACC-10002817,CUS-20002817,Priya Roberts,53 Victoria Road,BS14 4BF,1984-07-31,40,2024-09-30,self_employed,52,skilled,social_tenant,129,2,0,19000.0,1122.47,318.62,1314.22,-510.37,0.2012,12600.0,debt_consolidation,42,verified,web,14,4,1,pass,pass,154,3,0.4224,4,0,0,partial,0,0,0,0,0,0,0,0,0,0,0,0,848,0,0,Known Good,0.0,Known good/bad,0,Known good,1.0,4.867534450455582,0.06817818012781812,562.5763185662876
ACC-10002821,CUS-20002821,Amelia Clarke,60 Highfield Gardens,G8 5EG,1968-02-29,56,2024-12-14,employed,17,not_working,social_tenant,92,4,1,25900.0,1699.96,533.14,449.63,717.19,0.247,3300.0,home_improvement,144,verified,telephone,12,1,0,pass,pass,387,3,0.2579,1,0,1,full,0,0,0,0,0,0,0,0,0,0,0,0,802,0,0,Known Good,0.0,Known good/bad,0,Known good,0.0,4.532599493153256,0.02767237161107268,589.8213625592616
ACC-10002824,CUS-20002824,George Morgan,109 Kingfisher Way,RG6 6NB,1988-03-18,36,2024-10-01,part_time,77,managerial,private_tenant,140,2,2,24200.0,1605.96,484.24,1176.22,-54.5,0.2401,11400.0,home_improvement,69,verified,mobile,10,0,0,pass,pass,129,4,0.1328,0,0,0,full,0,0,0,0,0,0,0,0,0,0,0,0,871,0,0,Known Good,0.0,Known good/bad,0,Known good,1.0,4.948759890378168,0.03286483541798538,584.704893527328
ACC-10002825,CUS-20002825,Leo Bennett,63 Oak Road,S13 7AE,1961-09-05,63,2024-10-18,part_time,57,not_working,private_tenant,76,1,1,22800.0,1458.54,180.3,1159.39,118.85,0.0949,1400.0,debt_consolidation,9,verified,web,10,0,0,pass,pass,489,5,0.3581,0,0,0,full,0,0,0,0,0,0,0,0,0,0,0,0,920,0,0,Known Good,0.0,Known good/bad,0,Known good,1.0,4.343805421853684,0.0390442153817019,579.5486627129371
ACC-10002826,CUS-20002826,Amelia Green,49 Church Street,B27 8QQ,1981-09-15,42,2024-09-13,part_time,30,managerial,private_tenant,91,7,1,21600.0,1361.56,263.49,635.3,462.77,0.1464,4800.0,car,80,not_verified,web,11,2,0,fail,pass,248,4,0.6316,2,0,1,full,0,0,0,0,0,0,0,0,0,0,0,0,765,0,0,Known Good,0.0,Known good/bad,0,Known good,0.0,4.5217885770490405,0.039590437553844476,579.1313932200952
ACC-10002831,CUS-20002831,Daniel Wilson,34 Highfield Gardens,EH8 3VB,1976-01-18,48,2024-08-01,part_time,64,administrative,homeowner_outright,33,4,1,29700.0,1837.54,215.06,174.84,1447.64,0.0869,6700.0,home_improvement,135,verified,telephone,21,1,1,pass,pass,222,5,0.5717,1,0,0,full,0,0,0,0,0,0,0,0,0,0,0,0,860,0,0,Known Good,0.0,Known good/bad,0,Known good,0.0,3.5263605246161616,0.03726477451782992,580.9479690584865
ACC-10002833,CUS-20002833,Theo Clarke,24 Station Lane,L11 8VA,1996-08-29,27,2024-07-18,employed,57,administrative,homeowner_mortgage,150,3,1,37200.0,2416.02,120.67,956.61,1338.74,0.0389,30000.0,education,41,verified,mobile,10,3,0,refer,pass,65,2,0.1987,3,0,1,full,0,0,0,0,0,0,0,0,0,0,0,0,872,0,0,Known Good,0.0,Known good/bad,0,Known good,0.0,5.017279836814924,0.010088477069344107,619.4532616886618
ACC-10002835,CUS-20002835,Ava Khan,13 Oak Road,RG25 9EX,1993-06-11,31,2024-12-24,employed,38,administrative,private_tenant,77,2,0,28900.0,1865.34,106.6,1135.44,623.3,0.0443,6200.0,major_purchase,49,verified,web,15,0,0,pass,pass,83,4,0.2448,0,0,0,full,0,0,0,0,0,0,0,0,0,0,0,0,898,0,0,Known Good,0.0,Known good/bad,0,Known good,0.0,4.356708826689592,0.021310154037320058,597.5476523038948
ACC-10002851,CUS-20002851,Daniel Bennett,135 Park Avenue,S13 8HB,1992-06-06,32,2024-08-01,employed,56,administrative,homeowner_mortgage,147,3,1,17800.0,1183.67,88.92,733.96,360.79,0.0599,5700.0,car,101,verified,mobile,20,2,0,pass,pass,114,3,0.0921,2,1,1,full,0,0,0,0,0,0,0,0,0,0,0,0,816,0,0,Known Good,0.0,Known good/bad,0,Known good,0.0,4.997212273764115,0.038057891453037236,580.316526888914
ACC-10002853,CUS-20002853,Freya Shah,59 Mill View,B22 6XG,1978-10-22,45,2024-09-26,unemployed,0,service,private_tenant,72,3,0,9800.0,640.7,26.23,545.58,68.89,0.0321,1800.0,debt_consolidation,30,verified,mobile,3,1,0,pass,pass,238,4,0.7375,1,1,1,full,0,0,0,0,0,0,0,0,0,0,0,0,693,0,0,Known Good,0.0,Known good/bad,0,Known good,1.0,4.290459441148391,0.09564035471679971,551.946980825556
ACC-10002854,CUS-20002854,Oliver Taylor,213 Oak Road,OX23 9TA,1971-09-10,53,2024-10-12,employed,147,service,homeowner_outright,69,1,0,40500.0,2597.14,585.95,82.82,1928.37,0.1736,6300.0,home_improvement,64,verified,web,2,1,1,pass,pass,284,5,0.3042,1,0,0,full,0,0,0,0,0,0,0,0,0,0,0,0,890,0,0,Known Good,0.0,Known good/bad,0,Known good,0.0,4.248495242049359,0.028522181292638654,588.9233728369497
ACC-10002857,CUS-20002857,Maya Khan,74 Kingfisher Way,L14 7EN,1963-05-21,61,2024-11-06,employed,42,professional,homeowner_mortgage,48,1,0,42800.0,2749.9,520.37,752.17,1477.36,0.1459,6600.0,debt_consolidation,153,verified,branch,23,1,1,pass,refer,450,0,0.4115,1,0,0,full,0,0,0,0,0,0,0,0,0,0,0,0,814,0,0,Known Good,0.0,Known good/bad,0,Known good,0.0,3.8918202981106265,0.03227026715727798,585.2494114403398
ACC-10002872,CUS-20002872,Ava Foster,67 Meadow Close,OX18 8DW,1987-09-30,37,2024-10-19,retired,55,administrative,social_tenant,86,1,1,11600.0,717.92,309.16,842.94,-434.18,0.3198,6300.0,other,107,verified,web,4,1,0,pass,pass,158,3,0.6286,1,0,0,partial,0,0,0,0,0,0,0,0,0,0,0,0,836,0,0,Known Good,0.0,Known good/bad,0,Known good,1.0,4.465908118654584,0.06307244797970721,564.9799894476337
ACC-10002877,CUS-20002877,Adam Hughes,41 Oak Road,OX28 4DJ,1978-05-29,46,2024-08-22,employed,86,service,private_tenant,42,2,2,19000.0,1186.34,376.08,800.47,9.79,0.2375,9900.0,major_purchase,61,not_verified,web,15,0,1,pass,pass,245,4,0.2202,0,0,0,partial,1,0,0,0,0,0,0,0,0,1,1,0,877,0,3,Known Bad,1.0,Known good/bad,1,Known bad,1.0,3.7612001156935624,0.042557862422895935,576.9566303355889
ACC-10002881,CUS-20002881,Amelia Roberts,99 Kingfisher Way,RG6 8GV,1988-03-30,36,2024-09-25,part_time,12,administrative,living_with_family,112,1,1,72300.0,4729.85,551.79,547.66,3630.4,0.0916,8800.0,debt_consolidation,98,verified,mobile,0,1,0,pass,pass,83,3,0.5452,1,0,0,full,0,0,0,0,0,0,0,0,0,0,0,0,783,0,0,Known Good,0.0,Known good/bad,0,Known good,0.0,4.727387818712341,0.030152315997574262,587.2712254627099
ACC-10002884,CUS-20002884,Adam Khan,21 Mill View,L26 6JR,1985-08-06,39,2024-09-27,employed,90,not_working,homeowner_outright,121,2,2,31100.0,2020.37,182.68,104.99,1732.7,0.0705,5600.0,major_purchase,61,verified,mobile,22,1,0,pass,pass,212,4,0.3205,1,0,0,full,0,0,0,0,0,0,0,0,0,0,0,0,903,0,0,Known Good,0.0,Known good/bad,0,Known good,0.0,4.804021044733257,0.024503523403316824,593.4243871071337
ACC-10002885,CUS-20002885,Amelia Jones,14 Kingfisher Way,B23 5EU,1985-01-24,39,2024-07-29,employed,127,not_working,social_tenant,59,3,0,63600.0,3845.07,404.0,1105.83,2335.24,0.0762,14600.0,car,64,partially_verified,web,2,1,1,refer,pass,104,1,0.3558,1,0,0,full,0,0,0,0,0,0,0,0,0,0,0,0,892,0,0,Known Good,0.0,Known good/bad,0,Known good,0.0,4.0943445622221,0.028409927226714912,589.0404903682493
ACC-10002891,CUS-20002891,Theo Davies,165 Highfield Gardens,CF18 3HU,1974-08-22,49,2024-07-05,employed,82,service,homeowner_mortgage,122,3,0,15000.0,986.24,912.55,1059.73,-986.04,0.73,11600.0,home_improvement,51,partially_verified,web,22,2,0,pass,pass,338,5,0.2423,2,0,0,full,0,0,1,0,1,0,1,0,0,0,0,0,897,0,3,Known Bad,1.0,Known good/bad,1,Known bad,1.0,4.812184355372417,0.0670117988231765,563.110312142769
ACC-10002903,CUS-20002903,Adam Morgan,229 Mill View,NE11 5FL,1971-02-27,53,2024-07-06,employed,11,manual,homeowner_mortgage,64,3,1,17100.0,1098.82,219.39,537.6,341.83,0.154,12200.0,home_improvement,37,verified,telephone,7,2,1,pass,pass,320,3,0.0,2,1,1,full,0,0,0,0,0,0,0,0,0,0,0,0,845,0,0,Known Good,0.0,Known good/bad,0,Known good,0.0,4.174387269895637,0.04318300792908945,576.5170235458688
ACC-10002904,CUS-20002904,Freya Jones,83 Victoria Road,BS15 9WA,1998-06-23,26,2024-12-29,employed,97,managerial,private_tenant,52,4,1,23900.0,1608.93,405.78,1073.61,129.54,0.2037,9800.0,debt_consolidation,118,verified,mobile,19,1,0,pass,fail,32,2,0.1338,1,1,1,full,0,0,0,0,0,0,0,0,0,0,0,0,871,0,0,Known Good,0.0,Known good/bad,0,Known good,1.0,3.970291913552122,0.07161002220958029,561.052826780523
ACC-10002909,CUS-20002909,Freya Hughes,15 Station Lane,LS11 6NR,1990-03-29,34,2024-12-04,employed,99,not_working,private_tenant,72,2,1,21600.0,1395.44,217.27,884.29,293.88,0.1207,17500.0,car,104,partially_verified,mobile,22,1,0,pass,pass,94,7,0.473,1,0,0,none,0,0,0,0,0,0,0,0,0,0,0,0,774,0,0,Known Good,0.0,Known good/bad,0,Known good,0.0,4.290459441148391,0.03120141975203551,586.2531395732326
ACC-10002918,CUS-20002918,Priya Evans,129 Highfield Gardens,RG2 9FD,1976-03-21,48,2024-12-28,retired,113,managerial,private_tenant,78,3,1,24600.0,1585.8,177.05,725.3,683.45,0.0864,6600.0,debt_consolidation,53,verified,telephone,13,2,1,pass,pass,220,1,0.4625,2,0,0,full,0,0,0,0,0,0,0,0,0,0,0,0,787,0,0,Known Good,0.0,Known good/bad,0,Known good,0.0,4.3694478524670215,0.03399763745069633,583.6932825574943
ACC-10002920,CUS-20002920,Theo Khan,27 Victoria Road,RG1 6WQ,1990-09-02,34,2024-12-18,employed,54,skilled,private_tenant,44,6,0,19200.0,1213.9,505.73,764.94,-56.77,0.3161,12500.0,debt_consolidation,51,verified,mobile,17,0,1,pass,pass,144,2,0.2297,0,0,1,full,0,0,0,0,0,0,0,0,0,0,0,0,960,0,0,Known Good,0.0,Known good/bad,0,Known good,1.0,3.8066624897703196,0.04500767427909151,575.2678005572473
ACC-10002922,CUS-20002922,Jack Jones,94 Highfield Gardens,L6 8LP,1995-05-14,29,2024-09-14,employed,29,service,homeowner_mortgage,67,2,1,57200.0,3642.07,347.61,1458.56,1835.9,0.0729,4800.0,education,26,verified,mobile,14,1,1,pass,pass,93,3,0.1804,1,0,0,partial,0,0,0,0,0,0,0,0,0,0,0,0,915,0,0,Known Good,0.0,Known good/bad,0,Known good,0.0,4.219507705176107,0.008883306749140707,623.1591623874742
ACC-10002927,CUS-20002927,Noah Patel,83 Highfield Gardens,PL7 9VA,1979-08-15,45,2024-09-13,employed,123,professional,homeowner_mortgage,9,3,0,72100.0,4523.47,290.68,866.16,3366.63,0.0484,7200.0,other,201,verified,mobile,18,3,0,pass,refer,239,3,0.6011,3,0,0,full,0,0,0,0,0,0,0,0,0,0,0,0,781,0,0,Known Good,0.0,Known good/bad,0,Known good,0.0,2.302585092994046,0.058444838958719166,567.3208378258532
ACC-10002928,CUS-20002928,Amelia Clarke,64 Oak Road,BS15 9TP,1976-12-26,47,2024-09-09,unemployed,0,managerial,homeowner_mortgage,39,6,0,8800.0,526.18,350.67,789.44,-613.93,0.4782,7200.0,car,25,verified,web,6,1,0,pass,pass,302,4,0.764,1,0,0,full,0,0,0,0,0,0,0,0,0,0,0,0,761,0,0,Known Good,0.0,Known good/bad,0,Known good,1.0,3.6888794541139363,0.08790354727686756,554.6267382978908
ACC-10002934,CUS-20002934,Noah Bennett,200 Park Avenue,BS19 2BD,1980-04-21,44,2024-12-27,employed,59,professional,living_with_family,41,3,0,22400.0,1351.53,355.29,180.0,816.24,0.1903,11300.0,debt_consolidation,50,verified,web,10,1,1,pass,pass,260,5,0.6082,1,0,2,full,0,0,0,0,0,0,0,0,0,0,0,0,791,0,0,Known Good,0.0,Known good/bad,0,Known good,0.0,3.7376696182833684,0.039912739568432484,578.8877626657319
ACC-10002939,CUS-20002939,Priya Clarke,194 Kingfisher Way,CF11 6JD,1985-03-12,39,2024-11-13,retired,140,managerial,private_tenant,64,3,1,15600.0,1000.04,171.77,781.21,47.06,0.1321,30000.0,major_purchase,56,partially_verified,web,16,1,0,pass,pass,251,6,0.3007,1,0,0,full,0,0,0,0,0,0,0,0,0,0,0,0,789,0,0,Known Good,0.0,Known good/bad,0,Known good,1.0,4.174387269895637,0.044852284923746814,575.3722857573638
ACC-10002941,CUS-20002941,Aisha Wilson,151 Highfield Gardens,M26 8NW,1966-01-15,58,2024-07-01,employed,16,manual,homeowner_mortgage,143,2,1,13500.0,863.87,101.88,734.32,27.67,0.0906,3600.0,debt_consolidation,26,verified,mobile,22,2,0,pass,pass,186,5,0.2495,2,0,0,full,0,0,0,0,0,0,0,0,0,0,0,0,897,0,0,Known Good,0.0,Known good/bad,0,Known good,1.0,4.969813299576001,0.041951180444242946,577.3891934441932
ACC-10002942,CUS-20002942,Ava Wilson,14 Mill View,G9 3EY,1986-05-05,38,2024-09-29,employed,91,professional,living_with_family,90,1,1,35700.0,2242.31,517.67,573.56,1151.08,0.174,27700.0,debt_consolidation,59,verified,mobile,8,3,0,pass,pass,234,4,0.4733,3,0,0,partial,0,0,0,0,0,0,0,0,0,0,0,0,690,0,0,Known Good,0.0,Known good/bad,0,Known good,0.0,4.51085950651685,0.04067441172487249,578.3194192716071
ACC-10002946,CUS-20002946,Noah Taylor,135 Kingfisher Way,B24 8PA,1965-09-17,58,2024-08-28,employed,55,service,homeowner_mortgage,78,2,3,40400.0,2554.98,298.41,794.31,1462.26,0.0886,3500.0,debt_consolidation,137,verified,web,17,0,1,pass,fail,165,0,0.2449,0,0,0,full,0,0,0,0,0,0,0,0,0,0,0,0,924,0,0,Known Good,0.0,Known good/bad,0,Known good,0.0,4.3694478524670215,0.021962556536208346,596.6583120771616
ACC-10002950,CUS-20002950,Aisha Davies,137 Oak Road,L20 8YP,1977-11-06,46,2024-08-09,employed,86,manual,private_tenant,150,2,1,29600.0,1900.82,236.72,1076.49,587.61,0.096,4500.0,major_purchase,114,verified,branch,18,0,0,pass,pass,167,4,0.1917,0,0,3,full,0,0,0,0,0,0,0,0,0,0,0,0,813,0,0,Known Good,0.0,Known good/bad,0,Known good,0.0,5.017279836814924,0.019024849517587962,600.8880690819989
ACC-10002953,CUS-20002953,George Hughes,128 Victoria Road,BS6 6DN,1967-11-04,57,2024-11-20,self_employed,76,skilled,homeowner_mortgage,123,2,1,40700.0,2508.05,592.21,433.83,1482.01,0.1746,10600.0,major_purchase,93,verified,branch,3,0,0,pass,pass,346,3,0.6416,0,0,0,full,0,0,0,0,0,0,0,0,0,0,0,0,814,0,0,Known Good,0.0,Known good/bad,0,Known good,0.0,4.820281565605037,0.029841375714670722,587.5795702126946
ACC-10002959,CUS-20002959,Jack Morgan,207 Kingfisher Way,S24 2GB,1991-11-21,33,2024-11-21,employed,168,manual,homeowner_outright,48,3,0,30000.0,1879.12,431.4,120.02,1327.7,0.1726,7300.0,car,25,verified,web,4,1,0,pass,pass,138,2,0.5373,1,0,0,full,0,0,0,0,0,0,0,0,0,0,0,0,825,0,0,Known Good,0.0,Known good/bad,0,Known good,0.0,3.8918202981106265,0.036349641601646096,581.6928110669983
ACC-10002960,CUS-20002960,Leo Jones,99 Highfield Gardens,NG20 5YP,1986-09-24,37,2024-09-10,employed,26,administrative,homeowner_outright,90,2,0,41100.0,2518.18,388.83,145.54,1983.81,0.1135,6700.0,education,24,verified,web,11,0,1,pass,pass,199,1,0.162,0,0,0,full,0,0,0,0,0,0,0,0,0,0,0,0,897,0,0,Known Good,0.0,Known good/bad,0,Known good,0.0,4.51085950651685,0.007506896474852382,628.0568098025125
ACC-10002968,CUS-20002968,Daniel Khan,161 Oak Road,BS8 1YG,1992-11-27,31,2024-07-17,employed,24,administrative,homeowner_mortgage,48,2,1,39900.0,2459.32,330.93,566.97,1561.42,0.0995,13400.0,car,49,verified,web,8,1,0,pass,pass,103,1,0.3275,1,1,1,none,0,0,0,0,0,0,0,0,0,0,0,0,711,0,0,Known Good,0.0,Known good/bad,0,Known good,0.0,3.8918202981106265,0.0493576839591115,572.4739965481313
ACC-10002973,CUS-20002973,Jack Clarke,181 Highfield Gardens,CF19 9WD,1958-06-28,66,2024-08-30,self_employed,61,professional,homeowner_outright,24,2,3,20700.0,1303.61,392.04,3.92,907.65,0.2273,5900.0,debt_consolidation,40,verified,web,20,1,0,pass,refer,573,1,0.1304,1,0,1,full,0,0,0,0,0,0,0,0,0,0,0,0,791,0,0,Known Good,0.0,Known good/bad,0,Known good,0.0,3.2188758248682006,0.03050051228536722,586.929571335914
ACC-10002984,CUS-20002984,Isla Taylor,36 Meadow Close,LS25 8FD,2006-01-22,18,2024-07-06,employed,17,professional,private_tenant,80,1,0,16300.0,1097.18,147.15,675.66,274.37,0.1083,16400.0,other,73,verified,mobile,20,0,0,pass,pass,0,4,0.4831,0,0,1,full,0,0,0,0,0,0,0,0,0,0,0,0,897,0,0,Known Good,0.0,Known good/bad,0,Known good,0.0,4.394449154672439,0.026860004233295865,590.7051947757636
ACC-10002986,CUS-20002986,Daniel Foster,234 Highfield Gardens,NE21 7PT,1980-04-14,44,2024-09-20,employed,27,service,homeowner_mortgage,47,3,0,108100.0,6423.57,146.79,1278.64,4998.14,0.0163,11400.0,debt_consolidation,27,verified,web,19,1,0,pass,pass,291,5,0.8922,1,0,0,partial,0,0,0,0,0,0,0,0,0,0,0,0,831,0,0,Known Good,0.0,Known good/bad,0,Known good,0.0,3.871201010907891,0.043180793190604576,576.518570209424
ACC-10002988,CUS-20002988,Leo Khan,81 Station Lane,L21 8RG,1979-07-20,45,2024-10-04,employed,31,service,social_tenant,98,3,0,97300.0,6492.82,74.8,892.8,5525.22,0.0092,21900.0,debt_consolidation,147,partially_verified,mobile,18,0,0,pass,pass,174,4,0.2951,0,0,0,full,0,0,0,0,0,0,0,0,0,0,0,0,833,0,0,Known Good,0.0,Known good/bad,0,Known good,0.0,4.59511985013459,0.0208041450702656,598.2559670566105
ACC-10002991,CUS-20002991,Daniel Green,56 Church Street,NE3 3PY,1978-11-10,45,2024-09-11,unemployed,79,service,homeowner_mortgage,63,2,1,10000.0,656.27,311.01,708.73,-363.47,0.3732,11200.0,other,73,verified,branch,1,0,0,pass,pass,215,0,0.2356,0,0,0,partial,0,0,0,0,0,0,0,0,0,0,0,0,846,0,0,Known Good,0.0,Known good/bad,0,Known good,1.0,4.1588830833596715,0.04450827316441736,575.60483517316
ACC-10002993,CUS-20002993,Theo Clarke,63 Mill View,OX29 1NL,1980-07-08,44,2024-12-07,part_time,80,service,private_tenant,94,3,0,39000.0,2514.87,231.56,545.25,1738.06,0.0712,8200.0,debt_consolidation,21,verified,mobile,7,0,0,pass,pass,257,5,0.3855,0,0,1,full,0,0,0,0,0,0,0,0,0,0,0,0,802,0,0,Known Good,0.0,Known good/bad,0,Known good,0.0,4.553876891600541,0.02356055255112828,594.5845822208792
ACC-10002994,CUS-20002994,Leo Green,142 Park Avenue,NE18 7JW,1979-07-30,45,2024-10-11,employed,147,not_working,homeowner_mortgage,58,4,2,27600.0,1642.52,482.44,423.05,737.03,0.2098,12200.0,debt_consolidation,105,partially_verified,mobile,15,3,0,pass,pass,152,0,0.1936,3,0,0,full,0,0,0,0,0,0,0,0,0,0,0,0,866,0,0,Known Good,0.0,Known good/bad,0,Known good,0.0,4.07753744390572,0.035859939519483276,582.0988318377765
ACC-10002998,CUS-20002998,Aisha Patel,6 Kingfisher Way,RG16 2VT,1995-04-27,29,2024-12-19,employed,130,service,homeowner_mortgage,75,2,0,94200.0,5567.17,372.3,1038.86,4156.01,0.0474,12100.0,debt_consolidation,80,partially_verified,mobile,15,1,0,fail,pass,119,1,0.6768,1,0,0,full,0,0,0,0,0,0,0,0,0,0,0,0,793,0,0,Known Good,0.0,Known good/bad,0,Known good,0.0,4.330733340286331,0.03458554286792844,583.1810246959345
ACC-10003004,CUS-20003004,Isla Hughes,16 Meadow Close,RG24 4GJ,1994-02-26,30,2024-11-27,retired,54,service,private_tenant,32,2,0,22400.0,1431.03,20.0,592.25,818.78,0.0107,9000.0,car,104,partially_verified,mobile,18,2,1,pass,pass,124,6,0.3252,2,0,1,full,0,0,0,0,0,0,0,0,0,0,0,0,814,0,0,Known Good,0.0,Known good/bad,0,Known good,0.0,3.4965075614664802,0.03324713752699726,584.3597780325424
ACC-10003006,CUS-20003006,Theo Jones,94 Highfield Gardens,LS22 9PD,1979-09-28,45,2024-10-27,employed,20,administrative,homeowner_mortgage,118,2,0,109000.0,7304.96,259.48,934.42,6111.06,0.0286,11800.0,major_purchase,109,verified,mobile,12,0,0,pass,pass,274,4,0.1439,0,0,0,full,0,0,0,0,0,0,0,0,0,0,0,0,897,0,0,Known Good,0.0,Known good/bad,0,Known good,0.0,4.77912349311153,0.018122830765241422,602.3161228509017
ACC-10003010,CUS-20003010,Maya Wilson,101 Kingfisher Way,G15 8PN,1962-01-14,62,2024-12-17,self_employed,25,service,homeowner_outright,193,1,1,65400.0,4294.3,38.05,57.03,4199.22,0.007,2600.0,debt_consolidation,61,verified,branch,2,3,1,pass,pass,305,4,0.5917,3,0,0,full,0,0,0,0,0,0,0,0,0,0,0,0,736,0,0,Known Good,0.0,Known good/bad,0,Known good,0.0,5.267858159063328,0.03510188345275546,582.7380015729972
ACC-10003013,CUS-20003013,George Morgan,141 Church Street,EH28 5FX,1984-03-14,40,2024-12-21,employed,120,administrative,living_with_family,113,1,0,63700.0,4253.96,276.79,385.06,3592.11,0.0521,8300.0,education,152,partially_verified,mobile,15,2,0,pass,pass,248,3,0.9062,2,0,0,full,0,0,0,0,0,0,0,0,0,0,0,0,785,0,0,Known Good,0.0,Known good/bad,0,Known good,0.0,4.736198448394496,0.016567192364409292,604.9513851906859
ACC-10003015,CUS-20003015,Isla Clarke,216 Church Street,OX9 9JB,2000-05-18,24,2024-12-27,employed,84,managerial,social_tenant,91,7,1,38600.0,2514.44,143.26,1298.45,1072.73,0.0445,6800.0,other,72,partially_verified,web,17,2,0,pass,pass,58,2,0.649,2,0,1,full,0,0,0,0,0,0,0,0,0,0,0,0,680,0,0,Known Good,0.0,Known good/bad,0,Known good,0.0,4.5217885770490405,0.0373242875858285,580.9001414821876
ACC-10003016,CUS-20003016,George Taylor,6 Willow Drive,BS14 5PG,1980-10-31,44,2024-11-14,employed,138,professional,private_tenant,119,2,2,61700.0,3854.96,208.49,573.24,3073.23,0.0405,5400.0,other,80,verified,branch,10,3,0,refer,pass,209,4,0.6037,3,0,0,full,0,0,0,0,0,0,0,0,0,0,0,0,767,0,0,Known Good,0.0,Known good/bad,0,Known good,0.0,4.787491742782046,0.039214173627540684,579.4182315024881
ACC-10003023,CUS-20003023,George Bennett,169 Meadow Close,NR7 6ED,1983-04-29,41,2024-07-28,retired,21,skilled,private_tenant,81,7,0,32700.0,2018.01,798.38,1122.13,97.5,0.293,2700.0,major_purchase,144,verified,mobile,12,2,0,pass,pass,159,4,0.1629,2,0,0,full,0,0,0,0,0,0,0,1,1,0,1,1,895,0,4,Known Bad,1.0,Known good/bad,1,Known bad,1.0,4.406719247264253,0.049488287527254454,572.3937837751795
ACC-10003026,CUS-20003026,Amelia Davies,206 Highfield Gardens,SO22 8XP,1968-01-05,56,2024-08-29,employed,33,professional,homeowner_outright,27,1,0,65800.0,4135.06,447.22,160.83,3527.01,0.0816,3700.0,education,73,verified,mobile,12,0,1,pass,pass,234,3,0.4367,0,0,0,full,0,0,0,0,0,0,0,0,0,0,0,0,820,0,0,Known Good,0.0,Known good/bad,0,Known good,0.0,3.332204510175204,0.011150392430232314,616.5345708020743
ACC-10003030,CUS-20003030,Aisha Evans,62 Meadow Close,S26 1BT,1953-02-14,71,2024-09-25,employed,52,manual,homeowner_mortgage,129,5,0,23100.0,1484.75,529.92,757.52,197.31,0.2753,2600.0,major_purchase,67,verified,mobile,12,1,1,pass,pass,318,3,0.4206,1,0,1,none,0,0,0,0,0,0,0,0,0,0,0,0,818,0,0,Known Good,0.0,Known good/bad,0,Known good,0.0,4.867534450455582,0.03045803652361054,586.9710461127216
ACC-10003033,CUS-20003033,Ava Wilson,112 Meadow Close,CF28 8NT,1963-10-22,61,2024-12-16,employed,51,service,homeowner_mortgage,4,4,2,40700.0,2705.9,291.18,844.59,1570.13,0.0859,17000.0,home_improvement,74,partially_verified,telephone,18,1,0,pass,pass,454,2,0.5296,1,1,1,partial,0,0,0,0,0,0,0,0,0,0,0,0,771,0,0,Known Good,0.0,Known good/bad,0,Known good,0.0,1.6094379124341003,0.08164027648167106,556.9570041616532
ACC-10003034,CUS-20003034,Theo Jones,113 Highfield Gardens,BS23 7RG,1969-03-28,55,2024-07-29,employed,21,manual,homeowner_mortgage,63,3,1,36600.0,2177.55,54.9,893.3,1229.35,0.018,4100.0,other,127,not_verified,mobile,0,1,0,refer,pass,372,6,0.0704,1,0,0,full,0,0,0,0,0,0,0,0,0,0,0,0,941,0,0,Known Good,0.0,Known good/bad,0,Known good,0.0,4.1588830833596715,0.021439041244958348,597.3698648115792
ACC-10003035,CUS-20003035,Isla Foster,157 Station Lane,NG21 4PD,1990-04-27,34,2024-10-31,retired,19,manual,private_tenant,136,3,1,34200.0,2337.0,314.4,718.92,1303.68,0.1103,2400.0,education,81,partially_verified,mobile,22,0,0,pass,pass,141,3,0.2054,0,0,0,full,0,0,0,0,0,0,0,0,0,0,0,0,905,0,0,Known Good,0.0,Known good/bad,0,Known good,0.0,4.919980925828125,0.007249851324519097,629.0695852455796
ACC-10003036,CUS-20003036,Aisha Bennett,174 Willow Drive,B26 8XT,1995-04-04,29,2024-10-14,employed,34,managerial,private_tenant,16,1,0,59800.0,3833.68,184.69,545.29,3103.7,0.0371,4300.0,education,68,verified,branch,3,0,0,pass,pass,70,2,0.1687,0,0,1,full,0,0,0,0,0,0,0,0,0,0,0,0,886,0,0,Known Good,0.0,Known good/bad,0,Known good,0.0,2.833213344056216,0.00942396273502545,621.438677744389
ACC-10003038,CUS-20003038,Daniel Foster,202 Church Street,G25 4NP,1985-06-20,39,2024-07-24,unemployed,0,not_working,homeowner_outright,66,3,3,9000.0,584.55,596.13,163.32,-174.9,0.7948,6900.0,debt_consolidation,40,verified,mobile,20,4,0,pass,pass,141,6,0.5382,4,0,0,full,0,0,0,0,0,0,0,0,0,0,0,0,779,0,0,Known Good,0.0,Known good/bad,0,Known good,1.0,4.204692619390966,0.12255022315720371,543.9217450053277
ACC-10003041,CUS-20003041,Daniel Lewis,48 Willow Drive,L25 3LS,1985-06-19,39,2024-07-18,employed,31,not_working,private_tenant,35,2,2,25200.0,1632.19,223.58,931.42,477.19,0.1065,8400.0,home_improvement,112,verified,web,14,0,0,refer,pass,231,1,0.4127,0,0,0,full,0,0,0,0,0,0,0,0,0,0,0,0,812,0,0,Known Good,0.0,Known good/bad,0,Known good,0.0,3.58351893845611,0.028930263221689623,588.5013472213108
ACC-10003042,CUS-20003042,Oliver Taylor,199 Meadow Close,CF19 3YT,1996-10-25,28,2024-12-29,self_employed,14,skilled,private_tenant,49,2,3,24200.0,1544.12,233.79,709.48,600.85,0.1159,8500.0,debt_consolidation,151,verified,telephone,17,2,0,pass,pass,118,4,0.5982,2,0,0,none,0,0,0,0,0,0,0,0,0,0,0,0,696,0,0,Known Good,0.0,Known good/bad,0,Known good,0.0,3.912023005428146,0.041610533105942905,577.6347037094373
ACC-10003046,CUS-20003046,Oliver Davies,62 Kingfisher Way,SO15 8YV,1981-04-23,43,2024-11-17,employed,67,professional,homeowner_mortgage,100,3,0,12200.0,780.88,332.65,732.03,-283.8,0.3272,4200.0,car,120,verified,web,21,0,0,pass,pass,265,5,0.4231,0,0,0,partial,0,0,0,0,0,0,0,0,0,0,0,0,853,0,0,Known Good,0.0,Known good/bad,0,Known good,1.0,4.61512051684126,0.046406972581192266,574.3420801519948
ACC-10003051,CUS-20003051,Noah Clarke,179 Kingfisher Way,LS16 2UW,1983-03-29,41,2024-09-11,employed,19,professional,private_tenant,18,4,0,10600.0,719.28,228.44,636.41,-145.57,0.2586,3400.0,debt_consolidation,99,verified,branch,10,0,0,pass,fail,96,3,0.6401,0,0,0,full,0,0,0,0,0,0,0,0,0,0,0,0,837,0,0,Known Good,0.0,Known good/bad,0,Known good,1.0,2.9444389791664403,0.0681247773603771,562.6005817460054
ACC-10003053,CUS-20003053,Noah Taylor,244 Mill View,CF12 5DJ,1971-06-05,53,2024-12-17,employed,57,service,social_tenant,87,2,3,24500.0,1573.94,239.16,1104.26,230.52,0.1171,2900.0,debt_consolidation,43,partially_verified,branch,2,1,0,pass,pass,214,1,0.5666,1,0,0,full,0,0,0,0,0,0,0,0,0,0,0,0,847,0,0,Known Good,0.0,Known good/bad,0,Known good,0.0,4.477336814478207,0.03252931786767163,585.0109855686355
ACC-10003054,CUS-20003054,Sofia Patel,229 Church Street,S7 8EG,1994-10-11,29,2024-09-18,employed,62,administrative,homeowner_outright,133,2,3,53400.0,3469.84,278.17,149.24,3042.43,0.0625,5500.0,home_improvement,55,verified,web,0,1,0,pass,pass,88,4,0.1651,1,0,0,full,0,0,0,0,0,0,0,0,0,0,0,0,861,0,0,Known Good,0.0,Known good/bad,0,Known good,0.0,4.897839799950911,0.021174679117058105,597.7356644115948
ACC-10003069,CUS-20003069,George Jones,172 Kingfisher Way,SO13 6ST,1998-12-23,25,2024-08-16,retired,32,managerial,living_with_family,100,2,1,44200.0,2796.78,340.78,841.17,1614.83,0.0925,9200.0,debt_consolidation,39,verified,web,8,0,0,pass,pass,84,3,0.4828,0,0,0,full,0,0,0,0,0,0,0,0,0,0,0,0,906,0,0,Known Good,0.0,Known good/bad,0,Known good,0.0,4.61512051684126,0.02561167315009436,592.1153450226819
ACC-10003070,CUS-20003070,Aisha Evans,85 Mill View,G20 3HL,1986-06-10,38,2024-11-06,employed,24,not_working,homeowner_outright,26,1,1,31400.0,1900.13,281.16,146.95,1472.02,0.1074,2400.0,debt_consolidation,26,verified,web,7,1,0,refer,pass,104,5,0.8044,1,0,2,full,0,0,0,0,0,0,0,0,0,0,0,0,631,0,0,Known Good,0.0,Known good/bad,0,Known good,0.0,3.295836866004329,0.04712816538252447,573.8752912547224
ACC-10003076,CUS-20003076,Aisha Morgan,207 Kingfisher Way,NR1 1ES,1981-10-15,42,2024-09-18,employed,37,manual,social_tenant,94,3,1,41900.0,2553.0,170.33,757.93,1624.74,0.0488,14900.0,debt_consolidation,320,verified,mobile,0,3,1,pass,pass,235,3,0.5519,3,0,0,partial,0,0,0,0,0,0,0,0,0,0,0,0,767,0,0,Known Good,0.0,Known good/bad,0,Known good,0.0,4.553876891600541,0.03931328359038165,579.3424215293038
ACC-10003077,CUS-20003077,Leo Jones,77 Meadow Close,SO20 3GY,1998-03-17,26,2024-09-30,part_time,52,managerial,homeowner_mortgage,54,1,1,9300.0,570.31,111.33,560.78,-101.8,0.1437,14000.0,debt_consolidation,46,verified,telephone,11,2,1,pass,refer,71,1,0.2872,2,0,0,partial,0,0,0,0,0,0,0,0,0,0,0,0,858,0,0,Known Good,0.0,Known good/bad,0,Known good,1.0,4.007333185232471,0.05230015055896477,570.7137402817377
ACC-10003081,CUS-20003081,Noah Wilson,24 Willow Drive,B17 4TD,1986-08-30,38,2024-11-16,employed,25,not_working,private_tenant,6,3,2,60200.0,3851.13,463.47,697.28,2690.38,0.0924,4100.0,car,24,verified,web,20,3,0,pass,pass,210,1,0.3386,3,1,1,full,0,0,0,0,0,0,0,0,0,0,0,0,723,0,0,Known Good,0.0,Known good/bad,0,Known good,0.0,1.9459101490553132,0.0865303442750065,555.1244513527042
ACC-10003082,CUS-20003082,Jack Green,17 Highfield Gardens,S21 9UA,1985-10-21,38,2024-08-19,employed,54,service,homeowner_mortgage,54,2,0,57900.0,3753.27,229.09,1310.21,2213.97,0.0475,6800.0,home_improvement,43,verified,web,9,2,0,pass,pass,205,3,0.5533,2,0,0,full,0,0,0,0,0,0,0,0,0,0,0,0,869,0,0,Known Good,0.0,Known good/bad,0,Known good,0.0,4.007333185232471,0.03766922404124971,580.6243691561431
ACC-10003086,CUS-20003086,Isla Lewis,135 Park Avenue,S26 2QY,2001-11-05,23,2024-12-12,employed,36,skilled,social_tenant,52,2,0,36000.0,2231.98,446.6,283.19,1502.19,0.1489,11000.0,debt_consolidation,28,verified,web,13,0,0,pass,pass,27,3,0.2855,0,0,0,partial,0,0,0,0,0,0,0,0,0,0,0,0,821,0,0,Known Good,0.0,Known good/bad,0,Known good,0.0,3.970291913552122,0.025299874021140062,592.4780026964825
ACC-10003097,CUS-20003097,Priya Jones,95 Kingfisher Way,M14 6SE,1997-12-31,26,2024-09-22,employed,41,manual,homeowner_mortgage,80,2,1,18000.0,1153.16,392.38,444.82,315.96,0.2616,4200.0,car,101,verified,web,11,4,0,fail,pass,38,3,0.387,4,0,1,full,0,0,0,0,0,0,0,0,0,0,0,0,788,0,0,Known Good,0.0,Known good/bad,0,Known good,0.0,4.394449154672439,0.046925903010715454,574.0055155744084
ACC-10003099,CUS-20003099,Ava Wilson,172 Meadow Close,EH27 4FD,1985-08-15,38,2024-07-18,self_employed,54,skilled,homeowner_mortgage,20,2,0,17000.0,1089.75,286.61,867.03,-63.89,0.2023,6200.0,home_improvement,33,partially_verified,mobile,21,0,0,refer,pass,196,1,0.2277,0,0,0,full,0,0,0,0,0,0,0,0,0,0,0,0,955,0,0,Known Good,0.0,Known good/bad,0,Known good,1.0,3.044522437723423,0.046819508752785906,574.0742306408126
ACC-10003105,CUS-20003105,Ava Lewis,208 Park Avenue,OX7 7UE,1984-07-15,40,2024-10-29,employed,29,administrative,homeowner_outright,7,4,1,34000.0,2076.39,522.16,115.03,1439.2,0.1843,8100.0,other,12,verified,web,6,0,0,pass,pass,191,1,0.3136,0,0,0,full,0,0,0,0,0,0,0,0,0,0,0,0,933,0,0,Known Good,0.0,Known good/bad,0,Known good,0.0,2.0794415416798357,0.036063041089892084,581.9297928571808
ACC-10003115,CUS-20003115,Ava Lewis,151 Willow Drive,BS28 4LQ,1982-04-11,42,2024-08-09,employed,107,professional,homeowner_mortgage,86,1,0,25200.0,1507.71,398.37,626.45,482.89,0.1897,4700.0,major_purchase,138,verified,mobile,6,1,0,pass,pass,126,0,0.3005,1,0,0,full,0,0,0,0,0,0,0,0,0,0,0,0,957,0,0,Known Good,0.0,Known good/bad,0,Known good,0.0,4.465908118654584,0.027771245253605678,589.7155168119288
ACC-10003118,CUS-20003118,Leo Foster,193 Victoria Road,EH1 2NH,1985-09-08,39,2024-11-29,retired,38,professional,homeowner_mortgage,41,4,3,45300.0,2772.83,44.58,714.65,2013.6,0.0118,15700.0,debt_consolidation,106,verified,mobile,8,1,0,pass,pass,125,2,0.2289,1,0,1,full,0,0,0,0,0,0,0,0,0,0,0,0,828,0,0,Known Good,0.0,Known good/bad,0,Known good,0.0,3.7376696182833684,0.02596519109053677,591.7093278543143
ACC-10003123,CUS-20003123,Daniel Khan,163 Church Street,PL28 6VD,1991-02-19,33,2024-08-25,employed,72,administrative,homeowner_mortgage,55,4,0,40800.0,2371.63,260.55,568.97,1542.11,0.0766,9800.0,home_improvement,32,verified,branch,18,1,1,pass,pass,178,2,0.0807,1,0,0,full,0,0,0,0,0,0,0,0,0,0,0,0,921,0,0,Known Good,0.0,Known good/bad,0,Known good,0.0,4.02535169073515,0.023054076309787033,595.2265749866565
ACC-10003126,CUS-20003126,Theo Taylor,245 Oak Road,L2 9VJ,1966-12-24,57,2024-10-03,employed,24,skilled,homeowner_mortgage,38,3,1,42700.0,2648.52,167.24,1158.09,1323.19,0.047,7500.0,home_improvement,14,verified,mobile,8,1,0,pass,pass,366,1,0.5089,1,0,1,none,0,0,0,0,0,0,0,0,0,0,0,0,726,0,0,Known Good,0.0,Known good/bad,0,Known good,0.0,3.6635616461296463,0.033701764926420644,583.9543257134823
ACC-10003128,CUS-20003128,Sofia Foster,129 Victoria Road,G28 5BT,1981-09-25,43,2024-12-14,retired,74,managerial,homeowner_outright,85,4,0,76500.0,4827.18,20.0,106.08,4701.1,0.0031,7200.0,debt_consolidation,71,not_verified,web,14,1,1,pass,pass,228,5,0.6728,1,0,0,full,0,0,0,0,0,0,0,0,0,0,0,0,829,0,0,Known Good,0.0,Known good/bad,0,Known good,0.0,4.454347296253507,0.03273737076458152,584.8208221272635
ACC-10003132,CUS-20003132,Adam Evans,152 Willow Drive,EH14 7NQ,1975-02-20,49,2024-07-06,self_employed,104,manual,social_tenant,40,3,0,26100.0,1651.14,163.53,743.67,743.94,0.0752,3600.0,other,107,verified,telephone,17,0,1,pass,pass,152,2,0.8656,0,0,0,full,0,0,0,0,0,0,0,0,0,0,0,0,803,0,0,Known Good,0.0,Known good/bad,0,Known good,0.0,3.713572066704308,0.03969438315151812,579.0526128804879
ACC-10003137,CUS-20003137,Daniel Lewis,185 Victoria Road,CF9 7BJ,1980-12-24,43,2024-12-19,employed,111,professional,homeowner_mortgage,79,3,0,11000.0,709.27,253.61,761.27,-305.61,0.2767,7500.0,debt_consolidation,71,verified,mobile,14,2,0,pass,pass,299,4,0.5503,2,0,0,none,0,0,0,0,0,0,0,0,0,0,0,0,723,0,0,Known Good,0.0,Known good/bad,0,Known good,1.0,4.382026634673881,0.06631935672214191,563.4314213179293
ACC-10003139,CUS-20003139,Amelia Lewis,37 Oak Road,LS13 8DG,1986-10-31,38,2024-11-16,part_time,33,managerial,homeowner_mortgage,31,5,2,22800.0,1520.15,238.26,474.88,807.01,0.1254,5400.0,major_purchase,115,partially_verified,mobile,11,1,1,pass,pass,151,3,0.1222,1,0,0,partial,0,0,0,0,0,0,0,0,0,0,0,0,989,0,0,Known Good,0.0,Known good/bad,0,Known good,0.0,3.4657359027997265,0.027049359810104978,590.4968814307854
ACC-10003147,CUS-20003147,Ava Jones,138 Victoria Road,SO19 2TV,1981-12-14,42,2024-08-29,employed,121,skilled,private_tenant,27,1,0,16300.0,1091.52,409.12,857.84,-175.44,0.3012,11500.0,debt_consolidation,116,verified,web,6,1,0,pass,refer,253,2,0.1845,1,0,0,partial,0,0,0,0,0,0,0,0,0,0,0,0,863,0,0,Known Good,0.0,Known good/bad,0,Known good,1.0,3.332204510175204,0.05276281867834702,570.4455195715556
ACC-10003158,CUS-20003158,Priya Davies,195 Highfield Gardens,RG3 6SE,1983-03-27,41,2024-07-18,employed,54,administrative,living_with_family,38,2,0,26000.0,1740.96,177.44,1060.11,503.41,0.0819,2900.0,debt_consolidation,37,verified,mobile,7,1,0,pass,pass,201,2,0.1224,1,0,0,none,0,0,0,1,0,0,0,1,0,0,1,0,860,0,3,Known Bad,1.0,Known good/bad,1,Known bad,0.0,3.6635616461296463,0.02538550340694742,592.3779743402225
ACC-10003162,CUS-20003162,George Shah,189 Mill View,B26 5UA,1964-01-09,60,2024-09-20,self_employed,90,managerial,social_tenant,10,2,1,44200.0,2878.82,713.42,902.85,1262.55,0.1937,9600.0,car,44,verified,branch,5,2,0,pass,pass,367,3,0.6139,2,0,0,full,0,0,0,0,0,0,0,0,0,0,0,0,764,0,0,Known Good,0.0,Known good/bad,0,Known good,0.0,2.3978952727983707,0.056622391004469017,568.2906918525695
ACC-10003163,CUS-20003163,Leo Clarke,195 Meadow Close,L13 5GH,1990-11-21,34,2024-12-24,part_time,90,managerial,homeowner_mortgage,17,2,1,20600.0,1368.1,282.95,311.01,774.14,0.1648,3300.0,education,31,verified,web,11,0,0,pass,pass,191,3,0.4954,0,0,0,full,0,0,0,0,0,0,0,0,0,0,0,0,838,0,0,Known Good,0.0,Known good/bad,0,Known good,0.0,2.8903717578961645,0.013371390018271461,611.2285915964915
ACC-10003166,CUS-20003166,Aisha Shah,213 Victoria Road,PL3 8HT,1994-08-28,30,2024-12-24,self_employed,78,not_working,private_tenant,36,1,1,28500.0,1872.95,145.43,1014.55,712.97,0.0612,5800.0,major_purchase,56,verified,mobile,12,6,0,pass,pass,48,4,0.1513,6,0,0,full,0,0,0,0,0,0,0,0,0,0,0,0,788,0,0,Known Good,0.0,Known good/bad,0,Known good,0.0,3.6109179126442243,0.049708392622745824,572.2590548079783
ACC-10003171,CUS-20003171,Amelia Shah,44 Church Street,RG3 6ES,1975-10-06,48,2024-08-21,employed,55,service,homeowner_mortgage,43,7,0,29900.0,1838.42,154.82,874.8,808.8,0.0621,2500.0,home_improvement,16,verified,mobile,3,0,0,pass,pass,125,4,0.56,0,0,0,full,0,0,0,0,0,0,0,0,0,0,0,0,847,0,0,Known Good,0.0,Known good/bad,0,Known good,0.0,3.784189633918261,0.030505135001324547,586.9250609349419
ACC-10003174,CUS-20003174,Jack Patel,129 Mill View,SO13 8LU,1985-11-02,39,2024-12-28,unemployed,69,skilled,homeowner_outright,223,3,0,8300.0,527.46,311.32,99.67,116.47,0.4501,2300.0,debt_consolidation,54,verified,telephone,15,2,0,pass,pass,177,7,0.8135,2,0,0,full,0,0,0,0,0,0,0,0,0,0,0,0,853,0,0,Known Good,0.0,Known good/bad,0,Known good,1.0,5.4116460518550396,0.07786404307608812,558.4418823943724
ACC-10003181,CUS-20003181,Freya Clarke,55 Highfield Gardens,OX15 9VS,1994-01-05,30,2024-11-19,employed,63,service,private_tenant,117,3,1,24100.0,1526.06,242.74,829.03,454.29,0.1209,7100.0,car,37,partially_verified,mobile,4,1,0,pass,pass,81,8,0.583,1,0,1,full,0,0,0,0,0,0,0,0,0,0,0,0,684,0,0,Known Good,0.0,Known good/bad,0,Known good,0.0,4.770684624465665,0.031514291926006216,585.955928322957
ACC-10003182,CUS-20003182,Jack Morgan,195 Meadow Close,EH1 6YY,1973-10-01,50,2024-09-08,employed,93,administrative,homeowner_outright,5,4,1,24700.0,1566.73,588.07,60.25,918.41,0.2857,11700.0,debt_consolidation,100,verified,web,1,3,1,pass,pass,366,5,0.8124,3,0,0,partial,0,0,0,0,0,0,0,0,0,0,0,0,762,0,0,Known Good,0.0,Known good/bad,0,Known good,0.0,1.791759469228055,0.08752869807421125,554.7618995802482
ACC-10003187,CUS-20003187,Maya Taylor,168 Oak Road,M21 5EJ,1982-02-13,42,2024-09-21,employed,203,managerial,homeowner_mortgage,27,2,2,26900.0,1732.7,214.5,531.78,986.42,0.0957,9500.0,car,40,partially_verified,web,4,2,0,pass,pass,102,1,0.5543,2,0,0,full,0,0,0,0,0,0,0,0,0,0,0,0,788,0,0,Known Good,0.0,Known good/bad,0,Known good,0.0,3.332204510175204,0.04347879386949406,576.3111387813138
ACC-10003189,CUS-20003189,Isla Morgan,20 Park Avenue,B11 7GQ,1982-09-02,42,2024-11-30,unemployed,0,administrative,homeowner_mortgage,73,3,1,9000.0,557.87,340.44,527.63,-310.2,0.4539,14200.0,car,86,verified,web,23,1,0,refer,pass,238,3,0.4135,1,0,1,full,0,0,0,0,0,0,0,0,0,0,0,0,901,0,0,Known Good,0.0,Known good/bad,0,Known good,1.0,4.30406509320417,0.0601633200585121,566.431955928194
ACC-10003193,CUS-20003193,Adam Davies,83 Willow Drive,BS24 8PG,1980-06-19,44,2024-11-14,employed,54,not_working,homeowner_mortgage,10,4,0,35100.0,2374.68,179.95,862.62,1332.11,0.0615,17100.0,debt_consolidation,37,verified,branch,10,1,0,pass,pass,105,2,0.0808,1,0,0,full,0,0,0,0,0,0,0,0,0,0,0,0,934,0,0,Known Good,0.0,Known good/bad,0,Known good,0.0,2.3978952727983707,0.029725951077919338,587.6948244445045
ACC-10003199,CUS-20003199,Theo Patel,142 Park Avenue,LS20 4FJ,1986-05-12,38,2024-08-16,self_employed,19,skilled,social_tenant,35,3,2,32700.0,2012.53,165.1,1339.47,507.96,0.0606,10000.0,car,63,verified,mobile,14,0,0,pass,pass,226,2,0.1405,0,0,0,full,0,0,0,0,0,0,0,0,0,0,0,0,968,0,0,Known Good,0.0,Known good/bad,0,Known good,0.0,3.58351893845611,0.022501600398589176,595.9427726100016
ACC-10003200,CUS-20003200,Noah Evans,208 Oak Road,SO11 7NV,1972-06-15,52,2024-08-06,employed,120,administrative,living_with_family,95,2,0,34000.0,2233.98,131.73,812.34,1289.91,0.0465,6100.0,debt_consolidation,130,verified,web,22,4,0,pass,pass,288,3,0.7457,4,0,0,full,0,0,0,0,0,0,0,0,0,0,0,0,740,0,0,Known Good,0.0,Known good/bad,0,Known good,0.0,4.564348191467836,0.0519482501434355,570.919251265085
ACC-10003203,CUS-20003203,Isla Khan,93 Highfield Gardens,G28 9WQ,1970-07-14,54,2024-12-05,employed,44,professional,private_tenant,14,4,0,18900.0,1134.64,216.63,205.17,712.84,0.1375,13700.0,education,44,verified,web,15,2,0,pass,pass,232,3,0.0005,2,0,0,full,0,0,0,0,0,0,0,0,0,0,0,0,936,0,0,Known Good,0.0,Known good/bad,0,Known good,0.0,2.70805020110221,0.011822010872755894,614.8273474765007
ACC-10003208,CUS-20003208,George Taylor,152 Mill View,S19 4PT,1967-01-22,57,2024-11-24,employed,68,not_working,homeowner_outright,52,1,1,38700.0,2464.1,321.27,133.42,2009.41,0.0996,11200.0,debt_consolidation,92,verified,web,5,0,0,pass,refer,167,1,0.4699,0,0,0,full,0,0,0,0,0,0,0,0,0,0,0,0,833,0,0,Known Good,0.0,Known good/bad,0,Known good,0.0,3.970291913552122,0.028297672706931672,589.1580584668374
ACC-10003210,CUS-20003210,Amelia Morgan,89 Highfield Gardens,B19 1AL,1975-06-12,49,2024-11-11,self_employed,19,managerial,homeowner_mortgage,167,1,0,74900.0,4724.49,272.37,964.09,3488.03,0.0436,7000.0,car,18,verified,branch,17,0,0,refer,pass,285,4,0.676,0,0,2,full,0,0,0,0,0,0,0,0,0,0,0,0,728,0,0,Known Good,0.0,Known good/bad,0,Known good,0.0,5.123963979403259,0.02656440738112089,591.0332580567532
ACC-10003213,CUS-20003213,Maya Morgan,224 Meadow Close,M13 2FQ,1973-12-18,50,2024-07-20,employed,186,managerial,homeowner_mortgage,116,2,2,22200.0,1382.97,87.58,547.01,748.38,0.0473,4500.0,car,45,partially_verified,web,11,0,0,pass,pass,206,2,0.3262,0,0,0,partial,0,0,0,0,0,0,0,0,0,0,0,0,868,0,0,Known Good,0.0,Known good/bad,0,Known good,0.0,4.762173934797756,0.021338553929429273,597.5083872115445
ACC-10003216,CUS-20003216,Leo Lewis,202 Kingfisher Way,OX15 1JG,1987-03-28,37,2024-07-19,retired,120,service,living_with_family,98,3,0,14900.0,946.98,249.7,588.43,108.85,0.2011,8600.0,car,125,verified,mobile,17,2,0,pass,pass,202,2,0.0704,2,0,0,full,0,0,0,0,0,0,0,0,0,0,0,0,885,0,0,Known Good,0.0,Known good/bad,0,Known good,1.0,4.59511985013459,0.041845451829642305,577.4651891624857
ACC-10003217,CUS-20003217,Isla Roberts,150 Highfield Gardens,EH17 6EP,1990-10-06,34,2024-11-02,employed,133,service,social_tenant,36,3,0,40000.0,2572.73,84.99,612.3,1875.44,0.0255,8500.0,debt_consolidation,80,verified,mobile,20,1,1,pass,pass,161,5,0.2754,1,1,1,full,0,0,0,0,0,0,0,0,0,0,0,0,719,0,0,Known Good,0.0,Known good/bad,0,Known good,0.0,3.6109179126442243,0.047028912345567046,573.9391276578472
ACC-10003219,CUS-20003219,Amelia Clarke,99 Mill View,L16 5WN,2006-08-29,18,2024-10-15,part_time,107,managerial,private_tenant,12,4,0,15200.0,974.76,429.42,1083.99,-538.65,0.339,3700.0,debt_consolidation,60,verified,mobile,8,1,0,pass,pass,0,2,0.4345,1,0,0,none,0,0,0,0,0,0,0,0,0,0,0,0,757,0,0,Known Good,0.0,Known good/bad,0,Known good,1.0,2.5649493574615367,0.0740688978925631,560.0021776371464
ACC-10003226,CUS-20003226,Theo Evans,25 Station Lane,LS7 6LB,2004-11-26,20,2024-11-28,self_employed,131,service,living_with_family,125,2,2,16500.0,1033.84,341.62,1097.33,-405.11,0.2485,13500.0,debt_consolidation,62,verified,mobile,16,2,0,pass,pass,22,3,0.866,2,0,1,none,0,0,0,0,0,0,0,0,0,0,0,0,632,0,0,Known Good,0.0,Known good/bad,0,Known good,1.0,4.836281906951478,0.07713504879627572,558.7360981082513
ACC-10003233,CUS-20003233,Leo Foster,6 Station Lane,NG24 2TA,1996-07-29,28,2024-08-03,self_employed,20,skilled,private_tenant,54,2,0,19200.0,1157.06,140.08,585.61,431.37,0.0876,3700.0,debt_consolidation,91,verified,mobile,12,2,0,pass,pass,95,4,0.3205,2,0,0,partial,0,0,0,0,0,0,0,0,0,0,0,0,828,0,0,Known Good,0.0,Known good/bad,0,Known good,0.0,4.007333185232471,0.032226679946703,585.2897101042643
ACC-10003234,CUS-20003234,Sofia Evans,105 Mill View,PL12 6FE,1969-09-14,54,2024-09-01,employed,32,administrative,social_tenant,34,1,0,28100.0,1708.06,293.3,753.44,661.32,0.1253,4500.0,car,86,verified,branch,23,0,0,pass,pass,262,5,0.2226,0,0,0,partial,0,0,0,0,0,0,0,0,0,0,0,0,830,0,0,Known Good,0.0,Known good/bad,0,Known good,0.0,3.5553480614894135,0.025303638423436192,592.4735983678735
ACC-10003236,CUS-20003236,Freya Patel,211 Park Avenue,S18 8RJ,1992-09-01,32,2024-10-31,employed,102,skilled,private_tenant,62,2,1,52300.0,3185.77,177.33,673.04,2335.4,0.0407,12700.0,debt_consolidation,59,verified,web,6,1,0,fail,pass,62,1,0.2914,1,0,0,partial,0,0,0,0,0,0,0,0,0,0,0,0,862,0,0,Known Good,0.0,Known good/bad,0,Known good,0.0,4.143134726391533,0.026092862724864906,591.5640177367267
ACC-10003241,CUS-20003241,Ava Davies,205 Station Lane,S20 4PX,1973-11-07,51,2024-12-09,retired,124,service,living_with_family,31,3,0,21200.0,1329.67,201.51,800.24,327.92,0.1141,5900.0,home_improvement,20,verified,web,18,1,1,pass,fail,281,1,0.4545,1,0,0,full,0,0,0,0,0,0,0,0,0,0,0,0,842,0,0,Known Good,0.0,Known good/bad,0,Known good,0.0,3.4657359027997265,0.03496594606036109,582.8540243554532
ACC-10003245,CUS-20003245,Aisha Hughes,53 Kingfisher Way,M17 3XR,1993-01-20,31,2024-08-18,employed,103,managerial,social_tenant,55,3,2,22500.0,1428.14,197.41,1026.91,203.82,0.1053,12600.0,car,34,verified,web,2,0,0,pass,pass,79,3,0.3103,0,0,0,partial,0,0,0,0,0,0,0,0,0,0,0,0,839,0,0,Known Good,0.0,Known good/bad,0,Known good,0.0,4.02535169073515,0.02478318304267743,593.0886683365152
ACC-10003261,CUS-20003261,Noah Shah,4 Meadow Close,BS4 7FJ,1972-01-28,52,2024-09-14,employed,47,manual,private_tenant,68,2,1,48500.0,3115.66,532.51,882.33,1700.82,0.1318,8000.0,debt_consolidation,99,partially_verified,web,21,0,1,pass,pass,380,1,0.7137,0,0,0,full,0,0,0,0,0,0,0,0,0,0,0,0,838,0,0,Known Good,0.0,Known good/bad,0,Known good,0.0,4.23410650459726,0.033699030328530555,583.9567487010361
ACC-10003262,CUS-20003262,Maya Taylor,72 Kingfisher Way,NG5 7BP,1976-04-10,48,2024-08-24,employed,81,service,homeowner_mortgage,67,2,1,16200.0,1016.97,401.79,792.96,-177.78,0.2976,9700.0,debt_consolidation,19,verified,web,16,1,0,pass,pass,345,3,0.1942,1,0,0,full,0,0,0,0,0,0,0,0,0,0,0,0,850,0,0,Known Good,0.0,Known good/bad,0,Known good,1.0,4.219507705176107,0.04605292071155208,574.5737696651936
ACC-10003267,CUS-20003267,Theo Morgan,79 Meadow Close,G26 7EL,1989-07-19,35,2024-10-21,retired,165,managerial,homeowner_mortgage,112,3,3,36700.0,2367.39,996.37,473.29,897.73,0.3258,4000.0,other,20,partially_verified,mobile,5,2,0,pass,pass,85,3,0.5091,2,1,3,full,0,0,0,0,0,0,0,0,0,0,0,0,702,0,0,Known Good,0.0,Known good/bad,0,Known good,0.0,4.727387818712341,0.06632818358403231,563.4273084443666
ACC-10003269,CUS-20003269,Aisha Wilson,210 Meadow Close,RG29 1TA,1969-04-17,55,2024-08-23,part_time,62,administrative,private_tenant,27,1,0,36900.0,2362.19,238.84,585.88,1537.47,0.0777,1700.0,car,64,verified,web,2,2,0,refer,pass,174,2,0.6943,2,0,1,full,0,0,0,0,0,0,0,0,0,0,0,0,747,0,0,Known Good,0.0,Known good/bad,0,Known good,0.0,3.332204510175204,0.04791357355317706,573.3746005596889
ACC-10003278,CUS-20003278,Freya Clarke,118 Willow Drive,NE22 5VA,1976-05-28,48,2024-08-28,retired,64,professional,homeowner_mortgage,56,3,0,69900.0,4637.01,219.97,619.16,3797.88,0.0378,5900.0,debt_consolidation,58,verified,mobile,21,1,0,pass,pass,294,7,0.4084,1,1,1,full,0,0,0,0,0,0,0,0,0,0,0,0,755,0,0,Known Good,0.0,Known good/bad,0,Known good,0.0,4.04305126783455,0.04914496667612226,572.6050728873114
ACC-10003280,CUS-20003280,Amelia Morgan,28 Meadow Close,CF22 2BH,1996-04-14,28,2024-10-27,self_employed,85,professional,homeowner_mortgage,42,1,1,24200.0,1513.85,480.08,434.98,598.79,0.2381,4700.0,education,52,not_verified,web,20,1,0,pass,pass,75,3,0.1771,1,0,1,full,0,0,0,0,0,0,0,0,0,0,0,0,921,0,0,Known Good,0.0,Known good/bad,0,Known good,0.0,3.7612001156935624,0.010791414829957043,617.489252823185
ACC-10003284,CUS-20003284,Jack Khan,88 Station Lane,NE14 2NU,1975-06-10,49,2024-07-12,employed,17,service,social_tenant,43,2,0,28500.0,1786.82,149.36,1111.33,526.13,0.0629,6500.0,debt_consolidation,50,verified,branch,19,1,1,pass,pass,199,1,0.6743,1,0,0,partial,0,0,0,0,0,0,0,0,0,0,0,0,779,0,0,Known Good,0.0,Known good/bad,0,Known good,0.0,3.784189633918261,0.038115233883040084,580.2713649128827
ACC-10003287,CUS-20003287,Freya Jones,160 Highfield Gardens,NR14 6QR,1999-05-23,25,2024-12-07,employed,75,service,homeowner_outright,109,4,1,13400.0,828.81,113.99,78.65,636.17,0.1021,8300.0,debt_consolidation,94,verified,telephone,6,1,0,pass,pass,25,5,0.4582,1,0,0,full,0,0,0,0,0,0,0,0,0,0,0,0,852,0,0,Known Good,0.0,Known good/bad,0,Known good,0.0,4.700480365792417,0.02846696684913297,588.9809234515368
ACC-10003291,CUS-20003291,Amelia Green,45 Park Avenue,NR4 5PJ,1989-02-08,35,2024-11-02,employed,38,administrative,living_with_family,123,4,1,24700.0,1508.7,544.94,1226.32,-262.56,0.2647,16400.0,debt_consolidation,128,verified,web,15,1,0,pass,pass,137,5,0.4205,1,0,0,full,0,0,0,0,0,0,0,0,0,0,0,0,860,0,0,Known Good,0.0,Known good/bad,0,Known good,1.0,4.820281565605037,0.04881846482764248,572.807313721547
ACC-10003296,CUS-20003296,Sofia Khan,125 Station Lane,S21 7EB,1966-03-31,58,2024-08-15,part_time,78,managerial,homeowner_outright,30,2,2,41100.0,2553.73,312.31,55.13,2186.29,0.0912,4800.0,debt_consolidation,34,verified,web,0,1,0,pass,pass,445,7,0.4707,1,0,0,partial,0,0,0,0,0,0,0,0,0,0,0,0,780,0,0,Known Good,0.0,Known good/bad,0,Known good,0.0,3.4339872044851463,0.035021313677790315,582.8067156261334
ACC-10003301,CUS-20003301,Priya Bennett,35 Highfield Gardens,NR2 6DR,1983-02-06,41,2024-07-01,employed,67,managerial,homeowner_mortgage,43,6,1,27800.0,1752.59,339.45,919.98,493.16,0.1465,10700.0,major_purchase,52,partially_verified,mobile,18,2,0,refer,pass,188,2,0.5992,2,0,0,full,0,0,0,0,0,0,0,0,0,0,0,0,696,0,0,Known Good,0.0,Known good/bad,0,Known good,0.0,3.784189633918261,0.043438597700690446,576.3390390771876
ACC-10003305,CUS-20003305,Ava Davies,172 Mill View,L27 7EQ,1986-06-22,38,2024-07-22,self_employed,31,professional,homeowner_mortgage,158,5,0,17000.0,1040.25,888.01,670.75,-518.51,0.6268,5200.0,home_improvement,61,verified,mobile,20,1,1,pass,pass,189,4,0.2795,1,0,0,full,0,0,0,0,0,0,0,0,0,0,0,0,866,0,0,Known Good,0.0,Known good/bad,0,Known good,1.0,5.0689042022202315,0.054246269153554676,569.6002509911525
ACC-10003306,CUS-20003306,Aisha Khan,112 Victoria Road,LS27 4UD,1993-08-11,31,2024-10-23,unemployed,39,professional,private_tenant,57,1,0,11400.0,717.72,159.96,868.18,-310.42,0.1684,9800.0,debt_consolidation,23,partially_verified,web,19,1,0,pass,pass,142,2,0.1381,1,0,0,partial,0,0,0,0,0,0,0,0,0,0,0,0,901,0,0,Known Good,0.0,Known good/bad,0,Known good,1.0,4.060443010546419,0.04124062528031547,577.9034895552453
ACC-10003311,CUS-20003311,Adam Evans,98 Highfield Gardens,L25 8SN,1997-11-16,26,2024-07-02,employed,28,not_working,homeowner_outright,116,1,0,35400.0,2293.41,555.66,52.75,1685.0,0.1884,9200.0,major_purchase,77,verified,branch,16,1,0,refer,pass,75,2,0.4659,1,0,0,full,0,0,0,0,0,0,0,0,0,0,0,0,761,0,0,Known Good,0.0,Known good/bad,0,Known good,0.0,4.762173934797756,0.030175590693300454,587.2482691577536
ACC-10003312,CUS-20003312,George Foster,139 Meadow Close,LS2 9NL,1972-09-05,52,2024-09-07,employed,101,administrative,homeowner_mortgage,235,5,1,52200.0,3100.36,396.91,957.31,1746.14,0.0912,4100.0,other,76,verified,mobile,12,0,0,pass,pass,276,3,0.4756,0,0,1,none,0,0,0,0,0,0,0,0,0,0,0,0,825,0,0,Known Good,0.0,Known good/bad,0,Known good,0.0,5.4638318050256105,0.022148816039503336,596.40914491979
ACC-10003314,CUS-20003314,Amelia Jones,88 Station Lane,S14 3SS,1989-11-12,35,2024-12-12,employed,70,professional,private_tenant,11,1,0,51400.0,3307.01,204.8,1010.69,2091.52,0.0478,7000.0,education,68,partially_verified,web,19,0,1,pass,pass,112,1,0.3764,0,0,0,full,0,1,0,1,1,1,0,0,0,0,0,1,939,0,5,Known Bad,1.0,Known good/bad,1,Known bad,0.0,2.4849066497880004,0.011914130610925125,614.6006929874383
ACC-10003316,CUS-20003316,Ava Patel,194 Willow Drive,NR5 1QW,1974-05-10,50,2024-11-13,part_time,10,professional,homeowner_mortgage,162,3,1,41200.0,2809.46,420.7,1122.53,1266.23,0.1225,9800.0,debt_consolidation,113,verified,mobile,13,2,0,pass,pass,119,5,0.3217,2,0,0,full,0,0,0,0,0,0,0,0,0,0,0,0,864,0,0,Known Good,0.0,Known good/bad,0,Known good,0.0,5.093750200806762,0.027733263530737365,589.7561334570605
ACC-10003318,CUS-20003318,Priya Shah,210 Church Street,NG15 2NY,2003-03-06,21,2024-09-16,employed,54,professional,private_tenant,117,1,0,20100.0,1327.36,135.02,1031.96,160.38,0.0806,5400.0,debt_consolidation,111,verified,mobile,6,2,1,pass,pass,15,3,0.4335,2,0,0,full,1,1,1,0,1,1,1,1,0,0,1,1,825,0,9,Known Bad,1.0,Known good/bad,1,Known bad,0.0,4.770684624465665,0.031004610978294385,586.4415783579989
ACC-10003325,CUS-20003325,Amelia Patel,122 Mill View,LS1 5QR,1972-06-18,52,2024-11-23,self_employed,42,not_working,private_tenant,5,1,0,47800.0,3054.2,557.49,680.11,1816.6,0.14,6900.0,debt_consolidation,43,verified,mobile,12,1,0,pass,pass,364,1,0.2467,1,0,0,full,0,0,0,0,0,0,0,0,0,0,0,0,865,0,0,Known Good,0.0,Known good/bad,0,Known good,0.0,1.791759469228055,0.039561899068991525,579.1530572273515
ACC-10003326,CUS-20003326,George Morgan,197 Park Avenue,L19 8TV,1977-07-08,47,2024-12-24,unemployed,20,professional,private_tenant,113,2,0,14000.0,913.63,97.01,347.04,469.58,0.0832,4100.0,debt_consolidation,65,verified,branch,16,0,1,pass,pass,313,4,0.2078,0,0,1,partial,0,0,0,0,0,0,0,0,0,0,0,0,809,0,0,Known Good,0.0,Known good/bad,0,Known good,0.0,4.736198448394496,0.01999540351297755,599.4238405109079
ACC-10003327,CUS-20003327,Isla Shah,193 Mill View,RG13 1NH,1991-07-01,33,2024-08-04,employed,92,skilled,homeowner_outright,41,1,2,39100.0,2515.4,153.37,136.18,2225.85,0.0471,3600.0,major_purchase,16,verified,web,20,1,0,pass,pass,99,5,0.2982,1,0,1,full,0,0,0,0,0,0,0,0,0,0,0,0,868,0,0,Known Good,0.0,Known good/bad,0,Known good,0.0,3.7376696182833684,0.028153962751726217,589.3092336177896
ACC-10003332,CUS-20003332,Aisha Lewis,76 Meadow Close,PL3 7TV,1977-03-19,47,2024-12-22,self_employed,46,not_working,homeowner_mortgage,60,2,0,15500.0,959.93,213.39,752.56,-6.02,0.1652,6700.0,major_purchase,76,verified,branch,21,2,0,pass,pass,183,3,0.3053,2,0,0,full,0,0,0,0,0,0,0,0,0,0,0,0,799,0,0,Known Good,0.0,Known good/bad,0,Known good,1.0,4.110873864173311,0.0529744703397188,570.3235593019658
ACC-10003337,CUS-20003337,Isla Patel,22 Willow Drive,M9 4GX,1976-01-06,48,2024-11-04,employed,37,administrative,homeowner_outright,60,4,0,28900.0,1786.79,718.27,128.31,940.21,0.2982,19500.0,major_purchase,99,verified,web,23,1,1,pass,pass,235,1,0.5533,1,0,0,full,1,0,0,1,1,0,0,0,0,0,0,1,901,0,4,Known Bad,1.0,Known good/bad,1,Known bad,0.0,4.110873864173311,0.038872357405911794,579.6811068748009
ACC-10003339,CUS-20003339,Jack Evans,246 Station Lane,L5 7BT,1964-12-22,59,2024-12-14,employed,79,manual,homeowner_outright,27,3,1,19600.0,1240.11,126.2,48.78,1065.13,0.0773,6700.0,car,49,partially_verified,branch,4,0,0,refer,pass,378,5,0.4568,0,0,0,full,0,0,0,0,0,0,0,0,0,0,0,0,886,0,0,Known Good,0.0,Known good/bad,0,Known good,0.0,3.332204510175204,0.030564209719118263,586.8674797263965
ACC-10003343,CUS-20003343,Sofia Evans,233 Oak Road,B14 3HE,1983-08-25,41,2024-10-25,employed,36,manual,homeowner_mortgage,25,3,0,22200.0,1498.13,254.27,580.15,663.71,0.1374,15700.0,debt_consolidation,61,verified,mobile,1,2,0,pass,pass,246,2,0.229,2,0,0,full,0,0,0,0,0,0,0,0,0,0,0,0,833,0,0,Known Good,0.0,Known good/bad,0,Known good,0.0,3.258096538021482,0.03505323095923671,582.7794767221092
ACC-10003344,CUS-20003344,Noah Jones,132 Highfield Gardens,NR8 4JY,1981-09-06,43,2024-12-01,employed,113,manual,private_tenant,90,1,0,21800.0,1262.86,108.23,670.83,483.8,0.0596,7100.0,debt_consolidation,99,verified,web,13,2,0,refer,pass,147,1,0.4148,2,0,1,full,0,0,0,0,0,0,0,0,0,0,0,0,760,0,0,Known Good,0.0,Known good/bad,0,Known good,0.0,4.51085950651685,0.031382049365549405,586.0812015170294
ACC-10003354,CUS-20003354,Theo Roberts,90 Park Avenue,NE2 9DX,1979-10-13,44,2024-09-05,self_employed,58,professional,private_tenant,26,2,0,28500.0,1771.82,48.26,790.56,933.0,0.0203,2500.0,debt_consolidation,163,verified,web,5,2,0,pass,pass,302,5,0.2172,2,0,0,full,0,0,0,0,0,0,0,0,0,0,0,0,765,0,0,Known Good,0.0,Known good/bad,0,Known good,0.0,3.295836866004329,0.031734336315165236,585.7486033875048
ACC-10003357,CUS-20003357,Oliver Khan,125 Highfield Gardens,S10 4NS,1999-03-24,25,2024-09-29,part_time,24,skilled,homeowner_mortgage,102,2,0,39600.0,2598.24,225.32,1205.86,1167.06,0.0683,4200.0,car,124,partially_verified,web,4,1,1,pass,pass,31,4,0.7955,1,0,0,partial,0,0,0,0,0,0,0,0,0,0,0,0,754,0,0,Known Good,0.0,Known good/bad,0,Known good,0.0,4.634728988229636,0.03672654859294672,581.3838797119671
ACC-10003358,CUS-20003358,Jack Jones,218 Station Lane,OX14 1YE,1971-06-11,53,2024-12-08,employed,40,service,private_tenant,147,3,0,26600.0,1653.09,244.12,773.59,635.38,0.1101,6000.0,debt_consolidation,86,verified,mobile,21,3,0,pass,pass,238,5,0.2586,3,0,0,none,0,0,0,0,0,0,0,0,0,0,0,0,783,0,0,Known Good,0.0,Known good/bad,0,Known good,0.0,4.997212273764115,0.03029723732142016,587.1285650587088
ACC-10003361,CUS-20003361,Theo Wilson,148 Mill View,SO18 3RD,1986-07-23,38,2024-12-05,employed,29,manual,homeowner_mortgage,75,1,0,8000.0,489.45,198.32,656.7,-365.57,0.2975,14200.0,education,99,verified,mobile,0,2,0,pass,pass,79,5,0.5649,2,0,0,full,0,0,0,0,0,0,0,0,0,0,0,0,893,0,0,Known Good,0.0,Known good/bad,0,Known good,1.0,4.330733340286331,0.025995820296218358,591.6744037667283
ACC-10003363,CUS-20003363,Aisha Green,166 Kingfisher Way,NR16 4FQ,1965-05-06,59,2024-08-17,part_time,28,not_working,social_tenant,31,4,0,12000.0,769.24,187.02,831.83,-249.61,0.187,3800.0,education,15,verified,web,9,2,1,pass,pass,448,1,0.3381,2,1,1,full,0,0,0,0,0,0,0,0,0,0,0,0,797,0,0,Known Good,0.0,Known good/bad,0,Known good,1.0,3.4657359027997265,0.039125825958840954,579.4859644042184
ACC-10003370,CUS-20003370,Noah Green,87 Willow Drive,BS5 1AW,2000-08-10,23,2024-08-05,employed,190,managerial,homeowner_mortgage,62,1,2,59900.0,3829.17,217.33,959.16,2652.68,0.0435,18000.0,major_purchase,106,verified,mobile,17,4,1,pass,pass,34,3,0.0672,4,0,0,full,0,0,0,0,0,0,0,0,0,0,0,0,887,0,0,Known Good,0.0,Known good/bad,0,Known good,0.0,4.143134726391533,0.03248628938477082,585.0504608770348
ACC-10003371,CUS-20003371,Daniel Clarke,187 Willow Drive,RG7 8WY,1996-06-10,28,2024-07-19,part_time,29,professional,living_with_family,30,3,0,67800.0,4295.68,198.16,724.45,3373.07,0.0351,6600.0,home_improvement,77,verified,web,9,1,0,pass,pass,60,5,0.4113,1,0,0,full,0,0,0,0,0,0,0,0,0,0,0,0,894,0,0,Known Good,0.0,Known good/bad,0,Known good,0.0,3.4339872044851463,0.03208914114414211,585.4172182959992
ACC-10003374,CUS-20003374,Noah Evans,156 Church Street,S1 9AP,1983-10-24,41,2024-11-05,self_employed,209,skilled,private_tenant,40,1,0,51500.0,3368.85,214.37,539.42,2615.06,0.05,10300.0,debt_consolidation,44,not_verified,mobile,8,2,0,pass,pass,264,4,0.5335,2,0,0,full,0,0,0,0,0,0,0,0,0,0,0,0,833,0,0,Known Good,0.0,Known good/bad,0,Known good,0.0,3.713572066704308,0.03894737081074699,579.6232280494753
ACC-10003375,CUS-20003375,Isla Shah,198 Church Street,RG5 9VG,1987-09-04,37,2024-09-25,employed,19,not_working,homeowner_mortgage,46,1,1,31500.0,2037.44,203.05,1098.66,735.73,0.0774,7600.0,car,25,verified,branch,3,0,0,pass,fail,174,7,0.4932,0,0,0,partial,0,0,0,0,0,0,0,0,0,0,0,0,818,0,0,Known Good,0.0,Known good/bad,0,Known good,0.0,3.8501476017100584,0.02893081905404014,588.500776345683
ACC-10003381,CUS-20003381,Theo Taylor,197 Meadow Close,CF23 7DU,1972-08-04,51,2024-08-02,employed,35,manual,homeowner_mortgage,6,4,0,9900.0,598.26,282.46,1054.83,-739.03,0.3424,8900.0,debt_consolidation,102,verified,web,0,0,1,pass,pass,295,4,0.4893,0,0,1,full,0,0,0,0,0,0,0,0,0,0,0,0,807,0,0,Known Good,0.0,Known good/bad,0,Known good,1.0,1.9459101490553132,0.07511082275287732,559.5666322424265
ACC-10003382,CUS-20003382,Isla Davies,4 Kingfisher Way,NG28 5BL,1972-07-27,52,2024-12-12,employed,46,not_working,homeowner_mortgage,79,1,4,49400.0,3198.19,598.6,1058.46,1541.13,0.1454,6200.0,debt_consolidation,13,verified,web,7,1,0,pass,fail,315,3,0.1518,1,0,0,full,0,0,0,0,0,0,0,0,0,0,0,0,863,0,0,Known Good,0.0,Known good/bad,0,Known good,0.0,4.382026634673881,0.02420446352633031,593.7875534169432
ACC-10003386,CUS-20003386,Noah Evans,68 Willow Drive,LS27 9JV,1978-06-11,46,2024-09-12,employed,50,manual,homeowner_outright,83,4,0,31300.0,2031.51,257.59,86.64,1687.28,0.0988,2600.0,car,17,not_verified,web,0,2,1,pass,pass,120,1,0.6758,2,0,1,full,0,0,0,0,0,0,0,0,0,0,0,0,782,0,0,Known Good,0.0,Known good/bad,0,Known good,0.0,4.430816798843313,0.04021263589443285,578.6627563689085
ACC-10003389,CUS-20003389,Jack Green,5 Oak Road,M9 8UU,1998-02-04,26,2024-09-13,employed,21,not_working,private_tenant,66,2,0,25800.0,1665.23,128.7,751.16,785.37,0.0599,9900.0,car,78,partially_verified,mobile,5,2,0,pass,pass,53,1,0.2341,2,0,0,partial,0,0,0,0,0,0,0,0,0,0,0,0,827,0,0,Known Good,0.0,Known good/bad,0,Known good,0.0,4.204692619390966,0.02855893717511729,588.8851217046583
ACC-10003391,CUS-20003391,Priya Bennett,18 Meadow Close,PL2 1JB,1984-09-06,39,2024-07-06,employed,52,administrative,homeowner_outright,103,2,2,43100.0,2743.77,220.86,10.22,2512.69,0.0615,2700.0,major_purchase,37,verified,web,19,0,0,pass,pass,220,4,0.247,0,0,1,partial,0,0,0,0,0,0,0,0,0,0,0,0,816,0,0,Known Good,0.0,Known good/bad,0,Known good,0.0,4.6443908991413725,0.020621832472278858,598.5153080656644
ACC-10003392,CUS-20003392,Amelia Lewis,245 Meadow Close,NG20 4PR,1957-02-11,67,2024-07-09,employed,72,administrative,living_with_family,142,2,1,13600.0,872.4,320.87,634.98,-83.45,0.2831,11900.0,major_purchase,64,verified,web,12,0,0,pass,pass,247,5,0.277,0,0,1,full,0,0,0,0,0,0,0,0,0,0,0,0,857,0,0,Known Good,0.0,Known good/bad,0,Known good,1.0,4.962844630259907,0.037913310162858864,580.4306875729924
ACC-10003395,CUS-20003395,Jack Khan,127 Victoria Road,NR16 4AD,1983-10-08,41,2024-10-21,employed,145,managerial,homeowner_mortgage,13,1,0,20200.0,1279.52,126.69,225.64,927.19,0.0753,4200.0,other,60,partially_verified,web,1,1,0,pass,pass,241,2,0.2137,1,0,0,full,0,0,0,0,0,0,0,0,0,0,0,0,832,0,0,Known Good,0.0,Known good/bad,0,Known good,0.0,2.6390573296152584,0.032097374468748385,585.4095705676142
ACC-10003397,CUS-20003397,Oliver Hughes,104 Kingfisher Way,OX7 2AE,1979-08-25,45,2024-12-20,employed,49,managerial,homeowner_mortgage,17,1,0,44000.0,2687.87,168.76,565.35,1953.76,0.046,2800.0,car,21,verified,branch,2,1,0,pass,pass,249,4,0.3313,1,0,1,partial,0,0,0,0,0,0,0,0,0,0,0,0,791,0,0,Known Good,0.0,Known good/bad,0,Known good,0.0,2.8903717578961645,0.0331366939771305,584.4590833917224
ACC-10003400,CUS-20003400,Ava Morgan,215 Highfield Gardens,S19 8YA,1970-07-19,54,2024-11-03,employed,38,professional,private_tenant,70,2,0,34800.0,2302.85,446.67,752.41,1103.77,0.154,6100.0,debt_consolidation,104,verified,web,18,2,0,pass,pass,283,5,0.6466,2,0,0,full,0,0,0,0,0,0,0,0,0,0,0,0,820,0,0,Known Good,0.0,Known good/bad,0,Known good,0.0,4.2626798770413155,0.04198832923739835,577.3625350725048
ACC-10003404,CUS-20003404,Noah Evans,76 Highfield Gardens,LS16 6QQ,1981-01-10,43,2024-11-27,employed,102,service,homeowner_mortgage,48,2,0,25400.0,1636.1,38.58,823.47,774.05,0.0182,3600.0,debt_consolidation,34,verified,mobile,1,4,0,pass,refer,101,6,0.0,4,0,1,full,0,0,0,0,0,0,0,0,0,0,0,0,793,0,0,Known Good,0.0,Known good/bad,0,Known good,0.0,3.8918202981106265,0.03149516820153523,585.9740127085544
ACC-10003412,CUS-20003412,Theo Green,193 Church Street,BS1 2HQ,1988-11-15,35,2024-09-13,unemployed,55,not_working,private_tenant,58,3,1,9900.0,619.86,968.17,1123.54,-1471.85,1.1735,5500.0,car,63,verified,mobile,16,0,0,pass,pass,202,4,0.7136,0,1,1,full,0,0,0,0,0,0,0,0,0,0,0,0,861,0,0,Known Good,0.0,Known good/bad,0,Known good,1.0,4.07753744390572,0.17949354556785546,530.9745305181241
ACC-10003413,CUS-20003413,Jack Davies,3 Willow Drive,NE11 7JE,1967-12-14,57,2024-12-16,self_employed,88,managerial,private_tenant,11,1,1,21800.0,1427.26,174.19,438.34,814.73,0.0959,18100.0,major_purchase,84,not_verified,web,9,2,0,pass,pass,240,2,0.5907,2,0,0,full,0,0,0,0,0,0,0,0,0,0,0,0,758,0,0,Known Good,0.0,Known good/bad,0,Known good,0.0,2.4849066497880004,0.05120974523579619,571.3548543002707
ACC-10003419,CUS-20003419,Aisha Evans,131 Victoria Road,BS16 4PP,1998-03-04,26,2024-08-31,employed,118,skilled,private_tenant,33,1,0,56600.0,3448.37,504.78,464.16,2479.43,0.107,8100.0,other,19,verified,web,13,1,1,pass,pass,96,1,0.4873,1,0,0,full,0,0,0,0,0,0,0,0,0,0,0,0,780,0,0,Known Good,0.0,Known good/bad,0,Known good,0.0,3.5263605246161616,0.035358355894359296,582.5202761031188
ACC-10003421,CUS-20003421,Sofia Foster,228 Highfield Gardens,RG20 8BB,1984-02-25,40,2024-10-13,self_employed,40,service,homeowner_mortgage,65,4,0,36900.0,2424.98,146.37,1037.78,1240.83,0.0476,12900.0,car,185,partially_verified,web,7,0,0,refer,pass,138,2,0.8095,0,0,0,full,0,0,0,0,0,0,0,0,0,0,0,0,786,0,0,Known Good,0.0,Known good/bad,0,Known good,0.0,4.189654742026425,0.034480653832168036,583.2717988090967
ACC-10003423,CUS-20003423,George Bennett,165 Station Lane,NG1 6XF,1977-01-31,47,2024-09-10,employed,44,managerial,homeowner_outright,72,2,1,76800.0,4865.32,727.73,24.96,4112.63,0.1137,2100.0,debt_consolidation,86,partially_verified,mobile,0,4,0,pass,pass,190,0,0.284,4,0,0,full,0,0,0,0,0,0,0,0,0,0,0,0,801,0,0,Known Good,0.0,Known good/bad,0,Known good,0.0,4.290459441148391,0.03961313728951176,579.1141721864708
ACC-10003435,CUS-20003435,Priya Green,22 Kingfisher Way,SO18 7TQ,1972-01-13,52,2024-11-27,unemployed,0,manual,homeowner_outright,182,2,0,11300.0,723.94,439.52,45.05,239.37,0.4667,5800.0,car,26,verified,web,8,0,0,pass,pass,361,3,0.8787,0,0,0,full,0,0,0,0,0,0,0,0,0,0,0,0,731,0,0,Known Good,0.0,Known good/bad,0,Known good,0.0,5.209486152841421,0.04168902204799596,577.577965425197
ACC-10003438,CUS-20003438,Noah Taylor,146 Willow Drive,B29 2DP,1989-11-08,35,2024-12-30,employed,73,professional,homeowner_outright,41,4,0,34600.0,2138.13,537.1,66.85,1534.18,0.1863,15300.0,major_purchase,58,verified,mobile,21,0,1,pass,pass,141,3,0.4073,0,0,0,full,0,0,0,0,0,0,0,0,0,0,0,0,791,0,0,Known Good,0.0,Known good/bad,0,Known good,0.0,3.7376696182833684,0.029755972941323452,587.6648052174342
ACC-10003448,CUS-20003448,George Wilson,41 Willow Drive,L25 8LQ,1981-05-24,43,2024-09-09,employed,45,managerial,private_tenant,62,3,1,39800.0,2408.24,529.38,828.57,1050.29,0.1596,10400.0,home_improvement,130,verified,branch,6,2,1,pass,pass,147,2,0.1886,2,0,1,full,1,0,0,0,1,1,0,0,0,0,1,0,874,0,4,Known Bad,1.0,Known good/bad,1,Known bad,0.0,4.143134726391533,0.02988793245540378,587.5332044537979
ACC-10003450,CUS-20003450,Amelia Wilson,211 Highfield Gardens,M27 1SL,1989-04-25,35,2024-08-04,employed,10,skilled,homeowner_mortgage,55,2,2,32500.0,2088.26,720.59,572.68,794.99,0.2661,3200.0,debt_consolidation,39,verified,mobile,20,2,1,refer,pass,129,3,0.3159,2,0,0,full,0,0,0,0,0,0,0,0,0,0,0,0,853,0,0,Known Good,0.0,Known good/bad,0,Known good,0.0,4.02535169073515,0.03638435592680136,581.6642289648571
ACC-10003452,CUS-20003452,Daniel Hughes,32 Kingfisher Way,NE12 5UB,1971-06-15,53,2024-07-31,self_employed,71,administrative,homeowner_mortgage,51,1,1,11900.0,760.87,335.51,626.36,-201.0,0.3383,6500.0,education,97,partially_verified,mobile,23,0,0,pass,pass,247,3,0.4922,0,1,1,full,0,0,0,0,0,0,0,0,0,0,0,0,780,0,0,Known Good,0.0,Known good/bad,0,Known good,1.0,3.9512437185814275,0.035050477697281514,582.7818254737392
ACC-10003457,CUS-20003457,Theo Evans,41 Highfield Gardens,B6 6DJ,1993-02-24,31,2024-12-30,employed,59,administrative,homeowner_mortgage,65,1,1,24700.0,1511.36,93.06,180.0,1238.3,0.0452,15400.0,major_purchase,32,verified,branch,14,0,0,pass,pass,56,4,0.3784,0,0,0,full,0,0,0,0,0,0,0,0,0,0,0,0,888,0,0,Known Good,0.0,Known good/bad,0,Known good,0.0,4.189654742026425,0.02439779664708392,593.5522811382767
ACC-10003458,CUS-20003458,Maya Davies,44 Victoria Road,LS19 9FN,1982-10-01,41,2024-09-23,employed,33,managerial,living_with_family,29,3,0,58100.0,3739.15,88.19,1147.91,2503.05,0.0182,5100.0,home_improvement,22,verified,web,9,1,1,refer,pass,141,2,0.355,1,0,1,partial,0,0,0,0,0,0,0,0,0,0,0,0,824,0,0,Known Good,0.0,Known good/bad,0,Known good,0.0,3.4011973816621555,0.03047271934122833,586.9567029787607
ACC-10003462,CUS-20003462,Theo Clarke,7 Park Avenue,G3 8AN,1998-06-14,26,2024-12-20,employed,86,professional,homeowner_mortgage,85,2,2,27400.0,1830.06,264.0,564.64,1001.42,0.1156,8800.0,major_purchase,53,verified,mobile,2,1,0,refer,pass,42,2,0.4711,1,0,0,full,0,0,0,0,0,0,0,0,0,0,0,0,839,0,0,Known Good,0.0,Known good/bad,0,Known good,0.0,4.454347296253507,0.03022642733379505,587.1981875461338
ACC-10003469,CUS-20003469,Priya Morgan,160 Kingfisher Way,B16 5GV,1972-10-19,52,2024-12-16,employed,35,administrative,private_tenant,26,1,0,44100.0,2574.71,135.23,294.61,2144.87,0.0368,24300.0,major_purchase,85,verified,mobile,6,2,1,pass,pass,327,3,0.3799,2,0,0,partial,0,0,0,0,0,0,0,0,0,0,0,0,837,0,0,Known Good,0.0,Known good/bad,0,Known good,0.0,3.295836866004329,0.036541930327225594,581.5348187926196
ACC-10003474,CUS-20003474,Adam Khan,148 Willow Drive,BS5 1DL,1985-01-02,39,2024-10-19,employed,81,not_working,homeowner_mortgage,169,1,0,33600.0,2132.13,225.2,679.2,1227.73,0.0804,5600.0,major_purchase,48,verified,mobile,10,3,0,pass,pass,221,4,0.6444,3,0,0,full,1,1,0,0,0,1,1,1,0,1,0,0,806,0,6,Known Bad,1.0,Known good/bad,1,Known bad,0.0,5.135798437050262,0.03939652501298394,579.278891017608
ACC-10003478,CUS-20003478,George Bennett,70 Meadow Close,NG16 9VT,1970-12-22,53,2024-09-02,employed,30,not_working,private_tenant,64,1,5,36900.0,2304.59,325.64,1316.08,662.87,0.1059,3900.0,debt_consolidation,68,partially_verified,web,22,1,0,pass,pass,403,5,0.6762,1,0,1,full,0,0,0,0,0,0,0,0,0,0,0,0,765,0,0,Known Good,0.0,Known good/bad,0,Known good,0.0,4.174387269895637,0.03696694674340944,581.1884266021636
ACC-10003479,CUS-20003479,Theo Clarke,145 Mill View,G24 5LN,1981-09-28,42,2024-08-06,part_time,26,professional,homeowner_mortgage,12,1,1,37800.0,2385.48,413.49,1026.01,945.98,0.1313,1800.0,debt_consolidation,45,verified,telephone,9,1,1,pass,pass,271,7,0.2659,1,0,1,partial,0,0,0,0,0,0,0,0,0,0,0,0,857,0,0,Known Good,0.0,Known good/bad,0,Known good,0.0,2.5649493574615367,0.035247177607698854,582.6144705025804
ACC-10003482,CUS-20003482,Jack Roberts,141 Park Avenue,NR17 7RR,1988-11-05,36,2024-12-24,employed,48,not_working,homeowner_mortgage,22,5,1,29500.0,1892.58,149.94,524.48,1218.16,0.061,13800.0,debt_consolidation,25,partially_verified,web,9,0,1,pass,pass,174,2,0.4189,0,0,0,full,0,0,0,0,0,0,0,0,0,0,0,0,847,0,0,Known Good,0.0,Known good/bad,0,Known good,0.0,3.1354942159291497,0.030258543163703903,587.16659074679
ACC-10003489,CUS-20003489,Leo Patel,248 Kingfisher Way,OX18 5FY,1997-12-29,26,2024-07-02,employed,49,not_working,private_tenant,132,3,0,43200.0,2754.95,485.72,592.45,1676.78,0.1349,6100.0,debt_consolidation,113,not_verified,telephone,3,0,0,pass,pass,87,6,0.1914,0,1,2,full,0,0,0,0,0,0,0,0,0,0,0,0,803,0,0,Known Good,0.0,Known good/bad,0,Known good,0.0,4.890349128221754,0.03400370156252754,583.6879552539489
ACC-10003490,CUS-20003490,Noah Roberts,69 Meadow Close,SO24 9GT,1986-06-12,38,2024-10-19,employed,29,professional,private_tenant,69,2,1,22900.0,1483.17,224.54,910.44,348.19,0.1177,14000.0,major_purchase,10,partially_verified,branch,0,1,0,fail,pass,75,2,0.1111,1,1,1,full,0,0,0,0,0,0,0,0,0,0,0,0,813,0,0,Known Good,0.0,Known good/bad,0,Known good,0.0,4.248495242049359,0.03984334172345102,578.9400613074786
ACC-10003498,CUS-20003498,Daniel Khan,233 Kingfisher Way,PL10 7XQ,1958-10-03,65,2024-09-07,employed,198,service,social_tenant,64,1,1,84900.0,5485.22,508.83,767.26,4209.13,0.0719,11300.0,education,129,verified,branch,19,3,0,pass,pass,304,1,0.5685,3,0,1,full,0,0,0,0,0,0,0,0,0,0,0,0,655,0,0,Known Good,0.0,Known good/bad,0,Known good,0.0,4.174387269895637,0.01603717010477992,605.9051226828377
ACC-10003502,CUS-20003502,Amelia Davies,10 Highfield Gardens,CF24 1AG,1990-03-29,34,2024-10-15,employed,33,administrative,private_tenant,88,2,1,58400.0,3604.3,155.03,1210.92,2238.35,0.0319,7700.0,home_improvement,13,not_verified,mobile,0,2,0,pass,refer,103,5,0.2452,2,0,0,partial,0,0,0,0,0,0,0,0,0,0,0,0,821,0,0,Known Good,0.0,Known good/bad,0,Known good,0.0,4.48863636973214,0.026963406019746165,590.5912643730494
ACC-10003508,CUS-20003508,Adam Morgan,212 Kingfisher Way,SO18 9PH,1980-12-15,43,2024-11-18,employed,76,manual,homeowner_mortgage,60,1,1,17200.0,1074.12,95.79,750.98,227.35,0.0668,5700.0,debt_consolidation,45,verified,mobile,13,2,0,pass,pass,235,2,0.8699,2,0,0,full,0,0,0,0,0,0,0,0,0,0,0,0,745,0,0,Known Good,0.0,Known good/bad,0,Known good,0.0,4.110873864173311,0.04819274255616246,573.1985091132245
ACC-10003509,CUS-20003509,Leo Morgan,15 Kingfisher Way,BS16 2TY,1986-07-15,38,2024-08-25,employed,27,professional,homeowner_mortgage,199,4,1,19900.0,1322.23,181.85,300.91,839.47,0.1097,3400.0,debt_consolidation,157,verified,web,18,0,0,pass,pass,155,4,0.3833,0,0,1,full,0,0,0,0,0,0,0,0,0,0,0,0,810,0,0,Known Good,0.0,Known good/bad,0,Known good,0.0,5.298317366548036,0.021413849732857353,597.4045317281057
ACC-10003510,CUS-20003510,Noah Lewis,31 Park Avenue,OX5 1UX,1994-11-01,29,2024-07-19,employed,74,managerial,homeowner_mortgage,85,1,0,59600.0,3737.14,272.28,903.41,2561.45,0.0548,1100.0,debt_consolidation,12,verified,mobile,6,3,0,pass,pass,98,3,0.3268,3,0,0,full,0,0,0,0,0,0,0,0,0,0,0,0,843,0,0,Known Good,0.0,Known good/bad,0,Known good,0.0,4.454347296253507,0.03356597129560692,584.0748753728486
ACC-10003511,CUS-20003511,Theo Patel,209 Church Street,B3 3NA,1981-08-05,43,2024-08-28,employed,27,professional,private_tenant,158,2,0,61000.0,3883.21,110.03,283.99,3489.19,0.0216,17300.0,debt_consolidation,153,verified,mobile,23,2,0,pass,pass,291,3,0.4255,2,1,1,full,0,0,0,0,0,0,0,0,0,0,0,0,712,0,0,Known Good,0.0,Known good/bad,0,Known good,0.0,5.0689042022202315,0.04760316699091452,573.5715434115538
ACC-10003513,CUS-20003513,Maya Hughes,52 Mill View,BS7 1DP,1969-12-27,54,2024-10-12,employed,137,professional,homeowner_outright,9,2,2,36400.0,2294.59,562.66,35.18,1696.75,0.1855,4500.0,debt_consolidation,42,verified,mobile,10,4,1,pass,pass,220,1,0.4439,4,0,0,full,0,0,0,0,0,0,0,0,0,0,0,0,792,0,0,Known Good,0.0,Known good/bad,0,Known good,0.0,2.302585092994046,0.0647074149968845,564.1911722207118
ACC-10003526,CUS-20003526,Isla Khan,102 Oak Road,NG28 9PJ,1977-08-18,46,2024-07-30,employed,2,manual,homeowner_mortgage,79,5,1,27600.0,1759.69,433.97,716.87,608.85,0.1887,9500.0,debt_consolidation,20,partially_verified,mobile,11,2,0,pass,pass,331,5,0.4054,2,0,0,full,0,0,0,0,0,0,0,0,0,0,0,0,807,0,0,Known Good,0.0,Known good/bad,0,Known good,0.0,4.382026634673881,0.03489043348250336,582.9186624114352
ACC-10003541,CUS-20003541,Theo Davies,13 Church Street,BS6 9WR,1986-07-02,38,2024-12-27,unemployed,0,manual,homeowner_outright,64,4,1,12600.0,735.06,105.5,141.87,487.69,0.1005,7600.0,debt_consolidation,73,partially_verified,web,10,1,0,pass,pass,73,2,0.7548,1,0,0,full,0,0,0,0,0,0,0,0,0,0,0,0,794,0,0,Known Good,0.0,Known good/bad,0,Known good,0.0,4.174387269895637,0.03918703276584874,579.439023811057
ACC-10003544,CUS-20003544,Priya Taylor,4 Kingfisher Way,NG25 3BP,1973-03-21,51,2024-12-12,employed,82,administrative,homeowner_mortgage,47,5,0,38700.0,2422.43,68.57,1074.66,1279.2,0.0213,9700.0,car,190,partially_verified,web,1,1,0,pass,pass,306,4,0.2019,1,0,0,full,0,0,0,0,0,0,0,0,0,0,0,0,845,0,0,Known Good,0.0,Known good/bad,0,Known good,0.0,3.871201010907891,0.025033833758558253,592.7908962601922
ACC-10003549,CUS-20003549,Adam Taylor,121 Meadow Close,SO9 9DP,1997-12-26,26,2024-12-19,employed,53,administrative,homeowner_mortgage,13,3,0,75800.0,4701.89,58.13,633.63,4010.13,0.0092,6000.0,home_improvement,63,verified,mobile,23,1,0,pass,pass,79,0,0.3541,1,0,0,full,0,0,0,0,0,0,0,0,0,0,0,0,864,0,0,Known Good,0.0,Known good/bad,0,Known good,0.0,2.6390573296152584,0.034225960248927684,583.4933314121793
ACC-10003554,CUS-20003554,Noah Evans,187 Station Lane,B15 3EY,1990-09-13,33,2024-08-23,employed,93,not_working,private_tenant,43,3,0,35900.0,2190.6,487.3,239.72,1463.58,0.1629,5000.0,debt_consolidation,124,verified,branch,3,0,0,pass,pass,103,3,0.3885,0,0,0,full,0,0,0,0,0,0,0,0,0,0,0,0,829,0,0,Known Good,0.0,Known good/bad,0,Known good,0.0,3.784189633918261,0.028605885302020212,588.8363331364458
ACC-10003561,CUS-20003561,Oliver Lewis,245 Church Street,RG5 3WX,1983-03-16,41,2024-09-15,unemployed,77,skilled,homeowner_mortgage,8,2,1,15600.0,929.47,194.63,1510.62,-775.78,0.1497,6000.0,car,32,verified,mobile,21,3,1,pass,pass,140,4,0.8205,3,0,0,full,0,0,0,0,0,0,0,0,0,0,0,0,690,0,0,Known Good,0.0,Known good/bad,0,Known good,1.0,2.1972245773362196,0.11760368192793336,545.272747052657
ACC-10003567,CUS-20003567,Leo Green,219 Victoria Road,PL19 2QF,1994-02-26,30,2024-08-05,employed,91,not_working,homeowner_mortgage,38,2,0,17500.0,1087.15,239.49,827.86,19.8,0.1642,3400.0,car,62,verified,mobile,16,2,0,pass,pass,59,6,0.0896,2,0,1,full,0,0,0,0,0,0,0,0,0,0,0,0,853,0,0,Known Good,0.0,Known good/bad,0,Known good,1.0,3.6635616461296463,0.04802413365479926,573.3047463392245
ACC-10003569,CUS-20003569,Priya Clarke,110 Mill View,B29 6FU,1958-11-05,66,2024-11-08,self_employed,92,managerial,homeowner_outright,91,2,1,39600.0,2470.4,213.7,85.81,2170.89,0.0648,15900.0,home_improvement,171,partially_verified,mobile,21,1,0,pass,pass,404,2,0.7172,1,0,0,partial,0,0,0,0,0,0,0,0,0,0,0,0,759,0,0,Known Good,0.0,Known good/bad,0,Known good,0.0,4.5217885770490405,0.035062281277865696,582.7717573323183
ACC-10003570,CUS-20003570,Theo Taylor,24 Kingfisher Way,S26 5QT,1977-01-14,47,2024-11-27,employed,34,professional,homeowner_mortgage,86,2,0,36600.0,2404.0,577.9,1012.05,814.05,0.1895,4500.0,car,114,verified,telephone,17,0,0,refer,refer,335,1,0.5812,0,1,1,full,0,0,0,0,0,0,0,0,0,0,0,0,808,0,0,Known Good,0.0,Known good/bad,0,Known good,0.0,4.465908118654584,0.051434105937113644,571.221891493661
ACC-10003571,CUS-20003571,Aisha Bennett,122 Meadow Close,BS13 5DQ,1982-10-14,42,2024-12-13,self_employed,38,manual,private_tenant,47,2,1,71800.0,4906.33,450.05,1002.84,3453.44,0.0752,8800.0,car,35,verified,web,17,0,0,pass,pass,188,6,0.0898,0,0,0,full,0,0,0,0,0,0,0,0,0,0,0,0,919,0,0,Known Good,0.0,Known good/bad,0,Known good,0.0,3.871201010907891,0.020828635471902796,598.2212988852713
ACC-10003572,CUS-20003572,Daniel Lewis,111 Meadow Close,EH17 3FS,1978-09-10,46,2024-11-14,self_employed,24,not_working,social_tenant,6,3,1,38800.0,2405.4,352.98,590.96,1461.46,0.1092,4000.0,debt_consolidation,41,partially_verified,web,14,0,0,pass,pass,234,2,0.3853,0,0,1,full,0,0,0,0,0,0,0,0,0,0,0,0,823,0,0,Known Good,0.0,Known good/bad,0,Known good,0.0,1.9459101490553132,0.036962487343299835,581.1920411284747
ACC-10003575,CUS-20003575,Isla Jones,154 Willow Drive,M7 9BW,1969-02-05,55,2024-07-12,employed,76,administrative,private_tenant,52,2,0,42900.0,2770.9,233.26,456.99,2080.65,0.0652,4500.0,debt_consolidation,66,verified,mobile,10,1,0,pass,refer,287,1,0.2568,1,0,0,full,1,1,0,0,1,0,0,0,1,0,0,0,830,0,4,Known Bad,1.0,Known good/bad,1,Known bad,0.0,3.970291913552122,0.02657047531703622,591.0264880371952
ACC-10003576,CUS-20003576,Priya Foster,67 Station Lane,NR24 9LE,1989-10-09,35,2024-10-08,part_time,43,not_working,private_tenant,35,3,1,105600.0,7197.41,215.75,469.51,6512.15,0.0245,3200.0,debt_consolidation,90,not_verified,web,8,0,0,pass,pass,194,0,0.4511,0,0,0,full,0,0,0,0,0,0,0,0,0,0,0,0,839,0,0,Known Good,0.0,Known good/bad,0,Known good,0.0,3.58351893845611,0.028119343485602195,589.3457632084235
ACC-10003579,CUS-20003579,Adam Bennett,203 Church Street,OX26 5GQ,1990-02-13,34,2024-11-14,employed,45,skilled,homeowner_mortgage,75,3,3,29200.0,1870.25,288.78,737.65,843.82,0.1187,4400.0,debt_consolidation,188,verified,mobile,15,1,0,pass,pass,70,0,0.1432,1,0,0,full,0,0,0,0,0,0,0,0,0,0,0,0,807,0,0,Known Good,0.0,Known good/bad,0,Known good,0.0,4.330733340286331,0.023775850895859978,594.3157474414439
ACC-10003580,CUS-20003580,Jack Green,154 Kingfisher Way,CF11 3GP,1982-02-01,42,2024-07-31,employed,62,managerial,living_with_family,135,3,1,50300.0,3164.47,458.34,847.8,1858.33,0.1093,9400.0,home_improvement,41,verified,web,1,2,1,pass,pass,179,4,0.3354,2,1,1,full,0,0,0,0,1,0,0,0,1,1,1,0,780,0,4,Known Bad,1.0,Known good/bad,1,Known bad,0.0,4.912654885736052,0.04838483207559861,573.0779063482428
ACC-10003581,CUS-20003581,Jack Foster,73 Victoria Road,B19 6JR,1949-01-20,75,2024-11-17,employed,19,not_working,homeowner_mortgage,94,1,0,30800.0,2033.78,392.69,1257.89,383.2,0.153,6600.0,major_purchase,94,verified,web,10,3,0,pass,pass,545,6,0.2197,3,0,0,full,0,0,0,0,0,0,0,0,0,0,0,0,906,0,0,Known Good,0.0,Known good/bad,0,Known good,0.0,4.553876891600541,0.032547875173434875,584.9939762465538
ACC-10003582,CUS-20003582,Amelia Morgan,192 Willow Drive,PL26 1DS,1961-07-21,63,2024-11-01,retired,74,manual,homeowner_mortgage,99,3,1,11600.0,710.36,402.82,558.44,-250.9,0.4167,4500.0,other,44,verified,branch,11,1,1,pass,pass,400,6,0.2425,1,0,0,full,0,0,0,0,0,0,0,0,0,0,0,0,875,0,0,Known Good,0.0,Known good/bad,0,Known good,1.0,4.605170185988092,0.04892897009742901,572.7387216146125
ACC-10003589,CUS-20003589,Freya Taylor,80 Church Street,B4 5XA,1983-04-06,41,2024-08-22,unemployed,0,skilled,private_tenant,71,3,0,9700.0,604.17,481.57,986.74,-864.14,0.5958,21500.0,home_improvement,55,partially_verified,mobile,11,1,1,pass,pass,219,3,0.3089,1,0,1,full,0,0,0,0,0,0,0,0,0,0,0,0,874,0,0,Known Good,0.0,Known good/bad,0,Known good,1.0,4.276666119016055,0.06152629244325887,565.7437034634019
ACC-10003591,CUS-20003591,Aisha Patel,131 Station Lane,NG16 9NT,1988-05-09,36,2024-08-02,employed,41,professional,homeowner_mortgage,21,1,3,72800.0,4522.72,715.67,1148.39,2658.66,0.118,10800.0,major_purchase,43,verified,web,13,2,1,pass,pass,126,5,0.3953,2,0,0,full,0,0,0,0,0,0,0,0,0,0,0,0,768,0,0,Known Good,0.0,Known good/bad,0,Known good,0.0,3.091042453358316,0.04050786994088118,578.4428130746967
ACC-10003594,CUS-20003594,Isla Taylor,147 Park Avenue,SO5 2UQ,1963-07-15,61,2024-10-11,employed,45,service,private_tenant,48,1,1,16700.0,1055.21,114.3,494.31,446.6,0.0821,2400.0,education,38,verified,mobile,4,1,0,pass,pass,221,4,0.7768,1,1,1,full,0,0,0,0,0,0,0,0,0,0,0,0,675,0,0,Known Good,0.0,Known good/bad,0,Known good,0.0,3.8918202981106265,0.026177744019356252,591.4677921135514
ACC-10003596,CUS-20003596,Isla Jones,40 Mill View,EH19 2UQ,1981-09-09,42,2024-07-23,employed,32,managerial,private_tenant,108,2,1,58700.0,3701.1,167.46,962.4,2571.24,0.0342,6400.0,other,12,verified,web,9,1,0,pass,pass,274,2,0.5646,1,0,0,full,0,0,0,0,0,0,0,0,0,0,0,0,908,0,0,Known Good,0.0,Known good/bad,0,Known good,0.0,4.6913478822291435,0.029555415542710843,587.8659046622776
ACC-10003597,CUS-20003597,Adam Foster,201 Oak Road,NE28 9JR,1980-03-11,44,2024-07-12,employed,73,professional,homeowner_mortgage,116,4,0,38100.0,2325.85,262.83,994.24,1068.78,0.0828,5900.0,car,75,partially_verified,web,13,1,1,pass,pass,235,4,0.0277,1,0,1,full,1,0,1,1,1,0,1,1,1,0,0,0,817,0,7,Known Bad,1.0,Known good/bad,1,Known bad,0.0,4.762173934797756,0.019670122177486406,599.9066655909397
ACC-10003600,CUS-20003600,Noah Hughes,98 Highfield Gardens,NR25 5AT,1990-05-20,34,2024-09-19,employed,126,manual,homeowner_mortgage,39,2,1,45800.0,2738.53,275.22,373.32,2089.99,0.0721,6800.0,debt_consolidation,39,verified,web,1,1,0,pass,pass,127,0,0.4617,1,0,0,full,0,0,0,0,0,0,0,0,0,0,0,0,839,0,0,Known Good,0.0,Known good/bad,0,Known good,0.0,3.6888794541139363,0.032915351885298455,584.6590691420931
ACC-10003604,CUS-20003604,Ava Green,126 Kingfisher Way,PL25 3FT,2000-09-17,23,2024-08-05,employed,26,managerial,living_with_family,157,4,1,9500.0,617.29,134.73,987.93,-505.37,0.1702,9600.0,car,47,verified,web,5,0,0,pass,pass,52,6,0.4164,0,0,1,full,0,0,0,0,0,0,0,0,0,0,0,0,844,0,0,Known Good,0.0,Known good/bad,0,Known good,1.0,5.062595033026967,0.038434066517346446,580.0214412233476
ACC-10003605,CUS-20003605,Jack Wilson,126 Willow Drive,BS22 7GU,1992-12-18,31,2024-10-26,employed,26,administrative,social_tenant,24,3,1,31800.0,2013.33,91.66,886.98,1034.69,0.0346,8100.0,debt_consolidation,28,verified,web,17,0,0,pass,pass,108,3,0.3969,0,0,0,full,0,0,0,0,0,0,0,0,0,0,0,0,850,0,0,Known Good,0.0,Known good/bad,0,Known good,0.0,3.2188758248682006,0.0287799336683631,588.6561373498315
ACC-10003607,CUS-20003607,Amelia Khan,244 Victoria Road,EH15 6VD,1981-10-01,42,2024-08-29,self_employed,37,manual,social_tenant,19,2,1,30500.0,1875.05,882.66,937.84,54.55,0.3473,16300.0,home_improvement,142,verified,web,17,2,0,pass,pass,134,1,0.1223,2,0,0,full,0,0,0,0,0,0,0,0,0,0,0,0,925,0,0,Known Good,0.0,Known good/bad,0,Known good,1.0,2.995732273553991,0.062245124233558144,565.3864386264563
ACC-10003608,CUS-20003608,Adam Hughes,223 Victoria Road,LS7 8GA,1993-02-28,31,2024-09-23,employed,135,skilled,homeowner_mortgage,32,3,0,65900.0,4503.17,528.55,499.41,3475.21,0.0962,4400.0,car,133,verified,web,15,2,0,pass,pass,55,4,0.6973,2,0,0,partial,0,0,0,0,0,0,0,0,0,0,0,0,792,0,0,Known Good,0.0,Known good/bad,0,Known good,0.0,3.4965075614664802,0.04740153929842154,573.7001242638818
ACC-10003610,CUS-20003610,Aisha Wilson,143 Meadow Close,NE9 8WW,1984-04-19,40,2024-07-27,part_time,41,not_working,private_tenant,29,2,0,35300.0,2124.47,376.75,751.79,995.93,0.1281,4100.0,car,80,verified,mobile,6,0,0,pass,pass,200,3,0.4603,0,0,0,partial,0,0,0,0,0,0,0,0,0,0,0,0,875,0,0,Known Good,0.0,Known good/bad,0,Known good,0.0,3.4011973816621555,0.03143631416240776,586.0297348730098
ACC-10003612,CUS-20003612,Daniel Taylor,94 Kingfisher Way,OX17 9BF,1975-10-12,49,2024-10-26,retired,20,managerial,homeowner_mortgage,44,2,2,42300.0,2714.92,275.94,446.94,1992.04,0.0783,6600.0,home_improvement,54,verified,mobile,4,2,0,pass,pass,309,2,0.2361,2,0,0,partial,0,0,0,0,0,0,0,0,0,0,0,0,904,0,0,Known Good,0.0,Known good/bad,0,Known good,0.0,3.8066624897703196,0.030919743790887095,586.5231938089795
ACC-10003614,CUS-20003614,Adam Jones,161 Victoria Road,S6 5AJ,1983-04-27,41,2024-12-24,employed,77,administrative,homeowner_mortgage,164,3,0,31400.0,1847.62,244.24,653.04,950.34,0.0933,5700.0,major_purchase,41,verified,web,9,3,0,pass,pass,243,1,0.3138,3,0,0,full,0,0,0,0,0,0,0,0,0,0,0,0,810,0,0,Known Good,0.0,Known good/bad,0,Known good,0.0,5.10594547390058,0.03073345108858137,586.7031117945705
ACC-10003615,CUS-20003615,Oliver Hughes,205 Willow Drive,NR8 5LJ,1969-05-29,55,2024-07-26,unemployed,0,skilled,private_tenant,62,1,0,14100.0,907.95,99.62,894.5,-86.17,0.0848,6800.0,car,17,verified,mobile,19,1,0,pass,pass,385,1,0.418,1,0,0,none,0,0,0,0,0,0,0,0,0,0,0,0,799,0,0,Known Good,0.0,Known good/bad,0,Known good,1.0,4.143134726391533,0.04779313877485712,573.4508682206721
ACC-10003629,CUS-20003629,Adam Evans,240 Kingfisher Way,OX18 6YU,1978-03-14,46,2024-07-20,employed,38,managerial,private_tenant,57,2,1,22600.0,1467.96,255.53,739.21,473.22,0.1357,7800.0,car,209,verified,mobile,18,1,1,pass,refer,311,3,0.3903,1,0,0,full,0,0,0,0,0,0,0,0,0,0,0,0,883,0,0,Known Good,0.0,Known good/bad,0,Known good,0.0,4.060443010546419,0.030649596432975407,586.7844419336493
ACC-10003630,CUS-20003630,Sofia Bennett,28 Mill View,PL14 2SR,1981-07-15,43,2024-09-27,employed,82,professional,private_tenant,134,3,0,37500.0,2387.72,100.73,1195.78,1091.21,0.0322,9600.0,home_improvement,28,not_verified,mobile,15,2,0,pass,pass,97,3,0.4419,2,0,0,partial,0,0,0,0,0,0,0,0,0,0,0,0,827,0,0,Known Good,0.0,Known good/bad,0,Known good,0.0,4.90527477843843,0.029493862422624813,587.9278895258318
ACC-10003631,CUS-20003631,Daniel Lewis,101 Willow Drive,S5 6VU,1978-05-02,46,2024-10-22,part_time,56,manual,homeowner_mortgage,40,3,0,62800.0,4251.72,204.4,182.48,3864.84,0.0391,13500.0,debt_consolidation,65,verified,mobile,10,0,1,pass,pass,200,2,0.4098,0,0,0,partial,0,0,0,0,0,0,0,0,0,0,0,0,893,0,0,Known Good,0.0,Known good/bad,0,Known good,0.0,3.713572066704308,0.026918518744681066,590.6406699048135
ACC-10003634,CUS-20003634,Priya Evans,188 Victoria Road,BS18 9QT,1982-04-24,42,2024-12-25,employed,102,managerial,private_tenant,66,2,1,29500.0,1825.17,150.26,929.52,745.39,0.0611,4600.0,car,102,verified,branch,6,0,1,fail,pass,268,2,0.4927,0,0,0,partial,0,0,0,0,0,0,0,0,0,0,0,0,831,0,0,Known Good,0.0,Known good/bad,0,Known good,0.0,4.204692619390966,0.026980626077309004,590.5723322025134
ACC-10003642,CUS-20003642,Aisha Shah,230 Kingfisher Way,LS17 6PT,1981-12-17,42,2024-07-01,retired,74,administrative,private_tenant,21,1,0,51700.0,3120.85,233.77,839.46,2047.62,0.0543,6900.0,car,58,verified,mobile,3,0,1,pass,refer,154,2,0.0969,0,0,1,full,0,0,0,0,0,0,0,0,0,0,0,0,945,0,0,Known Good,0.0,Known good/bad,0,Known good,0.0,3.091042453358316,0.023440179506115648,594.7359341626637
ACC-10003643,CUS-20003643,Leo Hughes,86 Victoria Road,NR3 8LR,1994-01-24,30,2024-08-23,self_employed,81,service,private_tenant,20,3,1,38800.0,2380.23,329.75,930.62,1119.86,0.102,5000.0,car,134,verified,telephone,16,1,0,pass,pass,116,3,0.4614,1,0,0,full,0,0,0,0,0,0,0,0,0,0,0,0,858,0,0,Known Good,0.0,Known good/bad,0,Known good,0.0,3.044522437723423,0.03730335814649231,580.9169530283921
ACC-10003645,CUS-20003645,George Jones,129 Willow Drive,NG11 4FG,2006-06-23,18,2024-12-18,unemployed,12,not_working,living_with_family,112,3,1,8300.0,515.92,371.59,483.08,-338.75,0.5372,9100.0,car,93,verified,mobile,23,3,0,pass,pass,0,3,0.148,3,0,0,full,0,0,0,0,0,0,0,0,0,0,0,0,854,0,0,Known Good,0.0,Known good/bad,0,Known good,1.0,4.727387818712341,0.06274154336408992,565.1419564923273
ACC-10003648,CUS-20003648,Theo Taylor,85 Station Lane,BS21 3PG,1981-01-19,43,2024-10-12,employed,87,managerial,living_with_family,59,3,0,45200.0,2892.92,288.73,356.0,2248.19,0.0767,18600.0,car,41,verified,web,15,2,0,pass,pass,267,4,0.6631,2,0,1,full,0,0,0,0,0,0,0,0,0,0,0,0,718,0,0,Known Good,0.0,Known good/bad,0,Known good,0.0,4.0943445622221,0.041363800609248734,577.8137314807284
ACC-10003652,CUS-20003652,Amelia Evans,63 Mill View,PL9 6DN,1984-07-16,40,2024-10-08,part_time,105,service,homeowner_mortgage,129,4,1,54000.0,3450.72,638.0,635.89,2176.83,0.1418,23100.0,car,113,verified,web,9,3,0,pass,pass,170,2,0.2277,3,0,0,full,0,0,0,0,0,0,0,0,0,0,0,0,819,0,0,Known Good,0.0,Known good/bad,0,Known good,0.0,4.867534450455582,0.03088427214934597,586.5573706150376
ACC-10003658,CUS-20003658,Aisha Roberts,112 Station Lane,PL19 5QE,1984-10-09,39,2024-08-03,employed,76,manual,homeowner_mortgage,14,3,0,18900.0,1218.31,651.87,908.16,-341.72,0.4139,3700.0,other,65,verified,mobile,8,1,0,refer,pass,129,6,0.5029,1,0,0,partial,0,0,0,0,0,0,0,0,0,0,0,0,830,0,0,Known Good,0.0,Known good/bad,0,Known good,1.0,2.70805020110221,0.08032713435673648,557.4661054117839
ACC-10003661,CUS-20003661,Aisha Wilson,26 Oak Road,OX7 6NQ,1995-07-10,29,2024-08-15,retired,30,managerial,homeowner_mortgage,68,2,0,25000.0,1572.78,328.32,180.0,1064.46,0.1576,3500.0,debt_consolidation,5,verified,branch,14,0,0,pass,pass,68,1,0.1798,0,1,1,partial,0,0,0,0,0,0,0,0,0,0,0,0,862,0,0,Known Good,0.0,Known good/bad,0,Known good,0.0,4.23410650459726,0.0380652059446027,580.3107624779058
ACC-10003669,CUS-20003669,Noah Jones,163 Church Street,CF4 7QR,1989-03-02,35,2024-09-30,employed,47,managerial,social_tenant,52,2,1,52900.0,3317.15,58.05,809.99,2449.11,0.0132,3200.0,car,30,not_verified,mobile,16,0,0,pass,pass,100,4,0.1205,0,0,0,full,0,0,0,0,0,0,0,0,0,0,0,0,929,0,0,Known Good,0.0,Known good/bad,0,Known good,0.0,3.970291913552122,0.020080801280849145,599.2983572152222
ACC-10003670,CUS-20003670,Aisha Wilson,18 Victoria Road,LS27 2AL,1973-01-20,51,2024-12-03,employed,14,professional,homeowner_mortgage,20,3,0,43800.0,2676.0,164.78,1028.33,1482.89,0.0451,2000.0,debt_consolidation,129,partially_verified,branch,23,0,0,pass,refer,350,0,0.3549,0,0,1,full,0,0,0,0,0,0,0,0,0,0,0,0,811,0,0,Known Good,0.0,Known good/bad,0,Known good,0.0,3.044522437723423,0.028847337722183775,588.5866365013443
ACC-10003674,CUS-20003674,Noah Davies,113 Church Street,CF27 3SR,1982-08-23,42,2024-08-28,part_time,56,manual,homeowner_mortgage,27,2,0,31700.0,2098.83,87.42,959.83,1051.58,0.0331,17800.0,debt_consolidation,197,verified,web,8,3,0,pass,pass,206,6,0.078,3,0,1,full,0,0,0,0,0,0,0,0,0,0,0,0,830,0,0,Known Good,0.0,Known good/bad,0,Known good,0.0,3.332204510175204,0.03251022352768634,585.0284969184722
ACC-10003680,CUS-20003680,Sofia Taylor,30 Mill View,SO26 1JR,1975-05-19,49,2024-11-22,employed,62,service,private_tenant,15,5,1,45100.0,2847.67,536.8,1146.78,1164.09,0.1428,12300.0,major_purchase,100,verified,mobile,3,1,0,pass,pass,359,4,0.1953,1,1,1,full,0,0,0,0,0,0,0,0,0,0,0,0,770,0,0,Known Good,0.0,Known good/bad,0,Known good,0.0,2.772588722239781,0.05481244162106879,569.2833828636905
ACC-10003694,CUS-20003694,Priya Jones,76 Highfield Gardens,LS6 7SV,1978-08-17,45,2024-07-12,employed,16,service,private_tenant,17,3,0,22900.0,1500.63,242.21,551.71,706.71,0.1269,6200.0,major_purchase,73,verified,mobile,11,0,1,pass,pass,270,3,0.6512,0,1,1,full,0,0,0,0,0,0,0,0,0,0,0,0,776,0,0,Known Good,0.0,Known good/bad,0,Known good,0.0,2.8903717578961645,0.06660404795492145,563.2990250791374
ACC-10003695,CUS-20003695,Jack Clarke,146 Oak Road,NR6 7XR,1971-01-16,53,2024-08-18,employed,18,manual,homeowner_mortgage,28,2,0,18200.0,1162.6,431.45,898.58,-167.43,0.2845,8900.0,home_improvement,34,not_verified,mobile,1,0,0,pass,pass,331,1,0.7868,0,0,1,full,0,1,1,1,1,1,1,0,1,0,1,1,696,0,9,Known Bad,1.0,Known good/bad,1,Known bad,1.0,3.367295829986474,0.07264751052408612,560.6055272066378
ACC-10003696,CUS-20003696,Amelia Roberts,64 Church Street,S26 9GY,1991-02-01,33,2024-11-22,employed,34,not_working,homeowner_mortgage,26,6,0,35700.0,2259.49,398.94,1053.72,806.83,0.1341,10500.0,home_improvement,63,partially_verified,web,7,1,0,pass,pass,85,1,0.4038,1,0,1,full,0,0,0,0,0,0,0,0,0,0,0,0,792,0,0,Known Good,0.0,Known good/bad,0,Known good,0.0,3.295836866004329,0.035018567845612796,582.8090600966675
ACC-10003705,CUS-20003705,Adam Wilson,238 Station Lane,NE2 9NB,1981-03-21,43,2024-08-17,employed,111,manual,private_tenant,39,3,4,36900.0,2223.54,286.7,973.82,963.02,0.0932,12400.0,education,7,verified,telephone,3,1,1,pass,pass,181,3,0.1943,1,1,1,full,0,0,0,0,0,0,0,0,0,0,0,0,830,0,0,Known Good,0.0,Known good/bad,0,Known good,0.0,3.6888794541139363,0.017070877997228468,604.0724406512463
ACC-10003712,CUS-20003712,Adam Roberts,147 Oak Road,B12 9JB,1997-08-16,27,2024-08-23,employed,40,managerial,living_with_family,160,1,0,39000.0,2471.96,365.25,1148.38,958.33,0.1124,2600.0,debt_consolidation,42,partially_verified,branch,19,1,0,pass,pass,72,1,0.3665,1,0,0,full,0,0,0,0,0,0,0,0,0,0,0,0,793,0,0,Known Good,0.0,Known good/bad,0,Known good,0.0,5.081404364984463,0.02504791271877683,592.7742567994013
ACC-10003718,CUS-20003718,Sofia Davies,147 Victoria Road,PL12 9RW,1981-01-21,43,2024-07-14,self_employed,64,managerial,private_tenant,7,4,0,26100.0,1674.43,177.99,1120.94,375.5,0.0818,11200.0,debt_consolidation,113,not_verified,mobile,23,1,1,fail,pass,258,4,0.6412,1,1,1,partial,0,0,0,0,0,0,0,0,0,0,0,0,669,0,0,Known Good,0.0,Known good/bad,0,Known good,0.0,2.0794415416798357,0.0824033825664216,556.6645683717023
ACC-10003720,CUS-20003720,Aisha Evans,171 Willow Drive,S6 1TT,1988-05-02,36,2024-12-21,employed,34,professional,social_tenant,90,2,1,85300.0,5762.02,37.37,1292.1,4432.55,0.0053,5200.0,home_improvement,55,partially_verified,telephone,20,1,0,pass,pass,177,4,0.2443,1,0,0,full,0,0,0,0,0,0,0,0,0,0,0,0,840,0,0,Known Good,0.0,Known good/bad,0,Known good,0.0,4.51085950651685,0.023064045094510297,595.2138065761529
ACC-10003725,CUS-20003725,Maya Foster,19 Mill View,S5 9DS,1984-07-28,40,2024-08-08,employed,72,skilled,homeowner_mortgage,68,3,0,21900.0,1424.32,292.13,567.64,564.55,0.1601,5400.0,debt_consolidation,6,verified,branch,2,1,0,pass,pass,138,3,0.2188,1,0,0,full,0,0,0,0,0,0,0,0,0,0,0,0,880,0,0,Known Good,0.0,Known good/bad,0,Known good,0.0,4.23410650459726,0.026442727704115546,591.169335024947
ACC-10003728,CUS-20003728,Adam Bennett,133 Park Avenue,SO4 8VV,1971-03-15,53,2024-12-12,employed,5,professional,homeowner_outright,83,1,2,14100.0,874.61,278.36,12.49,583.76,0.2369,7000.0,debt_consolidation,114,verified,telephone,22,2,0,refer,pass,178,4,0.5359,2,1,1,partial,0,0,0,0,0,0,0,0,0,0,0,0,800,0,0,Known Good,0.0,Known good/bad,0,Known good,0.0,4.430816798843313,0.06668018945679303,563.2637044018469
ACC-10003730,CUS-20003730,Amelia Lewis,210 Victoria Road,BS27 6LP,1992-08-07,32,2024-11-30,employed,70,not_working,social_tenant,21,3,0,28700.0,1763.0,225.48,928.1,609.42,0.0943,6500.0,car,35,verified,mobile,10,1,0,pass,pass,146,2,0.197,1,1,1,full,0,0,0,0,0,0,0,0,0,0,0,0,805,0,0,Known Good,0.0,Known good/bad,0,Known good,0.0,3.091042453358316,0.05043548782344566,571.817974238583
ACC-10003737,CUS-20003737,Daniel Foster,171 Park Avenue,M12 7DY,1992-07-13,32,2024-07-27,retired,44,service,private_tenant,37,2,0,21100.0,1332.59,354.36,641.96,336.27,0.2015,7000.0,car,25,verified,web,13,0,0,pass,pass,84,3,0.3568,0,0,0,full,0,0,0,0,0,0,0,0,0,0,0,0,908,0,0,Known Good,0.0,Known good/bad,0,Known good,0.0,3.6375861597263857,0.029368294320817,588.0547282740357
ACC-10003743,CUS-20003743,Theo Roberts,76 Station Lane,RG3 1PV,1997-03-05,27,2024-09-17,unemployed,48,service,private_tenant,28,1,3,17300.0,1152.99,485.68,472.05,195.26,0.3369,6800.0,home_improvement,89,verified,web,16,3,0,refer,pass,78,3,0.5275,3,1,1,full,0,0,0,0,0,0,0,0,0,0,0,0,786,0,0,Known Good,0.0,Known good/bad,0,Known good,0.0,3.367295829986474,0.09468830112289665,552.2660062639709
ACC-10003747,CUS-20003747,George Hughes,106 Meadow Close,SO9 4NN,1983-11-06,40,2024-08-18,part_time,79,administrative,private_tenant,49,3,0,22000.0,1398.08,468.65,512.78,416.65,0.2556,6500.0,debt_consolidation,112,verified,branch,18,3,1,pass,refer,214,2,0.1793,3,0,0,full,0,0,0,0,0,0,0,0,0,0,0,0,884,0,0,Known Good,0.0,Known good/bad,0,Known good,0.0,3.912023005428146,0.03762578214696229,580.658966517713
ACC-10003755,CUS-20003755,Amelia Davies,9 Oak Road,G5 5WX,1988-06-20,36,2024-08-29,employed,43,not_working,homeowner_mortgage,41,3,0,58400.0,3628.45,113.07,387.73,3127.65,0.0232,5000.0,car,58,partially_verified,web,10,1,0,pass,pass,167,4,0.1771,1,0,1,full,0,0,0,0,0,0,0,0,0,0,0,0,787,0,0,Known Good,0.0,Known good/bad,0,Known good,0.0,3.7376696182833684,0.025115616798818963,592.6943666287125
ACC-10003763,CUS-20003763,Isla Davies,201 Park Avenue,NR19 7YW,1995-07-16,29,2024-09-09,part_time,56,managerial,homeowner_outright,46,3,1,24800.0,1529.16,963.34,176.54,389.28,0.4661,14300.0,home_improvement,62,verified,mobile,19,0,1,pass,pass,88,4,0.9816,0,0,0,full,0,0,0,0,0,0,0,0,0,0,0,0,761,0,0,Known Good,0.0,Known good/bad,0,Known good,0.0,3.8501476017100584,0.0560703760967019,568.5902491914258
ACC-10003766,CUS-20003766,George Taylor,224 Station Lane,LS6 7ER,1972-03-01,52,2024-07-10,employed,43,professional,homeowner_mortgage,151,3,0,51800.0,3105.02,196.1,519.91,2389.01,0.0454,9300.0,car,43,verified,mobile,12,2,0,pass,pass,381,3,0.3591,2,0,0,full,0,0,0,0,0,0,0,0,0,0,0,0,805,0,0,Known Good,0.0,Known good/bad,0,Known good,0.0,5.0238805208462765,0.027337827400908392,590.182242469941
ACC-10003776,CUS-20003776,Maya Wilson,35 Kingfisher Way,G23 3GB,2006-08-20,18,2024-10-05,employed,24,manual,homeowner_mortgage,50,2,1,42400.0,2767.48,712.51,363.02,1691.95,0.2017,14200.0,other,34,verified,mobile,0,1,0,refer,pass,0,3,0.3768,1,0,0,full,0,0,0,0,0,0,0,0,0,0,0,0,817,0,0,Known Good,0.0,Known good/bad,0,Known good,0.0,3.9318256327243257,0.032463751675205633,585.0711576534843
ACC-10003778,CUS-20003778,Priya Shah,28 Willow Drive,G17 6AL,1976-01-24,48,2024-11-04,retired,74,skilled,homeowner_mortgage,106,2,1,55700.0,3461.61,454.22,1592.19,1415.2,0.0979,8800.0,car,62,verified,web,4,1,0,pass,pass,112,12,0.2878,1,0,1,full,0,0,0,0,0,0,0,0,0,0,0,0,837,0,0,Known Good,0.0,Known good/bad,0,Known good,0.0,4.672828834461906,0.024873818813435554,592.9806560552989
ACC-10003790,CUS-20003790,Theo Wilson,157 Oak Road,CF3 2FN,1966-04-10,58,2024-10-16,self_employed,70,professional,homeowner_outright,53,2,2,38000.0,2315.15,106.14,173.06,2035.95,0.0335,11600.0,car,54,verified,mobile,7,2,0,pass,pass,356,2,0.2594,2,0,0,none,0,0,0,0,0,0,0,0,0,0,0,0,846,0,0,Known Good,0.0,Known good/bad,0,Known good,0.0,3.9889840465642745,0.029611839443437704,587.8091948475321
ACC-10003791,CUS-20003791,Adam Green,142 Highfield Gardens,SO23 3EH,1949-05-31,75,2024-09-07,employed,86,skilled,homeowner_mortgage,71,1,0,27300.0,1865.5,75.24,733.5,1056.76,0.0331,4600.0,debt_consolidation,72,verified,web,7,1,0,pass,pass,552,5,0.8119,1,0,0,full,0,0,0,0,0,0,0,0,0,0,0,0,765,0,0,Known Good,0.0,Known good/bad,0,Known good,0.0,4.276666119016055,0.0384350694595123,580.0206581912244
ACC-10003795,CUS-20003795,Adam Hughes,155 Meadow Close,OX13 9WN,1975-09-05,48,2024-07-22,employed,9,managerial,homeowner_mortgage,19,3,0,42500.0,2826.57,217.3,397.49,2211.78,0.0614,1800.0,home_improvement,52,verified,branch,10,1,1,pass,pass,193,2,0.3048,1,0,0,full,0,0,0,0,0,0,0,0,0,0,0,0,798,0,0,Known Good,0.0,Known good/bad,0,Known good,0.0,2.995732273553991,0.032251728475833526,585.2665449900053
ACC-10003802,CUS-20003802,Maya Evans,45 Mill View,NG26 4PB,1998-12-08,25,2024-11-12,employed,69,service,private_tenant,132,3,2,29900.0,1938.94,45.23,180.0,1713.71,0.0182,22400.0,car,96,verified,mobile,23,4,0,pass,pass,83,3,0.2429,4,0,0,full,0,0,0,0,0,0,0,0,0,0,0,0,705,0,0,Known Good,0.0,Known good/bad,0,Known good,0.0,4.890349128221754,0.03251020079954431,585.0285177682906
ACC-10003803,CUS-20003803,Ava Taylor,67 Highfield Gardens,NE8 4TG,1982-03-17,42,2024-08-17,self_employed,38,managerial,private_tenant,86,3,1,57400.0,3675.59,348.39,563.86,2763.34,0.0728,3300.0,debt_consolidation,32,verified,web,21,1,0,pass,refer,115,2,0.4951,1,0,2,full,0,0,0,0,0,0,0,0,0,0,0,0,797,0,0,Known Good,0.0,Known good/bad,0,Known good,0.0,4.465908118654584,0.029820061189847303,587.6008207039893
ACC-10003807,CUS-20003807,Sofia Patel,159 Willow Drive,CF2 3WS,1978-05-07,46,2024-09-13,self_employed,34,administrative,living_with_family,101,4,3,37300.0,2431.14,134.93,1089.92,1206.29,0.0434,2800.0,debt_consolidation,74,partially_verified,mobile,4,2,0,pass,pass,184,5,0.074,2,0,1,full,0,0,0,0,0,0,0,0,0,0,0,0,802,0,0,Known Good,0.0,Known good/bad,0,Known good,0.0,4.624972813284271,0.02318044644824062,595.0651126500004
ACC-10003813,CUS-20003813,Amelia Roberts,99 Highfield Gardens,EH23 6SL,1983-05-06,41,2024-09-14,self_employed,75,professional,homeowner_outright,84,4,0,25300.0,1543.37,276.51,140.73,1126.13,0.1312,11100.0,debt_consolidation,33,verified,web,17,0,1,pass,pass,271,3,0.3722,0,0,0,partial,0,0,0,0,0,0,0,0,0,0,0,0,861,0,0,Known Good,0.0,Known good/bad,0,Known good,0.0,4.442651256490317,0.024791345169415512,593.0789256234116
ACC-10003814,CUS-20003814,Leo Morgan,119 Oak Road,CF29 7TE,2001-01-02,23,2024-10-26,employed,100,skilled,homeowner_mortgage,70,2,0,27400.0,1785.6,269.48,654.04,862.08,0.118,5900.0,major_purchase,95,verified,mobile,0,0,0,pass,pass,56,2,0.5885,0,0,0,full,0,0,0,0,0,0,0,0,0,0,0,0,893,0,0,Known Good,0.0,Known good/bad,0,Known good,0.0,4.2626798770413155,0.03006166403974215,587.3608012993113
ACC-10003815,CUS-20003815,Theo Patel,227 Kingfisher Way,BS3 2PV,1990-05-17,34,2024-09-04,employed,86,service,private_tenant,32,3,0,86700.0,5580.62,186.31,875.89,4518.42,0.0258,2900.0,car,26,verified,branch,11,1,0,pass,pass,178,6,0.7818,1,0,0,partial,0,0,0,0,0,0,0,0,0,0,0,0,754,0,0,Known Good,0.0,Known good/bad,0,Known good,0.0,3.4965075614664802,0.04231819477901073,577.1268042368109
ACC-10003822,CUS-20003822,Oliver Lewis,33 Mill View,RG29 5LA,1988-08-01,36,2024-09-19,employed,94,manual,private_tenant,76,2,1,41000.0,2680.66,176.66,591.52,1912.48,0.0517,14200.0,major_purchase,59,partially_verified,web,4,0,0,pass,pass,83,3,0.3372,0,0,0,full,0,0,0,0,0,0,0,0,0,0,0,0,853,0,0,Known Good,0.0,Known good/bad,0,Known good,0.0,4.343805421853684,0.023126053760681418,595.1345042415874
ACC-10003829,CUS-20003829,Theo Lewis,84 Station Lane,BS19 8XV,1970-12-14,53,2024-11-08,part_time,61,not_working,social_tenant,22,3,0,57900.0,3690.34,319.6,270.65,3100.09,0.0662,11300.0,other,41,verified,mobile,19,1,0,pass,pass,190,3,0.3633,1,0,1,full,0,0,0,0,0,0,0,0,0,0,0,0,824,0,0,Known Good,0.0,Known good/bad,0,Known good,0.0,3.1354942159291497,0.03314670967315124,584.45006460663
ACC-10003836,CUS-20003836,Maya Davies,222 Church Street,CF22 8RY,1972-07-17,52,2024-09-19,employed,120,managerial,social_tenant,97,2,0,22200.0,1460.53,39.65,798.67,622.21,0.0214,1200.0,car,48,not_verified,mobile,8,0,0,pass,pass,158,4,0.5021,0,0,0,full,0,0,0,0,0,0,0,0,0,0,0,0,885,0,0,Known Good,0.0,Known good/bad,0,Known good,0.0,4.584967478670572,0.024828923828453715,593.0341101904739
ACC-10003841,CUS-20003841,Theo Wilson,197 Church Street,LS24 4EW,1981-08-18,42,2024-08-05,part_time,45,administrative,private_tenant,79,2,1,30900.0,1975.68,92.47,687.55,1195.66,0.0359,3200.0,debt_consolidation,118,verified,telephone,6,2,0,pass,pass,101,1,0.2688,2,0,0,full,0,1,0,0,0,1,0,1,0,1,0,1,836,0,5,Known Bad,1.0,Known good/bad,1,Known bad,0.0,4.382026634673881,0.02803849394317275,589.4312444872586
ACC-10003842,CUS-20003842,Priya Lewis,111 Victoria Road,NG25 9TL,1967-08-18,57,2024-09-17,employed,80,skilled,social_tenant,28,4,0,18300.0,1154.8,213.29,995.14,-53.63,0.1399,6300.0,car,63,verified,mobile,16,0,0,pass,pass,280,1,0.2106,0,0,0,full,0,0,0,0,0,0,0,0,0,0,0,0,974,0,0,Known Good,0.0,Known good/bad,0,Known good,1.0,3.367295829986474,0.04197326921610232,577.3733395858269
ACC-10003843,CUS-20003843,Priya Hughes,181 Oak Road,S5 1DY,1984-04-15,40,2024-12-23,employed,90,manual,homeowner_mortgage,41,4,2,24400.0,1546.07,358.94,462.34,724.79,0.1765,5000.0,debt_consolidation,31,verified,web,5,1,0,refer,pass,94,5,0.2741,1,0,1,full,0,0,0,0,0,0,0,0,0,0,0,0,894,0,0,Known Good,0.0,Known good/bad,0,Known good,0.0,3.7376696182833684,0.030315427979365296,587.110704912514
ACC-10003846,CUS-20003846,Priya Hughes,104 Park Avenue,NE22 6UD,1983-07-14,41,2024-12-09,employed,63,service,private_tenant,28,2,0,56100.0,3528.5,60.52,1174.65,2293.33,0.0129,5700.0,home_improvement,137,verified,web,15,3,0,pass,pass,135,2,0.5452,3,0,0,full,0,0,0,0,0,0,0,0,0,0,0,0,733,0,0,Known Good,0.0,Known good/bad,0,Known good,0.0,3.367295829986474,0.046097341274202216,574.5446082986196
ACC-10003848,CUS-20003848,Amelia Davies,52 Highfield Gardens,NR24 9LG,1967-02-02,57,2024-12-04,employed,23,service,private_tenant,113,6,1,16000.0,990.93,360.19,932.47,-301.73,0.2701,10800.0,debt_consolidation,31,verified,mobile,16,2,0,pass,pass,164,1,0.0868,2,0,0,partial,1,0,1,1,0,0,1,0,1,0,0,1,837,0,6,Known Bad,1.0,Known good/bad,1,Known bad,1.0,4.736198448394496,0.04352438203338009,576.2795256649645
ACC-10003850,CUS-20003850,Freya Hughes,73 Church Street,NE13 3XB,1980-04-14,44,2024-09-20,employed,30,administrative,social_tenant,72,3,0,23500.0,1501.77,168.54,877.25,455.98,0.0861,7200.0,debt_consolidation,67,not_verified,mobile,8,2,0,pass,pass,165,1,0.2246,2,0,0,full,0,0,0,0,0,0,0,0,0,0,0,0,855,0,0,Known Good,0.0,Known good/bad,0,Known good,0.0,4.290459441148391,0.028483723792526703,588.9634460637029
ACC-10003851,CUS-20003851,Sofia Roberts,183 Highfield Gardens,SO14 1XV,1982-09-26,41,2024-07-07,self_employed,68,skilled,homeowner_mortgage,116,3,1,26100.0,1626.12,216.38,180.0,1229.74,0.0995,30000.0,major_purchase,157,verified,mobile,15,4,0,pass,pass,120,4,0.4684,4,0,0,none,0,0,0,0,0,0,0,0,0,0,0,0,754,0,0,Known Good,0.0,Known good/bad,0,Known good,0.0,4.762173934797756,0.04204929453156937,577.3188345598064
ACC-10003860,CUS-20003860,Maya Patel,137 Park Avenue,RG26 5FA,1990-10-10,34,2024-12-20,employed,45,not_working,homeowner_mortgage,43,2,2,87500.0,5407.08,704.99,1465.51,3236.58,0.0967,14400.0,car,43,verified,mobile,22,5,0,pass,pass,164,4,0.0476,5,0,0,full,0,0,0,0,0,0,0,0,0,0,0,0,887,0,0,Known Good,0.0,Known good/bad,0,Known good,0.0,3.784189633918261,0.04013596094710214,578.720130678329
ACC-10003861,CUS-20003861,Sofia Patel,79 Mill View,LS20 4XJ,1970-11-17,53,2024-10-28,employed,77,service,living_with_family,98,3,1,27800.0,1770.22,376.59,1216.34,177.29,0.1626,3200.0,car,113,verified,web,21,1,1,pass,pass,334,3,0.1581,1,0,0,partial,0,0,0,0,0,0,0,0,0,0,0,0,941,0,0,Known Good,0.0,Known good/bad,0,Known good,0.0,4.59511985013459,0.02379011113564965,594.2980251974386
ACC-10003864,CUS-20003864,George Wilson,204 Willow Drive,S23 5RL,1965-06-07,59,2024-10-12,employed,122,skilled,private_tenant,70,1,0,27400.0,1733.35,88.36,484.65,1160.34,0.0387,12400.0,car,160,not_verified,mobile,10,2,0,fail,pass,184,5,0.349,2,0,0,full,0,0,0,0,0,0,0,0,0,0,0,0,836,0,0,Known Good,0.0,Known good/bad,0,Known good,0.0,4.2626798770413155,0.030538569105619116,586.8924588509329
ACC-10003866,CUS-20003866,Noah Bennett,89 Mill View,EH8 8LX,1981-12-11,43,2024-12-14,self_employed,34,service,private_tenant,26,3,1,42500.0,2609.38,454.1,776.98,1378.3,0.1282,29300.0,education,74,verified,web,16,1,0,pass,pass,222,2,0.3871,1,1,1,full,0,0,0,0,0,0,0,0,0,0,0,0,736,0,0,Known Good,0.0,Known good/bad,0,Known good,0.0,3.295836866004329,0.02181890292913197,596.8518985380829
ACC-10003867,CUS-20003867,Ava Bennett,210 Park Avenue,NR10 8XT,1972-01-02,52,2024-11-13,retired,37,administrative,private_tenant,24,1,1,8600.0,558.96,369.68,713.41,-524.13,0.5158,16900.0,debt_consolidation,90,verified,web,16,1,1,pass,pass,124,5,0.1919,1,0,1,full,0,0,0,0,0,0,0,0,0,0,0,0,824,0,0,Known Good,0.0,Known good/bad,0,Known good,1.0,3.2188758248682006,0.06276864582627094,565.1286607922109
ACC-10003869,CUS-20003869,Amelia Jones,30 Willow Drive,NR26 8QD,1953-12-13,70,2024-09-14,employed,15,professional,social_tenant,120,5,1,33800.0,2147.52,509.88,1090.95,546.69,0.181,5000.0,debt_consolidation,72,verified,web,13,2,0,pass,pass,375,1,0.4037,2,0,0,full,0,0,0,0,0,0,0,0,0,0,0,0,804,0,0,Known Good,0.0,Known good/bad,0,Known good,0.0,4.795790545596741,0.03241028892615427,585.120309033983
ACC-10003874,CUS-20003874,Oliver Lewis,25 Station Lane,L9 7GP,1979-01-25,45,2024-09-07,employed,75,administrative,homeowner_outright,75,3,0,21300.0,1222.89,226.02,3.29,993.58,0.1273,11800.0,debt_consolidation,39,verified,web,0,5,1,pass,refer,140,2,0.2949,5,0,0,full,0,0,0,0,0,0,0,0,0,0,0,0,769,0,0,Known Good,0.0,Known good/bad,0,Known good,0.0,4.330733340286331,0.04565797632261384,574.8342277988513
ACC-10003875,CUS-20003875,Isla Evans,47 Church Street,NR23 9GQ,1991-12-25,32,2024-11-07,employed,92,service,living_with_family,199,2,0,32600.0,2091.36,473.03,874.79,743.54,0.1741,3700.0,car,37,verified,mobile,18,1,0,pass,refer,162,2,0.4836,1,0,0,full,0,0,0,0,0,0,0,0,0,0,0,0,886,0,0,Known Good,0.0,Known good/bad,0,Known good,0.0,5.298317366548036,0.02776574895719162,589.7213910645243
ACC-10003876,CUS-20003876,Noah Lewis,243 Highfield Gardens,NR9 3UV,1987-12-20,36,2024-09-14,employed,44,not_working,homeowner_mortgage,39,2,0,40100.0,2535.92,569.1,880.32,1086.5,0.1703,7300.0,debt_consolidation,45,verified,telephone,0,2,0,pass,pass,144,4,0.4301,2,0,0,none,0,0,0,0,0,0,0,0,0,0,0,0,798,0,0,Known Good,0.0,Known good/bad,0,Known good,0.0,3.6888794541139363,0.039261507218545794,579.3820027772682
ACC-10003881,CUS-20003881,Leo Evans,98 Victoria Road,NE25 1GX,1980-07-14,44,2024-07-25,self_employed,20,manual,living_with_family,44,3,0,25400.0,1643.31,430.49,926.71,286.11,0.2034,29300.0,home_improvement,142,verified,mobile,13,0,1,pass,pass,189,2,0.2423,0,0,0,full,0,0,0,0,0,0,0,0,0,0,0,0,866,0,0,Known Good,0.0,Known good/bad,0,Known good,0.0,3.8066624897703196,0.026108112153997057,591.5467078045546
ACC-10003896,CUS-20003896,George Green,70 Meadow Close,EH4 3NP,1967-12-04,56,2024-11-04,employed,14,skilled,homeowner_mortgage,38,2,0,37500.0,2377.02,215.52,594.02,1567.48,0.069,3000.0,car,81,verified,web,19,2,1,pass,pass,243,4,0.3936,2,0,0,full,0,0,0,0,0,0,0,0,0,0,0,0,781,0,0,Known Good,0.0,Known good/bad,0,Known good,0.0,3.6635616461296463,0.035626005665337,582.2946782521994
ACC-10003900,CUS-20003900,George Roberts,95 Park Avenue,BS12 7UA,1972-07-01,52,2024-09-18,employed,85,not_working,homeowner_mortgage,77,5,0,27000.0,1740.9,231.92,569.39,939.59,0.1031,23000.0,home_improvement,37,verified,mobile,10,0,0,pass,pass,209,1,0.0,0,0,0,full,0,0,0,0,0,0,0,0,0,0,0,0,959,0,0,Known Good,0.0,Known good/bad,0,Known good,0.0,4.356708826689592,0.01825822921167136,602.0973730758008
ACC-10003906,CUS-20003906,Amelia Davies,25 Meadow Close,NG15 6SV,1988-04-30,36,2024-12-19,part_time,58,service,living_with_family,53,1,0,37200.0,2329.72,832.79,654.51,842.42,0.2686,6200.0,debt_consolidation,157,verified,web,6,3,0,pass,pass,128,1,0.2894,3,0,1,full,0,0,0,0,0,0,0,0,0,0,0,0,853,0,0,Known Good,0.0,Known good/bad,0,Known good,0.0,3.9889840465642745,0.0409183546491103,578.1395481132371
ACC-10003908,CUS-20003908,Oliver Davies,39 Highfield Gardens,S11 5PG,1973-11-13,50,2024-07-20,employed,120,not_working,living_with_family,39,1,2,55700.0,3529.37,128.54,854.28,2546.55,0.0277,6800.0,car,113,verified,web,22,1,1,pass,pass,340,1,0.3527,1,1,2,full,0,0,0,0,0,0,0,0,0,0,0,0,693,0,0,Known Good,0.0,Known good/bad,0,Known good,0.0,3.6888794541139363,0.04942271202109805,572.4340331554829
ACC-10003909,CUS-20003909,Leo Bennett,231 Highfield Gardens,L8 9UW,1971-12-10,53,2024-12-10,employed,74,not_working,homeowner_mortgage,127,1,0,15700.0,943.62,80.23,564.65,298.74,0.0613,14100.0,major_purchase,115,verified,web,8,0,0,pass,pass,225,6,0.6132,0,0,0,full,0,0,0,0,0,0,0,0,0,0,0,0,914,0,0,Known Good,0.0,Known good/bad,0,Known good,0.0,4.852030263919617,0.026745087329318504,590.8323142501216
ACC-10003913,CUS-20003913,Priya Clarke,84 Willow Drive,OX22 9JG,1983-07-28,41,2024-12-10,employed,109,administrative,homeowner_outright,38,2,0,19900.0,1255.23,148.47,159.74,947.02,0.0895,1700.0,major_purchase,51,verified,web,8,1,0,pass,pass,110,2,0.1447,1,0,0,full,0,0,0,0,0,0,0,0,0,0,0,0,843,0,0,Known Good,0.0,Known good/bad,0,Known good,0.0,3.6635616461296463,0.02598553140107468,591.6861309198072
ACC-10003914,CUS-20003914,Jack Green,203 Park Avenue,G19 6LD,1979-08-25,45,2024-11-21,employed,16,manual,homeowner_outright,52,3,0,110300.0,6933.91,171.66,115.15,6647.1,0.0187,3100.0,debt_consolidation,84,verified,mobile,2,0,0,pass,pass,167,2,0.37,0,0,0,full,0,0,0,0,0,0,0,0,0,0,0,0,811,0,0,Known Good,0.0,Known good/bad,0,Known good,0.0,3.970291913552122,0.02463966326702535,593.260493425289
ACC-10003915,CUS-20003915,Isla Khan,20 Park Avenue,EH10 7FU,1983-02-17,41,2024-11-02,part_time,14,service,social_tenant,88,3,4,36200.0,2298.51,518.65,586.33,1193.53,0.1719,13700.0,home_improvement,19,partially_verified,branch,0,0,0,pass,pass,202,5,0.5175,0,1,1,full,0,0,0,0,0,0,0,0,0,0,0,0,765,0,0,Known Good,0.0,Known good/bad,0,Known good,0.0,4.48863636973214,0.0481588589843871,573.2198301368703
ACC-10003917,CUS-20003917,George Morgan,50 Park Avenue,SO28 3XT,1975-02-27,49,2024-12-26,employed,45,manual,homeowner_mortgage,107,3,1,41300.0,2584.97,274.11,848.54,1462.32,0.0796,8400.0,debt_consolidation,52,verified,mobile,20,1,0,pass,pass,244,5,0.9384,1,0,0,full,0,0,0,0,0,0,0,0,0,0,0,0,789,0,0,Known Good,0.0,Known good/bad,0,Known good,0.0,4.68213122712422,0.04113596514456062,577.9799574103387
ACC-10003918,CUS-20003918,Daniel Lewis,124 Church Street,NE25 4TJ,1983-06-18,41,2024-11-04,employed,49,administrative,homeowner_mortgage,235,4,4,33800.0,2058.62,126.57,783.48,1148.57,0.0449,3600.0,education,21,verified,web,3,2,1,pass,pass,119,6,0.294,2,0,1,full,0,0,0,0,0,0,0,0,0,0,0,0,792,0,0,Known Good,0.0,Known good/bad,0,Known good,0.0,5.4638318050256105,0.008888341114854197,623.142668314355
ACC-10003927,CUS-20003927,Isla Patel,182 Victoria Road,EH25 5DV,2000-02-05,24,2024-12-23,employed,67,skilled,private_tenant,42,2,1,29400.0,1868.21,519.86,434.32,914.03,0.2122,6800.0,debt_consolidation,33,verified,web,20,2,0,refer,pass,47,3,0.3205,2,0,0,full,0,0,0,0,0,0,0,0,0,0,0,0,885,0,0,Known Good,0.0,Known good/bad,0,Known good,0.0,3.7612001156935624,0.0366645528592183,581.434484249735
ACC-10003928,CUS-20003928,Maya Lewis,25 Victoria Road,G22 3JB,2003-07-04,21,2024-07-20,retired,99,managerial,homeowner_mortgage,7,1,1,39100.0,2486.78,245.68,1053.62,1187.48,0.0754,9000.0,home_improvement,25,verified,web,6,0,0,pass,pass,31,6,0.5165,0,0,1,full,0,0,0,0,0,0,0,0,0,0,0,0,763,0,0,Known Good,0.0,Known good/bad,0,Known good,0.0,2.0794415416798357,0.039176782190431844,579.4468802553437
ACC-10003934,CUS-20003934,Maya Bennett,108 Station Lane,NE11 6TV,1985-02-18,39,2024-12-26,employed,18,service,homeowner_outright,46,3,3,12300.0,771.17,352.2,10.33,408.64,0.3436,5000.0,home_improvement,35,partially_verified,web,3,0,0,pass,pass,177,2,0.451,0,1,2,full,0,0,0,0,0,0,0,0,0,0,0,0,801,0,0,Known Good,0.0,Known good/bad,0,Known good,0.0,3.8501476017100584,0.05708647278395903,568.0409690072878
ACC-10003936,CUS-20003936,Maya Patel,155 Mill View,L1 7EX,1969-11-26,54,2024-08-13,employed,76,not_working,homeowner_mortgage,52,2,0,28100.0,1710.3,189.48,674.92,845.9,0.0809,6700.0,home_improvement,87,verified,mobile,21,1,1,pass,pass,397,1,0.3706,1,0,0,full,0,0,0,0,0,0,0,0,0,0,0,0,821,0,0,Known Good,0.0,Known good/bad,0,Known good,0.0,3.970291913552122,0.029432185014455006,587.9901254871764
ACC-10003941,CUS-20003941,Adam Wilson,27 Station Lane,NE25 4DT,1978-01-27,46,2024-08-07,employed,98,professional,private_tenant,77,1,0,12200.0,772.64,80.7,694.77,-2.83,0.0794,9700.0,debt_consolidation,105,verified,web,9,3,0,pass,pass,264,3,0.2507,3,0,0,full,0,0,0,0,0,0,0,0,0,0,0,0,840,0,0,Known Good,0.0,Known good/bad,0,Known good,1.0,4.356708826689592,0.05229328340231941,570.7177382070645
ACC-10003951,CUS-20003951,Noah Patel,215 Highfield Gardens,SO9 5AJ,2000-07-22,24,2024-12-14,retired,119,administrative,homeowner_outright,27,2,2,12400.0,797.56,168.31,78.14,551.11,0.1629,5600.0,home_improvement,93,verified,mobile,2,0,0,pass,pass,29,4,0.6765,0,0,0,full,0,0,0,0,0,0,0,0,0,0,0,0,871,0,0,Known Good,0.0,Known good/bad,0,Known good,0.0,3.332204510175204,0.03869056795027213,579.8218177504523
ACC-10003954,CUS-20003954,Freya Bennett,27 Station Lane,B8 1YQ,1949-08-24,75,2024-09-26,unemployed,0,administrative,homeowner_mortgage,137,5,0,10700.0,668.58,108.66,582.09,-22.17,0.1219,15100.0,home_improvement,79,verified,mobile,14,1,1,refer,pass,372,1,0.36,1,1,1,full,0,0,0,0,0,0,0,0,0,0,0,0,713,0,0,Known Good,0.0,Known good/bad,0,Known good,1.0,4.927253685157205,0.06933655043319281,562.0543078206778
ACC-10003959,CUS-20003959,Noah Wilson,53 Mill View,L18 7DV,1983-10-20,40,2024-09-18,employed,11,administrative,homeowner_mortgage,14,3,1,37500.0,2368.75,934.67,970.19,463.89,0.2991,9300.0,home_improvement,100,verified,web,17,2,1,pass,pass,154,3,0.6373,2,0,0,full,0,0,0,0,0,0,0,0,0,0,0,0,758,0,0,Known Good,0.0,Known good/bad,0,Known good,0.0,2.70805020110221,0.05910705200243928,566.9754444939363
ACC-10003961,CUS-20003961,Priya Foster,26 Meadow Close,L11 2EE,1986-01-23,38,2024-10-06,employed,28,skilled,homeowner_outright,197,1,1,61800.0,3866.73,160.52,47.6,3658.61,0.0312,5500.0,major_purchase,58,verified,mobile,8,2,0,pass,pass,87,4,0.6084,2,0,0,full,0,0,0,0,0,0,0,0,0,0,0,0,787,0,0,Known Good,0.0,Known good/bad,0,Known good,0.0,5.288267030694535,0.031630160909154444,585.846583114312
ACC-10003962,CUS-20003962,Adam Taylor,179 Willow Drive,EH17 4WU,1974-05-22,50,2024-08-14,employed,81,administrative,homeowner_mortgage,51,1,0,48900.0,3111.97,206.32,1093.16,1812.49,0.0506,30000.0,home_improvement,104,verified,telephone,0,1,1,pass,pass,144,4,0.3033,1,0,0,full,0,0,0,0,0,0,0,0,0,0,0,0,808,0,0,Known Good,0.0,Known good/bad,0,Known good,0.0,3.9512437185814275,0.027373269720635023,590.1438074428961
ACC-10003975,CUS-20003975,Priya Morgan,150 Mill View,PL3 9TP,1992-12-07,31,2024-07-19,part_time,37,service,social_tenant,122,3,0,15600.0,987.16,236.85,872.97,-122.66,0.1822,7600.0,car,37,verified,web,19,0,0,pass,pass,136,7,0.2326,0,0,0,full,0,0,0,0,0,0,0,0,0,0,0,0,862,0,0,Known Good,0.0,Known good/bad,0,Known good,1.0,4.812184355372417,0.03489183868183089,582.9174583433286
ACC-10003979,CUS-20003979,Adam Jones,164 Victoria Road,NG26 8RD,1989-06-27,35,2024-08-18,employed,40,professional,homeowner_mortgage,56,2,0,46800.0,2954.8,672.46,571.71,1710.63,0.1724,22200.0,car,66,verified,telephone,0,1,0,pass,pass,178,5,0.6665,1,0,0,full,0,0,0,0,0,0,0,0,0,0,0,0,797,0,0,Known Good,0.0,Known good/bad,0,Known good,0.0,4.04305126783455,0.039288771503731945,579.3611539369331
ACC-10003980,CUS-20003980,Oliver Patel,202 Highfield Gardens,G23 2VU,1964-12-30,59,2024-12-03,employed,44,skilled,homeowner_outright,129,5,0,8000.0,542.01,140.62,87.62,313.77,0.2109,7300.0,home_improvement,115,verified,web,16,0,0,pass,pass,428,6,0.1078,0,0,0,full,0,0,0,0,0,0,0,0,0,0,0,0,896,0,0,Known Good,0.0,Known good/bad,0,Known good,0.0,4.867534450455582,0.01981115918614536,599.6963665982036
ACC-10003997,CUS-20003997,George Bennett,154 Station Lane,LS5 2WR,1978-02-15,46,2024-08-29,employed,32,professional,private_tenant,26,2,0,20800.0,1273.09,246.17,680.68,346.24,0.142,11100.0,car,61,verified,web,20,1,0,pass,pass,318,6,0.4341,1,0,0,partial,0,0,0,0,0,0,0,0,0,0,0,0,756,0,0,Known Good,0.0,Known good/bad,0,Known good,0.0,3.295836866004329,0.036073671411276785,581.9209706278222
ACC-10003998,CUS-20003998,Freya Shah,218 Station Lane,NR6 6QL,1988-07-05,36,2024-09-21,self_employed,87,not_working,homeowner_outright,72,3,1,25500.0,1605.96,201.24,169.27,1235.45,0.0947,6600.0,other,118,verified,mobile,9,0,0,pass,pass,151,3,0.2895,0,0,0,full,0,0,0,0,0,0,0,0,0,0,0,0,888,0,0,Known Good,0.0,Known good/bad,0,Known good,0.0,4.290459441148391,0.023162239488744376,595.0883225027488
ACC-10003999,CUS-20003999,Isla Taylor,48 Meadow Close,NG3 1JJ,2006-06-10,18,2024-11-23,employed,59,professional,living_with_family,13,3,0,20900.0,1266.8,309.82,707.84,249.14,0.1779,6600.0,other,17,not_verified,telephone,20,1,0,pass,pass,0,2,0.2906,1,0,0,partial,0,0,0,0,0,0,0,0,0,0,0,0,810,0,0,Known Good,0.0,Known good/bad,0,Known good,0.0,2.6390573296152584,0.0367211362497511,581.3882943076725
ACC-10004001,CUS-20004001,Priya Hughes,109 Park Avenue,PL6 1VG,1985-10-17,39,2024-11-04,employed,48,managerial,private_tenant,44,2,2,47400.0,2939.23,491.97,972.16,1475.1,0.1245,8900.0,debt_consolidation,27,verified,mobile,17,0,1,pass,pass,181,3,0.2296,0,0,1,full,0,0,0,0,0,0,0,0,0,0,0,0,808,0,0,Known Good,0.0,Known good/bad,0,Known good,0.0,3.8066624897703196,0.024410198810070952,593.5372507226411
ACC-10004003,CUS-20004003,Oliver Davies,102 Willow Drive,L8 3UW,1981-12-30,42,2024-08-21,employed,56,service,homeowner_mortgage,84,2,1,38400.0,2496.87,227.47,775.29,1494.11,0.0711,3400.0,car,31,verified,web,2,5,0,pass,pass,233,0,0.5852,5,0,0,full,0,0,0,0,0,0,0,0,0,0,0,0,741,0,0,Known Good,0.0,Known good/bad,0,Known good,0.0,4.442651256490317,0.05408826075375996,569.6892394637433
ACC-10004005,CUS-20004005,Noah Davies,64 Mill View,NG10 7LB,1966-07-26,58,2024-08-01,employed,26,manual,private_tenant,191,1,2,27500.0,1694.61,75.05,677.67,941.89,0.0327,5100.0,major_purchase,121,verified,web,6,0,0,pass,pass,181,1,0.3467,0,0,0,full,0,0,0,0,0,0,0,0,0,0,0,0,817,0,0,Known Good,0.0,Known good/bad,0,Known good,0.0,5.2574953720277815,0.01979221873075255,599.7245231066817
ACC-10004006,CUS-20004006,Amelia Khan,67 Highfield Gardens,LS26 2EP,1975-02-17,49,2024-12-14,unemployed,0,administrative,private_tenant,43,2,1,17700.0,1079.99,88.1,1040.12,-48.23,0.0597,2000.0,car,32,verified,web,17,1,0,pass,pass,139,7,0.4677,1,0,0,partial,0,0,0,0,0,0,0,0,0,0,0,0,825,0,0,Known Good,0.0,Known good/bad,0,Known good,1.0,3.784189633918261,0.05167962608107499,571.0770160975729
ACC-10004007,CUS-20004007,Maya Morgan,107 Kingfisher Way,NG20 6WL,1973-03-18,51,2024-12-14,self_employed,30,service,private_tenant,43,3,1,31300.0,1944.61,252.21,1081.3,611.1,0.0967,10200.0,home_improvement,91,verified,web,9,0,0,pass,fail,229,1,0.2752,0,0,0,full,0,0,0,0,0,0,0,0,0,0,0,0,847,0,0,Known Good,0.0,Known good/bad,0,Known good,0.0,3.784189633918261,0.024906330760620377,592.9420044267595
ACC-10004010,CUS-20004010,Amelia Lewis,42 Mill View,OX12 7SV,1987-12-10,36,2024-10-26,employed,53,administrative,social_tenant,62,3,0,19800.0,1290.76,381.92,961.31,-52.47,0.2315,10700.0,debt_consolidation,9,not_verified,web,17,2,1,pass,refer,97,1,0.3928,2,0,0,partial,0,0,0,0,0,0,0,0,0,0,0,0,887,0,0,Known Good,0.0,Known good/bad,0,Known good,1.0,4.143134726391533,0.05909135556077445,566.9835892912548
ACC-10004014,CUS-20004014,Maya Taylor,71 Mill View,NE20 4JV,1970-01-14,54,2024-09-09,retired,53,managerial,homeowner_mortgage,88,4,1,44300.0,2701.24,895.67,909.97,895.6,0.2426,11600.0,debt_consolidation,83,verified,branch,4,1,1,pass,pass,301,4,0.1037,1,0,1,full,0,0,0,0,0,0,0,0,0,0,0,0,780,0,0,Known Good,0.0,Known good/bad,0,Known good,0.0,4.48863636973214,0.02455502699709476,593.3622797186333
ACC-10004022,CUS-20004022,Ava Hughes,33 Mill View,CF16 4SA,1980-01-17,44,2024-10-14,self_employed,32,manual,homeowner_mortgage,20,2,0,28200.0,1762.15,306.99,819.85,635.31,0.1306,6500.0,car,27,verified,web,20,1,1,pass,pass,175,5,0.2772,1,0,1,full,0,0,0,0,0,0,0,0,0,0,0,0,881,0,0,Known Good,0.0,Known good/bad,0,Known good,0.0,3.044522437723423,0.032897422488859164,584.6753254342821
ACC-10004024,CUS-20004024,Oliver Morgan,90 Mill View,SO9 5FW,1961-04-20,63,2024-09-04,employed,73,manual,homeowner_outright,120,2,1,24900.0,1560.5,643.65,105.39,811.46,0.3102,4100.0,car,35,verified,mobile,18,3,0,pass,pass,411,5,0.3465,3,0,0,full,0,0,0,0,0,0,0,0,0,0,0,0,847,0,0,Known Good,0.0,Known good/bad,0,Known good,0.0,4.795790545596741,0.03873549108777363,579.7869868704227
ACC-10004028,CUS-20004028,Sofia Taylor,123 Willow Drive,RG11 2GD,1985-12-07,38,2024-10-24,employed,126,skilled,private_tenant,19,5,2,37800.0,2516.1,342.26,471.06,1702.78,0.1087,2500.0,major_purchase,22,verified,mobile,11,1,0,pass,pass,116,5,0.2156,1,1,1,full,0,0,0,0,0,0,0,0,0,0,0,0,818,0,0,Known Good,0.0,Known good/bad,0,Known good,0.0,2.995732273553991,0.05248129851582748,570.6084581482459
ACC-10004037,CUS-20004037,Aisha Roberts,61 Park Avenue,M20 9DA,1987-09-30,36,2024-08-27,employed,83,not_working,homeowner_mortgage,17,2,1,13400.0,904.29,56.06,422.59,425.64,0.0502,8700.0,major_purchase,184,partially_verified,web,6,1,0,pass,pass,68,3,0.4098,1,0,0,partial,0,0,0,0,0,0,0,0,0,0,0,0,935,0,0,Known Good,0.0,Known good/bad,0,Known good,0.0,2.8903717578961645,0.03537461638308424,582.5065235326838
ACC-10004038,CUS-20004038,Isla Shah,160 Church Street,LS16 7EP,1995-05-06,29,2024-12-14,employed,87,not_working,private_tenant,32,1,0,37900.0,2307.13,600.87,751.77,954.49,0.1902,8000.0,education,40,verified,web,1,0,0,fail,refer,54,5,0.3339,0,0,0,partial,0,0,0,0,0,0,0,0,0,0,0,0,859,0,0,Known Good,0.0,Known good/bad,0,Known good,0.0,3.4965075614664802,0.010809087350104876,617.4415235010802
ACC-10004041,CUS-20004041,Daniel Taylor,63 Park Avenue,NR29 8BH,1974-10-25,50,2024-11-08,employed,71,managerial,homeowner_outright,70,5,0,50500.0,3350.52,29.36,16.44,3304.72,0.007,3900.0,debt_consolidation,53,verified,branch,6,0,0,pass,pass,279,2,0.2375,0,0,0,partial,0,0,0,0,0,0,0,0,0,0,0,0,964,0,0,Known Good,0.0,Known good/bad,0,Known good,0.0,4.2626798770413155,0.02093887726032525,598.0657349580104
ACC-10004047,CUS-20004047,Daniel Lewis,43 Highfield Gardens,CF12 2QA,1970-09-18,53,2024-07-24,employed,32,skilled,private_tenant,88,2,2,22600.0,1474.85,35.56,482.74,956.55,0.0189,7100.0,car,118,verified,mobile,10,1,0,pass,pass,211,4,0.0905,1,0,0,full,0,0,0,0,0,0,0,0,0,0,0,0,963,0,0,Known Good,0.0,Known good/bad,0,Known good,0.0,4.48863636973214,0.02065724244899722,598.4647619539921
ACC-10004049,CUS-20004049,Noah Shah,75 Station Lane,S4 9BS,1984-12-03,39,2024-08-04,employed,26,not_working,living_with_family,117,5,0,17200.0,1079.3,1174.5,906.84,-1002.04,0.8194,5300.0,education,45,verified,web,15,0,0,pass,pass,247,2,0.5049,0,0,0,full,0,0,0,0,0,0,0,0,0,0,0,0,869,0,0,Known Good,0.0,Known good/bad,0,Known good,1.0,4.770684624465665,0.02580182187251946,591.8962850400518
ACC-10004053,CUS-20004053,Ava Roberts,167 Kingfisher Way,B5 2FD,1986-06-26,38,2024-11-02,employed,44,manual,private_tenant,21,2,0,21900.0,1377.16,382.98,461.49,532.69,0.2099,7400.0,debt_consolidation,79,verified,web,1,0,0,fail,pass,170,3,0.6706,0,0,1,full,0,0,0,0,0,0,0,0,0,0,0,0,870,0,0,Known Good,0.0,Known good/bad,0,Known good,0.0,3.091042453358316,0.041393760149607904,577.7919385832935
ACC-10004057,CUS-20004057,Adam Khan,228 Station Lane,M19 4TF,1992-03-21,32,2024-11-21,employed,45,manual,social_tenant,51,3,0,30500.0,1966.74,234.1,958.29,774.35,0.0921,6500.0,major_purchase,97,verified,branch,17,1,0,pass,pass,63,1,0.1263,1,0,0,full,0,0,0,0,0,0,0,0,0,0,0,0,863,0,0,Known Good,0.0,Known good/bad,0,Known good,0.0,3.9512437185814275,0.024478045000047167,593.4551581851936
ACC-10004063,CUS-20004063,Theo Khan,89 Victoria Road,B8 5GT,1984-09-19,40,2024-12-25,employed,10,administrative,private_tenant,66,3,0,33700.0,2098.26,123.22,1019.93,955.11,0.0439,5600.0,car,88,verified,mobile,18,2,0,pass,pass,197,2,0.155,2,0,0,full,0,0,0,0,0,0,0,0,0,0,0,0,798,0,0,Known Good,0.0,Known good/bad,0,Known good,0.0,4.204692619390966,0.026500591647166425,591.1045487577182
ACC-10004070,CUS-20004070,Sofia Patel,195 Willow Drive,NG26 5SW,1983-07-27,41,2024-12-09,retired,130,service,private_tenant,13,3,3,46600.0,2742.59,221.66,560.65,1960.28,0.0571,4200.0,debt_consolidation,92,verified,web,18,0,0,pass,pass,150,2,0.0369,0,0,1,full,0,0,0,0,0,0,0,0,0,0,0,0,913,0,0,Known Good,0.0,Known good/bad,0,Known good,0.0,2.6390573296152584,0.024097276133582514,593.9187835233543
ACC-10004071,CUS-20004071,Oliver Clarke,39 Kingfisher Way,G22 5JR,1973-09-09,51,2024-12-07,employed,131,service,homeowner_mortgage,47,6,0,43800.0,2731.08,342.1,983.75,1405.23,0.0937,12700.0,car,74,not_verified,web,4,0,0,pass,pass,218,3,0.5355,0,0,0,full,0,0,0,0,0,0,0,0,0,0,0,0,856,0,0,Known Good,0.0,Known good/bad,0,Known good,0.0,3.871201010907891,0.03017414107732979,587.2496984423592
ACC-10004072,CUS-20004072,Noah Morgan,76 Park Avenue,SO5 6VG,1975-03-23,49,2024-12-09,employed,90,manual,private_tenant,90,2,0,36600.0,2487.1,392.1,994.82,1100.18,0.1286,6200.0,other,178,verified,branch,17,4,0,pass,pass,255,5,0.1496,4,1,1,full,0,0,0,0,0,0,0,0,0,0,0,0,702,0,0,Known Good,0.0,Known good/bad,0,Known good,0.0,4.51085950651685,0.05851187920225482,567.2857048709487
ACC-10004074,CUS-20004074,Amelia Taylor,58 Oak Road,RG23 4XQ,1993-07-09,31,2024-12-13,employed,51,managerial,homeowner_mortgage,74,5,1,27600.0,1655.35,95.47,599.19,960.69,0.0415,13900.0,car,125,verified,branch,16,0,0,pass,pass,142,4,0.5263,0,0,0,full,0,0,0,0,0,0,0,0,0,0,0,0,848,0,0,Known Good,0.0,Known good/bad,0,Known good,0.0,4.31748811353631,0.026829443512971046,590.7389489186122
ACC-10004077,CUS-20004077,Priya Foster,53 Meadow Close,M27 7XS,1980-12-25,43,2024-12-12,part_time,108,professional,living_with_family,61,5,0,52500.0,3352.73,116.63,514.07,2722.03,0.0267,4500.0,other,96,not_verified,mobile,19,3,0,pass,pass,94,0,0.4566,3,1,1,full,0,0,0,0,0,0,0,0,0,0,0,0,748,0,0,Known Good,0.0,Known good/bad,0,Known good,0.0,4.127134385045092,0.06457198302449284,564.2558042255711
ACC-10004081,CUS-20004081,Jack Taylor,172 Victoria Road,CF17 4LE,1978-11-24,45,2024-10-16,employed,215,skilled,homeowner_outright,155,5,1,25200.0,1544.91,219.29,22.04,1303.58,0.1044,16100.0,education,16,verified,web,15,1,0,pass,refer,313,2,0.514,1,0,0,full,0,0,0,0,0,0,0,0,0,0,0,0,935,0,0,Known Good,0.0,Known good/bad,0,Known good,0.0,5.049856007249537,0.010396795922268973,618.5756617690572
ACC-10004089,CUS-20004089,Sofia Davies,138 Park Avenue,RG24 4XX,1959-08-22,64,2024-07-17,part_time,152,skilled,living_with_family,155,1,0,39600.0,2399.37,169.23,836.51,1393.63,0.0513,17100.0,major_purchase,49,verified,web,0,2,0,pass,pass,293,3,0.5357,2,0,0,none,0,0,0,0,0,0,0,0,0,0,0,0,694,0,0,Known Good,0.0,Known good/bad,0,Known good,0.0,5.049856007249537,0.03147730588630004,585.9909138383941
ACC-10004092,CUS-20004092,Ava Hughes,16 Meadow Close,SO4 3JP,1977-08-23,47,2024-10-25,employed,54,skilled,social_tenant,87,2,1,28900.0,1778.18,96.85,597.49,1083.84,0.0402,9100.0,other,99,verified,branch,17,1,1,pass,pass,131,4,0.3071,1,0,0,full,0,0,0,0,0,0,0,0,0,0,0,0,867,0,0,Known Good,0.0,Known good/bad,0,Known good,0.0,4.477336814478207,0.025013658420676516,592.8147567311324
ACC-10004096,CUS-20004096,Maya Roberts,28 Oak Road,OX18 7VX,1971-01-18,53,2024-10-29,employed,139,not_working,private_tenant,27,1,0,29500.0,1796.37,51.75,1301.7,442.92,0.0211,9500.0,home_improvement,22,verified,mobile,12,0,0,pass,pass,194,5,0.3143,0,0,0,full,0,0,0,0,0,0,0,0,0,0,0,0,872,0,0,Known Good,0.0,Known good/bad,0,Known good,0.0,3.332204510175204,0.02619177757214127,591.4519122414638
ACC-10004097,CUS-20004097,Leo Hughes,102 Oak Road,RG6 2YT,1979-07-15,45,2024-11-07,employed,17,skilled,private_tenant,4,5,1,34100.0,2149.52,283.37,999.95,866.2,0.0997,3900.0,home_improvement,61,verified,web,22,1,1,pass,pass,163,6,0.3969,1,0,0,full,0,0,0,0,0,0,0,0,0,0,0,0,844,0,0,Known Good,0.0,Known good/bad,0,Known good,0.0,1.6094379124341003,0.0445563965923099,575.5722012212219
ACC-10004105,CUS-20004105,Freya Bennett,166 Victoria Road,G11 2NT,1984-01-27,40,2024-10-27,self_employed,45,not_working,homeowner_outright,17,3,1,15200.0,932.06,44.02,21.75,866.29,0.0348,17500.0,major_purchase,212,not_verified,web,13,3,0,pass,pass,196,3,0.5085,3,0,0,full,0,0,0,0,0,0,0,0,0,0,0,0,754,0,0,Known Good,0.0,Known good/bad,0,Known good,0.0,2.8903717578961645,0.04907978506161094,572.6453454781265
ACC-10004109,CUS-20004109,Leo Patel,19 Kingfisher Way,G9 8PA,1984-08-14,40,2024-12-25,employed,113,managerial,living_with_family,75,2,1,19300.0,1218.62,53.57,548.35,616.7,0.0333,5900.0,home_improvement,113,verified,web,0,4,1,pass,pass,132,1,0.358,4,0,0,none,0,0,0,0,0,0,0,0,0,0,0,0,697,0,0,Known Good,0.0,Known good/bad,0,Known good,0.0,4.330733340286331,0.0394030115598836,579.2739458417167
ACC-10004111,CUS-20004111,Oliver Clarke,29 Willow Drive,NE7 1XN,1966-12-07,58,2024-12-28,unemployed,0,manual,private_tenant,24,2,1,14900.0,964.99,164.52,1149.16,-348.69,0.1325,1800.0,home_improvement,126,not_verified,mobile,2,2,0,pass,pass,322,3,0.0898,2,0,0,full,0,0,0,0,0,0,0,0,0,0,0,0,829,0,0,Known Good,0.0,Known good/bad,0,Known good,1.0,3.2188758248682006,0.05041052286341028,571.8330186952088
ACC-10004113,CUS-20004113,Freya Foster,248 Meadow Close,SO12 6JE,1989-05-09,35,2024-08-06,employed,38,service,homeowner_mortgage,33,1,1,22700.0,1445.54,356.94,471.23,617.37,0.1887,8400.0,debt_consolidation,12,verified,web,12,0,0,refer,pass,195,1,0.4707,0,0,1,full,0,0,0,0,0,0,0,0,0,0,0,0,793,0,0,Known Good,0.0,Known good/bad,0,Known good,0.0,3.5263605246161616,0.03244380831033842,585.0894835814175
ACC-10004118,CUS-20004118,Sofia Roberts,202 Park Avenue,NR20 3DJ,1990-04-15,34,2024-12-17,self_employed,48,manual,homeowner_mortgage,62,2,1,21200.0,1266.18,855.35,1193.32,-782.49,0.4842,6200.0,home_improvement,37,verified,web,23,0,1,pass,pass,180,6,0.3455,0,0,1,full,0,0,0,0,0,0,0,0,0,0,0,0,927,0,0,Known Good,0.0,Known good/bad,0,Known good,1.0,4.143134726391533,0.05259126802776983,570.5447118383119
ACC-10004124,CUS-20004124,Sofia Morgan,191 Willow Drive,LS28 3LX,1988-01-05,36,2024-10-16,unemployed,8,managerial,homeowner_mortgage,72,1,1,17400.0,1111.15,271.8,781.08,58.27,0.1874,14700.0,major_purchase,65,partially_verified,mobile,9,0,0,pass,pass,121,3,0.2184,0,0,0,partial,0,0,0,0,0,0,0,0,0,0,0,0,935,0,0,Known Good,0.0,Known good/bad,0,Known good,1.0,4.290459441148391,0.037667571049980204,580.6256849056055
ACC-10004128,CUS-20004128,Maya Lewis,16 Church Street,NR6 9SH,1984-07-30,40,2024-10-28,part_time,81,professional,private_tenant,85,4,1,26700.0,1784.64,476.98,705.1,602.56,0.2144,13000.0,debt_consolidation,133,verified,mobile,5,1,0,pass,refer,256,5,0.406,1,0,0,full,0,0,0,0,0,0,0,0,0,0,0,0,838,0,0,Known Good,0.0,Known good/bad,0,Known good,0.0,4.454347296253507,0.03081147524434847,586.6276293714384
ACC-10004131,CUS-20004131,Isla Khan,151 Station Lane,SO16 1BP,1983-12-20,40,2024-12-01,self_employed,189,skilled,homeowner_mortgage,61,4,2,23600.0,1479.5,982.52,682.51,-185.53,0.4996,5000.0,car,133,verified,web,11,1,0,pass,pass,113,7,0.327,1,0,0,full,0,0,0,0,0,0,0,0,0,0,0,0,893,0,0,Known Good,0.0,Known good/bad,0,Known good,1.0,4.127134385045092,0.059732966291826006,566.6523015113216
ACC-10004134,CUS-20004134,Maya Bennett,230 Park Avenue,L28 2GR,1986-09-12,38,2024-09-27,employed,105,manual,living_with_family,109,3,1,18400.0,1096.93,56.3,351.93,688.7,0.0367,8900.0,car,50,verified,mobile,20,1,0,pass,pass,149,3,0.7208,1,0,0,full,0,0,0,0,0,0,0,0,0,0,0,0,785,0,0,Known Good,0.0,Known good/bad,0,Known good,0.0,4.700480365792417,0.03348144844454382,584.1501477475184
ACC-10004140,CUS-20004140,Jack Morgan,81 Station Lane,L21 8XW,1998-03-16,26,2024-10-28,part_time,30,not_working,homeowner_outright,5,3,0,11600.0,751.84,530.7,49.49,171.65,0.549,27700.0,home_improvement,110,verified,mobile,4,1,1,pass,pass,92,3,0.4773,1,0,0,partial,0,0,0,0,0,0,0,0,0,0,0,0,906,0,0,Known Good,0.0,Known good/bad,0,Known good,0.0,1.791759469228055,0.06318521647686122,564.9249739803466
ACC-10004143,CUS-20004143,Aisha Bennett,75 Willow Drive,NG14 5FQ,1987-03-23,37,2024-11-29,employed,47,manual,private_tenant,45,2,0,24000.0,1523.93,267.37,1266.13,-9.57,0.1337,2900.0,debt_consolidation,34,verified,web,2,0,1,pass,pass,118,4,0.8121,0,0,0,full,0,0,0,0,0,0,0,0,0,0,0,0,811,0,0,Known Good,0.0,Known good/bad,0,Known good,1.0,3.828641396489095,0.062096908157883254,565.4597866509273
ACC-10004150,CUS-20004150,Isla Shah,147 Highfield Gardens,CF7 4BA,1972-04-24,52,2024-08-01,employed,62,manual,homeowner_mortgage,33,3,1,36200.0,2184.78,65.31,1066.51,1052.96,0.0216,6400.0,home_improvement,26,partially_verified,telephone,23,3,1,pass,pass,333,3,0.2564,3,0,0,full,0,0,0,0,0,0,0,0,0,0,0,0,938,0,0,Known Good,0.0,Known good/bad,0,Known good,0.0,3.5263605246161616,0.0360044409709128,581.9784707689081
ACC-10004153,CUS-20004153,Adam Hughes,37 Meadow Close,RG12 7RJ,1996-08-06,28,2024-11-04,retired,88,professional,homeowner_mortgage,62,2,0,60800.0,4122.49,263.44,561.18,3297.87,0.052,3200.0,car,16,verified,mobile,9,2,1,pass,pass,75,6,0.6625,2,0,0,full,0,0,0,0,0,0,0,0,0,0,0,0,724,0,0,Known Good,0.0,Known good/bad,0,Known good,0.0,4.143134726391533,0.0403071232117775,578.5921974166424
ACC-10004154,CUS-20004154,Maya Jones,101 Kingfisher Way,BS11 4GV,1961-12-22,62,2024-07-13,unemployed,0,administrative,private_tenant,62,2,0,10500.0,645.77,694.9,1145.93,-1195.06,0.7942,20500.0,car,89,verified,telephone,0,1,1,pass,pass,311,2,0.3414,1,0,0,full,0,0,0,0,0,0,0,0,0,0,0,0,823,0,0,Known Good,0.0,Known good/bad,0,Known good,1.0,4.143134726391533,0.07388265114463045,560.0806255830158
ACC-10004156,CUS-20004156,Freya Foster,5 Meadow Close,PL12 5BD,1971-07-17,53,2024-12-04,part_time,32,manual,homeowner_mortgage,56,6,1,39500.0,2580.77,414.66,962.45,1203.66,0.126,8800.0,debt_consolidation,76,verified,web,19,3,0,pass,pass,158,3,0.2864,3,0,0,full,0,0,0,0,0,0,0,0,0,0,0,0,831,0,0,Known Good,0.0,Known good/bad,0,Known good,0.0,4.04305126783455,0.03655441690690407,581.5245869854245
ACC-10004158,CUS-20004158,Adam Morgan,7 Oak Road,G20 5HN,1986-10-25,38,2024-10-27,employed,72,not_working,living_with_family,60,1,0,24800.0,1565.2,383.83,948.58,232.79,0.1857,12700.0,major_purchase,45,not_verified,branch,5,1,0,pass,pass,229,4,0.3223,1,0,0,full,0,0,0,0,0,0,0,0,0,0,0,0,881,0,0,Known Good,0.0,Known good/bad,0,Known good,0.0,4.110873864173311,0.029850170668074147,587.5708059685722
ACC-10004161,CUS-20004161,Noah Davies,125 Victoria Road,CF26 7JG,1981-09-22,43,2024-12-16,employed,227,managerial,homeowner_outright,11,2,0,39600.0,2575.33,212.78,141.14,2221.41,0.0645,26900.0,car,84,verified,mobile,9,1,1,pass,pass,270,7,0.4514,1,0,0,partial,0,0,0,0,0,0,0,0,0,0,0,0,883,0,0,Known Good,0.0,Known good/bad,0,Known good,0.0,2.4849066497880004,0.03942541193873453,579.2568743722022
ACC-10004171,CUS-20004171,Priya Foster,128 Mill View,M26 9FS,1994-01-27,30,2024-08-31,employed,10,not_working,homeowner_mortgage,49,2,0,29100.0,1838.1,1165.43,658.77,13.9,0.4806,3300.0,home_improvement,187,verified,web,9,4,0,pass,pass,121,6,0.5902,4,0,0,none,0,0,0,0,0,0,0,0,0,0,0,0,729,0,0,Known Good,0.0,Known good/bad,0,Known good,1.0,3.912023005428146,0.10813553724177315,548.0025513403697
ACC-10004173,CUS-20004173,Aisha Evans,133 Kingfisher Way,M12 1HX,1977-12-10,46,2024-10-22,employed,65,not_working,social_tenant,66,7,2,47700.0,3097.72,462.86,651.74,1983.12,0.1164,8100.0,debt_consolidation,31,verified,web,23,0,1,refer,pass,272,7,0.3028,0,0,1,full,0,0,0,0,0,0,0,0,0,0,0,0,886,0,0,Known Good,0.0,Known good/bad,0,Known good,0.0,4.204692619390966,0.024117219461174243,593.8943237483791
ACC-10004175,CUS-20004175,Freya Jones,125 Meadow Close,CF9 4XL,1956-02-05,68,2024-11-05,employed,54,not_working,private_tenant,32,2,1,40600.0,2472.82,511.03,849.69,1112.1,0.151,10000.0,debt_consolidation,63,verified,mobile,20,2,0,pass,pass,531,4,0.399,2,0,0,full,0,0,0,0,0,0,0,0,0,0,0,0,858,0,0,Known Good,0.0,Known good/bad,0,Known good,0.0,3.4965075614664802,0.03897112071369438,579.6049253966696
ACC-10004179,CUS-20004179,Oliver Khan,71 Park Avenue,L28 1QA,1971-12-08,52,2024-07-11,employed,12,administrative,homeowner_mortgage,33,3,1,30400.0,1865.95,369.27,748.16,748.52,0.1458,4500.0,debt_consolidation,25,verified,mobile,17,0,1,pass,pass,163,5,0.4433,0,0,0,full,0,0,0,0,0,0,0,0,0,0,0,0,841,0,0,Known Good,0.0,Known good/bad,0,Known good,0.0,3.5263605246161616,0.030779966129777788,586.6580897345176
ACC-10004180,CUS-20004180,Adam Clarke,33 Park Avenue,S18 9AX,1976-02-03,48,2024-10-06,self_employed,121,service,homeowner_mortgage,60,3,0,16500.0,1061.95,882.08,247.98,-68.11,0.6415,9600.0,debt_consolidation,51,verified,mobile,21,2,1,pass,refer,205,4,0.303,2,1,2,full,0,0,0,0,0,0,0,0,0,0,0,0,732,0,0,Known Good,0.0,Known good/bad,0,Known good,1.0,4.110873864173311,0.1207094537387517,544.4189019629824
ACC-10004183,CUS-20004183,Noah Khan,48 Victoria Road,G14 9VT,1974-01-05,50,2024-09-10,employed,39,administrative,social_tenant,207,2,1,14800.0,908.02,208.53,1002.07,-302.58,0.1691,11300.0,other,13,verified,web,0,5,0,pass,pass,306,4,0.5944,5,0,1,partial,0,0,0,0,0,0,0,0,0,0,0,0,802,0,0,Known Good,0.0,Known good/bad,0,Known good,1.0,5.337538079701318,0.08017465982650568,557.5257104114713
ACC-10004187,CUS-20004187,Ava Taylor,229 Park Avenue,SO12 7ND,1959-11-30,64,2024-08-21,part_time,86,professional,private_tenant,132,3,0,37600.0,2445.12,52.52,884.52,1508.08,0.0168,30000.0,debt_consolidation,54,partially_verified,web,20,2,0,refer,pass,251,1,0.3857,2,1,1,full,0,0,0,0,0,0,0,0,0,0,0,0,752,0,0,Known Good,0.0,Known good/bad,0,Known good,0.0,4.890349128221754,0.047312407239719786,573.7571307752276
ACC-10004189,CUS-20004189,Aisha Wilson,84 Meadow Close,M17 6FL,1966-08-11,58,2024-12-19,self_employed,22,not_working,homeowner_mortgage,42,2,2,23100.0,1401.34,147.57,729.47,524.3,0.0767,12300.0,home_improvement,28,partially_verified,mobile,12,1,0,pass,pass,366,2,0.4705,1,0,1,full,0,0,0,0,0,0,0,0,0,0,0,0,820,0,0,Known Good,0.0,Known good/bad,0,Known good,0.0,3.7612001156935624,0.03286941578083366,584.7007357947888
ACC-10004191,CUS-20004191,Sofia Morgan,164 Station Lane,NE8 5XR,1983-01-14,41,2024-10-16,employed,86,skilled,homeowner_mortgage,100,1,2,71300.0,4572.18,179.73,917.46,3474.99,0.0302,9900.0,debt_consolidation,31,verified,mobile,2,0,0,pass,pass,242,3,0.3397,0,1,2,full,0,0,0,0,0,0,0,0,0,0,0,0,810,0,0,Known Good,0.0,Known good/bad,0,Known good,0.0,4.61512051684126,0.03709766723694439,581.0826581466232
ACC-10004196,CUS-20004196,Noah Hughes,164 Highfield Gardens,EH3 3FL,1973-07-29,50,2024-07-25,employed,32,skilled,living_with_family,45,3,0,55600.0,3679.65,282.79,793.72,2603.14,0.061,7000.0,debt_consolidation,95,verified,web,23,1,0,pass,pass,359,4,0.4051,1,0,1,partial,0,0,0,0,0,0,0,0,0,0,0,0,839,0,0,Known Good,0.0,Known good/bad,0,Known good,0.0,3.828641396489095,0.03051639276980938,586.914079457345
ACC-10004197,CUS-20004197,Maya Wilson,30 Church Street,RG22 4SH,1974-03-01,50,2024-08-05,part_time,51,administrative,private_tenant,101,2,0,27700.0,1742.15,82.38,682.16,977.61,0.0357,4800.0,debt_consolidation,107,partially_verified,web,12,2,0,pass,pass,197,1,0.4668,2,1,1,full,0,0,0,0,0,0,0,0,0,0,0,0,653,0,0,Known Good,0.0,Known good/bad,0,Known good,0.0,4.624972813284271,0.0532810874836123,570.1476903908773
ACC-10004200,CUS-20004200,Leo Lewis,153 Park Avenue,NG26 7FE,1976-01-10,48,2024-10-10,employed,32,professional,homeowner_mortgage,42,1,0,62600.0,3910.21,308.81,683.36,2918.04,0.0592,8000.0,education,47,verified,web,7,1,1,pass,pass,135,5,0.1031,1,0,0,full,0,0,0,0,0,0,0,0,0,0,0,0,913,0,0,Known Good,0.0,Known good/bad,0,Known good,0.0,3.7612001156935624,0.008908947412409106,623.0752523458632
ACC-10004204,CUS-20004204,Noah Foster,132 Station Lane,RG1 5DX,1994-12-15,29,2024-08-19,employed,68,administrative,homeowner_mortgage,109,3,0,37800.0,2394.8,272.26,794.28,1328.26,0.0864,8100.0,major_purchase,85,not_verified,telephone,18,2,0,pass,pass,98,4,0.2665,2,0,1,full,0,0,0,0,0,0,0,0,0,0,0,0,864,0,0,Known Good,0.0,Known good/bad,0,Known good,0.0,4.700480365792417,0.02756082136193445,589.941220817202
ACC-10004205,CUS-20004205,Isla Patel,63 Park Avenue,S9 7NH,1988-09-09,35,2024-08-14,employed,36,not_working,private_tenant,65,2,0,32500.0,2022.72,380.73,795.42,846.57,0.1406,19900.0,car,61,verified,mobile,2,2,0,pass,pass,174,3,0.6253,2,0,0,full,0,0,0,0,0,0,0,0,0,0,0,0,729,0,0,Known Good,0.0,Known good/bad,0,Known good,0.0,4.189654742026425,0.041379279006610405,577.8024704400425
ACC-10004206,CUS-20004206,Priya Davies,137 Oak Road,OX9 6UA,1979-07-19,45,2024-10-09,employed,116,skilled,private_tenant,93,1,3,43400.0,2599.95,558.18,431.61,1610.16,0.1543,5000.0,major_purchase,172,verified,branch,4,1,0,pass,pass,202,2,0.2524,1,0,0,partial,0,0,0,0,0,0,0,0,0,0,0,0,897,0,0,Known Good,0.0,Known good/bad,0,Known good,0.0,4.543294782270004,0.02572194070004867,591.9881196977628
ACC-10004208,CUS-20004208,Leo Roberts,182 Park Avenue,NE11 8YJ,1961-04-03,63,2024-07-04,employed,70,managerial,private_tenant,91,1,0,39400.0,2462.5,289.92,483.53,1689.05,0.0883,17000.0,major_purchase,38,verified,branch,7,0,0,pass,pass,188,0,0.5771,0,0,0,full,0,0,0,0,0,0,0,0,0,0,0,0,803,0,0,Known Good,0.0,Known good/bad,0,Known good,0.0,4.5217885770490405,0.027957248476725146,589.5173858503515
ACC-10004209,CUS-20004209,Priya Shah,62 Park Avenue,EH10 5LN,1976-06-24,48,2024-12-05,employed,101,not_working,private_tenant,44,3,2,38600.0,2433.97,179.52,180.0,2074.45,0.0558,5800.0,debt_consolidation,54,verified,web,13,1,0,pass,refer,251,4,0.2348,1,0,0,none,0,0,0,0,0,0,0,0,0,0,0,0,897,0,0,Known Good,0.0,Known good/bad,0,Known good,0.0,3.8066624897703196,0.02662994255942983,590.9602196785472
ACC-10004210,CUS-20004210,Oliver Lewis,240 Mill View,RG21 9YL,1997-02-09,27,2024-07-30,part_time,31,not_working,social_tenant,20,5,0,31100.0,1965.56,1026.8,790.36,148.4,0.3962,17700.0,car,146,verified,web,4,1,0,pass,pass,76,3,0.0438,1,0,0,full,0,0,0,0,0,0,0,0,0,0,0,0,897,0,0,Known Good,0.0,Known good/bad,0,Known good,1.0,3.044522437723423,0.05290758930560998,570.3620484379366
ACC-10004215,CUS-20004215,Theo Hughes,190 Church Street,BS21 2XB,1957-10-01,66,2024-09-11,employed,64,professional,private_tenant,84,1,1,22100.0,1421.35,228.33,795.58,397.44,0.124,1600.0,debt_consolidation,135,partially_verified,branch,6,1,0,pass,pass,259,2,0.2036,1,0,0,full,0,0,0,0,0,0,0,0,0,0,0,0,788,0,0,Known Good,0.0,Known good/bad,0,Known good,0.0,4.442651256490317,0.024599187058101987,593.3091288203976
ACC-10004216,CUS-20004216,Oliver Hughes,104 Station Lane,RG13 7JP,1980-06-04,44,2024-08-21,part_time,31,professional,social_tenant,96,2,0,20700.0,1351.08,160.52,614.85,575.71,0.0931,7800.0,car,87,verified,mobile,8,0,0,pass,refer,264,8,0.6151,0,0,0,full,0,0,0,0,0,0,0,0,0,0,0,0,817,0,0,Known Good,0.0,Known good/bad,0,Known good,0.0,4.574710978503383,0.02867146067097026,588.768317030765
ACC-10004217,CUS-20004217,Adam Khan,96 Park Avenue,B14 3WY,1975-06-10,49,2024-11-14,employed,38,not_working,private_tenant,13,3,0,64600.0,4261.25,461.82,859.51,2939.92,0.0858,7100.0,debt_consolidation,101,verified,telephone,5,4,0,pass,pass,298,4,0.4379,4,1,1,full,0,0,0,0,0,0,0,0,0,0,0,0,722,0,0,Known Good,0.0,Known good/bad,0,Known good,0.0,2.6390573296152584,0.09449949157108209,552.329615780431
ACC-10004219,CUS-20004219,Theo Davies,142 Willow Drive,BS24 6JJ,1983-07-03,41,2024-12-09,employed,168,manual,homeowner_outright,44,3,1,18800.0,1158.93,414.81,91.56,652.56,0.2648,2500.0,debt_consolidation,21,partially_verified,telephone,6,3,1,pass,pass,113,8,0.4932,3,0,0,partial,0,0,0,0,0,0,0,0,0,0,0,0,705,0,0,Known Good,0.0,Known good/bad,0,Known good,0.0,3.8066624897703196,0.04930658502833488,572.5054347474727
ACC-10004220,CUS-20004220,Daniel Bennett,94 Oak Road,LS20 6JD,1952-10-07,71,2024-07-20,retired,98,service,private_tenant,10,2,2,24900.0,1578.84,1352.81,817.68,-591.65,0.652,15500.0,debt_consolidation,29,not_verified,web,20,2,0,pass,pass,284,1,0.5479,2,1,1,full,0,0,0,0,0,0,0,0,0,0,0,0,749,0,0,Known Good,0.0,Known good/bad,0,Known good,1.0,2.3978952727983707,0.18390800434038615,530.1178265992108
ACC-10004226,CUS-20004226,Amelia Lewis,87 Mill View,L3 9VN,1949-07-21,75,2024-12-13,unemployed,21,service,private_tenant,103,2,1,10500.0,668.46,146.4,879.55,-357.49,0.1673,14400.0,car,130,verified,mobile,9,4,0,pass,pass,231,1,0.5663,4,0,0,full,0,0,0,0,0,0,0,0,0,0,0,0,783,0,0,Known Good,0.0,Known good/bad,0,Known good,1.0,4.6443908991413725,0.07695056560788488,558.8109577707266
ACC-10004230,CUS-20004230,Daniel Roberts,16 Mill View,L28 1PX,1975-01-29,49,2024-07-10,part_time,90,not_working,private_tenant,65,3,0,29200.0,1709.21,530.22,952.68,226.31,0.2179,1700.0,car,134,verified,web,4,2,0,pass,pass,287,3,0.338,2,0,0,full,0,0,0,0,0,0,0,0,0,0,0,0,792,0,0,Known Good,0.0,Known good/bad,0,Known good,0.0,4.189654742026425,0.034836916648735006,582.9645540116334
ACC-10004234,CUS-20004234,Adam Bennett,53 Church Street,SO18 1JR,1998-04-10,26,2024-08-03,part_time,51,skilled,private_tenant,59,2,0,27500.0,1715.01,255.1,816.43,643.48,0.1113,5100.0,car,8,verified,telephone,10,0,0,refer,refer,53,2,0.5426,0,0,0,full,0,0,0,0,0,0,0,0,0,0,0,0,837,0,0,Known Good,0.0,Known good/bad,0,Known good,0.0,4.0943445622221,0.029639813225341684,587.7811181483771
ACC-10004235,CUS-20004235,Daniel Clarke,184 Victoria Road,M21 2WY,1988-07-09,35,2024-07-06,employed,18,manual,living_with_family,67,1,0,34000.0,2141.7,454.16,841.51,846.03,0.1603,13600.0,debt_consolidation,67,verified,web,11,1,1,pass,pass,122,3,0.4608,1,0,2,full,0,0,0,0,0,0,0,0,0,0,0,0,785,0,0,Known Good,0.0,Known good/bad,0,Known good,0.0,4.219507705176107,0.032158923433105044,585.3524592935079
ACC-10004238,CUS-20004238,Jack Shah,117 Highfield Gardens,LS2 4YN,1983-03-23,41,2024-09-26,employed,159,not_working,private_tenant,130,4,1,29600.0,1831.63,477.36,346.79,1007.48,0.1935,4500.0,debt_consolidation,91,partially_verified,mobile,18,1,0,pass,pass,152,7,0.485,1,0,0,none,0,0,0,0,0,0,0,0,0,0,0,0,811,0,0,Known Good,0.0,Known good/bad,0,Known good,0.0,4.875197323201151,0.030192878530520304,587.2312289139883
ACC-10004241,CUS-20004241,Aisha Wilson,174 Mill View,NR18 5AR,1991-11-14,32,2024-10-01,retired,29,service,private_tenant,8,5,0,30900.0,1841.43,91.69,853.72,896.02,0.0356,4700.0,other,57,verified,mobile,0,0,0,refer,pass,69,4,0.7615,0,0,0,full,0,0,0,0,0,0,0,0,0,0,0,0,804,0,0,Known Good,0.0,Known good/bad,0,Known good,0.0,2.1972245773362196,0.04532730791692513,575.0539523673864
ACC-10004244,CUS-20004244,Theo Khan,125 Highfield Gardens,B22 6VJ,1989-12-20,34,2024-10-26,self_employed,59,not_working,homeowner_mortgage,48,3,0,39800.0,2484.63,466.62,862.47,1155.54,0.1407,7400.0,car,23,verified,mobile,23,2,0,pass,pass,174,3,0.4823,2,0,0,full,0,0,0,0,0,0,0,0,0,0,0,0,800,0,0,Known Good,0.0,Known good/bad,0,Known good,0.0,3.8918202981106265,0.038775065171766744,579.7563354492278
ACC-10004253,CUS-20004253,Theo Green,123 Oak Road,NR23 7QA,1978-03-22,46,2024-08-04,retired,33,administrative,living_with_family,94,4,0,74300.0,4737.14,476.77,1028.55,3231.82,0.077,5200.0,home_improvement,85,verified,web,19,2,1,pass,pass,254,6,0.4667,2,0,0,full,0,0,0,0,0,0,0,0,0,0,0,0,787,0,0,Known Good,0.0,Known good/bad,0,Known good,0.0,4.553876891600541,0.032887016757318165,584.6847640672155
ACC-10004255,CUS-20004255,Isla Green,102 Oak Road,G17 5UU,1989-06-23,35,2024-08-22,employed,37,not_working,living_with_family,97,1,0,38400.0,2455.79,116.01,846.76,1493.02,0.0363,7800.0,debt_consolidation,70,verified,mobile,15,2,0,pass,pass,153,4,0.4809,2,0,0,none,0,0,0,0,0,0,0,0,0,0,0,0,827,0,0,Known Good,0.0,Known good/bad,0,Known good,0.0,4.584967478670572,0.032140865446098406,585.3692043350306
ACC-10004264,CUS-20004264,Ava Shah,75 Highfield Gardens,L21 6JV,1969-07-06,55,2024-12-28,retired,96,skilled,private_tenant,58,1,1,22700.0,1435.06,231.11,487.23,716.72,0.1222,4900.0,car,137,verified,telephone,0,2,0,pass,refer,401,1,0.085,2,0,0,partial,0,0,0,0,0,0,0,0,0,0,0,0,899,0,0,Known Good,0.0,Known good/bad,0,Known good,0.0,4.07753744390572,0.027068767124231306,590.4756112711133
ACC-10004272,CUS-20004272,Amelia Patel,130 Oak Road,BS18 4WB,1971-06-13,53,2024-12-23,self_employed,48,managerial,private_tenant,14,1,2,20500.0,1335.73,207.66,769.8,358.27,0.1216,10100.0,car,82,partially_verified,web,7,1,0,pass,pass,233,2,0.2773,1,0,0,full,0,0,0,0,0,0,0,0,0,0,0,0,926,0,0,Known Good,0.0,Known good/bad,0,Known good,0.0,2.70805020110221,0.03451491289716772,583.2421207422109
ACC-10004276,CUS-20004276,Adam Clarke,3 Park Avenue,L1 5FY,1992-03-01,32,2024-11-04,self_employed,48,managerial,private_tenant,67,3,0,30400.0,1934.38,361.22,445.88,1127.28,0.1426,7600.0,debt_consolidation,54,partially_verified,web,15,2,0,pass,pass,80,4,0.4044,2,0,0,none,0,0,0,0,0,0,0,0,0,0,0,0,766,0,0,Known Good,0.0,Known good/bad,0,Known good,0.0,4.219507705176107,0.03462703451977083,583.1451898271954
ACC-10004277,CUS-20004277,Freya Taylor,136 Oak Road,NE17 9XE,1998-04-07,26,2024-09-22,employed,60,service,private_tenant,83,3,1,27400.0,1749.18,554.76,613.36,581.06,0.243,3500.0,car,57,verified,web,18,2,0,pass,pass,67,2,0.4285,2,0,1,full,0,0,0,0,0,0,0,0,0,0,0,0,787,0,0,Known Good,0.0,Known good/bad,0,Known good,0.0,4.430816798843313,0.036653594651802374,581.4434375377507
ACC-10004283,CUS-20004283,Theo Morgan,68 Highfield Gardens,NG13 8NX,1979-05-25,45,2024-07-06,employed,12,managerial,homeowner_mortgage,82,1,2,19000.0,1217.83,247.22,871.01,99.6,0.1561,18200.0,debt_consolidation,83,verified,web,16,0,0,pass,pass,148,4,0.3604,0,0,0,partial,0,0,0,0,0,0,0,0,0,0,0,0,791,0,0,Known Good,0.0,Known good/bad,0,Known good,1.0,4.418840607796598,0.040369251787193534,578.5458888414676
ACC-10004284,CUS-20004284,Adam Clarke,77 Park Avenue,SO26 9QE,1975-07-31,48,2024-07-14,employed,61,administrative,private_tenant,91,5,0,16900.0,1058.98,192.12,914.83,-47.97,0.1364,5200.0,major_purchase,168,verified,web,23,1,1,pass,pass,163,8,0.2301,1,0,1,full,0,0,0,0,0,0,0,0,0,0,0,0,793,0,0,Known Good,0.0,Known good/bad,0,Known good,1.0,4.5217885770490405,0.04025424398504592,578.6316657349329
ACC-10004289,CUS-20004289,Oliver Green,173 Church Street,LS8 7FR,1971-08-06,53,2024-11-23,employed,75,professional,homeowner_mortgage,84,2,1,17300.0,1050.4,397.62,1143.35,-490.57,0.2758,3200.0,debt_consolidation,52,verified,web,2,0,1,pass,pass,337,1,0.4376,0,1,1,full,0,0,0,0,0,0,0,0,0,0,0,0,763,0,0,Known Good,0.0,Known good/bad,0,Known good,1.0,4.442651256490317,0.07770878789157172,558.5043299588567
ACC-10004290,CUS-20004290,Freya Green,219 Oak Road,EH18 1HS,1981-06-20,43,2024-11-24,self_employed,73,skilled,private_tenant,29,2,1,35100.0,2256.82,189.76,890.39,1176.67,0.0649,10000.0,debt_consolidation,120,verified,telephone,5,2,0,fail,pass,132,1,0.7786,2,0,0,full,0,0,0,0,0,0,0,0,0,0,0,0,795,0,0,Known Good,0.0,Known good/bad,0,Known good,0.0,3.4011973816621555,0.05016512744014321,571.9812762908695
ACC-10004300,CUS-20004300,Oliver Foster,184 Oak Road,NE28 7WY,1986-05-17,38,2024-12-30,employed,16,managerial,homeowner_mortgage,53,3,2,20500.0,1382.26,189.29,489.45,703.52,0.1108,10300.0,major_purchase,55,verified,telephone,6,2,0,pass,pass,108,3,0.352,2,0,0,full,0,0,0,0,0,0,0,0,0,0,0,0,823,0,0,Known Good,0.0,Known good/bad,0,Known good,0.0,3.9889840465642745,0.03369869335092599,583.957047292817
ACC-10004312,CUS-20004312,Maya Morgan,151 Mill View,EH17 6JR,1997-04-14,27,2024-12-04,employed,134,managerial,private_tenant,75,4,0,15800.0,1009.78,447.77,1062.87,-500.86,0.3401,6800.0,debt_consolidation,134,verified,web,12,2,0,pass,pass,63,3,0.5453,2,0,0,full,0,0,0,0,0,0,0,0,0,0,0,0,720,0,0,Known Good,0.0,Known good/bad,0,Known good,1.0,4.330733340286331,0.06958093152016184,561.9452115254036
ACC-10004313,CUS-20004313,Sofia Foster,248 Meadow Close,L27 6FS,1982-04-11,42,2024-09-17,unemployed,0,manual,private_tenant,57,7,1,14000.0,874.1,403.34,542.73,-71.97,0.3457,4600.0,car,56,verified,web,22,1,0,pass,pass,134,2,0.0544,1,1,1,full,0,0,0,0,0,0,0,0,0,0,0,0,804,0,0,Known Good,0.0,Known good/bad,0,Known good,1.0,4.060443010546419,0.0732894991123904,560.3316824027487
ACC-10004317,CUS-20004317,Ava Jones,116 Meadow Close,G7 5HQ,1985-05-18,39,2024-08-29,part_time,50,professional,private_tenant,29,1,0,59300.0,3782.3,20.0,850.45,2911.85,0.004,6500.0,other,11,verified,web,22,0,0,pass,pass,150,3,0.2731,0,0,0,full,0,0,0,0,0,0,0,0,0,0,0,0,842,0,0,Known Good,0.0,Known good/bad,0,Known good,0.0,3.4011973816621555,0.024749840354082328,593.1285003047875
ACC-10004319,CUS-20004319,George Khan,94 Park Avenue,RG14 2FS,1983-04-09,41,2024-11-29,employed,206,administrative,living_with_family,90,2,2,33800.0,2038.72,147.31,975.88,915.53,0.0523,3900.0,car,37,not_verified,web,6,2,0,pass,pass,181,2,0.2979,2,0,0,full,0,0,0,0,0,0,0,0,0,0,0,0,875,0,0,Known Good,0.0,Known good/bad,0,Known good,0.0,4.51085950651685,0.028437882521956757,589.0112819465535
ACC-10004320,CUS-20004320,Jack Green,190 Willow Drive,NG20 8WE,2006-02-24,18,2024-07-06,part_time,30,not_working,private_tenant,49,1,2,16100.0,1025.66,232.9,932.35,-139.59,0.1736,6300.0,major_purchase,90,verified,web,18,0,0,pass,pass,0,0,0.4973,0,0,0,partial,0,0,0,0,0,0,0,0,0,0,0,0,862,0,0,Known Good,0.0,Known good/bad,0,Known good,1.0,3.912023005428146,0.04935211181296166,572.4774232660948
ACC-10004330,CUS-20004330,Aisha Wilson,88 Kingfisher Way,BS17 2YG,1982-12-28,41,2024-11-26,employed,42,administrative,private_tenant,28,2,0,31900.0,1968.36,194.8,180.0,1593.56,0.0733,14000.0,debt_consolidation,45,verified,web,1,0,0,pass,pass,161,2,0.2526,0,0,0,full,0,0,0,0,0,0,0,0,0,0,0,0,999,0,0,Known Good,0.0,Known good/bad,0,Known good,0.0,3.367295829986474,0.02573970346335594,591.9676749171334
ACC-10004344,CUS-20004344,Leo Lewis,103 Kingfisher Way,G3 4QF,1990-05-08,34,2024-09-05,part_time,68,service,homeowner_mortgage,79,3,0,41400.0,2486.63,51.64,951.72,1483.27,0.015,24000.0,other,111,verified,mobile,12,0,0,fail,pass,144,3,0.4423,0,0,0,full,0,0,0,0,0,0,0,0,0,0,0,0,817,0,0,Known Good,0.0,Known good/bad,0,Known good,0.0,4.382026634673881,0.024349530684099438,593.6108465659872
ACC-10004346,CUS-20004346,Leo Bennett,170 Highfield Gardens,NE5 5EF,1985-03-23,39,2024-12-13,employed,102,administrative,homeowner_mortgage,29,2,0,53900.0,3319.37,542.29,928.42,1848.66,0.1207,2800.0,car,28,verified,mobile,7,2,0,pass,pass,118,4,0.6576,2,0,0,full,0,0,0,0,0,0,0,0,0,0,0,0,842,0,0,Known Good,0.0,Known good/bad,0,Known good,0.0,3.4011973816621555,0.04746795848648952,573.6577104990603
ACC-10004347,CUS-20004347,Theo Jones,187 Meadow Close,SO29 7XF,1981-10-22,43,2024-12-29,unemployed,0,service,private_tenant,38,2,0,8700.0,549.46,585.15,853.1,-888.79,0.8071,7000.0,debt_consolidation,121,verified,mobile,6,0,1,pass,pass,102,2,0.1467,0,1,2,full,0,0,0,0,0,0,0,0,0,0,0,0,823,0,0,Known Good,0.0,Known good/bad,0,Known good,1.0,3.6635616461296463,0.10077805729954245,550.2727899969301
ACC-10004354,CUS-20004354,Theo Patel,187 Park Avenue,NG2 1AD,1985-09-19,39,2024-11-18,employed,99,professional,homeowner_mortgage,47,4,0,21400.0,1419.01,234.48,608.4,576.13,0.1315,9000.0,debt_consolidation,72,verified,mobile,21,0,0,pass,pass,245,7,0.6344,0,0,0,full,0,0,0,0,0,0,0,0,0,0,0,0,875,0,0,Known Good,0.0,Known good/bad,0,Known good,0.0,3.871201010907891,0.033544774834336454,584.0937348158906
ACC-10004356,CUS-20004356,Jack Patel,109 Church Street,NG18 3JY,1981-05-12,43,2024-07-26,employed,34,managerial,homeowner_mortgage,46,1,0,33200.0,2047.95,45.86,794.22,1207.87,0.0166,21600.0,car,40,verified,mobile,5,0,0,pass,pass,174,2,0.2409,0,0,1,full,0,0,0,0,0,0,0,0,0,0,0,0,881,0,0,Known Good,0.0,Known good/bad,0,Known good,0.0,3.8501476017100584,0.02261910759563952,595.7890158917751
ACC-10004360,CUS-20004360,Adam Wilson,141 Kingfisher Way,G17 9TV,1966-05-12,58,2024-08-18,employed,11,managerial,private_tenant,82,1,2,21100.0,1296.55,298.66,475.81,522.08,0.1699,10100.0,education,64,verified,web,0,3,0,pass,pass,448,3,0.7552,3,0,0,none,0,0,0,0,0,0,0,0,0,0,0,0,646,0,0,Known Good,0.0,Known good/bad,0,Known good,0.0,4.418840607796598,0.01924048705422493,600.5565201802423
ACC-10004365,CUS-20004365,Isla Foster,112 Oak Road,SO2 3UT,1964-04-09,60,2024-11-09,employed,120,managerial,private_tenant,81,2,0,24600.0,1592.66,658.81,477.22,456.63,0.3214,2800.0,debt_consolidation,64,partially_verified,mobile,13,0,0,pass,pass,329,2,0.2318,0,0,0,none,0,0,0,0,0,0,0,0,0,0,0,0,816,0,0,Known Good,0.0,Known good/bad,0,Known good,0.0,4.406719247264253,0.02556885903517139,592.1648872112847
ACC-10004367,CUS-20004367,Sofia Patel,185 Park Avenue,NR2 9HD,1986-01-20,38,2024-09-15,employed,193,skilled,living_with_family,60,3,0,16000.0,1013.85,108.85,881.51,23.49,0.0816,5600.0,car,197,verified,mobile,2,0,0,refer,pass,76,2,0.2581,0,0,0,full,0,0,0,0,0,0,0,0,0,0,0,0,855,0,0,Known Good,0.0,Known good/bad,0,Known good,1.0,4.110873864173311,0.037098139212432796,581.082276911871
ACC-10004370,CUS-20004370,Daniel Roberts,93 Highfield Gardens,NE19 7UL,1968-11-08,55,2024-10-05,self_employed,98,administrative,living_with_family,92,2,0,86000.0,5483.19,200.25,324.31,4958.63,0.0279,17600.0,major_purchase,130,verified,web,14,2,1,pass,pass,267,3,0.1906,2,0,0,partial,0,0,0,0,0,0,0,0,0,0,0,0,922,0,0,Known Good,0.0,Known good/bad,0,Known good,0.0,4.532599493153256,0.02555186653530384,592.1845724130463
ACC-10004378,CUS-20004378,Priya Foster,21 Oak Road,S1 1HJ,1973-05-13,51,2024-10-09,self_employed,76,not_working,homeowner_mortgage,65,1,0,40900.0,2653.09,301.25,1576.24,775.6,0.0884,7600.0,debt_consolidation,19,verified,web,16,1,0,pass,pass,286,5,0.5674,1,0,0,full,0,0,0,0,0,0,0,0,0,0,0,0,805,0,0,Known Good,0.0,Known good/bad,0,Known good,0.0,4.189654742026425,0.03340503785875534,584.2183537346519
ACC-10004382,CUS-20004382,Jack Morgan,111 Park Avenue,EH27 2GL,1994-09-17,29,2024-09-08,self_employed,107,manual,living_with_family,15,2,0,41000.0,2537.63,168.53,648.79,1720.31,0.0493,4900.0,debt_consolidation,95,verified,mobile,21,2,0,pass,pass,91,1,0.4695,2,0,0,partial,0,0,0,0,0,0,0,0,0,0,0,0,822,0,0,Known Good,0.0,Known good/bad,0,Known good,0.0,2.772588722239781,0.043040854009839376,576.6164507286917
ACC-10004384,CUS-20004384,Adam Foster,187 Park Avenue,LS29 5WB,1986-03-29,38,2024-09-23,employed,72,professional,homeowner_mortgage,33,2,0,32400.0,1929.08,145.99,867.71,915.38,0.0541,6700.0,education,64,partially_verified,web,13,1,1,pass,pass,107,2,0.7421,1,0,0,full,0,0,0,0,0,0,0,0,0,0,0,0,789,0,0,Known Good,0.0,Known good/bad,0,Known good,0.0,3.5263605246161616,0.015507784891462395,606.889181488653
ACC-10004385,CUS-20004385,Freya Patel,195 Highfield Gardens,EH9 5RQ,1982-11-09,41,2024-09-08,part_time,34,not_working,homeowner_mortgage,23,2,2,29600.0,1842.18,236.94,447.21,1158.03,0.0961,5000.0,debt_consolidation,138,verified,mobile,12,1,0,pass,pass,123,5,0.7733,1,0,0,full,0,0,0,0,0,0,0,0,0,0,0,0,761,0,0,Known Good,0.0,Known good/bad,0,Known good,0.0,3.1780538303479458,0.04649177048450837,574.2868385626863
ACC-10004388,CUS-20004388,Sofia Bennett,145 Oak Road,S11 4FD,1984-08-20,40,2024-08-26,employed,54,skilled,social_tenant,168,2,0,16900.0,1066.93,315.8,574.16,176.97,0.2242,17200.0,debt_consolidation,21,verified,branch,11,2,0,pass,pass,221,3,0.043,2,0,2,full,0,0,0,0,0,0,0,0,0,0,0,0,915,0,0,Known Good,0.0,Known good/bad,0,Known good,0.0,5.1298987149230735,0.023735308404987297,594.3661892754342
ACC-10004390,CUS-20004390,Leo Shah,199 Mill View,RG14 5JU,1977-02-17,47,2024-08-18,employed,31,manual,social_tenant,102,4,1,29900.0,1808.58,371.34,858.36,578.88,0.149,8900.0,debt_consolidation,24,verified,telephone,21,0,0,pass,pass,218,2,0.2253,0,1,1,full,0,0,0,0,0,0,0,0,0,0,0,0,821,0,0,Known Good,0.0,Known good/bad,0,Known good,0.0,4.634728988229636,0.03677018355590534,581.3483115513088
ACC-10004396,CUS-20004396,Theo Davies,39 Kingfisher Way,OX2 6HH,1988-07-08,36,2024-07-12,employed,42,manual,private_tenant,18,3,1,20500.0,1281.95,278.17,734.47,269.31,0.1628,7700.0,major_purchase,58,partially_verified,mobile,23,0,0,pass,pass,88,1,0.856,0,0,0,full,0,0,0,0,0,0,0,0,0,0,0,0,811,0,0,Known Good,0.0,Known good/bad,0,Known good,0.0,2.9444389791664403,0.04741145661363165,573.6937877095299
ACC-10004399,CUS-20004399,Daniel Clarke,72 Meadow Close,OX19 6GU,1983-09-10,41,2024-09-29,employed,50,skilled,homeowner_mortgage,13,3,0,12600.0,772.77,180.55,1034.26,-442.04,0.172,11100.0,home_improvement,53,verified,mobile,16,0,0,pass,pass,258,0,0.2494,0,1,1,none,0,0,0,0,0,0,0,0,0,0,0,0,754,0,0,Known Good,0.0,Known good/bad,0,Known good,1.0,2.6390573296152584,0.08286287133096179,556.4896710263299
ACC-10004400,CUS-20004400,Noah Wilson,126 Mill View,BS6 7EF,1996-07-25,28,2024-11-10,employed,40,professional,homeowner_mortgage,90,3,0,27400.0,1654.39,1046.88,413.63,193.88,0.4585,4600.0,debt_consolidation,39,verified,web,0,2,0,pass,pass,87,4,0.543,2,0,0,full,0,0,0,0,0,0,0,0,0,0,0,0,808,0,0,Known Good,0.0,Known good/bad,0,Known good,0.0,4.51085950651685,0.04616675889090021,574.4990902851177
ACC-10004402,CUS-20004402,George Green,217 Victoria Road,OX18 2AW,1991-06-27,33,2024-11-21,employed,126,professional,homeowner_mortgage,136,2,0,82800.0,5658.0,279.4,889.01,4489.59,0.0405,9100.0,car,106,verified,web,6,3,0,pass,pass,97,1,0.0,3,0,1,partial,0,0,0,0,0,0,0,0,0,0,0,0,733,0,0,Known Good,0.0,Known good/bad,0,Known good,0.0,4.919980925828125,0.023722580039500302,594.3820428921017
ACC-10004411,CUS-20004411,Amelia Shah,216 Kingfisher Way,EH4 7ER,1979-10-26,44,2024-08-17,employed,8,managerial,homeowner_mortgage,142,2,1,48000.0,2968.82,668.26,1157.57,1142.99,0.1671,4500.0,car,149,verified,mobile,23,1,0,pass,pass,175,3,0.191,1,1,1,full,0,0,0,0,0,0,0,0,0,0,0,0,750,0,0,Known Good,0.0,Known good/bad,0,Known good,0.0,4.962844630259907,0.03919437854737688,579.4333949274985
ACC-10004418,CUS-20004418,Aisha Khan,17 Church Street,RG1 4RU,1976-01-25,48,2024-08-05,employed,79,managerial,social_tenant,78,2,0,34000.0,2181.22,316.59,253.75,1610.88,0.1117,8000.0,debt_consolidation,93,not_verified,mobile,3,0,0,pass,pass,346,0,0.519,0,0,0,full,0,0,0,0,0,0,0,0,0,0,0,0,809,0,0,Known Good,0.0,Known good/bad,0,Known good,0.0,4.3694478524670215,0.027823301254356423,589.6599370826733
ACC-10004422,CUS-20004422,Daniel Lewis,113 Kingfisher Way,SO10 5DY,1985-05-25,39,2024-11-10,employed,28,administrative,homeowner_outright,29,2,0,31200.0,1939.72,500.3,20.64,1418.78,0.1924,13100.0,debt_consolidation,111,verified,web,11,0,1,pass,pass,77,3,0.3813,0,0,0,full,0,0,0,0,0,0,0,0,0,0,0,0,888,0,0,Known Good,0.0,Known good/bad,0,Known good,0.0,3.4011973816621555,0.030915150273595076,586.5276175071853
ACC-10004423,CUS-20004423,Theo Evans,30 Oak Road,NG22 8FN,1972-06-28,52,2024-08-05,employed,32,skilled,homeowner_outright,39,3,1,21400.0,1384.12,117.46,133.59,1133.07,0.0659,3600.0,major_purchase,30,verified,mobile,13,0,0,pass,pass,151,1,0.4591,0,0,0,full,0,0,0,0,0,0,0,0,0,0,0,0,813,0,0,Known Good,0.0,Known good/bad,0,Known good,0.0,3.6888794541139363,0.0286621464589969,588.7779687160814
ACC-10004430,CUS-20004430,Priya Bennett,202 Willow Drive,M29 7JS,1981-06-17,43,2024-08-16,employed,32,administrative,private_tenant,104,6,1,17000.0,1136.75,675.57,670.93,-209.75,0.4769,11600.0,major_purchase,73,not_verified,branch,16,0,0,pass,refer,269,1,0.1703,0,0,0,none,0,0,0,0,0,0,0,0,0,0,0,0,951,0,0,Known Good,0.0,Known good/bad,0,Known good,1.0,4.653960350157523,0.042043591674858306,577.3229198534461
ACC-10004438,CUS-20004438,Leo Evans,86 Oak Road,B5 9WU,1970-09-19,54,2024-09-19,employed,28,skilled,social_tenant,65,3,0,37300.0,2313.33,702.29,1091.13,519.91,0.2259,3700.0,major_purchase,102,partially_verified,branch,11,1,0,pass,pass,416,5,0.5562,1,0,0,full,0,0,0,0,1,0,0,1,1,0,0,0,788,0,3,Known Bad,1.0,Known good/bad,1,Known bad,0.0,4.189654742026425,0.03653521945270857,581.5403192362501
ACC-10004444,CUS-20004444,Sofia Patel,43 Oak Road,NG25 1FD,1983-05-20,41,2024-12-05,employed,156,manual,private_tenant,119,1,0,28700.0,1762.62,111.18,442.55,1208.89,0.0465,30000.0,education,60,verified,web,9,1,0,pass,pass,95,3,0.3656,1,0,0,full,0,0,0,0,0,0,0,0,0,0,0,0,865,0,0,Known Good,0.0,Known good/bad,0,Known good,0.0,4.787491742782046,0.00922171356065948,622.0705479399779
ACC-10004445,CUS-20004445,Freya Shah,85 Mill View,SO17 2JR,1989-02-08,35,2024-11-25,employed,22,skilled,social_tenant,192,2,1,32500.0,1942.35,115.65,884.35,942.35,0.0427,10300.0,debt_consolidation,48,verified,web,16,1,0,refer,pass,127,4,0.3866,1,1,1,full,0,0,0,0,0,0,0,0,0,0,0,0,787,0,0,Known Good,0.0,Known good/bad,0,Known good,0.0,5.262690188904886,0.03989339850260902,578.9023294458522
ACC-10004447,CUS-20004447,Oliver Foster,97 Highfield Gardens,B16 6FH,1995-11-23,28,2024-11-16,employed,47,skilled,private_tenant,60,1,1,43000.0,2701.31,20.0,975.66,1705.65,0.0056,4200.0,car,84,verified,web,5,0,0,pass,pass,91,4,0.3158,0,0,0,full,0,0,0,0,0,0,0,0,0,0,0,0,858,0,0,Known Good,0.0,Known good/bad,0,Known good,0.0,4.110873864173311,0.022837485605818837,595.5053321203687
ACC-10004450,CUS-20004450,Theo Morgan,97 Church Street,B7 3VG,1995-12-02,28,2024-10-23,employed,54,manual,private_tenant,29,3,3,23400.0,1570.68,673.99,489.83,406.86,0.3456,1800.0,debt_consolidation,93,partially_verified,branch,12,4,0,pass,pass,106,5,0.1985,4,0,0,full,0,0,0,0,0,0,0,0,0,0,0,0,837,0,0,Known Good,0.0,Known good/bad,0,Known good,0.0,3.4011973816621555,0.05032056389285734,571.8872886091908
ACC-10004453,CUS-20004453,Adam Davies,195 Mill View,NR5 7BL,1986-06-22,38,2024-09-25,employed,138,skilled,social_tenant,49,2,0,62900.0,4108.28,619.92,1100.44,2387.92,0.1183,1600.0,home_improvement,113,verified,web,1,0,0,pass,pass,219,6,0.4368,0,0,0,full,0,0,0,0,0,0,0,0,0,0,0,0,884,0,0,Known Good,0.0,Known good/bad,0,Known good,0.0,3.912023005428146,0.02819884168059125,589.2619430935678
ACC-10004455,CUS-20004455,Priya Bennett,72 Park Avenue,NG22 1NE,1982-03-08,42,2024-07-27,employed,53,administrative,homeowner_mortgage,46,3,1,17200.0,1111.78,134.99,1141.87,-165.08,0.0942,5000.0,education,29,not_verified,web,22,3,1,pass,pass,267,6,0.3572,3,0,1,partial,0,0,0,0,0,0,0,0,0,0,0,0,842,0,0,Known Good,0.0,Known good/bad,0,Known good,1.0,3.8501476017100584,0.02345928297967655,594.7118637006546
ACC-10004460,CUS-20004460,Amelia Hughes,207 Victoria Road,EH20 4PL,1993-12-04,30,2024-07-17,self_employed,29,administrative,living_with_family,119,2,0,86500.0,5468.81,183.68,917.65,4367.48,0.0255,5200.0,other,156,verified,mobile,17,2,1,pass,pass,123,1,0.4245,2,0,1,full,0,0,0,0,0,0,0,0,0,0,0,0,765,0,0,Known Good,0.0,Known good/bad,0,Known good,0.0,4.787491742782046,0.02950577711596888,587.9158814775222
ACC-10004464,CUS-20004464,Oliver Foster,231 Highfield Gardens,M24 6LQ,2006-04-07,18,2024-07-15,retired,36,manual,private_tenant,228,2,0,13000.0,802.32,125.02,813.65,-136.35,0.1154,5800.0,debt_consolidation,140,verified,branch,11,2,0,pass,pass,0,3,0.3489,2,0,0,partial,0,0,0,0,0,0,0,0,0,0,0,0,917,0,0,Known Good,0.0,Known good/bad,0,Known good,1.0,5.43372200355424,0.042867537967089794,576.7380988888987
ACC-10004466,CUS-20004466,Sofia Hughes,224 Victoria Road,CF21 2TV,1970-10-27,54,2024-11-13,employed,76,not_working,living_with_family,37,2,0,29600.0,1808.15,53.38,997.7,757.07,0.0216,3900.0,major_purchase,64,partially_verified,branch,9,1,0,pass,pass,426,1,0.1931,1,0,0,full,0,0,0,0,0,0,0,0,0,0,0,0,907,0,0,Known Good,0.0,Known good/bad,0,Known good,0.0,3.6375861597263857,0.025828164420341446,591.866061252136
ACC-10004469,CUS-20004469,Theo Wilson,12 Willow Drive,LS10 3RY,1996-05-18,28,2024-08-11,employed,36,administrative,homeowner_mortgage,16,2,1,37700.0,2453.89,542.49,279.67,1631.73,0.1727,10100.0,debt_consolidation,101,verified,web,5,0,0,pass,pass,101,2,0.7314,0,1,1,full,0,0,0,0,0,0,0,0,0,0,0,0,776,0,0,Known Good,0.0,Known good/bad,0,Known good,0.0,2.833213344056216,0.07374267820946592,560.1397026605005
ACC-10004473,CUS-20004473,Amelia Roberts,37 Victoria Road,SO28 6GU,1974-10-23,49,2024-07-28,employed,125,professional,private_tenant,5,4,1,26500.0,1681.43,182.08,589.48,909.87,0.0825,5300.0,debt_consolidation,70,verified,mobile,10,2,0,pass,pass,223,5,0.1636,2,0,0,full,0,0,0,0,0,0,0,0,0,0,0,0,897,0,0,Known Good,0.0,Known good/bad,0,Known good,0.0,1.791759469228055,0.04052322575172982,578.4314153638213
ACC-10004475,CUS-20004475,Freya Foster,235 Mill View,NE15 6YQ,1989-06-20,35,2024-08-26,retired,79,managerial,private_tenant,25,2,0,48200.0,3143.32,678.54,813.61,1651.17,0.1689,4000.0,home_improvement,191,partially_verified,web,0,0,0,pass,pass,130,3,0.3922,0,0,0,full,0,0,0,0,0,0,0,0,0,0,0,0,881,0,0,Known Good,0.0,Known good/bad,0,Known good,0.0,3.258096538021482,0.03138160244935371,586.0816257454944
ACC-10004477,CUS-20004477,Jack Taylor,129 Church Street,NG14 6QV,1984-02-13,40,2024-09-29,employed,41,service,homeowner_mortgage,73,2,1,41200.0,2682.91,117.0,1103.19,1462.72,0.0341,3700.0,home_improvement,126,verified,mobile,6,1,0,refer,pass,137,5,0.1367,1,0,0,full,0,0,0,0,0,0,0,0,0,0,0,0,991,0,0,Known Good,0.0,Known good/bad,0,Known good,0.0,4.30406509320417,0.022342253931802617,596.1525334292453
ACC-10004478,CUS-20004478,Sofia Roberts,153 Meadow Close,NG17 8QG,1988-09-08,36,2024-11-01,employed,210,not_working,homeowner_mortgage,23,2,0,34900.0,2270.24,485.99,1032.21,752.04,0.1671,9500.0,debt_consolidation,34,partially_verified,web,2,1,0,pass,pass,175,4,0.3357,1,0,0,full,0,0,0,0,0,0,0,0,0,0,0,0,831,0,0,Known Good,0.0,Known good/bad,0,Known good,0.0,3.1780538303479458,0.034621340345432745,583.150105232025
ACC-10004482,CUS-20004482,Adam Taylor,199 Oak Road,CF9 2SP,1996-06-11,28,2024-08-09,part_time,80,manual,homeowner_outright,95,3,0,43800.0,2769.9,1307.1,69.84,1392.96,0.3581,800.0,car,13,verified,mobile,19,0,0,pass,pass,96,4,0.7026,0,0,0,full,0,0,0,0,0,0,0,0,0,0,0,0,821,0,0,Known Good,0.0,Known good/bad,0,Known good,0.0,4.564348191467836,0.03723907732272963,580.968643266607
ACC-10004484,CUS-20004484,Jack Clarke,201 Kingfisher Way,B21 5QH,1970-07-27,54,2024-09-01,employed,33,not_working,homeowner_mortgage,48,1,0,47800.0,3096.26,36.97,734.66,2324.63,0.0093,1600.0,other,231,verified,web,13,1,0,pass,pass,346,2,0.8266,1,0,2,full,0,0,0,0,0,0,0,0,0,0,0,0,795,0,0,Known Good,0.0,Known good/bad,0,Known good,0.0,3.8918202981106265,0.04066757300630968,578.3244766671456
ACC-10004503,CUS-20004503,Isla Foster,221 Victoria Road,B14 1LX,1985-02-17,39,2024-07-24,employed,113,skilled,homeowner_mortgage,77,2,1,25400.0,1554.53,284.53,308.15,961.85,0.1344,4400.0,car,44,not_verified,mobile,23,0,0,fail,pass,204,4,0.2881,0,0,0,full,0,0,0,0,0,0,0,0,0,0,0,0,888,0,0,Known Good,0.0,Known good/bad,0,Known good,0.0,4.356708826689592,0.023555236337754647,594.591250656612
ACC-10004505,CUS-20004505,Theo Wilson,93 Oak Road,SO19 1NS,1982-04-20,42,2024-07-11,employed,78,service,living_with_family,119,2,0,26900.0,1608.34,261.91,887.27,459.16,0.1168,21000.0,major_purchase,164,verified,mobile,13,2,0,pass,pass,204,3,0.5719,2,0,0,full,0,0,0,0,0,0,0,0,0,0,0,0,867,0,0,Known Good,0.0,Known good/bad,0,Known good,0.0,4.787491742782046,0.03542527916120787,582.4637136828298
ACC-10004507,CUS-20004507,Theo Green,144 Highfield Gardens,PL6 6GJ,1983-12-31,40,2024-11-12,employed,59,service,homeowner_mortgage,79,1,0,50600.0,3132.42,1052.42,699.39,1380.61,0.2496,4700.0,home_improvement,94,not_verified,web,2,3,1,pass,pass,128,2,0.177,3,0,0,partial,0,0,0,0,0,0,0,0,0,0,0,0,827,0,0,Known Good,0.0,Known good/bad,0,Known good,0.0,4.382026634673881,0.03466803837822958,583.109816896783
ACC-10004518,CUS-20004518,Freya Taylor,118 Park Avenue,OX17 2AU,1972-10-12,52,2024-12-08,self_employed,37,managerial,private_tenant,129,1,0,58200.0,3695.91,341.2,1202.45,2152.26,0.0704,3600.0,car,53,verified,web,4,1,0,pass,pass,196,3,0.6906,1,0,0,full,0,0,0,0,0,0,0,0,0,0,0,0,762,0,0,Known Good,0.0,Known good/bad,0,Known good,0.0,4.867534450455582,0.032594491635501134,584.9512896667808
ACC-10004519,CUS-20004519,Theo Shah,75 Oak Road,S15 1PP,1983-04-12,41,2024-09-24,employed,92,service,homeowner_mortgage,88,2,0,33100.0,2044.39,523.09,538.19,983.11,0.1896,15700.0,home_improvement,16,verified,web,15,1,0,pass,pass,265,4,0.4659,1,0,0,full,0,0,0,0,0,0,0,0,0,0,0,0,788,0,0,Known Good,0.0,Known good/bad,0,Known good,0.0,4.48863636973214,0.031570614272078364,585.9027286050618
ACC-10004522,CUS-20004522,Jack Roberts,131 Meadow Close,L5 2FX,1976-05-18,48,2024-11-13,employed,49,manual,living_with_family,57,1,1,37700.0,2514.76,68.64,1020.72,1425.4,0.0218,19700.0,car,22,verified,branch,8,2,0,pass,pass,307,3,0.4703,2,0,1,full,0,0,0,0,0,0,0,0,0,0,0,0,843,0,0,Known Good,0.0,Known good/bad,0,Known good,0.0,4.060443010546419,0.03433273396038445,583.4002666757183
ACC-10004532,CUS-20004532,Noah Lewis,59 Oak Road,M11 1QX,1964-06-01,60,2024-10-29,self_employed,44,administrative,homeowner_mortgage,17,1,0,62800.0,3770.73,146.28,591.23,3033.22,0.028,5100.0,major_purchase,92,verified,web,15,3,0,pass,pass,401,2,0.6077,3,0,0,full,0,0,0,0,0,0,0,0,0,0,0,0,779,0,0,Known Good,0.0,Known good/bad,0,Known good,0.0,2.8903717578961645,0.0527773681382015,570.4371209474639
ACC-10004538,CUS-20004538,Noah Roberts,214 Park Avenue,RG24 8UX,1990-10-31,33,2024-07-14,retired,45,managerial,private_tenant,79,4,0,46500.0,3041.98,398.58,686.32,1957.08,0.1029,8800.0,car,17,not_verified,mobile,20,2,0,pass,pass,159,1,0.2554,2,0,0,full,0,0,0,0,0,0,0,0,0,0,0,0,901,0,0,Known Good,0.0,Known good/bad,0,Known good,0.0,4.382026634673881,0.029112475357207148,588.3147712778468
ACC-10004540,CUS-20004540,Amelia Shah,136 Park Avenue,OX28 8EA,1983-03-29,41,2024-12-27,unemployed,39,service,homeowner_mortgage,64,3,1,10600.0,699.22,118.82,964.68,-384.28,0.1345,2800.0,debt_consolidation,92,verified,mobile,16,0,0,fail,pass,222,3,0.3179,0,0,1,full,0,0,0,0,0,0,0,0,0,0,0,0,944,0,0,Known Good,0.0,Known good/bad,0,Known good,1.0,4.174387269895637,0.039979874403117524,578.8372523132936
ACC-10004541,CUS-20004541,Maya Green,70 Highfield Gardens,PL10 1PH,1962-06-23,62,2024-12-13,employed,19,administrative,homeowner_mortgage,80,3,1,28700.0,1896.38,417.35,868.97,610.06,0.1745,6300.0,debt_consolidation,45,verified,web,5,5,0,pass,pass,510,2,0.6539,5,0,0,full,0,0,0,0,0,0,0,0,0,0,0,0,768,0,0,Known Good,0.0,Known good/bad,0,Known good,0.0,4.394449154672439,0.06178872256038512,565.6128240089074
ACC-10004542,CUS-20004542,Priya Roberts,241 Mill View,M24 6WG,1969-10-18,55,2024-11-03,employed,75,administrative,homeowner_outright,4,3,1,34700.0,2359.41,209.47,105.6,2044.34,0.0724,2700.0,major_purchase,41,partially_verified,web,6,0,0,pass,pass,191,6,0.1494,0,0,0,full,0,0,0,0,0,0,0,0,0,0,0,0,862,0,0,Known Good,0.0,Known good/bad,0,Known good,0.0,1.6094379124341003,0.031516540934239896,585.9538022418992
ACC-10004545,CUS-20004545,Aisha Jones,48 Church Street,EH28 7XD,1953-07-15,70,2024-07-12,self_employed,179,professional,social_tenant,104,4,0,36800.0,2406.47,465.93,902.41,1038.13,0.1519,9500.0,education,81,verified,web,16,3,0,pass,pass,341,4,0.2973,3,0,1,full,0,0,0,0,0,0,0,0,0,0,0,0,806,0,0,Known Good,0.0,Known good/bad,0,Known good,0.0,4.653960350157523,0.012610473751638835,612.9413754170548
ACC-10004550,CUS-20004550,George Davies,158 Station Lane,B8 6YP,1969-10-19,54,2024-09-24,part_time,32,not_working,homeowner_outright,56,1,2,21100.0,1297.98,59.91,146.01,1092.06,0.0341,14000.0,car,94,verified,branch,8,3,0,pass,pass,306,4,0.454,3,0,0,none,0,0,0,0,0,0,0,0,0,0,0,0,724,0,0,Known Good,0.0,Known good/bad,0,Known good,0.0,4.04305126783455,0.03908760782944297,579.5153103073344
ACC-10004556,CUS-20004556,Adam Clarke,127 Victoria Road,OX14 5RT,1996-03-05,28,2024-10-04,employed,23,not_working,homeowner_mortgage,38,2,0,36700.0,2435.0,323.25,1195.76,915.99,0.1057,7400.0,car,26,verified,web,12,2,0,pass,pass,115,3,0.4487,2,0,0,full,0,0,0,0,0,0,0,0,0,0,0,0,878,0,0,Known Good,0.0,Known good/bad,0,Known good,0.0,3.6635616461296463,0.03820404521547623,580.2015471629476
ACC-10004568,CUS-20004568,Daniel Foster,245 Willow Drive,SO13 2HP,1980-07-23,44,2024-08-15,employed,48,service,homeowner_outright,6,1,2,27400.0,1849.54,424.14,116.13,1309.27,0.1858,5900.0,debt_consolidation,53,verified,mobile,9,0,0,pass,pass,167,4,0.5119,0,0,0,full,0,0,0,0,0,0,0,0,0,0,0,0,825,0,0,Known Good,0.0,Known good/bad,0,Known good,0.0,1.9459101490553132,0.04313848407277812,576.5481313544332
ACC-10004575,CUS-20004575,Amelia Wilson,210 Highfield Gardens,B13 8QP,1965-10-03,59,2024-11-14,employed,137,professional,homeowner_outright,84,1,0,36200.0,2271.41,645.17,169.65,1456.59,0.2139,4000.0,debt_consolidation,39,verified,telephone,16,2,1,refer,pass,257,7,0.4239,2,0,0,none,0,0,0,0,0,0,0,0,0,0,0,0,904,0,0,Known Good,0.0,Known good/bad,0,Known good,0.0,4.442651256490317,0.03569987676999097,582.2327008650358
ACC-10004580,CUS-20004580,Jack Morgan,194 Meadow Close,G26 9JS,1975-07-09,49,2024-12-22,employed,149,service,private_tenant,195,2,1,21200.0,1383.53,525.56,766.89,91.08,0.2975,6000.0,car,137,partially_verified,web,19,3,0,pass,refer,284,4,0.729,3,0,0,full,0,0,0,0,0,0,0,0,0,0,0,0,701,0,0,Known Good,0.0,Known good/bad,0,Known good,1.0,5.278114659230517,0.07613182307061439,559.1451858659459
ACC-10004581,CUS-20004581,Jack Jones,8 Highfield Gardens,SO3 1TX,1976-12-14,48,2024-12-27,self_employed,146,service,private_tenant,137,3,1,18000.0,1129.05,524.92,833.04,-228.91,0.3499,9600.0,car,47,not_verified,web,17,2,0,pass,pass,180,6,0.5101,2,0,0,full,0,0,0,0,0,0,0,0,0,0,0,0,866,0,0,Known Good,0.0,Known good/bad,0,Known good,1.0,4.927253685157205,0.062118887475107874,565.4488993800726
ACC-10004587,CUS-20004587,Maya Roberts,19 Meadow Close,OX28 7RY,1974-09-28,49,2024-07-17,unemployed,3,service,private_tenant,42,1,0,11800.0,731.51,327.68,527.2,-123.37,0.3332,6200.0,other,6,verified,mobile,9,1,0,pass,pass,252,3,0.8727,1,0,0,full,0,0,0,0,0,0,0,0,0,0,0,0,811,0,0,Known Good,0.0,Known good/bad,0,Known good,1.0,3.7612001156935624,0.08550483875445722,555.5008275306354
ACC-10004589,CUS-20004589,Priya Shah,90 Kingfisher Way,NG12 2LU,1993-06-29,31,2024-10-08,employed,30,manual,private_tenant,33,2,1,43700.0,2739.76,311.19,932.74,1495.83,0.0855,6200.0,car,47,partially_verified,mobile,2,1,0,pass,pass,134,4,0.0,1,0,1,partial,0,0,0,0,0,0,0,0,0,0,0,0,850,0,0,Known Good,0.0,Known good/bad,0,Known good,0.0,3.5263605246161616,0.023593581087420233,594.5431854766325
ACC-10004590,CUS-20004590,George Evans,119 Victoria Road,NG20 5AU,1984-08-01,40,2024-10-10,employed,68,administrative,private_tenant,13,1,0,29700.0,1844.71,545.63,333.94,965.14,0.2205,11300.0,major_purchase,120,verified,web,18,1,0,refer,pass,253,1,0.7916,1,0,0,full,0,0,0,0,0,0,0,0,0,0,0,0,844,0,0,Known Good,0.0,Known good/bad,0,Known good,0.0,2.6390573296152584,0.056073446887046706,568.5885751336976
ACC-10004595,CUS-20004595,Maya Khan,203 Oak Road,CF18 2VW,1968-09-05,56,2024-10-20,employed,87,service,social_tenant,10,1,1,36500.0,2236.15,70.43,661.86,1503.86,0.0232,4200.0,education,49,verified,branch,8,1,0,pass,pass,144,3,0.4681,1,0,0,none,0,0,0,0,0,0,0,0,0,0,0,0,774,0,0,Known Good,0.0,Known good/bad,0,Known good,0.0,2.3978952727983707,0.01462447920403718,608.6072057519718
ACC-10004596,CUS-20004596,Theo Clarke,127 Kingfisher Way,CF2 5JU,1959-02-28,65,2024-10-04,employed,72,service,homeowner_mortgage,40,2,0,88100.0,5892.72,162.07,987.51,4743.14,0.0221,2500.0,debt_consolidation,45,verified,branch,20,1,0,pass,pass,521,1,0.7596,1,1,1,full,0,0,0,0,0,0,0,0,0,0,0,0,738,0,0,Known Good,0.0,Known good/bad,0,Known good,0.0,3.713572066704308,0.06721169661257685,563.0181856256531
ACC-10004597,CUS-20004597,George Jones,202 Meadow Close,CF23 9XA,2002-12-25,21,2024-08-01,employed,22,not_working,homeowner_outright,14,1,0,40100.0,2666.16,250.87,10.92,2404.37,0.0751,7800.0,car,107,verified,branch,10,3,0,pass,pass,15,1,0.5891,3,0,0,none,0,0,0,0,0,0,0,0,0,0,0,0,686,0,0,Known Good,0.0,Known good/bad,0,Known good,0.0,2.70805020110221,0.055340962830265496,568.9903572266196
ACC-10004603,CUS-20004603,Aisha Foster,198 Meadow Close,CF10 8LU,1996-07-27,28,2024-11-25,employed,56,manual,private_tenant,221,1,0,19700.0,1202.62,347.3,1034.26,-178.94,0.2116,14000.0,car,12,verified,mobile,14,2,0,refer,pass,56,2,0.4058,2,0,0,full,0,0,0,0,0,0,0,0,0,0,0,0,936,0,0,Known Good,0.0,Known good/bad,0,Known good,1.0,5.402677381872279,0.0482243918170231,573.1786068664867
ACC-10004604,CUS-20004604,Oliver Evans,122 Victoria Road,CF9 1SS,1983-06-21,41,2024-09-21,employed,47,not_working,living_with_family,47,1,1,65700.0,4349.49,218.14,630.07,3501.28,0.0398,3700.0,home_improvement,75,verified,mobile,4,1,1,pass,pass,220,6,0.4175,1,0,2,none,0,0,0,0,0,0,0,0,0,0,0,0,869,0,0,Known Good,0.0,Known good/bad,0,Known good,0.0,3.871201010907891,0.03014434965935867,587.2790867679593
ACC-10004608,CUS-20004608,Noah Lewis,172 Station Lane,NR9 4PX,1983-08-30,41,2024-09-21,retired,63,managerial,private_tenant,191,5,0,28600.0,1824.91,410.05,739.02,675.84,0.172,7100.0,debt_consolidation,87,verified,web,11,1,0,pass,pass,216,1,0.3329,1,0,1,full,0,0,0,0,0,0,0,0,0,0,0,0,858,0,0,Known Good,0.0,Known good/bad,0,Known good,0.0,5.2574953720277815,0.024735894953077153,593.1451753256382
ACC-10004610,CUS-20004610,Noah Shah,17 Willow Drive,LS28 8TV,1998-07-03,26,2024-08-12,unemployed,0,skilled,homeowner_outright,82,4,0,11200.0,701.35,85.42,164.95,450.98,0.0915,2900.0,home_improvement,62,partially_verified,web,23,1,0,pass,pass,84,1,0.5929,1,0,0,full,0,0,0,0,0,0,0,0,0,0,0,0,860,0,0,Known Good,0.0,Known good/bad,0,Known good,0.0,4.418840607796598,0.032922301263436315,584.6527705540394
ACC-10004614,CUS-20004614,Sofia Clarke,144 Station Lane,OX14 4DD,1977-05-21,47,2024-11-30,employed,90,not_working,homeowner_mortgage,51,2,0,24600.0,1630.86,815.72,457.54,357.6,0.3979,11000.0,car,54,partially_verified,web,23,2,0,pass,pass,336,2,0.125,2,0,1,partial,0,0,1,0,0,0,0,0,0,1,1,1,901,0,4,Known Bad,1.0,Known good/bad,1,Known bad,0.0,3.9512437185814275,0.034778699891844136,583.0145531088396
ACC-10004616,CUS-20004616,Aisha Khan,32 Willow Drive,CF10 2VV,1995-08-08,28,2024-07-16,employed,50,manual,homeowner_mortgage,40,1,1,74400.0,4636.96,362.77,750.55,3523.64,0.0585,5700.0,car,36,verified,mobile,23,0,0,fail,refer,47,4,0.4878,0,0,0,full,0,0,0,0,0,0,0,0,0,0,0,0,852,0,0,Known Good,0.0,Known good/bad,0,Known good,0.0,3.713572066704308,0.029053972239038196,588.3745517224393
ACC-10004618,CUS-20004618,Theo Hughes,121 Kingfisher Way,OX27 1RB,1969-01-30,55,2024-07-14,employed,107,manual,homeowner_outright,27,2,0,44900.0,3022.21,552.17,79.66,2390.38,0.1476,9000.0,home_improvement,202,verified,branch,15,0,0,pass,pass,295,5,0.2969,0,0,0,full,0,0,0,0,0,0,0,0,0,0,0,0,888,0,0,Known Good,0.0,Known good/bad,0,Known good,0.0,3.332204510175204,0.028299163905288693,589.156493717128
ACC-10004620,CUS-20004620,Adam Khan,186 Oak Road,OX10 4HX,1991-11-28,32,2024-11-11,employed,20,managerial,private_tenant,133,1,1,15100.0,948.48,151.36,1165.48,-368.36,0.1203,5500.0,major_purchase,164,verified,branch,3,1,1,pass,pass,71,0,0.2224,1,0,0,full,0,0,0,0,0,0,0,0,0,0,0,0,864,0,0,Known Good,0.0,Known good/bad,0,Known good,1.0,4.897839799950911,0.037232980359677786,580.9735504796289
ACC-10004621,CUS-20004621,Theo Evans,106 Oak Road,B18 7XS,1973-11-05,50,2024-09-20,unemployed,0,managerial,homeowner_outright,39,2,0,11100.0,685.09,262.54,133.51,289.04,0.2838,20000.0,debt_consolidation,93,verified,web,11,2,0,pass,pass,324,5,0.4361,2,0,0,full,0,0,0,0,0,0,0,0,0,0,0,0,801,0,0,Known Good,0.0,Known good/bad,0,Known good,0.0,3.6888794541139363,0.042765875802823074,576.8096729581966
ACC-10004637,CUS-20004637,Aisha Clarke,123 Mill View,RG1 2XG,1994-08-17,29,2024-07-20,employed,153,skilled,private_tenant,32,2,1,58900.0,3819.78,468.16,403.6,2948.02,0.0954,3400.0,debt_consolidation,56,verified,mobile,4,1,0,pass,refer,68,2,0.5044,1,1,1,partial,0,0,0,0,0,0,0,0,0,0,0,0,746,0,0,Known Good,0.0,Known good/bad,0,Known good,0.0,3.4965075614664802,0.06011449526090719,566.4568803907173
ACC-10004650,CUS-20004650,Leo Wilson,52 Park Avenue,S26 9UP,2003-06-15,21,2024-07-09,employed,68,service,private_tenant,38,4,1,32300.0,2207.17,745.76,580.66,880.75,0.2771,4800.0,home_improvement,65,verified,web,3,1,0,pass,pass,29,5,0.391,1,0,0,full,0,0,0,0,0,0,0,0,0,0,0,0,844,0,0,Known Good,0.0,Known good/bad,0,Known good,0.0,3.6635616461296463,0.0361888388134386,581.8255519237988
ACC-10004654,CUS-20004654,Isla Davies,171 Station Lane,PL8 2AN,1974-03-17,50,2024-08-08,self_employed,11,professional,homeowner_mortgage,77,3,1,21200.0,1429.96,42.49,832.49,554.98,0.0241,2700.0,major_purchase,82,verified,telephone,9,1,1,pass,pass,228,2,0.5349,1,0,1,full,0,0,0,0,0,0,0,0,0,0,0,0,783,0,0,Known Good,0.0,Known good/bad,0,Known good,0.0,4.356708826689592,0.030252852431807108,587.1721871403884
ACC-10004658,CUS-20004658,Sofia Bennett,53 Mill View,G25 9BU,1989-05-31,35,2024-08-09,retired,1,professional,homeowner_mortgage,88,4,2,29000.0,1798.51,234.0,566.92,997.59,0.0968,4700.0,car,96,verified,web,3,1,0,pass,refer,131,6,0.3563,1,1,1,full,0,0,0,0,0,0,0,0,0,0,0,0,701,0,0,Known Good,0.0,Known good/bad,0,Known good,0.0,4.48863636973214,0.04581844762572727,574.728142397762
ACC-10004661,CUS-20004661,Freya Clarke,224 Victoria Road,PL12 1VA,1979-06-23,45,2024-08-17,employed,59,administrative,private_tenant,44,3,0,55200.0,3460.55,527.42,614.55,2318.58,0.1147,6900.0,car,60,partially_verified,telephone,9,1,1,pass,refer,248,3,0.2599,1,0,0,partial,0,0,0,0,0,0,0,0,0,0,0,0,782,0,0,Known Good,0.0,Known good/bad,0,Known good,0.0,3.8066624897703196,0.02834958002194264,589.1036379429881
ACC-10004666,CUS-20004666,Theo Taylor,68 Kingfisher Way,SO27 8QQ,1962-08-27,62,2024-09-08,employed,149,administrative,homeowner_mortgage,30,3,1,47500.0,2894.38,151.76,712.95,2029.67,0.0383,2600.0,car,62,partially_verified,telephone,9,1,0,pass,pass,477,4,0.2051,1,0,1,full,0,0,0,0,0,0,0,0,0,0,0,0,909,0,0,Known Good,0.0,Known good/bad,0,Known good,0.0,3.4339872044851463,0.02728336107963096,590.2414023633088
ACC-10004667,CUS-20004667,Oliver Jones,26 Church Street,OX22 8NU,1987-05-06,37,2024-09-02,retired,84,service,private_tenant,77,1,1,46200.0,2957.08,60.03,1113.77,1783.28,0.0156,13600.0,home_improvement,68,verified,telephone,20,0,1,pass,pass,210,2,0.5955,0,0,0,full,0,0,0,0,0,1,1,0,1,0,0,0,822,0,3,Known Bad,1.0,Known good/bad,1,Known bad,0.0,4.356708826689592,0.02765432195426142,589.8407246441647
ACC-10004673,CUS-20004673,Jack Taylor,154 Meadow Close,PL7 5NW,1957-01-31,67,2024-08-17,employed,48,manual,homeowner_mortgage,129,2,1,30800.0,1985.39,344.71,546.55,1094.13,0.1343,10600.0,debt_consolidation,53,verified,web,3,0,1,pass,pass,323,0,0.3623,0,0,0,full,0,0,0,0,0,0,0,0,0,0,0,0,874,0,0,Known Good,0.0,Known good/bad,0,Known good,0.0,4.867534450455582,0.022998723108947176,595.2975717598861
ACC-10004674,CUS-20004674,Sofia Lewis,178 Mill View,NE5 9VY,1965-11-25,58,2024-11-08,employed,41,administrative,living_with_family,158,3,1,31300.0,2102.88,32.71,627.42,1442.75,0.0125,4200.0,car,86,verified,web,20,1,0,pass,pass,193,6,0.9355,1,0,0,full,0,0,0,0,0,0,0,0,0,0,0,0,764,0,0,Known Good,0.0,Known good/bad,0,Known good,0.0,5.0689042022202315,0.03676619723336129,581.3515592363027
ACC-10004684,CUS-20004684,Oliver Foster,104 Mill View,S26 5ED,1991-08-25,33,2024-12-25,employed,121,professional,living_with_family,18,1,2,31000.0,2021.66,147.37,1258.93,615.36,0.057,24200.0,debt_consolidation,80,verified,telephone,15,1,1,refer,pass,122,5,0.601,1,0,0,full,0,0,0,0,0,0,0,0,0,0,0,0,722,0,0,Known Good,0.0,Known good/bad,0,Known good,0.0,2.9444389791664403,0.040992548612151236,578.0850448233628
ACC-10004689,CUS-20004689,Aisha Shah,114 Oak Road,RG9 2BH,1980-08-15,44,2024-11-24,self_employed,165,service,homeowner_outright,103,2,0,62200.0,4054.62,241.2,27.8,3785.62,0.0465,16000.0,major_purchase,117,verified,branch,0,0,0,pass,refer,162,6,0.2842,0,0,0,partial,0,0,0,0,0,0,0,0,0,0,0,0,922,0,0,Known Good,0.0,Known good/bad,0,Known good,0.0,4.6443908991413725,0.021018575138799345,597.9537704018258
ACC-10004692,CUS-20004692,Adam Jones,50 Station Lane,RG11 1NP,1977-04-30,47,2024-12-25,employed,52,administrative,private_tenant,64,2,0,33100.0,2111.27,575.1,1068.52,467.65,0.2085,2500.0,major_purchase,67,verified,web,14,1,0,pass,pass,192,5,0.5563,1,0,1,partial,0,0,0,0,0,0,1,1,1,1,0,0,817,0,4,Known Bad,1.0,Known good/bad,1,Known bad,0.0,4.174387269895637,0.0361752418755663,581.8368020549281
ACC-10004694,CUS-20004694,Priya Shah,121 Meadow Close,NE16 1RR,1988-01-12,36,2024-11-23,part_time,33,manual,homeowner_outright,25,3,0,26300.0,1696.39,231.5,13.43,1451.46,0.1056,5100.0,debt_consolidation,116,verified,mobile,8,1,1,pass,pass,199,3,0.8268,1,0,0,full,0,0,0,0,0,0,0,0,0,0,0,0,832,0,0,Known Good,0.0,Known good/bad,0,Known good,0.0,3.258096538021482,0.04819002001361718,573.2002217300344
ACC-10004701,CUS-20004701,Theo Clarke,112 Station Lane,NE13 2LU,1964-12-18,59,2024-10-12,part_time,80,service,homeowner_mortgage,29,6,1,28700.0,1793.59,242.21,794.74,756.64,0.1013,11400.0,debt_consolidation,88,partially_verified,web,14,2,0,fail,pass,307,3,0.3975,2,0,0,full,0,0,0,0,0,0,0,0,0,0,0,0,852,0,0,Known Good,0.0,Known good/bad,0,Known good,0.0,3.4011973816621555,0.03814915462324627,580.2446801899902
ACC-10004702,CUS-20004702,Ava Taylor,237 Church Street,L6 1NL,1964-08-30,60,2024-12-22,employed,17,professional,homeowner_mortgage,151,1,1,58800.0,3708.8,143.22,979.11,2586.47,0.0292,8000.0,major_purchase,55,verified,mobile,1,1,1,pass,pass,450,4,0.6318,1,0,0,none,0,0,0,0,0,0,0,0,0,0,0,0,789,0,0,Known Good,0.0,Known good/bad,0,Known good,0.0,5.0238805208462765,0.02943929626755807,587.9829433877887
ACC-10004707,CUS-20004707,Noah Khan,242 Kingfisher Way,NG6 5XQ,1977-04-30,47,2024-11-17,employed,23,skilled,homeowner_mortgage,38,6,0,20600.0,1313.01,346.98,1319.14,-353.11,0.2021,4500.0,car,94,verified,mobile,9,0,0,pass,pass,281,2,0.7418,0,0,0,full,0,0,0,0,0,0,0,0,0,0,0,0,849,0,0,Known Good,0.0,Known good/bad,0,Known good,1.0,3.6635616461296463,0.06330439673730569,564.8669298903533
ACC-10004713,CUS-20004713,Theo Wilson,230 Station Lane,G23 9GH,2006-08-23,18,2024-10-18,self_employed,84,not_working,homeowner_outright,8,1,0,16700.0,1055.03,242.29,65.01,747.73,0.1741,4500.0,debt_consolidation,67,partially_verified,web,20,1,0,pass,pass,0,4,0.4946,1,1,1,full,0,0,0,0,0,0,0,0,0,0,0,0,687,0,0,Known Good,0.0,Known good/bad,0,Known good,0.0,2.1972245773362196,0.07713698918345674,558.7353116095417
ACC-10004722,CUS-20004722,Priya Khan,230 Highfield Gardens,NG23 4WE,1983-07-08,41,2024-07-11,employed,68,manual,living_with_family,138,4,1,84800.0,5410.92,346.2,592.53,4472.19,0.049,5300.0,debt_consolidation,114,verified,mobile,5,1,0,pass,pass,180,1,0.3979,1,0,1,full,0,0,0,0,0,0,0,0,0,0,0,0,785,0,0,Known Good,0.0,Known good/bad,0,Known good,0.0,4.9344739331306915,0.025129850010618546,592.6775982673298
ACC-10004724,CUS-20004724,Noah Lewis,90 Highfield Gardens,S3 6GA,2004-12-02,19,2024-08-01,employed,35,service,private_tenant,12,4,1,13700.0,898.16,131.63,516.39,250.14,0.1153,2300.0,debt_consolidation,134,verified,branch,5,3,0,pass,pass,12,3,0.2582,3,0,2,full,0,0,0,0,0,0,0,0,0,0,0,0,839,0,0,Known Good,0.0,Known good/bad,0,Known good,0.0,2.5649493574615367,0.044973444877079126,575.2907871608822
ACC-10004743,CUS-20004743,Maya Evans,89 Victoria Road,PL6 3VT,1970-07-29,53,2024-07-01,employed,64,skilled,social_tenant,75,2,0,12900.0,761.61,229.26,1134.78,-602.43,0.2133,6800.0,home_improvement,22,partially_verified,mobile,11,0,1,fail,pass,253,5,0.3008,0,0,0,full,0,0,0,0,0,0,0,0,0,0,0,0,953,0,0,Known Good,0.0,Known good/bad,0,Known good,1.0,4.330733340286331,0.040686706332366915,578.3103291635009
ACC-10004748,CUS-20004748,Priya Shah,122 Highfield Gardens,NG24 6JA,1974-06-23,50,2024-07-28,employed,54,not_working,living_with_family,67,2,0,36900.0,2234.0,452.79,705.99,1075.22,0.1472,18900.0,car,73,verified,mobile,20,0,0,pass,pass,210,3,0.3604,0,0,0,partial,0,0,0,0,0,0,0,0,0,0,0,0,895,0,0,Known Good,0.0,Known good/bad,0,Known good,0.0,4.219507705176107,0.0257640517496187,591.9396725665739
ACC-10004751,CUS-20004751,Freya Clarke,88 Willow Drive,CF17 9AB,1977-12-06,46,2024-07-22,employed,67,administrative,private_tenant,120,4,3,29500.0,1782.44,243.51,522.49,1016.44,0.0991,10500.0,debt_consolidation,66,not_verified,web,12,1,0,pass,fail,105,0,0.5909,1,0,0,full,0,0,0,0,0,0,0,0,0,0,0,0,778,0,0,Known Good,0.0,Known good/bad,0,Known good,0.0,4.795790545596741,0.031093485290389418,586.3563408017875
ACC-10004760,CUS-20004760,Priya Shah,241 Church Street,M4 1HS,1979-12-17,44,2024-10-22,self_employed,24,service,homeowner_mortgage,28,4,1,36100.0,2224.19,395.36,1034.56,794.27,0.1314,4700.0,home_improvement,32,verified,web,17,2,0,pass,pass,180,5,0.2405,2,0,0,full,0,0,0,0,0,0,0,0,0,0,0,0,771,0,0,Known Good,0.0,Known good/bad,0,Known good,0.0,3.367295829986474,0.034607610204406426,583.1619607628234
ACC-10004761,CUS-20004761,Isla Bennett,218 Mill View,OX20 2WX,1999-11-25,24,2024-09-13,unemployed,0,professional,homeowner_mortgage,60,1,1,15000.0,1002.42,671.29,837.05,-505.92,0.537,4300.0,home_improvement,50,not_verified,mobile,9,1,0,pass,pass,27,1,0.311,1,0,0,full,0,0,0,0,0,0,0,0,0,0,0,0,872,0,0,Known Good,0.0,Known good/bad,0,Known good,1.0,4.110873864173311,0.06071274426040359,566.1527790881511
ACC-10004769,CUS-20004769,Isla Patel,137 Station Lane,B18 5XA,1999-09-09,24,2024-08-30,employed,80,manual,homeowner_outright,20,1,1,55400.0,3404.49,329.02,81.2,2994.27,0.0713,11000.0,debt_consolidation,77,verified,web,21,3,0,pass,pass,43,2,0.3751,3,0,0,full,0,0,0,0,0,0,0,0,0,0,0,0,809,0,0,Known Good,0.0,Known good/bad,0,Known good,0.0,3.044522437723423,0.04426107383332435,575.7730006189018
ACC-10004770,CUS-20004770,Amelia Patel,129 Kingfisher Way,EH10 4JT,1975-10-27,48,2024-10-12,employed,50,service,homeowner_mortgage,70,4,1,16800.0,1129.15,182.5,915.6,31.05,0.1304,4400.0,car,72,partially_verified,web,1,1,0,pass,pass,309,2,0.2899,1,0,0,full,0,0,0,0,0,0,0,0,0,0,0,0,875,0,0,Known Good,0.0,Known good/bad,0,Known good,1.0,4.2626798770413155,0.04379724814453279,576.0909647408122
ACC-10004772,CUS-20004772,Leo Green,55 Kingfisher Way,NR2 2PN,1988-03-31,36,2024-12-26,self_employed,52,skilled,private_tenant,43,1,1,16600.0,1061.3,111.76,714.0,235.54,0.0808,4400.0,car,90,verified,mobile,14,1,1,pass,pass,92,4,0.5306,1,0,0,partial,0,0,0,0,0,0,0,0,0,0,0,0,838,0,0,Known Good,0.0,Known good/bad,0,Known good,0.0,3.784189633918261,0.03445062311997465,583.2978373191968
ACC-10004777,CUS-20004777,Priya Davies,246 Willow Drive,G2 3AW,1952-03-03,72,2024-08-21,employed,169,professional,homeowner_mortgage,48,3,1,40400.0,2470.37,747.02,855.35,868.0,0.2219,8500.0,education,52,verified,mobile,15,1,1,pass,pass,352,2,0.4112,1,0,0,full,0,0,0,0,0,0,0,0,0,0,0,0,843,0,0,Known Good,0.0,Known good/bad,0,Known good,0.0,3.8918202981106265,0.012623312543048694,612.9116388659444
ACC-10004785,CUS-20004785,Leo Evans,75 Church Street,LS7 3XT,1994-09-17,30,2024-09-20,employed,65,professional,private_tenant,39,4,3,53900.0,3572.11,160.73,1149.15,2262.23,0.0358,3500.0,debt_consolidation,49,verified,mobile,22,1,0,pass,pass,75,3,0.1646,1,0,0,full,0,0,0,0,0,0,0,0,0,0,0,0,934,0,0,Known Good,0.0,Known good/bad,0,Known good,0.0,3.6888794541139363,0.025293219928077582,592.485789507949
ACC-10004787,CUS-20004787,Daniel Patel,177 Highfield Gardens,NG22 6AT,1977-07-15,47,2024-11-13,unemployed,15,professional,homeowner_mortgage,38,3,1,10100.0,601.35,382.75,909.24,-690.64,0.4548,12600.0,education,121,not_verified,mobile,8,1,0,pass,pass,230,4,0.4326,1,0,0,full,0,0,0,0,0,0,0,0,0,0,0,0,826,0,0,Known Good,0.0,Known good/bad,0,Known good,1.0,3.6635616461296463,0.025580676820503075,592.1512042399769
ACC-10004795,CUS-20004795,Amelia Taylor,225 Park Avenue,NR28 3UG,1986-05-29,38,2024-08-31,employed,63,not_working,private_tenant,61,2,1,22100.0,1447.57,265.34,1069.12,113.11,0.1441,4600.0,car,84,verified,web,7,0,0,pass,pass,88,1,0.5697,0,0,1,full,0,0,0,0,0,0,0,0,0,0,0,0,793,0,0,Known Good,0.0,Known good/bad,0,Known good,1.0,4.127134385045092,0.049430849847299306,572.4290355146104
ACC-10004796,CUS-20004796,Noah Patel,211 Highfield Gardens,EH24 9VY,1986-04-27,38,2024-09-12,retired,77,skilled,private_tenant,125,1,2,28200.0,1829.9,416.35,629.41,784.14,0.1772,10500.0,debt_consolidation,142,partially_verified,mobile,7,0,1,pass,pass,173,4,0.2499,0,0,0,partial,0,0,0,0,0,0,0,0,0,0,0,0,924,0,0,Known Good,0.0,Known good/bad,0,Known good,0.0,4.836281906951478,0.021786800588339567,596.895329716963
ACC-10004802,CUS-20004802,Ava Lewis,144 Meadow Close,S27 6EY,1977-08-27,47,2024-10-19,employed,77,skilled,homeowner_mortgage,54,3,0,22700.0,1420.7,757.66,719.3,-56.26,0.4005,4800.0,debt_consolidation,108,partially_verified,mobile,16,2,1,pass,pass,306,5,0.2266,2,0,1,full,0,0,0,0,0,0,0,0,0,0,0,0,810,0,0,Known Good,0.0,Known good/bad,0,Known good,1.0,4.007333185232471,0.0597301904023116,566.653727614243
ACC-10004808,CUS-20004808,Noah Jones,72 Church Street,LS14 8AR,1986-04-10,38,2024-09-20,employed,104,professional,living_with_family,64,3,1,35900.0,2180.88,562.51,1034.66,583.71,0.188,5900.0,car,15,verified,web,13,3,0,pass,pass,104,4,0.3109,3,0,0,full,0,0,0,0,0,0,0,0,0,0,0,0,831,0,0,Known Good,0.0,Known good/bad,0,Known good,0.0,4.174387269895637,0.03814291906178911,580.2495838633872
ACC-10004815,CUS-20004815,Amelia Foster,149 Highfield Gardens,B25 5TV,1979-01-03,45,2024-12-20,employed,3,manual,homeowner_outright,33,3,0,28400.0,1808.53,187.36,92.31,1528.86,0.0792,8300.0,other,40,verified,branch,11,0,0,pass,pass,165,6,0.0035,0,1,1,full,0,0,0,0,0,0,0,0,0,0,0,0,877,0,0,Known Good,0.0,Known good/bad,0,Known good,0.0,3.5263605246161616,0.03507896452479866,582.7575325341755
ACC-10004816,CUS-20004816,Theo Taylor,232 Oak Road,PL28 9XN,1993-04-28,31,2024-12-28,retired,31,manual,private_tenant,145,1,0,23800.0,1530.96,650.75,485.29,394.92,0.3281,9700.0,debt_consolidation,27,verified,telephone,1,1,0,pass,pass,133,3,0.329,1,0,0,partial,0,0,0,0,0,0,0,0,0,0,0,0,789,0,0,Known Good,0.0,Known good/bad,0,Known good,0.0,4.983606621708336,0.02885944509421022,588.5741691912093
ACC-10004818,CUS-20004818,Isla Taylor,190 Victoria Road,LS4 5XS,1977-04-20,47,2024-11-30,retired,70,service,homeowner_mortgage,160,3,1,52800.0,3336.16,582.34,1157.87,1595.95,0.1324,19800.0,education,95,verified,mobile,3,0,0,pass,pass,290,2,0.5025,0,0,1,full,0,0,0,0,0,0,0,0,0,0,0,0,712,0,0,Known Good,0.0,Known good/bad,0,Known good,0.0,5.081404364984463,0.009141248480877546,622.3257639289889
ACC-10004819,CUS-20004819,Theo Wilson,32 Willow Drive,SO4 4LY,1961-09-19,62,2024-08-08,employed,33,professional,private_tenant,33,2,1,16200.0,941.53,158.87,939.6,-156.94,0.1177,6000.0,home_improvement,32,verified,web,11,2,0,pass,pass,267,3,0.4209,2,0,1,full,0,0,0,0,0,0,0,0,0,0,0,0,786,0,0,Known Good,0.0,Known good/bad,0,Known good,1.0,3.5263605246161616,0.06145926336662304,565.7772159057793
ACC-10004820,CUS-20004820,Isla Evans,31 Victoria Road,S5 2XN,1974-08-15,50,2024-10-02,employed,200,professional,homeowner_mortgage,54,2,2,31500.0,2006.9,91.28,889.71,1025.91,0.0348,20400.0,debt_consolidation,115,verified,mobile,18,2,0,pass,pass,276,4,0.7042,2,0,2,none,0,0,0,0,0,0,0,0,0,0,0,0,707,0,0,Known Good,0.0,Known good/bad,0,Known good,0.0,4.007333185232471,0.04205363279447619,577.3157271601909
ACC-10004829,CUS-20004829,Aisha Clarke,105 Highfield Gardens,SO9 6VT,1989-11-15,34,2024-10-20,employed,72,manual,homeowner_outright,160,2,1,53000.0,3405.73,1094.83,128.05,2182.85,0.2479,5100.0,debt_consolidation,46,partially_verified,mobile,0,0,0,pass,pass,184,3,0.5844,0,0,0,partial,0,0,0,0,0,0,0,0,0,0,0,0,863,0,0,Known Good,0.0,Known good/bad,0,Known good,0.0,5.081404364984463,0.02880773994265351,588.627446963172
ACC-10004832,CUS-20004832,Priya Roberts,70 Highfield Gardens,L26 1HF,1976-07-26,48,2024-09-28,employed,116,not_working,homeowner_mortgage,67,2,0,26100.0,1712.82,263.12,986.17,463.53,0.121,4400.0,other,89,verified,web,7,0,0,pass,pass,301,7,0.3059,0,0,0,full,0,0,0,0,0,0,0,0,0,0,0,0,832,0,0,Known Good,0.0,Known good/bad,0,Known good,0.0,4.219507705176107,0.024199376531751488,593.7937686301344
ACC-10004833,CUS-20004833,Maya Shah,39 Kingfisher Way,PL21 1TA,1969-11-02,55,2024-12-24,self_employed,46,service,homeowner_mortgage,17,2,1,25600.0,1644.17,178.97,1115.69,349.51,0.0839,16000.0,other,93,verified,mobile,17,1,1,pass,pass,201,0,0.2652,1,0,0,full,0,0,0,0,0,0,0,0,0,0,0,0,815,0,0,Known Good,0.0,Known good/bad,0,Known good,0.0,2.8903717578961645,0.032306358217810326,585.2160831615275
ACC-10004838,CUS-20004838,George Hughes,59 Mill View,S18 5NU,1948-12-29,75,2024-07-20,employed,52,service,private_tenant,74,2,0,28100.0,1804.6,471.05,838.13,495.42,0.2012,8200.0,car,125,verified,web,16,1,0,pass,pass,336,1,0.4183,1,0,0,full,0,0,0,0,0,0,0,0,0,0,0,0,835,0,0,Known Good,0.0,Known good/bad,0,Known good,0.0,4.31748811353631,0.03151208068567986,585.9580188435584
ACC-10004839,CUS-20004839,Maya Wilson,38 Meadow Close,OX14 9WA,1982-04-02,42,2024-10-02,employed,8,manual,homeowner_mortgage,156,2,1,43900.0,2791.99,108.89,544.09,2139.01,0.0298,7900.0,home_improvement,83,partially_verified,web,23,0,0,pass,pass,87,4,0.1303,0,0,0,none,0,0,0,0,0,0,0,0,0,0,0,0,790,0,0,Known Good,0.0,Known good/bad,0,Known good,0.0,5.056245805348308,0.017142065354646453,603.950277253297
ACC-10004844,CUS-20004844,Oliver Roberts,207 Highfield Gardens,G18 5JH,1968-12-10,55,2024-09-14,employed,85,managerial,homeowner_mortgage,60,2,0,28400.0,1651.31,103.88,801.72,745.71,0.0439,5300.0,home_improvement,23,verified,branch,5,1,0,pass,pass,155,8,0.7222,1,0,0,full,0,0,1,0,0,0,1,0,0,1,1,0,765,0,4,Known Bad,1.0,Known good/bad,1,Known bad,0.0,4.110873864173311,0.03705410660041228,581.1178640253703
ACC-10004847,CUS-20004847,Isla Taylor,34 Kingfisher Way,RG19 1RY,1984-02-16,40,2024-09-22,unemployed,43,service,homeowner_mortgage,102,3,2,13700.0,827.1,230.63,358.2,238.27,0.202,2300.0,car,138,verified,web,23,1,0,pass,pass,143,0,0.4687,1,0,1,full,0,0,0,0,0,0,0,0,0,0,0,0,784,0,0,Known Good,0.0,Known good/bad,0,Known good,0.0,4.634728988229636,0.03117776477609948,586.2757276144911
ACC-10004848,CUS-20004848,Isla Morgan,18 Victoria Road,S7 3AA,1973-01-10,51,2024-10-06,employed,63,skilled,homeowner_mortgage,85,3,1,63800.0,4158.55,297.48,506.44,3354.63,0.056,8000.0,car,122,verified,branch,8,1,0,pass,refer,315,3,0.4504,1,0,1,full,0,0,0,0,0,0,0,0,0,0,0,0,752,0,0,Known Good,0.0,Known good/bad,0,Known good,0.0,4.454347296253507,0.028481894948230425,588.965353051676
ACC-10004851,CUS-20004851,George Patel,226 Mill View,M29 6HG,1978-11-07,46,2024-12-05,employed,55,managerial,private_tenant,90,2,1,15100.0,981.54,146.95,1192.08,-357.49,0.1168,27500.0,home_improvement,172,verified,telephone,0,1,0,pass,pass,115,3,0.396,1,0,0,full,0,0,0,0,0,0,0,0,0,0,0,0,860,0,0,Known Good,0.0,Known good/bad,0,Known good,1.0,4.51085950651685,0.045315096679830774,575.062095762382
ACC-10004852,CUS-20004852,Leo Taylor,113 Park Avenue,EH12 4RF,1970-01-13,54,2024-09-13,unemployed,12,professional,homeowner_outright,32,1,1,11900.0,760.79,415.72,172.04,173.03,0.4192,4600.0,car,168,verified,mobile,22,2,0,pass,pass,195,3,0.5696,2,0,1,full,0,0,0,0,0,0,0,0,0,0,0,0,854,0,0,Known Good,0.0,Known good/bad,0,Known good,0.0,3.4965075614664802,0.05386578008890508,569.814954376054
ACC-10004857,CUS-20004857,Priya Wilson,133 Park Avenue,EH11 4VJ,1986-12-17,37,2024-07-27,part_time,32,professional,homeowner_mortgage,51,6,0,30700.0,2026.74,141.77,422.59,1462.38,0.0554,9000.0,debt_consolidation,138,verified,mobile,16,3,0,refer,pass,123,3,0.1047,3,0,0,partial,0,0,0,0,0,0,0,0,0,0,0,0,858,0,0,Known Good,0.0,Known good/bad,0,Known good,0.0,3.9512437185814275,0.030526250908912422,586.9044664808639
ACC-10004858,CUS-20004858,Daniel Evans,10 Oak Road,OX6 1NL,1970-12-30,53,2024-08-28,employed,63,administrative,homeowner_outright,29,3,1,24100.0,1494.1,351.13,37.49,1105.48,0.1748,2100.0,major_purchase,51,verified,web,7,2,0,pass,pass,418,2,0.5706,2,0,0,full,0,0,0,0,0,0,0,0,0,0,0,0,736,0,0,Known Good,0.0,Known good/bad,0,Known good,0.0,3.4011973816621555,0.04606811500945794,574.5637918481784
ACC-10004866,CUS-20004866,Sofia Khan,120 Park Avenue,NG17 1LY,1978-09-16,45,2024-07-18,employed,50,service,social_tenant,26,2,0,57200.0,3517.67,467.86,697.16,2352.65,0.0982,9900.0,major_purchase,87,verified,web,19,0,0,pass,pass,123,2,0.638,0,0,0,full,0,0,0,0,0,0,0,0,0,0,0,0,803,0,0,Known Good,0.0,Known good/bad,0,Known good,0.0,3.295836866004329,0.03604466444737092,581.9450497557182
ACC-10004868,CUS-20004868,Daniel Wilson,12 Station Lane,RG23 8QP,1970-10-11,53,2024-08-29,employed,34,not_working,private_tenant,90,2,1,37800.0,2443.36,137.82,501.97,1803.57,0.0438,5100.0,home_improvement,78,verified,web,15,0,0,pass,pass,323,2,0.3661,0,0,0,full,0,0,0,0,0,0,0,0,0,0,0,0,928,0,0,Known Good,0.0,Known good/bad,0,Known good,0.0,4.51085950651685,0.022900507312599527,595.4239563592934
ACC-10004869,CUS-20004869,Jack Jones,142 Meadow Close,CF9 9TP,1977-10-18,47,2024-12-01,employed,57,professional,homeowner_mortgage,77,2,0,27300.0,1645.71,579.0,909.96,156.75,0.2545,10900.0,other,120,verified,telephone,8,1,0,refer,pass,233,1,0.734,1,0,0,full,0,0,0,0,0,0,0,0,0,0,0,0,842,0,0,Known Good,0.0,Known good/bad,0,Known good,0.0,4.356708826689592,0.04177595167315449,577.5152446436055
ACC-10004876,CUS-20004876,Freya Evans,193 Meadow Close,NG9 8NF,1984-03-16,40,2024-07-27,part_time,42,skilled,homeowner_mortgage,57,2,0,18600.0,1127.12,391.15,1256.16,-520.19,0.2524,9800.0,car,84,not_verified,branch,17,1,0,pass,pass,260,4,0.4584,1,0,0,full,0,0,0,0,0,0,0,0,0,0,0,0,820,0,0,Known Good,0.0,Known good/bad,0,Known good,1.0,4.060443010546419,0.056226851569009695,568.5050553082569
ACC-10004878,CUS-20004878,Adam Davies,214 Station Lane,B11 1WL,2000-04-25,24,2024-09-26,retired,53,skilled,homeowner_mortgage,129,4,2,39100.0,2441.78,663.93,648.37,1129.48,0.2038,3900.0,car,74,verified,web,16,1,1,pass,pass,31,2,0.436,1,0,0,full,0,0,0,0,0,0,0,0,0,0,0,0,917,0,0,Known Good,0.0,Known good/bad,0,Known good,0.0,4.867534450455582,0.029287709755691897,588.136405633187
ACC-10004879,CUS-20004879,Noah Clarke,5 Park Avenue,EH13 3XE,1977-05-06,47,2024-08-31,employed,71,managerial,homeowner_mortgage,43,2,1,19300.0,1231.11,317.85,853.41,59.85,0.1976,8200.0,home_improvement,89,not_verified,mobile,23,1,0,pass,pass,161,3,0.2781,1,0,0,none,1,1,1,1,0,0,0,0,0,1,1,0,835,0,6,Known Bad,1.0,Known good/bad,1,Known bad,1.0,3.784189633918261,0.0491151706781118,572.6234761149615
ACC-10004889,CUS-20004889,Daniel Green,58 Oak Road,B8 9XQ,1991-12-28,32,2024-10-01,self_employed,83,manual,homeowner_mortgage,32,1,0,23500.0,1411.69,624.73,528.45,258.51,0.319,8200.0,major_purchase,38,verified,mobile,7,0,1,pass,pass,155,5,0.3648,0,1,1,full,0,0,0,0,0,0,0,0,0,0,0,0,779,0,0,Known Good,0.0,Known good/bad,0,Known good,0.0,3.4965075614664802,0.055492854571912706,568.9066319694432
ACC-10004890,CUS-20004890,Jack Davies,50 Victoria Road,NG17 3BB,1972-02-07,52,2024-11-14,employed,27,managerial,homeowner_mortgage,36,3,2,34900.0,2196.98,213.21,438.03,1545.74,0.0733,3700.0,other,61,verified,telephone,19,2,0,pass,pass,406,3,0.4049,2,0,0,full,0,0,0,0,0,0,0,0,0,0,0,0,844,0,0,Known Good,0.0,Known good/bad,0,Known good,0.0,3.6109179126442243,0.036364613413497865,581.6804807788878
ACC-10004897,CUS-20004897,Isla Morgan,64 Oak Road,EH12 5XT,1966-12-17,57,2024-08-01,retired,92,professional,private_tenant,51,3,1,45000.0,2775.25,417.77,619.15,1738.33,0.1114,9600.0,home_improvement,203,not_verified,mobile,18,2,1,pass,pass,383,6,0.1547,2,0,0,partial,0,0,0,0,0,0,0,0,0,0,0,0,843,0,0,Known Good,0.0,Known good/bad,0,Known good,0.0,3.9512437185814275,0.028986525599270396,588.4436160417391
ACC-10004903,CUS-20004903,Sofia Clarke,227 Willow Drive,M10 5WH,1986-11-26,37,2024-10-18,employed,18,skilled,private_tenant,28,2,1,17500.0,1112.82,636.61,1073.55,-597.34,0.4365,2300.0,home_improvement,66,verified,web,18,1,1,pass,pass,219,4,0.2639,1,0,0,full,0,0,0,0,0,0,0,0,0,0,0,0,779,0,0,Known Good,0.0,Known good/bad,0,Known good,1.0,3.367295829986474,0.06134553049963388,565.8341570083925
ACC-10004909,CUS-20004909,Adam Khan,47 Park Avenue,NG28 3PB,1962-09-07,61,2024-07-13,unemployed,0,not_working,homeowner_mortgage,187,4,1,13200.0,833.69,436.58,1191.47,-794.36,0.3969,4500.0,debt_consolidation,57,verified,web,5,1,1,pass,pass,307,0,0.7677,1,1,2,full,1,1,1,0,1,0,0,1,1,0,1,1,671,0,8,Known Bad,1.0,Known good/bad,1,Known bad,1.0,5.236441962829949,0.10819510206162597,547.9847348571775
ACC-10004910,CUS-20004910,Maya Taylor,202 Park Avenue,B22 8AJ,1972-03-07,52,2024-11-21,part_time,51,managerial,social_tenant,98,3,0,20100.0,1268.55,96.61,623.13,548.81,0.0577,1700.0,other,140,verified,web,21,0,0,pass,refer,370,3,0.2563,0,0,0,full,0,0,0,0,0,0,0,0,0,0,0,0,866,0,0,Known Good,0.0,Known good/bad,0,Known good,0.0,4.59511985013459,0.02088741383742944,598.1382558000178
ACC-10004911,CUS-20004911,Freya Foster,44 Mill View,BS4 7AQ,1983-01-09,41,2024-07-26,employed,29,manual,homeowner_outright,40,3,0,24700.0,1565.78,153.15,81.52,1331.11,0.0744,2100.0,debt_consolidation,65,verified,web,10,2,0,pass,refer,266,3,0.3934,2,0,0,full,0,0,0,0,0,0,0,0,0,0,0,0,836,0,0,Known Good,0.0,Known good/bad,0,Known good,0.0,3.713572066704308,0.03547101327171091,582.4251191559804
ACC-10004915,CUS-20004915,Isla Jones,6 Station Lane,EH18 6AA,1963-10-21,60,2024-07-23,employed,122,managerial,private_tenant,43,2,2,34600.0,2176.11,144.57,1272.03,759.51,0.0501,16100.0,major_purchase,24,verified,web,9,0,0,pass,pass,301,1,0.0907,0,0,0,full,0,0,0,0,0,0,0,0,0,0,0,0,905,0,0,Known Good,0.0,Known good/bad,0,Known good,0.0,3.784189633918261,0.020760760887062208,598.3174790952482
ACC-10004927,CUS-20004927,Adam Morgan,201 Mill View,OX19 1WE,1967-04-02,57,2024-08-13,employed,17,not_working,homeowner_mortgage,50,2,0,21100.0,1291.73,227.89,325.08,738.76,0.1296,1600.0,home_improvement,42,partially_verified,branch,21,0,0,pass,pass,380,4,0.7233,0,0,0,partial,0,0,0,0,0,0,0,0,0,0,0,0,800,0,0,Known Good,0.0,Known good/bad,0,Known good,0.0,3.9318256327243257,0.035598814757069004,582.3175224172546
ACC-10004933,CUS-20004933,Daniel Lewis,100 Kingfisher Way,BS18 9HH,1972-01-15,52,2024-07-21,unemployed,0,manual,living_with_family,31,1,2,17000.0,1099.32,232.1,361.27,505.95,0.1638,15300.0,car,71,verified,mobile,2,0,0,refer,pass,285,1,0.3372,0,0,0,full,0,0,0,0,0,0,0,0,0,0,0,0,902,0,0,Known Good,0.0,Known good/bad,0,Known good,0.0,3.4657359027997265,0.02893378393683276,588.4977313998282
ACC-10004938,CUS-20004938,Adam Roberts,214 Mill View,G3 6AX,1993-06-16,31,2024-08-28,part_time,154,administrative,private_tenant,69,1,0,34600.0,2199.28,165.77,962.49,1071.02,0.0575,9900.0,car,42,partially_verified,branch,8,1,0,pass,pass,54,2,0.6052,1,0,0,full,0,0,0,0,0,0,0,0,0,0,0,0,793,0,0,Known Good,0.0,Known good/bad,0,Known good,0.0,4.248495242049359,0.033350754318005243,584.2669001441002
ACC-10004939,CUS-20004939,Ava Hughes,204 Victoria Road,RG1 2WD,1981-12-17,42,2024-11-30,self_employed,46,managerial,homeowner_mortgage,41,2,1,32100.0,2171.58,387.9,510.97,1272.71,0.145,6500.0,car,37,verified,mobile,21,1,1,pass,pass,108,4,0.592,1,0,0,full,0,0,0,0,0,0,0,0,0,0,0,0,721,0,0,Known Good,0.0,Known good/bad,0,Known good,0.0,3.7376696182833684,0.03815256478776879,580.2419987469456
ACC-10004945,CUS-20004945,Daniel Bennett,35 Highfield Gardens,EH19 3SU,1985-09-13,38,2024-07-03,part_time,88,administrative,homeowner_mortgage,5,2,1,40500.0,2554.18,112.79,783.86,1657.53,0.0334,12900.0,car,116,partially_verified,branch,7,0,1,refer,pass,149,2,0.5851,0,0,0,full,0,0,0,0,0,0,0,0,0,0,0,0,857,0,0,Known Good,0.0,Known good/bad,0,Known good,0.0,1.791759469228055,0.04203337365512653,577.3302409507362
ACC-10004959,CUS-20004959,George Taylor,163 Church Street,G13 3FQ,1980-02-06,44,2024-08-01,retired,165,managerial,private_tenant,70,3,1,48600.0,3298.28,217.24,718.32,2362.72,0.0536,1800.0,major_purchase,108,partially_verified,telephone,11,0,0,pass,pass,184,1,0.2602,0,0,1,full,0,0,0,0,0,0,0,0,0,0,0,0,874,0,0,Known Good,0.0,Known good/bad,0,Known good,0.0,4.2626798770413155,0.022058703589703143,596.5294353256792
ACC-10004969,CUS-20004969,Noah Hughes,182 Church Street,LS17 9LJ,1977-10-01,46,2024-07-15,employed,144,professional,private_tenant,60,2,0,29400.0,1823.85,198.8,369.22,1255.83,0.0811,7000.0,car,75,verified,branch,17,1,0,pass,pass,232,6,0.3695,1,0,0,full,0,0,0,0,0,0,0,0,0,0,0,0,784,0,0,Known Good,0.0,Known good/bad,0,Known good,0.0,4.110873864173311,0.028746888759884737,588.6902679330316
ACC-10004974,CUS-20004974,Adam Shah,225 Meadow Close,NR1 6ER,1977-12-30,46,2024-10-26,self_employed,138,not_working,social_tenant,23,2,3,22100.0,1426.25,307.82,484.77,633.66,0.1671,9600.0,home_improvement,142,verified,mobile,17,2,0,pass,pass,161,4,0.112,2,0,0,full,0,0,0,0,0,0,0,0,0,0,0,0,883,0,0,Known Good,0.0,Known good/bad,0,Known good,0.0,3.1780538303479458,0.033054087054678626,584.5335686031212
ACC-10004975,CUS-20004975,George Taylor,15 Mill View,CF29 5FG,1974-03-12,50,2024-08-05,employed,13,managerial,private_tenant,36,6,1,23900.0,1627.79,243.02,844.79,539.98,0.122,10100.0,debt_consolidation,61,verified,mobile,20,1,1,pass,pass,163,1,0.3117,1,0,1,full,0,0,0,0,0,0,0,0,0,0,0,0,806,0,0,Known Good,0.0,Known good/bad,0,Known good,0.0,3.6109179126442243,0.030660602774034245,586.7737546719505
ACC-10004977,CUS-20004977,Noah Patel,73 Meadow Close,PL8 5JG,1972-03-23,52,2024-10-04,employed,50,managerial,homeowner_mortgage,5,2,1,42800.0,2578.39,289.42,1050.23,1238.74,0.0811,11700.0,home_improvement,150,verified,branch,12,1,1,pass,pass,190,1,0.4824,1,0,0,partial,0,0,0,0,0,0,0,0,0,0,0,0,864,0,0,Known Good,0.0,Known good/bad,0,Known good,0.0,1.791759469228055,0.04567734995646656,574.8214013273735
ACC-10004980,CUS-20004980,Oliver Roberts,226 Highfield Gardens,CF9 3PE,1995-05-28,29,2024-11-21,self_employed,37,professional,homeowner_outright,30,3,0,23000.0,1487.52,39.17,98.07,1350.28,0.0204,4300.0,education,19,verified,web,16,1,0,pass,pass,47,3,0.4645,1,0,1,full,0,0,0,0,0,0,0,0,0,0,0,0,797,0,0,Known Good,0.0,Known good/bad,0,Known good,0.0,3.4339872044851463,0.012265479610892683,613.7518317767566
ACC-10004981,CUS-20004981,Amelia Foster,187 Highfield Gardens,CF7 7GF,1981-11-19,43,2024-12-26,employed,45,professional,private_tenant,46,1,0,16800.0,1031.4,548.68,746.3,-263.58,0.3919,5100.0,debt_consolidation,40,verified,web,13,0,0,pass,pass,269,4,0.3582,0,0,0,partial,0,0,0,0,0,0,0,0,0,0,0,0,907,0,0,Known Good,0.0,Known good/bad,0,Known good,1.0,3.8501476017100584,0.05214231305464147,570.8057557765737
ACC-10004991,CUS-20004991,Amelia Patel,247 Park Avenue,S13 7FH,1971-05-06,53,2024-09-13,self_employed,44,manual,homeowner_outright,59,2,1,15700.0,966.3,544.34,178.83,243.13,0.4161,6300.0,car,158,verified,web,22,2,1,pass,pass,203,4,0.5414,2,0,0,full,0,0,0,0,0,0,0,0,0,0,0,0,797,0,0,Known Good,0.0,Known good/bad,0,Known good,0.0,4.0943445622221,0.04781804540483179,573.4350806544728
ACC-10004999,CUS-20004999,Isla Roberts,58 Meadow Close,EH17 7DR,1973-08-08,51,2024-11-29,unemployed,49,administrative,private_tenant,54,3,0,17900.0,1178.66,151.98,812.68,214.0,0.1019,15300.0,home_improvement,58,partially_verified,web,21,3,0,pass,pass,150,6,0.5105,3,0,0,full,0,0,0,0,0,0,0,0,0,0,0,0,821,0,0,Known Good,0.0,Known good/bad,0,Known good,0.0,4.007333185232471,0.04313468756469941,576.55078530693
ACC-10005000,CUS-20005000,Maya Davies,60 Victoria Road,PL17 9EW,1962-03-07,62,2024-12-15,employed,65,administrative,living_with_family,44,4,1,45100.0,2901.28,289.56,1205.96,1405.76,0.077,3000.0,home_improvement,95,verified,web,7,2,0,pass,pass,370,3,0.4736,2,0,2,full,0,0,0,0,0,0,0,0,0,0,0,0,740,0,0,Known Good,0.0,Known good/bad,0,Known good,0.0,3.8066624897703196,0.03730498177144538,580.915648529303
ACC-10005009,CUS-20005009,Freya Jones,242 Park Avenue,G6 9XT,1968-04-06,56,2024-11-14,employed,46,managerial,homeowner_outright,14,4,0,23600.0,1566.17,223.32,132.78,1210.07,0.1136,10700.0,car,62,not_verified,mobile,20,0,1,pass,pass,389,3,0.4612,0,0,0,full,0,0,0,0,0,0,0,0,0,0,0,0,878,0,0,Known Good,0.0,Known good/bad,0,Known good,0.0,2.70805020110221,0.034825558133694964,582.9743028739058
ACC-10005012,CUS-20005012,Oliver Bennett,68 Highfield Gardens,NG4 7NU,1977-04-12,47,2024-10-13,employed,27,service,social_tenant,128,1,1,46200.0,3056.77,454.56,1011.71,1590.5,0.1181,19400.0,debt_consolidation,55,verified,mobile,13,4,0,pass,pass,310,2,0.462,4,1,2,none,0,0,0,0,0,0,0,0,0,0,0,0,663,0,0,Known Good,0.0,Known good/bad,0,Known good,0.0,4.859812404361672,0.0699488279584914,561.7816423468137
ACC-10005013,CUS-20005013,Noah Bennett,91 Park Avenue,RG9 9PU,1975-03-16,49,2024-09-23,employed,106,manual,homeowner_outright,84,3,1,29900.0,1878.52,87.67,71.41,1719.44,0.0352,6900.0,car,15,verified,web,10,1,0,pass,pass,142,2,0.0959,1,0,0,full,0,0,0,0,0,0,0,0,0,0,0,0,911,0,0,Known Good,0.0,Known good/bad,0,Known good,0.0,4.442651256490317,0.021153060630548788,597.7657753841993
ACC-10005018,CUS-20005018,Freya Lewis,145 Church Street,M17 8UV,1978-11-06,45,2024-08-21,self_employed,75,skilled,homeowner_mortgage,61,3,2,50800.0,3271.58,366.88,535.98,2368.72,0.0867,5200.0,car,26,verified,mobile,12,1,1,refer,pass,138,3,0.4739,1,0,0,full,0,0,0,0,0,0,0,0,0,0,0,0,850,0,0,Known Good,0.0,Known good/bad,0,Known good,0.0,4.127134385045092,0.03128691228015303,586.1716410593782
ACC-10005023,CUS-20005023,Sofia Green,58 Kingfisher Way,NG14 4BW,1971-07-30,53,2024-09-28,employed,39,administrative,private_tenant,92,1,1,61900.0,4186.7,788.19,1150.09,2248.42,0.1528,3500.0,car,54,verified,web,20,0,0,refer,pass,278,1,0.3483,0,1,1,full,0,0,0,0,0,0,0,0,0,0,0,0,790,0,0,Known Good,0.0,Known good/bad,0,Known good,0.0,4.532599493153256,0.04130624916924887,577.8556374347693
ACC-10005024,CUS-20005024,Leo Green,177 Mill View,PL2 8YE,1998-10-18,25,2024-07-31,employed,66,manual,private_tenant,19,1,2,47400.0,2938.78,386.14,541.78,2010.86,0.0978,7000.0,car,169,verified,mobile,15,2,0,pass,pass,62,5,0.7016,2,0,1,full,0,1,0,0,0,0,0,1,1,0,1,1,750,0,5,Known Bad,1.0,Known good/bad,1,Known bad,0.0,2.995732273553991,0.051559966852741716,571.1475425679138
ACC-10005043,CUS-20005043,Oliver Green,167 Oak Road,CF4 4AP,1977-03-09,47,2024-08-28,employed,36,not_working,private_tenant,37,1,0,45900.0,2778.64,107.7,894.33,1776.61,0.0282,12600.0,education,72,verified,mobile,2,2,0,pass,pass,265,1,0.4827,2,0,0,full,0,0,0,0,0,0,0,0,0,0,0,0,922,0,0,Known Good,0.0,Known good/bad,0,Known good,0.0,3.6375861597263857,0.013844770903524282,610.2109096197299
ACC-10005049,CUS-20005049,Freya Khan,152 Willow Drive,G17 4QS,1996-03-19,28,2024-09-08,employed,126,managerial,private_tenant,28,2,0,44800.0,2761.64,57.98,1234.96,1468.7,0.0155,2400.0,major_purchase,44,not_verified,mobile,21,1,0,refer,pass,81,0,0.3035,1,1,1,full,0,0,0,0,0,0,0,0,0,0,0,0,843,0,0,Known Good,0.0,Known good/bad,0,Known good,0.0,3.367295829986474,0.04962348060604468,572.3109633540507
ACC-10005051,CUS-20005051,George Foster,81 Willow Drive,LS17 4VT,1991-01-28,33,2024-08-16,part_time,32,service,social_tenant,65,1,0,48800.0,3113.28,540.31,639.04,1933.93,0.1329,15600.0,other,108,verified,branch,19,0,0,pass,pass,163,3,0.2576,0,0,0,full,0,0,0,0,0,0,0,0,0,0,0,0,885,0,0,Known Good,0.0,Known good/bad,0,Known good,0.0,4.189654742026425,0.023595317111182883,594.5410111733624
ACC-10005052,CUS-20005052,Aisha Khan,44 Kingfisher Way,PL26 4QW,1986-08-17,37,2024-07-02,retired,20,not_working,homeowner_mortgage,38,2,0,23900.0,1534.05,265.93,180.0,1088.12,0.1335,30000.0,education,41,verified,telephone,2,0,0,pass,refer,130,4,0.2016,0,0,0,partial,0,0,0,0,0,0,0,0,0,0,0,0,909,0,0,Known Good,0.0,Known good/bad,0,Known good,0.0,3.6635616461296463,0.009055347126712451,622.6006906923027
ACC-10005055,CUS-20005055,Amelia Shah,101 Kingfisher Way,RG13 4YB,1982-10-04,41,2024-09-14,employed,47,administrative,private_tenant,285,3,1,24000.0,1405.49,150.27,315.1,940.12,0.0751,3600.0,debt_consolidation,67,verified,web,16,1,0,pass,pass,220,3,0.086,1,0,0,full,0,0,0,0,0,0,0,0,0,0,0,0,906,0,0,Known Good,0.0,Known good/bad,0,Known good,0.0,5.655991810819852,0.017705287149637972,603.000951940438
ACC-10005060,CUS-20005060,Adam Green,66 Kingfisher Way,SO23 9TF,1970-02-19,54,2024-10-30,employed,64,skilled,homeowner_mortgage,48,3,1,41600.0,2650.08,530.05,1053.48,1066.55,0.1529,6900.0,debt_consolidation,74,verified,telephone,23,2,0,pass,pass,132,2,0.2691,2,0,1,full,0,0,0,0,0,0,0,0,0,0,0,0,844,0,0,Known Good,0.0,Known good/bad,0,Known good,0.0,3.8918202981106265,0.03303153945678834,584.5539306095629
ACC-10005061,CUS-20005061,Isla Morgan,97 Oak Road,L28 8VA,2006-08-21,18,2024-12-06,employed,34,skilled,homeowner_mortgage,32,3,0,27000.0,1718.57,143.93,397.92,1176.72,0.064,18800.0,major_purchase,71,verified,mobile,16,2,0,pass,pass,0,1,0.7291,2,1,1,full,0,0,0,0,0,0,0,0,0,0,0,0,699,0,0,Known Good,0.0,Known good/bad,0,Known good,0.0,3.4965075614664802,0.07929149493442224,557.8730050519465
ACC-10005064,CUS-20005064,Noah Taylor,53 Station Lane,SO29 2ET,1979-09-26,44,2024-07-02,employed,38,service,private_tenant,182,1,1,36800.0,2352.55,67.99,370.12,1914.44,0.0222,9800.0,home_improvement,19,verified,mobile,5,1,0,pass,pass,289,4,0.5972,1,0,0,full,0,0,0,0,0,0,0,0,0,0,0,0,798,0,0,Known Good,0.0,Known good/bad,0,Known good,0.0,5.209486152841421,0.027646273440337106,589.8493623406637
ACC-10005070,CUS-20005070,Aisha Hughes,123 Victoria Road,RG16 5SL,1975-12-16,48,2024-07-02,retired,116,skilled,homeowner_outright,122,2,1,25500.0,1673.92,20.0,148.13,1505.79,0.0094,5900.0,debt_consolidation,103,verified,mobile,10,0,0,pass,pass,330,0,0.0655,0,1,1,none,0,0,0,0,0,0,0,0,0,0,0,0,741,0,0,Known Good,0.0,Known good/bad,0,Known good,0.0,4.812184355372417,0.028463041081491267,588.9850194466379
ACC-10005074,CUS-20005074,Theo Davies,204 Victoria Road,OX5 4UT,1963-12-28,60,2024-09-30,employed,192,not_working,homeowner_mortgage,163,1,2,50100.0,3183.82,202.66,749.25,2231.91,0.0485,15800.0,car,94,partially_verified,web,12,0,1,refer,pass,442,2,0.4382,0,0,0,full,0,0,0,0,0,0,0,0,0,0,0,0,780,0,0,Known Good,0.0,Known good/bad,0,Known good,0.0,5.099866427824199,0.022114741341509484,596.4545746316601
ACC-10005081,CUS-20005081,Isla Taylor,200 Church Street,NG24 7UY,1971-11-06,53,2024-12-30,employed,16,not_working,social_tenant,154,2,0,41800.0,2708.37,195.89,261.89,2250.59,0.0562,9300.0,major_purchase,52,verified,mobile,19,1,0,pass,pass,159,3,0.0867,1,1,1,full,0,0,0,0,0,0,0,0,0,0,0,0,747,0,0,Known Good,0.0,Known good/bad,0,Known good,0.0,5.043425116919247,0.03290183561677084,584.6713233290902
ACC-10005083,CUS-20005083,Noah Lewis,172 Oak Road,CF9 9YD,1981-08-23,43,2024-08-23,employed,54,not_working,homeowner_mortgage,23,4,0,43400.0,2668.01,501.01,1055.43,1111.57,0.1385,5800.0,other,31,partially_verified,web,0,1,0,pass,refer,288,2,0.2263,1,0,0,full,0,0,0,0,0,0,0,0,0,0,0,0,887,0,0,Known Good,0.0,Known good/bad,0,Known good,0.0,3.1780538303479458,0.03109149637723722,586.3582457471232
ACC-10005090,CUS-20005090,Noah Hughes,96 Church Street,G28 2PP,1990-02-22,34,2024-07-10,employed,21,not_working,homeowner_mortgage,62,3,0,69900.0,4470.89,622.69,753.85,3094.35,0.1069,7900.0,education,51,verified,web,9,0,0,pass,refer,185,2,0.4424,0,0,0,full,0,0,0,0,0,0,0,0,0,0,0,0,850,0,0,Known Good,0.0,Known good/bad,0,Known good,0.0,4.143134726391533,0.009979268341260842,619.7704938469251
ACC-10005091,CUS-20005091,Oliver Lewis,18 Mill View,CF12 8NA,1993-04-09,31,2024-11-25,employed,50,administrative,homeowner_mortgage,82,2,2,22600.0,1381.0,435.0,525.08,420.92,0.231,5300.0,debt_consolidation,43,verified,web,18,1,0,pass,fail,58,2,0.847,1,0,1,none,0,0,0,0,0,0,0,0,0,0,0,0,693,0,0,Known Good,0.0,Known good/bad,0,Known good,0.0,4.418840607796598,0.04446103118523946,575.6369041268937
ACC-10005111,CUS-20005111,Noah Davies,158 Highfield Gardens,SO28 2FA,1976-05-13,48,2024-11-20,employed,70,managerial,private_tenant,200,2,0,31400.0,2032.04,336.9,290.61,1404.53,0.1288,5600.0,car,67,verified,web,3,0,0,pass,pass,334,4,0.3449,0,0,0,full,0,0,0,0,0,0,0,0,0,0,0,0,866,0,0,Known Good,0.0,Known good/bad,0,Known good,0.0,5.303304908059076,0.02103494106636002,597.9308299461259
ACC-10005113,CUS-20005113,Jack Jones,235 Willow Drive,SO16 9AW,1978-08-14,46,2024-08-24,self_employed,109,service,living_with_family,77,1,0,8900.0,583.72,214.64,1034.73,-665.65,0.2894,6300.0,debt_consolidation,93,verified,mobile,14,2,1,pass,pass,180,4,0.3885,2,0,0,full,0,0,0,0,0,0,0,0,0,0,0,0,847,0,0,Known Good,0.0,Known good/bad,0,Known good,1.0,4.356708826689592,0.05929797753497189,566.8765362259707
ACC-10005122,CUS-20005122,Jack Foster,29 Kingfisher Way,NR8 2JW,1984-06-17,40,2024-08-23,employed,13,skilled,private_tenant,28,2,3,32300.0,2102.35,359.87,180.0,1562.48,0.1337,7900.0,debt_consolidation,177,partially_verified,mobile,21,1,0,pass,pass,109,3,0.4736,1,1,1,full,0,0,0,0,0,0,0,0,0,0,0,0,772,0,0,Known Good,0.0,Known good/bad,0,Known good,0.0,3.367295829986474,0.06152517809444261,565.7442603240269
ACC-10005125,CUS-20005125,Noah Davies,102 Willow Drive,S20 9UJ,1973-09-21,51,2024-09-23,employed,10,service,homeowner_outright,114,3,0,25300.0,1636.34,166.31,65.17,1404.86,0.0789,4500.0,debt_consolidation,179,verified,branch,15,4,1,pass,pass,316,0,0.4003,4,0,0,partial,0,0,0,0,0,0,0,0,0,0,0,0,839,0,0,Known Good,0.0,Known good/bad,0,Known good,0.0,4.74493212836325,0.03937862172929676,579.2925440716581
ACC-10005138,CUS-20005138,Leo Foster,113 Mill View,B4 5ER,1970-04-16,54,2024-12-07,retired,19,manual,living_with_family,102,2,1,24500.0,1608.54,240.66,807.6,560.28,0.1179,12500.0,debt_consolidation,45,verified,web,5,1,0,pass,pass,235,2,0.4059,1,0,0,partial,0,0,0,0,0,0,0,0,0,0,0,0,799,0,0,Known Good,0.0,Known good/bad,0,Known good,0.0,4.634728988229636,0.02791115298404023,589.5663672486137
ACC-10005140,CUS-20005140,Priya Clarke,97 Victoria Road,B27 4QV,1974-11-06,49,2024-08-24,employed,77,managerial,homeowner_outright,114,3,1,42000.0,2612.36,150.68,7.58,2454.1,0.0431,6500.0,major_purchase,62,not_verified,web,18,1,0,pass,pass,318,2,0.1118,1,0,0,full,0,0,0,0,0,0,0,0,0,0,0,0,920,0,0,Known Good,0.0,Known good/bad,0,Known good,0.0,4.74493212836325,0.020508326854864995,598.677906735906
ACC-10005142,CUS-20005142,Theo Jones,247 Highfield Gardens,NG23 1JR,1953-06-16,71,2024-09-06,employed,105,skilled,social_tenant,83,3,0,41700.0,2627.11,259.88,491.4,1875.83,0.0748,7600.0,debt_consolidation,60,verified,web,6,2,0,pass,pass,600,0,0.797,2,0,0,none,0,0,0,0,0,0,0,0,0,0,0,0,696,0,0,Known Good,0.0,Known good/bad,0,Known good,0.0,4.430816798843313,0.043493757269281244,576.3007589236381
ACC-10005147,CUS-20005147,Adam Patel,91 Victoria Road,EH11 5LT,1979-04-17,45,2024-07-28,employed,54,professional,private_tenant,117,1,0,9800.0,592.04,100.82,658.36,-167.14,0.1235,2700.0,car,96,verified,mobile,9,1,0,pass,pass,169,3,0.8681,1,0,0,full,0,0,0,0,0,0,0,0,0,0,0,0,757,0,0,Known Good,0.0,Known good/bad,0,Known good,1.0,4.770684624465665,0.06309210218861072,564.9703943079235
ACC-10005148,CUS-20005148,Amelia Patel,136 Park Avenue,L9 4JL,1980-03-27,44,2024-11-13,retired,4,not_working,private_tenant,36,3,1,28600.0,1675.83,253.05,742.91,679.87,0.1062,20300.0,debt_consolidation,142,verified,mobile,16,0,0,refer,refer,230,3,0.3168,0,0,1,none,0,0,0,0,0,0,0,0,0,0,0,0,752,0,0,Known Good,0.0,Known good/bad,0,Known good,0.0,3.6109179126442243,0.026670164475928213,590.9154792355347
ACC-10005152,CUS-20005152,Daniel Wilson,222 Victoria Road,S1 7LS,1995-01-18,29,2024-10-04,employed,30,manual,homeowner_mortgage,33,5,0,15700.0,982.68,296.65,1069.02,-382.99,0.2267,5900.0,car,53,partially_verified,telephone,19,0,1,refer,pass,103,3,0.4831,0,0,1,full,1,1,0,0,0,0,1,0,0,1,1,0,847,0,5,Known Bad,1.0,Known good/bad,1,Known bad,1.0,3.5263605246161616,0.05386277122317842,569.8166579189631
ACC-10005156,CUS-20005156,Amelia Roberts,144 Highfield Gardens,B5 7NU,1975-04-10,49,2024-10-06,employed,43,service,living_with_family,42,2,1,31200.0,1927.93,323.12,663.55,941.26,0.1243,23200.0,debt_consolidation,54,verified,branch,0,1,0,pass,pass,116,6,0.4224,1,0,0,none,0,0,0,0,0,0,0,0,0,0,0,0,778,0,0,Known Good,0.0,Known good/bad,0,Known good,0.0,3.7612001156935624,0.03273502192240986,584.8229624793358
ACC-10005161,CUS-20005161,Ava Khan,119 Kingfisher Way,NG3 6FQ,1980-03-20,44,2024-10-05,employed,79,administrative,social_tenant,77,2,0,27200.0,1651.68,135.34,508.63,1007.71,0.0597,18500.0,car,41,verified,web,8,0,1,pass,pass,267,4,0.1666,0,0,0,full,0,0,0,0,0,0,0,0,0,0,0,0,909,0,0,Known Good,0.0,Known good/bad,0,Known good,0.0,4.356708826689592,0.020234742956322726,599.0734703304456
ACC-10005163,CUS-20005163,Sofia Shah,131 Meadow Close,PL11 8HU,1971-02-27,53,2024-10-26,employed,136,managerial,homeowner_mortgage,68,1,0,41400.0,2791.38,76.0,573.34,2142.04,0.022,10400.0,debt_consolidation,51,not_verified,web,22,2,0,pass,pass,275,1,0.0843,2,0,0,full,0,0,0,0,0,0,0,0,0,0,0,0,830,0,0,Known Good,0.0,Known good/bad,0,Known good,0.0,4.23410650459726,0.024529619850056552,593.3929019171468
ACC-10005167,CUS-20005167,Jack Green,199 Station Lane,OX29 6XL,1994-11-10,29,2024-10-16,employed,19,professional,homeowner_mortgage,98,3,0,40300.0,2589.18,541.59,626.46,1421.13,0.1613,6300.0,debt_consolidation,49,partially_verified,web,15,0,1,refer,pass,62,1,0.2097,0,0,0,none,0,0,0,0,0,0,0,0,0,0,0,0,782,0,0,Known Good,0.0,Known good/bad,0,Known good,0.0,4.59511985013459,0.021690518004072727,597.0259664527856
ACC-10005170,CUS-20005170,Priya Clarke,224 Willow Drive,PL7 1WS,1989-10-26,34,2024-10-03,employed,83,manual,homeowner_mortgage,44,1,0,38600.0,2383.09,426.95,745.11,1211.03,0.1327,4200.0,education,136,not_verified,telephone,8,0,0,pass,pass,142,2,0.3702,0,0,0,full,0,0,0,0,0,0,0,0,0,0,0,0,901,0,0,Known Good,0.0,Known good/bad,0,Known good,0.0,3.8066624897703196,0.01013895784697314,619.3077709527201
ACC-10005180,CUS-20005180,Adam Davies,71 Highfield Gardens,B13 3BA,1982-12-08,42,2024-12-07,self_employed,264,skilled,private_tenant,85,2,0,32100.0,2040.28,298.86,845.67,895.75,0.1117,8000.0,debt_consolidation,242,verified,web,22,1,1,pass,refer,284,4,0.4192,1,0,0,partial,0,0,0,0,0,0,0,0,0,0,0,0,853,0,0,Known Good,0.0,Known good/bad,0,Known good,0.0,4.454347296253507,0.02891876178851899,588.5131623229195
ACC-10005182,CUS-20005182,Leo Wilson,50 Meadow Close,CF8 4HD,1963-07-04,61,2024-09-07,employed,95,professional,living_with_family,102,3,3,93400.0,5849.6,243.52,836.34,4769.74,0.0313,6600.0,debt_consolidation,45,verified,mobile,17,2,1,pass,pass,290,2,0.0781,2,0,0,full,0,0,0,0,0,0,0,0,0,0,0,0,861,0,0,Known Good,0.0,Known good/bad,0,Known good,0.0,4.634728988229636,0.023017120801751247,595.273956132794
ACC-10005183,CUS-20005183,Priya Hughes,92 Mill View,G27 8BD,1973-09-17,50,2024-08-09,retired,48,managerial,private_tenant,7,2,0,46700.0,2951.15,158.77,250.75,2541.63,0.0408,4100.0,home_improvement,105,verified,mobile,12,1,0,pass,pass,248,3,0.0991,1,0,0,full,0,0,0,0,0,0,0,0,0,0,0,0,860,0,0,Known Good,0.0,Known good/bad,0,Known good,0.0,2.0794415416798357,0.03129157465601042,586.1672026982901
ACC-10005189,CUS-20005189,Ava Shah,18 Mill View,OX1 8AH,1982-06-27,42,2024-10-23,employed,62,manual,living_with_family,48,2,0,13600.0,860.45,770.53,875.21,-785.29,0.6799,9500.0,debt_consolidation,40,verified,web,22,1,0,pass,pass,135,3,0.7361,1,0,0,full,0,0,0,0,0,0,0,0,0,0,0,0,825,0,0,Known Good,0.0,Known good/bad,0,Known good,1.0,3.8918202981106265,0.09563223051781117,551.9496911371901
ACC-10005196,CUS-20005196,Daniel Clarke,2 Victoria Road,B29 3GL,1970-06-13,54,2024-12-03,employed,203,manual,homeowner_mortgage,117,2,0,49600.0,3094.51,281.34,544.53,2268.64,0.0681,6300.0,home_improvement,13,verified,mobile,10,3,0,pass,fail,390,3,0.4216,3,1,1,full,0,0,0,0,0,0,0,0,0,0,0,0,798,0,0,Known Good,0.0,Known good/bad,0,Known good,0.0,4.770684624465665,0.0584747935713628,567.3051352121971
ACC-10005201,CUS-20005201,Amelia Lewis,70 Station Lane,NE23 4VP,1994-07-21,30,2024-11-25,employed,136,professional,private_tenant,69,4,0,17200.0,1103.26,343.01,709.9,50.35,0.2393,6100.0,debt_consolidation,132,verified,web,21,2,0,pass,pass,69,3,0.5275,2,0,0,partial,0,0,0,0,0,0,0,0,0,0,0,0,799,0,0,Known Good,0.0,Known good/bad,0,Known good,1.0,4.248495242049359,0.06483831252341227,564.1288237343355
ACC-10005205,CUS-20005205,Adam Roberts,127 Willow Drive,PL25 9PH,1988-12-05,35,2024-08-16,self_employed,65,skilled,homeowner_mortgage,123,5,1,21200.0,1350.63,214.58,466.8,669.25,0.1215,6900.0,car,50,verified,web,14,2,0,pass,pass,84,6,0.1792,2,0,0,partial,0,0,0,0,0,0,0,0,0,0,0,0,864,0,0,Known Good,0.0,Known good/bad,0,Known good,0.0,4.820281565605037,0.025851552337599427,591.8392525600273
ACC-10005212,CUS-20005212,Sofia Clarke,202 Oak Road,B14 4AF,1986-09-19,37,2024-08-15,employed,58,professional,social_tenant,7,1,3,21200.0,1386.16,834.8,787.02,-235.66,0.4725,5900.0,car,100,verified,web,21,1,0,pass,pass,92,1,0.427,1,0,0,full,0,0,0,0,0,0,0,0,0,0,0,0,911,0,0,Known Good,0.0,Known good/bad,0,Known good,1.0,2.0794415416798357,0.08692864302087709,554.9793578624581
ACC-10005217,CUS-20005217,Daniel Green,132 Highfield Gardens,G19 7UN,1994-01-01,30,2024-10-05,employed,99,administrative,living_with_family,16,4,0,19900.0,1275.54,56.13,1352.25,-132.84,0.0338,4200.0,debt_consolidation,33,partially_verified,branch,4,2,0,pass,pass,130,5,0.6781,2,1,1,full,0,0,0,0,0,0,0,0,0,0,0,0,744,0,0,Known Good,0.0,Known good/bad,0,Known good,1.0,2.833213344056216,0.12847416929572902,542.3641782137499
ACC-10005218,CUS-20005218,Priya Patel,184 Mill View,L23 7AG,1988-07-14,36,2024-12-29,employed,55,service,private_tenant,35,2,0,40000.0,2412.72,405.92,531.99,1474.81,0.1218,5100.0,home_improvement,18,verified,branch,14,0,0,pass,pass,191,7,0.2242,0,0,3,full,0,0,0,0,0,0,0,0,0,0,0,0,766,0,0,Known Good,0.0,Known good/bad,0,Known good,0.0,3.58351893845611,0.025156272449555445,592.6464941102664
ACC-10005223,CUS-20005223,Aisha Morgan,14 Church Street,BS7 7XT,1997-02-22,27,2024-11-24,retired,39,not_working,homeowner_mortgage,15,3,1,27900.0,1697.08,314.98,764.94,617.16,0.1355,8700.0,major_purchase,127,partially_verified,web,4,2,1,pass,pass,99,4,0.0859,2,0,0,full,0,0,0,0,0,0,0,0,0,0,0,0,887,0,0,Known Good,0.0,Known good/bad,0,Known good,0.0,2.772588722239781,0.033793687225111,583.8729882497838
ACC-10005224,CUS-20005224,Maya Green,34 Kingfisher Way,LS12 2EJ,1993-09-21,30,2024-07-28,self_employed,20,professional,homeowner_mortgage,60,2,0,16000.0,992.54,526.99,571.76,-106.21,0.3952,12100.0,car,135,verified,web,15,1,0,pass,pass,137,2,0.3036,1,0,0,full,0,0,0,0,0,0,0,0,0,0,0,0,902,0,0,Known Good,0.0,Known good/bad,0,Known good,1.0,4.110873864173311,0.05466748980776897,569.3642128694671
ACC-10005234,CUS-20005234,Priya Foster,182 Willow Drive,CF10 6DY,1976-10-07,47,2024-09-18,employed,20,managerial,private_tenant,42,2,1,16600.0,1046.46,176.55,1358.03,-488.12,0.1276,16000.0,home_improvement,91,verified,mobile,18,0,1,pass,pass,157,4,0.0906,0,0,0,full,0,0,0,0,0,0,0,0,0,0,0,0,865,0,0,Known Good,0.0,Known good/bad,0,Known good,1.0,3.7612001156935624,0.03551902332334104,582.3846555212145
ACC-10005237,CUS-20005237,Theo Lewis,111 Station Lane,M3 8WJ,1976-05-06,48,2024-08-18,part_time,66,professional,homeowner_mortgage,24,3,2,66800.0,4380.99,441.37,721.63,3217.99,0.0793,3900.0,car,91,verified,branch,23,1,1,pass,refer,131,0,0.3578,1,0,0,full,0,0,0,0,0,0,0,0,0,0,0,0,838,0,0,Known Good,0.0,Known good/bad,0,Known good,0.0,3.2188758248682006,0.032867548133730114,584.7024310464166
ACC-10005243,CUS-20005243,Adam Jones,33 Station Lane,CF6 2UH,1990-09-29,33,2024-08-05,employed,23,administrative,homeowner_mortgage,61,2,0,60400.0,3866.34,101.06,704.3,3060.98,0.0201,3300.0,debt_consolidation,22,verified,mobile,2,1,0,pass,fail,120,2,0.127,1,0,1,full,0,0,0,0,0,0,0,0,0,0,0,0,735,0,0,Known Good,0.0,Known good/bad,0,Known good,0.0,4.127134385045092,0.022588710845369578,595.8287147121272
ACC-10005245,CUS-20005245,Jack Taylor,169 Park Avenue,LS23 7AD,1979-04-26,45,2024-07-04,employed,31,not_working,homeowner_outright,105,4,3,40000.0,2438.33,409.67,78.67,1949.99,0.1229,4500.0,debt_consolidation,203,partially_verified,web,7,3,0,pass,pass,111,1,0.1361,3,0,0,full,0,0,0,0,0,0,0,0,0,0,0,0,878,0,0,Known Good,0.0,Known good/bad,0,Known good,0.0,4.663439094112067,0.029273627993095856,588.1507007230352
ACC-10005247,CUS-20005247,Leo Clarke,93 Mill View,PL27 2HE,1967-01-27,57,2024-10-11,employed,89,service,living_with_family,80,3,0,34800.0,2126.59,389.48,379.54,1357.57,0.1343,30000.0,car,254,verified,web,18,0,0,pass,pass,384,3,0.6144,0,0,1,full,0,0,0,0,0,0,0,0,0,0,0,0,837,0,0,Known Good,0.0,Known good/bad,0,Known good,0.0,4.394449154672439,0.030394614956308394,587.0330774768564
ACC-10005252,CUS-20005252,Aisha Lewis,164 Highfield Gardens,NE24 4EP,1998-12-30,25,2024-08-03,employed,84,professional,homeowner_mortgage,9,4,1,21400.0,1318.53,121.49,456.17,740.87,0.0681,11700.0,car,146,verified,mobile,11,2,0,pass,pass,74,3,0.1405,2,0,1,full,0,0,0,0,0,0,0,0,0,0,0,0,874,0,0,Known Good,0.0,Known good/bad,0,Known good,0.0,2.302585092994046,0.036277109375587445,581.752615479529
ACC-10005253,CUS-20005253,Priya Morgan,133 Park Avenue,M15 9VJ,1965-06-03,59,2024-11-12,employed,21,manual,homeowner_mortgage,14,4,0,17700.0,1075.45,181.63,957.9,-64.08,0.1231,2000.0,car,184,partially_verified,branch,13,1,0,pass,pass,446,2,0.4348,1,0,0,full,0,0,0,0,0,0,0,0,0,0,0,0,836,0,0,Known Good,0.0,Known good/bad,0,Known good,1.0,2.70805020110221,0.06240436208726025,565.3078177071012
ACC-10005256,CUS-20005256,Sofia Bennett,70 Meadow Close,EH10 4DW,1971-08-08,53,2024-10-17,part_time,8,service,social_tenant,76,4,0,22700.0,1444.23,20.0,725.53,698.7,0.0106,8900.0,home_improvement,49,verified,branch,0,1,0,pass,pass,154,2,0.2075,1,0,0,full,0,0,0,0,0,0,0,0,0,0,0,0,900,0,0,Known Good,0.0,Known good/bad,0,Known good,0.0,4.343805421853684,0.02310025777940728,595.1674692449564
ACC-10005260,CUS-20005260,Isla Lewis,70 Station Lane,LS22 4FS,1977-01-11,47,2024-07-14,self_employed,14,professional,homeowner_mortgage,124,2,1,38900.0,2462.69,473.61,966.39,1022.69,0.1461,8300.0,major_purchase,30,verified,web,5,1,0,pass,pass,174,1,0.4512,1,0,0,full,0,0,0,0,0,0,0,0,0,0,0,0,757,0,0,Known Good,0.0,Known good/bad,0,Known good,0.0,4.8283137373023015,0.028619868071890996,588.8218172391184
ACC-10005263,CUS-20005263,Maya Roberts,190 Victoria Road,RG1 4FW,1963-08-04,61,2024-11-21,employed,77,administrative,homeowner_outright,198,2,2,46200.0,2986.29,164.99,13.38,2807.92,0.0429,3500.0,car,25,verified,web,3,1,1,pass,pass,246,0,0.5099,1,0,0,none,0,0,0,0,0,0,0,0,0,0,0,0,797,0,0,Known Good,0.0,Known good/bad,0,Known good,0.0,5.293304824724492,0.02581420894253392,591.8820691526885
ACC-10005264,CUS-20005264,Isla Roberts,245 Park Avenue,RG20 5HG,1989-03-05,35,2024-08-07,employed,22,manual,homeowner_mortgage,29,5,0,19500.0,1281.37,538.27,430.02,313.08,0.3312,4100.0,other,82,verified,mobile,9,0,0,pass,pass,177,4,0.2873,0,1,1,full,0,0,0,0,0,0,0,0,0,0,0,0,734,0,0,Known Good,0.0,Known good/bad,0,Known good,0.0,3.4011973816621555,0.053496915273908034,570.0244681464155
ACC-10005267,CUS-20005267,Maya Evans,194 Highfield Gardens,EH18 9RJ,1980-11-10,44,2024-12-18,employed,78,not_working,living_with_family,101,4,2,27800.0,1599.89,381.03,524.26,694.6,0.1645,7200.0,major_purchase,71,verified,web,4,0,0,pass,pass,151,2,0.094,0,0,0,full,0,0,0,0,0,0,0,0,0,0,0,0,882,0,0,Known Good,0.0,Known good/bad,0,Known good,0.0,4.624972813284271,0.019710157831936678,599.8468189969801
ACC-10005268,CUS-20005268,Leo Taylor,4 Station Lane,NR1 1FL,1998-05-16,26,2024-07-08,employed,35,managerial,private_tenant,47,5,2,19300.0,1213.05,135.29,721.35,356.41,0.0841,18300.0,car,84,not_verified,mobile,7,3,0,pass,pass,53,6,0.5916,3,0,0,full,0,0,0,0,0,0,0,0,0,0,0,0,753,0,0,Known Good,0.0,Known good/bad,0,Known good,0.0,3.871201010907891,0.046393775742085044,574.3506858659147
ACC-10005269,CUS-20005269,Leo Morgan,75 Willow Drive,NE21 9PY,1982-01-06,42,2024-10-15,employed,56,not_working,living_with_family,124,2,0,37100.0,2127.53,446.62,736.39,944.52,0.1445,2800.0,major_purchase,41,partially_verified,mobile,12,0,0,pass,pass,120,0,0.4293,0,0,0,full,0,0,0,0,0,0,0,0,0,0,0,0,882,0,0,Known Good,0.0,Known good/bad,0,Known good,0.0,4.8283137373023015,0.024606627802347476,593.3001823232931
ACC-10005270,CUS-20005270,Leo Bennett,233 Kingfisher Way,NE21 9RV,1974-12-23,49,2024-08-14,employed,50,skilled,homeowner_mortgage,120,1,0,22800.0,1407.35,101.34,1052.25,253.76,0.0533,10200.0,debt_consolidation,35,verified,web,16,1,1,fail,pass,192,7,0.7638,1,0,0,full,0,0,0,0,0,0,0,0,0,0,0,0,748,0,0,Known Good,0.0,Known good/bad,0,Known good,0.0,4.795790545596741,0.034523906175781445,583.2343347192628
ACC-10005271,CUS-20005271,Noah Khan,30 Mill View,PL18 7NQ,1983-07-01,41,2024-09-01,retired,60,manual,social_tenant,44,4,0,22800.0,1452.37,53.69,510.23,888.45,0.0283,1900.0,home_improvement,133,verified,mobile,21,1,0,pass,pass,176,4,0.6691,1,0,0,full,0,0,0,0,0,0,0,0,0,0,0,0,736,0,0,Known Good,0.0,Known good/bad,0,Known good,0.0,3.8066624897703196,0.03689850467353956,581.2439479248143
ACC-10005278,CUS-20005278,Daniel Shah,21 Oak Road,CF14 9SF,1987-08-13,37,2024-10-26,employed,71,professional,living_with_family,24,2,2,57100.0,3497.02,63.61,764.5,2668.91,0.0134,6100.0,car,98,verified,mobile,8,4,0,pass,pass,94,6,0.4175,4,0,0,full,0,0,0,0,0,0,0,0,0,0,0,0,811,0,0,Known Good,0.0,Known good/bad,0,Known good,0.0,3.2188758248682006,0.048632071562538695,572.9233449941015
ACC-10005279,CUS-20005279,Freya Clarke,25 Kingfisher Way,BS28 4QG,1959-03-25,65,2024-07-01,employed,25,service,homeowner_mortgage,34,3,1,31800.0,2107.3,241.25,1329.9,536.15,0.091,19600.0,major_purchase,33,verified,web,13,5,1,pass,pass,382,1,0.7228,5,0,0,none,1,1,0,0,1,1,0,0,0,1,1,0,709,0,6,Known Bad,1.0,Known good/bad,1,Known bad,0.0,3.5553480614894135,0.07009494960388198,561.7168963849522
ACC-10005280,CUS-20005280,Freya Roberts,213 Oak Road,PL1 4AA,1995-11-08,29,2024-12-19,employed,17,administrative,homeowner_mortgage,83,3,0,57500.0,3490.82,344.36,1036.38,2110.08,0.0719,6100.0,home_improvement,62,verified,mobile,2,0,1,pass,pass,119,6,0.2746,0,1,2,full,0,0,0,0,0,0,0,0,0,0,0,0,758,0,0,Known Good,0.0,Known good/bad,0,Known good,0.0,4.430816798843313,0.03739265513701341,580.8452884063826
ACC-10005283,CUS-20005283,George Green,163 Kingfisher Way,LS17 8WY,1996-01-24,28,2024-12-20,self_employed,22,manual,social_tenant,40,4,1,40700.0,2582.05,571.87,756.24,1253.94,0.1686,13900.0,car,62,verified,mobile,7,2,0,pass,pass,97,9,0.2372,2,0,0,full,0,0,0,0,0,0,0,0,0,0,0,0,897,0,0,Known Good,0.0,Known good/bad,0,Known good,0.0,3.713572066704308,0.03352127605146284,584.1146561879824
ACC-10005292,CUS-20005292,Isla Wilson,170 Church Street,NG11 6TW,1986-09-21,37,2024-07-12,employed,194,professional,homeowner_outright,32,3,1,53200.0,3348.37,115.67,140.52,3092.18,0.0261,4800.0,home_improvement,41,verified,web,13,1,0,pass,pass,218,3,0.3535,1,0,0,full,0,0,0,0,0,0,0,0,0,0,0,0,858,0,0,Known Good,0.0,Known good/bad,0,Known good,0.0,3.4965075614664802,0.030140341179233535,587.2830431591817
ACC-10005293,CUS-20005293,Sofia Roberts,176 Mill View,NR15 8YH,1993-03-25,31,2024-11-15,employed,102,professional,private_tenant,161,3,2,31700.0,2054.12,335.16,879.72,839.24,0.1269,2300.0,major_purchase,16,partially_verified,mobile,14,2,0,pass,pass,103,1,0.5363,2,0,0,full,0,0,0,0,0,0,0,0,0,0,0,0,783,0,0,Known Good,0.0,Known good/bad,0,Known good,0.0,5.087596335232384,0.033046708167530844,584.5402307603342
ACC-10005294,CUS-20005294,Sofia Hughes,193 Park Avenue,OX27 9UG,1969-05-19,55,2024-10-19,self_employed,70,managerial,private_tenant,63,2,0,54200.0,3340.69,244.84,1349.55,1746.3,0.0542,14100.0,debt_consolidation,32,verified,mobile,17,3,1,refer,pass,231,3,0.4043,3,0,0,full,0,0,0,0,0,0,0,0,0,0,0,0,847,0,0,Known Good,0.0,Known good/bad,0,Known good,0.0,4.1588830833596715,0.03742026888247954,580.8231605015212
ACC-10005296,CUS-20005296,Sofia Taylor,122 Highfield Gardens,RG12 7PS,1972-06-17,52,2024-12-09,retired,53,skilled,private_tenant,65,1,1,41600.0,2633.68,113.92,671.56,1848.2,0.0329,4200.0,car,59,partially_verified,web,21,0,0,pass,refer,403,4,0.3597,0,0,0,full,0,0,0,0,0,0,0,0,0,0,0,0,881,0,0,Known Good,0.0,Known good/bad,0,Known good,0.0,4.189654742026425,0.023821277847948158,594.2593280937257
ACC-10005303,CUS-20005303,Adam Clarke,205 Station Lane,SO11 2LJ,1987-02-18,37,2024-11-09,employed,42,managerial,private_tenant,162,2,1,24900.0,1612.03,131.86,464.72,1015.45,0.0635,2100.0,education,154,verified,web,4,1,0,pass,pass,105,3,0.6229,1,0,0,full,0,0,0,0,0,0,0,0,0,0,0,0,747,0,0,Known Good,0.0,Known good/bad,0,Known good,0.0,5.093750200806762,0.010944206113031336,617.07913013339
ACC-10005308,CUS-20005308,Oliver Green,140 Park Avenue,NR16 5AQ,1984-05-01,40,2024-07-23,employed,31,not_working,private_tenant,50,2,2,20500.0,1259.78,516.06,842.35,-98.63,0.3021,22600.0,debt_consolidation,49,partially_verified,web,12,1,1,pass,pass,207,3,0.4876,1,0,0,full,0,0,0,0,0,0,0,0,0,0,0,0,867,0,0,Known Good,0.0,Known good/bad,0,Known good,1.0,3.9318256327243257,0.06076260221856213,566.1275620548398
ACC-10005312,CUS-20005312,Oliver Shah,174 Oak Road,NG17 6PG,1982-03-09,42,2024-10-15,employed,111,manual,homeowner_mortgage,5,2,0,53800.0,3345.43,78.73,1063.6,2203.1,0.0176,2000.0,car,13,verified,mobile,11,2,0,pass,pass,152,4,0.4866,2,0,0,full,0,0,0,0,0,0,0,0,0,0,0,0,787,0,0,Known Good,0.0,Known good/bad,0,Known good,0.0,1.791759469228055,0.049876114075710756,572.156769515004
ACC-10005313,CUS-20005313,Adam Taylor,171 Willow Drive,M5 6JF,1976-07-17,48,2024-07-29,employed,54,not_working,living_with_family,142,3,1,46800.0,2913.78,229.54,857.46,1826.78,0.0589,4000.0,debt_consolidation,51,partially_verified,web,6,4,0,pass,pass,352,1,0.4906,4,0,0,none,0,0,1,1,0,1,1,0,0,0,0,0,765,0,4,Known Bad,1.0,Known good/bad,1,Known bad,0.0,4.962844630259907,0.040257072082497895,578.6295536255074
ACC-10005314,CUS-20005314,Oliver Shah,47 Oak Road,L8 7DS,1988-06-01,36,2024-09-15,employed,61,managerial,homeowner_mortgage,106,3,3,71100.0,4705.61,202.89,1109.4,3393.32,0.0342,10100.0,car,23,verified,web,20,0,0,pass,pass,163,4,0.3679,0,1,2,full,0,0,0,0,0,0,0,0,0,0,0,0,820,0,0,Known Good,0.0,Known good/bad,0,Known good,0.0,4.672828834461906,0.03769187769926207,580.6063428650215
ACC-10005325,CUS-20005325,Priya Khan,182 Park Avenue,RG11 1HA,1976-10-27,47,2024-10-17,employed,11,service,homeowner_mortgage,110,3,0,19700.0,1291.83,126.83,1247.84,-82.84,0.0773,8600.0,home_improvement,42,not_verified,web,21,2,0,pass,pass,226,5,0.3081,2,0,0,full,0,0,0,0,0,0,0,0,0,0,0,0,824,0,0,Known Good,0.0,Known good/bad,0,Known good,1.0,4.709530201312334,0.045366863995372625,575.0275876631496
ACC-10005333,CUS-20005333,Leo Foster,218 Kingfisher Way,PL26 3GE,1982-08-07,42,2024-08-26,employed,20,service,homeowner_outright,136,1,2,27100.0,1730.23,1069.34,50.68,610.21,0.4735,6800.0,debt_consolidation,50,verified,web,6,2,0,pass,pass,248,6,0.578,2,0,0,full,0,0,0,0,0,0,0,0,0,0,0,0,748,0,0,Known Good,0.0,Known good/bad,0,Known good,0.0,4.919980925828125,0.04492770475644323,575.3215297739373
ACC-10005344,CUS-20005344,Priya Hughes,137 Park Avenue,OX24 6YJ,1999-03-08,25,2024-12-30,employed,10,administrative,homeowner_mortgage,69,2,0,48800.0,3264.8,124.79,606.17,2533.84,0.0307,11900.0,home_improvement,99,verified,telephone,8,0,0,refer,refer,68,1,0.6616,0,0,0,full,0,0,0,0,0,0,0,0,0,0,0,0,870,0,0,Known Good,0.0,Known good/bad,0,Known good,0.0,4.248495242049359,0.02999495463105906,587.4268861417067
ACC-10005347,CUS-20005347,Sofia Green,189 Church Street,NR6 3YJ,1990-10-03,34,2024-12-12,self_employed,122,manual,private_tenant,59,2,0,11200.0,724.55,183.19,342.54,198.82,0.1963,4900.0,car,50,verified,mobile,3,1,1,pass,pass,69,6,0.2917,1,1,1,full,0,0,0,0,0,0,0,0,0,0,0,0,737,0,0,Known Good,0.0,Known good/bad,0,Known good,0.0,4.0943445622221,0.0497588782382355,572.2282316834029
ACC-10005356,CUS-20005356,Ava Clarke,51 Meadow Close,LS3 1JS,1996-11-23,27,2024-09-23,employed,40,professional,homeowner_mortgage,92,2,0,27800.0,1808.36,257.6,649.31,901.45,0.1112,14400.0,home_improvement,13,verified,web,0,2,0,pass,pass,90,2,0.628,2,0,0,full,0,0,0,0,0,0,0,0,0,0,0,0,767,0,0,Known Good,0.0,Known good/bad,0,Known good,0.0,4.532599493153256,0.0384325989531284,580.0225870375554
ACC-10005362,CUS-20005362,George Shah,163 Park Avenue,S29 7GD,1976-12-09,47,2024-07-06,part_time,27,professional,private_tenant,72,3,2,14500.0,919.63,24.03,1041.98,-146.38,0.0199,12500.0,car,108,verified,mobile,13,2,0,pass,pass,231,4,0.2105,2,1,1,none,0,0,0,0,0,0,0,0,0,0,0,0,647,0,0,Known Good,0.0,Known good/bad,0,Known good,1.0,4.290459441148391,0.07222188712009178,560.7883119916659
ACC-10005366,CUS-20005366,Jack Clarke,81 Church Street,OX2 6QW,1975-02-07,49,2024-11-20,self_employed,82,skilled,social_tenant,49,4,1,44000.0,2722.81,679.9,598.87,1444.04,0.1854,30000.0,home_improvement,13,verified,mobile,9,1,0,pass,pass,265,1,0.4339,1,0,1,full,0,0,0,0,0,0,0,0,0,0,0,0,816,0,0,Known Good,0.0,Known good/bad,0,Known good,0.0,3.912023005428146,0.03368439791817036,583.9697169578664
ACC-10005367,CUS-20005367,George Wilson,240 Park Avenue,PL25 1SR,1979-05-21,45,2024-11-08,employed,78,managerial,living_with_family,63,3,0,29000.0,1862.26,391.11,499.91,971.24,0.1618,2500.0,home_improvement,12,partially_verified,web,20,1,1,pass,pass,176,4,0.25,1,0,2,full,0,0,0,0,0,0,0,0,0,0,0,0,874,0,0,Known Good,0.0,Known good/bad,0,Known good,0.0,4.1588830833596715,0.027478786085636142,590.0296670611378
ACC-10005370,CUS-20005370,Amelia Shah,14 Oak Road,LS1 2DB,1984-08-14,39,2024-07-07,employed,45,skilled,private_tenant,50,4,1,21100.0,1417.71,215.15,867.66,334.9,0.1224,4300.0,car,90,verified,branch,15,0,0,pass,pass,141,3,0.7486,0,0,0,full,0,0,0,0,0,0,0,0,0,0,0,0,753,0,0,Known Good,0.0,Known good/bad,0,Known good,0.0,3.9318256327243257,0.03613351326317452,581.8713538134627
ACC-10005372,CUS-20005372,Isla Foster,128 Oak Road,PL19 5WW,1988-01-15,36,2024-07-29,employed,45,administrative,homeowner_outright,61,1,0,19500.0,1243.5,97.26,37.54,1108.7,0.0599,4300.0,education,168,verified,web,20,1,0,pass,pass,89,2,0.4386,1,0,0,full,0,0,0,0,0,0,0,0,0,0,0,0,838,0,0,Known Good,0.0,Known good/bad,0,Known good,0.0,4.127134385045092,0.011024742523954544,616.8652273956216
ACC-10005379,CUS-20005379,Ava Davies,211 Park Avenue,NR13 5JV,1993-12-16,30,2024-07-14,employed,97,skilled,private_tenant,57,4,0,32200.0,2015.7,192.14,863.95,959.61,0.0716,13500.0,debt_consolidation,76,verified,web,5,4,0,pass,pass,143,2,0.6637,4,0,0,full,0,0,0,0,0,0,0,0,0,0,0,0,775,0,0,Known Good,0.0,Known good/bad,0,Known good,0.0,4.060443010546419,0.05372251755911991,569.8961657249239
ACC-10005380,CUS-20005380,Noah Morgan,29 Meadow Close,M21 5DB,1972-10-20,52,2024-12-15,employed,62,skilled,homeowner_mortgage,25,2,1,34100.0,2054.05,522.82,363.06,1168.17,0.184,4300.0,major_purchase,143,verified,web,7,0,0,refer,pass,176,2,0.1867,0,0,0,none,0,0,0,0,0,0,0,0,0,0,0,0,910,0,0,Known Good,0.0,Known good/bad,0,Known good,0.0,3.258096538021482,0.02692418498940858,590.6344288922529
ACC-10005381,CUS-20005381,Maya Evans,118 Mill View,G19 7JN,1965-07-28,58,2024-07-04,employed,62,skilled,social_tenant,30,4,1,19300.0,1240.24,69.21,576.39,594.64,0.043,24000.0,car,44,verified,web,20,2,0,pass,pass,303,4,0.3577,2,0,0,full,0,0,0,0,0,0,0,0,0,0,0,0,821,0,0,Known Good,0.0,Known good/bad,0,Known good,0.0,3.4339872044851463,0.035269622782457724,582.5954310730655
ACC-10005383,CUS-20005383,Theo Shah,172 Park Avenue,PL2 8WL,2001-08-03,23,2024-09-30,employed,101,manual,homeowner_mortgage,36,3,0,45100.0,2973.69,335.8,1017.41,1620.48,0.0893,3400.0,debt_consolidation,80,verified,branch,18,1,0,pass,pass,59,1,0.671,1,0,0,full,0,0,0,0,0,0,0,0,0,0,0,0,842,0,0,Known Good,0.0,Known good/bad,0,Known good,0.0,3.6109179126442243,0.039832281440660124,578.9484044698552
ACC-10005385,CUS-20005385,Adam Lewis,161 Park Avenue,OX14 2JX,1973-10-11,50,2024-07-23,unemployed,0,service,private_tenant,33,2,1,10900.0,666.04,204.17,319.23,142.64,0.2248,2900.0,debt_consolidation,82,not_verified,mobile,16,3,1,pass,pass,378,4,0.652,3,0,0,full,0,0,0,0,0,0,0,0,0,0,0,0,803,0,0,Known Good,0.0,Known good/bad,0,Known good,1.0,3.5263605246161616,0.08944516660401032,554.0762855795742
ACC-10005389,CUS-20005389,Adam Jones,100 Park Avenue,BS20 4RS,1992-12-24,32,2024-12-24,employed,136,skilled,private_tenant,118,3,2,17400.0,1076.71,638.14,776.72,-338.15,0.4401,13300.0,debt_consolidation,32,partially_verified,mobile,0,0,1,pass,pass,133,2,0.3401,0,0,0,none,0,0,0,0,0,0,0,0,0,0,0,0,839,0,0,Known Good,0.0,Known good/bad,0,Known good,1.0,4.77912349311153,0.045882780376605696,574.6857121865226
ACC-10005390,CUS-20005390,Amelia Roberts,134 Station Lane,L10 2NN,1975-03-10,49,2024-11-26,employed,159,managerial,private_tenant,137,3,1,50700.0,3462.67,347.15,863.07,2252.45,0.0822,1200.0,major_purchase,93,verified,branch,5,0,0,pass,pass,317,3,0.5109,0,0,2,none,0,0,0,0,0,0,0,0,0,0,0,0,744,0,0,Known Good,0.0,Known good/bad,0,Known good,0.0,4.927253685157205,0.02471081724053396,593.1751847208402
ACC-10005394,CUS-20005394,Priya Roberts,230 Meadow Close,NE7 7GF,1967-11-02,56,2024-10-10,employed,83,managerial,homeowner_mortgage,68,3,1,37300.0,2388.65,199.17,712.06,1477.42,0.0641,5800.0,debt_consolidation,191,partially_verified,web,7,0,0,pass,pass,296,4,0.4155,0,0,0,full,0,0,0,0,0,0,0,0,0,0,0,0,833,0,0,Known Good,0.0,Known good/bad,0,Known good,0.0,4.23410650459726,0.025296608653574353,592.48182367441
ACC-10005395,CUS-20005395,Noah Khan,231 Kingfisher Way,L21 3DH,1990-04-16,34,2024-11-05,self_employed,22,skilled,private_tenant,44,3,1,29300.0,1822.4,380.92,1337.65,103.83,0.156,3700.0,home_improvement,16,verified,branch,23,2,0,fail,pass,181,4,0.1983,2,0,0,full,0,0,0,0,0,0,0,0,0,0,0,0,853,0,0,Known Good,0.0,Known good/bad,0,Known good,1.0,3.8066624897703196,0.050812623380871384,571.5915573776699
ACC-10005400,CUS-20005400,Leo Shah,221 Kingfisher Way,NR1 9YA,1979-01-01,45,2024-09-20,employed,33,manual,homeowner_outright,202,3,1,32700.0,2094.45,251.92,144.51,1698.02,0.0924,2700.0,home_improvement,61,verified,mobile,9,3,1,pass,fail,244,2,0.3157,3,0,0,full,0,0,0,0,0,0,0,0,0,0,0,0,753,0,0,Known Good,0.0,Known good/bad,0,Known good,0.0,5.313205979041787,0.029743421184811655,587.6773522987335
ACC-10005401,CUS-20005401,Amelia Evans,108 Park Avenue,NE25 6LL,1975-10-31,49,2024-11-04,self_employed,64,service,homeowner_mortgage,41,2,1,52300.0,3329.1,368.1,595.55,2365.45,0.0845,8600.0,education,127,verified,branch,20,0,0,pass,pass,186,1,0.1726,0,0,1,full,0,0,0,0,0,0,0,0,0,0,0,0,938,0,0,Known Good,0.0,Known good/bad,0,Known good,0.0,3.7376696182833684,0.008426582823675002,624.6954378385335
ACC-10005402,CUS-20005402,George Wilson,86 Mill View,PL4 6PW,1966-08-02,58,2024-09-08,retired,99,manual,private_tenant,38,3,0,61400.0,3835.13,209.78,592.79,3032.56,0.041,4700.0,debt_consolidation,90,verified,web,9,2,0,pass,pass,338,2,0.796,2,0,0,full,0,0,0,0,0,0,0,0,0,0,0,0,728,0,0,Known Good,0.0,Known good/bad,0,Known good,0.0,3.6635616461296463,0.04795876154545137,573.3460313495046
ACC-10005403,CUS-20005403,Sofia Patel,233 Station Lane,OX20 8WW,1996-05-04,28,2024-10-01,employed,61,administrative,social_tenant,39,1,1,48000.0,3099.98,209.68,802.89,2087.41,0.0524,13000.0,car,92,verified,web,22,0,0,pass,pass,112,4,0.3697,0,1,1,full,0,0,0,0,0,0,0,0,0,0,0,0,754,0,0,Known Good,0.0,Known good/bad,0,Known good,0.0,3.6888794541139363,0.04477213153793524,575.4263165587618
ACC-10005404,CUS-20005404,Amelia Jones,152 Church Street,SO10 5DN,1972-12-08,51,2024-07-26,self_employed,52,manual,homeowner_mortgage,51,5,0,45900.0,2944.09,29.83,624.68,2289.58,0.0078,10500.0,debt_consolidation,121,verified,web,5,2,0,pass,pass,195,5,0.943,2,1,2,partial,0,0,0,0,0,0,0,0,0,0,0,0,615,0,0,Known Good,0.0,Known good/bad,0,Known good,0.0,3.9512437185814275,0.08364239488292212,556.1949649859592
ACC-10005424,CUS-20005424,Noah Foster,240 Meadow Close,EH19 4SD,1984-08-17,39,2024-07-20,retired,43,service,homeowner_outright,77,1,0,15800.0,1056.24,518.54,92.27,445.43,0.3938,2500.0,car,52,partially_verified,branch,15,1,1,pass,pass,205,2,0.3238,1,0,0,full,0,0,0,0,0,0,0,0,0,0,0,0,856,0,0,Known Good,0.0,Known good/bad,0,Known good,0.0,4.356708826689592,0.03335164005234212,584.2661074093975
ACC-10005430,CUS-20005430,Maya Patel,206 Mill View,PL6 4LW,1970-09-14,53,2024-08-30,employed,49,service,homeowner_outright,63,3,0,24900.0,1558.94,911.65,81.46,565.83,0.4393,7600.0,education,54,verified,web,7,0,0,pass,pass,334,3,0.3483,0,0,1,full,0,0,0,0,0,0,0,0,0,0,0,0,745,0,0,Known Good,0.0,Known good/bad,0,Known good,0.0,4.1588830833596715,0.011767292499376851,614.9628059455399
ACC-10005431,CUS-20005431,Noah Taylor,40 Park Avenue,PL19 6SV,1969-02-20,55,2024-10-08,employed,35,professional,living_with_family,167,3,1,39700.0,2586.07,133.33,778.13,1674.61,0.0403,4400.0,debt_consolidation,100,not_verified,telephone,7,0,0,pass,pass,323,4,0.2299,0,0,1,full,0,0,0,0,0,0,0,0,0,0,0,0,865,0,0,Known Good,0.0,Known good/bad,0,Known good,0.0,5.123963979403259,0.01851370524451679,601.6889273858252
ACC-10005432,CUS-20005432,Sofia Davies,69 Meadow Close,M25 7VA,1979-06-18,45,2024-12-02,employed,60,not_working,private_tenant,98,1,0,18600.0,1121.46,752.2,809.01,-439.75,0.4853,14700.0,home_improvement,26,verified,mobile,13,1,0,pass,pass,214,3,0.6598,1,0,0,full,0,0,0,0,0,0,0,0,0,0,0,0,802,0,0,Known Good,0.0,Known good/bad,0,Known good,1.0,4.59511985013459,0.07099711701700241,561.319890732582
ACC-10005434,CUS-20005434,Daniel Patel,249 Willow Drive,SO29 7NB,1976-10-19,48,2024-11-25,employed,43,professional,homeowner_mortgage,70,2,1,74500.0,4583.84,150.82,824.94,3608.08,0.0243,5700.0,debt_consolidation,13,not_verified,web,6,0,1,refer,pass,296,2,0.5256,0,0,0,full,0,0,0,0,0,0,0,0,0,0,0,0,882,0,0,Known Good,0.0,Known good/bad,0,Known good,0.0,4.2626798770413155,0.026720714335253266,590.8593435823748
ACC-10005436,CUS-20005436,Maya Foster,126 Victoria Road,PL27 4FD,1976-12-31,47,2024-07-09,employed,189,service,living_with_family,44,4,0,30400.0,1966.79,597.7,957.64,411.45,0.2359,2200.0,debt_consolidation,156,verified,web,19,1,0,refer,pass,262,3,0.7044,1,0,1,full,0,0,0,0,0,0,0,0,0,0,0,0,792,0,0,Known Good,0.0,Known good/bad,0,Known good,0.0,3.8066624897703196,0.04398514757543572,575.9617696880641
ACC-10005438,CUS-20005438,Freya Foster,65 Highfield Gardens,OX19 5GH,1984-03-26,40,2024-08-24,self_employed,150,professional,private_tenant,52,3,0,23300.0,1439.03,1138.55,943.37,-642.89,0.5864,5900.0,car,237,verified,mobile,22,3,1,pass,pass,132,4,0.4221,3,0,1,full,0,0,0,0,0,0,0,0,0,0,0,0,716,0,0,Known Good,0.0,Known good/bad,0,Known good,1.0,3.970291913552122,0.08985405248388466,553.9317248442418
ACC-10005439,CUS-20005439,Oliver Green,59 Highfield Gardens,S21 2QR,1984-06-17,40,2024-10-29,employed,38,managerial,homeowner_mortgage,37,2,1,18600.0,1172.65,33.05,291.0,848.6,0.0213,29500.0,home_improvement,100,verified,web,16,3,1,pass,pass,139,2,0.2178,3,0,0,full,0,0,0,0,0,0,0,0,0,0,0,0,812,0,0,Known Good,0.0,Known good/bad,0,Known good,0.0,3.6375861597263857,0.03429001551895496,583.43746683102
ACC-10005440,CUS-20005440,Adam Shah,130 Church Street,L2 8QU,1986-09-07,38,2024-10-13,employed,2,administrative,homeowner_mortgage,145,3,1,25800.0,1696.23,917.17,844.45,-65.39,0.4266,9400.0,car,162,verified,mobile,1,2,1,pass,pass,172,1,0.3736,2,0,0,full,0,0,0,0,0,0,0,0,0,0,0,0,806,0,0,Known Good,0.0,Known good/bad,0,Known good,1.0,4.983606621708336,0.05845107210622177,567.3175697036758
ACC-10005445,CUS-20005445,Jack Foster,206 Mill View,G11 4ND,1975-07-03,49,2024-09-02,self_employed,8,not_working,private_tenant,39,2,0,48700.0,3177.46,119.82,872.81,2184.83,0.0295,4500.0,car,129,verified,mobile,6,2,1,pass,pass,269,3,0.4197,2,0,0,full,0,0,0,0,0,0,0,0,0,0,0,0,877,0,0,Known Good,0.0,Known good/bad,0,Known good,0.0,3.6888794541139363,0.035213322218743244,582.6432109134631
ACC-10005447,CUS-20005447,Sofia Wilson,134 Church Street,RG29 8AT,1987-03-12,37,2024-11-21,retired,10,administrative,homeowner_mortgage,65,1,1,34500.0,2238.14,252.21,180.0,1805.93,0.0877,4100.0,debt_consolidation,36,verified,web,13,2,1,refer,pass,193,1,0.8876,2,0,0,none,0,0,0,0,0,0,0,0,0,0,0,0,723,0,0,Known Good,0.0,Known good/bad,0,Known good,0.0,4.189654742026425,0.04897338173196008,572.711196104365
ACC-10005454,CUS-20005454,Oliver Foster,158 Meadow Close,M23 9VT,1990-01-22,34,2024-11-26,self_employed,35,service,private_tenant,10,3,0,71100.0,4858.5,139.8,1328.53,3390.17,0.0236,8300.0,car,72,verified,branch,6,0,0,pass,pass,103,4,0.2571,0,0,0,full,0,0,0,0,0,0,0,0,0,0,0,0,831,0,0,Known Good,0.0,Known good/bad,0,Known good,0.0,2.3978952727983707,0.029178466980946588,588.2474785261242
ACC-10005459,CUS-20005459,Jack Lewis,50 Victoria Road,SO16 5RX,1989-03-16,35,2024-07-19,unemployed,0,not_working,private_tenant,37,2,0,16200.0,980.12,329.03,390.33,260.76,0.2437,5200.0,home_improvement,126,partially_verified,mobile,3,1,0,pass,pass,83,2,0.2867,1,0,0,full,0,0,0,0,0,0,0,0,0,0,0,0,875,0,0,Known Good,0.0,Known good/bad,0,Known good,0.0,3.6375861597263857,0.03266141576959928,584.8901104276267
ACC-10005463,CUS-20005463,Amelia Jones,165 Station Lane,EH18 3DB,1975-06-19,49,2024-11-24,part_time,101,skilled,homeowner_mortgage,48,1,2,33300.0,2155.09,131.0,698.12,1325.97,0.0472,15600.0,major_purchase,29,partially_verified,web,1,2,0,pass,pass,186,1,0.2874,2,0,1,full,0,0,0,0,0,0,0,0,0,0,0,0,773,0,0,Known Good,0.0,Known good/bad,0,Known good,0.0,3.8918202981106265,0.031065996710498894,586.3826793260798
ACC-10005470,CUS-20005470,Maya Foster,129 Church Street,B16 7WL,1949-07-03,75,2024-11-21,employed,102,manual,social_tenant,53,4,0,47600.0,3057.14,413.61,672.83,1970.7,0.1043,3400.0,debt_consolidation,13,verified,web,11,1,1,pass,pass,600,2,0.7753,1,0,0,none,0,0,0,0,0,0,0,0,0,0,0,0,750,0,0,Known Good,0.0,Known good/bad,0,Known good,0.0,3.9889840465642745,0.041140479949649235,577.9766549165407
ACC-10005471,CUS-20005471,Isla Roberts,65 Kingfisher Way,PL5 1AA,2006-07-01,18,2024-12-11,employed,54,service,private_tenant,56,2,2,15800.0,943.9,204.38,295.75,443.77,0.1552,5700.0,home_improvement,41,verified,mobile,20,1,0,pass,pass,0,5,0.369,1,0,0,full,0,0,0,0,0,0,0,0,0,0,0,0,819,0,0,Known Good,0.0,Known good/bad,0,Known good,0.0,4.04305126783455,0.03064547310221494,586.7884466839591
ACC-10005472,CUS-20005472,Freya Foster,107 Victoria Road,L12 8GE,1988-04-11,36,2024-08-04,employed,28,skilled,homeowner_mortgage,117,2,0,9000.0,563.42,66.01,1051.29,-553.88,0.088,2900.0,home_improvement,106,verified,web,19,3,0,pass,pass,182,2,0.5189,3,0,0,full,0,0,0,0,0,0,0,0,0,0,0,0,810,0,0,Known Good,0.0,Known good/bad,0,Known good,1.0,4.770684624465665,0.06068410475892542,566.1672730637815
ACC-10005485,CUS-20005485,Amelia Davies,212 Church Street,LS7 1UY,1973-08-12,51,2024-10-29,employed,47,managerial,private_tenant,74,2,0,21100.0,1284.23,587.09,397.07,300.07,0.3339,6900.0,car,101,partially_verified,web,5,1,0,pass,refer,184,1,0.1988,1,0,0,full,0,0,0,0,0,0,0,0,0,0,0,0,829,0,0,Known Good,0.0,Known good/bad,0,Known good,0.0,4.31748811353631,0.029102190839598016,588.3252718950895
ACC-10005490,CUS-20005490,Jack Morgan,25 Mill View,BS22 9PT,1988-07-12,36,2024-10-11,part_time,25,skilled,private_tenant,19,2,4,33800.0,2200.71,97.85,706.69,1396.17,0.0347,6600.0,major_purchase,109,partially_verified,web,18,0,1,pass,pass,206,3,0.2115,0,0,0,full,0,0,0,0,0,0,0,0,0,0,0,0,826,0,0,Known Good,0.0,Known good/bad,0,Known good,0.0,2.995732273553991,0.025732071602492506,591.9764574367089
ACC-10005492,CUS-20005492,Sofia Roberts,66 Oak Road,NR27 2DJ,1970-01-21,54,2024-09-19,self_employed,17,manual,social_tenant,206,3,2,29400.0,1831.6,1003.76,647.55,180.29,0.4097,10400.0,major_purchase,169,partially_verified,web,14,4,0,pass,pass,146,5,0.7122,4,0,0,full,0,0,0,0,0,0,0,0,0,0,0,0,753,0,0,Known Good,0.0,Known good/bad,0,Known good,0.0,5.332718793265369,0.057828288260429385,567.6457304621289
ACC-10005496,CUS-20005496,Adam Lewis,19 Mill View,B2 9GW,1986-08-17,38,2024-12-19,employed,99,manual,living_with_family,26,1,0,24600.0,1597.63,175.17,1119.86,302.6,0.0854,6600.0,major_purchase,17,verified,mobile,8,2,0,pass,pass,154,7,0.5903,2,0,0,partial,0,0,0,0,0,0,0,0,0,0,0,0,817,0,0,Known Good,0.0,Known good/bad,0,Known good,0.0,3.295836866004329,0.04466012693508425,575.5019726629774
ACC-10005507,CUS-20005507,Adam Jones,210 Station Lane,BS3 1LW,1981-10-26,42,2024-10-10,employed,38,not_working,social_tenant,19,4,0,52700.0,3332.27,145.06,308.44,2878.77,0.033,12000.0,car,41,partially_verified,telephone,18,1,0,pass,fail,156,3,0.4285,1,0,0,full,0,0,0,0,0,0,0,0,0,0,0,0,801,0,0,Known Good,0.0,Known good/bad,0,Known good,0.0,2.995732273553991,0.034866206598947874,582.939428967241
ACC-10005509,CUS-20005509,Priya Bennett,51 Mill View,B22 7ET,1990-10-09,34,2024-11-13,unemployed,2,managerial,private_tenant,206,2,0,15200.0,955.47,452.3,656.2,-153.03,0.3571,13400.0,car,69,partially_verified,web,15,1,0,refer,pass,121,4,0.7238,1,0,0,full,0,0,0,1,0,0,1,0,1,0,1,0,842,0,4,Known Bad,1.0,Known good/bad,1,Known bad,1.0,5.332718793265369,0.06080727871272455,566.1049821246035
ACC-10005511,CUS-20005511,Jack Hughes,66 Park Avenue,RG15 7WX,1976-10-30,48,2024-11-27,employed,98,service,homeowner_mortgage,14,2,0,55100.0,3543.81,386.02,990.45,2167.34,0.0841,4600.0,car,41,verified,mobile,3,1,0,pass,pass,325,6,0.7397,1,0,0,full,1,0,0,0,1,1,1,0,1,0,0,0,812,0,5,Known Bad,1.0,Known good/bad,1,Known bad,0.0,2.70805020110221,0.04839236122379163,573.0731884592728
ACC-10005514,CUS-20005514,Ava Green,133 Meadow Close,B24 8XG,1977-03-15,47,2024-12-05,self_employed,33,manual,private_tenant,34,3,0,36900.0,2442.52,131.44,1405.02,906.06,0.0427,2900.0,home_improvement,35,verified,mobile,1,0,1,pass,pass,150,4,0.4158,0,0,1,partial,0,0,0,0,0,0,0,0,0,0,0,0,917,0,0,Known Good,0.0,Known good/bad,0,Known good,0.0,3.5553480614894135,0.027825323235158406,589.6577802702905
ACC-10005517,CUS-20005517,Ava Foster,135 Kingfisher Way,CF8 1BJ,1998-11-17,25,2024-09-14,employed,152,service,private_tenant,34,3,0,21500.0,1438.25,141.68,888.78,407.79,0.0791,6300.0,other,33,verified,branch,20,0,1,pass,pass,56,1,0.2027,0,0,0,full,0,0,0,0,0,0,0,0,0,0,0,0,923,0,0,Known Good,0.0,Known good/bad,0,Known good,0.0,3.5553480614894135,0.024084147481867227,593.9348961219792
ACC-10005521,CUS-20005521,Noah Green,57 Park Avenue,OX14 6SN,1986-10-26,37,2024-08-28,employed,25,manual,homeowner_mortgage,137,1,0,19800.0,1323.48,164.75,471.4,687.33,0.0998,4100.0,car,35,verified,mobile,7,0,1,pass,pass,212,2,0.3344,0,0,0,full,0,0,0,0,0,0,0,0,0,0,0,0,891,0,0,Known Good,0.0,Known good/bad,0,Known good,0.0,4.927253685157205,0.02171966844987445,596.9863552206813
ACC-10005530,CUS-20005530,Freya Khan,229 Mill View,NG24 5TB,1989-06-07,35,2024-07-21,employed,20,manual,homeowner_mortgage,10,4,2,19200.0,1205.24,457.88,200.87,546.49,0.2862,11300.0,home_improvement,43,verified,web,0,1,0,pass,pass,115,2,0.5045,1,0,1,partial,0,0,0,0,0,0,0,0,0,0,0,0,849,0,0,Known Good,0.0,Known good/bad,0,Known good,0.0,2.3978952727983707,0.048780958594049906,572.8306278282324
ACC-10005533,CUS-20005533,Theo Bennett,216 Highfield Gardens,LS28 8VE,1982-10-26,41,2024-07-17,employed,106,managerial,homeowner_mortgage,148,3,0,90100.0,5854.72,126.65,1053.34,4674.73,0.0169,13200.0,home_improvement,49,verified,web,22,2,0,pass,pass,193,2,0.3062,2,0,1,full,0,0,0,0,0,0,0,0,0,0,0,0,819,0,0,Known Good,0.0,Known good/bad,0,Known good,0.0,5.003946305945459,0.025753825308543643,591.9514305993877
ACC-10005535,CUS-20005535,Jack Roberts,175 Park Avenue,B27 6SN,1984-01-29,40,2024-07-21,retired,54,managerial,homeowner_mortgage,82,2,1,27300.0,1779.74,164.88,1073.05,541.81,0.0725,4700.0,debt_consolidation,77,not_verified,web,13,0,0,pass,pass,85,4,0.2931,0,1,1,full,0,0,0,0,0,0,0,0,0,0,0,0,795,0,0,Known Good,0.0,Known good/bad,0,Known good,0.0,4.418840607796598,0.03803358487221289,580.335690086723
ACC-10005537,CUS-20005537,Priya Lewis,81 Meadow Close,SO25 2WY,1980-03-17,44,2024-10-26,retired,60,not_working,homeowner_outright,34,2,2,24000.0,1586.71,62.84,61.82,1462.05,0.0314,15800.0,debt_consolidation,133,partially_verified,mobile,3,1,0,refer,pass,150,1,0.3345,1,0,0,full,0,1,1,1,0,0,0,0,1,1,0,0,805,0,5,Known Bad,1.0,Known good/bad,1,Known bad,0.0,3.5553480614894135,0.029517257355319185,587.9043157339552
ACC-10005539,CUS-20005539,Priya Foster,240 Victoria Road,OX22 4YS,1969-09-26,55,2024-09-29,employed,85,administrative,social_tenant,169,3,0,35200.0,2045.42,537.04,688.58,819.8,0.1831,19900.0,debt_consolidation,64,partially_verified,web,6,0,0,pass,pass,154,4,0.3562,0,0,0,full,0,0,0,0,0,0,0,0,0,0,0,0,867,0,0,Known Good,0.0,Known good/bad,0,Known good,0.0,5.135798437050262,0.022693606295865112,595.6919389151915
ACC-10005545,CUS-20005545,Aisha Roberts,191 Highfield Gardens,NE12 3GW,1971-06-12,53,2024-11-25,employed,93,manual,homeowner_mortgage,76,3,1,22200.0,1367.48,241.9,909.57,216.01,0.1308,5900.0,car,12,verified,mobile,22,1,0,pass,pass,420,4,0.2415,1,0,0,partial,0,0,0,0,0,0,0,0,0,0,0,0,935,0,0,Known Good,0.0,Known good/bad,0,Known good,0.0,4.343805421853684,0.025896921041705885,591.7873153709456
ACC-10005549,CUS-20005549,Isla Wilson,170 Highfield Gardens,LS10 7NE,2001-09-07,22,2024-07-01,employed,33,professional,living_with_family,63,1,0,42400.0,2608.36,255.3,930.42,1422.64,0.0723,10100.0,other,48,verified,branch,20,1,0,pass,pass,42,2,0.4796,1,0,0,full,0,0,0,0,0,0,0,0,0,0,0,0,815,0,0,Known Good,0.0,Known good/bad,0,Known good,0.0,4.1588830833596715,0.030946044350528508,586.4978778056959
ACC-10005553,CUS-20005553,Adam Evans,44 Church Street,SO26 7XV,1981-11-06,42,2024-07-24,employed,121,professional,homeowner_mortgage,16,1,0,12900.0,792.99,308.21,534.24,-49.46,0.2867,13700.0,home_improvement,119,verified,mobile,15,3,0,pass,pass,88,4,0.3265,3,0,0,none,0,0,0,0,0,0,0,0,0,0,0,0,833,0,0,Known Good,0.0,Known good/bad,0,Known good,1.0,2.833213344056216,0.08119196934663556,557.1299666635191
ACC-10005554,CUS-20005554,Maya Foster,105 Oak Road,OX28 2FJ,1985-01-15,39,2024-09-24,employed,41,not_working,homeowner_outright,35,3,0,15800.0,1006.0,244.3,14.27,747.43,0.1855,8000.0,debt_consolidation,119,verified,web,20,1,1,pass,pass,112,2,0.5741,1,0,1,partial,0,0,0,0,0,0,0,0,0,0,0,0,776,0,0,Known Good,0.0,Known good/bad,0,Known good,0.0,3.58351893845611,0.03969010035805951,579.0558548998208
ACC-10005557,CUS-20005557,Leo Roberts,27 Station Lane,B20 8JF,1984-02-13,40,2024-08-22,self_employed,65,skilled,private_tenant,91,4,0,29700.0,1954.23,850.36,978.93,124.94,0.3436,5200.0,car,45,verified,web,10,2,0,refer,pass,158,3,0.3004,2,0,0,full,0,0,0,0,0,0,0,0,0,0,0,0,790,0,0,Known Good,0.0,Known good/bad,0,Known good,1.0,4.5217885770490405,0.05604679838867511,568.603105578436
ACC-10005558,CUS-20005558,George Patel,191 Victoria Road,S1 2GW,1986-09-07,38,2024-12-06,self_employed,54,not_working,homeowner_mortgage,135,2,1,35000.0,2358.47,309.37,1065.51,983.59,0.1061,9300.0,car,81,verified,telephone,16,1,0,pass,pass,219,4,0.4979,1,2,2,partial,0,0,0,0,0,0,0,0,0,0,0,0,624,0,0,Known Good,0.0,Known good/bad,0,Known good,0.0,4.912654885736052,0.08036031680455262,557.4531474869653
ACC-10005563,CUS-20005563,Aisha Hughes,15 Station Lane,RG11 9HX,1973-10-10,50,2024-09-15,employed,108,manual,homeowner_mortgage,54,1,0,19300.0,1248.81,116.97,1232.51,-100.67,0.0727,9800.0,debt_consolidation,117,verified,web,3,4,1,pass,pass,143,4,0.2579,4,0,0,full,0,0,0,0,0,0,0,0,0,0,0,0,889,0,0,Known Good,0.0,Known good/bad,0,Known good,1.0,4.007333185232471,0.06286773805240652,565.080094502954
ACC-10005566,CUS-20005566,Amelia Hughes,28 Park Avenue,CF13 7QL,2006-08-30,18,2024-12-23,employed,77,managerial,homeowner_outright,13,1,0,57300.0,3841.9,383.01,141.75,3317.14,0.0802,7700.0,home_improvement,19,verified,web,3,1,0,pass,pass,0,2,0.5022,1,0,1,full,0,0,0,0,0,0,0,0,0,0,0,0,867,0,0,Known Good,0.0,Known good/bad,0,Known good,0.0,2.6390573296152584,0.040485850406985206,578.459164097108
ACC-10005571,CUS-20005571,Noah Evans,171 Willow Drive,LS17 8EL,1968-11-08,55,2024-07-09,employed,123,service,homeowner_mortgage,71,1,0,36400.0,2290.18,479.48,1280.25,530.45,0.1581,10300.0,debt_consolidation,28,verified,web,2,1,0,pass,pass,144,3,0.5033,1,0,0,full,0,0,0,0,0,0,0,0,0,0,0,0,780,0,0,Known Good,0.0,Known good/bad,0,Known good,0.0,4.276666119016055,0.03290669221491314,584.6669196561513
ACC-10005573,CUS-20005573,Maya Taylor,123 Victoria Road,LS7 1DR,1985-08-12,38,2024-07-16,part_time,176,service,private_tenant,144,2,2,46600.0,2891.53,199.0,639.53,2053.0,0.0512,3600.0,home_improvement,125,verified,web,1,0,1,pass,pass,161,3,0.2571,0,0,1,full,0,0,0,0,0,0,0,0,0,0,0,0,791,0,0,Known Good,0.0,Known good/bad,0,Known good,0.0,4.976733742420574,0.019541487509919193,600.0997639948307
ACC-10005574,CUS-20005574,Freya Davies,108 Meadow Close,EH24 4EF,1964-10-07,59,2024-07-17,employed,36,professional,homeowner_mortgage,66,4,0,34600.0,2157.48,520.63,1288.58,348.27,0.1806,2300.0,debt_consolidation,245,partially_verified,mobile,0,1,1,pass,pass,174,3,0.493,1,1,1,none,0,0,0,0,0,0,0,0,0,0,0,0,720,0,0,Known Good,0.0,Known good/bad,0,Known good,0.0,4.204692619390966,0.05656746819409193,568.3203730616706
ACC-10005577,CUS-20005577,Priya Patel,158 Kingfisher Way,NE3 8GN,1990-08-01,34,2024-11-23,employed,108,manual,homeowner_mortgage,136,1,0,34300.0,1987.66,179.01,813.51,995.14,0.0626,10500.0,debt_consolidation,101,verified,branch,15,0,0,pass,pass,90,0,0.224,0,0,0,full,0,0,0,0,0,0,0,0,0,0,0,0,799,0,0,Known Good,0.0,Known good/bad,0,Known good,0.0,4.919980925828125,0.0193646583558934,600.3672522624829
ACC-10005581,CUS-20005581,Ava Bennett,111 Meadow Close,NR1 1AW,1964-11-30,59,2024-07-12,retired,17,managerial,living_with_family,141,1,0,30500.0,2032.64,114.18,1017.84,900.62,0.0449,8700.0,major_purchase,117,verified,web,4,1,1,pass,pass,364,5,0.6803,1,0,0,partial,0,0,0,0,0,1,1,0,0,0,1,1,792,0,4,Known Bad,1.0,Known good/bad,1,Known bad,0.0,4.955827057601261,0.03129110740345526,586.1676474717475
ACC-10005585,CUS-20005585,Sofia Foster,70 Victoria Road,EH25 5WJ,1985-01-06,39,2024-08-17,employed,71,service,homeowner_outright,72,2,0,40000.0,2535.02,264.71,105.35,2164.96,0.0794,5000.0,car,72,verified,telephone,3,0,0,pass,pass,80,2,0.6677,0,0,0,full,0,0,0,0,0,0,0,0,0,0,0,0,770,0,0,Known Good,0.0,Known good/bad,0,Known good,0.0,4.290459441148391,0.031004180259902977,586.4419920269013
ACC-10005586,CUS-20005586,Freya Hughes,218 Meadow Close,B23 1SW,1978-07-17,45,2024-07-10,retired,51,administrative,homeowner_outright,53,2,0,13900.0,904.93,571.41,43.89,289.63,0.4933,11200.0,car,41,verified,web,12,1,0,refer,pass,274,3,0.6333,1,0,0,full,0,0,0,0,0,0,0,0,0,0,0,0,705,0,0,Known Good,0.0,Known good/bad,0,Known good,0.0,3.9889840465642745,0.04848087523155919,573.0177762940948
ACC-10005596,CUS-20005596,Daniel Lewis,215 Highfield Gardens,S7 5TQ,1972-06-07,52,2024-12-07,self_employed,168,not_working,living_with_family,15,5,1,41800.0,2614.32,302.95,1233.38,1077.99,0.087,1900.0,debt_consolidation,5,verified,mobile,10,4,0,pass,pass,199,1,0.4276,4,0,0,full,0,0,0,0,0,0,0,0,0,0,0,0,698,0,0,Known Good,0.0,Known good/bad,0,Known good,0.0,2.772588722239781,0.05540582244976912,568.9545790938774
ACC-10005597,CUS-20005597,Adam Clarke,43 Willow Drive,RG12 1TJ,1977-12-09,46,2024-10-02,employed,46,administrative,homeowner_mortgage,30,1,0,25100.0,1605.87,530.2,927.02,148.65,0.2535,3900.0,home_improvement,15,verified,mobile,7,1,0,pass,pass,269,0,0.4573,1,0,0,full,0,0,0,0,0,0,0,0,0,0,0,0,843,0,0,Known Good,0.0,Known good/bad,0,Known good,1.0,3.4339872044851463,0.062046264163537944,565.484886434273
ACC-10005604,CUS-20005604,Jack Bennett,43 Church Street,PL8 6SN,1983-08-09,41,2024-10-15,employed,61,skilled,homeowner_outright,79,2,0,28900.0,1759.72,448.81,92.63,1218.28,0.1864,19300.0,car,81,verified,web,23,1,0,pass,pass,265,3,0.5254,1,0,1,full,1,0,0,0,0,0,0,1,1,0,1,0,764,0,4,Known Bad,1.0,Known good/bad,1,Known bad,0.0,4.382026634673881,0.033599547848195285,584.0450243220102
ACC-10005612,CUS-20005612,Adam Patel,246 Willow Drive,NG14 4SY,1982-12-05,41,2024-10-13,part_time,49,skilled,homeowner_outright,59,6,0,46900.0,3036.18,391.84,58.12,2586.22,0.1003,30000.0,car,98,verified,telephone,11,2,0,pass,refer,205,4,0.3035,2,1,1,partial,0,0,0,0,0,0,0,0,0,0,0,0,719,0,0,Known Good,0.0,Known good/bad,0,Known good,0.0,4.0943445622221,0.053401173251155606,570.0790720009458
ACC-10005617,CUS-20005617,Priya Wilson,95 Station Lane,S25 3YJ,1998-03-10,26,2024-07-27,employed,97,professional,homeowner_outright,88,3,1,40000.0,2530.92,371.51,111.18,2048.23,0.1115,4000.0,debt_consolidation,44,verified,web,6,3,0,pass,pass,57,2,0.4002,3,0,0,full,0,0,0,0,0,0,0,0,0,0,0,0,833,0,0,Known Good,0.0,Known good/bad,0,Known good,0.0,4.48863636973214,0.03684824188441878,581.2847850276903
ACC-10005624,CUS-20005624,Oliver Khan,239 Victoria Road,EH21 9RP,1997-08-04,27,2024-12-01,employed,52,administrative,living_with_family,92,4,1,22700.0,1341.7,213.48,630.83,497.39,0.1129,3600.0,debt_consolidation,65,verified,branch,6,3,0,pass,pass,37,3,0.4933,3,0,0,full,0,0,0,0,0,0,0,0,0,0,0,0,825,0,0,Known Good,0.0,Known good/bad,0,Known good,0.0,4.532599493153256,0.039424103944248265,579.2578709472829
ACC-10005628,CUS-20005628,Maya Bennett,202 Oak Road,PL6 5AV,1983-06-06,41,2024-08-12,employed,23,skilled,private_tenant,126,2,0,81000.0,5047.78,198.51,449.31,4399.96,0.0294,15400.0,debt_consolidation,52,verified,mobile,20,1,0,refer,pass,204,6,0.2939,1,0,0,full,0,0,0,0,0,0,0,0,0,0,0,0,944,0,0,Known Good,0.0,Known good/bad,0,Known good,0.0,4.844187086458591,0.023130144661064358,595.1292797277864
ACC-10005645,CUS-20005645,Oliver Clarke,126 Station Lane,CF22 4ET,2003-04-19,21,2024-11-08,employed,68,skilled,homeowner_mortgage,97,5,0,20400.0,1249.34,95.78,961.51,192.05,0.0563,5800.0,car,88,verified,mobile,2,0,0,pass,pass,29,4,0.2422,0,0,0,partial,0,0,0,0,0,0,0,0,0,0,0,0,869,0,0,Known Good,0.0,Known good/bad,0,Known good,0.0,4.584967478670572,0.020664925438579295,598.4538060386137
ACC-10005647,CUS-20005647,Isla Evans,47 Victoria Road,PL24 6EW,1975-07-04,49,2024-07-04,part_time,15,skilled,private_tenant,85,2,0,25800.0,1553.83,143.12,1151.35,259.36,0.0666,4500.0,home_improvement,81,verified,web,2,5,0,fail,pass,112,5,0.5243,5,0,1,partial,0,0,0,0,0,0,0,0,0,0,0,0,753,0,0,Known Good,0.0,Known good/bad,0,Known good,0.0,4.454347296253507,0.051324049163929894,571.2870457010173
ACC-10005648,CUS-20005648,Adam Green,71 Park Avenue,S16 8TX,1980-08-18,44,2024-09-16,employed,112,service,homeowner_mortgage,49,4,2,28600.0,1701.7,220.3,593.42,887.98,0.0924,1400.0,car,92,partially_verified,web,18,0,0,pass,pass,289,2,0.2112,0,0,0,full,0,0,0,0,0,0,0,0,0,0,0,0,866,0,0,Known Good,0.0,Known good/bad,0,Known good,0.0,3.912023005428146,0.023098700155610826,595.1694609021212
ACC-10005650,CUS-20005650,Oliver Davies,133 Church Street,NR10 7XG,1979-09-28,44,2024-08-07,employed,61,administrative,homeowner_outright,178,2,2,26500.0,1681.89,66.82,12.47,1602.6,0.0303,7800.0,debt_consolidation,132,verified,mobile,12,0,0,pass,pass,107,4,0.266,0,1,2,full,0,0,0,0,0,0,0,0,0,0,0,0,750,0,0,Known Good,0.0,Known good/bad,0,Known good,0.0,5.187385805840755,0.03190312907869241,585.5905077847757
ACC-10005655,CUS-20005655,Amelia Shah,15 Victoria Road,S14 8FS,1978-04-30,46,2024-07-16,employed,126,skilled,homeowner_mortgage,20,3,0,30100.0,1996.65,78.18,480.86,1437.61,0.0312,4100.0,home_improvement,57,verified,web,14,3,0,pass,pass,249,4,0.2234,3,0,0,full,0,0,0,0,0,0,0,0,0,0,0,0,856,0,0,Known Good,0.0,Known good/bad,0,Known good,0.0,3.044522437723423,0.03816650584650768,580.23103916029
ACC-10005656,CUS-20005656,Priya Jones,132 Kingfisher Way,PL19 2RQ,1991-05-16,33,2024-09-03,employed,66,professional,homeowner_outright,56,2,1,18800.0,1193.08,149.05,28.19,1015.84,0.0951,6400.0,major_purchase,78,verified,web,15,1,0,pass,pass,96,3,0.2717,1,0,0,partial,0,0,0,0,0,0,0,0,0,0,0,0,824,0,0,Known Good,0.0,Known good/bad,0,Known good,0.0,4.04305126783455,0.02715262486671732,590.3838743960167
ACC-10005659,CUS-20005659,Priya Davies,156 Park Avenue,PL6 2PE,1978-06-01,46,2024-12-13,employed,13,administrative,homeowner_outright,26,3,0,41700.0,2572.68,300.78,55.48,2216.42,0.0866,10200.0,home_improvement,15,verified,mobile,20,1,1,pass,pass,274,2,0.3042,1,1,1,none,1,1,1,0,0,0,0,1,0,1,0,0,766,0,5,Known Bad,1.0,Known good/bad,1,Known bad,0.0,3.295836866004329,0.05279429830680135,570.4273508194283
ACC-10005661,CUS-20005661,Noah Hughes,134 Mill View,NG25 9UR,1983-08-14,41,2024-11-05,employed,90,service,homeowner_mortgage,119,2,0,30400.0,1790.4,506.86,781.75,501.79,0.2001,4400.0,debt_consolidation,47,verified,web,11,0,1,pass,pass,99,2,0.1032,0,0,0,full,0,0,0,0,0,0,0,0,0,0,0,0,925,0,0,Known Good,0.0,Known good/bad,0,Known good,0.0,4.787491742782046,0.019842036800200854,599.6505210425221
ACC-10005664,CUS-20005664,Aisha Shah,183 Station Lane,LS16 4QS,1984-11-03,39,2024-08-03,retired,79,professional,homeowner_mortgage,13,4,0,33200.0,1983.65,188.84,922.42,872.39,0.0683,6500.0,home_improvement,81,verified,branch,16,0,0,pass,pass,111,4,0.3877,0,0,0,none,0,0,0,0,0,0,0,0,0,0,0,0,874,0,0,Known Good,0.0,Known good/bad,0,Known good,0.0,2.6390573296152584,0.032155913664403075,585.3552495989932
ACC-10005671,CUS-20005671,Daniel Bennett,135 Mill View,SO8 7YG,1969-01-03,55,2024-08-20,employed,75,service,homeowner_outright,116,6,0,41400.0,2529.62,203.62,101.32,2224.68,0.059,4000.0,debt_consolidation,109,verified,web,5,1,0,pass,pass,335,4,0.1904,1,0,0,full,0,0,0,0,0,0,0,0,0,0,0,0,855,0,0,Known Good,0.0,Known good/bad,0,Known good,0.0,4.762173934797756,0.02203909207671469,596.5556782142827
ACC-10005673,CUS-20005673,Aisha Roberts,1 Oak Road,BS1 3GW,1988-08-19,35,2024-08-04,employed,26,skilled,private_tenant,40,4,1,23500.0,1407.88,484.55,492.09,431.24,0.2474,5200.0,debt_consolidation,46,verified,mobile,0,0,0,pass,pass,89,3,0.5022,0,0,0,full,0,0,0,0,0,0,0,0,0,0,0,0,823,0,0,Known Good,0.0,Known good/bad,0,Known good,0.0,3.713572066704308,0.03366305561612118,583.9886417378597
ACC-10005676,CUS-20005676,Oliver Bennett,197 Park Avenue,SO18 3YB,1990-10-08,33,2024-07-24,self_employed,63,managerial,living_with_family,51,1,0,52700.0,3531.41,186.55,633.17,2711.69,0.0425,3300.0,debt_consolidation,44,verified,mobile,10,2,0,pass,pass,135,4,0.4104,2,0,0,full,0,0,0,0,0,0,0,0,0,0,0,0,838,0,0,Known Good,0.0,Known good/bad,0,Known good,0.0,3.9512437185814275,0.033818017153069084,583.8514956434142
ACC-10005682,CUS-20005682,Daniel Shah,33 Victoria Road,EH26 6UR,1965-10-07,59,2024-10-26,part_time,87,manual,private_tenant,53,2,1,61700.0,3731.66,185.58,682.2,2863.88,0.0361,3400.0,car,146,verified,mobile,5,3,0,pass,pass,347,6,0.2081,3,0,0,none,0,0,0,0,0,0,0,0,0,0,0,0,836,0,0,Known Good,0.0,Known good/bad,0,Known good,0.0,3.9889840465642745,0.03249081886255836,585.0463030523418
ACC-10005683,CUS-20005683,Oliver Patel,90 Park Avenue,CF20 8JH,1969-08-23,55,2024-08-29,unemployed,38,skilled,private_tenant,115,4,0,14600.0,905.05,70.62,252.92,581.51,0.058,2300.0,education,92,verified,web,18,0,1,pass,pass,230,1,0.4707,0,0,0,partial,0,0,0,0,0,0,0,0,0,0,0,0,835,0,0,Known Good,0.0,Known good/bad,0,Known good,0.0,4.7535901911063645,0.008903998960499815,623.0914276887369
ACC-10005686,CUS-20005686,Amelia Evans,167 Highfield Gardens,S2 6VE,1978-10-09,45,2024-07-30,employed,161,skilled,social_tenant,21,3,1,21900.0,1377.21,258.48,533.74,584.99,0.1416,5800.0,home_improvement,121,verified,mobile,0,0,1,pass,pass,268,0,0.2618,0,0,1,full,0,0,0,0,0,0,0,0,0,0,0,0,833,0,0,Known Good,0.0,Known good/bad,0,Known good,0.0,3.091042453358316,0.02849262571698618,588.9541654707123
ACC-10005690,CUS-20005690,Ava Khan,192 Kingfisher Way,G26 5UW,1990-08-30,34,2024-10-17,part_time,40,service,homeowner_mortgage,45,3,0,51600.0,3249.76,382.61,988.66,1878.49,0.089,8400.0,home_improvement,78,verified,mobile,17,2,0,pass,pass,72,4,0.5658,2,0,0,full,0,0,0,0,0,0,0,0,0,0,0,0,773,0,0,Known Good,0.0,Known good/bad,0,Known good,0.0,3.828641396489095,0.04032740297514942,578.5770740423299
ACC-10005692,CUS-20005692,Noah Hughes,100 Oak Road,SO20 4QE,1973-01-15,51,2024-10-24,employed,118,skilled,private_tenant,53,4,3,22800.0,1438.74,149.03,1171.78,117.93,0.0784,8300.0,home_improvement,88,verified,mobile,11,1,1,pass,pass,312,2,0.5432,1,0,0,full,0,0,0,0,0,0,0,0,0,0,0,0,694,0,0,Known Good,0.0,Known good/bad,0,Known good,1.0,3.9889840465642745,0.053762711852715056,569.8733601576201
ACC-10005693,CUS-20005693,Oliver Hughes,58 Victoria Road,OX28 9PW,1960-11-20,63,2024-08-05,retired,20,service,homeowner_mortgage,158,2,1,19800.0,1238.99,314.12,972.7,-47.83,0.1904,7400.0,other,14,verified,mobile,8,1,1,pass,pass,320,2,0.7846,1,0,0,full,0,0,0,0,0,0,0,0,0,0,0,0,840,0,0,Known Good,0.0,Known good/bad,0,Known good,1.0,5.0689042022202315,0.059140045476183026,566.9583309680659
ACC-10005696,CUS-20005696,Noah Foster,22 Station Lane,M11 7LQ,1968-04-18,56,2024-10-20,employed,27,professional,private_tenant,76,2,2,32000.0,2073.61,1301.03,670.76,101.82,0.4879,10900.0,debt_consolidation,34,verified,mobile,0,1,0,pass,pass,183,2,0.2366,1,0,1,full,0,0,0,0,0,0,0,0,0,0,0,0,857,0,0,Known Good,0.0,Known good/bad,0,Known good,1.0,4.343805421853684,0.05337633027626984,570.0932556087694
ACC-10005697,CUS-20005697,Leo Davies,119 Oak Road,EH9 1UB,1995-07-22,29,2024-08-27,part_time,16,managerial,homeowner_mortgage,67,1,0,27100.0,1665.63,342.6,446.13,876.9,0.1517,5300.0,major_purchase,37,not_verified,mobile,10,1,0,pass,pass,85,5,0.6339,1,0,0,partial,0,0,0,0,0,0,0,0,0,0,0,0,795,0,0,Known Good,0.0,Known good/bad,0,Known good,0.0,4.219507705176107,0.036670924650077825,581.429279428533
ACC-10005698,CUS-20005698,Maya Morgan,110 Oak Road,OX19 8QN,1980-02-04,44,2024-11-27,part_time,83,skilled,private_tenant,91,3,0,40300.0,2725.79,615.2,1420.48,690.11,0.1832,8800.0,car,45,verified,web,22,3,1,pass,pass,164,1,0.3072,3,0,0,full,0,0,0,0,0,0,0,0,0,0,0,0,882,0,0,Known Good,0.0,Known good/bad,0,Known good,0.0,4.5217885770490405,0.03583890390288618,582.1163921718064
ACC-10005699,CUS-20005699,Maya Evans,72 Victoria Road,SO25 6TV,1992-09-01,31,2024-08-17,employed,66,not_working,homeowner_mortgage,110,3,0,34100.0,2153.51,260.41,1002.31,890.79,0.0916,12900.0,major_purchase,105,verified,mobile,9,0,0,pass,pass,59,1,0.7377,0,0,1,full,0,0,0,0,0,0,0,0,0,0,0,0,752,0,0,Known Good,0.0,Known good/bad,0,Known good,0.0,4.709530201312334,0.030900315985112236,586.5419077293769
ACC-10005705,CUS-20005705,Theo Khan,66 Park Avenue,L21 2NJ,1967-11-25,56,2024-10-26,employed,107,service,homeowner_mortgage,208,2,0,16600.0,1063.61,288.52,714.14,60.95,0.2086,2800.0,education,61,verified,web,19,2,0,pass,pass,339,2,0.2767,2,0,0,full,0,0,0,0,0,0,0,0,0,0,0,0,923,0,0,Known Good,0.0,Known good/bad,0,Known good,1.0,5.342334251964811,0.0163730700380377,605.2971655764431
ACC-10005708,CUS-20005708,Adam Patel,97 Meadow Close,EH1 9VB,1992-03-29,32,2024-08-02,employed,112,service,private_tenant,17,2,0,41500.0,2576.73,67.83,1020.99,1487.91,0.0196,3900.0,debt_consolidation,34,partially_verified,mobile,5,1,0,pass,pass,63,7,0.6742,1,0,0,full,0,0,0,0,0,0,0,0,0,0,0,0,807,0,0,Known Good,0.0,Known good/bad,0,Known good,0.0,2.8903717578961645,0.042654897345137874,576.8879918627536
ACC-10005711,CUS-20005711,Freya Clarke,22 Kingfisher Way,BS24 2HQ,1977-06-23,47,2024-07-12,employed,26,manual,private_tenant,68,3,0,31900.0,2030.2,502.94,801.71,725.55,0.1892,6500.0,education,52,partially_verified,web,23,1,0,pass,pass,170,3,0.8733,1,0,0,full,0,0,1,1,0,0,0,1,0,0,0,1,793,0,4,Known Bad,1.0,Known good/bad,1,Known bad,0.0,4.23410650459726,0.01693983888172,604.298629223488
ACC-10005715,CUS-20005715,Aisha Bennett,187 Park Avenue,SO25 4JP,1980-02-05,44,2024-12-25,employed,126,administrative,homeowner_mortgage,51,2,2,111400.0,7116.58,216.32,994.27,5905.99,0.0233,7200.0,debt_consolidation,72,not_verified,telephone,6,1,1,pass,pass,139,3,0.6382,1,0,0,full,0,0,0,0,0,0,0,0,0,0,0,0,803,0,0,Known Good,0.0,Known good/bad,0,Known good,0.0,3.9512437185814275,0.03505049867370298,582.7818075785096
ACC-10005719,CUS-20005719,Jack Shah,217 Park Avenue,B26 5DD,1989-11-13,34,2024-07-16,employed,78,manual,homeowner_outright,62,2,0,12900.0,761.3,907.14,67.3,-213.14,0.8439,24900.0,car,26,verified,telephone,23,2,0,pass,pass,122,3,0.8137,2,0,0,none,0,0,0,0,0,0,0,0,0,0,0,0,722,0,0,Known Good,0.0,Known good/bad,0,Known good,1.0,4.143134726391533,0.12268565534457422,543.8854218387088
ACC-10005728,CUS-20005728,George Davies,12 Kingfisher Way,NG8 1AH,1983-09-12,40,2024-08-19,employed,206,skilled,homeowner_outright,46,2,1,32400.0,2168.91,243.14,113.96,1811.81,0.0901,4300.0,home_improvement,63,verified,mobile,17,3,0,pass,refer,110,1,0.5231,3,0,0,full,0,0,0,0,0,0,0,0,0,0,0,0,791,0,0,Known Good,0.0,Known good/bad,0,Known good,0.0,3.8501476017100584,0.044300666676347515,575.7460061477377
ACC-10005734,CUS-20005734,Oliver Khan,233 Kingfisher Way,NR13 5JW,1979-06-29,45,2024-11-29,employed,114,service,homeowner_mortgage,74,3,0,20700.0,1358.05,353.96,671.19,332.9,0.2052,16000.0,education,50,verified,mobile,16,0,0,pass,pass,187,2,0.4031,0,0,1,full,0,0,0,0,0,0,0,0,0,0,0,0,860,0,0,Known Good,0.0,Known good/bad,0,Known good,0.0,4.31748811353631,0.010093159909609762,619.4397349798954
ACC-10005745,CUS-20005745,Adam Evans,202 Mill View,M21 3EX,1967-02-28,57,2024-07-11,employed,66,managerial,private_tenant,59,3,1,21800.0,1374.98,477.31,635.32,262.35,0.2627,19900.0,debt_consolidation,79,verified,mobile,11,2,0,pass,pass,283,2,0.4682,2,0,1,partial,0,0,0,0,0,0,0,0,0,0,0,0,898,0,0,Known Good,0.0,Known good/bad,0,Known good,0.0,4.0943445622221,0.04048989621550801,578.4561591666437
ACC-10005749,CUS-20005749,Oliver Foster,159 Highfield Gardens,B18 8LF,1986-08-11,38,2024-08-11,employed,99,administrative,homeowner_mortgage,126,1,0,23200.0,1524.03,310.06,180.0,1033.97,0.1604,4200.0,other,58,partially_verified,web,6,2,0,pass,pass,125,2,0.1694,2,1,1,none,0,0,0,0,0,0,0,0,0,0,0,0,747,0,0,Known Good,0.0,Known good/bad,0,Known good,0.0,4.844187086458591,0.04452667038169433,575.5923554935457
ACC-10005751,CUS-20005751,Aisha Wilson,66 Highfield Gardens,L9 6LG,1963-07-26,61,2024-08-10,unemployed,0,managerial,homeowner_mortgage,77,3,0,14900.0,944.59,252.73,594.86,97.0,0.2035,15300.0,education,35,verified,web,4,1,0,pass,pass,259,5,0.3789,1,0,0,partial,0,0,0,0,0,0,0,0,0,0,0,0,863,0,0,Known Good,0.0,Known good/bad,0,Known good,1.0,4.356708826689592,0.018225516464308773,602.1500775808764
ACC-10005752,CUS-20005752,Ava Green,106 Kingfisher Way,L6 5VP,2006-02-25,18,2024-10-02,employed,31,managerial,homeowner_outright,74,2,2,11200.0,740.97,592.82,175.78,-27.63,0.6352,7000.0,major_purchase,80,partially_verified,telephone,23,2,0,pass,pass,0,3,0.221,2,0,0,full,0,0,0,0,0,0,0,0,0,0,0,0,843,0,0,Known Good,0.0,Known good/bad,0,Known good,1.0,4.31748811353631,0.06669171921060267,563.2583592210765
ACC-10005755,CUS-20005755,Priya Bennett,101 Mill View,SO20 6PS,2001-10-12,22,2024-09-03,retired,8,professional,private_tenant,33,2,0,80700.0,5034.55,225.81,784.26,4024.48,0.0336,5900.0,debt_consolidation,48,verified,telephone,8,3,0,pass,refer,47,2,0.5299,3,0,0,full,0,0,0,0,0,0,0,0,0,0,0,0,805,0,0,Known Good,0.0,Known good/bad,0,Known good,0.0,3.5263605246161616,0.04506106958178038,575.2319764162635
ACC-10005757,CUS-20005757,Freya Bennett,4 Willow Drive,PL5 9FP,2001-05-17,23,2024-07-14,unemployed,61,manual,homeowner_outright,116,2,0,15600.0,999.19,392.36,152.36,454.47,0.3018,30000.0,debt_consolidation,19,verified,mobile,12,2,0,pass,refer,43,3,0.2382,2,0,0,full,0,0,0,0,0,0,0,0,0,0,0,0,776,0,0,Known Good,0.0,Known good/bad,0,Known good,0.0,4.762173934797756,0.031153596755602645,586.298822696246
ACC-10005760,CUS-20005760,Oliver Roberts,182 Mill View,NG18 5HN,1986-10-09,38,2024-11-23,employed,106,service,private_tenant,25,3,2,33100.0,2078.84,526.7,249.33,1302.81,0.1909,4600.0,home_improvement,28,verified,web,18,1,0,pass,pass,189,2,0.3704,1,0,0,partial,0,0,0,0,0,0,0,0,0,0,0,0,856,0,0,Known Good,0.0,Known good/bad,0,Known good,0.0,3.258096538021482,0.03573482903878247,582.2034191625755
ACC-10005767,CUS-20005767,Sofia Lewis,45 Station Lane,NG20 1DE,1994-11-15,29,2024-10-28,employed,74,manual,homeowner_outright,51,1,0,18700.0,1231.12,106.24,179.69,945.19,0.0682,6400.0,debt_consolidation,113,verified,web,0,2,1,pass,pass,111,3,0.1666,2,0,0,none,0,0,0,0,0,0,0,0,0,0,0,0,876,0,0,Known Good,0.0,Known good/bad,0,Known good,0.0,3.9512437185814275,0.02836629110896239,589.0861383346768
ACC-10005768,CUS-20005768,Ava Bennett,82 Meadow Close,G23 7NY,1978-03-21,46,2024-08-24,part_time,8,service,living_with_family,30,2,0,17100.0,1038.97,167.84,485.91,385.22,0.1178,10900.0,home_improvement,87,partially_verified,mobile,7,2,0,pass,pass,163,6,0.8749,2,1,1,full,0,0,0,0,0,0,0,0,0,0,0,0,645,0,0,Known Good,0.0,Known good/bad,0,Known good,0.0,3.4339872044851463,0.09264655221568174,552.9599852055009
ACC-10005772,CUS-20005772,Daniel Hughes,182 Oak Road,LS21 3GB,1967-02-04,57,2024-11-09,employed,100,managerial,homeowner_mortgage,88,5,1,25000.0,1520.77,459.88,776.58,284.31,0.2207,12900.0,major_purchase,30,partially_verified,telephone,15,2,0,pass,refer,452,3,0.1099,2,0,0,full,0,0,0,0,0,0,0,0,0,0,0,0,899,0,0,Known Good,0.0,Known good/bad,0,Known good,0.0,4.48863636973214,0.027730059055154656,589.7595627096175
ACC-10005776,CUS-20005776,George Shah,178 Victoria Road,CF1 8NB,2000-12-01,23,2024-11-05,employed,24,professional,private_tenant,39,1,2,66200.0,4209.52,581.0,916.55,2711.97,0.1053,8100.0,other,64,verified,web,8,2,1,pass,pass,27,6,0.3377,2,0,0,partial,0,0,0,0,0,0,0,0,0,0,0,0,827,0,0,Known Good,0.0,Known good/bad,0,Known good,0.0,3.6888794541139363,0.034835150561231855,582.9660696198526
ACC-10005780,CUS-20005780,Leo Khan,178 Highfield Gardens,SO27 8YS,1980-05-19,44,2024-09-26,unemployed,18,administrative,homeowner_mortgage,46,2,0,13100.0,814.09,288.51,566.53,-40.95,0.2643,8800.0,car,49,not_verified,web,2,2,0,pass,pass,310,4,0.0998,2,0,1,full,0,0,0,0,0,0,0,0,0,0,0,0,830,0,0,Known Good,0.0,Known good/bad,0,Known good,1.0,3.8501476017100584,0.050432220446282365,571.8199428337899
ACC-10005782,CUS-20005782,Daniel Green,134 Meadow Close,L14 4JU,1997-09-13,27,2024-12-25,employed,91,manual,homeowner_outright,94,2,0,26000.0,1576.99,200.61,47.11,1329.27,0.0926,30000.0,home_improvement,41,verified,web,10,4,0,pass,pass,85,0,0.3385,4,0,1,full,0,0,0,0,0,0,0,0,0,0,0,0,803,0,0,Known Good,0.0,Known good/bad,0,Known good,0.0,4.553876891600541,0.0390505943071749,579.543757499328
ACC-10005797,CUS-20005797,Ava Taylor,15 Victoria Road,NG26 4HV,1975-03-05,49,2024-12-04,retired,71,professional,private_tenant,56,3,1,26100.0,1630.63,499.2,705.49,425.94,0.2295,5600.0,home_improvement,34,verified,web,17,1,0,pass,pass,352,4,0.3477,1,0,0,full,0,0,0,0,0,0,0,0,0,0,0,0,857,0,0,Known Good,0.0,Known good/bad,0,Known good,0.0,4.04305126783455,0.03178279189338768,585.7031355945442
ACC-10005798,CUS-20005798,Jack Davies,240 Willow Drive,EH20 3XS,1987-11-11,36,2024-10-27,employed,108,manual,social_tenant,68,3,0,24900.0,1542.42,190.36,739.87,612.19,0.0917,11500.0,debt_consolidation,60,verified,branch,12,1,0,pass,pass,106,3,0.605,1,0,0,none,0,0,0,0,0,0,0,0,0,0,0,0,735,0,0,Known Good,0.0,Known good/bad,0,Known good,0.0,4.23410650459726,0.03425267736771558,583.4700183382223
ACC-10005805,CUS-20005805,Freya Davies,109 Station Lane,LS29 5XQ,2002-07-22,22,2024-11-08,unemployed,30,manual,living_with_family,166,3,2,11900.0,764.74,470.92,641.34,-347.52,0.4749,8900.0,home_improvement,103,verified,web,23,1,0,pass,pass,25,2,0.3974,1,0,0,partial,0,0,0,0,0,0,0,0,0,0,0,0,830,0,0,Known Good,0.0,Known good/bad,0,Known good,1.0,5.117993812416755,0.05302993369988734,570.2916756641525
ACC-10005811,CUS-20005811,Priya Jones,99 Kingfisher Way,CF10 3XW,1985-07-10,39,2024-07-14,part_time,41,manual,homeowner_mortgage,106,2,0,34100.0,2033.83,105.97,753.97,1173.89,0.0373,12500.0,car,58,verified,web,2,1,0,pass,pass,187,3,0.2134,1,1,1,full,0,0,0,0,0,0,0,0,0,0,0,0,816,0,0,Known Good,0.0,Known good/bad,0,Known good,0.0,4.672828834461906,0.03810240103135766,580.2814661902697
ACC-10005818,CUS-20005818,Oliver Khan,154 Church Street,M13 9BH,1985-05-12,39,2024-08-28,employed,55,not_working,homeowner_outright,57,2,1,22000.0,1366.32,299.87,75.12,991.33,0.1636,1400.0,debt_consolidation,47,verified,mobile,15,2,1,pass,pass,133,2,0.4287,2,0,0,full,0,0,0,0,0,0,0,0,0,0,0,0,797,0,0,Known Good,0.0,Known good/bad,0,Known good,0.0,4.060443010546419,0.03676626964185999,581.3515002415699
ACC-10005819,CUS-20005819,Aisha Foster,42 Kingfisher Way,OX27 2AT,1957-01-22,67,2024-07-20,employed,116,not_working,private_tenant,38,2,0,36100.0,2349.23,334.9,612.18,1402.15,0.1113,3600.0,car,95,verified,mobile,22,0,1,pass,refer,585,2,0.5199,0,0,1,partial,0,0,0,0,0,0,0,0,0,0,0,0,835,0,0,Known Good,0.0,Known good/bad,0,Known good,0.0,3.6635616461296463,0.03121396605864857,586.2411658809762
ACC-10005824,CUS-20005824,Priya Clarke,38 Highfield Gardens,G28 5UW,1977-11-21,46,2024-07-10,employed,52,administrative,homeowner_mortgage,100,2,0,18800.0,1220.09,391.11,1374.67,-545.69,0.2496,13400.0,car,34,verified,web,14,3,0,pass,pass,304,7,0.3839,3,0,1,full,0,0,0,0,0,0,0,0,0,0,0,0,726,0,0,Known Good,0.0,Known good/bad,0,Known good,1.0,4.61512051684126,0.06270442700583548,565.1601734235244
ACC-10005828,CUS-20005828,Sofia Taylor,149 Church Street,LS20 4PE,1975-03-26,49,2024-09-14,employed,32,service,homeowner_outright,81,3,1,25300.0,1688.47,395.45,1.61,1291.41,0.1876,20000.0,major_purchase,131,verified,mobile,17,2,0,pass,pass,281,4,0.4533,2,0,1,none,1,1,1,1,0,1,0,1,1,0,1,1,781,0,9,Known Bad,1.0,Known good/bad,1,Known bad,0.0,4.406719247264253,0.036069068089964636,581.9247906713448
ACC-10005832,CUS-20005832,Jack Patel,63 Kingfisher Way,CF6 6UU,1998-06-30,26,2024-07-22,employed,35,professional,homeowner_mortgage,26,2,0,28200.0,1708.24,778.6,276.19,653.45,0.3313,5800.0,debt_consolidation,198,verified,web,1,0,0,pass,pass,77,1,0.194,0,0,0,full,0,0,0,0,0,0,0,0,0,0,0,0,900,0,0,Known Good,0.0,Known good/bad,0,Known good,0.0,3.295836866004329,0.02993166228323899,587.4897177201992
ACC-10005833,CUS-20005833,Oliver Hughes,190 Church Street,NR29 3BQ,1986-08-27,37,2024-08-06,retired,66,managerial,private_tenant,31,2,0,73400.0,4726.12,266.64,1097.7,3361.78,0.0436,4200.0,car,32,partially_verified,mobile,7,2,0,pass,refer,138,4,0.3488,2,0,1,partial,0,0,0,0,0,0,0,0,0,0,0,0,821,0,0,Known Good,0.0,Known good/bad,0,Known good,0.0,3.4657359027997265,0.03485743070737469,582.9469548292221
ACC-10005837,CUS-20005837,Freya Khan,57 Station Lane,SO6 2UP,1964-04-07,60,2024-07-26,part_time,73,manual,living_with_family,84,1,4,35500.0,2113.08,851.59,619.65,641.84,0.2879,13500.0,debt_consolidation,57,verified,mobile,0,3,0,pass,pass,227,4,0.6508,3,0,0,full,0,0,0,0,0,0,0,0,0,0,0,0,805,0,0,Known Good,0.0,Known good/bad,0,Known good,0.0,4.442651256490317,0.05123463361552479,571.3400775644172
ACC-10005838,CUS-20005838,Oliver Hughes,231 Oak Road,PL23 3GJ,1994-03-28,30,2024-07-19,employed,24,skilled,homeowner_outright,11,3,0,42800.0,2670.09,102.2,140.09,2427.8,0.0287,2400.0,car,47,verified,mobile,10,2,1,pass,pass,88,3,0.0709,2,0,0,full,0,0,0,0,0,0,0,0,0,0,0,0,881,0,0,Known Good,0.0,Known good/bad,0,Known good,0.0,2.4849066497880004,0.03240266084884618,585.1273283513208
ACC-10005844,CUS-20005844,Adam Hughes,70 Highfield Gardens,OX17 8EV,1960-05-20,64,2024-11-11,employed,64,service,homeowner_outright,32,3,2,46600.0,2880.06,449.68,116.42,2313.96,0.1158,5800.0,car,37,verified,mobile,10,2,1,pass,pass,310,3,0.5277,2,0,0,full,0,0,0,0,0,0,0,0,0,0,0,0,831,0,0,Known Good,0.0,Known good/bad,0,Known good,0.0,3.4965075614664802,0.04206895662673767,577.30475349841
ACC-10005847,CUS-20005847,Maya Patel,150 Willow Drive,NR20 4QV,1981-06-21,43,2024-07-11,employed,46,managerial,living_with_family,81,3,1,29100.0,1794.36,103.46,773.04,917.86,0.0427,7900.0,other,141,partially_verified,web,23,0,0,pass,pass,135,4,0.1559,0,0,0,full,0,0,0,0,0,0,0,0,0,0,0,0,962,0,0,Known Good,0.0,Known good/bad,0,Known good,0.0,4.406719247264253,0.01965278159760431,599.9326239068761
ACC-10005848,CUS-20005848,Daniel Bennett,124 Mill View,PL20 4WH,1969-07-17,55,2024-09-18,employed,21,not_working,social_tenant,135,2,0,29100.0,1755.12,468.63,1273.88,12.61,0.1932,6700.0,education,80,not_verified,mobile,8,1,0,pass,pass,423,3,0.7594,1,0,0,none,0,0,0,0,0,0,0,0,0,0,0,0,747,0,0,Known Good,0.0,Known good/bad,0,Known good,1.0,4.912654885736052,0.02243928664037686,596.0246279863113
ACC-10005855,CUS-20005855,Priya Morgan,155 Park Avenue,CF8 9WA,1981-09-04,42,2024-07-10,unemployed,70,not_working,private_tenant,41,1,0,9100.0,590.8,542.13,1065.15,-1016.48,0.7149,7700.0,home_improvement,168,verified,telephone,21,0,0,pass,pass,259,5,0.3458,0,0,0,full,0,0,0,0,0,0,0,0,0,0,0,0,840,0,0,Known Good,0.0,Known good/bad,0,Known good,1.0,3.7376696182833684,0.0658687936283636,563.6420395972352
ACC-10005856,CUS-20005856,Maya Clarke,60 Meadow Close,S6 5AA,1990-10-29,33,2024-08-23,self_employed,39,administrative,social_tenant,79,1,0,25500.0,1591.14,479.31,900.85,210.98,0.2256,26300.0,debt_consolidation,98,verified,mobile,6,1,1,pass,pass,173,3,0.7647,1,1,2,partial,0,0,0,0,0,0,0,0,0,0,0,0,638,0,0,Known Good,0.0,Known good/bad,0,Known good,0.0,4.382026634673881,0.06998469889737136,561.7657364912744
ACC-10005868,CUS-20005868,Leo Bennett,87 Willow Drive,BS6 5HG,1989-11-07,35,2024-11-18,employed,40,not_working,homeowner_outright,84,2,1,29900.0,2010.98,135.56,98.14,1777.28,0.0544,3100.0,major_purchase,78,not_verified,web,19,3,0,pass,pass,157,2,0.7487,3,0,0,full,0,0,0,0,0,0,0,0,0,0,0,0,702,0,0,Known Good,0.0,Known good/bad,0,Known good,0.0,4.442651256490317,0.04690934282895325,574.0162012798485
ACC-10005869,CUS-20005869,Jack Clarke,7 Highfield Gardens,LS3 1YL,1991-04-25,33,2024-12-20,part_time,46,skilled,homeowner_mortgage,46,2,1,59000.0,3787.72,123.37,269.74,3394.61,0.0251,2500.0,debt_consolidation,64,partially_verified,web,12,1,0,pass,pass,178,1,0.2938,1,0,0,full,0,0,0,0,0,0,0,0,0,0,0,0,851,0,0,Known Good,0.0,Known good/bad,0,Known good,0.0,3.8501476017100584,0.02711284167043607,590.4273611654778
ACC-10005872,CUS-20005872,Leo Taylor,172 Park Avenue,RG22 4NH,2001-08-16,23,2024-10-25,employed,79,administrative,private_tenant,56,4,0,22400.0,1497.3,664.8,721.9,110.6,0.3561,6000.0,car,81,verified,branch,10,0,1,pass,pass,50,4,0.2263,0,0,0,full,0,0,0,0,0,0,0,0,0,0,0,0,851,0,0,Known Good,0.0,Known good/bad,0,Known good,1.0,4.04305126783455,0.04446721686483242,575.6327032958219
ACC-10005880,CUS-20005880,Priya Jones,20 Station Lane,L2 6HU,1965-07-05,59,2024-09-17,retired,49,administrative,homeowner_mortgage,81,1,1,42200.0,2679.0,36.19,773.8,1869.01,0.0103,3600.0,education,78,verified,mobile,21,2,1,pass,refer,335,3,0.2204,2,0,0,full,0,0,0,0,0,0,0,0,0,0,0,0,848,0,0,Known Good,0.0,Known good/bad,0,Known good,0.0,4.406719247264253,0.009722830632728358,620.5291197625263
ACC-10005882,CUS-20005882,Jack Khan,189 Willow Drive,OX22 9JP,1982-04-25,42,2024-09-19,employed,33,professional,private_tenant,62,1,0,22400.0,1452.93,125.84,241.42,1085.67,0.0674,6100.0,car,121,partially_verified,web,23,0,0,pass,pass,205,3,0.4447,0,0,1,full,0,0,0,0,0,0,0,0,0,0,0,0,754,0,0,Known Good,0.0,Known good/bad,0,Known good,0.0,4.143134726391533,0.02634473228748847,591.2793689619684
ACC-10005889,CUS-20005889,Oliver Evans,163 Meadow Close,NG23 7VX,1965-05-27,59,2024-08-04,employed,159,service,homeowner_mortgage,108,3,0,76800.0,5049.98,127.59,1337.84,3584.55,0.0199,6600.0,debt_consolidation,116,verified,mobile,0,2,1,pass,pass,309,5,0.3013,2,0,0,full,0,0,0,0,0,0,0,0,0,0,0,0,934,0,0,Known Good,0.0,Known good/bad,0,Known good,0.0,4.6913478822291435,0.02705094190098096,590.4951469247549
ACC-10005893,CUS-20005893,Ava Davies,183 Station Lane,NR20 9AW,1977-02-08,47,2024-11-04,self_employed,35,manual,living_with_family,25,1,0,46300.0,2878.21,68.98,844.25,1964.98,0.0179,4200.0,debt_consolidation,65,verified,web,0,2,0,pass,pass,254,7,0.5552,2,0,0,full,0,0,0,0,0,0,0,0,0,0,0,0,752,0,0,Known Good,0.0,Known good/bad,0,Known good,0.0,3.258096538021482,0.04166149494100782,577.5978526470078
ACC-10005897,CUS-20005897,Freya Patel,20 Park Avenue,M3 7LV,1984-05-18,40,2024-12-18,self_employed,56,skilled,private_tenant,19,2,0,45000.0,2843.51,188.83,467.96,2186.72,0.0504,12600.0,debt_consolidation,39,not_verified,mobile,16,1,1,pass,pass,240,5,0.2288,1,0,0,partial,0,0,0,0,0,0,0,0,0,0,0,0,804,0,0,Known Good,0.0,Known good/bad,0,Known good,0.0,2.995732273553991,0.030117731347265708,587.3053687361592
ACC-10005899,CUS-20005899,Jack Morgan,25 Oak Road,NR11 8XV,1976-02-29,48,2024-12-13,employed,173,managerial,private_tenant,65,2,0,35000.0,2239.84,174.97,447.37,1617.5,0.06,4600.0,debt_consolidation,26,verified,mobile,20,2,0,pass,pass,153,3,0.6024,2,0,0,none,0,0,0,0,0,0,0,0,0,0,0,0,662,0,0,Known Good,0.0,Known good/bad,0,Known good,0.0,4.189654742026425,0.038370085668599084,580.0714339020117
ACC-10005902,CUS-20005902,Daniel Hughes,55 Highfield Gardens,NG16 3SL,1971-12-25,52,2024-10-16,employed,19,professional,homeowner_mortgage,145,1,1,38400.0,2448.91,229.92,963.52,1255.47,0.0718,11100.0,debt_consolidation,157,verified,web,17,1,0,pass,pass,135,3,0.359,1,0,0,full,0,0,0,0,0,0,0,0,0,0,0,0,876,0,0,Known Good,0.0,Known good/bad,0,Known good,0.0,4.983606621708336,0.024565595462866865,593.3495510729308
ACC-10005912,CUS-20005912,Aisha Jones,201 Park Avenue,NG17 9UA,1978-12-20,45,2024-09-16,employed,153,managerial,homeowner_mortgage,85,1,0,27000.0,1748.46,338.3,697.86,712.3,0.1504,8600.0,debt_consolidation,9,verified,mobile,4,0,0,pass,fail,233,3,0.3827,0,0,0,partial,0,0,0,0,0,0,0,0,0,0,0,0,794,0,0,Known Good,0.0,Known good/bad,0,Known good,0.0,4.454347296253507,0.02530230567519839,592.475157602512
ACC-10005914,CUS-20005914,Ava Wilson,67 Meadow Close,L10 6NF,1991-05-03,33,2024-10-09,part_time,49,administrative,private_tenant,107,2,3,22200.0,1438.33,517.86,374.58,545.89,0.2799,5900.0,car,60,verified,web,20,0,0,pass,pass,76,6,0.634,0,0,0,full,0,0,0,0,0,0,0,0,0,0,0,0,874,0,0,Known Good,0.0,Known good/bad,0,Known good,0.0,4.68213122712422,0.03271753066010422,584.8389058342685
ACC-10005918,CUS-20005918,George Shah,127 Highfield Gardens,NE3 5QB,1993-07-22,31,2024-09-01,employed,18,not_working,private_tenant,34,3,2,48900.0,2996.96,149.6,711.47,2135.89,0.0367,28300.0,debt_consolidation,61,verified,mobile,6,0,0,pass,pass,93,5,0.3718,0,0,0,full,0,0,0,0,0,0,0,0,0,0,0,0,855,0,0,Known Good,0.0,Known good/bad,0,Known good,0.0,3.5553480614894135,0.026746936741795135,590.8302642537598
ACC-10005921,CUS-20005921,Daniel Shah,164 Kingfisher Way,PL22 8RQ,1993-10-04,31,2024-10-11,part_time,29,service,private_tenant,21,4,1,76800.0,4884.45,344.19,482.73,4057.53,0.0538,24000.0,other,90,verified,telephone,7,0,0,pass,pass,144,2,0.0915,0,0,0,partial,0,0,0,0,0,0,0,0,0,0,0,0,851,0,0,Known Good,0.0,Known good/bad,0,Known good,0.0,3.091042453358316,0.02333028909190276,594.8747695300295
ACC-10005924,CUS-20005924,Amelia Patel,231 Victoria Road,PL11 9GH,1984-08-27,40,2024-11-09,part_time,48,not_working,private_tenant,74,5,2,21300.0,1351.52,485.41,235.64,630.47,0.2735,7500.0,car,44,verified,web,23,3,1,pass,pass,195,2,0.4988,3,0,0,full,0,0,0,0,0,0,0,0,0,0,0,0,799,0,0,Known Good,0.0,Known good/bad,0,Known good,0.0,4.31748811353631,0.045935341677879285,574.6510877665481
ACC-10005925,CUS-20005925,George Bennett,1 Oak Road,LS2 7QY,1998-06-02,26,2024-08-31,employed,95,service,homeowner_outright,110,6,2,39400.0,2512.67,394.21,86.71,2031.75,0.1201,11200.0,car,97,verified,mobile,12,0,1,pass,pass,84,1,0.6108,0,1,1,full,0,0,0,0,0,0,0,0,0,0,0,0,757,0,0,Known Good,0.0,Known good/bad,0,Known good,0.0,4.709530201312334,0.048220809594325245,573.1808588805566
ACC-10005928,CUS-20005928,Isla Green,85 Station Lane,NE27 2RV,1995-04-08,29,2024-09-10,employed,173,administrative,private_tenant,23,4,0,38900.0,2480.84,393.45,1131.69,955.7,0.1214,5700.0,debt_consolidation,131,verified,mobile,17,0,0,pass,pass,41,1,0.3129,0,0,0,full,0,0,0,0,0,0,0,0,0,0,0,0,906,0,0,Known Good,0.0,Known good/bad,0,Known good,0.0,3.1780538303479458,0.028840210270837205,588.593978217932
ACC-10005931,CUS-20005931,Maya Patel,95 Church Street,M20 2AN,1974-08-19,50,2024-10-02,part_time,153,not_working,private_tenant,57,4,1,25000.0,1579.88,174.31,756.35,649.22,0.0837,3800.0,car,53,verified,web,19,1,0,pass,pass,279,3,0.3566,1,0,1,full,0,0,0,0,0,0,0,0,0,0,0,0,816,0,0,Known Good,0.0,Known good/bad,0,Known good,0.0,4.060443010546419,0.02874002781200722,588.6973590668376
ACC-10005932,CUS-20005932,Freya Davies,84 Victoria Road,LS10 5RP,1982-08-30,42,2024-10-28,employed,40,managerial,homeowner_mortgage,254,1,0,18400.0,1125.08,347.63,676.58,100.87,0.2267,4900.0,car,75,verified,web,6,1,0,pass,pass,149,2,0.6817,1,0,0,full,0,0,1,1,0,0,1,1,0,0,1,0,777,0,5,Known Bad,1.0,Known good/bad,1,Known bad,1.0,5.541263545158426,0.051977773175986466,570.9019592376771
ACC-10005937,CUS-20005937,Daniel Green,205 Park Avenue,L24 6RE,1996-02-13,28,2024-08-12,part_time,23,manual,homeowner_mortgage,79,1,0,15000.0,919.42,90.6,1010.37,-181.55,0.0725,6800.0,home_improvement,15,partially_verified,branch,1,1,0,pass,pass,57,7,0.3621,1,0,0,full,0,0,0,0,0,0,0,0,0,0,0,0,819,0,0,Known Good,0.0,Known good/bad,0,Known good,1.0,4.382026634673881,0.043648995560471554,576.1932733983804
ACC-10005938,CUS-20005938,Amelia Bennett,129 Highfield Gardens,NR17 9HR,1971-01-18,53,2024-09-15,employed,76,administrative,homeowner_outright,134,3,0,20400.0,1254.47,531.46,165.01,558.0,0.3126,15800.0,home_improvement,40,verified,mobile,6,1,0,pass,pass,174,3,0.2972,1,0,0,partial,0,0,0,0,0,0,0,0,0,0,0,0,830,0,0,Known Good,0.0,Known good/bad,0,Known good,0.0,4.90527477843843,0.028179227973377477,589.2826017578676
ACC-10005941,CUS-20005941,Theo Evans,146 Kingfisher Way,SO20 1AU,2001-10-31,22,2024-07-11,employed,35,not_working,private_tenant,57,1,0,27600.0,1720.2,70.75,953.81,695.64,0.0308,7300.0,debt_consolidation,89,verified,mobile,1,2,1,pass,pass,17,3,0.5133,2,0,0,full,0,0,0,0,0,0,0,0,0,0,0,0,869,0,0,Known Good,0.0,Known good/bad,0,Known good,0.0,4.060443010546419,0.035754104718068426,582.1872825165318
ACC-10005942,CUS-20005942,Daniel Evans,84 Mill View,BS26 1UF,1998-03-03,26,2024-10-15,employed,27,not_working,private_tenant,94,2,1,14900.0,928.59,98.59,463.13,366.87,0.0794,2700.0,other,105,verified,telephone,21,0,0,pass,fail,44,5,0.5202,0,0,0,full,0,0,0,0,0,0,0,0,0,0,0,0,912,0,0,Known Good,0.0,Known good/bad,0,Known good,0.0,4.553876891600541,0.026403907518726902,591.2128766573393
ACC-10005946,CUS-20005946,Jack Wilson,227 Oak Road,RG12 8XL,1981-08-25,43,2024-11-19,employed,49,managerial,homeowner_outright,40,3,0,39800.0,2548.01,634.79,25.22,1888.0,0.1914,13300.0,debt_consolidation,120,verified,mobile,14,2,0,pass,pass,299,4,0.7059,2,0,0,partial,0,0,0,0,0,0,0,0,0,0,0,0,814,0,0,Known Good,0.0,Known good/bad,0,Known good,0.0,3.713572066704308,0.049306879187670336,572.5052536799616
ACC-10005947,CUS-20005947,Noah Foster,233 Park Avenue,PL16 1EU,1995-01-15,29,2024-12-09,retired,79,manual,social_tenant,32,4,0,23600.0,1521.73,129.71,1053.52,338.5,0.066,3400.0,car,37,partially_verified,web,14,3,0,fail,pass,88,5,0.6735,3,0,0,full,0,0,0,0,0,0,0,0,0,0,0,0,858,0,0,Known Good,0.0,Known good/bad,0,Known good,0.0,3.4965075614664802,0.05183283260075899,570.9869420962996
ACC-10005956,CUS-20005956,Adam Hughes,13 Church Street,M24 3QG,1976-05-10,48,2024-10-07,employed,14,professional,homeowner_mortgage,22,2,0,33500.0,2164.91,684.64,1259.21,221.06,0.2452,6800.0,major_purchase,60,verified,branch,20,0,0,fail,pass,234,2,0.407,0,0,0,full,0,0,0,0,0,0,0,0,0,0,0,0,850,0,0,Known Good,0.0,Known good/bad,0,Known good,0.0,3.1354942159291497,0.03421219616425734,583.5053486580666
ACC-10005963,CUS-20005963,Isla Patel,247 Church Street,PL13 2RG,1973-02-15,51,2024-12-28,employed,36,manual,homeowner_mortgage,141,1,0,24700.0,1576.94,268.43,774.23,534.28,0.1304,18600.0,home_improvement,119,verified,mobile,4,1,0,refer,pass,143,3,0.1551,1,0,0,full,0,0,0,0,0,0,0,0,0,0,0,0,828,0,0,Known Good,0.0,Known good/bad,0,Known good,0.0,4.955827057601261,0.021858033792745053,596.7990428992813
ACC-10005970,CUS-20005970,Noah Morgan,201 Kingfisher Way,NR3 7EU,1965-01-31,59,2024-10-29,employed,107,not_working,private_tenant,163,3,1,59100.0,3639.44,560.85,940.68,2137.91,0.1139,3300.0,car,191,verified,web,22,1,0,pass,pass,464,2,0.2128,1,0,0,full,0,0,0,0,0,0,0,0,0,0,0,0,852,0,0,Known Good,0.0,Known good/bad,0,Known good,0.0,5.099866427824199,0.022097038859085916,596.4782032807329
ACC-10005971,CUS-20005971,Ava Roberts,155 Willow Drive,PL26 3FT,1969-01-18,55,2024-11-03,employed,94,not_working,private_tenant,117,2,2,45300.0,2862.03,114.12,466.52,2281.39,0.0302,7400.0,car,50,verified,mobile,1,2,0,refer,pass,166,0,0.2702,2,0,0,full,0,0,0,0,0,0,0,0,0,0,0,0,883,0,0,Known Good,0.0,Known good/bad,0,Known good,0.0,4.770684624465665,0.02624179902403016,591.3953770085143
ACC-10005972,CUS-20005972,Jack Jones,238 Oak Road,OX25 3AJ,1989-08-29,34,2024-08-15,self_employed,76,service,homeowner_mortgage,60,2,0,15000.0,962.58,466.4,702.17,-205.99,0.3731,10000.0,major_purchase,30,verified,mobile,16,1,0,pass,pass,176,4,0.1456,1,0,0,none,0,0,0,0,0,0,0,0,0,0,0,0,728,0,0,Known Good,0.0,Known good/bad,0,Known good,1.0,4.110873864173311,0.04757987791364703,573.5863687280656
ACC-10005979,CUS-20005979,Oliver Roberts,21 Church Street,S16 3PJ,2003-06-03,21,2024-08-10,employed,82,skilled,homeowner_mortgage,87,2,0,39300.0,2534.26,516.76,625.87,1391.63,0.1578,4700.0,debt_consolidation,61,verified,web,20,1,0,pass,pass,12,4,0.4223,1,0,0,partial,0,0,0,0,0,0,0,0,0,0,0,0,868,0,0,Known Good,0.0,Known good/bad,0,Known good,0.0,4.477336814478207,0.029857442613885166,587.5635613041894
ACC-10005985,CUS-20005985,Priya Davies,26 Park Avenue,CF21 7YQ,1987-08-17,37,2024-10-15,employed,56,managerial,homeowner_outright,28,2,0,19900.0,1232.36,83.22,99.83,1049.31,0.0502,9300.0,education,72,verified,branch,8,1,0,pass,pass,137,3,0.6407,1,0,0,full,0,0,0,0,0,0,0,0,0,0,0,0,733,0,0,Known Good,0.0,Known good/bad,0,Known good,0.0,3.367295829986474,0.014622493147210992,608.6111826374078
ACC-10005989,CUS-20005989,Maya Lewis,181 Kingfisher Way,CF27 7GL,1975-10-27,48,2024-07-23,employed,30,manual,homeowner_outright,63,2,1,37900.0,2328.39,440.28,111.23,1776.88,0.1394,24400.0,major_purchase,112,verified,branch,12,2,0,pass,pass,224,1,0.0563,2,1,1,full,0,0,0,0,0,0,0,0,0,0,0,0,739,0,0,Known Good,0.0,Known good/bad,0,Known good,0.0,4.1588830833596715,0.04478311132525096,575.4189097188912
ACC-10005991,CUS-20005991,Isla Morgan,85 Highfield Gardens,PL16 1QQ,1985-09-03,38,2024-07-19,unemployed,23,manual,private_tenant,100,3,0,13800.0,835.16,56.69,275.09,503.38,0.0493,4200.0,other,57,verified,mobile,23,0,1,pass,pass,126,1,0.3874,0,0,0,full,0,0,0,0,0,0,0,0,0,0,0,0,931,0,0,Known Good,0.0,Known good/bad,0,Known good,0.0,4.61512051684126,0.022993817718533417,595.3038715268664
ACC-10005995,CUS-20005995,Amelia Khan,45 Church Street,SO15 9XE,1970-12-17,53,2024-08-01,employed,101,service,homeowner_mortgage,32,2,4,40600.0,2606.41,675.99,887.37,1043.05,0.1998,7100.0,major_purchase,55,verified,web,20,1,0,refer,pass,167,1,0.5401,1,0,0,full,0,0,0,0,0,0,0,0,0,0,0,0,839,0,0,Known Good,0.0,Known good/bad,0,Known good,0.0,3.4965075614664802,0.03958356330250245,579.1366102018421
ACC-10005997,CUS-20005997,George Bennett,150 Willow Drive,PL24 3NJ,1977-06-30,47,2024-12-21,employed,36,service,social_tenant,25,2,0,39400.0,2539.08,205.73,470.53,1862.82,0.0627,3400.0,home_improvement,69,verified,web,19,2,1,pass,pass,208,2,0.4005,2,0,0,full,0,0,0,0,0,0,0,0,0,0,0,0,839,0,0,Known Good,0.0,Known good/bad,0,Known good,0.0,3.258096538021482,0.038066909339097565,580.3094202179811
ACC-10006001,CUS-20006001,Oliver Clarke,42 Station Lane,L20 1PQ,1983-09-28,40,2024-07-13,self_employed,82,manual,private_tenant,18,1,1,25600.0,1551.9,512.42,753.23,286.25,0.2402,3200.0,debt_consolidation,31,verified,web,13,0,0,pass,pass,127,4,0.3656,0,0,0,full,0,0,0,0,0,0,0,0,0,0,0,0,889,0,0,Known Good,0.0,Known good/bad,0,Known good,0.0,2.9444389791664403,0.03402088132643084,583.6728678595802
ACC-10006004,CUS-20006004,Daniel Patel,33 Victoria Road,PL20 4BG,1979-12-21,44,2024-09-29,self_employed,81,managerial,homeowner_mortgage,98,2,0,19600.0,1220.35,292.38,937.81,-9.84,0.179,9300.0,other,29,verified,branch,13,1,0,refer,pass,275,3,0.6619,1,0,1,full,0,0,0,0,0,0,0,0,0,0,0,0,871,0,0,Known Good,0.0,Known good/bad,0,Known good,1.0,4.59511985013459,0.057485543550000524,567.8277491777278
ACC-10006010,CUS-20006010,Daniel Morgan,153 Meadow Close,M4 8ST,1974-11-19,49,2024-11-14,employed,75,manual,homeowner_mortgage,60,1,1,123300.0,7920.52,407.29,1315.21,6198.02,0.0396,19600.0,major_purchase,45,partially_verified,mobile,8,2,0,pass,pass,233,5,0.3529,2,0,0,full,0,0,0,0,0,0,0,0,0,0,0,0,801,0,0,Known Good,0.0,Known good/bad,0,Known good,0.0,4.110873864173311,0.03141686566774525,586.0481706199987
ACC-10006020,CUS-20006020,Maya Shah,130 Kingfisher Way,LS1 6QE,1984-01-15,40,2024-11-27,employed,43,service,homeowner_mortgage,77,3,1,60200.0,3858.4,327.36,1158.8,2372.24,0.0653,1800.0,major_purchase,30,verified,mobile,23,0,0,pass,pass,200,2,0.1331,0,0,0,full,0,0,0,0,0,0,0,0,0,0,0,0,900,0,0,Known Good,0.0,Known good/bad,0,Known good,0.0,4.356708826689592,0.01977612886503195,599.7484627320064
ACC-10006023,CUS-20006023,Aisha Green,241 Station Lane,RG19 1QR,1973-06-20,51,2024-11-20,employed,69,skilled,social_tenant,48,3,1,45200.0,2761.64,189.04,787.6,1785.0,0.0502,11000.0,debt_consolidation,30,verified,telephone,5,2,0,pass,pass,269,5,0.6727,2,0,0,full,0,0,0,0,0,0,0,0,0,0,0,0,836,0,0,Known Good,0.0,Known good/bad,0,Known good,0.0,3.8918202981106265,0.04224902429330139,577.1760894317737
ACC-10006026,CUS-20006026,Oliver Bennett,68 Church Street,RG29 3GN,1979-12-18,44,2024-07-21,part_time,47,service,homeowner_mortgage,67,3,0,26300.0,1576.41,152.08,534.26,890.07,0.0694,12600.0,home_improvement,64,verified,mobile,6,1,0,pass,pass,273,2,0.2332,1,0,0,full,0,1,0,0,1,0,0,1,0,0,0,1,951,0,4,Known Bad,1.0,Known good/bad,1,Known bad,0.0,4.219507705176107,0.025111650250464773,592.6990413286467
ACC-10006028,CUS-20006028,Oliver Patel,248 Church Street,NG7 7QG,1970-09-02,53,2024-08-02,employed,12,managerial,homeowner_mortgage,21,2,2,11700.0,747.74,71.93,707.02,-31.21,0.0738,3500.0,car,129,verified,mobile,8,1,0,pass,pass,182,0,0.0921,1,0,1,full,0,0,0,0,0,0,0,0,0,0,0,0,864,0,0,Known Good,0.0,Known good/bad,0,Known good,1.0,3.091042453358316,0.04343313501987781,576.3428326443657
ACC-10006029,CUS-20006029,Daniel Patel,99 Willow Drive,NE23 1RF,1983-11-10,40,2024-10-26,employed,68,professional,homeowner_mortgage,41,2,0,31400.0,1998.35,187.8,482.21,1328.34,0.0718,8800.0,education,93,verified,web,11,2,0,pass,pass,209,3,0.5263,2,0,1,full,0,0,0,0,0,0,0,0,0,0,0,0,827,0,0,Known Good,0.0,Known good/bad,0,Known good,0.0,3.7376696182833684,0.01456534801357111,608.7258387250104
ACC-10006031,CUS-20006031,Oliver Bennett,122 Highfield Gardens,NE5 5HL,1986-07-17,38,2024-08-11,employed,94,administrative,social_tenant,100,3,1,19700.0,1306.2,503.59,1105.13,-302.52,0.3068,4400.0,debt_consolidation,186,verified,web,7,1,0,pass,pass,166,3,0.4708,1,0,0,full,0,0,0,0,0,0,0,0,0,0,0,0,829,0,0,Known Good,0.0,Known good/bad,0,Known good,1.0,4.61512051684126,0.05402924194610198,569.7225410432624
ACC-10006040,CUS-20006040,Leo Hughes,126 Park Avenue,EH21 1YJ,1977-03-25,47,2024-09-06,employed,33,managerial,homeowner_mortgage,60,3,0,24500.0,1530.65,402.09,464.92,663.64,0.1969,4100.0,car,42,verified,telephone,17,2,0,pass,pass,221,2,0.4968,2,0,0,full,0,0,0,0,0,0,0,0,0,0,0,0,799,0,0,Known Good,0.0,Known good/bad,0,Known good,0.0,4.110873864173311,0.0394133932728184,579.2660327162105
ACC-10006044,CUS-20006044,Oliver Taylor,31 Kingfisher Way,LS1 6JL,1987-10-22,37,2024-10-27,retired,72,service,private_tenant,177,1,1,63100.0,3830.81,840.83,285.17,2704.81,0.1599,14200.0,car,32,verified,mobile,8,1,1,pass,pass,217,5,0.1486,1,0,3,partial,0,0,0,0,0,0,0,0,0,0,0,0,775,0,0,Known Good,0.0,Known good/bad,0,Known good,0.0,5.181783550292085,0.021408453046881874,597.4119634833805
ACC-10006047,CUS-20006047,Amelia Shah,66 Highfield Gardens,LS15 2YT,1995-06-02,29,2024-11-15,retired,104,managerial,social_tenant,50,3,0,61500.0,4081.66,50.44,606.94,3424.28,0.0098,7400.0,major_purchase,73,verified,mobile,0,0,0,pass,pass,110,6,0.4594,0,0,0,full,0,0,0,0,0,0,0,0,0,0,0,0,877,0,0,Known Good,0.0,Known good/bad,0,Known good,0.0,3.9318256327243257,0.026465200056371065,591.144157916834
ACC-10006050,CUS-20006050,Priya Taylor,80 Victoria Road,G18 7AJ,1969-05-18,55,2024-10-04,employed,67,manual,homeowner_mortgage,81,2,1,30400.0,1819.45,580.39,898.72,340.34,0.2291,13400.0,car,290,partially_verified,mobile,12,2,1,pass,pass,238,5,0.8741,2,0,1,full,0,0,0,0,0,0,0,0,0,0,0,0,786,0,0,Known Good,0.0,Known good/bad,0,Known good,0.0,4.406719247264253,0.051722813184901184,571.051599778197
ACC-10006051,CUS-20006051,Sofia Shah,47 Victoria Road,S18 2HE,1972-07-17,52,2024-12-14,employed,108,manual,homeowner_mortgage,46,5,3,15700.0,936.55,28.07,657.0,251.48,0.0215,4200.0,debt_consolidation,24,partially_verified,web,22,1,1,pass,pass,296,6,0.2887,1,0,0,full,0,0,0,0,0,0,0,0,0,0,0,0,861,0,0,Known Good,0.0,Known good/bad,0,Known good,0.0,3.8501476017100584,0.026932341565535065,590.6254471781172
ACC-10006056,CUS-20006056,Maya Morgan,84 Willow Drive,RG15 6HS,1973-06-27,51,2024-10-22,self_employed,107,not_working,social_tenant,54,1,2,38300.0,2455.24,396.23,1282.86,776.15,0.1241,11700.0,home_improvement,30,verified,mobile,8,1,0,pass,pass,187,2,0.7021,1,0,0,partial,0,0,0,0,0,0,0,0,0,0,0,0,764,0,0,Known Good,0.0,Known good/bad,0,Known good,0.0,4.007333185232471,0.039266519494529986,579.3781688774193
ACC-10006059,CUS-20006059,Ava Shah,232 Kingfisher Way,NE13 4XU,2002-06-19,22,2024-11-11,employed,112,managerial,homeowner_outright,110,2,1,43200.0,2724.01,647.29,21.37,2055.35,0.1798,19000.0,debt_consolidation,31,verified,branch,10,0,0,pass,pass,27,5,0.3881,0,0,0,full,0,0,0,0,0,0,0,0,0,0,0,0,818,0,0,Known Good,0.0,Known good/bad,0,Known good,0.0,4.709530201312334,0.02490054620892271,592.9488777584573
ACC-10006061,CUS-20006061,Freya Bennett,186 Park Avenue,CF25 6EN,1997-02-10,27,2024-07-23,employed,57,manual,private_tenant,51,2,1,32400.0,2032.0,329.05,816.2,886.75,0.1219,9200.0,major_purchase,97,verified,web,0,2,0,pass,pass,105,3,0.0425,2,0,0,full,0,0,0,0,0,0,0,0,0,0,0,0,815,0,0,Known Good,0.0,Known good/bad,0,Known good,0.0,3.9512437185814275,0.026701121920039757,590.8810887050377
ACC-10006065,CUS-20006065,Oliver Lewis,246 Church Street,OX11 6FQ,1969-12-29,54,2024-08-19,employed,68,managerial,living_with_family,80,3,0,27600.0,1880.19,708.05,955.57,216.57,0.3078,30000.0,debt_consolidation,138,verified,web,22,1,0,pass,pass,153,5,0.6967,1,0,0,full,0,0,0,0,0,0,0,0,0,0,0,0,897,0,0,Known Good,0.0,Known good/bad,0,Known good,0.0,4.394449154672439,0.04187869073315573,577.4412779003818
ACC-10006066,CUS-20006066,Theo Khan,89 Willow Drive,SO15 8QP,1988-02-10,36,2024-10-29,employed,35,skilled,homeowner_outright,54,3,1,42300.0,2620.06,437.4,158.34,2024.32,0.1241,13600.0,major_purchase,66,verified,branch,11,0,0,pass,pass,77,5,0.6774,0,0,1,full,0,0,0,0,0,0,0,0,0,0,0,0,781,0,0,Known Good,0.0,Known good/bad,0,Known good,0.0,4.007333185232471,0.03377589263214816,583.8887171193118
ACC-10006067,CUS-20006067,Adam Patel,165 Kingfisher Way,G21 9VX,1985-10-23,39,2024-12-21,employed,49,manual,homeowner_mortgage,142,1,2,33800.0,2243.35,165.25,1013.6,1064.5,0.0587,8700.0,debt_consolidation,53,verified,web,21,1,0,pass,pass,225,4,0.4047,1,0,0,full,0,0,0,0,0,0,0,0,0,0,0,0,835,0,0,Known Good,0.0,Known good/bad,0,Known good,0.0,4.962844630259907,0.025327693180972104,592.4454695027575
ACC-10006068,CUS-20006068,Noah Morgan,88 Victoria Road,SO8 9XF,1993-01-04,31,2024-10-21,employed,158,professional,homeowner_outright,35,3,1,10300.0,660.53,400.03,87.5,173.0,0.4661,2800.0,major_purchase,150,partially_verified,web,5,2,0,refer,pass,149,3,0.4445,2,0,0,full,0,0,0,0,0,0,0,0,0,0,0,0,790,0,0,Known Good,0.0,Known good/bad,0,Known good,0.0,3.58351893845611,0.049806710380961225,572.1990559190383
ACC-10006069,CUS-20006069,Theo Foster,124 Mill View,PL9 2VF,1991-11-06,32,2024-10-20,employed,12,service,homeowner_mortgage,98,5,3,28500.0,1849.12,126.91,538.02,1184.19,0.0534,4800.0,other,111,verified,web,4,0,0,pass,pass,105,0,0.2333,0,0,0,full,0,0,0,0,0,0,0,0,0,0,0,0,830,0,0,Known Good,0.0,Known good/bad,0,Known good,0.0,4.59511985013459,0.02044010656817362,598.7760578651265
ACC-10006075,CUS-20006075,Freya Bennett,78 Kingfisher Way,S8 3ER,1981-03-16,43,2024-10-07,employed,128,skilled,homeowner_mortgage,38,1,1,69700.0,4578.29,97.82,215.68,4264.79,0.0168,11800.0,debt_consolidation,49,partially_verified,mobile,14,0,0,pass,pass,216,0,0.4371,0,0,0,partial,0,0,0,0,0,0,0,0,0,0,0,0,805,0,0,Known Good,0.0,Known good/bad,0,Known good,0.0,3.6635616461296463,0.02729475144240979,590.229020962623
ACC-10006079,CUS-20006079,Maya Lewis,236 Highfield Gardens,BS17 1FR,2002-08-09,22,2024-09-27,employed,42,managerial,homeowner_mortgage,40,4,2,23000.0,1441.25,150.62,538.14,752.49,0.0786,11200.0,education,108,verified,telephone,21,1,1,pass,pass,20,0,0.2997,1,0,1,full,0,0,0,0,0,0,0,0,0,0,0,0,804,0,0,Known Good,0.0,Known good/bad,0,Known good,0.0,3.713572066704308,0.010689802177398957,617.7651939662393
ACC-10006080,CUS-20006080,Oliver Bennett,40 Highfield Gardens,EH15 4NU,1980-08-24,44,2024-12-24,part_time,164,skilled,private_tenant,83,2,0,31200.0,1901.19,375.74,727.09,798.36,0.1445,7700.0,car,76,verified,web,5,3,0,pass,pass,271,3,0.2097,3,0,0,full,0,0,0,0,0,0,0,0,0,0,0,0,889,0,0,Known Good,0.0,Known good/bad,0,Known good,0.0,4.430816798843313,0.03273886987577242,584.8194561591292
ACC-10006081,CUS-20006081,Amelia Wilson,14 Victoria Road,G2 8HV,1990-09-27,33,2024-09-07,employed,56,professional,private_tenant,21,1,1,30700.0,1924.48,140.11,614.85,1169.52,0.0548,2200.0,car,35,verified,web,16,2,0,pass,pass,126,5,0.0516,2,0,0,partial,0,0,0,0,0,0,0,0,0,0,0,0,923,0,0,Known Good,0.0,Known good/bad,0,Known good,0.0,3.091042453358316,0.029470780582692833,587.9511656064412
ACC-10006082,CUS-20006082,Theo Wilson,140 Station Lane,SO28 6PF,1997-04-16,27,2024-12-04,employed,59,administrative,homeowner_mortgage,68,5,0,32200.0,1943.83,330.36,663.61,949.86,0.1231,2100.0,debt_consolidation,124,partially_verified,mobile,2,3,0,pass,pass,82,3,0.828,3,0,0,full,0,0,0,0,0,0,0,0,0,0,0,0,716,0,0,Known Good,0.0,Known good/bad,0,Known good,0.0,4.23410650459726,0.05414456122909582,569.6575036267884
ACC-10006088,CUS-20006088,Oliver Taylor,167 Mill View,EH20 9JT,1974-06-04,50,2024-12-27,employed,9,managerial,living_with_family,9,6,1,63200.0,4043.49,411.43,798.11,2833.95,0.0781,3600.0,other,43,verified,telephone,13,1,0,pass,pass,349,1,0.4595,1,0,1,full,0,0,0,0,0,0,0,0,0,0,0,0,811,0,0,Known Good,0.0,Known good/bad,0,Known good,0.0,2.302585092994046,0.04125392023797651,577.893789155179
ACC-10006089,CUS-20006089,Jack Shah,18 Willow Drive,CF7 9EY,1980-05-11,44,2024-12-17,employed,53,managerial,private_tenant,44,2,0,62700.0,4032.06,463.87,901.91,2666.28,0.0888,7200.0,debt_consolidation,35,partially_verified,web,4,1,1,pass,pass,202,5,0.1258,1,0,0,full,0,0,0,0,0,0,0,0,0,0,0,0,919,0,0,Known Good,0.0,Known good/bad,0,Known good,0.0,3.8066624897703196,0.024992286811157702,592.8400524399938
ACC-10006091,CUS-20006091,Freya Jones,84 Church Street,NR1 7ST,1972-12-04,51,2024-11-23,self_employed,72,skilled,social_tenant,21,2,2,27700.0,1678.13,211.19,964.3,502.64,0.0915,11700.0,debt_consolidation,74,verified,web,18,0,1,pass,pass,162,5,0.2724,0,0,0,full,0,0,0,0,0,0,0,0,0,0,0,0,898,0,0,Known Good,0.0,Known good/bad,0,Known good,0.0,3.091042453358316,0.027715396548389722,589.7752586259587
ACC-10006094,CUS-20006094,George Khan,119 Oak Road,CF21 7LS,1986-06-29,38,2024-07-20,employed,25,not_working,homeowner_mortgage,46,4,1,31100.0,2050.18,268.61,1194.77,586.8,0.1036,30000.0,major_purchase,156,verified,web,10,1,0,pass,pass,84,1,1.0,1,0,0,full,0,0,0,0,0,0,0,0,0,0,0,0,743,0,0,Known Good,0.0,Known good/bad,0,Known good,0.0,3.8501476017100584,0.05015059147590005,571.990079843314
ACC-10006098,CUS-20006098,Daniel Khan,58 Station Lane,EH19 8US,1956-03-05,68,2024-12-05,self_employed,56,administrative,social_tenant,66,6,1,77300.0,4967.96,359.74,671.02,3937.2,0.0558,10300.0,car,70,verified,web,22,1,1,pass,pass,228,4,0.7173,1,1,1,none,0,0,0,0,0,0,0,0,0,0,0,0,752,0,0,Known Good,0.0,Known good/bad,0,Known good,0.0,4.204692619390966,0.06167376422000905,565.6700921199222
ACC-10006102,CUS-20006102,Adam Clarke,233 Park Avenue,LS9 8BB,1975-07-25,49,2024-12-09,employed,95,managerial,private_tenant,99,4,4,77900.0,5200.44,164.3,529.5,4506.64,0.0253,4700.0,debt_consolidation,69,verified,mobile,22,2,0,pass,pass,251,5,0.5365,2,0,0,full,0,0,0,0,0,0,0,0,0,0,0,0,805,0,0,Known Good,0.0,Known good/bad,0,Known good,0.0,4.605170185988092,0.03322137255409246,584.3829160979053
ACC-10006103,CUS-20006103,Theo Jones,147 Church Street,L17 5DV,1983-11-16,40,2024-10-30,part_time,44,administrative,homeowner_outright,48,1,1,27900.0,1641.92,177.9,42.15,1421.87,0.0765,30000.0,debt_consolidation,54,verified,branch,1,2,0,pass,pass,109,0,0.0777,2,0,0,full,0,0,0,0,0,0,0,0,0,0,0,0,948,0,0,Known Good,0.0,Known good/bad,0,Known good,0.0,3.8918202981106265,0.026836522620455733,590.7311267584203
ACC-10006109,CUS-20006109,Priya Wilson,192 Meadow Close,NR21 4VP,1992-01-16,32,2024-08-08,self_employed,69,professional,private_tenant,52,3,2,19000.0,1218.56,274.99,536.93,406.64,0.1737,4800.0,debt_consolidation,33,verified,branch,16,3,1,pass,pass,127,1,0.2941,3,0,0,full,0,0,0,0,0,0,0,0,0,0,0,0,796,0,0,Known Good,0.0,Known good/bad,0,Known good,0.0,3.970291913552122,0.03850054232762404,579.9695836169085
ACC-10006113,CUS-20006113,Isla Khan,61 Meadow Close,NR1 1LS,1988-03-01,36,2024-08-24,employed,53,administrative,living_with_family,102,4,1,86700.0,5747.6,424.16,467.68,4855.76,0.0587,8800.0,car,77,verified,mobile,2,4,0,pass,pass,82,5,0.2379,4,0,2,full,1,1,0,0,1,0,0,0,0,0,0,0,784,0,3,Known Bad,1.0,Known good/bad,1,Known bad,0.0,4.634728988229636,0.03474133938912718,583.046682461171
ACC-10006117,CUS-20006117,Freya Foster,239 Station Lane,SO28 6FJ,1978-06-30,46,2024-07-15,part_time,42,administrative,social_tenant,9,2,0,84800.0,5478.57,494.41,951.9,4032.26,0.07,11400.0,car,137,verified,mobile,22,2,0,pass,pass,138,4,0.3265,2,0,0,full,0,0,0,0,0,0,0,0,0,0,0,0,873,0,0,Known Good,0.0,Known good/bad,0,Known good,0.0,2.302585092994046,0.04207762536539471,577.2985473568186
ACC-10006122,CUS-20006122,Oliver Green,15 Meadow Close,B8 7DJ,1974-11-22,49,2024-07-18,employed,6,manual,homeowner_mortgage,3,3,0,39600.0,2503.63,379.67,714.8,1409.16,0.1151,3800.0,car,59,verified,web,16,1,0,pass,pass,324,3,0.5791,1,0,0,full,0,0,0,0,0,0,0,0,0,0,0,0,900,0,0,Known Good,0.0,Known good/bad,0,Known good,0.0,1.3862943611198906,0.053817005800792024,569.8425802019544
ACC-10006124,CUS-20006124,Isla Shah,5 Station Lane,EH29 3JV,1980-10-08,44,2024-10-23,employed,98,manual,homeowner_mortgage,67,1,1,26100.0,1618.8,57.65,759.81,801.34,0.0265,14200.0,other,102,verified,web,12,2,0,pass,pass,202,4,0.0498,2,0,0,full,0,0,0,0,0,0,0,0,0,0,0,0,853,0,0,Known Good,0.0,Known good/bad,0,Known good,0.0,4.219507705176107,0.0239948384274472,594.0447316813481
ACC-10006129,CUS-20006129,Sofia Foster,227 Park Avenue,B16 9NN,1994-06-11,30,2024-09-29,employed,49,professional,private_tenant,14,2,3,36000.0,2277.12,274.88,327.38,1674.86,0.0916,3100.0,debt_consolidation,61,partially_verified,web,11,0,1,pass,pass,117,5,0.1283,0,2,2,full,0,0,0,0,0,0,0,0,0,0,0,0,783,0,0,Known Good,0.0,Known good/bad,0,Known good,0.0,2.70805020110221,0.07450207294060747,559.8204219253145
ACC-10006133,CUS-20006133,Jack Evans,16 Highfield Gardens,LS8 5WA,1993-07-13,31,2024-09-26,part_time,121,managerial,homeowner_mortgage,40,3,3,40100.0,2576.2,524.61,805.93,1245.66,0.157,9900.0,car,70,verified,web,15,1,0,pass,pass,121,4,0.2806,1,0,0,full,0,0,0,0,0,0,0,0,0,0,0,0,856,0,0,Known Good,0.0,Known good/bad,0,Known good,0.0,3.713572066704308,0.030166044510950715,587.2576826753063
ACC-10006134,CUS-20006134,Jack Wilson,31 Oak Road,NR26 3SH,1967-06-24,57,2024-09-23,self_employed,64,manual,living_with_family,46,2,2,9200.0,601.69,23.56,1237.55,-659.42,0.0307,6200.0,major_purchase,87,partially_verified,web,14,2,0,pass,pass,424,2,0.7194,2,0,0,full,0,0,0,0,0,0,0,0,0,0,0,0,760,0,0,Known Good,0.0,Known good/bad,0,Known good,1.0,3.8501476017100584,0.06919120991467946,562.1193594236677
ACC-10006138,CUS-20006138,Leo Taylor,213 Meadow Close,NG12 6XV,1973-10-10,50,2024-07-19,employed,112,skilled,private_tenant,103,4,0,78800.0,4930.02,652.35,749.59,3528.08,0.0993,11900.0,home_improvement,109,verified,web,9,0,0,pass,pass,259,1,0.5333,0,0,0,partial,0,0,0,0,0,0,0,0,0,0,0,0,800,0,0,Known Good,0.0,Known good/bad,0,Known good,0.0,4.6443908991413725,0.02667263345133476,590.9127350339055
ACC-10006153,CUS-20006153,George Patel,23 Station Lane,B29 4LD,1977-12-08,46,2024-11-30,part_time,23,skilled,private_tenant,114,3,0,44300.0,2819.97,556.36,681.75,1581.86,0.1507,11900.0,home_improvement,107,verified,branch,19,3,0,pass,pass,225,3,0.8282,3,0,1,partial,0,0,0,0,0,0,0,0,0,0,0,0,765,0,0,Known Good,0.0,Known good/bad,0,Known good,0.0,4.74493212836325,0.05092122820882782,571.5266504243059
ACC-10006155,CUS-20006155,George Roberts,74 Willow Drive,EH29 9FP,1974-05-26,50,2024-08-30,employed,68,manual,homeowner_mortgage,209,2,1,26600.0,1666.27,127.57,1014.72,523.98,0.0576,14200.0,other,89,verified,telephone,4,1,1,pass,pass,335,1,0.7749,1,1,1,full,0,0,0,0,0,0,0,0,0,0,0,0,731,0,0,Known Good,0.0,Known good/bad,0,Known good,0.0,5.3471075307174685,0.0539326675481282,569.7771075576231
ACC-10006158,CUS-20006158,George Green,117 Victoria Road,CF12 8RS,1992-05-24,32,2024-12-11,self_employed,66,skilled,social_tenant,81,1,0,36000.0,2299.23,66.05,478.25,1754.93,0.022,8900.0,debt_consolidation,79,verified,web,4,1,0,pass,pass,164,2,0.3796,1,0,1,full,0,0,0,0,0,0,0,0,0,0,0,0,845,0,0,Known Good,0.0,Known good/bad,0,Known good,0.0,4.406719247264253,0.026465880126310234,591.1433963184339
ACC-10006159,CUS-20006159,Ava Green,121 Station Lane,L15 1BX,1997-08-12,27,2024-11-20,employed,36,not_working,homeowner_outright,68,1,0,31700.0,2082.51,459.77,89.41,1533.33,0.174,7000.0,debt_consolidation,38,verified,mobile,15,2,0,pass,pass,89,1,0.4345,2,0,0,full,0,0,0,0,0,0,0,0,0,0,0,0,808,0,0,Known Good,0.0,Known good/bad,0,Known good,0.0,4.23410650459726,0.03618446931378948,581.8291668120773
ACC-10006160,CUS-20006160,Noah Wilson,211 Highfield Gardens,LS1 2SF,1999-02-02,25,2024-09-24,employed,25,administrative,private_tenant,82,3,2,63100.0,3979.4,295.19,1279.27,2404.94,0.0561,10000.0,debt_consolidation,153,partially_verified,mobile,0,0,0,pass,pass,45,1,0.1178,0,0,2,full,0,0,0,0,0,0,0,0,0,0,0,0,821,0,0,Known Good,0.0,Known good/bad,0,Known good,0.0,4.418840607796598,0.019206679580941938,600.608258580841
ACC-10006166,CUS-20006166,Isla Patel,220 Meadow Close,S22 5AL,1998-01-25,26,2024-08-21,employed,22,manual,homeowner_mortgage,41,3,1,19500.0,1239.11,103.97,634.75,500.39,0.064,5900.0,home_improvement,35,verified,web,22,1,1,pass,pass,75,3,0.1817,1,0,1,full,0,0,0,0,0,0,0,0,0,0,0,0,905,0,0,Known Good,0.0,Known good/bad,0,Known good,0.0,3.7376696182833684,0.02596309759516841,591.711716367154
ACC-10006169,CUS-20006169,Sofia Patel,123 Park Avenue,L1 5QD,1963-01-12,61,2024-09-22,employed,56,not_working,homeowner_mortgage,123,4,0,27100.0,1678.26,33.48,809.61,835.17,0.0148,7900.0,home_improvement,147,verified,web,14,0,0,pass,pass,175,3,0.4507,0,0,0,full,0,0,0,0,0,0,0,0,0,0,0,0,833,0,0,Known Good,0.0,Known good/bad,0,Known good,0.0,4.820281565605037,0.022818072586935627,595.5304430541967
ACC-10006176,CUS-20006176,Amelia Jones,162 Park Avenue,M4 8XR,1983-09-16,40,2024-08-26,self_employed,8,administrative,living_with_family,8,2,0,20500.0,1334.73,229.89,528.98,575.86,0.1346,11000.0,car,85,verified,web,8,0,0,pass,pass,176,1,0.2014,0,0,0,full,0,0,0,0,0,0,0,0,0,0,0,0,927,0,0,Known Good,0.0,Known good/bad,0,Known good,0.0,2.1972245773362196,0.031231515386350363,586.2244253175378
ACC-10006178,CUS-20006178,Aisha Lewis,42 Mill View,S1 5ER,1989-05-20,35,2024-11-13,employed,44,administrative,homeowner_mortgage,159,6,1,13900.0,909.56,316.21,1062.32,-468.97,0.273,2900.0,car,168,verified,web,6,2,0,pass,pass,74,3,0.3202,2,0,0,full,0,0,0,0,0,0,0,0,0,0,0,0,870,0,0,Known Good,0.0,Known good/bad,0,Known good,1.0,5.075173815233827,0.04961698208067088,572.3149395097918
ACC-10006190,CUS-20006190,Theo Hughes,123 Willow Drive,B17 1HE,1996-08-09,27,2024-07-11,employed,109,skilled,homeowner_mortgage,76,3,0,60100.0,3763.45,704.7,459.86,2598.89,0.1407,5500.0,debt_consolidation,127,verified,web,6,1,0,pass,pass,73,2,0.2781,1,0,0,full,0,0,0,0,0,0,0,0,0,0,0,0,979,0,0,Known Good,0.0,Known good/bad,0,Known good,0.0,4.343805421853684,0.026858440159197854,590.7069213798139
ACC-10006192,CUS-20006192,Noah Davies,23 Church Street,S3 5QA,1975-02-01,49,2024-10-04,self_employed,64,administrative,homeowner_mortgage,46,1,0,44500.0,2928.26,687.87,519.6,1720.79,0.1855,10700.0,car,93,verified,mobile,5,1,1,pass,fail,362,2,0.4535,1,0,0,full,0,0,0,0,0,0,0,0,0,0,0,0,776,0,0,Known Good,0.0,Known good/bad,0,Known good,0.0,3.8501476017100584,0.03455901992450187,583.2039533452038
ACC-10006199,CUS-20006199,Priya Foster,242 Meadow Close,LS26 9EB,1983-02-11,41,2024-08-03,employed,37,skilled,homeowner_mortgage,102,2,0,40200.0,2509.49,101.03,948.52,1459.94,0.0302,7900.0,major_purchase,113,verified,telephone,16,2,0,refer,pass,184,5,0.8038,2,0,0,full,0,0,0,0,0,0,0,0,0,0,0,0,768,0,0,Known Good,0.0,Known good/bad,0,Known good,0.0,4.634728988229636,0.041001922085798954,578.0781657384698
ACC-10006201,CUS-20006201,Isla Evans,217 Mill View,S24 1VE,1978-12-18,45,2024-12-01,employed,35,managerial,homeowner_mortgage,66,3,1,38000.0,2351.04,176.71,528.03,1646.3,0.0558,13500.0,home_improvement,131,verified,web,20,1,1,pass,pass,220,4,0.8468,1,0,0,partial,0,0,0,0,0,0,0,0,0,0,0,0,732,0,0,Known Good,0.0,Known good/bad,0,Known good,0.0,4.204692619390966,0.04062053882013543,578.3592816483942
ACC-10006206,CUS-20006206,Daniel Roberts,5 Kingfisher Way,NR26 1JX,1995-09-17,29,2024-10-19,employed,53,administrative,private_tenant,129,6,0,30900.0,1937.46,661.72,180.0,1095.74,0.257,5100.0,debt_consolidation,16,verified,mobile,18,0,1,pass,fail,124,2,0.1523,0,0,0,full,0,0,0,0,0,0,0,0,0,0,0,0,888,0,0,Known Good,0.0,Known good/bad,0,Known good,0.0,4.867534450455582,0.021233777550456027,597.6535033160349
ACC-10006208,CUS-20006208,Ava Clarke,10 Mill View,NR16 5AS,1972-03-17,52,2024-11-10,employed,31,skilled,homeowner_mortgage,85,2,0,18700.0,1212.64,821.8,180.0,210.84,0.5274,8500.0,debt_consolidation,55,partially_verified,mobile,3,2,0,pass,pass,189,1,0.3539,2,0,0,full,0,0,0,0,0,0,0,0,0,0,0,0,829,0,0,Known Good,0.0,Known good/bad,0,Known good,0.0,4.454347296253507,0.0421619313945187,577.2382544775044
ACC-10006209,CUS-20006209,Isla Patel,75 Meadow Close,RG19 7WA,2003-08-12,21,2024-11-04,employed,57,not_working,homeowner_mortgage,32,2,1,37600.0,2393.69,892.31,1384.01,117.37,0.2848,4200.0,other,11,partially_verified,web,9,2,0,pass,pass,16,6,0.021,2,0,1,partial,0,0,0,0,0,0,0,0,0,0,0,0,899,0,0,Known Good,0.0,Known good/bad,0,Known good,1.0,3.4965075614664802,0.05089141145676251,571.5444571511717
ACC-10006210,CUS-20006210,Maya Morgan,67 Oak Road,PL26 5LW,1993-04-26,31,2024-10-19,employed,39,service,homeowner_mortgage,22,1,0,35200.0,2241.2,563.5,379.8,1297.9,0.1921,4400.0,debt_consolidation,122,verified,web,4,2,1,pass,pass,79,3,0.6035,2,0,0,full,0,0,0,0,0,0,0,0,0,0,0,0,823,0,0,Known Good,0.0,Known good/bad,0,Known good,0.0,3.1354942159291497,0.049918923393557676,572.1307143717511
ACC-10006217,CUS-20006217,Oliver Hughes,22 Station Lane,SO2 9PR,1994-02-12,30,2024-09-19,part_time,49,skilled,living_with_family,30,2,1,64100.0,4141.11,167.75,1141.28,2832.08,0.0314,2500.0,debt_consolidation,151,verified,branch,13,1,0,pass,pass,60,1,0.5549,1,0,0,full,0,1,1,0,0,0,1,1,0,0,0,1,830,0,5,Known Bad,1.0,Known good/bad,1,Known bad,0.0,3.4339872044851463,0.03587159554870422,582.0891057645857
ACC-10006226,CUS-20006226,Freya Patel,146 Oak Road,S9 9FL,1976-07-07,48,2024-11-22,self_employed,111,professional,homeowner_mortgage,115,3,2,36900.0,2347.01,123.92,496.31,1726.78,0.0403,4900.0,home_improvement,60,partially_verified,mobile,7,0,0,pass,pass,283,4,0.0951,0,0,0,full,0,0,0,0,0,0,0,0,0,0,0,0,965,0,0,Known Good,0.0,Known good/bad,0,Known good,0.0,4.7535901911063645,0.017645471544047043,603.1003540664648
ACC-10006232,CUS-20006232,Jack Shah,179 Mill View,RG12 8JD,1975-12-19,48,2024-09-26,employed,89,manual,homeowner_mortgage,54,3,1,52800.0,3485.79,414.22,541.48,2530.09,0.0941,4300.0,major_purchase,98,verified,mobile,21,2,1,pass,pass,141,1,0.0889,2,0,0,full,0,0,0,0,0,0,0,0,0,0,0,0,841,0,0,Known Good,0.0,Known good/bad,0,Known good,0.0,4.007333185232471,0.02691374210029617,590.64593207086
ACC-10006233,CUS-20006233,Priya Roberts,85 Kingfisher Way,BS12 1QR,1974-12-13,49,2024-10-25,employed,71,professional,living_with_family,31,3,0,19000.0,1186.08,495.13,633.36,57.59,0.3127,5100.0,other,4,verified,web,1,3,0,pass,pass,295,5,0.1461,3,0,0,full,0,0,0,0,0,0,0,0,0,0,0,0,912,0,0,Known Good,0.0,Known good/bad,0,Known good,1.0,3.4657359027997265,0.06530849731015773,563.9058293998305
ACC-10006237,CUS-20006237,Adam Evans,180 Willow Drive,CF24 7PB,1986-08-09,37,2024-07-07,employed,52,skilled,private_tenant,49,3,0,26100.0,1587.91,46.7,637.7,903.51,0.0215,3200.0,car,88,partially_verified,web,2,1,0,refer,pass,90,5,0.6283,1,0,0,partial,0,0,0,0,0,0,0,0,0,0,0,0,795,0,0,Known Good,0.0,Known good/bad,0,Known good,0.0,3.912023005428146,0.03495193635164482,582.8660063628641
ACC-10006240,CUS-20006240,Amelia Green,118 Oak Road,OX5 5RA,1979-10-06,44,2024-08-23,employed,27,administrative,homeowner_mortgage,50,5,1,37400.0,2484.38,171.0,422.37,1891.01,0.0549,7500.0,other,53,verified,branch,15,2,0,pass,pass,269,2,0.5033,2,0,0,full,0,0,0,0,0,0,0,0,0,0,0,0,874,0,0,Known Good,0.0,Known good/bad,0,Known good,0.0,3.9318256327243257,0.03684428425714359,581.2880027633462
ACC-10006242,CUS-20006242,Adam Green,130 Mill View,L4 5YW,1991-06-13,33,2024-09-24,employed,35,not_working,living_with_family,38,1,0,14700.0,907.76,119.33,282.26,506.17,0.0974,7200.0,home_improvement,42,not_verified,mobile,0,3,1,pass,pass,95,2,0.2015,3,0,0,full,0,0,0,0,0,0,0,0,0,0,0,0,845,0,0,Known Good,0.0,Known good/bad,0,Known good,0.0,3.6635616461296463,0.03559549337685124,582.3203139926899
ACC-10006243,CUS-20006243,Jack Davies,203 Meadow Close,NR5 6YR,1971-02-15,53,2024-07-21,employed,97,manual,private_tenant,158,2,0,46200.0,2876.13,161.35,668.75,2046.03,0.0419,7700.0,major_purchase,54,verified,web,3,3,0,fail,pass,272,3,0.4286,3,0,0,full,0,0,0,0,0,0,0,0,0,0,0,0,781,0,0,Known Good,0.0,Known good/bad,0,Known good,0.0,5.0689042022202315,0.03264964593146768,584.9008611371655
ACC-10006244,CUS-20006244,Daniel Shah,238 Meadow Close,B8 5SG,1982-07-31,42,2024-08-02,part_time,78,manual,homeowner_outright,48,4,0,28600.0,1842.76,235.06,169.21,1438.49,0.0986,17100.0,car,149,partially_verified,web,1,2,0,pass,pass,219,3,0.4761,2,0,0,full,0,0,0,0,0,0,0,0,0,0,0,0,749,0,0,Known Good,0.0,Known good/bad,0,Known good,0.0,3.8918202981106265,0.03744321793096847,580.804782527187
ACC-10006245,CUS-20006245,Isla Roberts,202 Oak Road,NG19 1TL,1998-08-17,26,2024-08-16,part_time,95,managerial,homeowner_mortgage,111,4,0,18800.0,1271.94,124.13,625.99,521.82,0.0792,4800.0,other,42,verified,web,16,3,0,pass,pass,48,3,0.4105,3,0,0,full,0,0,0,0,0,0,0,0,0,0,0,0,789,0,0,Known Good,0.0,Known good/bad,0,Known good,0.0,4.718498871295094,0.034981154678309596,582.8410222000517
ACC-10006246,CUS-20006246,Jack Jones,132 Victoria Road,NG13 5TF,1968-03-24,56,2024-09-02,self_employed,81,not_working,social_tenant,34,2,0,29800.0,1842.55,133.27,812.52,896.76,0.0537,9900.0,debt_consolidation,110,partially_verified,web,3,1,0,refer,pass,154,3,0.3351,1,0,0,full,0,0,0,0,0,0,0,0,0,0,0,0,889,0,0,Known Good,0.0,Known good/bad,0,Known good,0.0,3.5553480614894135,0.030009312924783933,587.4126502572689
ACC-10006253,CUS-20006253,Priya Lewis,37 Highfield Gardens,OX8 7DY,1969-06-24,55,2024-08-22,employed,79,professional,homeowner_mortgage,19,1,1,27500.0,1696.05,232.95,801.57,661.53,0.1017,7000.0,car,76,verified,web,15,2,0,pass,pass,222,4,0.3139,2,0,0,full,0,0,0,0,0,0,0,0,0,0,0,0,862,0,0,Known Good,0.0,Known good/bad,0,Known good,0.0,2.995732273553991,0.03812541296921467,580.2633548485749
ACC-10006257,CUS-20006257,Ava Foster,101 Station Lane,SO18 5JE,1987-01-10,37,2024-12-27,employed,69,administrative,private_tenant,20,2,1,20800.0,1359.34,228.47,811.47,319.4,0.1318,2600.0,debt_consolidation,57,verified,web,23,2,0,pass,pass,127,2,0.6763,2,0,0,full,0,0,0,0,0,0,0,0,0,0,0,0,794,0,0,Known Good,0.0,Known good/bad,0,Known good,0.0,3.044522437723423,0.0513775468173523,571.2553583115224
ACC-10006258,CUS-20006258,Isla Jones,144 Kingfisher Way,CF7 5JD,2006-08-25,18,2024-09-03,employed,62,managerial,homeowner_mortgage,24,2,2,25400.0,1486.8,331.54,246.38,908.88,0.1566,10300.0,debt_consolidation,93,verified,mobile,13,0,0,pass,pass,0,4,0.5938,0,0,1,full,0,0,0,0,0,0,0,0,0,0,0,0,877,0,0,Known Good,0.0,Known good/bad,0,Known good,0.0,3.2188758248682006,0.03674090744804898,581.3721708956576
ACC-10006259,CUS-20006259,Isla Roberts,115 Park Avenue,M12 3TQ,1997-02-20,27,2024-11-22,employed,47,administrative,homeowner_outright,97,4,0,86700.0,5698.73,406.99,26.52,5265.22,0.0563,17300.0,debt_consolidation,70,verified,web,23,2,0,pass,pass,73,4,0.0935,2,0,0,full,0,0,0,0,0,0,0,0,0,0,0,0,898,0,0,Known Good,0.0,Known good/bad,0,Known good,0.0,4.584967478670572,0.02392313227090896,594.1332075440923
ACC-10006267,CUS-20006267,Noah Khan,12 Mill View,G14 6PX,1991-04-10,33,2024-07-15,employed,68,skilled,private_tenant,50,2,1,32500.0,1962.12,126.06,1167.53,668.53,0.0465,6400.0,car,154,partially_verified,mobile,2,0,0,pass,pass,133,3,0.0581,0,0,0,full,0,0,0,0,0,0,0,0,0,0,0,0,960,0,0,Known Good,0.0,Known good/bad,0,Known good,0.0,3.9318256327243257,0.01968765472783538,599.8804426897723
ACC-10006268,CUS-20006268,Aisha Davies,154 Station Lane,LS17 3RU,1986-09-24,38,2024-10-14,employed,75,not_working,private_tenant,41,3,2,29800.0,1793.68,45.13,1421.16,327.39,0.0182,4100.0,debt_consolidation,11,verified,web,0,5,1,refer,pass,75,3,0.6236,5,1,1,full,0,0,0,0,0,0,0,0,0,0,0,0,669,0,0,Known Good,0.0,Known good/bad,0,Known good,0.0,3.7376696182833684,0.0992982093865768,550.7470746468294
ACC-10006271,CUS-20006271,Maya Davies,100 Station Lane,RG5 9UN,1995-11-17,28,2024-08-14,retired,75,skilled,homeowner_mortgage,70,2,2,34600.0,2235.11,174.52,432.55,1628.04,0.0605,30000.0,home_improvement,29,verified,web,15,0,0,fail,pass,46,2,0.2671,0,0,0,full,0,0,0,0,0,0,0,0,0,0,0,0,834,0,0,Known Good,0.0,Known good/bad,0,Known good,0.0,4.2626798770413155,0.02229275679789387,596.2179881951228
ACC-10006278,CUS-20006278,Leo Patel,4 Willow Drive,G14 8VA,1974-11-26,49,2024-09-14,self_employed,57,skilled,living_with_family,110,2,1,44600.0,2780.3,171.91,1247.26,1361.13,0.0463,2100.0,debt_consolidation,21,verified,web,19,1,0,pass,pass,232,6,0.2019,1,0,1,partial,0,0,0,0,0,0,0,0,0,0,0,0,814,0,0,Known Good,0.0,Known good/bad,0,Known good,0.0,4.709530201312334,0.02223036737089344,596.3006942842767
ACC-10006280,CUS-20006280,Ava Lewis,248 Willow Drive,M12 3VJ,1986-10-08,37,2024-10-04,employed,105,administrative,living_with_family,183,3,1,38800.0,2479.35,159.29,372.2,1947.86,0.0493,5400.0,education,15,verified,web,11,4,1,pass,pass,211,2,0.475,4,0,0,none,0,0,0,0,0,0,0,0,0,0,0,0,797,0,0,Known Good,0.0,Known good/bad,0,Known good,0.0,5.214935757608986,0.014086773674417316,609.7038270976915
ACC-10006282,CUS-20006282,Amelia Bennett,190 Station Lane,L13 2WW,1989-03-30,35,2024-12-24,employed,10,managerial,homeowner_mortgage,11,2,0,33900.0,2104.62,357.41,897.38,849.83,0.1265,16800.0,home_improvement,83,partially_verified,web,13,2,0,refer,pass,142,3,0.522,2,0,2,full,0,0,0,0,0,0,0,0,0,0,0,0,808,0,0,Known Good,0.0,Known good/bad,0,Known good,0.0,2.4849066497880004,0.04959264452623276,572.3298349530437
ACC-10006285,CUS-20006285,Freya Patel,112 Church Street,LS12 7LE,1969-09-03,54,2024-08-31,self_employed,48,professional,homeowner_mortgage,166,3,0,58900.0,3802.63,203.45,670.62,2928.56,0.0414,5800.0,car,67,verified,web,6,1,1,pass,pass,395,3,0.3666,1,0,0,full,0,0,0,0,0,0,0,0,0,0,0,0,843,0,0,Known Good,0.0,Known good/bad,0,Known good,0.0,5.117993812416755,0.023653286074194008,594.4684967597984
ACC-10006288,CUS-20006288,Adam Morgan,95 Park Avenue,L1 2TH,2003-05-14,21,2024-08-15,self_employed,61,skilled,social_tenant,95,2,1,30700.0,1849.65,151.27,324.28,1374.1,0.0591,1700.0,home_improvement,125,verified,mobile,9,0,0,pass,pass,19,3,0.2898,0,0,1,full,0,0,0,0,0,0,0,0,0,0,0,0,788,0,0,Known Good,0.0,Known good/bad,0,Known good,0.0,4.564348191467836,0.021588561500778734,597.1649211847541
ACC-10006291,CUS-20006291,Noah Jones,64 Victoria Road,M7 9TD,1970-03-29,54,2024-10-12,employed,103,administrative,homeowner_outright,52,2,1,10800.0,673.78,328.38,176.1,169.3,0.3649,7700.0,major_purchase,69,partially_verified,web,23,0,0,pass,pass,169,4,0.6588,0,0,0,full,0,0,0,0,0,0,0,0,0,0,0,0,836,0,0,Known Good,0.0,Known good/bad,0,Known good,0.0,3.970291913552122,0.03976930269379867,578.9959539286481
ACC-10006294,CUS-20006294,Oliver Clarke,18 Church Street,S2 1PH,1981-05-10,43,2024-09-29,part_time,97,managerial,living_with_family,62,1,1,16200.0,1030.31,497.86,929.7,-397.25,0.3688,5200.0,education,123,verified,mobile,2,4,1,refer,pass,226,7,0.3763,4,0,0,partial,0,0,0,0,0,0,0,0,0,0,0,0,840,0,0,Known Good,0.0,Known good/bad,0,Known good,1.0,4.143134726391533,0.031606503502728645,585.8688770204186
ACC-10006295,CUS-20006295,Noah Bennett,106 Church Street,B2 7VF,1995-09-24,28,2024-07-24,employed,122,skilled,social_tenant,101,1,0,40100.0,2485.88,109.68,407.03,1969.17,0.0328,5900.0,home_improvement,155,not_verified,web,0,0,0,pass,pass,41,3,0.2449,0,0,0,full,0,0,0,0,0,0,0,0,0,0,0,0,868,0,0,Known Good,0.0,Known good/bad,0,Known good,0.0,4.624972813284271,0.020226210658443797,599.0858908712299
ACC-10006296,CUS-20006296,Aisha Roberts,33 Mill View,LS29 2RS,1978-02-04,46,2024-07-28,employed,87,service,living_with_family,29,3,0,33800.0,2179.36,173.05,966.46,1039.85,0.0614,2300.0,debt_consolidation,71,verified,web,2,3,0,fail,pass,177,2,0.5075,3,0,1,full,0,0,0,0,0,0,0,0,0,0,0,0,732,0,0,Known Good,0.0,Known good/bad,0,Known good,0.0,3.4011973816621555,0.046067226664306814,574.5643751219508
ACC-10006297,CUS-20006297,Maya Davies,210 Meadow Close,RG28 3FY,1998-06-03,26,2024-11-10,part_time,40,manual,homeowner_mortgage,56,1,1,35900.0,2239.65,485.4,838.98,915.27,0.1623,6500.0,debt_consolidation,38,verified,web,7,1,1,pass,pass,55,4,0.3854,1,0,0,partial,0,0,0,0,0,0,0,0,0,0,0,0,816,0,0,Known Good,0.0,Known good/bad,0,Known good,0.0,4.04305126783455,0.031207535272680262,586.2473025834316
ACC-10006305,CUS-20006305,Maya Bennett,46 Willow Drive,SO25 4SD,1969-02-11,55,2024-09-26,employed,82,service,living_with_family,82,7,1,44000.0,2789.54,952.74,758.04,1078.76,0.2598,5500.0,other,54,verified,web,3,2,0,refer,pass,229,2,0.2845,2,0,0,none,0,0,0,0,0,0,0,0,0,0,0,0,836,0,0,Known Good,0.0,Known good/bad,0,Known good,0.0,4.418840607796598,0.03315478813378029,584.4427921516682
ACC-10006309,CUS-20006309,Priya Wilson,222 Willow Drive,L15 8DP,1971-05-28,53,2024-08-20,employed,27,professional,homeowner_mortgage,43,4,0,38200.0,2349.41,414.98,886.91,1047.52,0.1304,8300.0,car,54,partially_verified,web,21,0,1,pass,pass,132,6,0.5153,0,0,1,full,0,0,0,0,0,0,0,0,0,0,0,0,788,0,0,Known Good,0.0,Known good/bad,0,Known good,0.0,3.784189633918261,0.0309194891855469,586.5234389850849
ACC-10006315,CUS-20006315,Freya Taylor,77 Kingfisher Way,LS3 2DT,1992-10-04,32,2024-10-20,employed,179,professional,private_tenant,104,3,3,13300.0,805.27,783.64,1100.98,-1079.35,0.707,7300.0,debt_consolidation,38,verified,web,6,1,0,pass,pass,160,7,0.6224,1,0,1,full,0,0,0,0,0,0,0,0,0,0,0,0,859,0,0,Known Good,0.0,Known good/bad,0,Known good,1.0,4.653960350157523,0.07961655151945082,557.7447712012474
ACC-10006316,CUS-20006316,Jack Patel,42 Willow Drive,RG12 2FB,1987-07-14,37,2024-12-18,employed,30,professional,homeowner_mortgage,57,2,1,60500.0,3758.56,119.53,516.79,3122.24,0.0237,30000.0,debt_consolidation,92,verified,web,18,2,0,pass,pass,212,1,0.4078,2,0,0,full,0,0,0,0,0,0,0,0,0,0,0,0,792,0,0,Known Good,0.0,Known good/bad,0,Known good,0.0,4.060443010546419,0.03271349781534268,584.8425829565009
ACC-10006319,CUS-20006319,Oliver Davies,90 Meadow Close,S18 4NN,1993-05-31,31,2024-10-07,employed,26,manual,private_tenant,164,2,0,77600.0,5128.64,426.58,1178.09,3523.97,0.066,11900.0,major_purchase,222,not_verified,web,22,1,1,pass,pass,56,1,0.4306,1,0,0,none,0,0,0,0,0,0,0,0,0,0,0,0,774,0,0,Known Good,0.0,Known good/bad,0,Known good,0.0,5.10594547390058,0.02539653984036579,592.3651059949319
ACC-10006320,CUS-20006320,Freya Lewis,98 Highfield Gardens,M15 4JF,1982-05-04,42,2024-07-25,employed,21,administrative,homeowner_mortgage,23,2,0,27200.0,1665.46,166.32,478.91,1020.23,0.0734,8300.0,debt_consolidation,63,verified,web,21,1,0,pass,pass,251,6,0.2381,1,0,0,full,0,0,0,0,0,0,0,0,0,0,0,0,829,0,0,Known Good,0.0,Known good/bad,0,Known good,0.0,3.1780538303479458,0.029949490959759274,587.4720058201235
ACC-10006323,CUS-20006323,Daniel Patel,38 Highfield Gardens,SO27 1DY,1987-12-12,36,2024-09-19,employed,19,skilled,homeowner_mortgage,16,4,3,24600.0,1549.3,366.04,848.0,335.26,0.1786,7000.0,debt_consolidation,26,verified,web,2,1,0,pass,pass,98,2,0.4249,1,0,1,full,0,0,0,0,0,0,0,0,0,0,0,0,807,0,0,Known Good,0.0,Known good/bad,0,Known good,0.0,2.833213344056216,0.039600873887894815,579.123474575463
ACC-10006324,CUS-20006324,Daniel Evans,189 Willow Drive,L20 4YR,1983-08-08,41,2024-09-06,self_employed,59,service,private_tenant,136,3,4,30000.0,1768.5,401.4,1010.67,356.43,0.1606,6100.0,car,46,verified,web,18,1,0,pass,pass,243,2,0.3242,1,0,0,full,0,0,0,0,0,0,0,0,0,0,0,0,944,0,0,Known Good,0.0,Known good/bad,0,Known good,0.0,4.919980925828125,0.025740177159777906,591.9671298848782
ACC-10006338,CUS-20006338,George Patel,50 Mill View,M18 1EU,1990-11-02,33,2024-10-23,employed,56,service,homeowner_outright,43,1,0,23300.0,1493.78,382.61,24.85,1086.32,0.1971,5600.0,car,46,verified,branch,18,2,1,pass,pass,126,7,0.3942,2,0,0,full,0,0,0,0,0,0,0,0,0,0,0,0,846,0,0,Known Good,0.0,Known good/bad,0,Known good,0.0,3.784189633918261,0.038308097464501756,580.1199459824142
ACC-10006340,CUS-20006340,Jack Foster,148 Victoria Road,LS9 1LY,1981-12-31,42,2024-08-25,employed,57,service,homeowner_mortgage,81,4,2,61300.0,3743.22,495.16,1043.68,2204.38,0.0969,9200.0,car,51,verified,telephone,1,0,0,pass,pass,233,4,0.1197,0,0,0,full,0,0,0,0,0,0,0,0,0,0,0,0,872,0,0,Known Good,0.0,Known good/bad,0,Known good,0.0,4.406719247264253,0.01985507284823262,599.6311867437216
ACC-10006342,CUS-20006342,Isla Jones,233 Park Avenue,BS6 1RS,1983-07-22,41,2024-08-31,part_time,32,professional,private_tenant,88,4,1,24500.0,1567.33,218.65,984.52,364.16,0.1071,3900.0,other,99,partially_verified,mobile,16,0,0,pass,pass,94,5,0.2318,0,0,2,full,0,0,0,0,0,0,0,0,0,0,0,0,890,0,0,Known Good,0.0,Known good/bad,0,Known good,0.0,4.48863636973214,0.02160082586426611,597.148172384156
ACC-10006348,CUS-20006348,George Patel,173 Park Avenue,RG11 8JS,1990-12-17,33,2024-11-24,employed,64,managerial,homeowner_mortgage,104,3,0,29300.0,1931.24,569.71,1026.49,335.04,0.2333,7300.0,home_improvement,108,partially_verified,web,18,2,0,pass,pass,72,1,0.462,2,0,0,full,0,0,0,0,0,0,0,0,0,0,0,0,834,0,0,Known Good,0.0,Known good/bad,0,Known good,0.0,4.653960350157523,0.03605927848710382,581.9329160855294
ACC-10006353,CUS-20006353,Isla Evans,6 Kingfisher Way,L10 2TV,1983-06-13,41,2024-09-29,retired,76,manual,private_tenant,22,5,0,23900.0,1486.35,595.68,325.24,565.43,0.2991,3100.0,car,110,verified,web,3,1,1,pass,pass,191,2,0.1677,1,0,0,full,0,0,0,0,0,0,0,0,0,0,0,0,869,0,0,Known Good,0.0,Known good/bad,0,Known good,0.0,3.1354942159291497,0.03353211668064852,584.1050028301732
ACC-10006361,CUS-20006361,Sofia Lewis,228 Highfield Gardens,L21 7EX,1968-02-11,56,2024-08-23,employed,84,managerial,homeowner_mortgage,51,1,1,45300.0,2792.73,436.35,477.81,1878.57,0.1156,27800.0,debt_consolidation,47,verified,mobile,4,3,0,pass,pass,390,3,0.6726,3,0,0,full,0,0,0,0,0,0,0,0,0,0,0,0,731,0,0,Known Good,0.0,Known good/bad,0,Known good,0.0,3.9512437185814275,0.04990276613118302,572.1405457189626
ACC-10006378,CUS-20006378,Jack Foster,74 Church Street,BS1 1VF,1989-07-22,35,2024-11-03,employed,88,administrative,living_with_family,58,2,0,41500.0,2672.1,71.69,1051.54,1548.87,0.0207,11800.0,major_purchase,63,verified,web,17,0,0,pass,pass,125,4,0.4101,0,0,0,full,0,0,0,0,0,0,0,0,0,0,0,0,931,0,0,Known Good,0.0,Known good/bad,0,Known good,0.0,4.07753744390572,0.025039957761895607,592.7836573815918
ACC-10006384,CUS-20006384,Maya Davies,45 Mill View,OX22 1VW,1975-12-15,48,2024-11-07,part_time,91,skilled,homeowner_outright,43,2,1,26600.0,1653.98,403.81,175.44,1074.73,0.1822,6900.0,car,169,verified,telephone,9,1,1,pass,pass,228,7,0.5721,1,0,0,full,0,0,0,0,0,0,0,0,0,0,0,0,878,0,0,Known Good,0.0,Known good/bad,0,Known good,0.0,3.784189633918261,0.038279668023313895,580.1422201301257
ACC-10006391,CUS-20006391,Sofia Bennett,191 Oak Road,B22 5RN,1980-08-18,44,2024-11-13,self_employed,13,not_working,homeowner_mortgage,51,2,0,62400.0,3835.8,1128.45,904.09,1803.26,0.217,6900.0,car,84,partially_verified,web,13,1,0,pass,pass,294,4,0.8671,1,0,1,full,0,0,0,0,0,0,0,0,0,0,0,0,767,0,0,Known Good,0.0,Known good/bad,0,Known good,0.0,3.9512437185814275,0.04818481367999145,573.2034970327228
ACC-10006395,CUS-20006395,Noah Roberts,151 Church Street,NR17 1LL,1988-12-10,36,2024-12-22,employed,42,administrative,private_tenant,20,2,2,19100.0,1168.93,223.28,378.66,566.99,0.1403,5400.0,car,189,verified,web,5,1,0,pass,pass,140,5,0.7139,1,0,0,full,0,0,0,0,0,0,0,0,0,0,0,0,907,0,0,Known Good,0.0,Known good/bad,0,Known good,0.0,3.044522437723423,0.04677089332086382,574.1056785070016
ACC-10006407,CUS-20006407,Freya Davies,119 Kingfisher Way,S21 9RR,1980-06-14,44,2024-07-11,part_time,101,not_working,homeowner_mortgage,83,2,2,20000.0,1270.22,260.32,684.13,325.77,0.1562,4700.0,car,8,partially_verified,web,17,0,0,pass,pass,102,2,0.6264,0,0,0,full,0,0,0,0,0,0,0,0,0,0,0,0,865,0,0,Known Good,0.0,Known good/bad,0,Known good,0.0,4.430816798843313,0.030990685350674382,586.4549555741254
ACC-10006408,CUS-20006408,Aisha Hughes,102 Park Avenue,B10 6ND,1999-05-27,25,2024-10-12,self_employed,95,managerial,homeowner_outright,87,1,2,34400.0,2197.94,773.26,149.41,1275.27,0.2697,11000.0,car,112,verified,web,12,1,0,pass,pass,67,2,0.1001,1,0,0,full,0,0,0,0,0,0,0,0,0,0,0,0,842,0,0,Known Good,0.0,Known good/bad,0,Known good,0.0,4.477336814478207,0.025015156058957874,592.8129848970427
ACC-10006410,CUS-20006410,Adam Khan,154 Oak Road,G28 6EE,1963-05-27,61,2024-11-15,employed,39,service,homeowner_outright,57,4,0,24000.0,1556.37,102.5,78.83,1375.04,0.0512,14800.0,car,111,verified,telephone,6,3,0,pass,pass,316,4,0.0676,3,0,0,full,0,0,0,0,0,0,0,0,0,0,0,0,801,0,0,Known Good,0.0,Known good/bad,0,Known good,0.0,4.060443010546419,0.02902754929714971,588.4015898582712
ACC-10006419,CUS-20006419,Amelia Davies,234 Meadow Close,BS22 5QV,1968-03-06,56,2024-12-28,self_employed,21,skilled,homeowner_outright,76,1,0,41900.0,2624.57,354.5,25.91,2244.16,0.1015,1900.0,debt_consolidation,113,verified,web,19,1,1,pass,pass,219,3,0.6197,1,1,1,full,0,0,0,0,0,0,0,0,0,0,0,0,738,0,0,Known Good,0.0,Known good/bad,0,Known good,0.0,4.343805421853684,0.05776594577405386,567.6787627069505
ACC-10006422,CUS-20006422,George Patel,179 Willow Drive,PL16 5EW,1973-04-15,51,2024-09-20,unemployed,23,not_working,social_tenant,23,2,2,11100.0,708.35,75.46,1086.76,-453.87,0.0816,8600.0,debt_consolidation,75,verified,mobile,19,0,0,pass,pass,146,5,0.3153,0,0,0,full,0,0,0,0,0,0,0,0,0,0,0,0,911,0,0,Known Good,0.0,Known good/bad,0,Known good,1.0,3.1780538303479458,0.04507284742625627,575.2240798336654
ACC-10006432,CUS-20006432,Amelia Shah,4 Kingfisher Way,LS21 8HA,1977-10-31,46,2024-09-09,part_time,67,managerial,private_tenant,107,2,2,24100.0,1542.33,380.36,1127.94,34.03,0.1894,10500.0,other,68,verified,mobile,2,2,0,pass,pass,119,3,0.538,2,0,0,full,0,0,0,0,0,0,0,0,0,0,0,0,807,0,0,Known Good,0.0,Known good/bad,0,Known good,1.0,4.68213122712422,0.05898207642888331,567.0403498966231
ACC-10006433,CUS-20006433,Noah Lewis,230 Park Avenue,G14 1TL,1984-01-26,40,2024-07-28,self_employed,76,not_working,homeowner_mortgage,56,2,4,39400.0,2592.09,399.6,723.03,1469.46,0.1217,6100.0,home_improvement,92,verified,web,22,1,1,pass,pass,216,3,0.5346,1,0,1,full,0,0,0,0,0,0,0,0,0,0,0,0,831,0,0,Known Good,0.0,Known good/bad,0,Known good,0.0,4.04305126783455,0.034131018112749927,583.5763191771356
ACC-10006436,CUS-20006436,Ava Lewis,169 Oak Road,SO1 7LY,1980-03-01,44,2024-10-16,employed,29,managerial,homeowner_mortgage,12,1,0,57000.0,3560.23,143.26,649.43,2767.54,0.0302,24700.0,debt_consolidation,160,verified,web,6,2,0,pass,pass,228,6,0.2855,2,0,0,full,0,0,0,0,0,0,0,0,0,0,0,0,924,0,0,Known Good,0.0,Known good/bad,0,Known good,0.0,2.5649493574615367,0.03796551225235819,580.3894208980727
ACC-10006437,CUS-20006437,Freya Morgan,39 Church Street,CF14 7YP,1969-06-08,55,2024-12-18,employed,26,professional,private_tenant,55,3,0,47200.0,3117.07,33.65,654.0,2429.42,0.0086,12200.0,debt_consolidation,27,partially_verified,mobile,11,5,0,pass,pass,392,10,0.2598,5,0,1,full,0,0,0,0,0,0,0,0,0,0,0,0,752,0,0,Known Good,0.0,Known good/bad,0,Known good,0.0,4.02535169073515,0.04287213285670534,576.7348677412926
ACC-10006440,CUS-20006440,Sofia Clarke,81 Park Avenue,PL1 6RB,1996-06-25,28,2024-08-24,unemployed,0,managerial,private_tenant,70,4,0,11200.0,716.82,289.92,431.5,-4.6,0.3106,7700.0,debt_consolidation,34,verified,mobile,19,0,0,pass,pass,73,2,0.6682,0,0,0,partial,0,0,0,0,0,0,0,0,0,0,0,0,776,0,0,Known Good,0.0,Known good/bad,0,Known good,1.0,4.2626798770413155,0.05871171955886612,567.1812005321424
ACC-10006443,CUS-20006443,Jack Clarke,135 Victoria Road,NG8 1HH,1991-08-16,32,2024-08-02,self_employed,64,service,private_tenant,5,2,1,32900.0,1942.93,395.57,1053.64,493.72,0.1443,16100.0,car,34,verified,mobile,8,3,0,pass,pass,66,3,0.1787,3,0,0,full,0,0,0,0,0,0,0,0,0,0,0,0,842,0,0,Known Good,0.0,Known good/bad,0,Known good,0.0,1.791759469228055,0.048789114618083704,572.8255565466687
ACC-10006445,CUS-20006445,George Taylor,51 Kingfisher Way,EH15 6AE,1968-05-03,56,2024-09-14,employed,106,administrative,homeowner_mortgage,102,2,1,30100.0,1781.1,305.52,545.05,930.53,0.1218,16600.0,debt_consolidation,61,verified,branch,6,3,0,pass,pass,399,0,0.3971,3,0,0,full,0,0,0,0,0,0,0,0,0,0,0,0,871,0,0,Known Good,0.0,Known good/bad,0,Known good,0.0,4.634728988229636,0.03616806925575718,581.8427383334135
ACC-10006448,CUS-20006448,Aisha Lewis,158 Oak Road,S1 8YG,1991-11-04,33,2024-11-06,employed,20,administrative,homeowner_outright,77,1,0,41600.0,2554.01,28.57,107.26,2418.18,0.0082,1500.0,debt_consolidation,119,partially_verified,web,10,2,0,pass,pass,73,0,0.6331,2,0,0,full,0,0,0,0,0,0,0,0,0,0,0,0,788,0,0,Known Good,0.0,Known good/bad,0,Known good,0.0,4.356708826689592,0.03688114427938246,581.2580467057799
ACC-10006451,CUS-20006451,Leo Green,249 Oak Road,NE13 1WS,1969-01-08,55,2024-08-09,employed,39,skilled,homeowner_mortgage,78,1,1,27900.0,1762.91,456.24,926.44,380.23,0.1962,15600.0,debt_consolidation,106,verified,mobile,19,2,1,pass,pass,256,4,0.7318,2,0,0,full,0,0,0,0,0,0,0,0,0,0,0,0,732,0,0,Known Good,0.0,Known good/bad,0,Known good,0.0,4.3694478524670215,0.045479535971087386,574.952609973214
ACC-10006457,CUS-20006457,Freya Evans,58 Station Lane,CF16 3BE,1991-09-12,33,2024-12-22,employed,50,service,private_tenant,69,3,0,25000.0,1519.15,523.77,716.96,278.42,0.2514,6800.0,other,17,verified,web,12,0,0,pass,pass,158,2,0.252,0,0,0,full,0,0,0,0,0,0,0,0,0,0,0,0,838,0,0,Known Good,0.0,Known good/bad,0,Known good,0.0,4.248495242049359,0.0253488163096581,592.4207902398132
ACC-10006462,CUS-20006462,Aisha Jones,27 Park Avenue,M7 6RL,1998-12-28,25,2024-10-31,employed,76,manual,private_tenant,62,1,2,33700.0,2180.11,94.84,979.67,1105.6,0.0338,11300.0,debt_consolidation,53,verified,mobile,6,0,1,pass,pass,36,3,0.1648,0,0,0,full,0,0,0,0,0,0,0,0,0,0,0,0,866,0,0,Known Good,0.0,Known good/bad,0,Known good,0.0,4.143134726391533,0.020534619314765485,598.6401640883781
ACC-10006472,CUS-20006472,George Clarke,204 Meadow Close,L12 5UQ,1995-03-07,29,2024-10-20,self_employed,42,administrative,private_tenant,10,3,0,83500.0,5277.94,113.66,734.84,4429.44,0.0163,15100.0,debt_consolidation,64,not_verified,mobile,5,2,0,pass,pass,107,4,0.7649,2,0,0,full,0,0,0,0,0,0,0,0,0,0,0,0,810,0,0,Known Good,0.0,Known good/bad,0,Known good,0.0,2.3978952727983707,0.05622548440831158,568.5057986999135
ACC-10006476,CUS-20006476,Freya Bennett,39 Park Avenue,LS9 4JF,1985-06-07,39,2024-09-14,employed,36,skilled,homeowner_mortgage,88,4,0,16400.0,1075.27,73.25,759.56,242.46,0.0536,5100.0,debt_consolidation,52,verified,web,16,0,1,pass,pass,204,7,0.6819,0,0,0,partial,0,0,0,0,0,0,0,0,0,0,0,0,838,0,0,Known Good,0.0,Known good/bad,0,Known good,0.0,4.48863636973214,0.029807207298038985,587.6136430973229
ACC-10006477,CUS-20006477,Oliver Khan,170 Church Street,RG22 6VR,1997-10-09,27,2024-11-13,unemployed,103,skilled,private_tenant,93,2,1,13300.0,840.87,64.95,872.48,-96.56,0.0586,12400.0,debt_consolidation,123,verified,web,14,1,1,pass,pass,52,3,0.1777,1,0,0,full,0,0,0,0,0,0,0,0,0,0,0,0,851,0,0,Known Good,0.0,Known good/bad,0,Known good,1.0,4.543294782270004,0.03640842623974743,581.6444260305943
ACC-10006491,CUS-20006491,Leo Davies,156 Park Avenue,SO26 7XW,1982-01-20,42,2024-10-08,self_employed,140,manual,homeowner_outright,38,4,0,24100.0,1469.21,364.93,137.79,966.49,0.1817,10800.0,other,36,verified,mobile,0,1,0,pass,pass,223,3,0.1884,1,0,0,full,0,0,0,0,0,0,0,0,0,0,0,0,931,0,0,Known Good,0.0,Known good/bad,0,Known good,0.0,3.6635616461296463,0.028761396895319685,588.6752784539738
ACC-10006493,CUS-20006493,Amelia Green,30 Highfield Gardens,CF3 5NU,1961-12-22,62,2024-11-17,retired,188,skilled,homeowner_mortgage,16,2,1,16400.0,1068.67,569.97,453.25,45.45,0.4171,10200.0,car,35,partially_verified,web,21,0,0,pass,pass,262,4,0.7708,0,0,0,full,0,0,0,0,0,0,0,0,0,0,0,0,825,0,0,Known Good,0.0,Known good/bad,0,Known good,1.0,2.833213344056216,0.08531950253751162,555.5692848371683
ACC-10006494,CUS-20006494,Amelia Morgan,6 Station Lane,M9 8BD,1984-10-02,39,2024-07-27,employed,36,service,private_tenant,54,4,0,17700.0,1081.69,250.22,852.11,-20.64,0.1696,6300.0,car,87,verified,mobile,0,4,0,pass,pass,218,4,0.5083,4,0,0,full,0,1,0,1,0,0,1,0,0,0,0,0,770,0,3,Known Bad,1.0,Known good/bad,1,Known bad,1.0,4.007333185232471,0.08136252952614093,557.0640600712838
ACC-10006495,CUS-20006495,Leo Roberts,73 Mill View,NE25 4QG,1979-03-13,45,2024-11-20,employed,27,managerial,living_with_family,88,3,2,36500.0,2475.91,439.6,1474.59,561.72,0.1445,2500.0,debt_consolidation,55,verified,branch,2,0,0,pass,pass,119,3,0.6307,0,0,1,full,0,0,0,0,0,0,0,0,0,0,0,0,832,0,0,Known Good,0.0,Known good/bad,0,Known good,0.0,4.48863636973214,0.030548890810727,586.8824009885176
ACC-10006496,CUS-20006496,Noah Green,244 Victoria Road,OX28 9HE,1984-06-15,40,2024-10-29,part_time,50,administrative,private_tenant,36,3,3,34200.0,2218.07,306.52,637.41,1274.14,0.1076,5200.0,car,127,verified,branch,14,1,0,pass,pass,162,5,0.5564,1,0,0,full,0,0,0,0,0,0,0,0,0,0,0,0,775,0,0,Known Good,0.0,Known good/bad,0,Known good,0.0,3.6109179126442243,0.03685925685116414,581.2758310952803
ACC-10006497,CUS-20006497,Theo Bennett,136 Willow Drive,L13 4VP,1983-07-09,41,2024-07-07,employed,82,service,private_tenant,65,2,2,15500.0,990.68,247.44,1172.64,-429.4,0.1916,30000.0,debt_consolidation,66,verified,web,21,1,0,pass,pass,232,5,0.5897,1,0,0,full,0,0,0,0,0,0,0,0,0,0,0,0,914,0,0,Known Good,0.0,Known good/bad,0,Known good,1.0,4.189654742026425,0.058456485749461974,567.3147315237119
ACC-10006498,CUS-20006498,Ava Hughes,119 Kingfisher Way,RG15 6QW,1986-01-10,38,2024-09-02,employed,99,skilled,private_tenant,86,1,0,42600.0,2576.02,148.73,414.22,2013.07,0.0419,7800.0,major_purchase,57,partially_verified,web,7,3,0,refer,pass,164,2,0.3345,3,0,0,full,0,0,0,0,0,0,0,0,0,0,0,0,867,0,0,Known Good,0.0,Known good/bad,0,Known good,0.0,4.465908118654584,0.03339857056736391,584.2241335113366
ACC-10006499,CUS-20006499,Freya Green,11 Highfield Gardens,PL14 5NN,1988-07-26,36,2024-11-05,employed,33,not_working,private_tenant,38,2,1,15000.0,987.24,500.01,379.98,107.25,0.4,8500.0,debt_consolidation,47,verified,mobile,2,2,0,pass,pass,171,3,0.5899,2,0,0,full,0,0,0,0,0,0,0,0,0,0,0,0,817,0,0,Known Good,0.0,Known good/bad,0,Known good,1.0,3.6635616461296463,0.08313805564300619,556.3853482977468
ACC-10006500,CUS-20006500,Isla Khan,100 Victoria Road,NG28 6BH,1982-11-21,41,2024-10-11,employed,158,managerial,homeowner_mortgage,75,2,0,41800.0,2593.55,40.59,1005.97,1546.99,0.0117,30000.0,major_purchase,26,partially_verified,web,5,3,0,pass,pass,249,4,0.1982,3,0,0,full,0,0,0,0,0,0,0,0,0,0,0,0,895,0,0,Known Good,0.0,Known good/bad,0,Known good,0.0,4.330733340286331,0.029969060481845795,587.4525762365678
ACC-10006502,CUS-20006502,Freya Hughes,176 Victoria Road,SO26 4VE,2001-02-28,23,2024-11-30,employed,179,service,living_with_family,51,2,2,32100.0,2082.32,240.91,1132.98,708.43,0.0901,19600.0,car,143,verified,web,21,0,1,pass,pass,38,2,0.8276,0,0,0,full,0,0,0,0,0,0,0,0,0,0,0,0,766,0,0,Known Good,0.0,Known good/bad,0,Known good,0.0,3.9512437185814275,0.0374716032288571,580.782066085477
ACC-10006504,CUS-20006504,Priya Bennett,23 Willow Drive,BS19 2AQ,1986-12-03,37,2024-07-07,employed,91,not_working,homeowner_mortgage,125,2,0,22700.0,1440.77,408.77,872.79,159.21,0.2161,8900.0,education,152,verified,branch,7,2,0,pass,pass,153,2,0.3147,2,0,0,none,0,0,0,0,0,0,0,0,0,0,0,0,796,0,0,Known Good,0.0,Known good/bad,0,Known good,0.0,4.836281906951478,0.011372800175481758,615.9582198150042
ACC-10006509,CUS-20006509,Aisha Green,128 Victoria Road,S21 6FG,1982-04-29,42,2024-11-23,employed,69,managerial,homeowner_mortgage,68,3,2,37400.0,2244.13,164.71,1255.62,823.8,0.0528,9100.0,home_improvement,58,verified,web,9,2,0,pass,pass,264,4,0.1389,2,0,0,full,0,0,0,0,0,0,0,0,0,0,0,0,928,0,0,Known Good,0.0,Known good/bad,0,Known good,0.0,4.23410650459726,0.026204122495896525,591.4379500059144
ACC-10006513,CUS-20006513,Adam Wilson,180 Oak Road,SO10 4JL,1983-09-21,40,2024-07-10,employed,103,manual,homeowner_mortgage,51,3,0,39200.0,2429.87,403.06,353.78,1673.03,0.1234,2900.0,debt_consolidation,29,not_verified,web,9,0,0,pass,pass,212,4,0.6065,0,0,0,full,0,0,0,0,0,0,0,0,0,0,0,0,760,0,0,Known Good,0.0,Known good/bad,0,Known good,0.0,3.9512437185814275,0.032198951224114716,585.3153741943065
ACC-10006514,CUS-20006514,Maya Clarke,210 Victoria Road,B9 9YA,1975-01-06,49,2024-11-12,employed,33,service,homeowner_mortgage,75,1,0,24800.0,1694.67,239.13,892.64,562.9,0.1157,6600.0,debt_consolidation,83,verified,mobile,22,1,0,pass,pass,122,1,0.2781,1,0,0,full,0,0,0,0,0,0,0,0,0,0,0,0,781,0,0,Known Good,0.0,Known good/bad,0,Known good,0.0,4.330733340286331,0.026434033598276396,591.1790811317377
ACC-10006515,CUS-20006515,Oliver Jones,200 Victoria Road,PL16 1JL,2005-01-21,19,2024-11-20,employed,23,professional,living_with_family,12,2,0,27200.0,1734.37,132.33,964.29,637.75,0.0584,8200.0,car,39,verified,mobile,20,0,0,pass,pass,10,7,0.3836,0,0,0,partial,0,0,0,0,0,0,0,0,0,0,0,0,891,0,0,Known Good,0.0,Known good/bad,0,Known good,0.0,2.5649493574615367,0.03220809657629727,585.3069074286753
ACC-10006516,CUS-20006516,Priya Patel,75 Oak Road,L3 2PR,1977-03-08,47,2024-10-01,employed,30,skilled,homeowner_mortgage,74,5,1,28300.0,1865.06,223.37,180.0,1461.69,0.0947,3400.0,debt_consolidation,74,verified,mobile,23,0,0,pass,pass,319,2,0.2869,0,0,0,full,0,0,0,0,0,0,0,0,0,0,0,0,821,0,0,Known Good,0.0,Known good/bad,0,Known good,0.0,4.31748811353631,0.023012074816101482,595.2804314207007
ACC-10006520,CUS-20006520,Maya Green,30 Oak Road,EH9 5LF,1972-03-07,52,2024-10-24,employed,56,manual,social_tenant,128,2,1,41100.0,2713.65,330.95,654.22,1728.48,0.0966,4800.0,car,40,verified,web,20,0,1,pass,pass,332,4,0.3836,0,0,0,full,0,0,0,0,0,0,0,0,0,0,0,0,806,0,0,Known Good,0.0,Known good/bad,0,Known good,0.0,4.859812404361672,0.022793667784657027,595.5620405286386
ACC-10006533,CUS-20006533,Ava Roberts,26 Mill View,B13 9TD,1991-01-25,33,2024-11-08,employed,44,managerial,homeowner_mortgage,130,5,0,29400.0,1746.09,166.74,752.61,826.74,0.0681,5200.0,home_improvement,185,verified,web,7,2,0,pass,pass,99,2,0.3433,2,1,2,full,0,0,0,0,0,0,0,0,0,0,0,0,708,0,0,Known Good,0.0,Known good/bad,0,Known good,0.0,4.875197323201151,0.04757137280027345,573.5917846155826
ACC-10006541,CUS-20006541,Amelia Hughes,112 Station Lane,NE13 2BD,1975-02-10,49,2024-12-23,employed,48,managerial,social_tenant,48,2,1,53000.0,3377.19,573.77,732.2,2071.22,0.1299,3200.0,major_purchase,17,verified,branch,15,0,0,pass,pass,281,2,0.636,0,0,0,full,0,0,0,0,0,0,0,0,0,0,0,0,786,0,0,Known Good,0.0,Known good/bad,0,Known good,0.0,3.8918202981106265,0.033437324512282644,584.189515509269
ACC-10006550,CUS-20006550,Freya Morgan,189 Willow Drive,SO12 9SW,1974-11-23,49,2024-08-24,self_employed,65,administrative,homeowner_mortgage,34,3,0,42200.0,2628.03,344.06,956.74,1327.23,0.0978,16600.0,debt_consolidation,140,partially_verified,mobile,15,1,1,pass,pass,142,3,0.5607,1,0,0,full,0,0,0,0,0,0,0,0,0,0,0,0,819,0,0,Known Good,0.0,Known good/bad,0,Known good,0.0,3.5553480614894135,0.03705705224188691,581.1154820920964
ACC-10006554,CUS-20006554,Ava Lewis,233 Church Street,B11 4SQ,1978-04-02,46,2024-10-21,part_time,67,manual,living_with_family,146,2,2,32300.0,2024.14,309.86,1705.19,9.09,0.1151,13000.0,major_purchase,47,verified,web,21,1,0,refer,pass,157,0,0.0667,1,0,2,full,0,0,0,0,0,0,0,0,0,0,0,0,896,0,0,Known Good,0.0,Known good/bad,0,Known good,1.0,4.990432586778736,0.032295523699246605,585.2260845124047
ACC-10006555,CUS-20006555,Jack Patel,132 Meadow Close,BS19 8GY,1949-08-13,75,2024-12-12,employed,61,service,social_tenant,7,3,1,40600.0,2508.3,177.56,180.0,2150.74,0.0525,10900.0,other,207,verified,web,7,2,0,pass,pass,421,4,0.3185,2,0,0,full,0,0,0,0,0,0,0,0,0,0,0,0,869,0,0,Known Good,0.0,Known good/bad,0,Known good,0.0,2.0794415416798357,0.0427989894740855,576.7863418293151
ACC-10006562,CUS-20006562,Freya Khan,7 Church Street,NG28 2TT,1988-06-15,36,2024-08-11,self_employed,118,manual,living_with_family,177,2,0,74100.0,4820.27,238.39,803.22,3778.66,0.0386,3000.0,debt_consolidation,95,verified,mobile,13,1,0,pass,refer,97,1,0.1443,1,0,0,full,0,0,0,0,0,0,0,0,0,0,0,0,885,0,0,Known Good,0.0,Known good/bad,0,Known good,0.0,5.181783550292085,0.01953406189002276,600.1109488738566
ACC-10006564,CUS-20006564,Ava Taylor,86 Willow Drive,SO20 8TY,1989-09-14,35,2024-11-12,employed,25,managerial,homeowner_mortgage,14,4,0,24400.0,1564.67,154.15,860.9,549.62,0.0758,6900.0,car,38,verified,mobile,20,0,1,pass,pass,148,1,0.4195,0,0,0,full,0,0,0,0,0,0,0,0,0,0,0,0,847,0,0,Known Good,0.0,Known good/bad,0,Known good,0.0,2.70805020110221,0.032789860353082755,584.7730303318441
ACC-10006565,CUS-20006565,George Wilson,163 Church Street,B7 6AD,1978-06-28,46,2024-07-18,employed,53,skilled,homeowner_mortgage,244,1,0,10000.0,626.36,498.88,914.4,-786.92,0.5987,7400.0,major_purchase,55,verified,web,22,1,0,pass,pass,236,3,0.3736,1,0,0,partial,0,0,0,0,0,0,0,0,0,0,0,0,763,0,0,Known Good,0.0,Known good/bad,0,Known good,1.0,5.501258210544727,0.05344298482449954,570.0552145571222
ACC-10006567,CUS-20006567,Freya Bennett,247 Church Street,L24 6DJ,1987-03-18,37,2024-12-21,employed,54,not_working,private_tenant,9,1,1,39000.0,2427.13,643.75,1095.35,688.03,0.1981,11300.0,major_purchase,55,verified,web,14,1,1,refer,pass,182,7,0.5451,1,1,1,full,0,0,0,0,0,0,0,0,0,0,0,0,719,0,0,Known Good,0.0,Known good/bad,0,Known good,0.0,2.302585092994046,0.08015959784549316,557.5316040212356
ACC-10006568,CUS-20006568,Theo Hughes,149 Oak Road,NG18 2NE,1972-03-24,52,2024-08-02,employed,122,skilled,private_tenant,49,2,1,44300.0,2766.78,386.54,690.39,1689.85,0.1047,29600.0,home_improvement,48,not_verified,mobile,4,1,0,pass,pass,179,7,0.6001,1,0,0,full,0,0,0,0,0,0,0,0,0,0,0,0,722,0,0,Known Good,0.0,Known good/bad,0,Known good,0.0,3.912023005428146,0.03627558388878032,581.7538745119956
ACC-10006572,CUS-20006572,Adam Khan,77 Willow Drive,BS15 3GA,1972-01-21,52,2024-10-06,part_time,75,administrative,private_tenant,35,3,2,49100.0,3113.71,195.17,830.17,2088.37,0.0477,7300.0,car,112,verified,mobile,8,0,1,refer,pass,256,3,0.338,0,0,1,partial,0,0,0,0,0,0,0,0,0,0,0,0,868,0,0,Known Good,0.0,Known good/bad,0,Known good,0.0,3.58351893845611,0.026120465831204892,591.5326921110386
ACC-10006575,CUS-20006575,Sofia Hughes,237 Church Street,PL25 2AR,1972-02-06,52,2024-07-11,employed,140,administrative,private_tenant,56,2,1,23900.0,1539.34,71.38,814.8,653.16,0.0358,16900.0,debt_consolidation,53,verified,telephone,8,1,0,pass,pass,207,4,0.1113,1,0,1,partial,0,0,0,0,0,0,0,0,0,0,0,0,904,0,0,Known Good,0.0,Known good/bad,0,Known good,0.0,4.04305126783455,0.022873032822145867,595.4594054281628
ACC-10006576,CUS-20006576,Leo Lewis,99 Oak Road,RG1 9FP,1995-05-11,29,2024-08-23,employed,101,service,homeowner_mortgage,82,2,0,27900.0,1748.59,215.12,1183.29,350.18,0.0925,7400.0,other,44,partially_verified,branch,8,3,0,pass,pass,65,6,0.1644,3,0,0,full,0,0,0,0,0,0,0,0,0,0,0,0,906,0,0,Known Good,0.0,Known good/bad,0,Known good,0.0,4.418840607796598,0.030479756976406036,586.9498305306419
ACC-10006578,CUS-20006578,Maya Davies,229 Park Avenue,CF13 9DL,1981-09-20,42,2024-09-10,employed,65,managerial,homeowner_outright,242,2,0,41500.0,2566.11,82.8,123.83,2359.48,0.0239,4600.0,debt_consolidation,37,verified,web,2,3,1,pass,pass,165,4,0.8487,3,0,0,full,0,0,0,0,0,0,0,0,0,0,0,0,758,0,0,Known Good,0.0,Known good/bad,0,Known good,0.0,5.493061443340548,0.04198525154244915,577.3647428023679
ACC-10006580,CUS-20006580,Maya Khan,204 Oak Road,B16 9WP,2005-12-08,18,2024-08-08,employed,11,not_working,private_tenant,81,3,1,25300.0,1716.6,157.73,701.43,857.44,0.0748,5700.0,debt_consolidation,39,verified,mobile,11,2,0,pass,pass,0,3,0.399,2,0,1,full,0,0,0,0,0,0,1,1,1,1,0,0,859,0,4,Known Bad,1.0,Known good/bad,1,Known bad,0.0,4.406719247264253,0.03186281667508336,585.6281917518754
ACC-10006583,CUS-20006583,Leo Taylor,202 Church Street,G23 7GV,1984-03-10,40,2024-12-27,self_employed,12,not_working,homeowner_mortgage,79,4,2,48800.0,3191.0,171.67,951.1,2068.23,0.0422,4700.0,debt_consolidation,140,verified,mobile,18,0,0,refer,pass,138,3,0.3555,0,0,0,full,0,0,0,0,0,0,0,0,0,0,0,0,938,0,0,Known Good,0.0,Known good/bad,0,Known good,0.0,4.382026634673881,0.02316241857160543,595.0880941249238
ACC-10006585,CUS-20006585,Maya Khan,151 Park Avenue,B23 2GW,2006-04-05,18,2024-09-06,employed,21,administrative,social_tenant,149,2,2,50600.0,3183.86,302.43,392.22,2489.21,0.0717,12000.0,home_improvement,29,verified,branch,8,3,1,pass,pass,0,2,0.4447,3,0,1,full,0,0,0,0,0,0,0,0,0,0,0,0,834,0,0,Known Good,0.0,Known good/bad,0,Known good,0.0,5.0106352940962555,0.0341043278214502,583.5996889369022
ACC-10006590,CUS-20006590,Sofia Patel,26 Oak Road,CF25 7XV,1966-05-02,58,2024-07-15,employed,78,manual,homeowner_mortgage,48,1,1,43100.0,2824.63,459.49,454.3,1910.84,0.1279,2700.0,debt_consolidation,100,verified,web,13,2,0,pass,pass,408,1,0.323,2,0,0,full,0,0,0,0,0,0,0,0,0,0,0,0,832,0,0,Known Good,0.0,Known good/bad,0,Known good,0.0,3.8918202981106265,0.033864777218451526,583.8102305340235
ACC-10006593,CUS-20006593,Aisha Hughes,28 Highfield Gardens,S5 1JJ,1984-11-24,40,2024-12-22,employed,54,skilled,homeowner_mortgage,43,2,0,28300.0,1756.06,512.78,723.23,520.05,0.2174,4100.0,debt_consolidation,30,verified,mobile,20,2,0,pass,pass,134,4,0.1241,2,0,0,full,0,0,0,0,0,0,0,0,0,0,0,0,950,0,0,Known Good,0.0,Known good/bad,0,Known good,0.0,3.784189633918261,0.03136831311112814,586.0942431217106
ACC-10006600,CUS-20006600,Freya Khan,126 Willow Drive,B28 4VA,1974-11-06,49,2024-10-15,employed,50,manual,private_tenant,101,3,1,100200.0,6169.39,714.63,636.03,4818.73,0.0856,6400.0,debt_consolidation,8,partially_verified,mobile,18,2,0,pass,pass,186,1,0.6234,2,0,1,full,0,1,0,0,0,0,1,0,0,0,1,1,767,0,4,Known Bad,1.0,Known good/bad,1,Known bad,0.0,4.624972813284271,0.0370446321085228,581.1255266159859
ACC-10006603,CUS-20006603,Oliver Evans,62 Mill View,S7 3TD,1996-08-21,28,2024-12-01,self_employed,36,managerial,social_tenant,93,1,0,37300.0,2353.87,276.86,844.16,1232.85,0.0891,9200.0,car,68,verified,mobile,1,3,1,fail,pass,92,5,0.3976,3,0,1,full,0,0,0,0,0,0,0,0,0,0,0,0,797,0,0,Known Good,0.0,Known good/bad,0,Known good,0.0,4.543294782270004,0.03587078716744963,582.0897801992876
ACC-10006604,CUS-20006604,Noah Patel,193 Oak Road,OX10 3NR,2004-07-21,19,2024-07-09,retired,109,skilled,private_tenant,40,3,1,20000.0,1212.09,326.54,375.07,510.48,0.1959,6600.0,major_purchase,95,verified,telephone,3,1,0,pass,refer,11,4,0.4498,1,0,0,full,0,0,0,0,0,0,0,0,0,0,0,0,835,0,0,Known Good,0.0,Known good/bad,0,Known good,0.0,3.713572066704308,0.03548882970797908,582.4100970279486
ACC-10006617,CUS-20006617,Amelia Shah,103 Church Street,L7 4JT,1993-10-06,31,2024-10-25,self_employed,92,manual,homeowner_mortgage,78,1,0,24000.0,1501.31,290.23,529.7,681.38,0.1451,6000.0,debt_consolidation,13,verified,telephone,1,1,1,pass,pass,65,3,0.076,1,0,1,partial,0,0,0,0,0,0,0,0,0,0,0,0,890,0,0,Known Good,0.0,Known good/bad,0,Known good,0.0,4.3694478524670215,0.022816979651448868,595.5318573974939
ACC-10006618,CUS-20006618,Noah Green,157 Highfield Gardens,NR19 5NR,1988-01-26,36,2024-07-04,employed,42,professional,homeowner_outright,111,2,0,27300.0,1672.24,341.56,95.85,1234.83,0.1501,12400.0,car,187,verified,mobile,21,2,1,pass,pass,180,5,0.5353,2,0,0,full,0,0,0,0,0,0,0,0,0,0,0,0,746,0,0,Known Good,0.0,Known good/bad,0,Known good,0.0,4.718498871295094,0.03563595335629973,582.2863249958364
ACC-10006620,CUS-20006620,George Morgan,146 Station Lane,CF4 6PQ,1998-10-28,25,2024-09-24,employed,29,professional,social_tenant,36,1,1,46300.0,2801.54,366.97,753.01,1681.56,0.0951,5100.0,education,24,verified,web,19,4,1,pass,pass,30,5,0.6139,4,1,1,full,0,0,0,0,0,0,0,0,0,0,0,0,665,0,0,Known Good,0.0,Known good/bad,0,Known good,0.0,3.6109179126442243,0.036067666582997975,581.925953798189
ACC-10006621,CUS-20006621,Adam Shah,198 Oak Road,LS9 2SJ,1981-07-21,43,2024-07-31,part_time,32,administrative,private_tenant,36,2,0,31600.0,1943.08,90.59,940.72,911.77,0.0344,2000.0,debt_consolidation,96,verified,web,9,1,0,pass,pass,288,2,0.2857,1,0,0,full,0,0,0,0,0,0,0,0,0,0,0,0,908,0,0,Known Good,0.0,Known good/bad,0,Known good,0.0,3.6109179126442243,0.028194855836344623,589.2661401613335
ACC-10006632,CUS-20006632,Sofia Hughes,108 Meadow Close,SO6 4DG,1978-07-16,46,2024-08-31,unemployed,0,manual,homeowner_mortgage,15,3,0,16600.0,1051.53,145.31,940.82,-34.6,0.105,17000.0,other,48,verified,mobile,20,2,0,refer,pass,280,3,0.5958,2,0,1,full,0,0,0,0,0,0,0,0,0,0,0,0,730,0,0,Known Good,0.0,Known good/bad,0,Known good,1.0,2.772588722239781,0.07831267187323085,558.2620710052064
ACC-10006635,CUS-20006635,Oliver Roberts,117 Victoria Road,M15 7QG,2002-12-01,21,2024-07-23,employed,124,professional,homeowner_mortgage,99,1,1,31800.0,1845.88,644.53,571.69,629.66,0.2432,6500.0,home_improvement,49,verified,web,22,2,0,pass,pass,29,1,0.2867,2,0,0,full,0,0,0,0,0,0,0,0,0,0,0,0,905,0,0,Known Good,0.0,Known good/bad,0,Known good,0.0,4.605170185988092,0.03184480154005352,585.645047178653
ACC-10006636,CUS-20006636,Amelia Shah,2 Church Street,EH3 5DP,1982-06-17,42,2024-12-11,employed,66,administrative,private_tenant,137,4,0,37200.0,2373.0,186.53,1272.0,914.47,0.0602,6000.0,home_improvement,78,verified,web,0,2,0,pass,pass,253,8,0.3826,2,0,0,full,0,0,0,0,0,0,0,0,0,0,0,0,858,0,0,Known Good,0.0,Known good/bad,0,Known good,0.0,4.927253685157205,0.028600868505821102,588.8415428889999
ACC-10006641,CUS-20006641,Daniel Khan,108 Oak Road,NR18 1BD,1979-06-12,45,2024-11-11,employed,88,not_working,homeowner_mortgage,9,2,0,39200.0,2528.85,444.19,611.5,1473.16,0.136,7000.0,home_improvement,298,verified,web,9,1,0,pass,pass,124,3,0.1465,1,0,0,full,0,0,0,0,0,0,0,0,0,0,0,0,851,0,0,Known Good,0.0,Known good/bad,0,Known good,0.0,2.302585092994046,0.03355906216270604,584.0810214753304
ACC-10006642,CUS-20006642,Oliver Green,89 Kingfisher Way,L1 3YP,1961-12-18,62,2024-11-12,unemployed,0,managerial,homeowner_mortgage,29,2,1,8800.0,527.69,294.75,786.38,-553.44,0.4019,4800.0,home_improvement,34,verified,web,7,1,1,pass,pass,257,1,0.1739,1,0,1,full,0,0,0,0,0,0,0,0,0,0,0,0,874,0,0,Known Good,0.0,Known good/bad,0,Known good,1.0,3.4011973816621555,0.05555214048792258,568.874011102628
ACC-10006645,CUS-20006645,Noah Foster,16 Station Lane,PL7 4AX,2005-12-08,18,2024-09-06,retired,82,service,homeowner_mortgage,95,3,0,22300.0,1368.37,20.0,1129.74,218.63,0.0108,6700.0,debt_consolidation,45,verified,mobile,2,1,0,pass,pass,0,2,0.3591,1,0,1,partial,0,0,0,0,0,0,0,0,0,0,0,0,852,0,0,Known Good,0.0,Known good/bad,0,Known good,0.0,4.564348191467836,0.025170141413546395,592.6301804781472
ACC-10006647,CUS-20006647,Ava Hughes,168 Meadow Close,G19 9TL,1990-05-10,34,2024-10-26,employed,71,professional,private_tenant,274,2,0,60300.0,3949.02,283.45,721.64,2943.93,0.0564,4300.0,education,85,verified,web,19,1,0,pass,pass,132,2,0.4334,1,1,2,full,0,0,0,0,0,0,0,0,0,0,0,0,710,0,0,Known Good,0.0,Known good/bad,0,Known good,0.0,5.616771097666572,0.014683504468558699,608.4892556424549
ACC-10006648,CUS-20006648,Ava Shah,188 Victoria Road,G5 3EH,1978-03-15,46,2024-12-07,employed,62,skilled,private_tenant,86,2,2,51600.0,3173.43,73.78,563.53,2536.12,0.0172,8700.0,debt_consolidation,56,verified,web,10,3,0,pass,pass,277,0,0.709,3,0,0,full,0,0,0,0,0,0,0,0,0,0,0,0,769,0,0,Known Good,0.0,Known good/bad,0,Known good,0.0,4.465908118654584,0.04412369559156383,575.8668442705384
ACC-10006660,CUS-20006660,Isla Clarke,113 Meadow Close,NE9 1NH,1975-10-30,49,2024-12-11,employed,162,manual,homeowner_outright,49,3,1,49100.0,3116.39,199.05,31.63,2885.71,0.0486,4500.0,debt_consolidation,20,verified,web,13,3,0,pass,pass,288,6,0.2088,3,0,0,partial,0,0,0,0,0,0,0,0,0,0,0,0,831,0,0,Known Good,0.0,Known good/bad,0,Known good,0.0,3.912023005428146,0.03321267488896143,584.3907308914444
ACC-10006663,CUS-20006663,George Roberts,208 Park Avenue,EH29 6YB,1977-04-21,47,2024-11-16,unemployed,0,managerial,homeowner_outright,57,3,2,14100.0,933.35,468.08,51.57,413.7,0.3984,24500.0,other,73,verified,branch,18,2,0,pass,pass,159,9,0.5903,2,0,2,full,0,0,0,0,0,0,0,0,0,0,0,0,823,0,0,Known Good,0.0,Known good/bad,0,Known good,0.0,4.060443010546419,0.04933141736543789,572.4901529988291
ACC-10006664,CUS-20006664,Noah Khan,200 Church Street,B9 6DN,1983-10-19,41,2024-12-12,employed,27,managerial,private_tenant,48,3,1,17600.0,1124.41,21.61,452.9,649.9,0.0147,7000.0,debt_consolidation,78,not_verified,web,10,0,1,pass,pass,167,3,0.6175,0,1,1,partial,0,0,0,0,0,0,0,0,0,0,0,0,755,0,0,Known Good,0.0,Known good/bad,0,Known good,0.0,3.8918202981106265,0.05124674908418712,571.3328868221242
ACC-10006666,CUS-20006666,Theo Taylor,150 Victoria Road,OX19 5ES,1972-02-22,52,2024-09-01,self_employed,63,not_working,homeowner_mortgage,77,3,1,25700.0,1572.13,141.8,871.28,559.05,0.0662,8800.0,home_improvement,72,verified,mobile,11,2,1,pass,pass,379,4,0.4344,2,0,0,full,0,0,0,0,0,0,0,0,0,0,0,0,840,0,0,Known Good,0.0,Known good/bad,0,Known good,0.0,4.356708826689592,0.03283604690749972,584.7310385433495
ACC-10006668,CUS-20006668,Theo Morgan,79 Station Lane,NG22 3YT,1978-02-23,46,2024-07-24,retired,49,not_working,homeowner_mortgage,24,3,0,12400.0,844.44,163.99,777.63,-97.18,0.1587,15200.0,home_improvement,12,not_verified,mobile,18,4,0,pass,pass,197,1,0.5696,4,0,0,full,0,0,0,0,0,0,0,0,0,0,0,0,747,0,0,Known Good,0.0,Known good/bad,0,Known good,1.0,3.2188758248682006,0.09536634600189729,552.0385066417346
ACC-10006676,CUS-20006676,Aisha Foster,219 Station Lane,LS14 3GS,1978-09-27,45,2024-08-31,part_time,9,skilled,homeowner_mortgage,8,2,1,26100.0,1669.84,68.34,180.0,1421.5,0.0314,5000.0,car,126,verified,web,17,0,1,pass,pass,160,2,0.4003,0,0,0,full,0,0,0,0,0,0,0,0,0,0,0,0,875,0,0,Known Good,0.0,Known good/bad,0,Known good,0.0,2.1972245773362196,0.033973619819521766,583.7143909824309
ACC-10006677,CUS-20006677,Isla Green,139 Mill View,EH5 9XQ,1980-09-26,43,2024-07-28,employed,82,managerial,homeowner_mortgage,97,3,1,36500.0,2435.85,541.69,510.5,1383.66,0.1781,30000.0,home_improvement,152,verified,mobile,19,3,1,fail,pass,239,2,0.479,3,0,1,full,0,0,0,0,0,0,0,0,0,0,0,0,756,0,0,Known Good,0.0,Known good/bad,0,Known good,0.0,4.584967478670572,0.04049284247279556,578.4539710833262
ACC-10006687,CUS-20006687,Priya Clarke,141 Meadow Close,B29 5PR,2006-07-11,18,2024-08-30,employed,39,not_working,living_with_family,41,3,1,31100.0,1998.57,678.48,971.72,348.37,0.2618,6700.0,major_purchase,144,verified,mobile,17,2,1,pass,pass,0,9,0.3039,2,0,0,partial,0,0,0,0,0,0,0,0,0,0,0,0,836,0,0,Known Good,0.0,Known good/bad,0,Known good,0.0,3.7376696182833684,0.03763336349715614,580.652925925247
ACC-10006692,CUS-20006692,Freya Evans,35 Victoria Road,PL29 3XW,1955-11-13,68,2024-08-26,employed,42,administrative,living_with_family,66,3,0,43100.0,2900.52,508.61,928.55,1463.36,0.1416,1800.0,debt_consolidation,140,verified,web,12,4,0,pass,pass,457,1,0.6235,4,0,1,partial,0,0,0,0,0,0,0,0,0,0,0,0,738,0,0,Known Good,0.0,Known good/bad,0,Known good,0.0,4.204692619390966,0.053456699683377386,570.0473927730972
ACC-10006702,CUS-20006702,Jack Green,192 Willow Drive,PL26 5PJ,1995-01-28,29,2024-10-08,employed,91,skilled,homeowner_outright,34,2,0,34100.0,2117.54,199.96,110.51,1807.07,0.0704,23000.0,debt_consolidation,92,verified,mobile,4,0,0,pass,pass,82,6,0.0936,0,0,0,full,0,0,0,0,0,0,0,0,0,0,0,0,974,0,0,Known Good,0.0,Known good/bad,0,Known good,0.0,3.5553480614894135,0.021924205674290913,596.7098719965137
ACC-10006705,CUS-20006705,Theo Jones,211 Mill View,NE4 6YG,1969-10-11,54,2024-09-26,employed,19,administrative,homeowner_outright,22,1,2,38300.0,2403.2,135.77,143.33,2124.1,0.0425,19200.0,major_purchase,108,verified,web,23,2,1,pass,pass,379,6,0.1131,2,0,0,full,0,0,0,0,0,0,0,0,0,0,0,0,918,0,0,Known Good,0.0,Known good/bad,0,Known good,0.0,3.1354942159291497,0.030459394471721423,586.9697192994136
ACC-10006706,CUS-20006706,Noah Evans,10 Meadow Close,CF8 4PY,1997-02-09,27,2024-10-11,employed,30,skilled,homeowner_outright,18,3,1,59400.0,3711.26,621.7,139.83,2949.73,0.1256,2300.0,home_improvement,40,verified,web,15,2,0,pass,pass,104,2,0.6097,2,0,0,partial,0,0,0,0,0,0,0,0,0,0,0,0,732,0,0,Known Good,0.0,Known good/bad,0,Known good,0.0,2.9444389791664403,0.049339044170837086,572.4854609487675
ACC-10006709,CUS-20006709,Priya Davies,209 Mill View,NR24 4QQ,1984-05-02,40,2024-11-04,employed,48,manual,private_tenant,100,1,1,31000.0,2014.05,222.24,651.51,1140.3,0.086,21700.0,car,144,verified,branch,14,1,0,refer,refer,251,5,0.1261,1,0,1,full,0,0,0,0,0,0,0,0,0,0,0,0,818,0,0,Known Good,0.0,Known good/bad,0,Known good,0.0,4.61512051684126,0.02186193340427385,596.7937806063114
ACC-10006712,CUS-20006712,Maya Foster,244 Church Street,NE14 7SE,1968-09-07,56,2024-10-16,self_employed,99,managerial,homeowner_mortgage,117,2,0,8600.0,551.8,171.62,978.74,-598.56,0.2395,2300.0,home_improvement,54,verified,web,2,2,1,pass,pass,286,5,0.2576,2,0,0,none,0,0,0,0,0,0,0,0,0,0,0,0,771,0,0,Known Good,0.0,Known good/bad,0,Known good,1.0,4.770684624465665,0.048432057609347504,573.04832556069
ACC-10006713,CUS-20006713,Isla Jones,119 Victoria Road,G4 8VJ,1976-02-18,48,2024-08-10,employed,20,administrative,homeowner_mortgage,123,3,0,31000.0,2004.51,290.49,964.56,749.46,0.1124,16300.0,car,88,verified,mobile,23,2,1,pass,pass,210,3,0.511,2,1,1,full,0,0,0,0,0,0,0,0,0,0,0,0,762,0,0,Known Good,0.0,Known good/bad,0,Known good,0.0,4.820281565605037,0.05642183763023784,568.399205612958
ACC-10006714,CUS-20006714,Sofia Davies,168 Victoria Road,OX25 7RL,1975-04-04,49,2024-12-08,employed,10,professional,private_tenant,108,2,1,14000.0,909.04,441.2,499.93,-32.09,0.3782,2300.0,car,98,verified,web,7,1,0,pass,pass,289,2,0.0379,1,0,0,full,0,0,0,0,0,0,0,0,0,0,0,0,954,0,0,Known Good,0.0,Known good/bad,0,Known good,1.0,4.6913478822291435,0.03998482828783949,578.8335283715091
ACC-10006716,CUS-20006716,Oliver Davies,199 Mill View,OX10 3DX,1979-09-25,45,2024-11-23,retired,38,administrative,homeowner_outright,6,1,2,47900.0,3049.84,108.27,22.91,2918.66,0.0271,12800.0,debt_consolidation,50,verified,web,12,2,1,refer,pass,211,4,0.3533,2,0,0,full,0,0,0,0,0,0,0,0,0,0,0,0,825,0,0,Known Good,0.0,Known good/bad,0,Known good,0.0,1.9459101490553132,0.044133548273449064,575.8601045921276
ACC-10006719,CUS-20006719,Maya Hughes,15 Church Street,G3 8ET,1997-10-29,27,2024-12-13,employed,70,manual,social_tenant,98,2,0,24000.0,1526.56,265.91,861.18,399.47,0.133,13300.0,debt_consolidation,91,verified,mobile,17,2,0,pass,pass,33,2,0.388,2,0,0,full,0,0,0,0,0,0,0,0,0,0,0,0,775,0,0,Known Good,0.0,Known good/bad,0,Known good,0.0,4.59511985013459,0.0319441294568856,585.552227903981
ACC-10006723,CUS-20006723,Theo Clarke,161 Station Lane,LS12 8NU,1985-12-18,38,2024-07-01,employed,77,service,private_tenant,84,4,0,62200.0,3654.87,116.69,975.28,2562.9,0.0225,5500.0,car,30,verified,web,11,3,0,pass,pass,89,5,0.5543,3,0,0,full,0,0,0,0,0,0,0,0,0,0,0,0,797,0,0,Known Good,0.0,Known good/bad,0,Known good,0.0,4.442651256490317,0.039353299988480396,579.3118646125445
ACC-10006724,CUS-20006724,George Lewis,146 Park Avenue,NG27 5HX,2003-04-26,21,2024-12-24,retired,45,administrative,homeowner_mortgage,188,2,1,13600.0,873.73,35.47,1045.22,-206.96,0.0313,8700.0,home_improvement,29,verified,web,7,0,0,pass,pass,24,1,0.0673,0,0,1,full,0,0,0,0,0,0,0,0,0,0,0,0,887,0,0,Known Good,0.0,Known good/bad,0,Known good,1.0,5.241747015059643,0.025587729525734272,592.1430413478206
ACC-10006726,CUS-20006726,Noah Shah,45 Station Lane,BS19 6PX,1971-05-12,53,2024-11-10,unemployed,12,administrative,homeowner_mortgage,46,2,0,13200.0,901.44,172.87,604.75,123.82,0.1572,5300.0,debt_consolidation,60,verified,branch,7,0,0,pass,pass,323,4,0.3729,0,0,0,partial,0,0,0,0,0,0,0,0,0,0,0,0,902,0,0,Known Good,0.0,Known good/bad,0,Known good,1.0,3.8501476017100584,0.04469006527263723,575.48173242399
ACC-10006737,CUS-20006737,Freya Jones,57 Park Avenue,M17 6EU,1980-09-17,44,2024-12-07,part_time,15,service,living_with_family,37,6,0,47900.0,2993.74,325.27,901.77,1766.7,0.0815,5900.0,major_purchase,113,verified,mobile,14,1,1,pass,pass,151,1,0.5941,1,1,2,partial,0,1,0,1,0,1,1,1,1,0,1,1,715,0,8,Known Bad,1.0,Known good/bad,1,Known bad,0.0,3.6375861597263857,0.062406431064671974,565.3067974184934
ACC-10006751,CUS-20006751,Ava Davies,31 Victoria Road,PL8 2EY,1992-08-11,32,2024-11-21,employed,41,manual,social_tenant,191,1,0,33400.0,2165.97,154.01,912.14,1099.82,0.0553,2300.0,debt_consolidation,116,verified,telephone,8,1,0,pass,pass,89,4,0.4743,1,0,0,full,0,0,0,0,0,0,0,0,0,0,0,0,786,0,0,Known Good,0.0,Known good/bad,0,Known good,0.0,5.2574953720277815,0.02546231830773939,592.2885218940013
ACC-10006753,CUS-20006753,Adam Jones,181 Mill View,B22 9SN,2002-06-12,22,2024-08-13,unemployed,0,professional,homeowner_outright,49,1,2,15400.0,995.06,158.94,93.74,742.38,0.1238,8300.0,education,41,partially_verified,branch,12,2,0,pass,pass,22,4,0.2991,2,0,2,full,0,0,0,0,0,0,0,0,0,0,0,0,801,0,0,Known Good,0.0,Known good/bad,0,Known good,0.0,3.912023005428146,0.012226503079036142,613.8448065955438
ACC-10006755,CUS-20006755,Priya Patel,42 Oak Road,PL24 4SG,1987-10-09,36,2024-09-17,employed,70,skilled,homeowner_outright,62,5,0,62900.0,4031.86,387.14,148.71,3496.01,0.0739,3400.0,home_improvement,124,verified,mobile,7,1,0,pass,pass,128,0,0.3828,1,1,2,none,0,0,1,0,0,1,1,0,1,1,0,0,712,0,5,Known Bad,1.0,Known good/bad,1,Known bad,0.0,4.143134726391533,0.04863335721115312,572.9225432235564
ACC-10006756,CUS-20006756,Noah Green,94 Victoria Road,NE15 9FH,1982-01-05,42,2024-09-20,employed,30,administrative,homeowner_outright,124,3,1,34000.0,2274.92,330.5,17.45,1926.97,0.1166,10900.0,car,87,partially_verified,branch,6,0,0,pass,pass,193,5,0.1483,0,0,1,full,0,0,0,0,0,0,0,0,0,0,0,0,820,0,0,Known Good,0.0,Known good/bad,0,Known good,0.0,4.8283137373023015,0.019234912797443125,600.5650447918049
ACC-10006763,CUS-20006763,Isla Lewis,46 Kingfisher Way,NR20 8HF,1969-03-08,55,2024-10-12,employed,48,skilled,social_tenant,67,3,1,34200.0,2151.67,299.23,544.56,1307.88,0.105,13200.0,major_purchase,57,verified,web,7,0,0,pass,pass,425,1,0.1138,0,0,0,partial,0,0,0,0,0,0,0,0,0,0,0,0,970,0,0,Known Good,0.0,Known good/bad,0,Known good,0.0,4.219507705176107,0.020496813529353015,598.6944489531933
ACC-10006765,CUS-20006765,Maya Morgan,201 Station Lane,S29 4RL,1966-08-02,58,2024-12-26,self_employed,57,not_working,living_with_family,37,6,1,24000.0,1521.47,405.92,649.79,465.76,0.203,21500.0,debt_consolidation,54,verified,mobile,16,0,0,pass,pass,219,2,0.7852,0,0,0,partial,0,0,0,0,0,0,0,0,0,0,0,0,812,0,0,Known Good,0.0,Known good/bad,0,Known good,0.0,3.6375861597263857,0.04130358360540388,577.8575797127036
ACC-10006766,CUS-20006766,Theo Clarke,37 Meadow Close,S25 6AN,2006-02-15,18,2024-07-15,employed,74,managerial,private_tenant,44,1,0,60600.0,3825.02,20.0,491.07,3313.95,0.004,3400.0,car,80,verified,web,15,1,1,pass,pass,0,3,0.4514,1,0,0,full,0,0,0,0,0,0,0,0,0,0,0,0,801,0,0,Known Good,0.0,Known good/bad,0,Known good,0.0,3.8066624897703196,0.03050031862334411,586.9297603071121
ACC-10006768,CUS-20006768,Aisha Foster,199 Park Avenue,RG4 2PD,1980-04-01,44,2024-09-28,retired,63,administrative,social_tenant,54,1,1,38000.0,2451.88,199.87,1004.67,1247.34,0.0631,12500.0,other,44,verified,mobile,10,1,1,pass,pass,176,3,0.3342,1,0,0,full,0,0,0,0,0,0,0,0,0,0,0,0,904,0,0,Known Good,0.0,Known good/bad,0,Known good,0.0,4.007333185232471,0.028055129732923328,589.4136361186761
ACC-10006769,CUS-20006769,Priya Foster,84 Meadow Close,S27 8NL,1966-12-04,57,2024-07-08,employed,17,administrative,homeowner_mortgage,118,5,1,33400.0,2150.74,252.69,811.08,1086.97,0.0908,4800.0,other,56,verified,web,16,3,0,pass,pass,180,1,0.2726,3,0,0,full,0,0,0,0,0,0,0,0,0,0,0,0,811,0,0,Known Good,0.0,Known good/bad,0,Known good,0.0,4.77912349311153,0.03130200869842515,586.1572723020226
ACC-10006780,CUS-20006780,Aisha Hughes,216 Victoria Road,L15 2LN,1988-07-13,36,2024-10-03,employed,84,manual,living_with_family,34,4,1,62500.0,3887.04,212.67,883.43,2790.94,0.0408,5300.0,home_improvement,43,partially_verified,telephone,21,0,1,pass,pass,76,1,0.2382,0,1,1,full,0,0,0,0,0,0,0,0,0,0,0,0,736,0,0,Known Good,0.0,Known good/bad,0,Known good,0.0,3.5553480614894135,0.040903351837851626,578.1505807589285
ACC-10006781,CUS-20006781,Sofia Bennett,242 Church Street,S17 1SE,2003-02-12,21,2024-10-07,employed,34,not_working,homeowner_mortgage,148,4,1,96400.0,6139.77,91.16,835.06,5213.55,0.0113,4300.0,home_improvement,63,verified,web,17,2,0,pass,pass,26,2,0.1624,2,0,0,full,0,0,0,0,0,0,0,0,0,0,0,0,916,0,0,Known Good,0.0,Known good/bad,0,Known good,0.0,5.003946305945459,0.022854457590624423,595.4833957621703
ACC-10006783,CUS-20006783,Amelia Shah,134 Church Street,NG6 5GQ,1995-04-26,29,2024-11-01,employed,79,skilled,homeowner_mortgage,92,3,0,41800.0,2628.03,424.82,269.9,1933.31,0.122,11300.0,debt_consolidation,113,verified,web,17,1,0,pass,pass,55,3,0.529,1,0,1,full,0,0,0,0,0,0,0,0,0,0,0,0,793,0,0,Known Good,0.0,Known good/bad,0,Known good,0.0,4.532599493153256,0.0313992299530288,586.0648975334936
ACC-10006785,CUS-20006785,Noah Evans,50 Victoria Road,BS12 2PQ,1994-01-02,30,2024-09-07,part_time,13,not_working,homeowner_mortgage,39,3,1,34800.0,2086.08,278.31,902.78,904.99,0.096,15800.0,home_improvement,84,partially_verified,web,15,3,0,pass,pass,130,1,0.6065,3,0,0,full,0,0,0,0,0,0,0,0,0,0,0,0,761,0,0,Known Good,0.0,Known good/bad,0,Known good,0.0,3.6888794541139363,0.04872949307468594,572.8626468070221
ACC-10006793,CUS-20006793,Jack Hughes,147 Willow Drive,S23 3SX,1970-05-07,54,2024-12-10,employed,13,administrative,homeowner_outright,57,4,1,22900.0,1461.13,194.71,128.14,1138.28,0.102,6600.0,education,56,verified,branch,21,2,0,pass,pass,317,4,0.5253,2,1,1,full,0,0,0,0,0,0,0,0,0,0,0,0,765,0,0,Known Good,0.0,Known good/bad,0,Known good,0.0,4.060443010546419,0.024113838972401106,593.8984684076097
ACC-10006795,CUS-20006795,Daniel Hughes,34 Oak Road,LS11 6EJ,1997-12-22,26,2024-08-22,employed,25,managerial,private_tenant,72,1,2,45200.0,2755.55,1075.74,306.11,1373.7,0.2856,3000.0,home_improvement,125,partially_verified,web,6,1,1,pass,pass,53,4,0.4839,1,1,1,full,0,0,0,0,0,0,0,0,0,0,0,0,754,0,0,Known Good,0.0,Known good/bad,0,Known good,0.0,4.290459441148391,0.059636011145084135,566.7021486706983
ACC-10006797,CUS-20006797,Amelia Green,20 Park Avenue,S8 1EF,1998-07-26,26,2024-09-12,employed,77,not_working,homeowner_mortgage,64,1,0,42200.0,2630.54,124.32,764.73,1741.49,0.0354,4600.0,education,34,verified,mobile,6,2,1,pass,pass,69,3,0.508,2,0,0,full,0,0,0,0,0,0,0,0,0,0,0,0,839,0,0,Known Good,0.0,Known good/bad,0,Known good,0.0,4.174387269895637,0.013002506394804327,612.0465715745775
ACC-10006799,CUS-20006799,Aisha Shah,160 Park Avenue,PL29 1YV,1980-07-11,44,2024-12-19,employed,27,not_working,living_with_family,30,3,0,41600.0,2667.89,98.03,482.71,2087.15,0.0283,6000.0,major_purchase,63,verified,web,19,0,1,pass,pass,252,3,0.1615,0,0,0,full,0,0,0,0,0,0,0,0,0,0,0,0,969,0,0,Known Good,0.0,Known good/bad,0,Known good,0.0,3.4339872044851463,0.022907840573376765,595.4145016130753
ACC-10006804,CUS-20006804,Adam Lewis,34 Meadow Close,L29 1AG,1984-11-14,39,2024-09-10,unemployed,0,administrative,homeowner_outright,56,2,1,13300.0,866.12,275.87,177.48,412.77,0.2489,4300.0,education,91,verified,telephone,16,1,0,pass,pass,109,5,0.128,1,0,1,full,0,0,0,0,0,0,0,0,0,0,0,0,901,0,0,Known Good,0.0,Known good/bad,0,Known good,0.0,4.04305126783455,0.009974975057784077,619.7830351772195
ACC-10006810,CUS-20006810,Ava Davies,109 Kingfisher Way,PL22 8XQ,1988-03-25,36,2024-08-26,employed,36,service,homeowner_outright,94,1,0,26500.0,1648.57,26.82,142.53,1479.22,0.0121,2300.0,other,59,partially_verified,branch,16,0,1,pass,pass,107,1,0.0203,0,0,0,full,0,0,0,0,0,0,0,0,0,0,0,0,881,0,0,Known Good,0.0,Known good/bad,0,Known good,0.0,4.553876891600541,0.016815237379530733,604.5153063340343
ACC-10006829,CUS-20006829,Oliver Green,249 Church Street,PL3 6JN,2001-09-23,23,2024-12-14,employed,31,manual,living_with_family,39,4,2,72700.0,4364.01,171.49,870.63,3321.89,0.0283,9100.0,major_purchase,24,verified,web,6,1,0,pass,pass,43,3,0.4228,1,0,1,full,0,0,0,0,0,0,0,0,0,0,0,0,808,0,0,Known Good,0.0,Known good/bad,0,Known good,0.0,3.6888794541139363,0.030923253139246112,586.5198146274303
ACC-10006833,CUS-20006833,Priya Davies,238 Mill View,BS15 8XE,1982-04-10,42,2024-10-24,employed,13,skilled,homeowner_outright,110,3,1,10900.0,705.41,131.13,23.5,550.78,0.1444,5600.0,debt_consolidation,52,partially_verified,mobile,20,0,0,pass,pass,107,1,0.6686,0,0,0,full,0,0,0,0,0,0,0,0,0,0,0,0,820,0,0,Known Good,0.0,Known good/bad,0,Known good,0.0,4.709530201312334,0.03037622094432422,587.0510917465332
ACC-10006836,CUS-20006836,Theo Khan,9 Willow Drive,CF17 9XJ,1980-07-29,43,2024-07-09,self_employed,33,manual,homeowner_mortgage,34,3,0,24300.0,1565.82,115.79,935.62,514.41,0.0572,3900.0,other,42,partially_verified,web,3,5,1,pass,pass,237,6,0.6025,5,0,1,partial,0,0,0,0,0,0,0,0,0,0,0,0,707,0,0,Known Good,0.0,Known good/bad,0,Known good,0.0,3.5553480614894135,0.06243035946989569,565.2949997383523
ACC-10006840,CUS-20006840,Priya Lewis,104 Kingfisher Way,SO9 8VS,1976-08-10,48,2024-09-01,employed,130,skilled,private_tenant,28,2,1,30200.0,1943.45,73.22,362.4,1507.83,0.0291,30000.0,debt_consolidation,66,verified,mobile,20,0,0,pass,pass,204,0,0.1772,0,0,1,full,0,0,0,0,0,0,0,0,0,0,0,0,954,0,0,Known Good,0.0,Known good/bad,0,Known good,0.0,3.367295829986474,0.02346627962631097,594.7030526806868
ACC-10006848,CUS-20006848,Sofia Roberts,23 Oak Road,G12 8XV,1991-10-15,32,2024-08-01,employed,23,not_working,social_tenant,47,3,1,16500.0,1064.97,655.59,853.08,-443.7,0.4768,26000.0,car,24,verified,branch,21,1,0,pass,pass,91,2,0.2696,1,0,1,partial,0,0,0,0,0,0,0,0,0,0,0,0,866,0,0,Known Good,0.0,Known good/bad,0,Known good,1.0,3.871201010907891,0.058546627630052146,567.2675095428303
ACC-10006851,CUS-20006851,Priya Khan,150 Willow Drive,M5 8DF,1983-04-25,41,2024-08-29,employed,157,service,social_tenant,95,5,2,34000.0,2166.51,365.13,1149.34,652.04,0.1289,2700.0,debt_consolidation,203,partially_verified,web,6,1,0,pass,pass,241,5,0.5918,1,0,0,full,0,0,0,0,0,0,0,0,0,0,0,0,850,0,0,Known Good,0.0,Known good/bad,0,Known good,0.0,4.564348191467836,0.033002415347940836,584.5802515283794
ACC-10006857,CUS-20006857,Maya Taylor,113 Meadow Close,M21 3AF,1983-11-11,40,2024-10-21,employed,118,skilled,homeowner_mortgage,120,4,0,23300.0,1448.64,177.81,735.51,535.32,0.0916,2500.0,debt_consolidation,15,verified,web,20,1,0,pass,pass,215,3,0.8102,1,0,0,full,0,0,0,0,0,0,0,0,0,0,0,0,768,0,0,Known Good,0.0,Known good/bad,0,Known good,0.0,4.795790545596741,0.03681308430391996,581.3133814274897
ACC-10006859,CUS-20006859,Freya Wilson,204 Victoria Road,B27 1JB,1995-08-14,29,2024-09-28,unemployed,32,managerial,living_with_family,152,2,0,10800.0,654.38,504.43,555.79,-405.84,0.5605,9200.0,home_improvement,43,verified,mobile,1,1,0,pass,pass,128,3,0.2789,1,0,0,partial,0,0,0,0,0,0,0,0,0,0,0,0,858,0,0,Known Good,0.0,Known good/bad,0,Known good,1.0,5.030437921392435,0.05206944625739249,570.848324215247
ACC-10006864,CUS-20006864,Ava Evans,143 Victoria Road,G13 3PX,1962-01-23,62,2024-08-06,part_time,66,service,private_tenant,159,1,1,39900.0,2487.53,620.73,1020.54,846.26,0.1867,9500.0,education,176,verified,mobile,8,0,0,pass,pass,236,3,0.2021,0,0,1,full,0,0,0,0,0,0,0,0,0,0,0,0,758,0,0,Known Good,0.0,Known good/bad,0,Known good,0.0,5.075173815233827,0.007454345571721208,628.2610352436602
ACC-10006865,CUS-20006865,Leo Bennett,249 Highfield Gardens,M14 4PN,1972-06-12,52,2024-11-05,employed,26,skilled,living_with_family,44,4,1,22700.0,1405.8,56.15,1425.01,-75.36,0.0297,15800.0,home_improvement,125,verified,web,20,1,0,pass,refer,170,4,0.5414,1,0,0,partial,0,0,0,0,0,0,0,0,0,0,0,0,823,0,0,Known Good,0.0,Known good/bad,0,Known good,1.0,3.8066624897703196,0.053401326817990244,570.0789843443466
ACC-10006871,CUS-20006871,Aisha Davies,93 Meadow Close,M21 4ND,1965-01-27,59,2024-10-22,self_employed,51,not_working,private_tenant,123,2,1,53800.0,3286.23,119.38,898.43,2268.42,0.0266,11200.0,debt_consolidation,60,verified,mobile,4,1,1,pass,pass,468,5,0.1644,1,0,0,full,0,0,0,0,0,0,0,0,0,0,0,0,846,0,0,Known Good,0.0,Known good/bad,0,Known good,0.0,4.820281565605037,0.020881470088057793,598.1466428300673
ACC-10006872,CUS-20006872,Daniel Roberts,69 Mill View,OX23 7RE,1999-05-22,25,2024-10-26,employed,67,professional,private_tenant,35,1,0,30800.0,1939.0,303.92,916.8,718.28,0.1184,8900.0,debt_consolidation,103,not_verified,web,21,1,0,pass,pass,48,2,0.5105,1,1,1,full,0,0,0,0,0,0,0,0,0,0,0,0,787,0,0,Known Good,0.0,Known good/bad,0,Known good,0.0,3.58351893845611,0.060541448454292164,566.2395645019635
ACC-10006877,CUS-20006877,Oliver Hughes,16 Mill View,S20 6LX,1989-03-26,35,2024-11-02,employed,57,manual,homeowner_mortgage,167,3,1,26900.0,1694.39,396.49,368.93,928.97,0.1769,11700.0,home_improvement,145,verified,telephone,14,1,0,pass,pass,171,3,0.1194,1,0,0,full,0,0,0,0,0,0,0,0,0,0,0,0,916,0,0,Known Good,0.0,Known good/bad,0,Known good,0.0,5.123963979403259,0.021372244703178556,597.4618732952447
ACC-10006887,CUS-20006887,Isla Clarke,145 Meadow Close,CF6 1DQ,1995-01-12,29,2024-09-07,employed,49,service,homeowner_mortgage,162,4,1,23400.0,1518.33,431.5,857.2,229.63,0.2213,21800.0,home_improvement,122,verified,web,8,4,0,pass,pass,63,3,0.3223,4,0,0,full,0,0,0,0,0,0,0,0,0,0,0,0,798,0,0,Known Good,0.0,Known good/bad,0,Known good,0.0,5.093750200806762,0.03874745927910039,579.777713946359
ACC-10006888,CUS-20006888,Adam Patel,112 Victoria Road,RG13 4PN,1979-07-30,45,2024-09-25,retired,48,not_working,private_tenant,33,3,0,26000.0,1631.28,70.47,778.09,782.72,0.0325,2700.0,debt_consolidation,141,partially_verified,mobile,16,0,0,pass,pass,162,6,0.3327,0,0,1,full,0,0,0,0,0,0,0,0,0,0,0,0,862,0,0,Known Good,0.0,Known good/bad,0,Known good,0.0,3.5263605246161616,0.025966287906153653,591.7080765491658
ACC-10006889,CUS-20006889,Daniel Jones,157 Park Avenue,S9 9VQ,1999-01-20,25,2024-11-14,employed,47,service,private_tenant,56,2,0,27000.0,1718.76,68.93,878.57,771.26,0.0306,3700.0,debt_consolidation,71,verified,web,5,1,0,refer,pass,70,5,0.2052,1,1,1,full,0,0,0,0,0,0,0,0,0,0,0,0,821,0,0,Known Good,0.0,Known good/bad,0,Known good,0.0,4.04305126783455,0.04168519358041923,577.5807305861279
ACC-10006890,CUS-20006890,Jack Bennett,129 Highfield Gardens,LS1 3YJ,1973-03-05,51,2024-09-14,employed,54,professional,homeowner_outright,117,2,0,20200.0,1239.29,87.47,72.98,1078.84,0.052,6200.0,education,36,verified,mobile,0,1,0,pass,pass,258,4,0.5334,1,0,1,full,0,0,0,0,0,0,0,0,0,0,0,0,780,0,0,Known Good,0.0,Known good/bad,0,Known good,0.0,4.770684624465665,0.010644097378194656,617.890157768018
ACC-10006892,CUS-20006892,Freya Clarke,216 Meadow Close,B24 4JA,1954-06-13,70,2024-08-05,employed,44,managerial,private_tenant,42,2,2,40200.0,2485.26,450.08,823.89,1211.29,0.1344,6700.0,home_improvement,97,verified,mobile,19,3,0,pass,pass,317,1,0.4426,3,0,0,full,0,0,0,0,0,0,0,0,0,0,0,0,735,0,0,Known Good,0.0,Known good/bad,0,Known good,0.0,3.7612001156935624,0.0435258816621582,576.2784862842792
ACC-10006894,CUS-20006894,Noah Shah,7 Mill View,BS20 1BN,1978-06-15,46,2024-09-04,employed,31,professional,homeowner_outright,15,2,2,61800.0,3842.43,256.45,127.17,3458.81,0.0498,7900.0,car,31,partially_verified,web,6,2,0,pass,pass,126,3,0.5066,2,0,0,full,0,0,0,0,0,0,0,0,0,0,0,0,868,0,0,Known Good,0.0,Known good/bad,0,Known good,0.0,2.772588722239781,0.04433085261831433,575.7254407714236
ACC-10006895,CUS-20006895,Oliver Shah,175 Meadow Close,LS1 5UY,1978-05-21,46,2024-07-31,employed,20,not_working,private_tenant,53,3,0,40500.0,2553.16,99.93,1044.45,1408.78,0.0296,9300.0,debt_consolidation,22,verified,mobile,7,1,0,pass,pass,189,3,0.5572,1,1,1,full,0,0,0,0,0,0,0,0,0,0,0,0,702,0,0,Known Good,0.0,Known good/bad,0,Known good,0.0,3.9889840465642745,0.055343354929564895,568.989036985947
ACC-10006903,CUS-20006903,Maya Lewis,231 Highfield Gardens,CF4 9DL,2006-04-08,18,2024-09-16,employed,28,manual,private_tenant,96,5,0,26400.0,1646.95,1360.84,1070.89,-784.78,0.6186,6600.0,home_improvement,67,verified,branch,9,2,1,refer,pass,0,7,0.1204,2,0,0,full,0,0,0,0,0,0,0,0,0,0,0,0,861,0,0,Known Good,0.0,Known good/bad,0,Known good,1.0,4.574710978503383,0.058595547230089376,567.241910917917
ACC-10006904,CUS-20006904,Aisha Taylor,27 Mill View,SO3 5UP,1985-10-12,39,2024-11-22,employed,104,service,homeowner_mortgage,39,2,1,17500.0,1109.36,294.92,862.72,-48.28,0.2022,6500.0,education,35,not_verified,mobile,19,0,0,pass,pass,212,4,0.8273,0,0,1,full,0,0,0,0,0,0,0,0,0,0,0,0,734,0,0,Known Good,0.0,Known good/bad,0,Known good,1.0,3.6888794541139363,0.025503705354957325,592.2404347593188
ACC-10006911,CUS-20006911,Priya Foster,176 Oak Road,L26 1DG,1980-10-08,43,2024-07-11,employed,41,professional,homeowner_mortgage,58,3,2,32400.0,2031.44,156.57,447.61,1427.26,0.058,6700.0,car,27,verified,mobile,21,1,0,pass,pass,168,3,0.2865,1,0,0,full,0,0,0,0,0,0,0,0,0,0,0,0,853,0,0,Known Good,0.0,Known good/bad,0,Known good,0.0,4.07753744390572,0.026600161848759275,590.9933883202931
ACC-10006923,CUS-20006923,Ava Hughes,84 Kingfisher Way,S12 9GT,1996-01-31,28,2024-12-10,employed,61,professional,homeowner_mortgage,25,4,0,53700.0,3415.77,214.4,180.0,3021.37,0.0479,2200.0,home_improvement,82,verified,telephone,1,1,0,refer,pass,46,4,0.2061,1,0,0,none,0,0,0,0,0,0,0,0,0,0,0,0,800,0,0,Known Good,0.0,Known good/bad,0,Known good,0.0,3.258096538021482,0.028292532827366188,589.163452477637
ACC-10006928,CUS-20006928,Jack Foster,14 Mill View,NE21 5HG,1975-09-10,48,2024-08-24,employed,59,professional,homeowner_mortgage,33,2,1,26900.0,1687.54,201.69,919.56,566.29,0.09,2200.0,car,95,verified,web,18,3,1,pass,pass,211,3,0.572,3,0,0,partial,0,0,0,0,0,0,0,0,0,0,0,0,768,0,0,Known Good,0.0,Known good/bad,0,Known good,0.0,3.5263605246161616,0.048468458525338806,573.0255436955869
ACC-10006930,CUS-20006930,Noah Shah,227 Mill View,SO22 3NP,1961-12-02,62,2024-07-20,unemployed,79,professional,homeowner_mortgage,101,3,0,12900.0,779.43,125.05,824.63,-170.25,0.1163,4100.0,car,81,verified,mobile,0,3,0,pass,refer,389,3,0.5811,3,0,0,full,0,0,0,0,0,0,0,0,0,0,0,0,827,0,0,Known Good,0.0,Known good/bad,0,Known good,1.0,4.624972813284271,0.06642455620272655,563.3824367020042
ACC-10006935,CUS-20006935,Maya Morgan,201 Church Street,LS7 7DF,1981-06-23,43,2024-07-16,employed,75,manual,homeowner_mortgage,37,4,0,53300.0,3480.4,404.72,1197.98,1877.7,0.0911,4200.0,other,40,partially_verified,mobile,3,0,0,pass,pass,144,1,0.5253,0,0,0,full,0,0,0,0,0,0,0,0,0,0,0,0,750,0,0,Known Good,0.0,Known good/bad,0,Known good,0.0,3.6375861597263857,0.031026909965196692,586.420169646101
ACC-10006941,CUS-20006941,Jack Roberts,160 Church Street,B1 7WR,1974-06-13,50,2024-09-24,employed,35,skilled,private_tenant,100,1,0,26100.0,1665.18,340.57,1368.9,-44.29,0.1566,22700.0,home_improvement,50,partially_verified,web,21,4,0,pass,pass,150,2,0.1791,4,0,0,full,0,0,0,0,0,0,0,0,0,0,0,0,801,0,0,Known Good,0.0,Known good/bad,0,Known good,1.0,4.61512051684126,0.05700205895423999,568.0862498928877
ACC-10006942,CUS-20006942,Daniel Green,92 Willow Drive,OX23 8RN,1969-08-05,55,2024-08-21,employed,35,skilled,homeowner_mortgage,27,2,2,36500.0,2351.04,198.24,717.19,1435.61,0.0652,2400.0,other,33,verified,mobile,19,1,1,pass,pass,352,4,0.3392,1,1,1,full,0,0,0,0,0,0,0,0,0,0,0,0,800,0,0,Known Good,0.0,Known good/bad,0,Known good,0.0,3.332204510175204,0.053136484071861,570.2305123996692
ACC-10006944,CUS-20006944,Priya Khan,245 Meadow Close,PL13 4EE,1978-09-09,46,2024-12-21,employed,66,manual,homeowner_mortgage,108,3,0,20000.0,1304.63,167.85,653.86,482.92,0.1007,6300.0,home_improvement,81,verified,web,1,1,0,pass,pass,247,4,0.1638,1,0,0,full,0,0,0,0,0,0,0,0,0,0,0,0,852,0,0,Known Good,0.0,Known good/bad,0,Known good,0.0,4.6913478822291435,0.02249431860030919,595.9523265471304
ACC-10006947,CUS-20006947,Amelia Jones,100 Oak Road,M3 7NX,1968-09-01,56,2024-11-05,employed,52,manual,homeowner_outright,4,1,2,26100.0,1557.56,666.42,144.5,746.64,0.3064,4400.0,home_improvement,97,verified,web,21,0,0,pass,pass,314,3,0.0145,0,0,0,full,0,0,0,0,0,0,0,0,0,0,0,0,936,0,0,Known Good,0.0,Known good/bad,0,Known good,0.0,1.6094379124341003,0.03348732733287998,584.1449063329779
ACC-10006962,CUS-20006962,Aisha Roberts,245 Station Lane,LS27 1EH,1977-04-29,47,2024-10-24,unemployed,26,professional,homeowner_mortgage,37,3,0,11600.0,724.61,710.21,399.42,-385.02,0.7347,11300.0,car,89,partially_verified,mobile,0,0,1,pass,pass,278,6,0.2436,0,0,0,full,0,0,0,0,0,0,0,0,0,0,0,0,875,0,0,Known Good,0.0,Known good/bad,0,Known good,1.0,3.6375861597263857,0.06270434784384303,565.1602122874564
ACC-10006963,CUS-20006963,Daniel Evans,15 Park Avenue,B1 9UQ,1974-09-27,49,2024-09-08,employed,148,professional,homeowner_mortgage,94,3,1,38500.0,2377.24,536.43,1055.24,785.57,0.1672,21700.0,car,5,verified,telephone,9,1,1,pass,pass,282,5,0.6432,1,0,0,partial,0,0,0,0,0,0,0,0,0,0,0,0,823,0,0,Known Good,0.0,Known good/bad,0,Known good,0.0,4.553876891600541,0.03539400468714155,582.4901335193147
ACC-10006964,CUS-20006964,Amelia Wilson,95 Church Street,B12 6FV,1979-04-18,45,2024-09-09,employed,34,service,social_tenant,139,3,1,20400.0,1239.16,277.58,1163.79,-202.21,0.1633,16000.0,debt_consolidation,99,verified,web,18,1,1,refer,refer,105,0,0.3957,1,0,0,full,0,0,0,0,0,0,0,0,0,0,0,0,832,0,0,Known Good,0.0,Known good/bad,0,Known good,1.0,4.941642422609304,0.04370837714775851,576.1522545939988
ACC-10006967,CUS-20006967,Freya Bennett,93 Church Street,PL18 3UN,1972-08-21,52,2024-08-30,employed,179,managerial,private_tenant,50,3,0,39500.0,2458.7,151.6,576.7,1730.4,0.0461,5000.0,car,103,verified,web,7,2,0,pass,pass,139,3,0.4252,2,0,0,partial,0,0,0,0,0,0,0,0,0,0,0,0,755,0,0,Known Good,0.0,Known good/bad,0,Known good,0.0,3.9318256327243257,0.03441407713959793,583.3295545175346
ACC-10006969,CUS-20006969,Amelia Bennett,234 Willow Drive,B24 3DE,1975-02-05,49,2024-07-17,unemployed,0,not_working,homeowner_mortgage,53,5,0,10500.0,668.23,192.09,1193.1,-716.96,0.2195,6900.0,debt_consolidation,68,partially_verified,web,1,2,0,pass,pass,217,4,0.3317,2,0,0,full,0,0,0,0,0,0,0,0,0,0,0,0,803,0,0,Known Good,0.0,Known good/bad,0,Known good,1.0,3.9889840465642745,0.057262995648737755,567.9464823553656
ACC-10006972,CUS-20006972,Noah Taylor,68 Kingfisher Way,OX15 5AL,1974-01-31,50,2024-12-21,employed,43,managerial,homeowner_mortgage,46,3,1,16600.0,988.28,809.82,1073.39,-894.93,0.5854,12700.0,car,221,verified,mobile,6,1,0,pass,pass,135,1,0.5565,1,0,0,full,0,0,0,0,0,0,0,0,0,0,0,0,870,0,0,Known Good,0.0,Known good/bad,0,Known good,1.0,3.8501476017100584,0.0788867926916,558.0333320098916
ACC-10006979,CUS-20006979,Theo Davies,171 Mill View,NE16 7SF,1999-01-28,25,2024-10-02,employed,8,professional,living_with_family,138,2,0,30200.0,1937.92,233.77,678.53,1025.62,0.0929,8300.0,debt_consolidation,17,not_verified,mobile,17,0,0,pass,pass,55,3,0.8635,0,0,1,full,0,0,0,0,0,0,0,0,0,0,0,0,712,0,0,Known Good,0.0,Known good/bad,0,Known good,0.0,4.9344739331306915,0.03296457448133016,584.6144837508908
ACC-10006982,CUS-20006982,Leo Shah,84 Oak Road,NR16 9WW,1971-04-13,53,2024-09-27,self_employed,43,professional,homeowner_mortgage,12,2,1,49800.0,3125.31,387.32,798.2,1939.79,0.0933,4200.0,debt_consolidation,44,verified,branch,2,0,0,refer,pass,269,3,0.2539,0,0,0,full,0,0,0,0,0,0,0,0,0,0,0,0,892,0,0,Known Good,0.0,Known good/bad,0,Known good,0.0,2.5649493574615367,0.029783576437857708,587.6372300400554
ACC-10006984,CUS-20006984,Isla Taylor,1 Mill View,RG9 2DA,1974-02-27,50,2024-10-16,employed,92,professional,homeowner_mortgage,80,3,0,28200.0,1763.2,368.14,993.83,401.23,0.1567,10700.0,car,95,verified,telephone,9,2,0,pass,pass,202,4,0.4206,2,1,1,full,0,0,0,0,0,0,0,0,0,0,0,0,705,0,0,Known Good,0.0,Known good/bad,0,Known good,0.0,4.394449154672439,0.058026205883585105,567.5410845984442
ACC-10006988,CUS-20006988,George Evans,54 Kingfisher Way,NR9 3YE,1983-06-29,41,2024-08-28,self_employed,66,managerial,private_tenant,31,1,1,26900.0,1745.5,380.85,432.87,931.78,0.1699,3300.0,debt_consolidation,118,verified,mobile,21,0,1,pass,pass,96,2,0.4997,0,0,0,full,0,0,1,0,1,0,0,1,1,0,0,1,866,0,5,Known Bad,1.0,Known good/bad,1,Known bad,0.0,3.4657359027997265,0.033078707786543114,584.5113497325915
ACC-10006994,CUS-20006994,Leo Khan,82 Victoria Road,EH12 9EP,1993-01-05,31,2024-09-01,employed,22,managerial,homeowner_mortgage,58,5,0,22900.0,1456.81,71.88,984.77,400.16,0.0377,3600.0,debt_consolidation,13,not_verified,web,12,1,0,pass,pass,98,2,0.5708,1,1,1,none,0,0,0,0,0,0,0,0,0,0,0,0,714,0,0,Known Good,0.0,Known good/bad,0,Known good,0.0,4.07753744390572,0.055468210178008084,568.9202016976676
ACC-10007009,CUS-20007009,Theo Hughes,219 Church Street,LS2 4YF,2006-07-12,18,2024-07-20,employed,21,managerial,living_with_family,46,2,1,54500.0,3476.44,622.27,1270.62,1583.55,0.137,4000.0,debt_consolidation,93,partially_verified,web,8,0,0,pass,pass,0,4,0.6023,0,0,1,none,0,0,0,0,0,0,0,0,0,0,0,0,786,0,0,Known Good,0.0,Known good/bad,0,Known good,0.0,3.8501476017100584,0.03294074081956781,584.6360640342302
ACC-10007016,CUS-20007016,Ava Taylor,107 Park Avenue,NE28 5YY,1971-07-05,53,2024-09-14,employed,107,administrative,private_tenant,15,3,1,34500.0,2115.05,322.17,484.28,1308.6,0.1121,10700.0,home_improvement,132,verified,web,15,0,1,pass,pass,160,6,0.6961,0,0,0,full,0,0,0,0,0,0,0,0,0,0,0,0,845,0,0,Known Good,0.0,Known good/bad,0,Known good,0.0,2.772588722239781,0.04145954674966867,577.7441375963284
ACC-10007018,CUS-20007018,Leo Clarke,131 Highfield Gardens,B23 3RU,1991-04-21,33,2024-08-18,employed,49,managerial,homeowner_outright,86,3,0,31700.0,1972.34,219.67,79.84,1672.83,0.0832,16400.0,car,108,verified,branch,2,1,1,pass,pass,131,3,0.5649,1,0,0,full,0,0,0,0,0,0,0,0,0,0,0,0,805,0,0,Known Good,0.0,Known good/bad,0,Known good,0.0,4.465908118654584,0.03176272652742677,585.7219555852619
ACC-10007020,CUS-20007020,Isla Hughes,170 Park Avenue,PL3 5LJ,1966-01-24,58,2024-09-23,unemployed,0,skilled,homeowner_mortgage,58,2,0,14100.0,867.08,373.16,852.4,-358.48,0.3176,30000.0,debt_consolidation,58,verified,mobile,1,4,0,pass,pass,441,4,0.4147,4,1,2,full,0,0,0,0,0,0,0,0,0,0,0,0,740,0,0,Known Good,0.0,Known good/bad,0,Known good,1.0,4.07753744390572,0.13509916024576366,540.693196827874
ACC-10007043,CUS-20007043,Aisha Roberts,30 Victoria Road,RG21 1JA,1997-03-17,27,2024-11-28,employed,43,not_working,homeowner_mortgage,27,2,0,16500.0,1127.5,354.97,1048.07,-275.54,0.2582,10100.0,major_purchase,23,verified,branch,10,3,0,pass,pass,91,1,0.242,3,0,2,full,0,0,0,0,0,0,0,0,0,0,0,0,831,0,0,Known Good,0.0,Known good/bad,0,Known good,1.0,3.332204510175204,0.06911653974052771,562.1528295478256
ACC-10007051,CUS-20007051,Noah Lewis,67 Mill View,NR29 5AE,1975-10-26,49,2024-12-16,employed,102,skilled,homeowner_mortgage,91,1,2,21300.0,1340.16,116.14,455.32,768.7,0.0654,3100.0,other,2,not_verified,mobile,5,5,0,pass,pass,264,5,0.3389,5,0,1,full,0,0,0,0,0,0,0,0,0,0,0,0,775,0,0,Known Good,0.0,Known good/bad,0,Known good,0.0,4.5217885770490405,0.04387520093227585,576.037302245202
ACC-10007054,CUS-20007054,Priya Wilson,132 Victoria Road,CF6 7BX,1960-06-30,64,2024-07-16,employed,45,manual,private_tenant,213,4,1,30700.0,1935.85,121.65,585.85,1228.35,0.0476,3900.0,debt_consolidation,10,verified,branch,13,2,0,pass,pass,498,3,0.338,2,0,0,full,0,0,0,0,0,0,0,0,0,0,0,0,936,0,0,Known Good,0.0,Known good/bad,0,Known good,0.0,5.365976015021851,0.02546410046016877,592.2864496637889
ACC-10007063,CUS-20007063,Adam Evans,223 Meadow Close,EH23 9EG,1974-02-10,50,2024-11-29,employed,14,professional,homeowner_outright,58,2,1,76400.0,4746.96,320.99,2.0,4423.97,0.0504,10000.0,home_improvement,24,verified,mobile,14,0,0,pass,pass,134,5,0.4023,0,0,0,none,0,0,0,0,0,0,0,0,0,0,0,0,804,0,0,Known Good,0.0,Known good/bad,0,Known good,0.0,4.07753744390572,0.02542420125660807,592.332877041399
ACC-10007072,CUS-20007072,George Roberts,10 Oak Road,G15 9WB,1970-06-13,54,2024-07-29,employed,12,professional,private_tenant,72,2,1,28900.0,1889.26,402.05,989.84,497.37,0.1669,5100.0,home_improvement,140,verified,web,12,0,0,pass,pass,205,7,0.5296,0,0,0,full,0,0,0,0,0,0,0,0,0,0,0,0,813,0,0,Known Good,0.0,Known good/bad,0,Known good,0.0,4.290459441148391,0.02957570860631569,587.8454966913031
ACC-10007081,CUS-20007081,Oliver Wilson,248 Victoria Road,SO26 4NA,1999-01-25,25,2024-11-23,employed,71,skilled,homeowner_mortgage,71,2,2,42800.0,2715.91,207.47,1196.34,1312.1,0.0582,3800.0,major_purchase,93,verified,web,14,3,0,pass,pass,61,6,0.1568,3,0,0,full,0,0,0,0,0,0,0,0,0,0,0,0,931,0,0,Known Good,0.0,Known good/bad,0,Known good,0.0,4.276666119016055,0.030246438600582237,587.1784958687346
ACC-10007085,CUS-20007085,Oliver Wilson,8 Mill View,RG28 7NF,1980-05-22,44,2024-08-07,self_employed,33,not_working,private_tenant,39,3,0,26700.0,1722.24,116.75,792.93,812.56,0.0525,4600.0,debt_consolidation,24,partially_verified,web,9,4,0,pass,pass,158,0,0.2122,4,0,0,full,0,0,0,0,0,0,0,0,0,0,0,0,881,0,0,Known Good,0.0,Known good/bad,0,Known good,0.0,3.6888794541139363,0.039466745838444305,579.2253979497054
ACC-10007100,CUS-20007100,Jack Shah,85 Highfield Gardens,L9 6WD,1977-04-04,47,2024-09-23,employed,62,service,homeowner_mortgage,73,5,2,37800.0,2487.06,308.77,855.92,1322.37,0.098,6300.0,debt_consolidation,89,partially_verified,web,18,1,1,pass,pass,265,3,0.3475,1,0,2,full,0,0,0,0,0,0,0,0,0,0,0,0,901,0,0,Known Good,0.0,Known good/bad,0,Known good,0.0,4.30406509320417,0.027708510368922322,589.7826329257023
ACC-10007103,CUS-20007103,Aisha Patel,142 Meadow Close,SO6 9HW,1976-05-03,48,2024-10-12,self_employed,10,manual,homeowner_outright,45,3,3,61900.0,3973.65,91.31,79.85,3802.49,0.0177,3400.0,education,109,verified,web,8,2,0,pass,pass,191,2,0.2053,2,0,1,full,0,0,0,0,0,0,0,0,0,0,0,0,843,0,0,Known Good,0.0,Known good/bad,0,Known good,0.0,3.828641396489095,0.010626034196580834,617.9396916302534
ACC-10007107,CUS-20007107,Sofia Green,204 Willow Drive,OX12 3DJ,1977-03-09,47,2024-10-29,employed,66,service,private_tenant,25,1,0,27800.0,1709.69,575.28,180.0,954.41,0.2483,12100.0,major_purchase,216,not_verified,mobile,17,0,0,pass,pass,315,6,0.5475,0,0,0,full,0,0,0,0,0,0,0,0,0,0,0,0,795,0,0,Known Good,0.0,Known good/bad,0,Known good,0.0,3.258096538021482,0.03757835841266499,580.6967788879728
ACC-10007111,CUS-20007111,Noah Roberts,55 Willow Drive,B10 4DA,1991-03-26,33,2024-11-02,employed,37,manual,homeowner_mortgage,66,3,0,22200.0,1497.79,315.89,626.9,555.0,0.1708,13400.0,home_improvement,64,verified,mobile,10,1,1,pass,pass,179,3,0.1906,1,0,2,partial,0,0,0,0,0,0,0,0,0,0,0,0,796,0,0,Known Good,0.0,Known good/bad,0,Known good,0.0,4.204692619390966,0.02617804052796543,591.4674565092361
ACC-10007122,CUS-20007122,Oliver Davies,58 Victoria Road,M13 2DD,1979-03-13,45,2024-11-06,employed,73,administrative,living_with_family,52,2,1,41600.0,2559.91,257.45,420.04,1882.42,0.0743,6300.0,debt_consolidation,83,not_verified,mobile,20,2,0,pass,pass,123,4,0.3025,2,0,0,full,0,0,0,0,0,0,0,0,0,0,0,0,857,0,0,Known Good,0.0,Known good/bad,0,Known good,0.0,3.970291913552122,0.03165538709222268,585.8228286110643
ACC-10007123,CUS-20007123,George Evans,41 Park Avenue,L1 4RY,1977-07-17,47,2024-12-19,part_time,76,skilled,private_tenant,31,4,2,46200.0,2743.84,152.23,831.01,1760.6,0.0395,4500.0,car,39,verified,web,3,1,0,pass,pass,239,3,0.2769,1,0,0,full,0,0,0,0,0,0,0,0,0,0,0,0,823,0,0,Known Good,0.0,Known good/bad,0,Known good,0.0,3.4657359027997265,0.02877111835424411,588.6652385662431
ACC-10007133,CUS-20007133,Isla Bennett,17 Willow Drive,NG23 1VB,1991-05-04,33,2024-10-09,self_employed,49,administrative,homeowner_mortgage,56,4,0,83200.0,5337.52,740.86,329.36,4267.3,0.1069,3800.0,car,99,verified,web,3,1,0,pass,pass,61,1,0.123,1,0,0,full,0,0,0,0,0,0,0,0,0,0,0,0,831,0,0,Known Good,0.0,Known good/bad,0,Known good,0.0,4.04305126783455,0.02430943579903597,593.6595834251001
ACC-10007143,CUS-20007143,Theo Khan,58 Mill View,SO23 5YP,1986-10-26,37,2024-08-20,employed,40,manual,living_with_family,24,6,1,27400.0,1741.11,112.8,721.39,906.92,0.0494,10900.0,home_improvement,116,verified,web,12,0,1,pass,pass,204,2,0.6988,0,0,0,partial,0,0,0,0,0,0,0,0,0,0,0,0,868,0,0,Known Good,0.0,Known good/bad,0,Known good,0.0,3.2188758248682006,0.03698249882299644,581.1758242852198
ACC-10007144,CUS-20007144,Maya Khan,186 Station Lane,PL1 8AR,1970-10-04,53,2024-07-29,employed,110,not_working,private_tenant,48,2,0,52800.0,3462.55,242.79,698.68,2521.08,0.0552,2100.0,major_purchase,57,verified,web,1,3,0,pass,pass,370,1,0.2333,3,0,0,full,0,0,0,0,0,0,0,0,0,0,0,0,764,0,0,Known Good,0.0,Known good/bad,0,Known good,0.0,3.8918202981106265,0.03413753569948786,583.570615119643
ACC-10007148,CUS-20007148,Amelia Davies,151 Highfield Gardens,SO10 5HV,1965-05-13,59,2024-11-30,employed,22,skilled,private_tenant,63,5,0,26700.0,1576.04,389.32,902.87,283.85,0.175,15200.0,debt_consolidation,28,verified,branch,3,1,0,pass,pass,474,1,0.0811,1,0,0,full,0,0,0,0,0,0,0,0,0,0,0,0,916,0,0,Known Good,0.0,Known good/bad,0,Known good,0.0,4.1588830833596715,0.024231365081975653,593.7547066677595
ACC-10007150,CUS-20007150,Jack Evans,76 Victoria Road,NE16 5GW,1980-11-01,44,2024-11-06,employed,42,skilled,private_tenant,30,2,0,30300.0,1885.64,173.58,376.47,1335.59,0.0687,9100.0,debt_consolidation,13,partially_verified,web,16,1,1,pass,pass,219,7,0.5586,1,2,2,partial,0,0,0,0,0,0,0,0,0,0,0,0,650,0,0,Known Good,0.0,Known good/bad,0,Known good,0.0,3.4339872044851463,0.10265888393001953,549.6788369150537
ACC-10007155,CUS-20007155,Noah Lewis,194 Willow Drive,PL15 8VA,1991-05-06,33,2024-12-03,employed,56,manual,social_tenant,45,3,1,59500.0,3640.03,110.19,811.04,2718.8,0.0222,13500.0,car,63,not_verified,mobile,5,2,0,pass,pass,138,6,0.4512,2,0,0,full,0,0,0,0,0,0,0,0,0,0,0,0,831,0,0,Known Good,0.0,Known good/bad,0,Known good,0.0,3.828641396489095,0.035115460627420006,582.7264372253533
ACC-10007156,CUS-20007156,Freya Taylor,78 Kingfisher Way,S6 9EU,1985-06-27,39,2024-12-26,employed,102,skilled,homeowner_mortgage,34,3,0,48200.0,3116.17,417.51,196.18,2502.48,0.1039,5700.0,car,47,verified,web,22,1,0,pass,refer,79,2,0.7708,1,0,0,full,0,0,0,0,0,0,0,0,0,0,0,0,790,0,0,Known Good,0.0,Known good/bad,0,Known good,0.0,3.5553480614894135,0.043929972327298734,575.9996521447539
ACC-10007162,CUS-20007162,Oliver Clarke,13 Highfield Gardens,EH9 4LV,1985-10-05,38,2024-09-03,unemployed,19,professional,homeowner_mortgage,161,2,0,17700.0,1135.08,192.94,861.06,81.08,0.1308,3100.0,debt_consolidation,72,verified,mobile,20,0,0,pass,pass,93,3,0.3136,0,0,0,full,0,0,0,0,0,0,0,0,0,0,0,0,878,0,0,Known Good,0.0,Known good/bad,0,Known good,1.0,5.087596335232384,0.03430451801220326,583.4248327330341
ACC-10007164,CUS-20007164,Adam Khan,206 Willow Drive,S8 9WV,1972-12-29,51,2024-10-29,unemployed,10,manual,homeowner_outright,35,2,2,9500.0,607.23,614.42,1.01,-8.2,0.7761,9700.0,car,59,verified,branch,13,2,0,pass,pass,138,2,0.747,2,0,0,full,0,0,0,0,0,0,0,0,0,0,0,0,762,0,0,Known Good,0.0,Known good/bad,0,Known good,1.0,3.58351893845611,0.12144517536312398,544.2194190142172
ACC-10007170,CUS-20007170,Amelia Foster,199 Church Street,EH21 8SA,1961-08-27,63,2024-10-15,employed,90,managerial,social_tenant,104,2,0,46300.0,2937.36,211.07,895.9,1830.39,0.0547,5500.0,debt_consolidation,170,partially_verified,branch,20,1,0,pass,pass,232,3,0.7246,1,0,1,full,1,0,1,0,0,1,0,0,1,1,0,1,816,0,6,Known Bad,1.0,Known good/bad,1,Known bad,0.0,4.653960350157523,0.03427546385083104,583.4501489495409
ACC-10007174,CUS-20007174,Aisha Bennett,209 Oak Road,BS22 5NT,1977-04-27,47,2024-10-02,employed,72,skilled,private_tenant,81,5,2,49600.0,3266.45,125.38,732.95,2408.12,0.0303,9900.0,car,105,verified,mobile,14,1,1,pass,pass,227,4,0.208,1,0,1,partial,0,0,0,0,0,0,0,0,0,0,0,0,768,0,0,Known Good,0.0,Known good/bad,0,Known good,0.0,4.406719247264253,0.02320219832333917,595.0374071339186
ACC-10007178,CUS-20007178,Sofia Morgan,6 Kingfisher Way,M1 7JA,1973-12-23,50,2024-08-24,employed,50,not_working,living_with_family,49,1,1,12500.0,765.82,239.7,278.52,247.6,0.2301,6700.0,home_improvement,116,verified,web,6,1,0,pass,pass,328,1,0.1837,1,1,1,partial,0,0,0,0,0,0,0,0,0,0,0,0,800,0,0,Known Good,0.0,Known good/bad,0,Known good,0.0,3.912023005428146,0.04821026761338713,573.187487164889
ACC-10007181,CUS-20007181,Priya Green,24 Meadow Close,B15 8DS,1997-09-22,27,2024-12-06,unemployed,0,skilled,living_with_family,73,3,1,15700.0,977.04,160.04,809.11,7.89,0.1223,8300.0,debt_consolidation,86,verified,web,2,2,0,pass,pass,96,4,0.6176,2,0,0,full,0,0,0,0,0,0,0,0,0,0,0,0,865,0,0,Known Good,0.0,Known good/bad,0,Known good,1.0,4.30406509320417,0.06351632662982927,564.763965381525
ACC-10007185,CUS-20007185,Aisha Morgan,116 Park Avenue,CF29 8NX,1998-04-14,26,2024-07-26,employed,58,professional,living_with_family,126,2,0,27700.0,1772.58,239.88,728.83,803.87,0.1039,8300.0,other,145,verified,mobile,19,0,0,pass,pass,72,3,0.3961,0,0,0,full,0,0,0,0,0,0,0,0,0,0,0,0,912,0,0,Known Good,0.0,Known good/bad,0,Known good,0.0,4.844187086458591,0.023205063616081423,595.0337594806571
ACC-10007190,CUS-20007190,Aisha Jones,100 Willow Drive,OX15 3YW,1978-08-22,46,2024-09-15,employed,50,administrative,homeowner_mortgage,59,5,0,20900.0,1296.29,586.16,862.05,-151.92,0.3366,3300.0,car,49,not_verified,mobile,22,2,1,pass,pass,105,0,0.48,2,0,0,full,0,0,0,0,0,0,0,0,0,0,0,0,819,0,0,Known Good,0.0,Known good/bad,0,Known good,1.0,4.0943445622221,0.06850331610297392,562.4289742141044
ACC-10007193,CUS-20007193,Leo Hughes,17 Kingfisher Way,S16 1PQ,1993-05-19,31,2024-10-20,employed,73,service,homeowner_mortgage,148,4,0,29300.0,1815.88,466.83,817.07,531.98,0.1912,5900.0,other,41,verified,branch,4,4,0,pass,pass,116,3,0.6787,4,0,0,full,0,0,0,0,0,0,0,0,0,0,0,0,769,0,0,Known Good,0.0,Known good/bad,0,Known good,0.0,5.003946305945459,0.050911939717496066,571.5321965035724
ACC-10007195,CUS-20007195,Priya Evans,204 Church Street,B3 4WG,1968-04-18,56,2024-09-18,part_time,25,service,living_with_family,28,4,1,21200.0,1361.94,182.24,464.76,714.94,0.1032,11100.0,major_purchase,107,verified,web,21,0,0,pass,pass,250,3,0.4341,0,0,0,partial,0,0,0,0,0,0,0,0,0,0,0,0,863,0,0,Known Good,0.0,Known good/bad,0,Known good,0.0,3.367295829986474,0.03040703452492303,587.0209202800156
ACC-10007196,CUS-20007196,Priya Jones,131 Meadow Close,SO12 7AY,1985-04-01,39,2024-08-27,unemployed,24,service,homeowner_mortgage,56,3,0,9100.0,583.84,421.31,753.63,-591.1,0.5556,10800.0,home_improvement,187,verified,mobile,6,1,1,pass,pass,90,3,0.0522,1,0,0,full,0,0,0,0,0,0,0,0,0,0,0,0,878,0,0,Known Good,0.0,Known good/bad,0,Known good,1.0,4.04305126783455,0.050851855871042365,571.568095206091
ACC-10007199,CUS-20007199,Amelia Davies,1 Park Avenue,PL10 4UH,1977-12-01,47,2024-12-15,part_time,333,service,private_tenant,81,2,0,22700.0,1429.61,477.2,696.68,255.73,0.2523,6300.0,debt_consolidation,82,verified,branch,20,0,1,pass,pass,303,1,0.102,0,0,0,partial,0,0,0,0,0,0,0,0,0,0,0,0,953,0,0,Known Good,0.0,Known good/bad,0,Known good,0.0,4.406719247264253,0.021913592594506166,596.7241560795643
ACC-10007201,CUS-20007201,Aisha Bennett,222 Willow Drive,OX19 7TX,1980-09-10,44,2024-11-19,employed,37,managerial,homeowner_mortgage,59,3,3,12700.0,819.0,395.62,508.37,-84.99,0.3738,16000.0,home_improvement,25,verified,branch,22,2,1,pass,pass,134,4,0.383,2,0,0,full,0,1,1,1,1,0,0,0,0,1,0,0,762,0,5,Known Bad,1.0,Known good/bad,1,Known bad,1.0,4.0943445622221,0.06524860189757468,563.9341528019542
ACC-10007205,CUS-20007205,Ava Jones,193 Station Lane,M14 9EY,1977-06-30,47,2024-11-05,unemployed,10,administrative,private_tenant,25,2,2,10800.0,699.86,322.99,650.53,-273.66,0.3589,9000.0,car,34,verified,branch,7,0,0,pass,pass,203,1,0.1003,0,0,0,full,0,0,0,0,0,0,0,0,0,0,0,0,883,0,0,Known Good,0.0,Known good/bad,0,Known good,1.0,3.258096538021482,0.04574753386861438,574.7749788294241
ACC-10007207,CUS-20007207,Noah Green,93 Church Street,G26 2HJ,1976-07-21,48,2024-08-09,part_time,12,managerial,homeowner_mortgage,62,1,0,26300.0,1621.05,496.62,321.97,802.46,0.2266,12800.0,car,50,verified,branch,5,0,0,pass,pass,191,2,0.1352,0,0,0,full,0,0,0,0,0,0,0,0,0,0,0,0,926,0,0,Known Good,0.0,Known good/bad,0,Known good,0.0,4.143134726391533,0.02306328072428591,595.2147854207552
ACC-10007208,CUS-20007208,Ava Bennett,59 Mill View,NG22 1SQ,1965-09-29,58,2024-08-14,employed,97,professional,homeowner_mortgage,174,1,1,48300.0,2983.05,270.75,915.82,1796.48,0.0673,19000.0,car,83,partially_verified,web,10,1,0,fail,pass,180,1,0.4759,1,0,0,full,0,0,0,0,0,0,0,0,0,0,0,0,793,0,0,Known Good,0.0,Known good/bad,0,Known good,0.0,5.1647859739235145,0.026108461194953005,591.5463117163761
ACC-10007212,CUS-20007212,Jack Clarke,148 Oak Road,S16 3AH,1958-12-13,65,2024-07-21,retired,217,managerial,homeowner_mortgage,28,2,0,8000.0,472.71,95.59,969.57,-592.45,0.1434,9600.0,major_purchase,184,verified,branch,22,0,1,pass,pass,318,2,0.4133,0,1,2,full,0,0,0,0,0,0,0,0,0,0,0,0,691,0,0,Known Good,0.0,Known good/bad,0,Known good,1.0,3.367295829986474,0.08224042939790104,556.7268072407708
ACC-10007220,CUS-20007220,Freya Taylor,199 Mill View,EH9 1AD,1953-11-24,70,2024-10-23,employed,27,not_working,private_tenant,38,1,0,32200.0,2002.1,379.42,969.83,652.85,0.1414,14600.0,car,56,verified,web,21,4,0,pass,pass,209,4,0.0656,4,0,1,full,0,0,0,0,0,0,0,0,0,0,0,0,883,0,0,Known Good,0.0,Known good/bad,0,Known good,0.0,3.6635616461296463,0.03760133222961506,580.6784554497349
ACC-10007222,CUS-20007222,Aisha Patel,149 Station Lane,PL3 7JY,2004-12-07,19,2024-08-22,employed,67,skilled,homeowner_mortgage,82,2,3,49900.0,3203.12,20.0,374.91,2808.21,0.0048,5000.0,car,44,verified,web,18,1,0,pass,pass,4,4,0.6062,1,0,0,full,0,0,0,0,0,0,0,0,0,0,0,0,789,0,0,Known Good,0.0,Known good/bad,0,Known good,0.0,4.418840607796598,0.03126408483299146,586.1933809509554
ACC-10007224,CUS-20007224,Ava Evans,161 Victoria Road,L12 1WL,1994-04-10,30,2024-12-24,part_time,28,not_working,private_tenant,110,3,1,25300.0,1513.91,126.83,889.64,497.44,0.0602,8200.0,home_improvement,99,verified,mobile,11,0,0,pass,pass,117,3,0.415,0,0,0,full,0,0,0,0,0,0,0,0,0,0,0,0,919,0,0,Known Good,0.0,Known good/bad,0,Known good,0.0,4.709530201312334,0.0233331424014062,594.8711565991216
ACC-10007228,CUS-20007228,Aisha Roberts,103 Meadow Close,RG29 6NA,1967-05-10,57,2024-07-16,employed,31,service,social_tenant,50,5,1,31400.0,1991.07,38.88,915.02,1037.17,0.0149,4900.0,car,57,partially_verified,mobile,4,1,0,pass,pass,358,2,0.0713,1,0,1,full,0,0,0,0,0,0,0,0,0,0,0,0,906,0,0,Known Good,0.0,Known good/bad,0,Known good,0.0,3.9318256327243257,0.02221635479948039,596.3193011399086
ACC-10007231,CUS-20007231,Adam Green,21 Highfield Gardens,NG17 5FA,1981-06-23,43,2024-07-21,employed,138,professional,homeowner_outright,58,1,0,56000.0,3339.31,296.7,123.49,2919.12,0.0636,15400.0,car,18,verified,web,12,2,0,pass,pass,241,3,0.2975,2,0,0,full,0,0,0,0,0,0,0,0,0,0,0,0,790,0,0,Known Good,0.0,Known good/bad,0,Known good,0.0,4.07753744390572,0.030749035795996853,586.6880199600854
ACC-10007232,CUS-20007232,Theo Shah,60 Oak Road,B7 2PL,1988-07-14,36,2024-12-14,employed,84,service,social_tenant,67,1,0,15100.0,907.69,196.35,1038.02,-326.68,0.156,5400.0,car,146,partially_verified,telephone,10,1,1,pass,pass,203,2,0.545,1,1,1,full,1,0,0,1,1,1,0,1,0,0,0,0,795,0,5,Known Bad,1.0,Known good/bad,1,Known bad,1.0,4.219507705176107,0.09102890263786083,553.5196327559121
ACC-10007234,CUS-20007234,Freya Evans,29 Meadow Close,EH28 8WL,1951-07-14,73,2024-12-06,unemployed,87,managerial,homeowner_mortgage,81,5,0,17300.0,1074.0,219.58,429.74,424.68,0.1523,6400.0,car,205,verified,web,23,2,1,pass,pass,600,1,0.6861,2,0,0,full,0,0,0,0,0,0,0,0,0,0,0,0,745,0,0,Known Good,0.0,Known good/bad,0,Known good,0.0,4.406719247264253,0.04227624528802003,577.1566847940054
ACC-10007235,CUS-20007235,Leo Jones,127 Highfield Gardens,RG8 4WN,1976-08-21,48,2024-08-25,unemployed,0,not_working,private_tenant,74,6,1,14800.0,903.9,120.56,888.26,-104.92,0.0978,20200.0,debt_consolidation,99,verified,mobile,2,0,0,pass,pass,304,4,0.4715,0,0,0,full,0,0,0,0,0,0,0,0,0,0,0,0,879,0,0,Known Good,0.0,Known good/bad,0,Known good,1.0,4.31748811353631,0.042966121203817216,576.668847182486
ACC-10007243,CUS-20007243,George Wilson,100 Church Street,SO12 2EF,1971-02-08,53,2024-12-06,employed,91,manual,private_tenant,42,1,1,27400.0,1777.3,188.95,584.04,1004.31,0.0828,8700.0,debt_consolidation,163,verified,mobile,5,1,0,pass,pass,341,4,0.8532,1,0,0,full,0,0,0,0,0,0,0,0,0,0,0,0,742,0,0,Known Good,0.0,Known good/bad,0,Known good,0.0,3.7612001156935624,0.044678618816636734,575.4894694368109
ACC-10007260,CUS-20007260,Theo Davies,85 Park Avenue,S17 5JE,1981-10-20,42,2024-07-21,employed,40,administrative,homeowner_mortgage,61,3,0,57800.0,3756.59,55.4,986.03,2715.16,0.0115,9700.0,home_improvement,50,verified,web,15,2,0,pass,pass,173,5,0.3781,2,0,0,full,0,0,0,0,0,0,0,0,0,0,0,0,822,0,0,Known Good,0.0,Known good/bad,0,Known good,0.0,4.127134385045092,0.03133037725531895,586.130289266402
ACC-10007262,CUS-20007262,Noah Hughes,26 Mill View,NG17 8UN,1980-04-12,44,2024-11-17,employed,45,service,homeowner_mortgage,80,3,1,22400.0,1309.41,228.35,1110.43,-29.37,0.1223,11000.0,debt_consolidation,44,verified,web,0,0,0,pass,pass,239,2,0.5393,0,0,0,full,0,0,0,0,0,0,0,0,0,0,0,0,836,0,0,Known Good,0.0,Known good/bad,0,Known good,1.0,4.394449154672439,0.04554833953011729,574.9069115184627
ACC-10007284,CUS-20007284,Maya Wilson,9 Meadow Close,OX3 1PB,1985-04-28,39,2024-09-05,employed,96,administrative,private_tenant,50,2,0,18400.0,1123.43,361.06,937.55,-175.18,0.2355,27100.0,debt_consolidation,34,verified,web,15,1,0,pass,pass,113,5,0.7153,1,0,0,full,0,0,0,0,0,0,0,0,0,0,0,0,746,0,0,Known Good,0.0,Known good/bad,0,Known good,1.0,3.9318256327243257,0.06912155275373479,562.15058146917
ACC-10007286,CUS-20007286,Noah Patel,224 Highfield Gardens,OX21 2EE,1970-12-20,53,2024-08-31,employed,74,managerial,private_tenant,36,2,1,33200.0,2100.42,92.91,602.93,1404.58,0.0336,8600.0,major_purchase,180,verified,mobile,21,0,0,pass,pass,361,3,0.5943,0,1,1,full,0,0,0,0,0,0,0,0,0,0,0,0,742,0,0,Known Good,0.0,Known good/bad,0,Known good,0.0,3.6109179126442243,0.053323651906107376,570.1233519084838
ACC-10007291,CUS-20007291,Leo Taylor,53 Kingfisher Way,CF19 9JV,1988-02-27,36,2024-11-06,self_employed,48,managerial,living_with_family,85,3,1,34100.0,2187.38,416.29,545.26,1225.83,0.1465,4700.0,other,25,partially_verified,web,21,1,0,pass,pass,197,2,0.1131,1,0,0,partial,0,0,0,0,0,0,0,0,0,0,0,0,878,0,0,Known Good,0.0,Known good/bad,0,Known good,0.0,4.454347296253507,0.023207052088093646,595.0312283201285
ACC-10007297,CUS-20007297,Leo Bennett,172 Mill View,NE14 9FG,1985-08-14,39,2024-10-22,retired,58,managerial,private_tenant,31,2,0,35800.0,2186.15,154.04,864.7,1167.41,0.0516,13100.0,debt_consolidation,97,not_verified,branch,0,0,1,pass,pass,207,3,0.1932,0,1,1,full,0,0,0,0,0,0,0,0,0,0,0,0,781,0,0,Known Good,0.0,Known good/bad,0,Known good,0.0,3.4657359027997265,0.0403573876281129,578.5547267149739
ACC-10007298,CUS-20007298,Freya Hughes,48 Victoria Road,NG11 2ND,1970-05-25,54,2024-10-30,unemployed,24,manual,private_tenant,62,4,0,13100.0,863.58,258.12,466.76,138.7,0.2364,6700.0,major_purchase,28,verified,telephone,1,1,1,pass,pass,383,2,0.3267,1,0,0,full,0,0,0,0,0,0,0,0,0,0,0,0,873,0,0,Known Good,0.0,Known good/bad,0,Known good,1.0,4.143134726391533,0.049524519190846356,572.3715669367351
ACC-10007302,CUS-20007302,Oliver Bennett,161 Willow Drive,LS22 8LQ,1988-11-03,35,2024-10-08,employed,73,skilled,private_tenant,9,3,1,25700.0,1602.24,473.11,589.68,539.45,0.2209,3000.0,debt_consolidation,50,verified,branch,10,1,0,pass,pass,90,3,0.0647,1,0,0,full,0,0,0,0,0,0,0,0,0,0,0,0,977,0,0,Known Good,0.0,Known good/bad,0,Known good,0.0,2.302585092994046,0.033420757805586114,584.2043094224016
ACC-10007311,CUS-20007311,Sofia Shah,72 Park Avenue,NR25 4XP,1973-11-23,50,2024-08-14,unemployed,80,service,homeowner_mortgage,46,1,1,15200.0,990.81,351.27,497.9,141.64,0.2773,4600.0,debt_consolidation,65,verified,web,0,1,0,pass,refer,178,1,0.0229,1,0,1,full,0,0,0,0,0,0,0,0,0,0,0,0,852,0,0,Known Good,0.0,Known good/bad,0,Known good,1.0,3.8501476017100584,0.04208849672787944,577.2907660356923
ACC-10007313,CUS-20007313,Oliver Wilson,55 Station Lane,NE4 8NV,1954-06-30,70,2024-09-15,employed,107,professional,private_tenant,22,2,0,25100.0,1548.29,619.15,386.33,542.81,0.296,5700.0,debt_consolidation,77,verified,mobile,18,1,0,pass,refer,256,0,0.1256,1,0,1,full,0,0,0,0,0,0,0,0,0,0,0,0,859,0,0,Known Good,0.0,Known good/bad,0,Known good,0.0,3.1354942159291497,0.032355982172927886,585.1703166493223
ACC-10007318,CUS-20007318,Freya Foster,170 Kingfisher Way,NR24 5GR,1974-11-15,50,2024-12-28,self_employed,34,not_working,homeowner_outright,177,1,0,45400.0,2986.89,98.97,104.53,2783.39,0.0262,7500.0,home_improvement,19,verified,mobile,18,0,0,pass,pass,215,4,0.9115,0,0,0,full,0,0,0,0,0,0,0,0,0,0,0,0,806,0,0,Known Good,0.0,Known good/bad,0,Known good,0.0,5.181783550292085,0.03136557315445095,586.0968451783643
ACC-10007323,CUS-20007323,Maya Hughes,77 Park Avenue,BS16 4WP,1963-02-19,61,2024-09-12,employed,180,service,social_tenant,58,2,0,56500.0,3757.71,58.66,696.69,3002.36,0.0125,8200.0,debt_consolidation,80,verified,branch,19,2,0,pass,pass,439,3,0.3199,2,0,1,none,0,0,0,0,0,0,0,0,0,0,0,0,836,0,0,Known Good,0.0,Known good/bad,0,Known good,0.0,4.07753744390572,0.030173294480586255,587.2505331960637
ACC-10007326,CUS-20007326,Sofia Foster,203 Station Lane,M3 2QT,1992-08-11,32,2024-11-22,employed,39,service,social_tenant,66,3,0,79200.0,5051.62,378.45,641.29,4031.88,0.0573,10400.0,debt_consolidation,126,verified,mobile,11,2,1,pass,pass,76,3,0.131,2,0,2,full,0,0,0,0,0,0,0,0,0,0,0,0,908,0,0,Known Good,0.0,Known good/bad,0,Known good,0.0,4.204692619390966,0.026249100904351782,591.387133051379
ACC-10007331,CUS-20007331,Noah Patel,238 Willow Drive,B16 1NV,1975-08-09,49,2024-10-05,retired,43,administrative,homeowner_mortgage,125,2,1,41700.0,2508.51,361.41,856.97,1290.13,0.104,6000.0,home_improvement,62,partially_verified,web,13,0,0,pass,refer,204,3,0.2876,0,1,1,full,0,0,0,0,0,0,0,0,0,0,0,0,818,0,0,Known Good,0.0,Known good/bad,0,Known good,0.0,4.836281906951478,0.03621248146346981,581.8059996356726
ACC-10007332,CUS-20007332,Oliver Patel,138 Park Avenue,PL6 9UB,1980-08-01,44,2024-10-11,employed,77,service,living_with_family,30,4,0,26400.0,1718.49,83.56,426.14,1208.79,0.038,9100.0,major_purchase,128,verified,mobile,6,2,0,pass,pass,273,6,0.5735,2,0,0,full,0,0,0,0,0,0,0,0,0,0,0,0,824,0,0,Known Good,0.0,Known good/bad,0,Known good,0.0,3.4339872044851463,0.0416834417276395,577.581995965788
ACC-10007346,CUS-20007346,Freya Roberts,217 Mill View,PL3 9NE,1956-11-08,68,2024-11-18,employed,58,manual,homeowner_outright,17,2,0,24100.0,1517.96,97.2,98.77,1321.99,0.0484,7800.0,debt_consolidation,130,partially_verified,mobile,19,2,0,pass,pass,451,7,0.7299,2,0,1,full,0,0,0,0,0,0,0,0,0,0,0,0,807,0,0,Known Good,0.0,Known good/bad,0,Known good,0.0,2.8903717578961645,0.051767556103463834,571.0252889891804
ACC-10007347,CUS-20007347,Aisha Khan,32 Victoria Road,B18 6QR,1987-12-14,36,2024-09-10,part_time,24,professional,social_tenant,46,3,0,22100.0,1408.22,374.84,858.36,175.02,0.2035,3600.0,other,96,verified,mobile,15,1,1,pass,pass,162,5,0.6875,1,0,0,full,1,1,0,0,1,0,0,1,1,1,0,0,809,0,6,Known Bad,1.0,Known good/bad,1,Known bad,0.0,3.8501476017100584,0.04212275878625561,577.2662550802838
ACC-10007351,CUS-20007351,Ava Morgan,202 Oak Road,M7 4JH,1995-07-24,29,2024-09-11,employed,205,manual,living_with_family,22,2,0,13200.0,809.18,323.3,997.9,-512.02,0.2939,2900.0,debt_consolidation,109,verified,web,2,1,1,fail,pass,105,3,0.9327,1,0,0,full,0,0,0,0,0,0,0,0,0,0,0,0,782,0,0,Known Good,0.0,Known good/bad,0,Known good,1.0,3.1354942159291497,0.09578295884649253,551.8994401943896
ACC-10007352,CUS-20007352,Oliver Shah,116 Oak Road,RG14 3YW,1967-08-28,56,2024-07-12,unemployed,0,manual,homeowner_mortgage,76,2,0,12100.0,754.46,343.76,598.0,-187.3,0.3409,7700.0,major_purchase,74,verified,web,2,1,0,pass,pass,138,3,0.1397,1,1,2,full,0,1,1,0,0,0,1,1,1,0,0,0,789,0,5,Known Bad,1.0,Known good/bad,1,Known bad,1.0,4.343805421853684,0.07460419938973259,559.7777123331635
ACC-10007354,CUS-20007354,Adam Bennett,153 Meadow Close,PL22 3GV,1980-01-19,44,2024-12-23,retired,65,managerial,homeowner_mortgage,16,5,0,41700.0,2609.77,159.91,1080.12,1369.74,0.046,4800.0,car,77,verified,mobile,8,4,0,pass,pass,159,6,0.1977,4,0,1,full,0,0,0,0,0,0,0,0,0,0,0,0,874,0,0,Known Good,0.0,Known good/bad,0,Known good,0.0,2.833213344056216,0.04454499667837248,575.579928809268
ACC-10007355,CUS-20007355,George Foster,173 Meadow Close,B23 7QU,1971-08-27,53,2024-09-20,employed,105,service,living_with_family,13,4,2,38100.0,2401.09,180.43,704.14,1516.52,0.0568,2400.0,car,55,partially_verified,web,1,1,0,pass,pass,409,3,0.2128,1,1,1,full,0,0,0,0,0,0,0,0,0,0,0,0,812,0,0,Known Good,0.0,Known good/bad,0,Known good,0.0,2.6390573296152584,0.053425751576736465,570.0650456151484
ACC-10007362,CUS-20007362,Leo Davies,87 Victoria Road,BS8 2BV,1970-04-02,54,2024-12-04,employed,70,service,private_tenant,266,1,2,46500.0,2988.31,314.53,557.79,2115.99,0.0812,7000.0,debt_consolidation,43,verified,mobile,1,2,0,pass,pass,420,2,0.071,2,0,2,partial,0,0,0,0,0,0,0,0,0,0,0,0,818,0,0,Known Good,0.0,Known good/bad,0,Known good,0.0,5.58724865840025,0.020305882532183392,598.9701110384996
ACC-10007366,CUS-20007366,Ava Clarke,59 Kingfisher Way,NG26 1HD,1977-08-15,47,2024-12-16,employed,26,managerial,social_tenant,100,3,1,15600.0,1066.0,259.82,1023.26,-217.08,0.1999,29000.0,home_improvement,43,verified,web,16,1,0,pass,pass,299,2,0.1483,1,1,1,full,0,0,0,0,0,0,0,0,0,0,0,0,725,0,0,Known Good,0.0,Known good/bad,0,Known good,1.0,4.61512051684126,0.06531766183966863,563.9014977994593
ACC-10007369,CUS-20007369,Ava Wilson,74 Station Lane,NG18 6GN,1993-04-18,31,2024-10-15,employed,83,managerial,private_tenant,86,3,1,89600.0,5823.05,196.76,650.19,4976.1,0.0264,19800.0,education,207,verified,web,7,2,1,pass,pass,59,3,0.1598,2,0,1,full,0,0,0,0,0,0,0,0,0,0,0,0,843,0,0,Known Good,0.0,Known good/bad,0,Known good,0.0,4.465908118654584,0.009273348739335654,621.9079330271786
ACC-10007377,CUS-20007377,Daniel Jones,248 Highfield Gardens,BS23 2GW,1961-10-18,63,2024-11-03,employed,38,administrative,homeowner_outright,71,2,0,31800.0,2094.36,262.9,95.19,1736.27,0.0992,5300.0,major_purchase,80,verified,web,4,1,0,pass,pass,488,1,0.8348,1,0,2,full,0,0,0,0,0,0,0,0,0,0,0,0,781,0,0,Known Good,0.0,Known good/bad,0,Known good,0.0,4.276666119016055,0.04102377980791179,578.0621304529352
ACC-10007380,CUS-20007380,Leo Shah,162 Highfield Gardens,SO5 9XL,1987-03-28,37,2024-11-15,unemployed,57,professional,private_tenant,112,3,1,9800.0,628.53,301.87,690.83,-364.17,0.3696,12600.0,car,74,verified,mobile,13,1,0,pass,pass,154,5,0.3093,1,0,0,none,0,0,0,0,0,0,0,0,0,0,0,0,852,0,0,Known Good,0.0,Known good/bad,0,Known good,1.0,4.727387818712341,0.04890789451792869,572.751792161828
ACC-10007386,CUS-20007386,Theo Green,51 Park Avenue,RG19 7PP,1989-10-16,35,2024-12-12,self_employed,92,managerial,homeowner_mortgage,60,3,1,74800.0,4763.78,84.41,676.51,4002.86,0.0135,9800.0,car,151,verified,telephone,22,2,1,pass,pass,95,3,0.7118,2,0,0,full,0,0,0,0,0,0,0,0,0,0,0,0,793,0,0,Known Good,0.0,Known good/bad,0,Known good,0.0,4.110873864173311,0.04098442236423352,578.091009802246
ACC-10007394,CUS-20007394,Priya Morgan,65 Mill View,M26 9GW,1977-03-17,47,2024-11-28,part_time,37,administrative,homeowner_mortgage,54,2,1,30700.0,1893.9,217.14,627.7,1049.06,0.0849,4400.0,car,99,not_verified,web,2,2,0,pass,pass,285,0,0.2272,2,0,1,full,0,0,0,0,0,0,0,0,0,0,0,0,889,0,0,Known Good,0.0,Known good/bad,0,Known good,0.0,4.007333185232471,0.02985968375309854,587.5613289175769
ACC-10007397,CUS-20007397,Oliver Bennett,161 Oak Road,OX11 3PU,1985-03-11,39,2024-10-19,retired,92,manual,homeowner_outright,43,1,3,17700.0,1085.92,399.5,16.7,669.72,0.2708,3900.0,major_purchase,55,verified,mobile,4,0,1,pass,pass,99,1,0.2973,0,0,0,full,0,0,0,0,0,0,0,0,0,0,0,0,873,0,0,Known Good,0.0,Known good/bad,0,Known good,0.0,3.784189633918261,0.028746907946412627,588.6902481050954
ACC-10007404,CUS-20007404,Isla Morgan,90 Willow Drive,B17 5QU,1979-10-19,45,2024-10-21,employed,110,not_working,living_with_family,16,2,0,29500.0,1798.22,194.2,956.49,647.53,0.079,30000.0,debt_consolidation,78,verified,mobile,12,2,0,pass,pass,189,2,0.4518,2,0,2,partial,0,0,0,0,0,0,0,0,0,0,0,0,774,0,0,Known Good,0.0,Known good/bad,0,Known good,0.0,2.833213344056216,0.04293157545603762,576.6930972237515
ACC-10007405,CUS-20007405,Amelia Wilson,193 Church Street,RG7 6BH,2002-01-17,22,2024-09-14,employed,51,managerial,homeowner_mortgage,35,2,0,31400.0,2040.96,127.31,553.98,1359.67,0.0487,8600.0,debt_consolidation,37,verified,web,8,1,0,pass,pass,38,1,0.215,1,0,0,partial,0,0,0,0,0,0,0,0,0,0,0,0,877,0,0,Known Good,0.0,Known good/bad,0,Known good,0.0,3.58351893845611,0.02704164025671053,590.5053460839263
ACC-10007411,CUS-20007411,Sofia Bennett,99 Mill View,PL4 8NQ,1971-03-07,53,2024-11-21,employed,10,not_working,private_tenant,62,6,0,31800.0,2028.31,151.87,897.92,978.52,0.0573,5600.0,home_improvement,53,partially_verified,web,5,3,0,pass,pass,388,6,0.3408,3,0,0,full,0,0,0,0,0,0,0,0,0,0,0,0,789,0,0,Known Good,0.0,Known good/bad,0,Known good,0.0,4.143134726391533,0.03575381394787778,582.1875258727287
ACC-10007413,CUS-20007413,Ava Shah,193 Station Lane,NE26 5RH,1989-05-04,35,2024-08-18,employed,65,administrative,homeowner_mortgage,41,1,1,32300.0,2090.01,223.66,846.11,1020.24,0.0831,12300.0,car,27,verified,web,22,0,0,pass,pass,82,2,0.229,0,0,0,full,0,0,0,0,0,0,0,0,0,0,0,0,862,0,0,Known Good,0.0,Known good/bad,0,Known good,0.0,3.7376696182833684,0.02394602193569921,594.1049366650138
ACC-10007430,CUS-20007430,George Taylor,189 Willow Drive,NG13 6TQ,1981-05-10,43,2024-09-13,self_employed,66,service,living_with_family,100,2,0,25500.0,1625.26,311.47,857.6,456.19,0.1466,7000.0,home_improvement,60,verified,mobile,6,3,0,pass,refer,205,2,0.5716,3,0,0,full,0,0,0,0,0,0,0,0,0,0,0,0,798,0,0,Known Good,0.0,Known good/bad,0,Known good,0.0,4.61512051684126,0.042388690847750266,577.0766537031238
ACC-10007432,CUS-20007432,Sofia Wilson,108 Station Lane,G26 9GB,1994-02-03,30,2024-07-09,retired,17,managerial,homeowner_mortgage,57,2,1,14600.0,921.64,129.14,952.7,-160.2,0.1061,4900.0,debt_consolidation,61,verified,web,0,1,1,pass,pass,48,2,0.2162,1,0,0,full,0,0,0,0,0,0,0,0,0,0,0,0,862,0,0,Known Good,0.0,Known good/bad,0,Known good,1.0,4.060443010546419,0.04195821545212581,577.384143315102
ACC-10007433,CUS-20007433,George Roberts,217 Church Street,EH1 1BT,1976-05-18,48,2024-08-05,employed,23,administrative,private_tenant,31,2,1,25800.0,1657.34,164.28,890.8,602.26,0.0764,5300.0,car,77,verified,mobile,15,1,0,pass,pass,327,6,0.1065,1,0,0,full,0,0,0,0,0,0,0,0,0,0,0,0,851,0,0,Known Good,0.0,Known good/bad,0,Known good,0.0,3.4657359027997265,0.025782504053597225,591.9184681924161
ACC-10007435,CUS-20007435,Priya Hughes,214 Meadow Close,B1 3JG,1982-07-17,41,2024-07-13,employed,73,skilled,homeowner_mortgage,93,4,1,15700.0,994.26,237.82,1083.67,-327.23,0.1818,8700.0,education,40,partially_verified,branch,23,0,0,pass,pass,115,1,0.5974,0,1,1,full,0,0,0,0,0,0,0,0,0,0,0,0,764,0,0,Known Good,0.0,Known good/bad,0,Known good,1.0,4.543294782270004,0.030951189926883536,586.4929272892388
ACC-10007438,CUS-20007438,Maya Davies,31 Oak Road,S14 1AA,1992-04-11,32,2024-08-23,self_employed,150,skilled,private_tenant,127,4,1,58500.0,3728.19,367.7,401.22,2959.27,0.0754,3700.0,debt_consolidation,115,verified,mobile,21,0,0,pass,pass,168,2,0.5838,0,0,0,full,0,0,1,0,0,0,1,1,0,0,1,0,805,0,4,Known Bad,1.0,Known good/bad,1,Known bad,0.0,4.852030263919617,0.02639039905213712,591.2280426788436
ACC-10007441,CUS-20007441,Sofia Bennett,238 Park Avenue,CF10 7SG,1982-03-14,42,2024-11-05,employed,29,service,living_with_family,172,2,1,41800.0,2685.64,293.22,705.75,1686.67,0.0842,13700.0,other,90,verified,web,1,1,0,pass,pass,275,4,0.5381,1,0,0,none,0,0,0,0,0,0,0,0,0,0,0,0,743,0,0,Known Good,0.0,Known good/bad,0,Known good,0.0,5.153291594497779,0.027829658745077653,589.653156169062
ACC-10007443,CUS-20007443,Theo Foster,170 Church Street,PL24 3LV,1970-01-20,54,2024-07-17,employed,101,service,private_tenant,65,1,0,32900.0,2123.72,313.67,586.96,1223.09,0.1144,7000.0,major_purchase,122,verified,web,1,2,0,pass,pass,145,1,0.2752,2,0,0,full,0,0,0,0,0,0,0,0,0,0,0,0,844,0,0,Known Good,0.0,Known good/bad,0,Known good,0.0,4.189654742026425,0.030767101110346765,586.6705352346796
ACC-10007444,CUS-20007444,Noah Roberts,80 Church Street,LS10 4VT,1991-04-12,33,2024-08-10,employed,39,skilled,homeowner_outright,33,1,2,8400.0,551.27,463.3,144.64,-56.67,0.6619,5600.0,major_purchase,40,partially_verified,web,4,1,0,pass,pass,99,0,0.3516,1,0,0,full,1,0,0,1,0,0,1,0,1,1,1,0,872,0,6,Known Bad,1.0,Known good/bad,1,Known bad,1.0,3.5263605246161616,0.07480221418619505,559.6950548625274
ACC-10007447,CUS-20007447,Ava Khan,245 Kingfisher Way,EH18 5AX,1997-10-31,26,2024-10-24,employed,33,professional,homeowner_mortgage,50,3,1,38400.0,2578.46,123.65,875.13,1579.68,0.0386,7400.0,car,193,not_verified,web,8,0,0,pass,pass,67,4,0.1838,0,0,0,full,0,0,0,0,0,0,0,0,0,0,0,0,868,0,0,Known Good,0.0,Known good/bad,0,Known good,0.0,3.9318256327243257,0.02166037664278218,597.0669789717166
ACC-10007450,CUS-20007450,George Davies,228 Park Avenue,NR21 6LB,2004-08-11,20,2024-11-11,employed,133,professional,private_tenant,40,1,0,20400.0,1216.33,200.31,398.87,617.15,0.1178,17500.0,home_improvement,65,verified,web,23,1,0,pass,pass,12,5,0.0013,1,0,0,none,1,1,1,1,1,0,0,1,0,0,0,1,889,0,7,Known Bad,1.0,Known good/bad,1,Known bad,0.0,3.713572066704308,0.02344954319925874,594.7241334761109
ACC-10007451,CUS-20007451,Daniel Wilson,11 Willow Drive,BS13 2XL,1990-02-07,34,2024-09-14,part_time,54,service,private_tenant,40,2,0,46000.0,2950.53,230.33,1041.09,1679.11,0.0601,3200.0,other,244,verified,mobile,20,2,0,pass,pass,185,3,0.6386,2,0,0,partial,0,0,0,0,0,0,0,0,0,0,0,0,744,0,0,Known Good,0.0,Known good/bad,0,Known good,0.0,3.713572066704308,0.04261924896716649,576.9131906907626
ACC-10007454,CUS-20007454,Jack Evans,173 Victoria Road,NE29 7PH,1979-02-11,45,2024-10-06,employed,77,managerial,homeowner_outright,58,2,0,46500.0,2773.75,241.69,29.82,2502.24,0.0624,4300.0,debt_consolidation,12,verified,branch,5,1,0,pass,pass,288,9,0.3067,1,0,1,full,0,0,0,0,0,0,0,0,0,0,0,0,777,0,0,Known Good,0.0,Known good/bad,0,Known good,0.0,4.07753744390572,0.02711967850301171,590.4198834532828
ACC-10007456,CUS-20007456,Maya Bennett,26 Highfield Gardens,CF11 1QE,1971-06-22,53,2024-12-17,employed,39,manual,homeowner_mortgage,19,2,3,36100.0,2318.64,294.13,565.58,1458.93,0.0978,6000.0,car,35,verified,telephone,8,2,0,pass,pass,132,3,0.5626,2,0,0,full,0,0,0,0,0,0,0,0,0,0,0,0,845,0,0,Known Good,0.0,Known good/bad,0,Known good,0.0,2.995732273553991,0.046248276282137894,574.4457213690628
ACC-10007465,CUS-20007465,Oliver Evans,23 Park Avenue,G25 4NG,1986-05-02,38,2024-12-28,employed,54,skilled,private_tenant,69,3,0,22900.0,1417.44,331.49,446.32,639.63,0.1737,3900.0,other,55,verified,web,1,1,0,pass,pass,181,1,0.1009,1,0,0,none,0,0,0,0,0,0,0,0,0,0,0,0,953,0,0,Known Good,0.0,Known good/bad,0,Known good,0.0,4.248495242049359,0.02423922617937671,593.7451149964178
ACC-10007467,CUS-20007467,Isla Morgan,134 Highfield Gardens,LS28 9JD,1958-07-28,66,2024-12-19,retired,115,not_working,living_with_family,13,4,3,28700.0,1789.91,178.9,658.6,952.41,0.0748,7000.0,home_improvement,70,verified,web,6,1,0,pass,pass,415,5,0.335,1,0,0,none,0,0,0,0,0,0,0,0,0,0,0,0,801,0,0,Known Good,0.0,Known good/bad,0,Known good,0.0,2.6390573296152584,0.035332590163932524,582.542080365875
ACC-10007472,CUS-20007472,Isla Roberts,125 Kingfisher Way,G14 3JS,1985-07-03,39,2024-10-10,self_employed,15,administrative,homeowner_outright,40,3,2,28300.0,1790.59,122.49,171.83,1496.27,0.0519,2600.0,home_improvement,196,verified,mobile,23,0,0,pass,refer,107,0,0.4679,0,0,0,full,0,0,0,0,0,0,0,0,0,0,0,0,840,0,0,Known Good,0.0,Known good/bad,0,Known good,0.0,3.713572066704308,0.028460147537334488,588.9880388104947
ACC-10007480,CUS-20007480,Aisha Morgan,6 Park Avenue,CF5 1WG,2006-04-30,18,2024-11-19,employed,135,skilled,private_tenant,106,1,2,55000.0,3582.8,348.86,964.67,2269.27,0.0761,30000.0,debt_consolidation,29,verified,mobile,18,0,0,pass,pass,0,3,0.3398,0,0,0,full,0,0,0,0,0,0,0,0,0,0,0,0,934,0,0,Known Good,0.0,Known good/bad,0,Known good,0.0,4.672828834461906,0.022353260214162063,596.1379980338312
ACC-10007481,CUS-20007481,Aisha Patel,88 Willow Drive,RG6 4NP,1983-05-21,41,2024-07-02,employed,29,service,homeowner_mortgage,94,3,0,35300.0,2221.81,62.71,586.43,1572.67,0.0213,9300.0,major_purchase,31,verified,mobile,3,5,0,pass,pass,258,4,0.4069,5,0,0,partial,0,0,0,0,0,0,0,0,0,0,0,0,737,0,0,Known Good,0.0,Known good/bad,0,Known good,0.0,4.553876891600541,0.044629359075470644,575.5227871930981
ACC-10007489,CUS-20007489,Isla Morgan,164 Kingfisher Way,RG16 6YW,1982-01-24,42,2024-09-25,employed,67,professional,private_tenant,90,2,3,14600.0,894.18,315.48,1099.73,-521.03,0.2593,14800.0,home_improvement,165,verified,mobile,23,2,0,pass,pass,200,4,0.3343,2,0,0,full,0,0,0,0,0,0,0,0,0,0,0,0,832,0,0,Known Good,0.0,Known good/bad,0,Known good,1.0,4.51085950651685,0.05433425424056796,569.5508046801453
ACC-10007492,CUS-20007492,Freya Morgan,231 Church Street,NE28 5VY,1973-07-03,51,2024-09-10,employed,16,managerial,homeowner_outright,81,1,2,24300.0,1612.41,471.39,85.52,1055.5,0.2328,4600.0,other,55,verified,mobile,18,3,1,pass,pass,192,0,0.5512,3,0,0,full,0,0,0,0,0,0,0,0,0,0,0,0,826,0,0,Known Good,0.0,Known good/bad,0,Known good,0.0,4.406719247264253,0.04584646511088768,574.7096566967424
ACC-10007497,CUS-20007497,Priya Jones,117 Highfield Gardens,PL26 4XT,1987-07-14,37,2024-12-16,self_employed,23,managerial,private_tenant,83,2,1,124000.0,8107.57,240.99,914.93,6951.65,0.0233,7200.0,other,88,verified,web,18,1,0,pass,pass,71,4,0.4631,1,0,0,full,0,0,0,0,0,0,0,0,0,0,0,0,849,0,0,Known Good,0.0,Known good/bad,0,Known good,0.0,4.430816798843313,0.028209657072717532,589.2505574582794
ACC-10007500,CUS-20007500,Freya Lewis,87 Victoria Road,NE22 4QJ,1991-09-24,33,2024-11-27,part_time,76,not_working,private_tenant,33,2,0,27700.0,1773.1,172.74,950.36,650.0,0.0748,5600.0,car,83,verified,web,21,2,1,pass,pass,138,3,0.4409,2,0,0,full,0,0,0,0,0,0,0,0,0,0,0,0,812,0,0,Known Good,0.0,Known good/bad,0,Known good,0.0,3.5263605246161616,0.037969636019989234,580.3861633100439
ACC-10007503,CUS-20007503,Noah Davies,243 Park Avenue,S17 7GG,1969-11-13,55,2024-12-19,employed,45,not_working,homeowner_mortgage,27,2,1,55700.0,3616.47,425.17,454.07,2737.23,0.0916,17400.0,major_purchase,45,verified,web,19,1,1,pass,pass,296,2,0.2617,1,0,0,full,0,0,0,0,0,0,0,0,0,0,0,0,878,0,0,Known Good,0.0,Known good/bad,0,Known good,0.0,3.332204510175204,0.030157438905258148,587.2661711615981
ACC-10007505,CUS-20007505,Maya Hughes,147 Mill View,G16 8QA,1970-09-01,54,2024-10-22,self_employed,35,service,living_with_family,63,3,1,33500.0,2145.68,84.39,867.41,1193.88,0.0302,5800.0,car,176,verified,branch,17,0,0,pass,pass,417,3,0.4122,0,0,1,partial,0,0,0,0,0,0,0,0,0,0,0,0,825,0,0,Known Good,0.0,Known good/bad,0,Known good,0.0,4.1588830833596715,0.02492238071551867,592.9229416596622
ACC-10007523,CUS-20007523,Ava Morgan,2 Victoria Road,S11 1GX,1987-07-18,36,2024-07-13,self_employed,40,service,homeowner_mortgage,65,1,3,106200.0,7165.99,490.82,1192.33,5482.84,0.0555,8100.0,debt_consolidation,74,verified,telephone,6,1,1,pass,pass,124,2,0.7477,1,0,0,full,0,0,0,0,0,0,0,0,0,0,0,0,720,0,0,Known Good,0.0,Known good/bad,0,Known good,0.0,4.189654742026425,0.037643840098601986,580.6445804075258
ACC-10007525,CUS-20007525,Adam Evans,142 Station Lane,EH25 9LF,1984-08-22,40,2024-11-25,employed,63,manual,private_tenant,137,3,2,41800.0,2708.4,156.48,883.16,1668.76,0.0449,3700.0,other,60,verified,mobile,17,1,0,pass,pass,97,3,0.5798,1,0,0,partial,0,0,0,0,0,0,0,0,0,0,0,0,788,0,0,Known Good,0.0,Known good/bad,0,Known good,0.0,4.927253685157205,0.029015007308980455,588.4144322134591
ACC-10007526,CUS-20007526,Sofia Foster,49 Highfield Gardens,CF22 1TV,1981-08-07,43,2024-11-29,retired,28,service,private_tenant,54,1,0,21800.0,1361.2,470.95,265.62,624.63,0.2592,6100.0,home_improvement,63,verified,branch,10,2,1,pass,pass,204,5,0.6679,2,0,0,partial,0,0,0,0,0,0,0,0,0,0,0,0,768,0,0,Known Good,0.0,Known good/bad,0,Known good,0.0,4.007333185232471,0.047916436637627104,573.3727896723442
ACC-10007527,CUS-20007527,Aisha Khan,118 Station Lane,NG6 9GQ,1995-04-04,29,2024-09-12,retired,124,professional,social_tenant,61,2,0,39400.0,2489.94,242.65,912.46,1334.83,0.0739,6000.0,car,21,verified,telephone,21,3,1,pass,pass,109,5,0.068,3,0,0,full,0,0,0,0,0,0,0,0,0,0,0,0,822,0,0,Known Good,0.0,Known good/bad,0,Known good,0.0,4.127134385045092,0.029197694621258125,588.2278995534833
ACC-10007530,CUS-20007530,Daniel Taylor,237 Station Lane,EH2 5BG,1978-07-20,46,2024-08-22,employed,29,managerial,private_tenant,31,1,0,24500.0,1470.12,425.96,180.0,864.16,0.2086,21500.0,debt_consolidation,78,verified,mobile,21,2,0,pass,pass,140,5,0.4812,2,0,1,full,0,0,0,0,0,0,0,0,0,0,0,0,810,0,0,Known Good,0.0,Known good/bad,0,Known good,0.0,3.4657359027997265,0.043534035158350755,576.2728357594883
ACC-10007532,CUS-20007532,Noah Foster,78 Park Avenue,CF28 1NT,2003-05-16,21,2024-10-05,retired,32,administrative,private_tenant,14,2,1,32900.0,1972.65,33.7,476.37,1462.58,0.0123,14400.0,car,91,verified,web,19,0,0,pass,pass,35,5,0.5163,0,0,1,none,0,0,0,0,0,0,0,0,0,0,0,0,827,0,0,Known Good,0.0,Known good/bad,0,Known good,0.0,2.70805020110221,0.03383595016995608,583.835663499678
ACC-10007538,CUS-20007538,Sofia Green,33 Meadow Close,NE19 3FS,1971-08-14,52,2024-07-28,employed,59,manual,social_tenant,33,3,0,105600.0,6122.49,95.8,1122.78,4903.91,0.0109,2500.0,other,134,verified,web,14,0,0,pass,pass,391,4,0.7758,0,0,0,partial,0,0,0,0,0,0,0,0,0,0,0,0,818,0,0,Known Good,0.0,Known good/bad,0,Known good,0.0,3.5263605246161616,0.036393524960126995,581.656684005546
ACC-10007539,CUS-20007539,Oliver Roberts,249 Kingfisher Way,S9 6AR,1970-01-05,54,2024-09-20,employed,135,administrative,homeowner_mortgage,74,2,1,24000.0,1513.1,179.82,496.69,836.59,0.0899,14000.0,debt_consolidation,87,verified,mobile,2,0,0,pass,pass,175,2,0.0826,0,0,0,full,0,0,0,0,0,0,0,0,0,0,0,0,855,0,0,Known Good,0.0,Known good/bad,0,Known good,0.0,4.31748811353631,0.019454661480022506,600.2308073504566
ACC-10007545,CUS-20007545,Priya Lewis,182 Park Avenue,LS22 9NT,1980-10-19,43,2024-08-12,employed,66,manual,social_tenant,103,2,0,30900.0,1934.22,20.0,791.16,1123.06,0.0078,8400.0,debt_consolidation,157,verified,web,23,2,0,pass,pass,95,1,0.2515,2,0,1,partial,0,0,0,0,0,0,0,0,0,0,0,0,725,0,0,Known Good,0.0,Known good/bad,0,Known good,0.0,4.6443908991413725,0.025965235521615435,591.7092771639948
ACC-10007559,CUS-20007559,Theo Hughes,57 Park Avenue,M23 6JY,1982-10-21,41,2024-10-05,employed,88,manual,homeowner_outright,25,2,0,23100.0,1443.46,169.65,31.05,1242.76,0.0881,9600.0,car,69,partially_verified,telephone,7,2,0,pass,pass,194,4,0.3696,2,1,2,partial,0,0,0,0,0,0,0,0,0,0,0,0,736,0,0,Known Good,0.0,Known good/bad,0,Known good,0.0,3.258096538021482,0.06357222389781003,564.7368615017008
ACC-10007563,CUS-20007563,Noah Patel,93 Highfield Gardens,EH13 7HG,1956-12-09,67,2024-11-28,employed,89,manual,homeowner_mortgage,103,3,4,20900.0,1388.38,85.8,1054.4,248.18,0.0493,7900.0,car,69,partially_verified,mobile,23,3,0,pass,pass,517,4,0.391,3,0,0,full,0,0,0,0,0,0,0,0,0,0,0,0,818,0,0,Known Good,0.0,Known good/bad,0,Known good,0.0,4.6443908991413725,0.03411964298450475,583.5862769724911
ACC-10007579,CUS-20007579,Daniel Khan,91 Station Lane,M20 2UW,1988-08-29,36,2024-12-17,employed,56,managerial,homeowner_mortgage,90,1,2,34000.0,2110.76,261.0,848.29,1001.47,0.0921,3200.0,education,130,verified,mobile,6,2,0,pass,pass,204,3,0.3297,2,0,0,full,0,0,0,0,0,0,0,0,0,0,0,0,916,0,0,Known Good,0.0,Known good/bad,0,Known good,0.0,4.51085950651685,0.011092346487413881,616.6868624614256
ACC-10007580,CUS-20007580,Jack Wilson,134 Highfield Gardens,EH27 9ND,1975-10-28,48,2024-10-20,employed,83,not_working,homeowner_mortgage,32,5,1,27600.0,1768.89,435.73,758.39,574.77,0.1894,3700.0,major_purchase,55,verified,web,0,0,0,pass,pass,228,0,0.6624,0,0,0,full,0,0,0,0,0,0,0,0,0,0,0,0,785,0,0,Known Good,0.0,Known good/bad,0,Known good,0.0,3.4965075614664802,0.0379751427827943,580.3818137488712
ACC-10007583,CUS-20007583,Aisha Foster,229 Station Lane,NR25 2AL,1992-04-26,32,2024-10-29,retired,101,manual,living_with_family,52,5,1,55800.0,3298.9,562.68,1411.54,1324.68,0.121,8900.0,debt_consolidation,87,verified,web,0,2,1,fail,pass,164,4,0.2066,2,0,0,partial,0,0,0,0,0,0,0,0,0,0,0,0,900,0,0,Known Good,0.0,Known good/bad,0,Known good,0.0,3.970291913552122,0.0303278469168635,587.0985175809542
ACC-10007591,CUS-20007591,Isla Patel,1 Willow Drive,M19 1NR,1988-07-30,35,2024-07-25,unemployed,60,managerial,homeowner_mortgage,30,2,0,10100.0,609.88,554.63,679.4,-624.15,0.659,10500.0,major_purchase,34,verified,branch,7,1,0,pass,pass,66,2,0.1484,1,0,0,full,0,1,1,0,0,0,1,0,0,1,1,0,892,0,5,Known Bad,1.0,Known good/bad,1,Known bad,1.0,3.4339872044851463,0.06482966152537097,564.1329407195226
ACC-10007598,CUS-20007598,Adam Bennett,103 Church Street,OX4 3UA,2001-06-22,23,2024-11-02,employed,51,managerial,homeowner_mortgage,104,2,1,38300.0,2599.92,331.14,747.85,1520.93,0.1038,7200.0,debt_consolidation,123,verified,mobile,11,0,0,refer,pass,54,8,0.1413,0,0,0,full,0,0,0,0,0,0,0,0,0,0,0,0,853,0,0,Known Good,0.0,Known good/bad,0,Known good,0.0,4.653960350157523,0.019498941706138608,600.163905360683
ACC-10007605,CUS-20007605,Oliver Foster,176 Church Street,LS4 4VF,1980-06-18,44,2024-09-19,part_time,178,administrative,homeowner_mortgage,38,2,0,9000.0,564.14,219.25,1254.06,-909.17,0.2923,6700.0,debt_consolidation,35,verified,mobile,4,1,0,fail,pass,211,7,0.07,1,0,0,full,0,0,0,0,0,0,0,0,0,0,0,0,857,0,0,Known Good,0.0,Known good/bad,0,Known good,1.0,3.6635616461296463,0.04548084003743508,574.9517432168798
ACC-10007606,CUS-20007606,Oliver Lewis,194 Victoria Road,PL16 7UD,1967-12-08,56,2024-07-01,employed,141,service,private_tenant,107,1,1,81600.0,5011.73,460.07,921.14,3630.52,0.0677,7500.0,debt_consolidation,132,not_verified,mobile,1,1,0,fail,pass,370,7,0.182,1,0,0,full,0,0,0,0,0,0,0,0,0,0,0,0,902,0,0,Known Good,0.0,Known good/bad,0,Known good,0.0,4.68213122712422,0.02231956755612896,596.1825161728203
ACC-10007608,CUS-20007608,Adam Bennett,160 Mill View,NR5 1YJ,1967-06-08,57,2024-11-30,unemployed,22,service,homeowner_mortgage,113,2,1,14800.0,949.74,434.37,1013.65,-498.28,0.3522,4200.0,car,162,verified,telephone,16,0,1,pass,pass,201,6,0.7372,0,0,0,full,0,0,0,0,0,0,0,0,0,0,0,0,768,0,0,Known Good,0.0,Known good/bad,0,Known good,1.0,4.736198448394496,0.05917902175069945,566.938125721955
ACC-10007610,CUS-20007610,Freya Davies,68 Meadow Close,G17 5SL,1989-09-01,35,2024-09-05,employed,74,not_working,homeowner_outright,8,2,0,43500.0,2775.54,405.44,139.5,2230.6,0.1118,6500.0,major_purchase,127,verified,web,17,1,0,pass,pass,164,3,0.7919,1,0,0,full,0,0,0,0,0,0,0,0,0,0,0,0,785,0,0,Known Good,0.0,Known good/bad,0,Known good,0.0,2.1972245773362196,0.055729237531787386,568.7767618154023
ACC-10007613,CUS-20007613,George Patel,169 Willow Drive,PL16 1JN,1973-07-24,50,2024-07-13,employed,72,administrative,homeowner_outright,132,2,0,17800.0,1150.83,185.11,149.17,816.55,0.1248,7100.0,education,139,verified,branch,12,1,1,pass,pass,203,1,0.18,1,0,1,full,0,0,0,0,0,0,0,0,0,0,0,0,851,0,0,Known Good,0.0,Known good/bad,0,Known good,0.0,4.890349128221754,0.008254894305736579,625.2943925877976
ACC-10007624,CUS-20007624,Noah Wilson,137 Willow Drive,LS17 9LQ,1978-12-11,45,2024-10-28,unemployed,0,administrative,social_tenant,6,2,3,11900.0,752.84,465.67,829.39,-542.22,0.4696,7200.0,debt_consolidation,97,verified,mobile,20,1,1,pass,pass,224,6,0.7862,1,0,0,full,0,0,0,0,0,0,0,0,0,0,0,0,824,0,0,Known Good,0.0,Known good/bad,0,Known good,1.0,1.9459101490553132,0.11545817244908298,545.8740776232094
ACC-10007628,CUS-20007628,George Morgan,14 Meadow Close,PL19 6EV,1973-02-17,51,2024-12-21,self_employed,9,administrative,homeowner_outright,216,6,3,61700.0,3906.57,414.53,124.72,3367.32,0.0806,13100.0,major_purchase,23,verified,telephone,9,2,0,refer,pass,373,5,0.6183,2,0,0,none,0,0,0,0,0,0,0,0,0,0,0,0,766,0,0,Known Good,0.0,Known good/bad,0,Known good,0.0,5.37989735354046,0.03254546918676265,584.9961810056327
ACC-10007629,CUS-20007629,Sofia Bennett,110 Mill View,OX11 9WV,1970-03-20,54,2024-09-01,employed,120,manual,homeowner_mortgage,45,3,0,47500.0,3039.96,440.58,1065.9,1533.48,0.1113,13300.0,major_purchase,26,verified,mobile,2,1,0,pass,pass,211,8,0.225,1,0,0,full,0,0,0,0,0,0,0,0,0,0,0,0,898,0,0,Known Good,0.0,Known good/bad,0,Known good,0.0,3.828641396489095,0.027403941922652966,590.110584335046
ACC-10007636,CUS-20007636,Noah Taylor,100 Meadow Close,S8 4QT,1990-05-26,34,2024-12-04,employed,24,not_working,homeowner_mortgage,66,1,1,64200.0,4105.88,620.48,920.83,2564.57,0.116,4100.0,debt_consolidation,19,verified,mobile,7,0,0,pass,pass,120,1,0.4666,0,0,0,full,0,0,0,0,0,0,0,0,0,0,0,0,810,0,0,Known Good,0.0,Known good/bad,0,Known good,0.0,4.204692619390966,0.0274912091772048,590.0162566462344
ACC-10007649,CUS-20007649,Noah Clarke,92 Park Avenue,L13 1DW,1973-12-11,50,2024-09-13,employed,32,administrative,private_tenant,56,4,0,23500.0,1433.34,346.77,180.0,906.57,0.1771,2700.0,debt_consolidation,28,partially_verified,mobile,7,2,0,fail,pass,365,8,0.5142,2,0,0,partial,0,0,0,0,0,0,0,0,0,0,0,0,811,0,0,Known Good,0.0,Known good/bad,0,Known good,0.0,4.04305126783455,0.03983040402054569,578.9498208946778
ACC-10007650,CUS-20007650,Oliver Jones,181 Station Lane,OX9 8XG,1971-11-18,53,2024-11-25,employed,55,service,homeowner_mortgage,179,2,0,22700.0,1481.55,41.77,1774.78,-335.0,0.0221,12900.0,car,21,verified,web,6,1,1,pass,pass,151,5,0.315,1,0,0,none,0,0,0,0,0,0,0,0,0,0,0,0,850,0,0,Known Good,0.0,Known good/bad,0,Known good,1.0,5.19295685089021,0.03561643337270129,582.3027184007794
ACC-10007652,CUS-20007652,George Clarke,225 Station Lane,RG14 6TA,1992-07-11,32,2024-12-06,employed,62,service,homeowner_mortgage,36,2,1,23900.0,1584.17,112.04,620.52,851.61,0.0563,4100.0,education,92,verified,telephone,0,1,0,pass,pass,84,3,0.3541,1,0,3,full,0,0,0,0,0,0,0,0,0,0,0,0,805,0,0,Known Good,0.0,Known good/bad,0,Known good,0.0,3.6109179126442243,0.011180262801550128,616.4565069001295
ACC-10007656,CUS-20007656,Amelia Green,89 Mill View,RG25 3TT,1982-07-03,42,2024-08-27,self_employed,86,skilled,living_with_family,66,2,0,24900.0,1593.93,370.95,792.35,430.63,0.1788,7800.0,car,118,verified,mobile,17,0,0,refer,pass,119,2,0.5866,0,0,0,full,0,0,0,0,0,0,0,0,0,0,0,0,864,0,0,Known Good,0.0,Known good/bad,0,Known good,0.0,4.204692619390966,0.03165371751845282,585.8244002169874
ACC-10007660,CUS-20007660,Priya Lewis,149 Mill View,BS4 4VR,1989-11-15,34,2024-11-06,employed,25,not_working,homeowner_mortgage,18,1,0,16100.0,1035.65,258.74,1072.71,-295.8,0.1928,3900.0,car,16,verified,telephone,22,2,0,pass,pass,171,5,0.2079,2,0,1,none,0,0,0,0,0,0,0,0,0,0,0,0,835,0,0,Known Good,0.0,Known good/bad,0,Known good,1.0,2.9444389791664403,0.06019541877916458,566.4155802362253
ACC-10007664,CUS-20007664,Leo Patel,178 Oak Road,SO9 1RF,1978-09-26,45,2024-08-13,part_time,14,managerial,homeowner_outright,118,2,1,23600.0,1417.61,153.2,121.09,1143.32,0.0779,8500.0,debt_consolidation,109,partially_verified,mobile,5,2,0,pass,pass,135,1,0.0721,2,1,1,full,0,0,0,0,0,0,0,0,0,0,0,0,838,0,0,Known Good,0.0,Known good/bad,0,Known good,0.0,4.77912349311153,0.039298898041627825,579.3534137662652
ACC-10007668,CUS-20007668,Priya Morgan,64 Highfield Gardens,NE8 8TV,1992-04-04,32,2024-10-08,employed,67,service,living_with_family,252,3,2,55000.0,3451.77,725.58,211.85,2514.34,0.1583,4200.0,home_improvement,178,verified,mobile,4,2,0,pass,refer,141,5,0.5207,2,1,2,full,0,0,0,0,0,0,0,0,0,0,0,0,701,0,0,Known Good,0.0,Known good/bad,0,Known good,0.0,5.53338948872752,0.05244904127423322,570.627180720183
ACC-10007671,CUS-20007671,Priya Roberts,139 Victoria Road,PL26 4XJ,1972-02-04,52,2024-09-02,employed,50,skilled,private_tenant,142,2,0,129300.0,8357.58,268.01,677.64,7411.93,0.0249,9600.0,home_improvement,44,not_verified,web,22,2,0,pass,pass,227,1,0.6451,2,0,0,none,0,0,0,0,0,0,0,0,0,0,0,0,783,0,0,Known Good,0.0,Known good/bad,0,Known good,0.0,4.962844630259907,0.034172024717378964,583.5404485194014
ACC-10007689,CUS-20007689,Noah Hughes,198 Willow Drive,NR20 7VW,1994-09-23,30,2024-10-08,employed,15,managerial,homeowner_mortgage,38,3,0,25100.0,1595.27,163.45,552.58,879.24,0.0781,10700.0,home_improvement,35,verified,web,6,0,0,pass,pass,140,1,0.1103,0,0,0,partial,0,0,0,0,0,0,0,0,0,0,0,0,887,0,0,Known Good,0.0,Known good/bad,0,Known good,0.0,3.6635616461296463,0.021953182575444825,596.670906547522
ACC-10007700,CUS-20007700,Ava Davies,198 Church Street,BS22 7JJ,1975-10-10,48,2024-09-29,employed,47,skilled,private_tenant,75,2,0,22400.0,1409.6,41.67,1039.63,328.3,0.0223,13600.0,major_purchase,28,partially_verified,telephone,18,2,0,pass,pass,181,3,0.1041,2,0,1,full,0,0,0,0,0,0,0,0,0,0,0,0,842,0,0,Known Good,0.0,Known good/bad,0,Known good,0.0,4.330733340286331,0.02453791404028315,593.38290186984
ACC-10007701,CUS-20007701,Daniel Roberts,96 Church Street,CF3 2SW,1977-10-16,46,2024-09-26,employed,64,skilled,homeowner_mortgage,103,2,0,35900.0,2224.19,510.09,251.65,1462.45,0.1705,3700.0,home_improvement,48,verified,mobile,12,3,0,refer,pass,132,2,0.2697,3,0,0,full,0,0,0,0,0,0,0,0,0,0,0,0,800,0,0,Known Good,0.0,Known good/bad,0,Known good,0.0,4.6443908991413725,0.033797456696333675,583.8696573915968
ACC-10007715,CUS-20007715,Maya Foster,183 Oak Road,G11 7LD,1972-03-16,52,2024-10-10,employed,25,managerial,private_tenant,40,4,0,43500.0,2772.28,447.48,408.55,1916.25,0.1234,10000.0,other,41,verified,mobile,20,1,0,pass,pass,222,4,0.3088,1,0,0,full,0,0,0,0,0,0,0,0,0,0,0,0,880,0,0,Known Good,0.0,Known good/bad,0,Known good,0.0,3.713572066704308,0.0301151585086765,587.3079102575865
ACC-10007716,CUS-20007716,George Morgan,35 Victoria Road,S7 9JX,1976-10-28,48,2024-11-15,unemployed,11,administrative,homeowner_mortgage,118,2,2,17500.0,1103.21,738.28,1186.05,-821.12,0.5062,13800.0,major_purchase,35,verified,mobile,16,1,0,pass,pass,331,5,0.221,1,0,1,full,0,0,0,0,0,0,0,0,0,0,0,0,863,0,0,Known Good,0.0,Known good/bad,0,Known good,1.0,4.77912349311153,0.049850978075895225,572.1720779772153
ACC-10007718,CUS-20007718,Aisha Jones,4 Oak Road,PL4 8FS,1980-07-04,44,2024-08-31,employed,21,administrative,living_with_family,82,3,0,30100.0,2033.1,1096.86,651.44,284.8,0.4373,2600.0,debt_consolidation,107,verified,telephone,0,0,0,pass,pass,225,3,0.7249,0,0,0,full,0,0,0,0,0,0,0,0,0,0,0,0,896,0,0,Known Good,0.0,Known good/bad,0,Known good,0.0,4.418840607796598,0.04105150927011878,578.0417992997362
ACC-10007719,CUS-20007719,Sofia Wilson,72 Kingfisher Way,BS27 5XU,1978-04-16,46,2024-12-11,unemployed,62,managerial,private_tenant,53,5,2,15900.0,974.79,703.5,669.28,-397.99,0.5309,19000.0,home_improvement,28,not_verified,telephone,15,0,0,pass,pass,164,2,0.4345,0,0,0,partial,0,0,0,0,0,0,0,0,0,0,0,0,849,0,0,Known Good,0.0,Known good/bad,0,Known good,1.0,3.9889840465642745,0.059660955449644566,566.6893169083846
ACC-10007722,CUS-20007722,Isla Foster,35 Oak Road,G16 4FS,1993-07-19,31,2024-08-20,employed,100,manual,homeowner_mortgage,44,1,0,18700.0,1194.33,442.06,880.25,-127.98,0.2837,3200.0,car,55,verified,web,11,1,0,pass,pass,156,1,0.2757,1,0,0,full,0,0,0,0,0,0,0,0,0,0,0,0,854,0,0,Known Good,0.0,Known good/bad,0,Known good,1.0,3.8066624897703196,0.05190344631158956,570.9455112101357
ACC-10007729,CUS-20007729,Leo Khan,239 Willow Drive,NR23 9ND,1972-05-11,52,2024-11-13,self_employed,49,service,living_with_family,22,1,0,16300.0,1113.83,213.18,1596.81,-696.16,0.1569,10800.0,car,62,verified,branch,22,1,1,pass,pass,315,1,0.036,1,1,1,none,0,0,0,0,0,0,0,0,0,0,0,0,781,0,0,Known Good,0.0,Known good/bad,0,Known good,1.0,3.1354942159291497,0.07325255351960476,560.3473817706272
ACC-10007739,CUS-20007739,Adam Jones,213 Station Lane,CF13 3QG,2006-02-01,18,2024-10-01,part_time,52,managerial,private_tenant,96,2,1,15500.0,1059.17,219.35,741.18,98.64,0.1698,6000.0,debt_consolidation,27,verified,web,5,3,0,pass,pass,0,3,0.6317,3,0,0,full,0,0,0,0,0,0,0,0,0,0,0,0,753,0,0,Known Good,0.0,Known good/bad,0,Known good,1.0,4.574710978503383,0.07220894637214137,560.7938849634033
ACC-10007742,CUS-20007742,Oliver Patel,53 Mill View,NG20 7VW,1981-05-07,43,2024-08-28,employed,39,skilled,private_tenant,27,2,1,14600.0,908.73,695.01,459.86,-246.14,0.5712,7100.0,debt_consolidation,85,verified,web,0,2,0,pass,pass,202,7,0.3976,2,0,0,full,0,0,0,0,0,0,0,0,0,0,0,0,822,0,0,Known Good,0.0,Known good/bad,0,Known good,1.0,3.332204510175204,0.0850094599661413,555.684106750803
ACC-10007747,CUS-20007747,George Hughes,93 Victoria Road,CF18 1JY,1974-07-19,50,2024-12-25,employed,124,skilled,homeowner_mortgage,43,1,0,23100.0,1508.0,459.58,299.38,749.04,0.2387,7500.0,education,10,partially_verified,mobile,18,2,0,pass,pass,194,4,0.4308,2,0,0,full,0,0,0,0,0,0,0,0,0,0,0,0,845,0,0,Known Good,0.0,Known good/bad,0,Known good,0.0,3.784189633918261,0.015113879643020618,607.643095704617
ACC-10007760,CUS-20007760,Jack Hughes,131 Kingfisher Way,SO22 9SY,1990-10-31,33,2024-09-17,part_time,25,professional,private_tenant,9,5,0,34800.0,2277.63,50.26,478.54,1748.83,0.0173,8000.0,debt_consolidation,36,verified,mobile,13,3,0,pass,pass,116,5,0.3443,3,0,0,full,0,0,0,0,0,0,0,0,0,0,0,0,850,0,0,Known Good,0.0,Known good/bad,0,Known good,0.0,2.302585092994046,0.04681059408745743,574.0799949451066
ACC-10007762,CUS-20007762,Sofia Green,8 Willow Drive,CF7 7JG,1993-07-10,30,2024-07-02,employed,107,not_working,homeowner_outright,47,2,0,36900.0,2295.22,20.0,39.05,2236.17,0.0065,4600.0,debt_consolidation,40,verified,web,10,0,1,pass,refer,78,2,0.7186,0,0,0,full,0,0,0,0,0,0,0,0,0,0,0,0,789,0,0,Known Good,0.0,Known good/bad,0,Known good,0.0,3.871201010907891,0.03279097610364207,584.7720152428906
ACC-10007768,CUS-20007768,George Jones,181 Mill View,B20 5PQ,1970-10-30,53,2024-10-25,unemployed,0,administrative,homeowner_mortgage,52,2,1,15100.0,995.25,43.93,566.18,385.14,0.0349,16400.0,other,39,verified,web,21,2,0,pass,pass,187,1,0.0851,2,0,0,full,0,0,0,0,0,0,0,0,0,0,0,0,839,0,0,Known Good,0.0,Known good/bad,0,Known good,0.0,3.970291913552122,0.025864165850944684,591.8248039616813
ACC-10007769,CUS-20007769,Adam Roberts,185 Oak Road,NR22 6UT,1977-09-24,46,2024-08-20,employed,106,manual,private_tenant,55,7,1,59200.0,3681.84,238.12,855.82,2587.9,0.0483,6100.0,major_purchase,16,verified,mobile,18,0,0,pass,pass,120,1,0.7376,0,1,1,partial,0,0,0,0,0,0,0,0,0,0,0,0,700,0,0,Known Good,0.0,Known good/bad,0,Known good,0.0,4.02535169073515,0.05640540148974418,568.4081148138782
ACC-10007771,CUS-20007771,Noah Patel,38 Willow Drive,OX5 8HU,1986-03-31,38,2024-10-30,employed,20,service,homeowner_mortgage,26,2,0,43100.0,2846.71,405.4,1080.84,1360.47,0.1129,5900.0,car,59,partially_verified,mobile,23,0,0,pass,pass,212,1,0.3382,0,1,2,full,0,0,0,0,0,0,0,0,0,0,0,0,794,0,0,Known Good,0.0,Known good/bad,0,Known good,0.0,3.295836866004329,0.04853809721404423,572.9820048605491
ACC-10007773,CUS-20007773,Oliver Khan,232 Meadow Close,B17 8HU,1994-10-13,29,2024-09-01,part_time,25,professional,living_with_family,166,2,1,38900.0,2449.54,514.14,1401.77,533.63,0.1586,5100.0,debt_consolidation,110,verified,mobile,18,2,0,refer,pass,128,5,0.3766,2,0,0,full,0,0,1,1,1,0,0,1,0,1,0,1,817,0,6,Known Bad,1.0,Known good/bad,1,Known bad,0.0,5.117993812416755,0.029623416879029252,587.797571700311
ACC-10007778,CUS-20007778,Ava Davies,157 Victoria Road,G3 7UR,1981-10-16,43,2024-12-06,employed,68,skilled,homeowner_mortgage,29,2,0,26600.0,1622.02,885.33,964.04,-227.35,0.3994,4000.0,debt_consolidation,33,verified,telephone,12,0,1,pass,pass,167,4,0.7089,0,0,0,partial,0,0,0,0,0,0,0,0,0,0,0,0,779,0,0,Known Good,0.0,Known good/bad,0,Known good,1.0,3.4011973816621555,0.0737003825730171,560.1575742918951
ACC-10007784,CUS-20007784,Ava Evans,76 Willow Drive,B14 7JT,1978-03-18,46,2024-08-02,part_time,21,professional,homeowner_outright,70,3,0,11000.0,667.88,188.81,39.63,439.44,0.206,6400.0,car,116,verified,web,19,4,1,pass,pass,305,4,0.2006,4,0,0,full,0,0,0,0,0,0,0,0,0,0,0,0,920,0,0,Known Good,0.0,Known good/bad,0,Known good,0.0,4.2626798770413155,0.03978650880534644,578.9829560144376
ACC-10007802,CUS-20007802,Oliver Jones,163 Church Street,G29 7WT,1986-02-05,38,2024-09-02,self_employed,81,service,living_with_family,60,4,0,49400.0,3195.99,219.75,1092.0,1884.24,0.0534,2400.0,debt_consolidation,115,verified,branch,3,0,0,refer,pass,214,3,0.2496,0,0,0,none,0,0,0,0,0,0,0,0,0,0,0,0,839,0,0,Known Good,0.0,Known good/bad,0,Known good,0.0,4.110873864173311,0.02241791570024361,596.0527520141657
ACC-10007803,CUS-20007803,George Patel,145 Highfield Gardens,S28 6HN,1986-03-10,38,2024-11-20,employed,106,service,homeowner_mortgage,303,2,2,16100.0,983.93,73.28,1409.19,-498.54,0.0546,13500.0,education,183,verified,telephone,6,2,0,pass,pass,140,8,0.5125,2,0,0,full,0,0,0,0,0,0,0,0,0,0,0,0,697,0,0,Known Good,0.0,Known good/bad,0,Known good,1.0,5.717027701406222,0.01664885935395125,604.8071048131827
ACC-10007808,CUS-20007808,Ava Khan,99 Highfield Gardens,EH24 2LJ,1987-09-16,37,2024-11-20,employed,16,skilled,social_tenant,75,1,3,33200.0,2151.08,63.87,768.32,1318.89,0.0231,8600.0,car,25,verified,web,0,2,0,fail,pass,203,1,0.2771,2,0,0,none,0,0,0,0,0,0,0,0,0,0,0,0,824,0,0,Known Good,0.0,Known good/bad,0,Known good,0.0,4.330733340286331,0.0281998828831797,589.2608468089838
ACC-10007810,CUS-20007810,Noah Wilson,114 Park Avenue,B29 3RE,1984-12-18,40,2024-12-18,employed,58,manual,homeowner_outright,32,5,0,19000.0,1223.46,252.27,171.85,799.34,0.1593,5400.0,debt_consolidation,105,partially_verified,mobile,2,1,0,pass,pass,190,6,0.3,1,0,0,full,0,0,0,0,0,0,0,0,0,0,0,0,776,0,0,Known Good,0.0,Known good/bad,0,Known good,0.0,3.4965075614664802,0.03178532631322589,585.7007592932424
ACC-10007820,CUS-20007820,Adam Evans,48 Mill View,BS9 8QJ,1980-05-26,44,2024-09-24,employed,85,administrative,homeowner_mortgage,23,4,0,33600.0,2187.72,217.01,936.59,1034.12,0.0775,8400.0,debt_consolidation,73,verified,mobile,0,0,0,pass,pass,180,4,0.4202,0,0,0,full,0,0,0,0,0,0,0,0,0,0,0,0,856,0,0,Known Good,0.0,Known good/bad,0,Known good,0.0,3.1780538303479458,0.03044084858650276,586.9878449218271
ACC-10007821,CUS-20007821,Priya Jones,130 Park Avenue,BS15 7FR,1969-01-08,55,2024-11-15,self_employed,31,administrative,living_with_family,99,4,0,34300.0,2070.35,506.62,703.68,860.05,0.1772,8300.0,home_improvement,99,partially_verified,telephone,18,1,0,refer,refer,197,1,0.6075,1,0,0,full,0,0,0,0,0,0,0,0,0,0,0,0,839,0,0,Known Good,0.0,Known good/bad,0,Known good,0.0,4.605170185988092,0.0343668128779709,583.3706220045121
ACC-10007824,CUS-20007824,Theo Khan,27 Highfield Gardens,L13 2UJ,1978-05-28,46,2024-10-11,employed,63,skilled,homeowner_mortgage,10,4,0,24700.0,1536.44,176.25,796.03,564.16,0.0856,5300.0,car,115,partially_verified,mobile,12,0,0,pass,pass,139,3,0.5352,0,0,0,full,0,0,0,0,0,0,0,0,0,0,0,0,840,0,0,Known Good,0.0,Known good/bad,0,Known good,0.0,2.3978952727983707,0.038051749841324055,580.3213677975862
ACC-10007828,CUS-20007828,Theo Roberts,180 Meadow Close,L18 7LS,1956-12-29,68,2024-12-28,employed,40,managerial,social_tenant,194,3,1,30500.0,1967.23,62.83,535.22,1369.18,0.0247,3600.0,home_improvement,66,verified,telephone,9,1,0,pass,pass,285,4,0.3056,1,0,0,full,0,0,0,1,0,1,0,0,0,0,1,0,868,0,3,Known Bad,1.0,Known good/bad,1,Known bad,0.0,5.272999558563747,0.02169390942270534,597.0213553314229
ACC-10007832,CUS-20007832,Sofia Davies,229 Church Street,EH29 9SL,1974-05-30,50,2024-08-02,employed,90,not_working,homeowner_mortgage,75,2,2,29900.0,1952.1,106.61,598.27,1247.22,0.0428,11800.0,car,34,verified,branch,18,3,0,refer,pass,125,4,0.8167,3,0,1,full,0,0,0,0,0,0,0,0,0,0,0,0,700,0,0,Known Good,0.0,Known good/bad,0,Known good,0.0,4.330733340286331,0.049951278798957326,572.1110358628137
ACC-10007837,CUS-20007837,Sofia Lewis,92 Station Lane,M15 1NR,1961-09-22,63,2024-11-15,retired,38,service,living_with_family,85,3,0,36200.0,2253.8,689.31,470.59,1093.9,0.2285,7700.0,home_improvement,86,not_verified,telephone,0,1,1,pass,pass,428,4,0.6207,1,0,1,full,0,0,0,0,0,0,0,0,0,0,0,0,792,0,0,Known Good,0.0,Known good/bad,0,Known good,0.0,4.454347296253507,0.03691399139606156,581.231376178862
ACC-10007840,CUS-20007840,Isla Davies,156 Mill View,M23 6YV,1988-01-10,36,2024-11-03,self_employed,17,skilled,private_tenant,47,4,1,12000.0,800.71,265.35,1347.77,-812.41,0.2654,7100.0,car,44,verified,web,20,0,0,pass,pass,125,5,0.1805,0,0,2,partial,0,0,0,0,0,0,0,0,0,0,0,0,865,0,0,Known Good,0.0,Known good/bad,0,Known good,1.0,3.871201010907891,0.04133860103121099,577.8320736272248
ACC-10007845,CUS-20007845,Aisha Hughes,214 Victoria Road,G10 8VY,1996-08-15,28,2024-12-17,employed,25,administrative,private_tenant,45,3,0,24500.0,1641.61,736.39,297.76,607.46,0.3607,6000.0,major_purchase,88,verified,branch,22,0,0,pass,pass,75,8,0.3615,0,0,0,full,0,0,0,0,0,0,0,0,0,0,0,0,915,0,0,Known Good,0.0,Known good/bad,0,Known good,0.0,3.828641396489095,0.032046668923045196,585.45669983651
ACC-10007846,CUS-20007846,Freya Bennett,212 Oak Road,NR13 4QQ,1977-01-23,47,2024-12-30,employed,77,skilled,homeowner_outright,38,2,1,43900.0,2820.32,314.22,111.66,2394.44,0.0859,4600.0,car,182,verified,web,11,0,0,pass,pass,260,5,0.3168,0,1,2,full,0,0,0,0,0,0,0,0,0,0,0,0,776,0,0,Known Good,0.0,Known good/bad,0,Known good,0.0,3.6635616461296463,0.04415980924178096,575.8421479142065
ACC-10007847,CUS-20007847,Daniel Foster,230 Highfield Gardens,B24 6BB,1960-04-25,64,2024-12-02,employed,100,managerial,homeowner_mortgage,42,3,0,30900.0,1852.69,370.09,381.15,1101.45,0.1437,4100.0,debt_consolidation,74,partially_verified,branch,8,2,1,pass,pass,237,1,0.572,2,0,0,full,0,0,0,0,0,0,0,0,0,0,0,0,885,0,0,Known Good,0.0,Known good/bad,0,Known good,0.0,3.7612001156935624,0.04259059876381743,576.9334573084943
ACC-10007855,CUS-20007855,Ava Hughes,32 Oak Road,B14 3AP,1999-01-10,25,2024-11-20,employed,24,not_working,homeowner_outright,42,3,2,36300.0,2270.0,228.22,21.09,2020.69,0.0754,2100.0,home_improvement,144,verified,mobile,13,3,0,pass,pass,52,4,0.5198,3,0,1,full,1,0,1,0,0,0,0,0,0,0,1,0,786,0,3,Known Bad,1.0,Known good/bad,1,Known bad,0.0,3.7612001156935624,0.044353758303109954,575.7098442698382
ACC-10007862,CUS-20007862,Noah Davies,182 Park Avenue,PL29 3AF,2005-10-03,18,2024-08-27,part_time,64,professional,homeowner_mortgage,163,2,1,37000.0,2451.78,251.99,737.08,1462.71,0.0817,16900.0,other,42,verified,mobile,20,0,0,pass,pass,0,6,0.2282,0,0,0,full,0,0,0,0,0,0,0,0,0,0,0,0,847,0,0,Known Good,0.0,Known good/bad,0,Known good,0.0,5.099866427824199,0.019129541871493606,600.7266439305239
ACC-10007863,CUS-20007863,Freya Roberts,187 Mill View,NR13 3TW,1995-09-14,28,2024-07-19,employed,53,managerial,social_tenant,49,1,1,30500.0,1916.78,222.78,585.6,1108.4,0.0877,13200.0,car,85,verified,web,19,3,0,pass,pass,84,3,0.1064,3,0,2,full,0,0,0,0,0,0,0,0,0,0,0,0,890,0,0,Known Good,0.0,Known good/bad,0,Known good,0.0,3.912023005428146,0.03148528559046075,585.9833623820507
ACC-10007871,CUS-20007871,Jack Evans,179 Kingfisher Way,M23 2WX,1973-01-11,51,2024-08-11,self_employed,43,manual,homeowner_mortgage,44,3,0,41900.0,2611.52,105.01,963.26,1543.25,0.0301,8300.0,major_purchase,124,verified,web,18,1,0,pass,pass,237,1,0.5204,1,0,1,full,0,0,0,0,0,0,0,0,0,0,0,0,767,0,0,Known Good,0.0,Known good/bad,0,Known good,0.0,3.8066624897703196,0.03283306208062897,584.7337505564357
ACC-10007879,CUS-20007879,Theo Green,38 Highfield Gardens,OX23 1UV,1988-06-28,36,2024-12-13,employed,59,administrative,homeowner_outright,35,1,1,16400.0,1021.09,74.48,165.08,781.53,0.0545,7500.0,car,58,partially_verified,web,20,1,1,pass,pass,83,5,0.3484,1,0,0,partial,0,0,0,0,0,0,0,0,0,0,0,0,928,0,0,Known Good,0.0,Known good/bad,0,Known good,0.0,3.58351893845611,0.030208469580313004,587.2158692615529
ACC-10007885,CUS-20007885,Theo Wilson,147 Mill View,G7 6JP,1964-08-05,60,2024-08-31,self_employed,86,professional,homeowner_mortgage,10,1,1,28300.0,1719.27,102.63,337.32,1279.32,0.0435,3400.0,car,132,verified,web,1,0,0,pass,pass,331,2,0.323,0,0,0,full,0,0,0,0,0,0,0,0,0,0,0,0,874,0,0,Known Good,0.0,Known good/bad,0,Known good,0.0,2.3978952727983707,0.031196576197112608,586.2577633146584
ACC-10007891,CUS-20007891,Priya Khan,114 Kingfisher Way,L12 8QS,1965-10-16,59,2024-10-28,employed,18,skilled,homeowner_mortgage,52,5,1,43700.0,2839.76,445.63,1330.86,1063.27,0.1224,2600.0,car,99,verified,web,15,1,1,pass,pass,245,3,0.1332,1,0,0,partial,0,0,0,0,0,0,0,0,0,0,0,0,904,0,0,Known Good,0.0,Known good/bad,0,Known good,0.0,3.970291913552122,0.025081462857209923,592.7346416941458
ACC-10007896,CUS-20007896,George Foster,142 Station Lane,G27 5JR,1955-06-21,69,2024-12-21,part_time,44,skilled,private_tenant,23,1,1,37500.0,2420.73,276.67,1000.23,1143.83,0.0885,12200.0,education,100,verified,web,23,0,0,pass,pass,412,2,0.1553,0,0,0,partial,0,0,0,0,0,0,0,0,0,0,0,0,900,0,0,Known Good,0.0,Known good/bad,0,Known good,0.0,3.1780538303479458,0.009143031533075604,622.3200844386339
ACC-10007898,CUS-20007898,Adam Lewis,161 Mill View,SO27 7RP,1993-01-21,31,2024-09-26,unemployed,67,skilled,homeowner_mortgage,47,4,1,11100.0,710.69,526.24,1116.04,-931.59,0.5689,21900.0,debt_consolidation,60,verified,web,18,2,1,pass,pass,103,2,0.3834,2,0,0,none,0,1,1,0,0,0,0,0,0,0,1,1,795,0,4,Known Bad,1.0,Known good/bad,1,Known bad,1.0,3.871201010907891,0.07729579800538744,558.6710028821215
ACC-10007902,CUS-20007902,Isla Shah,45 Highfield Gardens,RG26 6NE,1965-05-31,59,2024-08-18,unemployed,21,skilled,homeowner_outright,176,1,1,16100.0,1044.95,158.82,47.73,838.4,0.1184,4200.0,debt_consolidation,122,verified,web,22,1,0,pass,pass,227,6,0.1998,1,0,0,full,0,0,0,0,0,0,0,0,0,0,0,0,984,0,0,Known Good,0.0,Known good/bad,0,Known good,0.0,5.176149732573829,0.021666678647416716,597.0583993955554
ACC-10007903,CUS-20007903,Leo Khan,227 Church Street,NG23 9EP,1973-02-01,51,2024-09-29,employed,223,not_working,homeowner_mortgage,17,1,0,16600.0,1099.4,148.02,414.57,536.81,0.107,4100.0,debt_consolidation,49,verified,telephone,9,1,0,pass,pass,145,5,0.5903,1,2,4,full,0,0,0,0,0,0,0,0,0,0,0,0,694,0,0,Known Good,0.0,Known good/bad,0,Known good,0.0,2.8903717578961645,0.11684718491186215,545.4836785463815
ACC-10007911,CUS-20007911,Amelia Foster,163 Meadow Close,CF25 9GL,1959-11-10,65,2024-11-28,employed,57,managerial,homeowner_outright,44,2,0,26000.0,1637.57,32.89,169.75,1434.93,0.0152,7200.0,education,14,verified,web,0,2,0,pass,pass,254,0,0.6099,2,0,1,full,0,0,0,0,0,0,0,0,0,0,0,0,777,0,0,Known Good,0.0,Known good/bad,0,Known good,0.0,3.8066624897703196,0.014785338811416318,608.2868539688382
ACC-10007915,CUS-20007915,Theo Hughes,108 Victoria Road,BS26 8GR,1983-12-29,40,2024-07-09,employed,100,administrative,homeowner_mortgage,189,1,1,28100.0,1716.81,378.37,747.91,590.53,0.1616,5300.0,home_improvement,89,verified,mobile,12,0,0,pass,pass,99,3,0.4333,0,0,1,full,0,0,0,0,0,0,0,0,0,0,0,0,814,0,0,Known Good,0.0,Known good/bad,0,Known good,0.0,5.247024072160486,0.02334235462211523,594.8594948010656
ACC-10007918,CUS-20007918,Adam Wilson,139 Meadow Close,NR24 2JE,1973-03-22,51,2024-09-18,employed,30,manual,social_tenant,79,2,1,20500.0,1267.51,233.14,536.99,497.38,0.1365,3900.0,car,23,partially_verified,mobile,0,0,0,pass,pass,202,7,0.1695,0,0,0,full,0,0,0,0,0,0,0,0,0,0,0,0,866,0,0,Known Good,0.0,Known good/bad,0,Known good,0.0,4.382026634673881,0.021357238787153718,597.4825817912188
ACC-10007919,CUS-20007919,Theo Shah,227 Meadow Close,NG18 4BD,1965-10-25,58,2024-08-06,employed,116,not_working,living_with_family,77,2,1,57500.0,3722.83,128.39,433.0,3161.44,0.0268,2500.0,car,265,verified,mobile,18,3,1,pass,pass,428,8,0.5704,3,0,0,full,0,0,0,0,0,0,0,0,0,0,0,0,801,0,0,Known Good,0.0,Known good/bad,0,Known good,0.0,4.356708826689592,0.040534427922137024,578.4231032640331
ACC-10007929,CUS-20007929,Priya Wilson,55 Church Street,G15 3QU,1975-01-01,49,2024-12-02,employed,52,administrative,homeowner_mortgage,63,4,1,27500.0,1851.54,165.37,689.18,996.99,0.0722,6300.0,debt_consolidation,27,verified,mobile,5,0,0,pass,pass,135,4,0.145,0,1,1,full,0,0,0,0,0,0,0,0,0,0,0,0,869,0,0,Known Good,0.0,Known good/bad,0,Known good,0.0,4.1588830833596715,0.03526200515109472,582.6018915251223
ACC-10007942,CUS-20007942,Jack Davies,22 Park Avenue,OX1 1YG,1986-05-02,38,2024-07-14,employed,55,service,homeowner_mortgage,57,1,0,50900.0,3306.64,92.27,1057.14,2157.23,0.0218,4100.0,education,67,verified,mobile,19,0,1,pass,pass,153,1,0.4667,0,0,0,full,0,0,0,0,0,0,0,0,0,0,0,0,845,0,0,Known Good,0.0,Known good/bad,0,Known good,0.0,4.060443010546419,0.00969360089144338,620.6168455418571
ACC-10007943,CUS-20007943,Leo Foster,143 Mill View,SO22 2PB,1956-04-27,68,2024-12-20,employed,76,administrative,homeowner_mortgage,84,3,0,17300.0,1127.83,633.43,1434.59,-940.19,0.4394,15800.0,debt_consolidation,113,verified,web,10,1,0,pass,pass,220,1,0.8559,1,0,0,partial,0,0,0,0,0,0,0,0,0,0,0,0,746,0,0,Known Good,0.0,Known good/bad,0,Known good,1.0,4.442651256490317,0.08175245368406327,556.9138601857317
ACC-10007945,CUS-20007945,Oliver Green,198 Church Street,NE17 2EA,2006-08-17,18,2024-11-13,employed,68,professional,living_with_family,76,2,0,20900.0,1325.65,590.31,1017.98,-282.64,0.3389,11600.0,debt_consolidation,119,verified,web,14,2,1,pass,pass,0,4,0.1466,2,1,1,full,0,0,0,0,0,0,0,0,0,0,0,0,836,0,0,Known Good,0.0,Known good/bad,0,Known good,1.0,4.343805421853684,0.08487952672616861,555.7323395215661
ACC-10007948,CUS-20007948,Aisha Shah,117 Kingfisher Way,NE1 6PV,1976-02-14,48,2024-09-26,employed,105,administrative,living_with_family,107,2,0,34300.0,2161.96,374.33,704.3,1083.33,0.131,10300.0,car,61,verified,web,10,2,0,pass,pass,327,1,0.4196,2,0,0,full,0,0,0,0,0,0,0,0,0,0,0,0,766,0,0,Known Good,0.0,Known good/bad,0,Known good,0.0,4.68213122712422,0.0322533084016748,585.2650844429442
ACC-10007949,CUS-20007949,Isla Khan,106 Mill View,LS28 6NB,1978-01-16,46,2024-07-14,unemployed,42,professional,private_tenant,22,2,2,9000.0,557.79,448.73,430.09,-321.03,0.5983,6500.0,debt_consolidation,44,verified,mobile,6,1,1,pass,pass,271,7,0.3929,1,0,0,full,0,0,0,0,0,0,0,0,0,0,0,0,942,0,0,Known Good,0.0,Known good/bad,0,Known good,1.0,3.1354942159291497,0.07849126157969821,558.1907540760127
ACC-10007953,CUS-20007953,Isla Roberts,208 Mill View,L2 2YU,1973-03-13,51,2024-09-02,employed,20,not_working,living_with_family,68,1,0,19100.0,1132.66,111.95,982.06,38.65,0.0703,3900.0,debt_consolidation,82,partially_verified,mobile,18,2,1,pass,pass,253,3,0.3883,2,0,0,full,0,0,0,0,0,0,0,0,0,0,0,0,798,0,0,Known Good,0.0,Known good/bad,0,Known good,1.0,4.23410650459726,0.05184380171791328,570.9805027331786
ACC-10007960,CUS-20007960,Freya Foster,219 Victoria Road,G15 3FF,1988-04-16,36,2024-07-06,self_employed,180,managerial,private_tenant,18,4,2,30500.0,2012.23,174.17,1156.37,681.69,0.0685,8500.0,education,215,partially_verified,web,2,1,0,pass,pass,119,2,0.6279,1,0,0,full,0,0,0,0,0,0,0,0,0,0,0,0,870,0,0,Known Good,0.0,Known good/bad,0,Known good,0.0,2.9444389791664403,0.01572429721307383,606.4827769681341
ACC-10007965,CUS-20007965,Adam Davies,97 Oak Road,NG17 2QW,1969-04-26,55,2024-07-26,employed,62,skilled,private_tenant,94,2,0,15300.0,1004.24,309.59,897.35,-202.7,0.2428,6400.0,car,130,verified,web,20,1,0,pass,pass,407,1,0.7546,1,2,2,full,0,0,0,0,0,0,0,0,0,0,0,0,583,0,0,Known Good,0.0,Known good/bad,0,Known good,1.0,4.553876891600541,0.17164478489568102,532.5393468485363
ACC-10007967,CUS-20007967,Isla Khan,129 Meadow Close,S24 3RG,1963-10-22,61,2024-12-03,employed,66,professional,homeowner_mortgage,37,3,1,18500.0,1159.01,295.27,721.83,141.91,0.1915,12500.0,car,118,verified,web,7,2,0,pass,pass,479,4,0.5825,2,0,0,full,0,0,0,0,0,0,0,0,0,0,0,0,746,0,0,Known Good,0.0,Known good/bad,0,Known good,1.0,3.6375861597263857,0.07196421795207031,560.8994517832282
ACC-10007969,CUS-20007969,Daniel Lewis,158 Church Street,NR12 9FA,1980-06-08,44,2024-10-15,retired,50,professional,homeowner_mortgage,41,3,0,36100.0,2292.81,21.73,332.13,1938.95,0.0072,3600.0,major_purchase,28,not_verified,web,3,1,1,pass,pass,271,1,0.2544,1,0,0,full,0,0,0,0,0,0,0,0,0,0,0,0,820,0,0,Known Good,0.0,Known good/bad,0,Known good,0.0,3.7376696182833684,0.026412931733197,591.2027493328537
ACC-10007971,CUS-20007971,Sofia Shah,188 Church Street,LS9 7YL,1993-09-04,30,2024-07-13,employed,30,service,private_tenant,36,1,0,44100.0,2856.37,273.37,1033.45,1549.55,0.0744,2900.0,debt_consolidation,110,not_verified,web,2,0,0,pass,pass,127,5,0.5853,0,0,0,full,0,0,0,0,0,0,0,0,0,0,0,0,816,0,0,Known Good,0.0,Known good/bad,0,Known good,0.0,3.6109179126442243,0.03229631452901946,585.2253543872278
ACC-10007974,CUS-20007974,Isla Wilson,17 Meadow Close,NE13 5UG,1971-06-06,53,2024-12-23,employed,46,service,living_with_family,57,2,1,31100.0,2004.94,202.81,352.45,1449.68,0.0783,9600.0,debt_consolidation,69,partially_verified,telephone,2,0,0,pass,pass,390,4,0.2429,0,0,0,full,0,0,0,0,0,0,0,0,0,0,0,0,944,0,0,Known Good,0.0,Known good/bad,0,Known good,0.0,4.060443010546419,0.022891710930950222,595.4353014030378
ACC-10007975,CUS-20007975,Ava Clarke,106 Park Avenue,NR16 7QN,1964-08-28,60,2024-12-12,employed,31,administrative,homeowner_mortgage,48,2,2,18900.0,1142.29,74.65,894.38,173.26,0.0474,8800.0,home_improvement,90,verified,mobile,11,0,1,pass,pass,477,2,0.8023,0,0,0,full,0,0,0,0,0,0,0,0,0,0,0,0,778,0,0,Known Good,0.0,Known good/bad,0,Known good,0.0,3.8918202981106265,0.03596672966742741,582.0098371213508
ACC-10007981,CUS-20007981,Theo Taylor,236 Church Street,EH7 7RS,1984-04-03,40,2024-07-11,employed,14,service,social_tenant,54,3,0,74700.0,4776.02,321.59,770.25,3684.18,0.0517,22100.0,home_improvement,93,verified,telephone,14,2,0,pass,pass,160,4,0.1744,2,0,0,none,0,0,0,0,0,0,0,0,0,0,0,0,864,0,0,Known Good,0.0,Known good/bad,0,Known good,0.0,4.007333185232471,0.02795012228489077,589.5249530643388
ACC-10007982,CUS-20007982,Sofia Morgan,11 Victoria Road,L11 2DL,1979-04-18,45,2024-07-02,employed,79,manual,homeowner_mortgage,45,3,0,27700.0,1774.86,220.23,564.09,990.54,0.0954,8800.0,debt_consolidation,15,verified,mobile,3,1,0,pass,pass,105,3,0.6172,1,0,0,full,0,0,0,0,0,0,0,0,0,0,0,0,757,0,0,Known Good,0.0,Known good/bad,0,Known good,0.0,3.828641396489095,0.03702067719129015,581.1449088047315
ACC-10007983,CUS-20007983,Isla Hughes,207 Station Lane,B24 5QR,1978-08-08,46,2024-10-04,part_time,8,managerial,living_with_family,5,2,0,107700.0,6804.56,667.97,463.48,5673.11,0.0744,7100.0,major_purchase,38,partially_verified,mobile,0,0,1,pass,pass,176,1,0.2588,0,0,1,full,1,0,0,0,1,1,1,0,0,1,1,0,833,0,6,Known Bad,1.0,Known good/bad,1,Known bad,0.0,1.791759469228055,0.03343132455600637,584.1948725962652
ACC-10007986,CUS-20007986,Daniel Lewis,95 Station Lane,B29 2JW,1984-01-28,40,2024-09-01,employed,125,manual,homeowner_outright,66,2,0,35000.0,2268.92,63.2,5.52,2200.2,0.0217,6100.0,debt_consolidation,87,verified,web,0,2,0,pass,pass,249,4,0.4244,2,0,0,partial,0,0,0,0,0,0,0,0,0,0,0,0,832,0,0,Known Good,0.0,Known good/bad,0,Known good,0.0,4.204692619390966,0.03233729966071901,585.187538936435
ACC-10007990,CUS-20007990,Amelia Jones,103 Highfield Gardens,G17 4AY,1998-04-15,26,2024-12-14,employed,85,administrative,living_with_family,58,3,1,25000.0,1554.64,205.72,342.86,1006.06,0.0987,1700.0,home_improvement,68,verified,web,10,2,0,pass,pass,31,6,0.3703,2,0,0,full,0,0,0,0,0,0,0,0,0,0,0,0,794,0,0,Known Good,0.0,Known good/bad,0,Known good,0.0,4.07753744390572,0.03341532777637852,584.2091599279565
ACC-10007991,CUS-20007991,Noah Evans,70 Kingfisher Way,OX24 1TN,1994-03-19,30,2024-12-26,employed,21,managerial,private_tenant,20,1,3,28900.0,1774.67,261.51,345.46,1167.7,0.1086,6000.0,debt_consolidation,102,verified,mobile,22,0,0,pass,refer,131,1,0.2825,0,0,0,full,0,0,0,0,0,0,0,0,0,0,0,0,936,0,0,Known Good,0.0,Known good/bad,0,Known good,0.0,3.044522437723423,0.02850137913012799,588.945042450431
ACC-10007994,CUS-20007994,Noah Taylor,87 Church Street,NG11 3TB,1978-12-31,45,2024-07-06,self_employed,61,managerial,homeowner_mortgage,30,2,0,21300.0,1377.8,111.66,749.0,517.14,0.0629,2500.0,car,111,verified,web,6,0,0,pass,pass,169,4,0.2173,0,1,2,full,0,0,0,0,0,0,0,0,0,0,0,0,770,0,0,Known Good,0.0,Known good/bad,0,Known good,0.0,3.4339872044851463,0.041675452347184526,577.5877674151246
ACC-10008000,CUS-20008000,Priya Khan,79 Meadow Close,G25 7PV,1994-07-29,30,2024-11-30,employed,26,not_working,homeowner_mortgage,254,6,0,37200.0,2201.87,189.27,1740.37,272.23,0.0611,12200.0,debt_consolidation,27,verified,web,11,1,0,fail,pass,52,1,0.012,1,1,1,full,0,0,0,0,0,0,0,0,0,0,0,0,839,0,0,Known Good,0.0,Known good/bad,0,Known good,0.0,5.541263545158426,0.028697821070024235,588.7410180223931
ACC-10008001,CUS-20008001,Sofia Clarke,186 Highfield Gardens,PL3 9FG,1967-09-10,56,2024-07-26,employed,128,managerial,homeowner_mortgage,58,1,0,15400.0,982.79,281.28,431.25,270.26,0.2192,6700.0,debt_consolidation,73,verified,mobile,21,0,0,pass,pass,224,0,0.3754,0,0,0,full,0,0,0,0,0,0,0,0,0,0,0,0,887,0,0,Known Good,0.0,Known good/bad,0,Known good,0.0,4.07753744390572,0.028108458676624155,589.3572576762479
ACC-10008006,CUS-20008006,Daniel Taylor,91 Meadow Close,PL9 1QR,1989-08-05,35,2024-10-08,retired,30,skilled,private_tenant,53,2,2,24700.0,1659.95,256.17,848.5,555.28,0.1245,2900.0,home_improvement,50,verified,mobile,0,3,0,pass,pass,72,5,0.3498,3,0,0,partial,0,0,0,0,0,0,0,0,0,0,0,0,774,0,0,Known Good,0.0,Known good/bad,0,Known good,0.0,3.9889840465642745,0.03872970427917669,579.7914714611376
ACC-10008008,CUS-20008008,Aisha Foster,55 Victoria Road,S4 9GU,1980-03-26,44,2024-07-13,employed,16,manual,homeowner_mortgage,158,2,0,31300.0,2041.94,329.03,491.93,1220.98,0.1261,2400.0,other,32,partially_verified,mobile,10,1,1,pass,refer,281,3,0.3153,1,0,1,full,0,0,0,0,0,0,0,0,0,0,0,0,794,0,0,Known Good,0.0,Known good/bad,0,Known good,0.0,5.0689042022202315,0.02432923856606638,593.6355026199074
ACC-10008012,CUS-20008012,Oliver Hughes,69 Church Street,CF6 5HA,1991-08-20,33,2024-12-24,employed,91,professional,homeowner_mortgage,69,3,0,23300.0,1554.8,123.57,580.45,850.78,0.0636,11700.0,car,52,verified,web,1,1,1,pass,pass,153,1,0.5257,1,0,1,full,0,0,0,0,0,0,0,0,0,0,0,0,834,0,0,Known Good,0.0,Known good/bad,0,Known good,0.0,4.248495242049359,0.031443768642761945,586.0226714975689
ACC-10008015,CUS-20008015,Noah Jones,84 Meadow Close,B11 2AF,1969-01-03,55,2024-07-11,employed,59,managerial,homeowner_outright,212,6,1,19000.0,1259.26,277.95,169.66,811.65,0.1755,13200.0,debt_consolidation,170,verified,telephone,19,3,0,pass,pass,283,4,0.5571,3,0,0,full,0,0,0,0,0,0,0,0,0,0,0,0,734,0,0,Known Good,0.0,Known good/bad,0,Known good,0.0,5.3612921657094255,0.037949162997185266,580.4023394084638
ACC-10008016,CUS-20008016,Jack Roberts,89 Victoria Road,S19 7WN,1993-11-22,30,2024-11-19,employed,88,not_working,homeowner_mortgage,102,1,3,27100.0,1813.94,146.97,845.67,821.3,0.0651,3800.0,debt_consolidation,61,verified,web,11,3,0,pass,pass,53,4,0.1526,3,0,0,full,0,0,0,0,0,0,0,0,0,0,0,0,861,0,0,Known Good,0.0,Known good/bad,0,Known good,0.0,4.634728988229636,0.02858490927709092,588.85812184312
ACC-10008020,CUS-20008020,Oliver Bennett,113 Park Avenue,RG5 6TS,1989-03-07,35,2024-08-20,employed,54,service,private_tenant,40,3,0,32200.0,1933.89,359.97,1000.77,573.15,0.1342,8300.0,car,32,verified,web,9,3,1,pass,pass,167,4,0.3568,3,0,0,full,0,0,0,0,0,0,0,0,0,0,0,0,765,0,0,Known Good,0.0,Known good/bad,0,Known good,0.0,3.713572066704308,0.040987416649121776,578.0888117501224
ACC-10008022,CUS-20008022,Leo Shah,178 Station Lane,EH10 9AB,1982-03-07,42,2024-08-11,employed,169,managerial,homeowner_mortgage,56,3,0,46200.0,2841.85,25.39,1061.64,1754.82,0.0066,10200.0,car,10,verified,web,7,1,1,pass,pass,92,6,0.3231,1,0,0,partial,0,0,0,0,0,0,0,0,0,0,0,0,840,0,0,Known Good,0.0,Known good/bad,0,Known good,0.0,4.04305126783455,0.026541357639832366,591.0589884592041
ACC-10008025,CUS-20008025,Daniel Bennett,92 Meadow Close,B1 4WL,2001-02-16,23,2024-07-14,employed,132,service,homeowner_mortgage,142,2,0,26100.0,1540.84,171.48,614.37,754.99,0.0788,6000.0,major_purchase,19,partially_verified,web,1,1,0,pass,pass,49,3,0.3018,1,0,0,partial,0,0,0,0,0,0,0,0,0,0,0,0,868,0,0,Known Good,0.0,Known good/bad,0,Known good,0.0,4.962844630259907,0.02366269542884463,594.4567427907082
ACC-10008028,CUS-20008028,Aisha Bennett,84 Willow Drive,S28 8WU,1966-03-21,58,2024-12-17,employed,115,managerial,social_tenant,154,1,0,25200.0,1588.64,192.33,263.99,1132.32,0.0916,5900.0,debt_consolidation,16,verified,branch,5,1,1,pass,pass,186,1,0.3521,1,0,2,partial,0,0,0,0,0,0,0,0,0,0,0,0,874,0,0,Known Good,0.0,Known good/bad,0,Known good,0.0,5.043425116919247,0.024541981379840143,593.3779992090658
ACC-10008036,CUS-20008036,George Shah,69 Mill View,L19 6BE,1979-09-17,45,2024-09-20,employed,201,professional,private_tenant,55,2,0,70900.0,4447.86,573.46,1017.53,2856.87,0.0971,11900.0,home_improvement,73,verified,branch,6,0,1,pass,pass,108,2,0.4538,0,0,1,full,0,0,0,0,0,0,0,0,0,0,0,0,782,0,0,Known Good,0.0,Known good/bad,0,Known good,0.0,4.02535169073515,0.02763704372330506,589.8592707167483
ACC-10008045,CUS-20008045,Freya Patel,135 Oak Road,PL4 8PE,1962-07-19,62,2024-08-22,part_time,1,not_working,private_tenant,100,2,1,70500.0,4350.29,850.99,1163.8,2335.5,0.1448,15800.0,debt_consolidation,68,verified,mobile,21,0,0,pass,pass,514,2,0.5401,0,1,1,partial,0,0,0,0,0,0,0,0,0,0,0,0,786,0,0,Known Good,0.0,Known good/bad,0,Known good,0.0,4.61512051684126,0.047130061011161475,573.8740732906726
ACC-10008046,CUS-20008046,Oliver Bennett,99 Willow Drive,G14 7GU,1986-08-08,38,2024-09-11,employed,22,not_working,private_tenant,10,3,0,25600.0,1583.69,448.37,915.89,219.43,0.2102,10000.0,car,37,verified,web,14,0,0,pass,pass,150,6,0.7529,0,0,0,full,0,0,0,0,0,0,0,0,0,0,0,0,820,0,0,Known Good,0.0,Known good/bad,0,Known good,0.0,2.3978952727983707,0.04933459733452925,572.4881965818323
ACC-10008050,CUS-20008050,Noah Patel,187 Church Street,NE28 3XU,1968-06-10,56,2024-08-21,self_employed,46,manual,homeowner_outright,75,3,0,50800.0,3076.79,778.76,13.15,2284.88,0.184,5200.0,home_improvement,93,verified,branch,21,1,0,pass,pass,370,3,0.6403,1,0,0,full,0,0,0,0,0,0,0,0,0,0,0,0,811,0,0,Known Good,0.0,Known good/bad,0,Known good,0.0,4.330733340286331,0.03704828186034324,581.1225746193803
ACC-10008056,CUS-20008056,Amelia Lewis,106 Kingfisher Way,BS15 9RP,2000-02-02,24,2024-08-13,employed,152,service,private_tenant,150,1,1,46600.0,2996.07,81.84,571.84,2342.39,0.0211,7500.0,car,25,verified,web,21,2,0,pass,pass,36,3,0.3749,2,0,0,full,0,0,0,0,0,0,0,0,0,0,0,0,734,0,0,Known Good,0.0,Known good/bad,0,Known good,0.0,5.017279836814924,0.027233427380107374,590.2957399863045
ACC-10008061,CUS-20008061,Theo Foster,55 Kingfisher Way,PL20 7RW,1967-09-22,57,2024-12-20,employed,83,managerial,private_tenant,46,2,0,45500.0,2866.22,122.13,465.14,2278.95,0.0322,500.0,debt_consolidation,70,verified,branch,7,0,0,pass,pass,341,1,0.2405,0,1,1,full,0,0,0,0,0,0,0,0,0,0,0,0,865,0,0,Known Good,0.0,Known good/bad,0,Known good,0.0,3.8501476017100584,0.038844578384087156,579.7025678021328
ACC-10008064,CUS-20008064,Freya Green,72 Church Street,BS8 4ED,2001-12-24,22,2024-08-15,self_employed,22,not_working,homeowner_mortgage,19,1,0,35300.0,2265.46,76.78,246.49,1942.19,0.0261,6400.0,car,181,verified,web,12,0,0,pass,pass,32,1,0.1369,0,0,0,full,0,0,0,0,0,0,0,0,0,0,0,0,895,0,0,Known Good,0.0,Known good/bad,0,Known good,0.0,2.995732273553991,0.024087582416016818,593.9306796511917
ACC-10008065,CUS-20008065,Sofia Clarke,85 Oak Road,PL10 5VL,1987-07-25,37,2024-11-20,employed,19,administrative,private_tenant,65,1,0,16400.0,1103.98,386.24,431.05,286.69,0.2826,18400.0,education,56,verified,mobile,6,5,0,pass,pass,106,0,0.394,5,0,0,full,0,0,0,0,0,0,0,0,0,0,0,0,815,0,0,Known Good,0.0,Known good/bad,0,Known good,0.0,4.189654742026425,0.021157622325975196,597.7594191922159
ACC-10008066,CUS-20008066,Adam Foster,61 Oak Road,SO11 8AQ,2006-05-28,18,2024-08-14,employed,117,professional,homeowner_mortgage,48,2,0,69300.0,4201.88,64.3,878.46,3259.12,0.0111,5800.0,car,61,verified,telephone,7,2,1,pass,pass,0,0,0.189,2,0,0,full,0,0,0,0,0,0,0,0,0,0,0,0,860,0,0,Known Good,0.0,Known good/bad,0,Known good,0.0,3.8918202981106265,0.02798269188709566,589.490383087595
ACC-10008068,CUS-20008068,Isla Roberts,173 Highfield Gardens,PL7 8EF,1985-06-03,39,2024-09-26,employed,33,administrative,homeowner_mortgage,26,3,0,49900.0,3165.14,268.62,704.92,2191.6,0.0646,7700.0,other,36,verified,web,10,1,1,pass,pass,225,2,0.5134,1,0,0,full,0,0,0,0,0,0,0,0,0,0,0,0,859,0,0,Known Good,0.0,Known good/bad,0,Known good,0.0,3.295836866004329,0.03634524578809228,581.6964322414581
ACC-10008074,CUS-20008074,Ava Bennett,123 Kingfisher Way,OX21 9NG,1995-07-07,29,2024-12-27,employed,38,administrative,homeowner_mortgage,40,3,0,25700.0,1599.36,902.97,1342.11,-645.72,0.4216,10600.0,car,18,verified,mobile,21,0,0,pass,fail,77,4,0.4777,0,0,0,full,0,0,0,0,0,0,0,0,0,0,0,0,795,0,0,Known Good,0.0,Known good/bad,0,Known good,1.0,3.713572066704308,0.05968797960641571,566.6754209049702
ACC-10008081,CUS-20008081,Adam Shah,248 Willow Drive,S16 5VQ,2004-01-01,20,2024-12-22,employed,12,professional,homeowner_mortgage,39,3,1,26400.0,1580.39,338.22,662.57,579.6,0.1537,2200.0,home_improvement,32,verified,web,4,1,0,pass,pass,8,2,0.3163,1,0,0,full,0,0,0,0,0,0,0,0,0,0,0,0,749,0,0,Known Good,0.0,Known good/bad,0,Known good,0.0,3.6888794541139363,0.03108746975081445,586.3621027388152
ACC-10008082,CUS-20008082,Noah Bennett,218 Station Lane,S6 5UW,1994-10-10,30,2024-11-25,employed,53,skilled,homeowner_mortgage,225,6,2,21900.0,1491.51,202.98,801.67,486.86,0.1112,7100.0,major_purchase,23,verified,branch,13,2,1,pass,pass,58,3,0.0951,2,0,0,full,0,0,0,0,0,0,0,0,0,0,0,0,878,0,0,Known Good,0.0,Known good/bad,0,Known good,0.0,5.420534999272286,0.021745294765703572,596.9515756830914
ACC-10008083,CUS-20008083,Oliver Patel,16 Park Avenue,NR6 3QJ,1997-07-05,27,2024-07-06,employed,15,not_working,private_tenant,16,4,1,30900.0,1898.93,239.38,448.1,1211.45,0.093,10900.0,car,13,partially_verified,mobile,11,1,0,pass,pass,99,5,0.1812,1,0,0,full,0,0,0,0,0,0,0,0,0,0,0,0,788,0,0,Known Good,0.0,Known good/bad,0,Known good,0.0,2.833213344056216,0.03069682756489822,586.7386062724688
ACC-10008095,CUS-20008095,Freya Khan,22 Kingfisher Way,RG13 9AG,1988-08-06,36,2024-08-27,part_time,72,managerial,homeowner_outright,13,4,0,17100.0,1023.51,247.31,152.1,624.1,0.1736,8300.0,debt_consolidation,67,verified,web,19,0,0,pass,pass,89,5,0.3781,0,0,0,full,0,0,0,0,0,0,0,0,0,0,0,0,909,0,0,Known Good,0.0,Known good/bad,0,Known good,0.0,2.6390573296152584,0.0344151397472933,583.3286318526929
ACC-10008099,CUS-20008099,Jack Clarke,184 Kingfisher Way,M27 5FY,1972-11-07,51,2024-08-05,employed,27,managerial,social_tenant,53,3,0,82800.0,5542.76,363.0,554.21,4625.55,0.0526,17800.0,car,94,verified,mobile,23,1,1,pass,pass,203,3,0.2797,1,0,0,none,0,0,0,0,0,0,0,0,0,0,0,0,810,0,0,Known Good,0.0,Known good/bad,0,Known good,0.0,3.9889840465642745,0.026735387303175897,590.8430685815863
ACC-10008102,CUS-20008102,Leo Bennett,108 Oak Road,LS16 5YT,1980-06-27,44,2024-08-10,unemployed,0,skilled,private_tenant,17,3,1,16800.0,1133.71,222.73,801.38,109.6,0.1591,4800.0,car,86,verified,mobile,14,2,0,pass,pass,206,0,0.4347,2,0,0,none,0,0,0,0,0,0,0,0,0,0,0,0,803,0,0,Known Good,0.0,Known good/bad,0,Known good,1.0,2.8903717578961645,0.07059854666222906,561.4947064278823
ACC-10008104,CUS-20008104,Theo Evans,249 Willow Drive,RG19 9PQ,1983-01-26,41,2024-09-05,unemployed,36,not_working,homeowner_mortgage,99,3,0,15800.0,959.66,252.71,539.33,167.62,0.1919,12400.0,home_improvement,85,partially_verified,web,0,1,0,pass,pass,167,3,0.5646,1,0,0,full,0,0,0,0,0,0,0,0,0,0,0,0,818,0,0,Known Good,0.0,Known good/bad,0,Known good,0.0,4.605170185988092,0.033567144860721786,584.0738315351791
ACC-10008105,CUS-20008105,Daniel Foster,70 Willow Drive,NR8 5ER,1975-07-25,49,2024-09-23,employed,42,manual,homeowner_mortgage,140,1,0,22800.0,1452.47,1017.96,594.52,-160.01,0.5358,6200.0,debt_consolidation,119,verified,mobile,2,1,0,pass,pass,126,2,0.2971,1,0,2,full,0,0,0,0,0,0,0,0,0,0,0,0,748,0,0,Known Good,0.0,Known good/bad,0,Known good,1.0,4.948759890378168,0.052580096507036274,570.5511819142116
ACC-10008106,CUS-20008106,Amelia Wilson,177 Church Street,LS24 6EB,2003-09-28,20,2024-08-11,employed,111,manual,social_tenant,158,6,1,35800.0,2300.23,102.8,952.41,1245.02,0.0345,9000.0,car,54,verified,web,21,1,0,pass,pass,12,1,0.7658,1,0,0,full,0,0,0,0,0,0,0,0,0,0,0,0,810,0,0,Known Good,0.0,Known good/bad,0,Known good,0.0,5.0689042022202315,0.03264273129239771,584.9071787967263
ACC-10008111,CUS-20008111,Priya Green,3 Mill View,CF9 3WF,1991-11-08,32,2024-10-17,retired,32,skilled,homeowner_mortgage,112,2,1,22200.0,1364.21,146.57,1000.43,217.21,0.0792,3600.0,debt_consolidation,87,partially_verified,mobile,0,1,0,pass,pass,88,4,0.3889,1,0,0,full,0,0,0,0,0,0,0,0,0,0,0,0,888,0,0,Known Good,0.0,Known good/bad,0,Known good,0.0,4.727387818712341,0.026374970983666556,591.2453730882714
ACC-10008113,CUS-20008113,George Bennett,119 Victoria Road,PL3 5GR,1993-07-19,31,2024-07-19,part_time,109,administrative,homeowner_mortgage,38,1,0,30500.0,2048.84,186.21,912.12,950.51,0.0733,6800.0,debt_consolidation,61,partially_verified,web,0,1,0,pass,pass,132,4,0.1596,1,1,1,full,0,0,0,0,0,0,0,0,0,0,0,0,916,0,0,Known Good,0.0,Known good/bad,0,Known good,0.0,3.6635616461296463,0.04404976271512279,575.9174635390588
ACC-10008116,CUS-20008116,Maya Roberts,82 Church Street,EH17 8GY,1978-03-12,46,2024-10-03,employed,98,service,private_tenant,40,2,0,26600.0,1786.48,238.4,756.61,791.47,0.1075,2100.0,other,38,verified,web,9,1,0,refer,pass,287,2,0.7215,1,0,1,full,0,0,0,0,0,0,0,0,0,0,0,0,811,0,0,Known Good,0.0,Known good/bad,0,Known good,0.0,3.713572066704308,0.041306008666017524,577.855812673865
ACC-10008123,CUS-20008123,Oliver Hughes,164 Mill View,EH13 8PA,1983-07-10,41,2024-11-21,employed,143,not_working,homeowner_mortgage,41,4,0,21100.0,1333.7,265.19,977.92,90.59,0.1508,2500.0,debt_consolidation,7,verified,mobile,19,1,0,pass,pass,194,5,0.4859,1,0,1,full,0,0,0,0,0,0,0,0,0,0,0,0,888,0,0,Known Good,0.0,Known good/bad,0,Known good,1.0,3.7376696182833684,0.05629078377550255,568.4703112324056
ACC-10008125,CUS-20008125,Aisha Green,130 Kingfisher Way,NE28 3FT,1971-11-21,52,2024-07-31,employed,31,skilled,social_tenant,41,1,2,58000.0,3572.74,293.97,832.67,2446.1,0.0608,13900.0,debt_consolidation,15,partially_verified,mobile,5,1,1,pass,pass,376,1,0.6694,1,0,0,none,0,0,0,0,0,0,0,0,0,0,0,0,693,0,0,Known Good,0.0,Known good/bad,0,Known good,0.0,3.7376696182833684,0.03819566685312209,580.2081270298914
ACC-10008130,CUS-20008130,Theo Bennett,115 Mill View,EH18 4YX,1980-12-20,43,2024-10-15,employed,25,administrative,social_tenant,31,1,1,29500.0,1950.93,141.83,296.62,1512.48,0.0577,5500.0,major_purchase,43,verified,mobile,13,1,0,pass,pass,117,2,0.3972,1,0,1,none,0,0,0,0,0,0,0,0,0,0,0,0,760,0,0,Known Good,0.0,Known good/bad,0,Known good,0.0,3.4657359027997265,0.03208494014151631,585.4211212328023
ACC-10008131,CUS-20008131,Noah Shah,75 Station Lane,NE24 3HQ,1971-04-20,53,2024-11-27,employed,6,skilled,homeowner_mortgage,141,3,0,41900.0,2586.51,274.64,323.97,1987.9,0.0787,3700.0,debt_consolidation,70,verified,branch,18,0,0,pass,pass,419,6,0.3912,0,0,0,partial,0,0,0,0,0,0,0,0,0,0,0,0,849,0,0,Known Good,0.0,Known good/bad,0,Known good,0.0,4.955827057601261,0.02228503110019792,596.2282174307579
ACC-10008139,CUS-20008139,Freya Lewis,138 Kingfisher Way,M6 8VR,1999-04-16,25,2024-08-09,retired,51,service,private_tenant,16,2,1,68700.0,4298.34,33.43,641.52,3623.39,0.0058,8700.0,debt_consolidation,78,verified,web,9,1,0,pass,pass,40,2,0.6377,1,0,0,full,0,0,0,0,0,0,0,0,0,0,0,0,894,0,0,Known Good,0.0,Known good/bad,0,Known good,0.0,2.833213344056216,0.04141883035920268,577.7737138339056
ACC-10008140,CUS-20008140,Oliver Morgan,76 Mill View,CF25 7JN,1992-01-23,32,2024-10-28,retired,25,not_working,homeowner_mortgage,63,4,4,16600.0,1062.54,199.06,871.8,-8.32,0.1439,6000.0,car,92,verified,branch,13,0,0,pass,pass,81,0,0.5523,0,0,1,full,0,0,0,0,0,0,0,0,0,0,0,0,820,0,0,Known Good,0.0,Known good/bad,0,Known good,1.0,4.1588830833596715,0.048510304645153206,572.9993739518461
ACC-10008145,CUS-20008145,Theo Clarke,134 Kingfisher Way,BS4 7AR,1988-04-28,36,2024-10-26,part_time,36,professional,homeowner_mortgage,12,2,1,55900.0,3534.17,330.63,955.38,2248.16,0.071,14300.0,car,67,verified,mobile,1,4,0,pass,pass,179,2,0.6801,4,0,0,full,0,0,0,0,0,0,0,0,0,0,0,0,760,0,0,Known Good,0.0,Known good/bad,0,Known good,0.0,2.5649493574615367,0.06878032622608835,562.3039496946619
ACC-10008149,CUS-20008149,Oliver Morgan,155 Park Avenue,B9 5WN,1981-09-02,43,2024-09-20,part_time,100,administrative,private_tenant,249,5,0,23300.0,1511.01,212.61,762.48,535.92,0.1095,8400.0,home_improvement,31,partially_verified,web,14,1,0,pass,pass,164,1,0.194,1,0,0,full,0,0,0,0,0,0,0,0,0,0,0,0,886,0,0,Known Good,0.0,Known good/bad,0,Known good,0.0,5.521460917862246,0.02024899866492152,599.0527296100297
ACC-10008153,CUS-20008153,Sofia Evans,66 Station Lane,SO7 5NY,1980-11-01,43,2024-08-17,employed,21,skilled,private_tenant,16,5,0,40500.0,2674.19,317.39,1135.0,1221.8,0.094,14000.0,debt_consolidation,32,verified,web,5,2,0,pass,pass,103,2,0.1272,2,0,0,none,0,0,0,0,0,0,0,0,0,0,0,0,758,0,0,Known Good,0.0,Known good/bad,0,Known good,0.0,2.833213344056216,0.03356691633421103,584.0740347973041
ACC-10008155,CUS-20008155,Daniel Morgan,13 Highfield Gardens,M19 2LQ,1995-03-10,29,2024-09-14,employed,57,not_working,homeowner_mortgage,25,1,0,34500.0,2217.83,254.78,500.77,1462.28,0.0886,16600.0,education,53,partially_verified,web,22,3,0,pass,pass,90,1,0.5453,3,0,0,full,0,0,0,0,0,0,0,0,0,0,0,0,775,0,0,Known Good,0.0,Known good/bad,0,Known good,0.0,3.258096538021482,0.018521300889097515,601.6768685830824
ACC-10008165,CUS-20008165,Priya Roberts,10 Oak Road,G9 1XY,1995-10-13,28,2024-08-18,employed,37,not_working,private_tenant,52,2,1,27300.0,1752.47,94.51,631.16,1026.8,0.0415,6200.0,car,65,verified,mobile,11,1,0,fail,pass,93,6,0.2108,1,0,0,full,0,0,0,0,0,0,0,0,0,0,0,0,932,0,0,Known Good,0.0,Known good/bad,0,Known good,0.0,3.970291913552122,0.025174229459719973,592.6253735072453
ACC-10008166,CUS-20008166,Oliver Wilson,194 Meadow Close,BS20 5UB,1964-05-21,60,2024-07-07,employed,122,not_working,private_tenant,74,2,1,41800.0,2625.61,78.5,911.72,1635.39,0.0225,6000.0,home_improvement,107,verified,branch,18,0,0,pass,pass,385,4,0.2272,0,1,1,full,0,0,0,0,0,0,0,0,0,0,0,0,803,0,0,Known Good,0.0,Known good/bad,0,Known good,0.0,4.31748811353631,0.03540506211684407,582.4807899304651
ACC-10008167,CUS-20008167,Noah Wilson,52 Kingfisher Way,CF22 2FY,1980-06-08,44,2024-10-26,part_time,86,skilled,homeowner_mortgage,57,5,0,10500.0,695.75,306.96,523.95,-135.16,0.3508,4900.0,home_improvement,22,verified,web,21,0,0,pass,pass,301,1,0.5645,0,0,1,full,0,0,0,0,0,0,0,0,0,0,0,0,818,0,0,Known Good,0.0,Known good/bad,0,Known good,1.0,4.060443010546419,0.05752768890409155,567.8053125213893
ACC-10008168,CUS-20008168,Amelia Foster,56 Highfield Gardens,SO9 6SF,1982-06-27,42,2024-11-20,employed,51,managerial,homeowner_mortgage,52,3,0,53600.0,3518.26,120.94,631.24,2766.08,0.0271,4400.0,car,214,verified,web,12,1,0,pass,pass,211,5,0.4499,1,0,1,full,0,0,0,0,0,0,0,0,0,0,0,0,844,0,0,Known Good,0.0,Known good/bad,0,Known good,0.0,3.970291913552122,0.030163364258496382,587.2603261988227
ACC-10008169,CUS-20008169,Adam Bennett,46 Kingfisher Way,B29 2YL,1987-08-18,37,2024-10-27,self_employed,15,service,private_tenant,62,1,1,39800.0,2491.3,111.21,957.62,1422.47,0.0335,7900.0,debt_consolidation,59,verified,branch,4,2,0,pass,pass,131,4,0.1239,2,0,0,full,0,0,0,0,0,0,0,0,0,0,0,0,909,0,0,Known Good,0.0,Known good/bad,0,Known good,0.0,4.143134726391533,0.02591370817798636,591.7681202381641
ACC-10008171,CUS-20008171,Amelia Shah,210 Kingfisher Way,G7 3SU,1973-02-20,51,2024-07-12,part_time,85,service,private_tenant,103,2,0,31800.0,2111.97,156.75,825.54,1129.68,0.0592,2500.0,home_improvement,207,partially_verified,mobile,21,0,1,refer,pass,306,5,0.4636,0,1,1,none,0,0,0,0,0,0,0,0,0,0,0,0,670,0,0,Known Good,0.0,Known good/bad,0,Known good,0.0,4.6443908991413725,0.04157125980756342,577.6631321299654
ACC-10008175,CUS-20008175,Ava Bennett,172 Kingfisher Way,LS4 3TG,1992-08-04,32,2024-08-31,retired,38,administrative,private_tenant,71,4,0,33500.0,2064.68,355.57,899.0,810.11,0.1274,4500.0,debt_consolidation,85,verified,web,8,3,1,pass,pass,98,5,0.473,3,0,0,full,0,0,0,0,0,0,0,0,0,0,0,0,825,0,0,Known Good,0.0,Known good/bad,0,Known good,0.0,4.276666119016055,0.040844081301166096,578.1942045641838
ACC-10008181,CUS-20008181,Priya Shah,85 Park Avenue,NG19 8QH,1982-01-31,42,2024-08-19,retired,94,manual,private_tenant,87,2,2,78300.0,4944.31,74.36,576.01,4293.94,0.0114,13900.0,home_improvement,78,partially_verified,web,7,1,1,pass,pass,251,5,0.3315,1,0,1,none,0,0,0,0,0,0,0,0,0,0,0,0,873,0,0,Known Good,0.0,Known good/bad,0,Known good,0.0,4.477336814478207,0.02498187348465801,592.8523854233624
ACC-10008183,CUS-20008183,Ava Taylor,155 Victoria Road,LS23 9JG,1969-10-21,54,2024-07-06,unemployed,0,managerial,homeowner_mortgage,7,2,1,12600.0,826.74,415.99,1180.04,-769.29,0.3962,1400.0,home_improvement,79,verified,web,13,1,1,pass,pass,275,4,0.4946,1,0,0,partial,0,0,0,0,0,0,0,0,0,0,0,0,850,0,0,Known Good,0.0,Known good/bad,0,Known good,1.0,2.0794415416798357,0.08684745149834139,555.0088856688325
ACC-10008184,CUS-20008184,Jack Hughes,202 Kingfisher Way,RG3 1WV,1979-09-16,44,2024-07-01,self_employed,43,professional,homeowner_mortgage,62,1,0,25300.0,1586.1,61.76,990.04,534.3,0.0293,3600.0,car,8,partially_verified,mobile,9,1,0,fail,pass,155,2,0.7879,1,0,2,full,0,0,0,0,0,0,0,0,0,0,0,0,798,0,0,Known Good,0.0,Known good/bad,0,Known good,0.0,4.143134726391533,0.03842671733139631,580.027179589156
ACC-10008187,CUS-20008187,Daniel Jones,165 Station Lane,SO11 5LW,1976-11-25,47,2024-09-11,employed,99,service,private_tenant,74,2,1,39200.0,2439.14,357.75,545.29,1536.1,0.1095,16100.0,car,11,verified,mobile,6,2,0,pass,pass,224,2,0.8174,2,0,1,full,0,0,0,0,0,0,0,0,0,0,0,0,772,0,0,Known Good,0.0,Known good/bad,0,Known good,0.0,4.31748811353631,0.04612421169629291,574.5269812883768
ACC-10008193,CUS-20008193,Adam Jones,21 Church Street,PL14 1EP,1981-10-09,42,2024-09-28,employed,55,manual,homeowner_outright,175,3,0,32900.0,2029.95,1015.01,169.6,845.34,0.3702,10200.0,debt_consolidation,85,verified,web,10,1,0,pass,pass,273,4,0.6099,1,0,0,partial,0,0,0,0,0,0,0,0,0,0,0,0,784,0,0,Known Good,0.0,Known good/bad,0,Known good,0.0,5.170483995038151,0.0360876531727496,581.9093708082279
ACC-10008195,CUS-20008195,Oliver Evans,133 Park Avenue,NE27 3WV,1949-10-22,74,2024-07-20,part_time,42,professional,social_tenant,52,5,1,9700.0,645.89,182.65,241.39,221.85,0.226,4200.0,debt_consolidation,51,partially_verified,mobile,15,0,0,pass,pass,443,3,0.3972,0,1,2,full,0,0,0,0,0,0,0,0,0,0,0,0,735,0,0,Known Good,0.0,Known good/bad,0,Known good,0.0,3.970291913552122,0.049453742427140644,572.4149807957724
ACC-10008202,CUS-20008202,Noah Clarke,148 Mill View,S29 1VR,1975-06-04,49,2024-08-31,unemployed,4,administrative,private_tenant,44,4,2,13900.0,907.81,52.93,950.01,-95.13,0.0457,15700.0,home_improvement,44,partially_verified,branch,10,0,0,pass,pass,177,0,0.3881,0,0,0,none,0,0,0,0,0,0,0,0,0,0,0,0,869,0,0,Known Good,0.0,Known good/bad,0,Known good,1.0,3.8066624897703196,0.04207784321269609,577.2983914108672
ACC-10008203,CUS-20008203,Isla Lewis,76 Park Avenue,BS27 3EG,1996-10-07,27,2024-08-18,employed,117,service,homeowner_mortgage,60,3,0,32200.0,2051.16,212.72,701.62,1136.82,0.0793,6200.0,debt_consolidation,26,verified,mobile,10,2,0,fail,pass,75,2,0.6966,2,0,0,full,0,0,0,0,0,0,0,0,0,0,0,0,739,0,0,Known Good,0.0,Known good/bad,0,Known good,0.0,4.110873864173311,0.042436147652658525,577.0429380542184
ACC-10008204,CUS-20008204,Priya Morgan,86 Park Avenue,RG25 9AN,1996-07-26,28,2024-12-29,employed,47,manual,social_tenant,26,1,1,14300.0,912.01,53.18,739.77,119.06,0.0446,7800.0,home_improvement,27,verified,web,2,2,1,pass,pass,119,7,0.2652,2,0,0,full,0,0,0,0,0,0,0,0,0,0,0,0,877,0,0,Known Good,0.0,Known good/bad,0,Known good,1.0,3.295836866004329,0.05367284289593554,569.9243725409525
ACC-10008206,CUS-20008206,Isla Jones,63 Meadow Close,RG20 1JR,1990-11-02,34,2024-12-15,employed,8,professional,homeowner_outright,90,4,3,43900.0,2971.89,465.14,56.34,2450.41,0.1271,2500.0,debt_consolidation,114,partially_verified,mobile,5,0,1,pass,pass,156,3,0.2746,0,0,1,full,0,0,0,0,0,0,0,0,0,0,0,0,876,0,0,Known Good,0.0,Known good/bad,0,Known good,0.0,4.51085950651685,0.022601764502064317,595.8116599616997
ACC-10008215,CUS-20008215,Maya Shah,140 Church Street,G13 2LD,1987-08-23,37,2024-11-11,retired,95,managerial,homeowner_outright,83,2,0,25200.0,1613.25,607.72,163.27,842.26,0.2894,2900.0,debt_consolidation,44,verified,branch,4,1,1,pass,pass,153,4,0.765,1,0,0,full,0,0,0,0,0,0,0,0,0,0,0,0,838,0,0,Known Good,0.0,Known good/bad,0,Known good,0.0,4.430816798843313,0.043365165715785775,576.3900721618883
ACC-10008218,CUS-20008218,Noah Clarke,233 Church Street,NR5 7VT,1966-10-29,57,2024-07-11,employed,59,manual,homeowner_outright,85,2,0,29500.0,1901.99,420.94,44.78,1436.27,0.1712,11900.0,debt_consolidation,52,verified,web,12,2,0,pass,pass,447,1,0.5151,2,0,0,full,0,0,0,0,0,0,0,0,0,0,0,0,777,0,0,Known Good,0.0,Known good/bad,0,Known good,0.0,4.454347296253507,0.03715134485645107,581.0393303067764
ACC-10008220,CUS-20008220,Theo Evans,16 Meadow Close,L2 7TQ,1990-11-07,34,2024-11-10,employed,73,managerial,private_tenant,44,1,0,20500.0,1264.94,154.82,935.05,175.07,0.0906,19700.0,home_improvement,156,verified,mobile,2,0,1,refer,pass,169,5,0.5125,0,0,1,full,0,0,0,0,0,0,0,0,0,0,0,0,840,0,0,Known Good,0.0,Known good/bad,0,Known good,0.0,3.8066624897703196,0.029870654159066177,587.5504036982301
ACC-10008229,CUS-20008229,Priya Khan,112 Mill View,CF5 3TJ,1980-07-23,44,2024-09-14,unemployed,0,skilled,homeowner_outright,152,5,0,11400.0,701.18,381.9,38.12,281.16,0.402,11600.0,debt_consolidation,27,partially_verified,mobile,23,0,0,pass,pass,136,2,0.178,0,0,0,full,0,0,0,0,0,0,0,0,0,0,0,0,850,0,0,Known Good,0.0,Known good/bad,0,Known good,0.0,5.030437921392435,0.02344856474145628,594.725366371999
ACC-10008232,CUS-20008232,Freya Patel,242 Church Street,S22 7TS,1976-12-09,47,2024-08-01,unemployed,0,managerial,homeowner_outright,232,1,1,11400.0,721.33,109.41,143.87,468.05,0.1152,7400.0,debt_consolidation,53,verified,mobile,7,1,1,pass,pass,303,1,0.4301,1,0,0,full,0,0,0,0,0,0,0,0,0,0,0,0,818,0,0,Known Good,0.0,Known good/bad,0,Known good,0.0,5.4510384535657,0.024867022849943344,592.9887416154083
ACC-10008236,CUS-20008236,Jack Green,131 Meadow Close,CF28 5GA,1972-06-04,52,2024-08-05,unemployed,0,skilled,homeowner_mortgage,103,2,0,9000.0,585.58,297.02,710.83,-422.27,0.396,3500.0,home_improvement,34,verified,branch,4,0,0,pass,pass,403,5,0.4691,0,0,1,partial,0,0,0,0,0,0,0,0,0,0,0,0,785,0,0,Known Good,0.0,Known good/bad,0,Known good,1.0,4.6443908991413725,0.05026829151245543,571.918865400182
ACC-10008240,CUS-20008240,Theo Taylor,231 Kingfisher Way,M10 8DF,1982-02-11,42,2024-10-03,self_employed,63,service,private_tenant,25,3,1,33000.0,2031.17,36.5,253.51,1741.16,0.0133,11300.0,other,185,verified,mobile,17,2,1,pass,pass,121,4,0.3915,2,0,0,full,0,0,0,0,0,0,0,0,0,0,0,0,849,0,0,Known Good,0.0,Known good/bad,0,Known good,0.0,3.258096538021482,0.036486118206622384,581.580593759917
ACC-10008244,CUS-20008244,Adam Morgan,165 Station Lane,EH6 2PL,1975-03-07,49,2024-07-14,retired,60,professional,private_tenant,43,3,1,43700.0,2841.07,116.97,534.93,2189.17,0.0321,5100.0,major_purchase,114,verified,mobile,2,1,0,pass,pass,163,6,0.5272,1,0,0,full,0,0,0,0,0,0,0,0,0,0,0,0,846,0,0,Known Good,0.0,Known good/bad,0,Known good,0.0,3.784189633918261,0.03317884231166445,584.4211480407072
ACC-10008245,CUS-20008245,Theo Morgan,28 Park Avenue,NE28 5NR,1991-03-14,33,2024-12-16,employed,14,service,private_tenant,31,2,0,29100.0,1904.09,94.12,997.06,812.91,0.0388,12700.0,other,95,partially_verified,web,21,0,0,pass,pass,106,3,0.2348,0,0,0,full,0,0,0,0,0,0,0,0,0,0,0,0,984,0,0,Known Good,0.0,Known good/bad,0,Known good,0.0,3.4657359027997265,0.024355465757386303,593.603638908083
ACC-10008248,CUS-20008248,Theo Patel,202 Willow Drive,L20 4WP,1973-03-11,51,2024-09-26,retired,46,managerial,private_tenant,15,1,2,32000.0,2040.51,71.77,676.95,1291.79,0.0269,8000.0,major_purchase,74,verified,branch,13,1,0,pass,pass,211,3,0.5392,1,1,1,full,0,0,0,0,0,0,0,0,0,0,0,0,735,0,0,Known Good,0.0,Known good/bad,0,Known good,0.0,2.772588722239781,0.06594846146751217,563.6047011723924
ACC-10008250,CUS-20008250,Noah Clarke,72 Park Avenue,NR16 3NB,2003-11-09,21,2024-11-19,part_time,7,not_working,private_tenant,80,3,0,20100.0,1287.32,150.09,1328.51,-191.28,0.0896,2200.0,education,45,verified,telephone,14,2,0,pass,pass,34,4,0.0439,2,0,1,partial,0,0,0,0,0,0,0,0,0,0,0,0,936,0,0,Known Good,0.0,Known good/bad,0,Known good,1.0,4.394449154672439,0.014530942360516972,608.7950842164578
ACC-10008257,CUS-20008257,Priya Clarke,180 Willow Drive,B7 7GP,1993-08-06,30,2024-07-23,employed,31,administrative,homeowner_mortgage,101,3,1,57100.0,3745.88,138.27,746.37,2861.24,0.0291,7600.0,debt_consolidation,27,verified,web,15,1,0,pass,pass,93,2,0.8171,1,0,0,full,0,0,1,0,0,0,0,0,0,1,1,1,749,0,4,Known Bad,1.0,Known good/bad,1,Known bad,0.0,4.624972813284271,0.0363852061630795,581.6635292505565
ACC-10008258,CUS-20008258,Ava Lewis,34 Mill View,SO10 9DE,2005-02-16,19,2024-08-19,employed,191,manual,private_tenant,102,1,1,56300.0,3633.4,21.59,626.13,2985.68,0.0046,8900.0,major_purchase,43,verified,mobile,8,2,0,pass,pass,7,1,0.4085,2,0,0,full,0,0,0,0,0,0,0,0,0,0,0,0,788,0,0,Known Good,0.0,Known good/bad,0,Known good,0.0,4.634728988229636,0.029416585582881526,588.0058862249542
ACC-10008261,CUS-20008261,Priya Roberts,4 Oak Road,LS6 5DV,1980-08-21,44,2024-08-31,unemployed,0,professional,social_tenant,56,2,1,12600.0,777.57,275.07,627.56,-125.06,0.262,6000.0,other,45,verified,mobile,20,1,1,pass,pass,208,5,0.7129,1,0,0,partial,0,0,0,0,0,0,0,0,0,0,0,0,803,0,0,Known Good,0.0,Known good/bad,0,Known good,1.0,4.04305126783455,0.06906298278530476,562.1768565138785
ACC-10008262,CUS-20008262,Priya Lewis,240 Kingfisher Way,L22 3AY,2001-04-16,23,2024-11-23,employed,50,service,homeowner_outright,37,3,0,28900.0,1861.08,135.14,88.69,1637.25,0.0561,7100.0,car,91,verified,web,19,2,0,pass,pass,36,4,0.0012,2,0,1,full,0,0,0,0,0,0,0,0,0,0,0,0,878,0,0,Known Good,0.0,Known good/bad,0,Known good,0.0,3.6375861597263857,0.025924003322882725,591.7563543140694
ACC-10008263,CUS-20008263,Ava Khan,27 Meadow Close,S12 9HF,1980-12-14,44,2024-12-21,employed,25,professional,homeowner_mortgage,38,2,1,36000.0,2237.46,781.96,1017.84,437.66,0.2607,8800.0,major_purchase,7,verified,mobile,1,0,0,pass,pass,121,3,0.2959,0,0,0,none,0,1,1,0,0,0,0,0,0,1,0,0,813,0,3,Known Bad,1.0,Known good/bad,1,Known bad,0.0,3.6635616461296463,0.029070493238670368,588.3576581889679
ACC-10008272,CUS-20008272,George Bennett,89 Victoria Road,EH27 6PX,1973-03-11,51,2024-07-08,self_employed,59,manual,private_tenant,49,1,0,13600.0,883.5,381.45,818.98,-316.93,0.3366,6900.0,education,75,partially_verified,web,22,0,1,pass,pass,145,2,0.3588,0,0,0,full,0,0,0,0,0,0,0,0,0,0,0,0,864,0,0,Known Good,0.0,Known good/bad,0,Known good,1.0,3.912023005428146,0.018597455880654905,601.5562328267324
ACC-10008275,CUS-20008275,Noah Shah,7 Mill View,BS11 3WW,1963-10-13,60,2024-09-16,employed,116,manual,private_tenant,20,5,0,28100.0,1754.24,115.0,702.59,936.65,0.0491,7700.0,debt_consolidation,63,not_verified,branch,7,2,0,pass,pass,486,1,0.7043,2,0,0,full,0,0,0,0,0,0,0,0,0,0,0,0,816,0,0,Known Good,0.0,Known good/bad,0,Known good,0.0,3.044522437723423,0.049540894136811946,572.3615310632729
ACC-10008277,CUS-20008277,Isla Green,140 Church Street,RG11 2SJ,1981-08-17,42,2024-08-02,employed,127,skilled,homeowner_outright,75,3,0,49000.0,3119.71,170.0,67.84,2881.87,0.0416,10500.0,debt_consolidation,41,verified,mobile,7,1,0,pass,fail,208,3,0.46,1,0,0,full,0,0,0,0,0,0,0,0,0,0,0,0,782,0,0,Known Good,0.0,Known good/bad,0,Known good,0.0,4.330733340286331,0.028980875434047586,588.4494087989973
ACC-10008281,CUS-20008281,Maya Taylor,236 Oak Road,PL22 9UP,1999-07-07,25,2024-07-09,employed,92,skilled,living_with_family,55,1,2,22800.0,1489.78,35.36,411.36,1043.06,0.0186,12500.0,home_improvement,88,verified,web,2,1,0,pass,pass,30,1,0.1737,1,0,0,full,0,0,0,0,0,0,0,0,0,0,0,0,889,0,0,Known Good,0.0,Known good/bad,0,Known good,0.0,4.02535169073515,0.02381942864784534,594.2616227122627
ACC-10008283,CUS-20008283,Jack Wilson,22 Church Street,NE6 9UE,1977-06-10,47,2024-10-31,employed,46,managerial,private_tenant,165,3,0,48300.0,3119.99,248.56,546.67,2324.76,0.0618,3900.0,home_improvement,1,not_verified,telephone,9,4,0,pass,pass,138,2,0.4014,4,0,0,full,0,0,0,0,0,0,0,0,0,0,0,0,776,0,0,Known Good,0.0,Known good/bad,0,Known good,0.0,5.111987788356544,0.03670234291356259,581.4036280158937
ACC-10008284,CUS-20008284,Maya Foster,93 Oak Road,OX27 4TJ,1992-05-02,32,2024-07-09,part_time,148,skilled,private_tenant,99,3,0,22300.0,1462.56,160.06,969.36,333.14,0.0861,12900.0,home_improvement,208,not_verified,telephone,6,1,0,pass,pass,128,3,0.2864,1,0,0,partial,0,0,0,0,0,0,0,0,0,0,0,0,846,0,0,Known Good,0.0,Known good/bad,0,Known good,0.0,4.605170185988092,0.024907980013346195,592.9400450333379
ACC-10008290,CUS-20008290,Priya Morgan,71 Oak Road,LS3 7PT,1984-10-19,39,2024-07-07,retired,199,skilled,private_tenant,74,1,0,27100.0,1779.75,232.45,219.82,1327.48,0.1029,16900.0,debt_consolidation,56,verified,web,5,1,0,pass,pass,112,0,0.8686,1,0,0,partial,0,0,0,0,0,0,0,0,0,0,0,0,836,0,0,Known Good,0.0,Known good/bad,0,Known good,0.0,4.31748811353631,0.04196693741869333,577.3778833150866
ACC-10008294,CUS-20008294,Oliver Morgan,141 Kingfisher Way,BS4 8JQ,1974-11-01,50,2024-11-21,employed,24,managerial,homeowner_mortgage,13,3,0,49900.0,3394.52,495.53,478.05,2420.94,0.1192,3700.0,debt_consolidation,33,verified,web,7,1,0,pass,pass,266,2,0.4914,1,0,0,full,0,0,0,0,0,0,0,0,0,0,0,0,784,0,0,Known Good,0.0,Known good/bad,0,Known good,0.0,2.6390573296152584,0.04127219472563256,577.8804604216875
ACC-10008297,CUS-20008297,Jack Hughes,152 Station Lane,BS17 4BL,1990-07-30,34,2024-10-19,employed,102,not_working,private_tenant,102,1,2,29400.0,2009.0,590.84,618.83,799.33,0.2412,7400.0,home_improvement,58,verified,branch,4,1,0,pass,pass,130,2,0.6036,1,0,2,full,0,0,0,0,0,0,0,0,0,0,0,0,680,0,0,Known Good,0.0,Known good/bad,0,Known good,0.0,4.634728988229636,0.03569643433424791,582.2355863020745
ACC-10008309,CUS-20008309,Oliver Bennett,220 Highfield Gardens,NR2 6BG,1980-04-07,44,2024-07-30,employed,106,professional,homeowner_mortgage,268,3,0,34400.0,2092.76,322.47,828.53,941.76,0.1125,6600.0,debt_consolidation,160,verified,web,20,3,0,refer,pass,189,3,0.3153,3,0,0,full,0,0,0,0,0,0,0,0,0,0,0,0,818,0,0,Known Good,0.0,Known good/bad,0,Known good,0.0,5.594711379601839,0.028819995431416078,588.614810336736
ACC-10008310,CUS-20008310,George Taylor,133 Mill View,NG22 7BJ,1975-08-20,49,2024-11-19,part_time,73,not_working,homeowner_mortgage,50,2,0,13700.0,910.54,550.18,1135.03,-774.67,0.4819,5100.0,major_purchase,38,not_verified,mobile,19,0,0,pass,pass,182,4,0.2267,0,0,0,full,0,0,0,0,0,0,0,0,0,0,0,0,891,0,0,Known Good,0.0,Known good/bad,0,Known good,1.0,3.9318256327243257,0.04948917648093631,572.3932384945482
ACC-10008319,CUS-20008319,Theo Jones,161 Station Lane,PL21 8SH,1979-10-04,44,2024-08-19,part_time,48,manual,living_with_family,30,2,0,32900.0,2141.33,187.59,1072.48,881.26,0.0684,3500.0,debt_consolidation,20,verified,web,4,2,0,pass,pass,206,4,0.4008,2,0,0,full,0,0,0,0,0,0,0,0,0,0,0,0,860,0,0,Known Good,0.0,Known good/bad,0,Known good,0.0,3.4339872044851463,0.037164202640119715,581.0289606152123
ACC-10008322,CUS-20008322,Aisha Roberts,78 Meadow Close,BS4 2QY,1974-02-04,50,2024-11-06,self_employed,87,not_working,private_tenant,95,3,2,15500.0,984.39,207.23,403.96,373.2,0.1604,12400.0,home_improvement,200,verified,mobile,17,2,0,pass,pass,358,5,0.414,2,0,0,full,0,0,0,0,0,0,0,0,0,0,0,0,862,0,0,Known Good,0.0,Known good/bad,0,Known good,0.0,4.564348191467836,0.03342534856335372,584.2002092099505
ACC-10008323,CUS-20008323,Aisha Green,230 Station Lane,NR14 2TH,1997-06-05,27,2024-10-10,part_time,32,professional,homeowner_mortgage,42,3,0,52900.0,3346.84,125.75,773.69,2447.4,0.0285,4600.0,car,20,verified,web,21,1,1,pass,pass,83,3,0.6215,1,0,0,full,0,0,0,0,0,0,0,0,0,0,0,0,852,0,0,Known Good,0.0,Known good/bad,0,Known good,0.0,3.7612001156935624,0.035798973156796456,582.149753297342
ACC-10008329,CUS-20008329,Priya Green,13 Church Street,B21 4XT,1992-07-29,32,2024-12-24,employed,42,managerial,homeowner_outright,9,4,1,21000.0,1325.49,20.0,77.1,1228.39,0.0114,8400.0,debt_consolidation,99,verified,web,2,0,0,pass,pass,141,3,0.6895,0,0,0,full,0,0,0,0,0,0,0,0,0,0,0,0,831,0,0,Known Good,0.0,Known good/bad,0,Known good,0.0,2.302585092994046,0.04139801564819675,577.7888443112325
ACC-10008332,CUS-20008332,Freya Foster,2 Park Avenue,M4 4SD,1988-01-19,36,2024-09-08,employed,8,skilled,homeowner_outright,51,2,2,33200.0,2003.8,232.69,146.1,1625.01,0.0841,5100.0,home_improvement,35,partially_verified,mobile,11,1,0,pass,refer,205,1,0.6661,1,0,0,full,0,0,0,0,0,0,0,0,0,0,0,0,773,0,0,Known Good,0.0,Known good/bad,0,Known good,0.0,3.9512437185814275,0.03742657432046389,580.8181099243444
ACC-10008333,CUS-20008333,George Hughes,222 Meadow Close,OX5 6TX,1989-03-06,35,2024-11-06,employed,40,administrative,homeowner_outright,26,2,1,17400.0,1122.24,185.13,84.33,852.78,0.1277,16100.0,home_improvement,50,verified,branch,21,1,1,pass,pass,140,5,0.358,1,0,0,full,0,0,0,0,0,0,0,0,0,0,0,0,876,0,0,Known Good,0.0,Known good/bad,0,Known good,0.0,3.295836866004329,0.03361328683286536,584.0328180533179
ACC-10008336,CUS-20008336,Theo Lewis,224 Station Lane,SO22 2FJ,1964-10-06,59,2024-09-05,employed,25,managerial,homeowner_outright,51,2,1,32000.0,2073.94,267.94,26.08,1779.92,0.1005,9900.0,debt_consolidation,116,verified,branch,17,2,0,pass,pass,208,6,0.6518,2,0,1,full,0,0,0,0,0,0,0,0,0,0,0,0,776,0,0,Known Good,0.0,Known good/bad,0,Known good,0.0,3.9512437185814275,0.04266360960771885,576.8818364710149
ACC-10008338,CUS-20008338,Sofia Taylor,2 Oak Road,OX20 1QU,2006-01-29,18,2024-12-16,employed,43,service,homeowner_outright,61,3,2,19100.0,1207.36,561.95,76.97,568.44,0.3531,2400.0,home_improvement,19,verified,telephone,6,2,0,refer,pass,0,2,0.212,2,0,0,full,0,0,0,0,0,0,0,0,0,0,0,0,826,0,0,Known Good,0.0,Known good/bad,0,Known good,0.0,4.127134385045092,0.035078349478200696,582.7580568315523
ACC-10008345,CUS-20008345,Maya Patel,124 Victoria Road,BS15 9DR,1963-12-06,60,2024-08-11,employed,37,managerial,homeowner_outright,39,3,1,44800.0,2951.52,493.59,14.7,2443.23,0.1322,6300.0,debt_consolidation,5,verified,web,21,1,1,pass,pass,309,4,0.8296,1,0,0,full,0,0,0,0,0,0,0,0,0,0,0,0,840,0,0,Known Good,0.0,Known good/bad,0,Known good,0.0,3.6888794541139363,0.04594782450646123,574.6428703250647
ACC-10008348,CUS-20008348,Priya Lewis,25 Highfield Gardens,L21 3XY,1987-06-13,37,2024-07-27,employed,37,managerial,homeowner_mortgage,84,5,0,21500.0,1354.5,458.13,506.75,389.62,0.2557,28000.0,debt_consolidation,52,not_verified,telephone,7,0,1,pass,pass,147,1,0.3831,0,0,0,full,0,0,0,0,0,0,0,0,0,0,0,0,906,0,0,Known Good,0.0,Known good/bad,0,Known good,0.0,4.442651256490317,0.027363104451104747,590.1548261068315
ACC-10008352,CUS-20008352,Noah Roberts,82 Victoria Road,SO23 3WD,1977-01-09,47,2024-10-25,unemployed,61,professional,private_tenant,23,3,1,15300.0,992.85,156.33,849.33,-12.81,0.1226,1900.0,debt_consolidation,114,verified,web,2,1,0,pass,pass,319,1,0.205,1,0,1,full,0,0,0,0,0,0,0,0,0,0,0,0,843,0,0,Known Good,0.0,Known good/bad,0,Known good,1.0,3.1780538303479458,0.04844693090452141,573.0390150023394
ACC-10008358,CUS-20008358,Ava Green,72 Station Lane,NR26 4WY,1987-09-10,36,2024-08-03,employed,8,manual,homeowner_outright,101,3,1,33700.0,2212.06,548.85,143.73,1519.48,0.1954,30000.0,debt_consolidation,14,not_verified,web,3,0,1,pass,pass,118,2,0.2972,0,0,0,partial,0,0,0,0,0,0,0,0,0,0,0,0,789,0,0,Known Good,0.0,Known good/bad,0,Known good,0.0,4.624972813284271,0.023737259815341537,594.3637594601487
ACC-10008360,CUS-20008360,Ava Davies,56 Meadow Close,NG15 9EB,1957-08-06,67,2024-12-09,employed,50,skilled,private_tenant,67,2,2,17600.0,1122.08,94.88,180.0,847.2,0.0647,2900.0,education,58,verified,mobile,11,0,0,refer,pass,306,1,0.6481,0,0,1,full,0,0,0,0,0,0,0,0,0,0,0,0,801,0,0,Known Good,0.0,Known good/bad,0,Known good,0.0,4.219507705176107,0.011293803475699605,616.1616469396652
ACC-10008361,CUS-20008361,Daniel Lewis,130 Church Street,M24 6WF,2006-12-17,18,2024-12-16,employed,95,not_working,homeowner_mortgage,26,3,0,22000.0,1380.75,262.35,500.01,618.39,0.1431,7000.0,other,47,partially_verified,web,7,1,0,pass,pass,0,2,0.3635,1,0,1,full,0,0,0,0,0,0,0,0,0,0,0,0,764,0,0,Known Good,0.0,Known good/bad,0,Known good,0.0,3.295836866004329,0.034135255678318425,583.5726104276661
ACC-10008367,CUS-20008367,Adam Hughes,126 Station Lane,G1 7LG,1982-08-17,42,2024-10-14,employed,92,skilled,homeowner_mortgage,23,4,0,17700.0,1107.82,473.59,756.1,-121.87,0.3211,6100.0,other,18,verified,branch,18,1,0,pass,pass,87,4,0.2138,1,0,0,partial,0,0,0,0,0,0,0,0,0,0,0,0,908,0,0,Known Good,0.0,Known good/bad,0,Known good,1.0,3.1780538303479458,0.056088350769191865,568.580451427571
ACC-10008370,CUS-20008370,Isla Khan,137 Willow Drive,M15 7UP,1977-01-17,47,2024-12-18,employed,104,professional,social_tenant,78,4,0,67500.0,4277.98,173.84,690.84,3413.3,0.0309,3400.0,debt_consolidation,55,not_verified,web,11,1,0,fail,pass,323,1,0.4279,1,0,0,full,0,0,0,0,0,0,0,0,0,0,0,0,779,0,0,Known Good,0.0,Known good/bad,0,Known good,0.0,4.3694478524670215,0.02785423563031577,589.6269565534105
ACC-10008374,CUS-20008374,Maya Hughes,37 Station Lane,SO12 6GA,1993-03-12,31,2024-09-08,employed,20,professional,homeowner_mortgage,138,2,2,11600.0,714.85,303.56,873.8,-462.51,0.314,7600.0,debt_consolidation,112,verified,web,0,1,0,pass,fail,77,5,0.6086,1,0,0,full,0,0,0,0,0,0,0,0,0,0,0,0,851,0,0,Known Good,0.0,Known good/bad,0,Known good,1.0,4.9344739331306915,0.05746328649853668,567.8396042569907
ACC-10008375,CUS-20008375,Aisha Taylor,72 Oak Road,SO13 6VD,1969-12-15,54,2024-11-25,employed,34,managerial,private_tenant,19,2,1,31600.0,1931.41,566.16,397.04,968.21,0.215,20900.0,education,130,verified,branch,14,0,0,pass,fail,346,2,0.5249,0,2,2,full,1,0,0,0,1,0,0,0,0,1,0,0,690,0,3,Known Bad,1.0,Known good/bad,1,Known bad,0.0,2.995732273553991,0.04051389799635005,578.4383383120633
ACC-10008380,CUS-20008380,Oliver Lewis,93 Willow Drive,L10 4UF,1977-09-15,46,2024-08-15,employed,33,administrative,homeowner_outright,110,4,0,16100.0,1023.72,170.48,58.63,794.61,0.1271,11100.0,debt_consolidation,77,verified,branch,7,1,0,pass,pass,133,2,0.4508,1,0,0,full,0,0,0,0,0,0,0,0,0,0,0,0,830,0,0,Known Good,0.0,Known good/bad,0,Known good,0.0,4.709530201312334,0.028771405165644887,588.6649424102591
ACC-10008389,CUS-20008389,Leo Morgan,116 Meadow Close,B10 7DX,1995-06-26,29,2024-09-24,employed,50,professional,private_tenant,112,1,1,47600.0,3048.83,275.65,1417.06,1356.12,0.0695,2900.0,home_improvement,12,not_verified,telephone,8,2,0,pass,pass,112,4,0.5031,2,0,0,full,0,0,0,0,0,0,0,0,0,0,0,0,801,0,0,Known Good,0.0,Known good/bad,0,Known good,0.0,4.727387818712341,0.03273953718149007,584.8188481393815
ACC-10008391,CUS-20008391,Maya Bennett,50 Station Lane,NR17 8SN,1964-07-07,60,2024-07-12,employed,33,manual,private_tenant,55,2,0,63400.0,4188.73,207.11,485.67,3495.95,0.0392,4600.0,home_improvement,37,verified,branch,22,1,1,pass,pass,176,3,0.195,1,0,0,full,0,0,0,0,0,0,0,0,0,0,0,0,768,0,0,Known Good,0.0,Known good/bad,0,Known good,0.0,4.02535169073515,0.02459415099027933,593.3151855135922
ACC-10008400,CUS-20008400,Leo Evans,78 Mill View,RG17 5SY,1975-12-22,48,2024-10-09,self_employed,126,not_working,private_tenant,93,2,1,19700.0,1190.22,219.51,555.99,414.72,0.1337,3000.0,car,35,not_verified,mobile,17,0,0,pass,fail,256,2,0.4282,0,0,0,full,0,0,0,0,0,0,0,0,0,0,0,0,801,0,0,Known Good,0.0,Known good/bad,0,Known good,0.0,4.543294782270004,0.02555386569255318,592.1822557995139
ACC-10008402,CUS-20008402,Leo Morgan,201 Church Street,SO28 8PR,1998-12-07,25,2024-09-02,employed,161,service,homeowner_mortgage,56,3,0,28600.0,1829.02,225.5,1020.68,582.84,0.0946,18500.0,other,33,verified,branch,1,0,0,pass,pass,53,6,0.1498,0,0,0,full,0,0,0,0,0,0,0,0,0,0,0,0,908,0,0,Known Good,0.0,Known good/bad,0,Known good,0.0,4.04305126783455,0.021554504650386122,597.211479688336
ACC-10008404,CUS-20008404,Ava Morgan,142 Mill View,RG14 6XE,1977-03-14,47,2024-10-13,retired,79,skilled,homeowner_mortgage,121,2,1,14900.0,940.09,256.42,1011.52,-327.85,0.2065,28300.0,car,34,partially_verified,branch,3,1,1,pass,pass,139,6,0.2366,1,0,0,full,0,0,0,0,0,0,0,0,0,0,0,0,850,0,0,Known Good,0.0,Known good/bad,0,Known good,1.0,4.804021044733257,0.04064869531873454,578.3384413955671
ACC-10008407,CUS-20008407,Priya Roberts,55 Station Lane,EH28 6TX,1978-06-25,46,2024-11-26,employed,89,not_working,homeowner_mortgage,49,6,0,88200.0,5150.18,456.82,319.22,4374.14,0.0622,7000.0,major_purchase,89,verified,mobile,19,2,1,pass,pass,274,4,0.1142,2,0,0,full,0,0,0,0,0,0,0,0,0,0,0,0,828,0,0,Known Good,0.0,Known good/bad,0,Known good,0.0,3.912023005428146,0.027258271719563954,590.2686923964774
ACC-10008409,CUS-20008409,Theo Bennett,112 Kingfisher Way,EH16 1SQ,1997-05-29,27,2024-08-05,part_time,59,not_working,private_tenant,31,5,1,57100.0,3608.89,377.81,689.22,2541.86,0.0794,23500.0,home_improvement,33,verified,web,2,1,1,pass,pass,82,1,0.5633,1,0,0,none,0,0,0,0,0,0,0,0,0,0,0,0,779,0,0,Known Good,0.0,Known good/bad,0,Known good,0.0,3.4657359027997265,0.03718110644712709,581.015333087447
ACC-10008410,CUS-20008410,Jack Green,150 Highfield Gardens,BS8 8UR,1968-05-13,56,2024-08-07,retired,67,skilled,homeowner_outright,32,4,0,24600.0,1535.21,66.69,4.73,1463.79,0.0325,8500.0,home_improvement,110,not_verified,web,7,2,0,pass,pass,180,1,0.6378,2,0,0,full,0,0,0,0,0,0,0,0,0,0,0,0,754,0,0,Known Good,0.0,Known good/bad,0,Known good,0.0,3.4965075614664802,0.04324220561337738,576.4757108621809
ACC-10008424,CUS-20008424,Maya Clarke,33 Highfield Gardens,CF28 5VT,1952-06-11,72,2024-11-24,part_time,140,skilled,private_tenant,78,1,1,20900.0,1258.81,401.5,1049.34,-192.03,0.2305,12400.0,debt_consolidation,30,verified,web,5,1,0,pass,pass,261,2,0.6119,1,0,0,full,0,0,0,0,0,0,0,0,0,0,0,0,803,0,0,Known Good,0.0,Known good/bad,0,Known good,1.0,4.3694478524670215,0.059402200438963805,566.8226697683509
ACC-10008427,CUS-20008427,Freya Morgan,156 Kingfisher Way,G10 3QT,2006-04-01,18,2024-10-29,part_time,33,skilled,homeowner_outright,89,2,1,12400.0,783.72,366.55,58.3,358.87,0.3547,2400.0,debt_consolidation,25,not_verified,web,14,1,0,pass,refer,0,4,0.1347,1,1,1,full,0,0,0,0,0,0,0,0,0,0,0,0,815,0,0,Known Good,0.0,Known good/bad,0,Known good,0.0,4.499809670330265,0.04613686428141648,574.5186845701585
ACC-10008428,CUS-20008428,Maya Wilson,215 Highfield Gardens,CF14 9BA,1962-03-07,62,2024-07-25,employed,33,not_working,living_with_family,131,3,0,26100.0,1612.56,306.42,531.43,774.71,0.1409,6700.0,car,125,verified,branch,15,1,0,pass,pass,275,1,0.6101,1,0,1,full,0,0,0,0,0,0,0,0,0,0,0,0,811,0,0,Known Good,0.0,Known good/bad,0,Known good,0.0,4.882801922586371,0.03208001949297574,585.4256933841829
ACC-10008429,CUS-20008429,Isla Green,7 Victoria Road,S20 3GT,1988-12-05,35,2024-11-02,employed,47,service,homeowner_mortgage,36,1,2,42200.0,2586.9,207.26,885.87,1493.77,0.0589,4200.0,debt_consolidation,60,partially_verified,web,9,0,0,pass,pass,133,6,0.8235,0,0,0,full,0,0,0,0,0,0,0,0,0,0,0,0,711,0,0,Known Good,0.0,Known good/bad,0,Known good,0.0,3.6109179126442243,0.03858321265536163,579.9052124896242
ACC-10008430,CUS-20008430,George Lewis,191 Victoria Road,PL22 3TP,1988-05-02,36,2024-09-05,retired,122,not_working,homeowner_outright,43,5,0,56800.0,3519.89,424.48,112.91,2982.5,0.0897,3500.0,major_purchase,16,verified,mobile,8,6,0,pass,pass,114,3,0.2193,6,0,0,full,0,0,0,0,0,0,0,0,0,0,0,0,727,0,0,Known Good,0.0,Known good/bad,0,Known good,0.0,3.784189633918261,0.05202990787901183,570.8714459167102
ACC-10008433,CUS-20008433,Priya Hughes,72 Highfield Gardens,M12 9YP,1999-11-19,24,2024-10-02,employed,13,administrative,private_tenant,124,2,0,55500.0,3412.51,335.28,805.9,2271.33,0.0725,4600.0,car,23,verified,web,15,2,0,pass,pass,59,0,0.6285,2,0,1,none,0,0,0,0,0,0,0,0,0,0,0,0,831,0,0,Known Good,0.0,Known good/bad,0,Known good,0.0,4.8283137373023015,0.03566002653295451,582.266119602155
ACC-10008436,CUS-20008436,Leo Foster,48 Meadow Close,OX13 6AU,1966-12-14,57,2024-08-17,retired,38,manual,homeowner_outright,81,1,0,21900.0,1338.24,165.56,50.42,1122.26,0.0907,4100.0,car,32,verified,web,13,2,0,pass,pass,163,2,0.619,2,0,0,full,0,0,0,0,0,0,0,0,0,0,0,0,739,0,0,Known Good,0.0,Known good/bad,0,Known good,0.0,4.406719247264253,0.03837493265516912,580.0676438141077
ACC-10008441,CUS-20008441,Jack Morgan,105 Highfield Gardens,B6 6RG,1983-01-06,41,2024-12-05,retired,65,not_working,homeowner_outright,42,5,0,14300.0,846.45,592.21,99.81,154.43,0.497,5800.0,education,139,verified,web,1,0,0,pass,pass,112,2,0.8962,0,0,0,full,0,0,0,0,0,0,0,0,0,0,0,0,734,0,0,Known Good,0.0,Known good/bad,0,Known good,0.0,3.7612001156935624,0.02041788238284405,598.808101923465
ACC-10008446,CUS-20008446,Freya Evans,149 Church Street,B7 6BA,1987-01-08,37,2024-07-17,unemployed,0,service,private_tenant,106,1,2,10700.0,692.17,629.01,180.0,-116.84,0.7054,4700.0,car,31,verified,branch,3,0,1,refer,pass,212,4,0.0248,0,0,0,full,0,0,0,0,0,0,0,0,0,0,0,0,925,0,0,Known Good,0.0,Known good/bad,0,Known good,1.0,4.672828834461906,0.043966840856930915,575.974333764789
ACC-10008448,CUS-20008448,Aisha Taylor,149 Oak Road,NE19 2FQ,1990-01-06,34,2024-08-31,employed,64,manual,homeowner_mortgage,74,2,1,39900.0,2445.77,543.14,682.52,1220.11,0.1634,9300.0,debt_consolidation,150,partially_verified,mobile,3,2,1,pass,pass,148,2,0.5233,2,1,2,partial,0,0,0,0,0,0,0,0,0,0,0,0,703,0,0,Known Good,0.0,Known good/bad,0,Known good,0.0,4.31748811353631,0.06387705922809077,564.5894404125065
ACC-10008450,CUS-20008450,George Patel,162 Park Avenue,BS24 4WF,1985-03-28,39,2024-10-12,employed,47,manual,private_tenant,6,1,0,25300.0,1507.26,298.91,1158.18,50.17,0.1418,11100.0,major_purchase,53,partially_verified,web,14,0,1,pass,pass,112,3,0.4627,0,0,1,full,1,1,1,1,1,0,0,0,1,1,1,0,840,0,8,Known Bad,1.0,Known good/bad,1,Known bad,1.0,1.9459101490553132,0.06407822767782029,564.4925121835153
ACC-10008451,CUS-20008451,Adam Khan,132 Highfield Gardens,NR11 7LG,1990-10-12,33,2024-07-23,self_employed,87,manual,private_tenant,62,1,0,15700.0,967.92,112.55,390.04,465.33,0.086,4900.0,debt_consolidation,18,verified,web,10,0,0,pass,refer,152,1,0.1374,0,0,1,full,0,0,0,0,0,0,0,0,0,0,0,0,903,0,0,Known Good,0.0,Known good/bad,0,Known good,0.0,4.143134726391533,0.020862985984851895,598.172740081342
ACC-10008453,CUS-20008453,Ava Wilson,15 Mill View,PL9 3XB,1985-11-13,39,2024-12-25,employed,30,manual,private_tenant,174,3,2,33500.0,2170.92,431.64,704.9,1034.38,0.1546,9500.0,education,159,verified,web,2,2,0,pass,pass,202,2,0.8801,2,0,1,full,0,0,0,0,0,0,0,0,0,0,0,0,759,0,0,Known Good,0.0,Known good/bad,0,Known good,0.0,5.1647859739235145,0.016291199978834867,605.4442067934187
ACC-10008458,CUS-20008458,Adam Lewis,233 Willow Drive,L13 1DL,2005-09-20,19,2024-10-26,employed,118,managerial,private_tenant,46,3,1,19300.0,1144.04,259.51,1207.0,-322.47,0.1614,5800.0,home_improvement,34,not_verified,branch,1,0,1,pass,pass,7,2,0.1892,0,0,0,full,0,0,0,0,0,0,0,0,0,0,0,0,801,0,0,Known Good,0.0,Known good/bad,0,Known good,1.0,3.8501476017100584,0.038782436711967565,579.7506292675506
ACC-10008468,CUS-20008468,Adam Green,60 Station Lane,OX27 5GG,1999-07-27,25,2024-07-28,employed,29,managerial,living_with_family,55,3,1,24000.0,1564.21,131.32,471.31,961.58,0.0657,4500.0,car,49,verified,mobile,11,2,0,pass,pass,26,3,0.1409,2,0,1,partial,0,0,0,0,0,0,0,0,0,0,0,0,811,0,0,Known Good,0.0,Known good/bad,0,Known good,0.0,4.02535169073515,0.02740720856864456,590.1070481424599
ACC-10008472,CUS-20008472,Leo Green,146 Church Street,OX10 6RA,1977-05-03,47,2024-11-27,employed,95,skilled,homeowner_outright,21,4,1,57900.0,3722.36,270.91,13.37,3438.08,0.0561,6100.0,other,133,partially_verified,web,4,1,0,pass,refer,232,3,0.2691,1,0,0,partial,0,0,0,0,0,0,0,0,0,0,0,0,892,0,0,Known Good,0.0,Known good/bad,0,Known good,0.0,3.091042453358316,0.030750106821426343,586.6869830782894
ACC-10008477,CUS-20008477,George Green,50 Church Street,NG11 5FX,1988-04-08,36,2024-12-29,employed,114,service,homeowner_outright,160,1,0,23100.0,1473.1,410.75,22.99,1039.36,0.2134,5300.0,debt_consolidation,46,not_verified,web,10,1,0,pass,pass,128,5,0.5652,1,0,1,full,0,0,0,0,0,0,0,0,0,0,0,0,830,0,0,Known Good,0.0,Known good/bad,0,Known good,0.0,5.081404364984463,0.03157649768162787,585.8971766814776
ACC-10008482,CUS-20008482,Amelia Jones,75 Willow Drive,BS1 3EW,1987-03-14,37,2024-12-06,employed,109,service,homeowner_outright,24,2,2,35800.0,2241.14,340.26,161.39,1739.49,0.1141,5200.0,car,131,verified,web,23,0,0,refer,pass,117,3,0.3038,0,0,0,full,0,0,0,0,0,0,0,0,0,0,0,0,915,0,0,Known Good,0.0,Known good/bad,0,Known good,0.0,3.2188758248682006,0.02829281038799097,589.1631611692729
ACC-10008483,CUS-20008483,Adam Jones,94 Park Avenue,M14 4HQ,1989-10-17,34,2024-08-05,retired,58,manual,living_with_family,123,3,3,29300.0,1891.07,136.07,572.9,1182.1,0.0557,6600.0,home_improvement,18,verified,mobile,18,1,0,pass,pass,152,2,0.337,1,0,1,full,0,0,0,0,0,0,0,0,0,0,0,0,803,0,0,Known Good,0.0,Known good/bad,0,Known good,0.0,4.820281565605037,0.02450036987141478,593.4281940360463
ACC-10008487,CUS-20008487,Priya Morgan,37 Station Lane,NE15 1UY,1968-12-05,55,2024-11-21,employed,42,skilled,private_tenant,24,2,0,47900.0,2992.48,129.67,1086.67,1776.14,0.0325,2900.0,debt_consolidation,224,verified,telephone,20,1,1,pass,refer,261,2,0.1753,1,0,0,full,0,0,0,0,0,0,0,0,0,0,0,0,884,0,0,Known Good,0.0,Known good/bad,0,Known good,0.0,3.2188758248682006,0.02747409567197645,590.0347317768677
ACC-10008495,CUS-20008495,Leo Patel,227 Mill View,RG7 3WF,1989-06-19,35,2024-09-08,unemployed,0,service,social_tenant,108,2,1,13000.0,805.24,52.74,436.15,316.35,0.0487,11000.0,home_improvement,171,verified,web,15,0,1,pass,pass,93,2,0.4303,0,0,1,full,0,0,0,0,0,0,0,0,0,0,0,0,771,0,0,Known Good,0.0,Known good/bad,0,Known good,0.0,4.6913478822291435,0.023495251105505585,594.6665955733383
ACC-10008499,CUS-20008499,Adam Hughes,235 Victoria Road,BS9 4PS,1966-08-27,57,2024-07-15,employed,36,professional,homeowner_mortgage,17,4,0,27300.0,1671.64,306.64,623.56,741.44,0.1348,5700.0,debt_consolidation,37,partially_verified,mobile,11,1,0,pass,pass,224,4,0.2429,1,0,0,full,0,0,0,0,0,0,0,0,0,0,0,0,883,0,0,Known Good,0.0,Known good/bad,0,Known good,0.0,2.8903717578961645,0.032919312790754586,584.6554790070957
ACC-10008500,CUS-20008500,Oliver Davies,22 Victoria Road,EH17 6DR,1979-12-11,44,2024-08-03,employed,42,professional,living_with_family,93,1,3,48400.0,2845.97,741.92,323.53,1780.52,0.1839,3800.0,debt_consolidation,121,verified,branch,6,0,1,pass,pass,101,3,0.2889,0,0,1,full,0,0,0,0,0,0,0,0,0,0,0,0,862,0,0,Known Good,0.0,Known good/bad,0,Known good,0.0,4.543294782270004,0.02369790264952292,594.4128030874355
ACC-10008501,CUS-20008501,Amelia Clarke,234 Kingfisher Way,G10 9SL,1982-11-12,41,2024-08-23,part_time,153,administrative,homeowner_mortgage,16,3,1,14100.0,868.98,399.72,850.06,-380.8,0.3402,10100.0,home_improvement,85,not_verified,mobile,2,2,0,pass,pass,112,2,0.277,2,0,0,none,0,0,0,0,0,0,0,0,0,0,0,0,780,0,0,Known Good,0.0,Known good/bad,0,Known good,1.0,2.833213344056216,0.07153922814428659,561.0835661769305
ACC-10008502,CUS-20008502,Maya Wilson,62 Meadow Close,PL11 7LS,1985-04-22,39,2024-10-18,self_employed,87,manual,living_with_family,105,3,0,31900.0,2109.38,108.36,770.62,1230.4,0.0408,5100.0,car,94,verified,web,10,0,0,pass,pass,102,2,0.374,0,0,0,full,0,0,0,0,0,0,0,0,0,0,0,0,820,0,0,Known Good,0.0,Known good/bad,0,Known good,0.0,4.663439094112067,0.02242992277655154,596.0369475517474
ACC-10008507,CUS-20008507,Leo Bennett,5 Church Street,NE24 8TH,1970-11-03,53,2024-09-07,employed,124,service,homeowner_outright,33,3,0,30300.0,1894.26,80.48,169.44,1644.34,0.0319,15900.0,home_improvement,106,not_verified,telephone,15,0,0,pass,pass,138,3,0.2171,0,0,1,full,0,0,0,0,0,0,0,0,0,0,0,0,866,0,0,Known Good,0.0,Known good/bad,0,Known good,0.0,3.5263605246161616,0.023656991088897503,594.4638679884318
ACC-10008509,CUS-20008509,Maya Davies,66 Kingfisher Way,M7 5EL,1965-06-03,59,2024-09-06,retired,119,service,homeowner_mortgage,46,3,1,26600.0,1689.47,710.43,1108.1,-129.06,0.3205,7100.0,major_purchase,74,verified,mobile,10,2,1,refer,pass,414,4,0.5985,2,0,0,full,0,0,0,0,0,0,0,0,0,0,0,0,825,0,0,Known Good,0.0,Known good/bad,0,Known good,1.0,3.8501476017100584,0.07701786355924722,558.7836305419652
ACC-10008514,CUS-20008514,Adam Green,177 Willow Drive,S23 9HX,1983-10-18,40,2024-08-21,employed,62,skilled,homeowner_outright,138,3,0,18100.0,1139.05,538.33,128.37,472.35,0.3569,7800.0,home_improvement,42,not_verified,mobile,19,1,0,pass,pass,85,7,0.7568,1,0,0,full,0,0,0,0,0,0,0,0,0,0,0,0,761,0,0,Known Good,0.0,Known good/bad,0,Known good,0.0,4.9344739331306915,0.04170045243268513,577.5697111248082
ACC-10008518,CUS-20008518,Freya Taylor,127 Kingfisher Way,NG4 9QP,1977-07-17,47,2024-09-16,employed,20,not_working,private_tenant,14,2,0,34400.0,2267.55,239.4,759.85,1268.3,0.0835,5500.0,car,208,verified,branch,0,1,0,pass,pass,115,2,0.3708,1,0,0,full,0,0,0,0,0,0,0,0,0,0,0,0,866,0,0,Known Good,0.0,Known good/bad,0,Known good,0.0,2.70805020110221,0.03617227397032089,581.8392582462444
ACC-10008521,CUS-20008521,Ava Shah,33 Kingfisher Way,NE22 7VQ,1965-08-29,58,2024-07-02,part_time,65,service,homeowner_mortgage,124,3,2,101800.0,6389.44,484.18,759.81,5145.45,0.0571,1400.0,car,40,verified,telephone,0,2,0,pass,pass,253,4,0.5069,2,0,0,full,0,0,0,0,0,0,0,0,0,0,0,0,818,0,0,Known Good,0.0,Known good/bad,0,Known good,0.0,4.8283137373023015,0.032020407907260545,585.4811370034428
ACC-10008529,CUS-20008529,Ava Evans,145 Station Lane,G5 8FG,2005-04-18,19,2024-09-15,employed,54,manual,homeowner_mortgage,51,2,0,75300.0,4829.7,50.3,713.94,4065.46,0.008,11700.0,major_purchase,141,verified,web,15,2,0,pass,pass,4,4,0.6883,2,0,1,full,0,0,0,0,0,0,0,0,0,0,0,0,678,0,0,Known Good,0.0,Known good/bad,0,Known good,0.0,3.9512437185814275,0.04111385747311768,577.9961337603767
ACC-10008530,CUS-20008530,Sofia Foster,128 Victoria Road,S1 5UX,1985-01-25,39,2024-09-17,employed,41,service,homeowner_outright,52,2,1,26800.0,1598.95,219.13,134.91,1244.91,0.0981,6800.0,car,186,verified,web,3,2,0,pass,pass,182,2,0.2975,2,0,1,partial,0,0,0,0,0,0,0,0,0,0,0,0,819,0,0,Known Good,0.0,Known good/bad,0,Known good,0.0,3.970291913552122,0.03207331367795834,585.431925362245
ACC-10008533,CUS-20008533,Priya Evans,24 Oak Road,CF24 9PT,1984-01-25,40,2024-12-01,unemployed,25,service,homeowner_mortgage,28,2,0,11200.0,690.75,164.06,370.3,156.39,0.1758,9100.0,car,94,verified,mobile,0,1,0,pass,pass,128,1,0.4012,1,0,0,full,0,0,0,0,0,0,0,0,0,0,0,0,778,0,0,Known Good,0.0,Known good/bad,0,Known good,0.0,3.367295829986474,0.03559255982261312,582.3227798142456
ACC-10008534,CUS-20008534,Adam Davies,36 Kingfisher Way,OX25 2GR,1976-08-27,48,2024-12-05,employed,94,professional,homeowner_mortgage,25,4,0,31600.0,2035.75,127.29,558.52,1349.94,0.0483,4300.0,car,137,partially_verified,mobile,0,1,1,pass,pass,145,5,0.4632,1,0,0,full,0,0,0,0,0,0,0,0,0,0,0,0,852,0,0,Known Good,0.0,Known good/bad,0,Known good,0.0,3.258096538021482,0.034732319553834684,583.054444346662
ACC-10008535,CUS-20008535,Theo Lewis,211 Oak Road,NG6 5VN,1983-12-24,40,2024-12-15,employed,148,not_working,private_tenant,108,3,1,84800.0,5244.22,157.05,809.97,4277.2,0.0222,5200.0,home_improvement,97,verified,web,23,1,0,pass,pass,252,2,0.2228,1,1,1,full,0,0,0,0,0,0,0,0,0,0,0,0,814,0,0,Known Good,0.0,Known good/bad,0,Known good,0.0,4.6913478822291435,0.03786230387587881,580.4710616977427
ACC-10008538,CUS-20008538,Sofia Shah,178 Station Lane,EH1 5YL,1989-11-07,34,2024-07-12,employed,136,professional,private_tenant,37,3,1,28900.0,1899.3,280.8,986.36,632.14,0.1166,11000.0,home_improvement,167,verified,web,4,0,0,pass,pass,187,2,0.6774,0,0,0,full,0,0,0,0,0,0,0,0,0,0,0,0,866,0,0,Known Good,0.0,Known good/bad,0,Known good,0.0,3.6375861597263857,0.035661102753404096,582.2652166024006
ACC-10008544,CUS-20008544,Daniel Lewis,224 Park Avenue,OX25 8NL,1949-09-29,74,2024-07-10,employed,86,service,living_with_family,113,2,0,28900.0,1868.79,152.11,999.9,716.78,0.0632,6100.0,other,75,verified,mobile,2,2,0,fail,pass,463,2,0.4542,2,0,1,full,0,0,0,0,0,0,0,0,0,0,0,0,745,0,0,Known Good,0.0,Known good/bad,0,Known good,0.0,4.736198448394496,0.031302784644469825,586.1565339384841
ACC-10008545,CUS-20008545,Jack Lewis,162 Park Avenue,S8 9YP,1978-02-21,46,2024-07-08,retired,54,administrative,living_with_family,30,3,0,38100.0,2382.13,433.83,898.96,1049.34,0.1366,8100.0,car,50,verified,web,18,1,0,pass,pass,204,2,0.5723,1,0,1,full,0,0,0,0,0,0,0,0,0,0,0,0,695,0,0,Known Good,0.0,Known good/bad,0,Known good,0.0,3.4339872044851463,0.03920667397926475,579.4239755181163
ACC-10008548,CUS-20008548,Sofia Taylor,200 Oak Road,EH27 5HH,2000-04-28,24,2024-07-23,employed,44,skilled,social_tenant,96,3,1,32900.0,2113.7,268.25,180.0,1665.45,0.0978,11100.0,major_purchase,90,verified,mobile,13,1,0,pass,pass,69,3,0.5744,1,0,0,partial,0,0,0,0,0,0,0,0,0,0,0,0,841,0,0,Known Good,0.0,Known good/bad,0,Known good,0.0,4.574710978503383,0.03177659165155305,585.7089497855728
ACC-10008552,CUS-20008552,Oliver Foster,75 Park Avenue,PL17 8VX,1996-11-01,27,2024-09-26,employed,56,skilled,homeowner_mortgage,87,1,1,35500.0,2308.95,449.06,341.67,1518.22,0.1518,16300.0,car,56,verified,web,7,0,0,pass,pass,94,1,0.1652,0,0,0,full,0,0,0,0,0,0,0,0,0,0,0,0,928,0,0,Known Good,0.0,Known good/bad,0,Known good,0.0,4.477336814478207,0.021188139986280337,597.7169308398855
ACC-10008561,CUS-20008561,Maya Foster,9 Mill View,LS12 6GL,1976-11-28,47,2024-09-15,employed,29,manual,private_tenant,111,4,0,17400.0,1055.04,114.91,1404.63,-464.5,0.0792,7000.0,car,40,verified,web,18,2,1,pass,pass,210,3,0.2665,2,0,0,full,0,0,0,0,0,0,0,0,0,0,0,0,864,0,0,Known Good,0.0,Known good/bad,0,Known good,1.0,4.718498871295094,0.04390434113238833,576.0172655634601
ACC-10008573,CUS-20008573,Freya Jones,40 Willow Drive,BS10 1EF,1995-02-12,29,2024-12-14,employed,102,professional,homeowner_outright,91,1,0,58300.0,3595.39,537.61,62.11,2995.67,0.1107,2900.0,car,52,verified,web,14,3,0,pass,pass,53,4,0.2756,3,0,0,full,0,0,0,0,0,0,0,0,0,0,0,0,837,0,0,Known Good,0.0,Known good/bad,0,Known good,0.0,4.5217885770490405,0.03318192802744425,584.4183725896047
ACC-10008581,CUS-20008581,Leo Jones,113 Mill View,S3 6DU,1974-05-15,50,2024-08-31,employed,137,managerial,homeowner_mortgage,91,5,1,46500.0,2863.0,74.26,911.28,1877.46,0.0192,8500.0,home_improvement,72,verified,mobile,12,2,0,pass,refer,280,5,0.1012,2,0,0,full,0,0,0,0,0,0,0,0,0,0,0,0,811,0,0,Known Good,0.0,Known good/bad,0,Known good,0.0,4.5217885770490405,0.02367614908877842,594.4399446798421
ACC-10008587,CUS-20008587,Amelia Patel,226 Meadow Close,SO8 7YP,1980-03-31,44,2024-09-25,employed,56,not_working,social_tenant,38,5,2,40000.0,2589.71,432.86,731.14,1425.71,0.1299,4200.0,car,45,verified,mobile,0,0,1,pass,pass,278,2,0.2745,0,0,0,full,0,0,0,0,0,0,0,0,0,0,0,0,902,0,0,Known Good,0.0,Known good/bad,0,Known good,0.0,3.6635616461296463,0.02600338922732016,591.6657796781114
ACC-10008588,CUS-20008588,Theo Taylor,124 Victoria Road,G14 1BY,1966-01-25,58,2024-09-09,employed,26,not_working,private_tenant,73,4,0,15400.0,1011.47,107.31,861.68,42.48,0.0836,10100.0,home_improvement,91,verified,mobile,2,3,0,pass,pass,254,2,0.5245,3,0,1,full,0,1,0,0,0,1,1,0,1,0,0,1,734,0,5,Known Bad,1.0,Known good/bad,1,Known bad,1.0,4.30406509320417,0.06536928956042579,563.8771065956659
ACC-10008590,CUS-20008590,Priya Foster,95 Station Lane,SO28 8EL,1988-03-17,36,2024-08-08,employed,23,not_working,private_tenant,14,4,0,16200.0,1047.72,117.31,343.22,587.19,0.0869,9200.0,home_improvement,53,verified,mobile,19,3,1,pass,pass,166,5,0.5361,3,0,1,full,0,0,0,0,0,0,0,0,0,0,0,0,818,0,0,Known Good,0.0,Known good/bad,0,Known good,0.0,2.70805020110221,0.05354811475364523,569.9953057429694
ACC-10008596,CUS-20008596,Noah Patel,226 Mill View,CF20 4VJ,1993-01-18,31,2024-10-16,employed,162,manual,social_tenant,67,3,1,27800.0,1786.19,478.43,925.45,382.31,0.2065,15400.0,car,289,not_verified,web,16,2,0,pass,pass,107,4,0.1702,2,0,2,full,0,0,0,0,0,0,0,0,0,0,0,0,856,0,0,Known Good,0.0,Known good/bad,0,Known good,0.0,4.219507705176107,0.030088550161543624,587.3342070683381
ACC-10008597,CUS-20008597,Priya Wilson,126 Victoria Road,CF7 9NX,1956-06-29,68,2024-11-10,employed,70,service,homeowner_mortgage,61,3,2,85200.0,5580.95,564.33,594.27,4422.35,0.0795,7000.0,debt_consolidation,202,partially_verified,web,22,0,1,pass,fail,250,2,0.5116,0,0,0,none,0,0,0,0,0,0,0,0,0,0,0,0,776,0,0,Known Good,0.0,Known good/bad,0,Known good,0.0,4.127134385045092,0.028109918894621666,589.3557154203376
ACC-10008602,CUS-20008602,George Bennett,113 Mill View,S19 7RG,1955-07-13,69,2024-08-09,retired,32,managerial,private_tenant,54,3,1,41700.0,2695.08,98.35,683.56,1913.17,0.0283,2700.0,education,44,verified,web,2,1,0,pass,pass,294,2,0.1187,1,0,0,full,0,0,0,0,0,0,0,0,0,0,0,0,905,0,0,Known Good,0.0,Known good/bad,0,Known good,0.0,4.007333185232471,0.008467562200564454,624.5542658259216
ACC-10008604,CUS-20008604,Noah Roberts,113 Meadow Close,PL2 9UU,1974-04-21,50,2024-11-25,self_employed,143,service,homeowner_mortgage,53,1,0,20200.0,1249.28,302.16,785.74,161.38,0.1795,5300.0,home_improvement,21,verified,telephone,15,0,0,pass,pass,355,7,0.765,0,0,1,full,0,0,0,0,0,0,0,0,0,0,0,0,779,0,0,Known Good,0.0,Known good/bad,0,Known good,0.0,3.9889840465642745,0.037780985702666484,580.5355374347105
ACC-10008611,CUS-20008611,Oliver Roberts,168 Park Avenue,SO2 1WP,1982-01-07,42,2024-08-11,employed,34,service,living_with_family,39,2,0,27400.0,1734.45,844.8,529.74,359.91,0.37,16400.0,debt_consolidation,187,not_verified,mobile,6,0,1,pass,pass,123,2,0.4193,0,0,0,full,0,0,0,0,0,0,0,0,0,0,0,0,781,0,0,Known Good,0.0,Known good/bad,0,Known good,0.0,3.6888794541139363,0.03455000220179561,583.2117528836619
ACC-10008620,CUS-20008620,Isla Taylor,219 Willow Drive,LS19 1QR,1959-08-05,64,2024-08-02,employed,78,managerial,living_with_family,28,1,3,35200.0,2318.62,237.75,866.63,1214.24,0.0811,4700.0,debt_consolidation,37,verified,mobile,7,0,0,pass,refer,351,2,0.1104,0,0,0,full,0,0,0,0,0,0,0,0,0,0,0,0,884,0,0,Known Good,0.0,Known good/bad,0,Known good,0.0,3.367295829986474,0.02309453290613119,595.1747900044444
ACC-10008634,CUS-20008634,Freya Green,103 Church Street,B7 6WY,1964-12-29,59,2024-11-12,employed,131,not_working,homeowner_mortgage,48,3,0,95300.0,6007.6,206.4,1130.2,4671.0,0.026,5200.0,home_improvement,93,verified,web,22,2,1,refer,pass,229,2,0.1595,2,0,0,full,0,0,0,0,0,0,0,0,0,0,0,0,827,0,0,Known Good,0.0,Known good/bad,0,Known good,0.0,3.8918202981106265,0.027625789493484914,589.8713568186184
ACC-10008639,CUS-20008639,Theo Roberts,205 Meadow Close,EH23 3HR,1989-03-15,35,2024-11-02,part_time,18,service,private_tenant,47,3,1,26400.0,1799.41,328.29,1172.79,298.33,0.1492,15900.0,debt_consolidation,82,verified,telephone,20,0,1,pass,pass,144,2,0.4256,0,0,1,partial,0,0,0,0,0,0,0,0,0,0,0,0,839,0,0,Known Good,0.0,Known good/bad,0,Known good,0.0,3.871201010907891,0.02876730569988172,588.6691757126351
ACC-10008642,CUS-20008642,Sofia Green,230 Oak Road,EH2 3BX,1954-09-14,70,2024-12-05,employed,48,professional,homeowner_mortgage,35,2,1,64600.0,4349.17,175.76,1106.34,3067.07,0.0326,18700.0,debt_consolidation,237,not_verified,mobile,19,2,1,refer,refer,541,8,0.3183,2,0,0,partial,0,0,0,0,0,0,0,0,0,0,0,0,853,0,0,Known Good,0.0,Known good/bad,0,Known good,0.0,3.58351893845611,0.033119607545619344,584.4744752056429
ACC-10008643,CUS-20008643,Oliver Roberts,6 Victoria Road,CF7 3NA,1982-03-29,42,2024-11-12,employed,89,not_working,social_tenant,74,2,1,29700.0,1913.42,752.6,617.29,543.53,0.3041,8900.0,major_purchase,73,partially_verified,mobile,21,2,0,pass,pass,176,5,0.326,2,0,0,partial,0,0,0,0,0,0,0,0,0,0,0,0,822,0,0,Known Good,0.0,Known good/bad,0,Known good,0.0,4.31748811353631,0.035953783579967265,582.0206123217259
ACC-10008645,CUS-20008645,Priya Green,213 Mill View,CF24 6XB,1998-12-10,25,2024-08-17,employed,20,managerial,homeowner_outright,25,2,0,26900.0,1682.88,630.78,150.05,902.05,0.2814,3100.0,other,62,verified,web,14,0,1,pass,pass,36,3,0.8048,0,0,0,none,0,0,0,0,0,0,0,0,0,0,0,0,723,0,0,Known Good,0.0,Known good/bad,0,Known good,0.0,3.258096538021482,0.04711626400566299,573.8829390956896
ACC-10008647,CUS-20008647,Maya Foster,160 Kingfisher Way,S7 6GR,1980-06-11,44,2024-12-02,employed,8,professional,private_tenant,36,1,0,53800.0,3349.95,575.58,1264.26,1510.11,0.1284,3000.0,car,84,verified,mobile,2,0,1,pass,pass,216,6,0.483,0,0,0,full,0,0,0,0,0,0,0,0,0,0,0,0,822,0,0,Known Good,0.0,Known good/bad,0,Known good,0.0,3.6109179126442243,0.030947358269308424,586.496613619548
ACC-10008648,CUS-20008648,Aisha Davies,143 Church Street,L4 2YT,1982-10-27,42,2024-12-07,employed,124,manual,private_tenant,45,6,0,57100.0,3690.37,131.54,796.85,2761.98,0.0276,5600.0,debt_consolidation,66,verified,web,11,1,0,pass,pass,258,0,0.319,1,0,0,full,0,0,0,0,0,0,0,0,0,0,0,0,862,0,0,Known Good,0.0,Known good/bad,0,Known good,0.0,3.828641396489095,0.027811878205632235,589.6721247141307
ACC-10008649,CUS-20008649,Freya Khan,86 Victoria Road,G6 9WU,1983-12-10,40,2024-08-06,employed,129,managerial,private_tenant,41,1,0,32100.0,2008.21,846.29,624.43,537.49,0.3164,9000.0,car,70,verified,web,10,1,1,pass,pass,255,5,0.1571,1,0,0,full,0,0,0,0,0,0,0,0,0,0,0,0,855,0,0,Known Good,0.0,Known good/bad,0,Known good,0.0,3.7376696182833684,0.03053934743418401,586.8917003031835
ACC-10008650,CUS-20008650,Freya Davies,23 Willow Drive,NR3 7XE,1972-04-23,52,2024-07-26,retired,69,service,social_tenant,48,3,0,59900.0,3742.69,334.32,1016.1,2392.27,0.067,9400.0,debt_consolidation,32,verified,mobile,19,3,0,pass,pass,358,3,0.2758,3,1,1,full,0,1,0,1,1,0,0,0,1,0,0,1,757,0,5,Known Bad,1.0,Known good/bad,1,Known bad,0.0,3.8918202981106265,0.0599371054961285,566.5475954725672
ACC-10008651,CUS-20008651,Maya Roberts,239 Highfield Gardens,LS4 5BW,1974-07-13,50,2024-09-19,employed,74,skilled,social_tenant,59,2,0,16300.0,1037.39,971.77,982.13,-916.51,0.7154,8800.0,home_improvement,86,verified,web,8,0,0,pass,pass,319,0,0.8244,0,0,0,partial,0,0,0,0,0,0,0,0,0,0,0,0,827,0,0,Known Good,0.0,Known good/bad,0,Known good,1.0,4.0943445622221,0.0896716030467484,553.9961560273296
ACC-10008655,CUS-20008655,Priya Roberts,122 Meadow Close,PL25 6PW,1998-08-07,26,2024-10-28,employed,96,professional,homeowner_mortgage,29,1,0,18100.0,1172.53,117.65,883.69,171.19,0.078,8400.0,car,66,verified,web,21,0,0,pass,pass,54,6,0.371,0,0,0,full,0,0,0,0,0,0,0,0,0,0,0,0,830,0,0,Known Good,0.0,Known good/bad,0,Known good,0.0,3.4011973816621555,0.028237519263154518,589.2212457421755
ACC-10008657,CUS-20008657,Freya Shah,131 Highfield Gardens,LS24 2SW,1995-04-29,29,2024-10-02,employed,10,skilled,social_tenant,25,2,3,44100.0,2926.27,59.98,468.93,2397.36,0.0163,10400.0,debt_consolidation,41,not_verified,web,23,2,0,pass,pass,67,3,0.3304,2,1,1,full,0,0,0,0,0,0,1,0,1,0,1,1,736,0,4,Known Bad,1.0,Known good/bad,1,Known bad,0.0,3.258096538021482,0.05866770757930073,567.2041874456577
ACC-10008658,CUS-20008658,Amelia Taylor,219 Victoria Road,SO26 1VS,1982-05-09,42,2024-12-29,unemployed,0,professional,homeowner_outright,47,2,0,16000.0,985.07,159.14,170.48,655.45,0.1194,4800.0,debt_consolidation,84,verified,web,14,0,0,pass,pass,233,1,0.6109,0,0,0,full,0,0,0,0,0,0,0,0,0,0,0,0,874,0,0,Known Good,0.0,Known good/bad,0,Known good,0.0,3.871201010907891,0.03263921298700041,584.9103938435011
ACC-10008661,CUS-20008661,Sofia Morgan,16 Church Street,NE12 3XR,1983-10-17,41,2024-10-31,employed,124,not_working,homeowner_mortgage,28,3,0,22500.0,1441.42,81.29,553.0,807.13,0.0434,2300.0,car,79,not_verified,branch,9,0,0,pass,pass,219,2,0.1894,0,0,1,full,0,0,0,0,0,0,0,0,0,0,0,0,827,0,0,Known Good,0.0,Known good/bad,0,Known good,0.0,3.367295829986474,0.023944011741044557,594.1074183875178
ACC-10008665,CUS-20008665,Amelia Taylor,198 Mill View,NR8 4FD,1964-02-17,60,2024-10-27,part_time,45,manual,private_tenant,17,3,0,46400.0,2942.5,179.88,622.74,2139.88,0.0465,2500.0,debt_consolidation,40,not_verified,web,5,1,0,pass,pass,483,3,0.6502,1,0,0,full,0,0,0,0,0,0,0,0,0,0,0,0,834,0,0,Known Good,0.0,Known good/bad,0,Known good,0.0,2.8903717578961645,0.04266401540955685,576.8815497929882
ACC-10008669,CUS-20008669,Amelia Clarke,237 Mill View,RG14 7AR,1966-08-13,58,2024-10-02,retired,109,skilled,homeowner_outright,114,3,0,25700.0,1600.57,109.17,22.32,1469.08,0.051,1900.0,home_improvement,46,verified,web,6,2,0,pass,pass,288,0,0.6089,2,0,0,none,0,0,0,0,0,0,0,0,0,0,0,0,807,0,0,Known Good,0.0,Known good/bad,0,Known good,0.0,4.74493212836325,0.03504187875018555,582.7891622051106
ACC-10008671,CUS-20008671,Oliver Shah,20 Park Avenue,NG15 6SB,1956-10-11,67,2024-07-30,self_employed,68,administrative,homeowner_mortgage,106,4,0,20400.0,1247.13,525.39,973.64,-251.9,0.3091,3300.0,major_purchase,65,verified,mobile,3,1,0,fail,refer,393,4,0.3058,1,0,0,full,0,1,1,1,0,0,0,0,0,0,1,0,895,0,4,Known Bad,1.0,Known good/bad,1,Known bad,1.0,4.672828834461906,0.04714130020818746,573.8668529286389
ACC-10008672,CUS-20008672,Aisha Patel,231 Victoria Road,RG1 5AL,1997-02-08,27,2024-09-23,retired,60,administrative,social_tenant,63,1,0,27800.0,1767.43,339.69,189.28,1238.46,0.1466,11200.0,home_improvement,127,verified,branch,3,1,0,pass,fail,101,3,0.362,1,0,1,none,0,0,0,0,0,0,0,0,0,0,0,0,787,0,0,Known Good,0.0,Known good/bad,0,Known good,0.0,4.1588830833596715,0.029723212772292232,587.697563972041
ACC-10008674,CUS-20008674,Theo Wilson,212 Victoria Road,L19 8VY,1991-12-20,32,2024-11-18,employed,37,administrative,homeowner_mortgage,63,2,0,58100.0,3575.61,245.55,1162.0,2168.06,0.0507,28200.0,education,132,partially_verified,mobile,0,0,0,pass,pass,76,4,0.1515,0,0,0,full,0,0,0,0,0,0,0,0,0,0,0,0,907,0,0,Known Good,0.0,Known good/bad,0,Known good,0.0,4.1588830833596715,0.007533973532289234,627.9521350528721
ACC-10008677,CUS-20008677,Oliver Green,26 Meadow Close,SO28 6LR,2005-08-16,18,2024-08-05,employed,60,manual,homeowner_mortgage,50,2,1,27100.0,1768.68,281.2,968.65,518.83,0.1245,12800.0,debt_consolidation,155,verified,mobile,12,1,1,pass,pass,0,5,0.3116,1,0,1,full,0,0,0,0,0,0,0,0,0,0,0,0,857,0,0,Known Good,0.0,Known good/bad,0,Known good,0.0,3.9318256327243257,0.029155364524874994,588.2710196739619
ACC-10008681,CUS-20008681,Noah Clarke,223 Willow Drive,RG17 4HT,1965-05-21,59,2024-12-20,unemployed,58,professional,social_tenant,79,2,0,9700.0,632.77,329.2,802.61,-499.04,0.4073,5300.0,debt_consolidation,127,verified,branch,13,0,0,pass,pass,315,8,0.3396,0,0,0,full,0,0,0,0,0,0,0,0,0,0,0,0,847,0,0,Known Good,0.0,Known good/bad,0,Known good,1.0,4.382026634673881,0.04774127779006485,573.4837664362037
ACC-10008689,CUS-20008689,Adam Green,176 Oak Road,SO8 7DY,1991-09-05,33,2024-09-06,unemployed,0,professional,homeowner_mortgage,126,3,0,10600.0,703.85,249.4,717.74,-263.29,0.2823,3200.0,car,43,partially_verified,web,14,0,0,refer,pass,57,3,0.3517,0,0,0,full,0,0,0,0,0,0,0,0,0,0,0,0,905,0,0,Known Good,0.0,Known good/bad,0,Known good,1.0,4.844187086458591,0.0409683584781233,578.102804645082
ACC-10008696,CUS-20008696,Ava Roberts,176 Park Avenue,L29 4QY,2001-04-23,23,2024-09-06,retired,222,service,private_tenant,37,4,1,31500.0,2036.15,46.6,740.36,1249.19,0.0178,11800.0,car,86,verified,mobile,8,0,1,pass,pass,29,6,0.07,0,0,0,full,0,0,0,0,0,0,0,0,0,0,0,0,909,0,0,Known Good,0.0,Known good/bad,0,Known good,0.0,3.6375861597263857,0.020428498390184773,598.7927909193459
ACC-10008702,CUS-20008702,Priya Taylor,123 Church Street,SO18 1NH,1997-07-05,27,2024-12-07,employed,83,not_working,private_tenant,11,3,0,26100.0,1653.5,87.5,180.0,1386.0,0.0402,4000.0,home_improvement,90,verified,web,16,0,0,pass,pass,77,2,0.21,0,0,1,full,0,0,0,0,0,0,0,0,0,0,0,0,875,0,0,Known Good,0.0,Known good/bad,0,Known good,0.0,2.4849066497880004,0.028040134949856334,589.4295070913482
ACC-10008703,CUS-20008703,Noah Lewis,27 Church Street,EH8 1YT,1975-03-19,49,2024-12-23,unemployed,0,skilled,homeowner_mortgage,44,3,0,15400.0,1043.87,202.17,1154.32,-312.62,0.1575,19500.0,major_purchase,41,verified,mobile,16,0,1,pass,pass,354,5,0.2273,0,0,0,full,1,0,1,0,0,0,1,0,0,1,0,0,878,0,4,Known Bad,1.0,Known good/bad,1,Known bad,1.0,3.8066624897703196,0.040135772170483044,578.720272065606
ACC-10008707,CUS-20008707,Oliver Patel,14 Station Lane,CF10 2DS,1982-11-10,41,2024-07-29,self_employed,44,manual,homeowner_mortgage,47,4,2,35500.0,2331.68,308.39,1263.66,759.63,0.1042,6600.0,other,55,verified,branch,15,2,0,pass,pass,192,3,0.453,2,0,0,full,0,0,0,0,0,0,0,0,0,0,0,0,821,0,0,Known Good,0.0,Known good/bad,0,Known good,0.0,3.871201010907891,0.03703475806781772,581.1335143512445
ACC-10008711,CUS-20008711,Oliver Clarke,219 Church Street,B17 8VU,1985-10-15,39,2024-11-14,retired,59,manual,private_tenant,25,1,1,27000.0,1683.3,241.88,436.72,1004.7,0.1075,3700.0,car,67,verified,web,13,2,1,refer,pass,171,3,0.6271,2,0,0,full,0,1,0,0,1,1,1,0,0,0,0,0,807,0,4,Known Bad,1.0,Known good/bad,1,Known bad,0.0,3.258096538021482,0.04697549412459659,573.9735375955868
ACC-10008713,CUS-20008713,Amelia Clarke,155 Kingfisher Way,L7 3DA,1999-02-20,25,2024-09-11,employed,100,not_working,private_tenant,40,6,1,86500.0,5530.36,276.82,882.53,4371.01,0.0384,12800.0,car,116,verified,web,3,0,0,pass,pass,68,4,0.6795,0,0,0,full,0,0,0,0,0,0,0,0,0,0,0,0,842,0,0,Known Good,0.0,Known good/bad,0,Known good,0.0,3.713572066704308,0.03336266643589481,584.2562404665603
ACC-10008714,CUS-20008714,Oliver Jones,8 Kingfisher Way,G16 8DS,1980-05-16,44,2024-07-30,self_employed,64,managerial,homeowner_mortgage,52,2,2,31200.0,2035.64,384.08,632.72,1018.84,0.1477,11100.0,major_purchase,167,verified,mobile,0,4,0,pass,pass,294,1,0.0955,4,1,2,full,0,0,0,0,0,0,0,0,0,0,0,0,650,0,0,Known Good,0.0,Known good/bad,0,Known good,0.0,3.970291913552122,0.06191070253213603,565.5521667062923
ACC-10008725,CUS-20008725,Aisha Patel,153 Station Lane,B5 6FG,1988-04-29,36,2024-12-02,employed,23,not_working,living_with_family,174,2,0,42600.0,2736.04,72.82,987.03,1676.19,0.0205,15800.0,car,127,verified,mobile,8,1,0,pass,pass,67,0,0.0833,1,0,0,partial,0,0,0,0,0,0,0,0,0,0,0,0,925,0,0,Known Good,0.0,Known good/bad,0,Known good,0.0,5.1647859739235145,0.018403870383232174,601.8638452966215
ACC-10008735,CUS-20008735,Jack Khan,140 Park Avenue,NR21 2VF,1987-06-22,37,2024-11-20,part_time,70,service,homeowner_outright,45,2,2,39000.0,2469.56,675.35,142.45,1651.76,0.2078,10600.0,debt_consolidation,5,partially_verified,web,3,2,1,pass,pass,178,1,0.1343,2,0,2,none,0,0,0,0,0,0,0,0,0,0,0,0,820,0,0,Known Good,0.0,Known good/bad,0,Known good,0.0,3.828641396489095,0.0311814232476088,586.2722330707671
ACC-10008736,CUS-20008736,Ava Morgan,64 Mill View,EH10 1GW,1980-11-30,43,2024-08-09,part_time,83,manual,homeowner_mortgage,142,3,1,50900.0,3206.85,142.9,864.21,2199.74,0.0337,5500.0,home_improvement,26,verified,web,13,0,0,pass,pass,94,2,0.4448,0,0,1,full,0,0,0,0,0,0,0,0,0,0,0,0,802,0,0,Known Good,0.0,Known good/bad,0,Known good,0.0,4.962844630259907,0.02249328454461598,595.9536835041283
ACC-10008749,CUS-20008749,Theo Bennett,136 Park Avenue,M4 7LV,2002-10-07,21,2024-07-15,retired,30,manual,homeowner_mortgage,106,5,0,36900.0,2422.01,465.48,180.0,1776.53,0.1514,2700.0,home_improvement,17,verified,web,1,3,1,pass,pass,33,5,0.4669,3,0,1,full,0,0,0,0,0,0,0,0,0,0,0,0,768,0,0,Known Good,0.0,Known good/bad,0,Known good,0.0,4.672828834461906,0.03880050216388317,579.7366495136982
ACC-10008758,CUS-20008758,Sofia Evans,111 Oak Road,SO4 8VB,1986-06-22,38,2024-11-17,part_time,119,not_working,homeowner_mortgage,147,3,1,26600.0,1646.8,432.26,863.71,350.83,0.195,12500.0,debt_consolidation,56,not_verified,web,17,1,0,pass,pass,108,3,0.5056,1,0,0,full,0,0,0,0,0,0,0,0,0,0,0,0,765,0,0,Known Good,0.0,Known good/bad,0,Known good,0.0,4.997212273764115,0.030124122992471653,587.2990558018341
ACC-10008761,CUS-20008761,Amelia Foster,153 Kingfisher Way,L27 7BF,1987-08-31,37,2024-09-03,employed,69,manual,homeowner_outright,40,1,0,35200.0,2244.62,299.33,40.4,1904.89,0.102,11100.0,education,29,verified,web,10,3,1,pass,pass,139,2,0.1366,3,0,0,full,0,0,0,0,0,0,0,0,0,0,0,0,809,0,0,Known Good,0.0,Known good/bad,0,Known good,0.0,3.713572066704308,0.012462918179650062,613.2852982744159
ACC-10008773,CUS-20008773,Amelia Evans,115 Highfield Gardens,B20 4XD,1975-10-04,48,2024-08-16,employed,112,skilled,private_tenant,59,2,0,56600.0,3566.94,604.68,990.35,1971.91,0.1282,8000.0,car,32,partially_verified,branch,14,2,0,pass,pass,357,1,0.5258,2,0,0,partial,0,0,0,0,0,0,0,0,0,0,0,0,794,0,0,Known Good,0.0,Known good/bad,0,Known good,0.0,4.0943445622221,0.038501302904666745,579.9689907902316
ACC-10008777,CUS-20008777,Sofia Morgan,122 Willow Drive,G7 7FJ,1964-12-20,59,2024-11-16,unemployed,54,manual,living_with_family,85,4,1,17300.0,1121.02,56.92,778.8,285.3,0.0395,7200.0,debt_consolidation,93,verified,mobile,23,2,0,refer,pass,417,6,0.2611,2,1,1,full,0,0,0,0,0,0,0,0,0,0,0,0,678,0,0,Known Good,0.0,Known good/bad,0,Known good,0.0,4.454347296253507,0.04674278101625763,574.1238777017372
ACC-10008780,CUS-20008780,Daniel Lewis,59 Highfield Gardens,PL6 7HW,1974-07-17,50,2024-10-03,employed,55,professional,social_tenant,33,7,1,20800.0,1331.32,88.2,862.4,380.72,0.0509,14700.0,debt_consolidation,39,partially_verified,web,6,2,1,pass,pass,115,4,0.4547,2,1,1,full,0,0,0,0,0,0,0,0,0,0,0,0,746,0,0,Known Good,0.0,Known good/bad,0,Known good,0.0,3.5263605246161616,0.0634246864390934,564.8084486987984
ACC-10008782,CUS-20008782,Isla Patel,145 Willow Drive,B2 7BY,1963-02-26,61,2024-12-05,unemployed,0,service,private_tenant,36,1,1,10800.0,738.0,119.38,386.33,232.29,0.1326,16200.0,debt_consolidation,56,not_verified,web,23,0,0,pass,pass,490,2,0.1823,0,0,0,partial,0,0,0,0,0,0,0,0,0,0,0,0,841,0,0,Known Good,0.0,Known good/bad,0,Known good,0.0,3.6109179126442243,0.024406547242146453,593.5416753532844
ACC-10008795,CUS-20008795,Jack Bennett,82 Park Avenue,CF6 2BN,1961-07-05,63,2024-12-07,employed,149,manual,homeowner_mortgage,105,4,3,16100.0,1042.98,524.35,805.17,-286.54,0.3908,2400.0,car,18,verified,web,3,6,1,pass,refer,533,1,0.2679,6,0,1,partial,0,0,0,0,0,0,0,0,0,0,0,0,787,0,0,Known Good,0.0,Known good/bad,0,Known good,1.0,4.663439094112067,0.09151840890265099,553.3493443140512
ACC-10008796,CUS-20008796,Ava Davies,217 Church Street,LS25 2NN,1962-03-15,62,2024-08-05,employed,102,service,private_tenant,43,1,1,29100.0,1821.06,551.7,670.76,598.6,0.2275,8100.0,major_purchase,94,verified,mobile,17,2,0,pass,pass,515,3,0.2765,2,0,0,full,0,0,0,0,0,0,0,0,0,0,0,0,822,0,0,Known Good,0.0,Known good/bad,0,Known good,0.0,3.784189633918261,0.03566508462254992,582.2618758544054
ACC-10008808,CUS-20008808,Freya Jones,216 Meadow Close,NR12 8NR,1978-12-10,46,2024-12-16,employed,35,service,living_with_family,71,2,0,30000.0,1788.92,80.57,831.64,876.71,0.0322,6800.0,debt_consolidation,23,verified,web,2,1,1,pass,pass,208,0,0.212,1,0,0,full,0,0,0,0,0,0,0,0,0,0,0,0,957,0,0,Known Good,0.0,Known good/bad,0,Known good,0.0,4.276666119016055,0.02380921726397324,594.274296851491
ACC-10008810,CUS-20008810,Amelia Hughes,66 Station Lane,LS19 1HP,1993-07-15,31,2024-11-21,retired,74,service,living_with_family,72,1,1,15500.0,1019.85,562.02,840.81,-382.98,0.4351,3300.0,debt_consolidation,38,partially_verified,branch,8,1,0,pass,pass,130,2,0.2443,1,0,0,none,0,0,0,0,0,0,0,0,0,0,0,0,792,0,0,Known Good,0.0,Known good/bad,0,Known good,1.0,4.290459441148391,0.05218033707023769,570.7835646427939
ACC-10008816,CUS-20008816,Leo Khan,9 Meadow Close,G11 7BB,1958-04-04,66,2024-10-04,retired,57,managerial,homeowner_mortgage,73,4,0,27300.0,1828.01,471.35,564.6,792.06,0.2072,4100.0,car,32,verified,mobile,7,0,0,pass,pass,406,2,0.3951,0,0,0,full,0,0,0,0,0,0,0,0,0,0,0,0,821,0,0,Known Good,0.0,Known good/bad,0,Known good,0.0,4.30406509320417,0.027284879543057382,590.2397514931815
ACC-10008819,CUS-20008819,George Patel,196 Kingfisher Way,G2 8XS,1984-02-26,40,2024-09-10,employed,30,skilled,social_tenant,40,2,1,21100.0,1329.47,173.63,635.45,520.39,0.0987,7000.0,debt_consolidation,153,verified,mobile,23,1,0,pass,pass,119,2,0.1264,1,0,0,full,0,0,0,0,0,0,0,0,0,0,0,0,909,0,0,Known Good,0.0,Known good/bad,0,Known good,0.0,3.713572066704308,0.02556902817238681,592.1646913359243
ACC-10008820,CUS-20008820,Ava Jones,244 Highfield Gardens,NG28 6EU,1965-08-22,59,2024-08-31,employed,142,professional,social_tenant,57,2,0,30000.0,1902.22,275.73,720.48,906.01,0.1103,8300.0,debt_consolidation,30,verified,web,19,0,1,pass,pass,158,4,0.4311,0,0,0,full,0,0,0,0,0,0,0,0,0,0,0,0,865,0,0,Known Good,0.0,Known good/bad,0,Known good,0.0,4.060443010546419,0.027243647936866407,590.2846101455907
ACC-10008821,CUS-20008821,Sofia Foster,219 Oak Road,L13 4TS,1995-10-31,28,2024-09-29,self_employed,94,manual,living_with_family,67,4,1,28400.0,1888.65,150.85,1076.18,661.62,0.0637,8700.0,debt_consolidation,41,verified,telephone,6,1,1,pass,pass,81,4,0.2817,1,1,1,full,0,0,0,0,0,0,0,0,0,0,0,0,746,0,0,Known Good,0.0,Known good/bad,0,Known good,0.0,4.219507705176107,0.04406311156194478,575.908318055747
ACC-10008822,CUS-20008822,Theo Wilson,56 Mill View,L9 5NU,1987-06-21,37,2024-07-17,employed,24,administrative,homeowner_mortgage,43,4,1,53900.0,3618.69,413.3,1055.09,2150.3,0.092,6400.0,debt_consolidation,73,verified,telephone,17,0,1,pass,pass,202,5,0.0,0,1,1,full,0,0,0,0,0,0,0,0,0,0,0,0,828,0,0,Known Good,0.0,Known good/bad,0,Known good,0.0,3.784189633918261,0.0338643643359774,583.8105946564257
ACC-10008823,CUS-20008823,Jack Morgan,233 Mill View,LS3 2YX,1986-06-16,38,2024-11-21,employed,103,manual,private_tenant,108,2,0,36900.0,2283.59,357.69,925.99,999.91,0.1163,6600.0,home_improvement,64,not_verified,branch,9,1,0,pass,pass,226,4,0.5316,1,0,1,full,1,0,0,1,1,1,1,0,1,1,1,1,819,0,9,Known Bad,1.0,Known good/bad,1,Known bad,0.0,4.6913478822291435,0.03053984329733485,586.8912170519004
ACC-10008824,CUS-20008824,Oliver Foster,11 Oak Road,RG12 9LR,1992-08-27,32,2024-12-10,employed,39,manual,private_tenant,90,1,0,16100.0,1032.67,322.64,418.93,291.1,0.2405,9300.0,home_improvement,11,verified,mobile,18,3,0,pass,pass,160,3,0.4638,3,1,1,none,0,0,0,0,0,0,0,0,0,0,0,0,636,0,0,Known Good,0.0,Known good/bad,0,Known good,0.0,4.51085950651685,0.07090740762763306,561.3591586809489
ACC-10008829,CUS-20008829,Priya Hughes,51 Church Street,G7 5QJ,1989-02-18,35,2024-10-16,employed,58,administrative,homeowner_mortgage,116,1,0,31800.0,2147.72,544.88,1209.27,393.57,0.2056,14900.0,home_improvement,79,verified,mobile,18,2,0,pass,pass,202,4,0.8757,2,0,0,full,0,0,0,0,0,0,0,0,0,0,0,0,760,0,0,Known Good,0.0,Known good/bad,0,Known good,0.0,4.762173934797756,0.048139745139426184,573.23186368696
ACC-10008832,CUS-20008832,Noah Jones,79 Highfield Gardens,PL8 4WX,1988-01-08,36,2024-07-19,employed,69,manual,homeowner_mortgage,102,1,1,26200.0,1681.84,600.9,1132.05,-51.11,0.2752,4900.0,major_purchase,158,verified,mobile,22,0,0,refer,refer,202,2,0.2652,0,0,0,full,0,0,0,0,0,0,0,0,0,0,0,0,897,0,0,Known Good,0.0,Known good/bad,0,Known good,1.0,4.634728988229636,0.039373283503836315,579.2966161574536
ACC-10008834,CUS-20008834,Isla Khan,28 Park Avenue,G4 9PD,1975-07-30,49,2024-08-26,part_time,143,skilled,homeowner_mortgage,51,1,1,47000.0,3032.38,93.21,1313.71,1625.46,0.0238,14300.0,car,39,partially_verified,mobile,20,2,0,pass,pass,362,1,0.2363,2,0,0,full,0,0,0,0,0,0,0,0,0,0,0,0,812,0,0,Known Good,0.0,Known good/bad,0,Known good,0.0,3.9512437185814275,0.029045831995591083,588.3828789483621
ACC-10008839,CUS-20008839,Noah Patel,124 Willow Drive,B7 5NE,1969-05-10,55,2024-11-26,employed,25,not_working,homeowner_outright,49,1,1,24600.0,1565.16,60.04,50.39,1454.73,0.0293,7200.0,home_improvement,33,verified,web,16,3,0,pass,pass,291,1,0.4143,3,0,0,full,0,0,0,0,0,0,0,0,0,0,0,0,827,0,0,Known Good,0.0,Known good/bad,0,Known good,0.0,3.912023005428146,0.03855412420575086,579.9278470577518
ACC-10008844,CUS-20008844,Jack Wilson,70 Victoria Road,EH15 8PE,1994-03-31,30,2024-11-09,part_time,18,manual,homeowner_outright,167,3,0,20300.0,1248.42,162.07,58.33,1028.02,0.0958,7200.0,major_purchase,57,verified,web,8,1,0,pass,pass,75,3,0.1406,1,0,0,full,0,0,0,0,0,0,0,0,0,0,0,0,901,0,0,Known Good,0.0,Known good/bad,0,Known good,0.0,5.123963979403259,0.020496332126965312,598.69514082489
ACC-10008845,CUS-20008845,Priya Patel,118 Kingfisher Way,PL10 5QP,1988-05-19,36,2024-07-24,employed,131,manual,homeowner_mortgage,109,1,1,50600.0,3248.78,727.51,731.99,1789.28,0.1725,7100.0,education,117,verified,web,18,1,0,pass,pass,120,2,0.5064,1,0,0,none,0,0,0,0,0,0,0,0,0,0,0,0,738,0,0,Known Good,0.0,Known good/bad,0,Known good,0.0,4.700480365792417,0.01150841060769523,615.6122398999171
ACC-10008846,CUS-20008846,Daniel Evans,150 Willow Drive,B9 8NG,1987-07-04,37,2024-10-18,employed,110,skilled,social_tenant,11,2,1,17900.0,1140.91,288.78,1056.67,-204.54,0.1936,6800.0,debt_consolidation,118,verified,web,2,3,0,pass,pass,137,3,0.4723,3,0,0,full,0,0,0,0,0,0,0,0,0,0,0,0,827,0,0,Known Good,0.0,Known good/bad,0,Known good,1.0,2.4849066497880004,0.0897087425097195,553.983030823151
ACC-10008847,CUS-20008847,Freya Hughes,208 Church Street,SO9 1NV,1998-06-14,26,2024-12-23,employed,60,professional,private_tenant,62,2,0,47600.0,3058.64,242.77,180.0,2635.87,0.0612,5000.0,debt_consolidation,83,verified,mobile,19,0,0,pass,pass,70,3,0.1676,0,0,0,full,0,0,0,0,0,0,0,0,0,0,0,0,930,0,0,Known Good,0.0,Known good/bad,0,Known good,0.0,4.143134726391533,0.02099481294777793,597.9871094833002
ACC-10008849,CUS-20008849,Sofia Hughes,163 Kingfisher Way,BS11 7TA,1997-03-21,27,2024-07-20,employed,41,administrative,homeowner_mortgage,41,3,2,41000.0,2530.47,522.27,1329.38,678.82,0.1529,7900.0,debt_consolidation,51,verified,web,21,0,1,pass,pass,61,3,0.6076,0,0,0,full,0,0,0,0,0,0,0,0,0,0,0,0,858,0,0,Known Good,0.0,Known good/bad,0,Known good,0.0,3.7376696182833684,0.034072958163896966,583.6271784695502
ACC-10008850,CUS-20008850,Leo Jones,233 Willow Drive,M17 2RX,1971-09-22,52,2024-08-08,unemployed,0,administrative,homeowner_mortgage,84,3,0,13200.0,823.79,181.83,1185.68,-543.72,0.1653,14800.0,debt_consolidation,100,verified,mobile,17,1,0,refer,pass,332,3,0.1776,1,0,0,full,0,0,1,0,0,1,0,1,0,0,0,0,871,0,3,Known Bad,1.0,Known good/bad,1,Known bad,1.0,4.442651256490317,0.03992729611333541,578.8768038228043
ACC-10008851,CUS-20008851,Freya Hughes,89 Victoria Road,G25 9SY,1992-03-10,32,2024-09-09,employed,50,service,homeowner_mortgage,45,4,2,21300.0,1340.8,902.13,180.0,258.67,0.5082,16200.0,education,59,partially_verified,web,6,0,1,pass,pass,64,1,0.3803,0,0,0,full,0,0,0,0,0,0,0,0,0,0,0,0,832,0,0,Known Good,0.0,Known good/bad,0,Known good,0.0,3.828641396489095,0.013414270263974357,611.134955017623
ACC-10008853,CUS-20008853,Daniel Khan,165 Meadow Close,RG13 7RA,1993-02-24,31,2024-12-16,part_time,80,service,homeowner_mortgage,78,1,0,40600.0,2553.53,265.39,344.17,1943.97,0.0784,3200.0,major_purchase,54,verified,web,15,2,1,pass,pass,149,4,0.1477,2,0,0,partial,0,0,0,0,0,0,0,0,0,0,0,0,815,0,0,Known Good,0.0,Known good/bad,0,Known good,0.0,4.3694478524670215,0.02629611917227617,591.3341019474507
ACC-10008857,CUS-20008857,Daniel Taylor,123 Mill View,S29 1TY,2001-12-18,22,2024-07-06,part_time,18,managerial,homeowner_mortgage,29,1,0,29000.0,1860.93,87.55,1038.42,734.96,0.0362,7200.0,home_improvement,43,partially_verified,web,7,2,0,pass,pass,21,2,0.2949,2,0,0,none,0,0,0,0,0,0,0,0,0,0,0,0,797,0,0,Known Good,0.0,Known good/bad,0,Known good,0.0,3.4011973816621555,0.0335681780332717,584.0729126000513
ACC-10008859,CUS-20008859,Oliver Evans,139 Victoria Road,G14 9JQ,1963-09-09,61,2024-09-17,employed,183,professional,homeowner_mortgage,127,3,2,70200.0,4643.56,186.19,833.73,3623.64,0.0318,8000.0,car,105,partially_verified,mobile,21,1,0,pass,pass,369,7,0.6139,1,0,0,partial,0,0,0,0,0,0,0,0,0,0,0,0,738,0,0,Known Good,0.0,Known good/bad,0,Known good,0.0,4.852030263919617,0.029898377513775963,587.5228118567779
ACC-10008862,CUS-20008862,Jack Shah,84 Station Lane,NE2 4QQ,1983-12-01,41,2024-12-17,employed,76,administrative,private_tenant,159,4,0,46800.0,2887.28,306.6,180.0,2400.68,0.0786,23900.0,major_purchase,48,verified,mobile,10,1,0,pass,pass,145,5,0.1797,1,0,0,full,0,0,0,0,0,0,0,0,0,0,0,0,841,0,0,Known Good,0.0,Known good/bad,0,Known good,0.0,5.075173815233827,0.021056810229147405,597.900202739407
ACC-10008863,CUS-20008863,Priya Foster,236 Station Lane,RG8 9PD,1989-10-22,34,2024-10-04,employed,31,not_working,homeowner_outright,117,1,1,39100.0,2431.2,163.65,88.82,2178.73,0.0502,5200.0,home_improvement,153,partially_verified,mobile,14,1,0,pass,pass,107,4,0.2437,1,0,0,full,0,0,0,0,0,0,0,0,0,0,0,0,855,0,0,Known Good,0.0,Known good/bad,0,Known good,0.0,4.770684624465665,0.022825797522506727,595.5204482744105
ACC-10008865,CUS-20008865,Sofia Khan,208 Willow Drive,CF3 3AG,1971-11-12,52,2024-10-04,unemployed,105,managerial,social_tenant,99,2,2,14800.0,951.35,250.92,567.85,132.58,0.2034,6200.0,home_improvement,76,verified,branch,9,1,1,pass,pass,126,4,0.4957,1,0,0,none,0,0,0,0,0,0,0,0,0,0,0,0,779,0,0,Known Good,0.0,Known good/bad,0,Known good,1.0,4.605170185988092,0.05130652448727441,571.2974325995468
ACC-10008866,CUS-20008866,Jack Morgan,172 Oak Road,BS10 2QY,1991-05-07,33,2024-08-02,employed,50,not_working,living_with_family,112,2,0,26600.0,1630.75,179.42,604.3,847.03,0.0809,25500.0,debt_consolidation,93,verified,web,12,0,0,pass,pass,140,6,0.6312,0,0,0,full,0,0,0,0,0,0,0,0,0,0,0,0,842,0,0,Known Good,0.0,Known good/bad,0,Known good,0.0,4.727387818712341,0.028082985253543895,589.3841747709209
ACC-10008868,CUS-20008868,Adam Clarke,28 Oak Road,NE5 4HS,1974-09-03,49,2024-08-09,employed,52,skilled,private_tenant,72,2,2,96800.0,5918.18,20.0,366.47,5531.71,0.0025,6700.0,home_improvement,51,verified,mobile,3,2,0,pass,pass,365,5,0.0603,2,0,0,full,0,0,0,0,0,0,0,0,0,0,0,0,945,0,0,Known Good,0.0,Known good/bad,0,Known good,0.0,4.290459441148391,0.02350704783672883,594.6517633796888
ACC-10008870,CUS-20008870,George Hughes,156 Station Lane,CF18 7AW,1977-02-08,47,2024-12-08,employed,70,administrative,private_tenant,35,3,1,37000.0,2410.02,790.54,835.87,783.61,0.2564,2600.0,other,82,verified,telephone,23,1,0,pass,refer,164,1,0.6178,1,0,0,full,0,0,0,0,0,0,0,0,0,0,0,0,891,0,0,Known Good,0.0,Known good/bad,0,Known good,0.0,3.58351893845611,0.04320592791942669,576.5010218073934
ACC-10008872,CUS-20008872,Theo Khan,121 Church Street,L29 9BU,1964-10-07,60,2024-11-16,employed,45,manual,homeowner_outright,65,2,3,33000.0,2138.3,469.6,53.25,1615.45,0.1708,9300.0,education,67,verified,branch,7,2,0,pass,pass,415,2,0.4136,2,0,1,full,0,0,0,0,0,0,0,0,0,0,0,0,881,0,0,Known Good,0.0,Known good/bad,0,Known good,0.0,4.189654742026425,0.013265395825710737,611.461325691623
ACC-10008874,CUS-20008874,Jack Taylor,49 Oak Road,BS18 7LX,1972-02-26,52,2024-10-17,employed,32,managerial,private_tenant,96,2,1,24300.0,1517.0,336.73,751.98,428.29,0.1663,4700.0,debt_consolidation,59,verified,mobile,22,1,1,pass,pass,124,3,0.3745,1,0,0,none,0,0,0,0,0,0,0,0,0,0,0,0,774,0,0,Known Good,0.0,Known good/bad,0,Known good,0.0,4.574710978503383,0.028462468572314492,588.9856168265308
ACC-10008877,CUS-20008877,Aisha Wilson,149 Highfield Gardens,M1 2LP,1964-10-24,60,2024-12-09,employed,24,professional,private_tenant,62,2,1,58600.0,3827.74,155.67,1019.6,2652.47,0.0319,7600.0,car,102,verified,mobile,19,2,0,pass,pass,485,3,0.2331,2,0,0,full,0,0,0,0,0,0,0,0,0,0,0,0,851,0,0,Known Good,0.0,Known good/bad,0,Known good,0.0,4.143134726391533,0.02824699066860326,589.2112879837393
ACC-10008882,CUS-20008882,Jack Bennett,21 Willow Drive,G25 9YJ,1988-03-16,36,2024-07-09,self_employed,22,managerial,homeowner_mortgage,126,1,1,77800.0,5133.24,352.11,763.34,4017.79,0.0543,4000.0,car,33,verified,web,20,2,1,refer,pass,86,4,0.4074,2,0,0,full,0,0,0,0,0,0,0,0,0,0,0,0,822,0,0,Known Good,0.0,Known good/bad,0,Known good,0.0,4.844187086458591,0.02944359717599176,587.978600447646
ACC-10008883,CUS-20008883,Sofia Lewis,241 Oak Road,EH26 5NQ,1979-10-18,44,2024-07-05,employed,69,professional,living_with_family,126,3,0,33300.0,2111.75,63.39,1029.26,1019.1,0.0228,7300.0,car,87,verified,mobile,12,1,0,pass,pass,287,3,0.2627,1,0,0,full,0,0,0,0,0,0,0,0,0,0,0,0,790,0,0,Known Good,0.0,Known good/bad,0,Known good,0.0,4.844187086458591,0.02244973149310207,596.0108921428417
ACC-10008885,CUS-20008885,Daniel Hughes,209 Mill View,CF6 4RH,1975-12-15,48,2024-10-11,employed,122,skilled,homeowner_mortgage,190,2,2,15200.0,962.5,548.67,1067.79,-653.96,0.4332,8800.0,home_improvement,49,partially_verified,telephone,6,0,0,pass,pass,178,3,0.0896,0,0,0,full,0,0,0,0,0,0,0,0,0,0,0,0,838,0,0,Known Good,0.0,Known good/bad,0,Known good,1.0,5.25227342804663,0.03472554159396045,583.0602782983644
ACC-10008886,CUS-20008886,Priya Foster,124 Victoria Road,L2 4VJ,1956-01-12,68,2024-12-28,unemployed,24,professional,private_tenant,95,2,1,8700.0,561.66,182.92,555.96,-177.22,0.2523,3900.0,car,82,partially_verified,web,12,0,0,pass,pass,252,5,0.4182,0,0,0,full,0,0,0,0,0,0,0,0,0,0,0,0,889,0,0,Known Good,0.0,Known good/bad,0,Known good,1.0,4.564348191467836,0.04419672077143471,575.8169258257785
ACC-10008889,CUS-20008889,Isla Hughes,209 Victoria Road,G25 9GJ,1975-09-14,49,2024-10-29,employed,45,manual,social_tenant,17,3,0,19200.0,1177.31,346.76,1078.42,-247.87,0.2167,7000.0,car,60,verified,web,17,1,0,pass,pass,265,0,0.5835,1,0,0,none,0,0,0,0,0,0,0,0,0,0,0,0,734,0,0,Known Good,0.0,Known good/bad,0,Known good,1.0,2.8903717578961645,0.07253142091856511,560.6552839939807
ACC-10008891,CUS-20008891,Jack Evans,79 Park Avenue,BS23 4DE,1978-09-12,46,2024-12-13,employed,69,skilled,living_with_family,83,1,2,61400.0,3907.44,159.71,973.17,2774.56,0.0312,6800.0,car,5,verified,web,7,1,0,pass,pass,245,3,0.4156,1,0,1,full,0,0,0,0,0,0,0,0,0,0,0,0,830,0,0,Known Good,0.0,Known good/bad,0,Known good,0.0,4.430816798843313,0.027313640954458575,590.2084990018757
ACC-10008895,CUS-20008895,Maya Wilson,123 Station Lane,S21 7TQ,1990-06-05,34,2024-10-25,self_employed,5,skilled,homeowner_mortgage,21,3,0,34900.0,2268.81,367.38,947.31,954.12,0.1263,2600.0,major_purchase,5,verified,telephone,3,2,1,pass,pass,113,2,0.6795,2,0,0,full,0,0,0,0,0,0,0,0,0,0,0,0,812,0,0,Known Good,0.0,Known good/bad,0,Known good,0.0,3.091042453358316,0.05092961297962566,571.5216447710178
ACC-10008898,CUS-20008898,Isla Khan,19 Park Avenue,RG17 6NL,1995-04-16,29,2024-07-28,self_employed,76,professional,living_with_family,88,2,0,35200.0,2169.52,559.89,795.54,814.09,0.1909,30000.0,major_purchase,36,verified,web,8,1,0,pass,pass,45,2,0.5262,1,0,2,full,0,0,0,0,0,0,0,0,0,0,0,0,683,0,0,Known Good,0.0,Known good/bad,0,Known good,0.0,4.48863636973214,0.033153331016620206,584.4441037625643
ACC-10008899,CUS-20008899,Aisha Shah,48 Highfield Gardens,OX4 5QF,1973-02-16,51,2024-09-22,employed,32,administrative,private_tenant,18,6,2,47500.0,3098.31,68.05,664.41,2365.85,0.0172,8500.0,major_purchase,145,verified,web,5,0,0,pass,pass,162,3,0.3857,0,1,1,full,0,0,0,0,0,0,0,0,0,0,0,0,804,0,0,Known Good,0.0,Known good/bad,0,Known good,0.0,2.9444389791664403,0.049791597911342994,572.2082710730872
ACC-10008903,CUS-20008903,Theo Roberts,231 Church Street,EH11 7YB,1972-06-19,52,2024-10-01,part_time,194,not_working,homeowner_mortgage,147,3,1,16100.0,993.06,95.51,642.27,255.28,0.0712,24400.0,debt_consolidation,45,partially_verified,web,5,1,0,pass,pass,197,3,0.3559,1,0,1,full,0,0,0,0,0,0,0,0,0,0,0,0,794,0,0,Known Good,0.0,Known good/bad,0,Known good,0.0,4.997212273764115,0.02443963850991986,593.5016019863768
ACC-10008907,CUS-20008907,Noah Hughes,141 Mill View,S13 9BX,1989-01-14,35,2024-08-28,employed,21,administrative,living_with_family,97,3,0,93000.0,5822.28,214.36,238.05,5369.87,0.0277,5000.0,debt_consolidation,17,verified,web,23,2,0,pass,pass,66,3,0.3405,2,0,0,partial,0,0,0,0,0,0,0,0,0,0,0,0,777,0,0,Known Good,0.0,Known good/bad,0,Known good,0.0,4.584967478670572,0.02855932082335773,588.8847227014243
ACC-10008909,CUS-20008909,George Lewis,200 Kingfisher Way,M28 3SE,1990-08-21,34,2024-11-07,employed,56,service,living_with_family,167,1,1,22700.0,1456.65,386.14,582.62,487.89,0.2041,13800.0,other,47,not_verified,mobile,0,3,1,pass,pass,134,3,0.0,3,0,0,full,0,0,0,0,0,0,0,0,0,0,0,0,847,0,0,Known Good,0.0,Known good/bad,0,Known good,0.0,5.123963979403259,0.025830212576148825,591.8637125840238
ACC-10008911,CUS-20008911,Freya Roberts,151 Park Avenue,RG5 3DS,1991-06-24,33,2024-08-06,unemployed,11,not_working,homeowner_mortgage,156,1,4,12800.0,789.9,89.75,919.86,-219.71,0.0841,12800.0,car,7,not_verified,mobile,11,1,0,pass,pass,164,2,0.1803,1,0,0,full,0,0,0,0,0,0,0,0,0,0,0,0,945,0,0,Known Good,0.0,Known good/bad,0,Known good,1.0,5.056245805348308,0.03420476253763396,583.5118408017426
ACC-10008913,CUS-20008913,Daniel Khan,125 Mill View,G8 2XE,1986-04-04,38,2024-12-05,employed,5,skilled,social_tenant,73,1,0,35000.0,2230.48,23.65,1431.52,775.31,0.0081,4500.0,major_purchase,97,verified,web,22,2,1,pass,pass,75,3,0.599,2,0,0,full,0,0,0,0,0,0,0,0,0,0,0,0,837,0,0,Known Good,0.0,Known good/bad,0,Known good,0.0,4.30406509320417,0.036201236855556984,581.8152973065933
ACC-10008918,CUS-20008918,Isla Davies,226 Mill View,RG16 4NF,1988-08-03,36,2024-09-22,employed,58,manual,private_tenant,236,2,0,31600.0,1988.72,360.1,766.42,862.2,0.1367,4900.0,car,110,partially_verified,mobile,22,1,1,pass,pass,134,4,0.0939,1,0,0,partial,0,0,0,0,0,0,0,0,0,0,0,0,900,0,0,Known Good,0.0,Known good/bad,0,Known good,0.0,5.4680601411351315,0.019219979740285668,600.5878935905903
ACC-10008920,CUS-20008920,Aisha Khan,243 Kingfisher Way,L27 8XS,1967-08-02,57,2024-08-14,employed,68,managerial,social_tenant,21,4,0,63200.0,4080.25,157.82,1216.13,2706.3,0.03,2900.0,debt_consolidation,120,verified,web,17,2,0,pass,pass,227,3,0.3657,2,0,1,full,0,0,0,0,0,0,0,0,0,0,0,0,863,0,0,Known Good,0.0,Known good/bad,0,Known good,0.0,3.091042453358316,0.037163927141461106,581.0291827663405
ACC-10008921,CUS-20008921,Sofia Taylor,215 Park Avenue,NE23 1PF,1989-12-07,34,2024-07-22,employed,34,service,homeowner_outright,44,2,0,47800.0,3016.15,823.61,2.18,2190.36,0.2068,4200.0,car,69,verified,mobile,13,1,0,pass,refer,85,1,0.3703,1,1,1,full,0,0,0,0,0,0,0,0,0,0,0,0,781,0,0,Known Good,0.0,Known good/bad,0,Known good,0.0,3.8066624897703196,0.055777478024117096,568.7503219150286
ACC-10008928,CUS-20008928,Priya Davies,76 Highfield Gardens,LS2 9FB,1972-05-04,52,2024-10-23,employed,28,managerial,private_tenant,20,3,0,41500.0,2835.83,108.03,1005.13,1722.67,0.0312,2700.0,debt_consolidation,173,not_verified,mobile,5,1,1,pass,pass,202,3,0.2079,1,0,1,full,0,0,0,0,0,0,0,0,0,0,0,0,810,0,0,Known Good,0.0,Known good/bad,0,Known good,0.0,3.044522437723423,0.028982483866742674,588.4477596630753
ACC-10008938,CUS-20008938,Noah Taylor,131 Meadow Close,NG20 6WB,1969-07-09,55,2024-12-14,part_time,48,skilled,private_tenant,39,2,0,55700.0,3529.33,107.01,776.61,2645.71,0.0231,30000.0,education,126,verified,mobile,0,0,0,pass,pass,257,3,0.3111,0,0,0,full,0,0,0,0,0,0,0,0,0,0,0,0,981,0,0,Known Good,0.0,Known good/bad,0,Known good,0.0,3.6888794541139363,0.0090903855373646,622.4882397148713
ACC-10008942,CUS-20008942,Sofia Shah,134 Kingfisher Way,B24 5JY,1979-09-09,44,2024-09-03,retired,70,manual,private_tenant,104,4,1,26600.0,1660.75,567.99,1104.0,-11.24,0.2562,7000.0,car,15,verified,web,23,1,0,fail,pass,261,5,0.8534,1,0,0,none,0,0,0,0,0,0,0,0,0,0,0,0,732,0,0,Known Good,0.0,Known good/bad,0,Known good,1.0,4.653960350157523,0.06964882678875393,561.9149647384411
ACC-10008943,CUS-20008943,Freya Morgan,156 Church Street,OX12 6BN,1985-06-01,39,2024-11-07,employed,50,managerial,homeowner_mortgage,84,4,0,77100.0,4846.32,152.06,397.83,4296.43,0.0237,4800.0,debt_consolidation,133,not_verified,mobile,15,3,0,pass,pass,139,3,0.6688,3,0,0,partial,0,0,0,0,0,0,0,0,0,0,0,0,811,0,0,Known Good,0.0,Known good/bad,0,Known good,0.0,4.442651256490317,0.043108170579032865,576.5693282526747
ACC-10008944,CUS-20008944,Priya Patel,234 Meadow Close,L10 7UU,1954-02-11,70,2024-12-25,employed,120,skilled,living_with_family,207,2,3,34500.0,2145.38,1615.13,1274.53,-744.28,0.5618,15700.0,home_improvement,87,verified,web,4,1,1,pass,refer,228,6,0.1069,1,1,1,full,1,0,0,1,0,0,0,0,0,1,0,0,879,0,3,Known Bad,1.0,Known good/bad,1,Known bad,1.0,5.337538079701318,0.072610152591002,560.6215310663687
ACC-10008947,CUS-20008947,Adam Lewis,59 Church Street,CF5 2JF,1981-08-07,43,2024-10-28,employed,97,professional,private_tenant,19,4,0,11200.0,727.91,167.29,788.56,-227.94,0.1792,9300.0,car,46,not_verified,mobile,2,1,0,refer,pass,139,4,0.2804,1,0,0,full,0,0,0,0,0,0,0,0,0,0,0,0,838,0,0,Known Good,0.0,Known good/bad,0,Known good,1.0,2.995732273553991,0.055037214492553575,569.1584392849256
ACC-10008950,CUS-20008950,Priya Evans,175 Oak Road,L14 8SA,2005-08-11,19,2024-10-03,employed,27,managerial,private_tenant,32,4,1,43900.0,2700.97,31.04,803.38,1866.55,0.0085,20800.0,home_improvement,78,verified,mobile,14,0,0,pass,pass,10,6,0.5668,0,0,0,full,0,0,0,0,0,0,0,0,0,0,0,0,847,0,0,Known Good,0.0,Known good/bad,0,Known good,0.0,3.4965075614664802,0.030919784361557633,586.5231547410125
ACC-10008951,CUS-20008951,Oliver Jones,3 Highfield Gardens,S2 3ED,1973-01-24,51,2024-10-18,employed,113,service,private_tenant,68,4,0,30800.0,1911.51,305.01,829.75,776.75,0.1188,3200.0,debt_consolidation,48,verified,telephone,12,1,1,pass,pass,295,4,0.1482,1,0,0,full,0,0,0,0,0,0,0,0,0,0,0,0,816,0,0,Known Good,0.0,Known good/bad,0,Known good,0.0,4.23410650459726,0.024252659277777165,593.7287316995521
ACC-10008955,CUS-20008955,Jack Foster,55 Kingfisher Way,SO14 5FL,1973-09-15,50,2024-07-13,part_time,35,not_working,homeowner_mortgage,17,1,2,20500.0,1282.85,335.21,535.44,412.2,0.1962,28600.0,major_purchase,170,verified,web,14,1,0,pass,fail,255,0,0.422,1,0,0,full,0,0,0,0,0,0,0,0,0,0,0,0,769,0,0,Known Good,0.0,Known good/bad,0,Known good,0.0,2.8903717578961645,0.039643336344906265,579.0912764940895
ACC-10008959,CUS-20008959,Noah Lewis,196 Victoria Road,CF10 6PV,1963-10-29,61,2024-12-06,unemployed,27,service,social_tenant,50,2,1,17500.0,1135.62,94.77,580.59,460.26,0.065,3700.0,other,34,verified,web,8,3,0,pass,pass,269,1,0.2256,3,0,0,full,0,0,0,0,0,0,0,0,0,0,0,0,783,0,0,Known Good,0.0,Known good/bad,0,Known good,0.0,3.9318256327243257,0.03394843752134317,583.7365384682678
ACC-10008963,CUS-20008963,Leo Patel,161 Oak Road,B15 6NG,1977-01-24,47,2024-11-20,self_employed,189,managerial,private_tenant,9,1,0,50000.0,3117.15,156.82,624.49,2335.84,0.0376,6900.0,debt_consolidation,58,verified,web,20,3,0,pass,fail,294,2,0.5877,3,0,0,full,0,0,0,0,0,0,0,0,0,0,0,0,782,0,0,Known Good,0.0,Known good/bad,0,Known good,0.0,2.302585092994046,0.057406233574776276,567.870012844187
ACC-10008966,CUS-20008966,Priya Davies,148 Church Street,LS12 5HN,1984-07-07,40,2024-10-10,part_time,147,skilled,homeowner_mortgage,10,2,0,23100.0,1406.47,264.6,709.44,432.43,0.1375,3100.0,car,116,verified,mobile,20,1,0,pass,pass,179,5,0.1568,1,0,1,full,0,0,0,0,0,0,0,0,0,0,0,0,834,0,0,Known Good,0.0,Known good/bad,0,Known good,0.0,2.3978952727983707,0.03335355646771942,584.2643922818538
ACC-10008980,CUS-20008980,Jack Jones,55 Park Avenue,NG19 3SL,1991-02-20,33,2024-09-19,employed,23,service,homeowner_mortgage,169,3,0,20200.0,1242.37,98.49,767.81,376.07,0.0585,10900.0,debt_consolidation,43,partially_verified,branch,20,1,0,pass,pass,110,3,0.321,1,1,1,full,0,0,0,0,0,0,0,0,0,0,0,0,842,0,0,Known Good,0.0,Known good/bad,0,Known good,0.0,5.135798437050262,0.039096675420090654,579.5083452413714
ACC-10008984,CUS-20008984,Ava Davies,94 Park Avenue,LS25 7XE,1999-06-04,25,2024-09-04,unemployed,10,administrative,private_tenant,107,1,0,11000.0,683.41,158.11,678.71,-153.41,0.1725,6600.0,car,117,verified,web,4,2,0,pass,pass,45,5,0.5531,2,0,0,full,0,0,0,0,0,0,0,0,0,0,0,0,864,0,0,Known Good,0.0,Known good/bad,0,Known good,1.0,4.68213122712422,0.05897529262063347,567.0438767187443
ACC-10008994,CUS-20008994,Sofia Taylor,57 Station Lane,L16 2DF,1952-11-15,71,2024-09-22,self_employed,40,skilled,homeowner_outright,119,3,3,60300.0,3732.32,345.05,99.97,3287.3,0.0687,2700.0,major_purchase,45,verified,telephone,15,1,0,fail,pass,596,2,0.27,1,0,0,full,0,0,0,0,0,0,0,0,0,0,0,0,862,0,0,Known Good,0.0,Known good/bad,0,Known good,0.0,4.787491742782046,0.023563068021978984,594.5814274311927
ACC-10008998,CUS-20008998,Amelia Hughes,146 Victoria Road,S2 4EF,1979-02-01,45,2024-07-12,employed,32,not_working,homeowner_mortgage,93,1,2,17200.0,1078.19,494.51,843.98,-260.3,0.345,8100.0,home_improvement,86,verified,web,12,2,1,pass,pass,291,2,0.3118,2,0,0,full,0,0,0,0,0,0,0,0,0,0,0,0,837,0,0,Known Good,0.0,Known good/bad,0,Known good,1.0,4.543294782270004,0.05640855696642205,568.4064042001743
ACC-10008999,CUS-20008999,Jack Lewis,246 Willow Drive,NG6 7HD,1979-10-23,44,2024-07-31,retired,18,not_working,living_with_family,54,5,1,21700.0,1305.31,224.73,607.95,472.63,0.1243,6600.0,car,81,partially_verified,telephone,14,1,0,pass,pass,278,5,0.0628,1,0,0,full,0,0,0,1,1,1,1,1,0,1,0,0,906,0,6,Known Bad,1.0,Known good/bad,1,Known bad,0.0,4.007333185232471,0.02359362003054406,594.5431367001497
ACC-10009001,CUS-20009001,Theo Green,127 Highfield Gardens,G3 5BS,1985-02-16,39,2024-12-11,employed,52,manual,living_with_family,36,1,0,30300.0,1912.89,312.4,570.34,1030.15,0.1237,5700.0,other,125,partially_verified,web,0,1,0,pass,pass,204,2,0.3959,1,0,0,full,0,1,0,0,0,1,0,0,1,0,0,0,775,0,3,Known Bad,1.0,Known good/bad,1,Known bad,0.0,3.6109179126442243,0.03282676908137537,584.7394691547943
ACC-10009002,CUS-20009002,Oliver Clarke,96 Victoria Road,M9 6DG,1980-12-24,43,2024-11-11,self_employed,59,administrative,homeowner_mortgage,130,4,1,23500.0,1542.5,402.24,817.05,323.21,0.2054,14000.0,major_purchase,77,verified,mobile,16,2,1,pass,pass,257,3,0.1785,2,0,0,full,0,0,0,0,0,0,0,0,0,0,0,0,881,0,0,Known Good,0.0,Known good/bad,0,Known good,0.0,4.875197323201151,0.027206950381587533,590.3245914357271
ACC-10009008,CUS-20009008,Daniel Morgan,223 Victoria Road,OX8 6BU,1973-01-28,51,2024-09-16,employed,72,managerial,living_with_family,92,1,0,57000.0,3598.48,82.21,792.51,2723.76,0.0173,2800.0,major_purchase,50,verified,branch,1,1,0,pass,pass,258,4,0.1144,1,0,0,full,0,0,0,0,0,0,0,0,0,0,0,0,860,0,0,Known Good,0.0,Known good/bad,0,Known good,0.0,4.532599493153256,0.020883309544718908,598.1440469834073
ACC-10009017,CUS-20009017,George Patel,46 Kingfisher Way,G10 9TG,1974-06-18,50,2024-10-20,employed,221,professional,homeowner_mortgage,121,2,1,24000.0,1499.71,220.38,516.31,763.02,0.1102,8500.0,debt_consolidation,90,verified,web,6,1,0,pass,pass,371,1,0.5085,1,0,0,full,0,0,0,0,0,0,0,0,0,0,0,0,768,0,0,Known Good,0.0,Known good/bad,0,Known good,0.0,4.804021044733257,0.029310199153930235,588.1135893567413
ACC-10009019,CUS-20009019,Noah Taylor,171 Station Lane,NR8 6AG,1992-03-31,32,2024-11-26,self_employed,72,administrative,homeowner_outright,40,3,1,26800.0,1687.56,444.56,112.39,1130.61,0.1991,14300.0,car,48,verified,web,17,2,1,pass,pass,68,6,0.5383,2,0,0,partial,0,0,0,0,0,0,0,0,0,0,0,0,843,0,0,Known Good,0.0,Known good/bad,0,Known good,0.0,3.713572066704308,0.043470060581808335,576.3171984914215
ACC-10009020,CUS-20009020,Noah Morgan,151 Kingfisher Way,OX22 5SL,1995-03-15,29,2024-10-11,employed,90,professional,private_tenant,14,3,0,95400.0,6015.92,122.98,897.12,4995.82,0.0155,12400.0,home_improvement,37,verified,web,2,2,0,fail,pass,123,2,0.4259,2,0,2,partial,0,0,0,0,0,0,0,0,0,0,0,0,827,0,0,Known Good,0.0,Known good/bad,0,Known good,0.0,2.70805020110221,0.0410222967616572,578.0632181882654
ACC-10009022,CUS-20009022,Isla Roberts,72 Meadow Close,NR13 4RL,1996-05-29,28,2024-11-20,employed,72,not_working,private_tenant,58,2,1,35000.0,2171.63,174.12,400.82,1596.69,0.0597,6500.0,home_improvement,48,verified,web,22,2,0,pass,pass,111,0,0.7421,2,0,0,full,0,0,0,0,0,0,0,0,0,0,0,0,768,0,0,Known Good,0.0,Known good/bad,0,Known good,0.0,4.07753744390572,0.04360732492690168,576.2220898824072
ACC-10009027,CUS-20009027,Isla Davies,71 Mill View,G12 2NN,1968-10-23,55,2024-09-07,employed,135,skilled,homeowner_mortgage,41,4,2,84100.0,5358.69,102.03,781.48,4475.18,0.0146,5900.0,debt_consolidation,95,verified,web,13,1,0,pass,pass,328,1,0.3398,1,0,0,full,0,0,0,0,0,0,0,0,0,0,0,0,892,0,0,Known Good,0.0,Known good/bad,0,Known good,0.0,3.7376696182833684,0.028431491517566927,589.0179569761978
ACC-10009029,CUS-20009029,Priya Clarke,67 Mill View,B14 7GU,1968-01-23,56,2024-08-28,employed,68,administrative,homeowner_outright,56,3,0,30100.0,1864.38,369.01,138.05,1357.32,0.1471,30000.0,car,91,verified,mobile,2,1,0,pass,pass,352,2,0.1729,1,0,0,partial,0,0,0,0,0,0,0,0,0,0,0,0,798,0,0,Known Good,0.0,Known good/bad,0,Known good,0.0,4.04305126783455,0.026048083334216647,591.61490468119
ACC-10009033,CUS-20009033,Amelia Green,238 Park Avenue,L2 7JE,1974-06-07,50,2024-09-07,unemployed,74,professional,homeowner_outright,30,3,0,12600.0,746.37,385.0,163.0,198.37,0.3667,30000.0,debt_consolidation,107,verified,mobile,1,1,1,pass,pass,133,1,0.2065,1,0,0,full,0,0,0,0,0,0,0,0,0,0,0,0,867,0,0,Known Good,0.0,Known good/bad,0,Known good,0.0,3.4339872044851463,0.0345897961406692,583.1773493888993
ACC-10009035,CUS-20009035,Freya Shah,247 Church Street,RG7 3DQ,1990-02-28,34,2024-11-08,retired,70,service,private_tenant,58,1,2,34000.0,2053.44,153.95,913.44,986.05,0.0543,3400.0,car,87,verified,mobile,17,0,0,pass,pass,136,6,0.5823,0,0,0,full,0,0,0,0,0,0,0,0,0,0,0,0,849,0,0,Known Good,0.0,Known good/bad,0,Known good,0.0,4.07753744390572,0.029443837663130287,587.9783576284465
ACC-10009036,CUS-20009036,Ava Hughes,156 Highfield Gardens,NG18 9GW,1971-04-14,53,2024-09-15,employed,63,manual,social_tenant,69,3,0,26900.0,1645.86,469.63,752.98,423.25,0.2095,11700.0,car,130,partially_verified,telephone,18,1,0,pass,pass,193,5,0.1939,1,0,0,full,0,0,0,0,0,0,0,0,0,0,0,0,866,0,0,Known Good,0.0,Known good/bad,0,Known good,0.0,4.248495242049359,0.02679958398426075,590.7719647302177
ACC-10009038,CUS-20009038,Freya Hughes,174 Kingfisher Way,B10 5GF,1990-08-07,34,2024-08-10,employed,43,managerial,homeowner_outright,76,3,0,28600.0,1824.78,144.6,119.96,1560.22,0.0607,6700.0,car,63,partially_verified,mobile,10,1,0,pass,pass,142,4,0.6675,1,0,0,full,0,0,0,0,0,0,0,0,0,0,0,0,841,0,0,Known Good,0.0,Known good/bad,0,Known good,0.0,4.343805421853684,0.0345867009076834,583.1800239758917
ACC-10009041,CUS-20009041,Freya Patel,9 Oak Road,M1 7XH,1988-05-16,36,2024-11-05,employed,122,administrative,homeowner_outright,125,3,1,30500.0,1939.17,914.41,108.46,916.3,0.3598,4800.0,debt_consolidation,21,verified,telephone,12,4,0,pass,pass,169,3,0.1633,4,0,1,full,0,0,0,0,0,0,0,0,0,0,0,0,781,0,0,Known Good,0.0,Known good/bad,0,Known good,0.0,4.836281906951478,0.0393126034326379,579.3429411622512
ACC-10009044,CUS-20009044,Oliver Evans,193 Meadow Close,NG23 4BB,1971-05-16,53,2024-08-09,employed,67,service,homeowner_outright,87,2,0,53400.0,3452.1,687.08,178.51,2586.51,0.1544,7300.0,home_improvement,68,verified,mobile,15,3,0,pass,pass,215,5,0.0553,3,1,1,full,0,0,0,0,0,0,0,0,0,0,0,0,788,0,0,Known Good,0.0,Known good/bad,0,Known good,0.0,4.477336814478207,0.04893722582586769,572.7336030739872
ACC-10009045,CUS-20009045,Amelia Taylor,121 Park Avenue,NG12 8AL,1994-02-12,30,2024-09-02,self_employed,84,skilled,homeowner_mortgage,60,1,0,16800.0,1071.23,362.16,862.2,-153.13,0.2587,7200.0,car,38,verified,branch,3,1,1,pass,pass,140,9,0.5221,1,0,0,full,0,0,0,0,0,0,0,0,0,0,0,0,864,0,0,Known Good,0.0,Known good/bad,0,Known good,1.0,4.110873864173311,0.05886351522541716,567.1020432919447
ACC-10009059,CUS-20009059,Isla Clarke,100 Mill View,EH1 8TS,1967-06-30,57,2024-10-09,employed,21,professional,private_tenant,104,1,0,49500.0,2988.89,295.05,995.79,1698.05,0.0715,16100.0,debt_consolidation,25,verified,web,18,2,0,pass,refer,327,7,0.8567,2,0,0,none,0,0,0,0,0,0,0,0,0,0,0,0,691,0,0,Known Good,0.0,Known good/bad,0,Known good,0.0,4.653960350157523,0.043883569935613286,576.0315464536335
ACC-10009068,CUS-20009068,Freya Hughes,186 Willow Drive,BS26 4JQ,1977-11-13,46,2024-10-05,unemployed,0,administrative,private_tenant,85,3,1,14900.0,924.14,345.45,377.0,201.69,0.2782,6100.0,debt_consolidation,113,verified,mobile,18,1,0,pass,pass,256,1,0.2084,1,0,0,full,0,0,0,0,0,0,0,0,0,0,0,0,900,0,0,Known Good,0.0,Known good/bad,0,Known good,0.0,4.454347296253507,0.02755234640668224,589.9503462239874
ACC-10009075,CUS-20009075,Adam Evans,98 Church Street,M14 8XD,2006-01-04,18,2024-08-28,employed,93,skilled,social_tenant,29,3,1,63600.0,4128.41,240.64,430.32,3457.45,0.0454,7400.0,home_improvement,53,verified,mobile,19,1,0,pass,pass,0,1,0.2523,1,0,0,full,0,0,0,0,0,0,0,0,0,0,0,0,832,0,0,Known Good,0.0,Known good/bad,0,Known good,0.0,3.4011973816621555,0.028630076218535836,588.8112242279005
ACC-10009077,CUS-20009077,Adam Morgan,112 Willow Drive,BS18 4SH,1970-11-23,53,2024-08-16,employed,26,administrative,homeowner_mortgage,81,3,1,35900.0,2242.9,304.29,1104.35,834.26,0.1017,19300.0,other,72,verified,web,2,3,0,pass,refer,251,3,0.4241,3,0,0,full,0,0,0,0,0,0,0,0,0,0,0,0,812,0,0,Known Good,0.0,Known good/bad,0,Known good,0.0,4.406719247264253,0.03778513972131148,580.532240557138
ACC-10009081,CUS-20009081,Daniel Jones,128 Church Street,BS19 3FN,1991-06-27,33,2024-10-14,retired,31,skilled,living_with_family,40,2,1,53500.0,3366.94,368.34,252.72,2745.88,0.0826,6900.0,debt_consolidation,131,verified,branch,23,2,1,pass,pass,63,4,0.616,2,0,2,full,0,0,0,0,0,0,0,0,0,0,0,0,759,0,0,Known Good,0.0,Known good/bad,0,Known good,0.0,3.713572066704308,0.042542189494624565,576.9677307390518
ACC-10009084,CUS-20009084,Daniel Lewis,138 Church Street,OX10 5VH,1985-09-30,39,2024-12-19,employed,41,professional,private_tenant,33,2,1,53100.0,3439.88,461.93,974.67,2003.28,0.1044,7900.0,debt_consolidation,107,verified,web,4,2,1,pass,pass,102,0,0.0853,2,0,1,full,0,0,0,0,0,0,0,0,0,0,0,0,867,0,0,Known Good,0.0,Known good/bad,0,Known good,0.0,3.5263605246161616,0.029234861200977468,588.1900892802624
ACC-10009091,CUS-20009091,Maya Lewis,95 Mill View,S11 1TV,1974-10-27,49,2024-08-24,employed,51,managerial,social_tenant,53,2,1,14200.0,891.39,130.51,995.81,-234.93,0.1103,2800.0,debt_consolidation,44,verified,web,16,1,0,pass,pass,182,1,0.4954,1,0,0,full,1,0,1,0,0,0,0,1,0,1,0,0,786,0,4,Known Bad,1.0,Known good/bad,1,Known bad,1.0,3.9889840465642745,0.05297266886231407,570.3245954266386
ACC-10009102,CUS-20009102,Aisha Khan,83 Station Lane,PL1 2AE,1979-05-12,45,2024-12-04,employed,91,administrative,private_tenant,88,2,0,55400.0,3516.06,255.38,1051.67,2209.01,0.0553,9600.0,debt_consolidation,59,verified,mobile,13,0,0,pass,pass,193,3,0.6685,0,0,1,full,0,0,0,0,0,0,0,0,0,0,0,0,808,0,0,Known Good,0.0,Known good/bad,0,Known good,0.0,4.48863636973214,0.029526307644734996,587.8952011124842
ACC-10009106,CUS-20009106,Oliver Hughes,7 Highfield Gardens,NR26 6FJ,1981-04-19,43,2024-11-14,employed,70,not_working,private_tenant,34,2,1,20300.0,1307.85,168.09,520.34,619.42,0.0994,2200.0,debt_consolidation,93,verified,web,20,0,1,pass,pass,161,3,0.2105,0,0,0,full,0,0,0,0,0,0,0,0,0,0,0,0,888,0,0,Known Good,0.0,Known good/bad,0,Known good,0.0,3.5553480614894135,0.024594131921271894,593.3152084494822
ACC-10009107,CUS-20009107,Amelia Green,217 Willow Drive,NG13 6VP,1973-06-29,51,2024-10-30,employed,75,administrative,private_tenant,35,1,2,39400.0,2580.44,253.73,795.16,1531.55,0.0773,5200.0,home_improvement,83,verified,branch,13,3,0,pass,pass,202,2,0.1389,3,1,1,full,0,0,0,0,0,0,0,0,0,0,0,0,720,0,0,Known Good,0.0,Known good/bad,0,Known good,0.0,3.58351893845611,0.0569990953729989,568.0878407482337
ACC-10009110,CUS-20009110,Maya Bennett,168 Kingfisher Way,SO1 2QT,1973-03-12,51,2024-10-25,unemployed,17,skilled,private_tenant,22,3,0,10900.0,655.94,112.8,863.4,-320.26,0.1242,5900.0,debt_consolidation,85,verified,telephone,5,2,0,pass,pass,167,1,0.6628,2,0,0,full,0,0,0,0,0,0,0,0,0,0,0,0,806,0,0,Known Good,0.0,Known good/bad,0,Known good,1.0,3.1354942159291497,0.07893977145211423,558.0123012135992
ACC-10009112,CUS-20009112,Noah Shah,163 Kingfisher Way,OX28 4AU,1984-09-17,39,2024-08-31,part_time,63,skilled,homeowner_mortgage,57,4,1,16800.0,1041.75,131.09,1009.41,-98.75,0.0936,3400.0,car,71,partially_verified,web,13,1,1,pass,pass,162,3,0.4331,1,0,0,full,0,0,0,0,0,0,0,0,0,0,0,0,852,0,0,Known Good,0.0,Known good/bad,0,Known good,1.0,4.060443010546419,0.049307002600940945,572.5051777141794
ACC-10009123,CUS-20009123,Isla Shah,78 Meadow Close,NG26 4QF,1982-02-08,42,2024-10-16,self_employed,64,service,private_tenant,117,3,0,19800.0,1292.05,109.51,987.19,195.35,0.0664,6300.0,home_improvement,52,verified,mobile,22,0,0,pass,pass,262,6,0.711,0,0,0,full,0,0,0,0,0,0,0,0,0,0,0,0,792,0,0,Known Good,0.0,Known good/bad,0,Known good,0.0,4.770684624465665,0.02941248001034368,588.0100355984264
ACC-10009129,CUS-20009129,Sofia Evans,49 Station Lane,S10 3JY,1986-03-03,38,2024-09-24,employed,70,service,homeowner_mortgage,99,3,0,41600.0,2625.81,127.26,597.0,1901.55,0.0367,7100.0,car,54,partially_verified,mobile,23,1,1,pass,pass,169,3,0.5218,1,0,0,partial,0,0,0,0,0,0,0,0,0,0,0,0,840,0,0,Known Good,0.0,Known good/bad,0,Known good,0.0,4.605170185988092,0.029017266438669018,588.412118582462
ACC-10009133,CUS-20009133,Aisha Lewis,42 Oak Road,OX13 2TT,1968-09-05,55,2024-08-27,employed,45,professional,homeowner_outright,69,2,1,22200.0,1402.18,1270.17,154.69,-22.68,0.6866,9000.0,car,86,verified,mobile,1,1,0,fail,pass,342,2,0.1193,1,0,0,full,0,0,0,0,0,0,0,0,0,0,0,0,944,0,0,Known Good,0.0,Known good/bad,0,Known good,1.0,4.248495242049359,0.05685995952201934,568.1626167191689
ACC-10009138,CUS-20009138,Aisha Roberts,228 Mill View,EH6 5HF,1954-01-21,70,2024-12-20,employed,57,not_working,private_tenant,112,1,1,32400.0,2152.02,173.03,922.67,1056.32,0.0641,3000.0,debt_consolidation,208,verified,web,19,5,0,pass,pass,241,0,0.5464,5,0,0,full,0,0,0,0,0,0,0,0,0,0,0,0,794,0,0,Known Good,0.0,Known good/bad,0,Known good,0.0,4.727387818712341,0.04991412556206978,572.1336334344371
ACC-10009149,CUS-20009149,Isla Green,219 Station Lane,B12 4PQ,1964-01-16,60,2024-11-22,self_employed,47,professional,homeowner_mortgage,86,2,2,9300.0,589.24,44.73,595.16,-50.65,0.0577,5800.0,car,78,not_verified,web,11,1,1,pass,pass,155,4,0.0214,1,0,0,full,0,0,0,0,0,0,0,0,0,0,0,0,890,0,0,Known Good,0.0,Known good/bad,0,Known good,1.0,4.465908118654584,0.03254242947460541,584.9989667130154
ACC-10009155,CUS-20009155,Freya Taylor,210 Willow Drive,G27 9HE,1992-02-16,32,2024-08-23,unemployed,40,managerial,living_with_family,176,2,0,16400.0,1042.94,226.05,809.65,7.24,0.1654,3500.0,home_improvement,41,verified,web,20,2,1,pass,pass,136,3,0.352,2,1,1,full,0,0,0,0,0,0,0,0,0,0,0,0,711,0,0,Known Good,0.0,Known good/bad,0,Known good,1.0,5.176149732573829,0.07749797808095425,558.5893061466318
ACC-10009157,CUS-20009157,Jack Green,21 Park Avenue,PL7 1RH,1991-02-23,33,2024-09-02,retired,41,administrative,private_tenant,63,1,0,47200.0,2833.02,288.47,246.68,2297.87,0.0733,7000.0,car,70,verified,web,13,0,0,pass,pass,120,1,0.7792,0,0,0,full,0,0,0,0,0,0,0,0,0,0,0,0,771,0,0,Known Good,0.0,Known good/bad,0,Known good,0.0,4.1588830833596715,0.034457287400002694,583.2920570814883
ACC-10009161,CUS-20009161,Maya Taylor,163 Victoria Road,G18 7BD,1967-07-15,57,2024-07-15,employed,63,service,private_tenant,87,4,0,56400.0,3625.75,270.6,740.87,2614.28,0.0576,10200.0,home_improvement,43,verified,mobile,20,1,1,pass,pass,370,5,0.1644,1,0,0,full,0,0,0,0,0,0,0,0,0,0,0,0,919,0,0,Known Good,0.0,Known good/bad,0,Known good,0.0,4.477336814478207,0.02258910017250841,595.828205912529
ACC-10009164,CUS-20009164,Maya Morgan,3 Park Avenue,RG3 4LU,1983-03-03,41,2024-07-10,self_employed,34,skilled,private_tenant,155,3,1,46200.0,2864.07,123.42,739.53,2001.12,0.0321,12900.0,education,10,verified,telephone,1,0,0,pass,pass,85,3,0.2549,0,0,0,full,0,0,0,0,0,0,0,0,0,0,0,0,848,0,0,Known Good,0.0,Known good/bad,0,Known good,0.0,5.049856007249537,0.006974233983065591,630.1959276996686
ACC-10009166,CUS-20009166,Priya Foster,124 Mill View,NR17 5BY,1985-03-16,39,2024-10-08,employed,77,administrative,homeowner_mortgage,36,1,1,16200.0,1014.65,35.26,1189.63,-210.24,0.0261,7200.0,debt_consolidation,116,verified,mobile,11,0,0,pass,refer,111,4,0.6721,0,1,1,full,0,0,0,0,0,0,0,0,0,0,0,0,731,0,0,Known Good,0.0,Known good/bad,0,Known good,1.0,3.6109179126442243,0.08889188984200212,554.272847147684
ACC-10009170,CUS-20009170,Priya Shah,228 Park Avenue,RG3 3UG,1961-11-07,62,2024-07-15,employed,126,not_working,homeowner_outright,81,1,1,38900.0,2441.69,582.12,129.41,1730.16,0.1796,10200.0,home_improvement,42,verified,web,21,2,0,pass,pass,492,4,0.3635,2,0,0,full,0,0,0,0,0,0,0,0,0,0,0,0,854,0,0,Known Good,0.0,Known good/bad,0,Known good,0.0,4.406719247264253,0.03339555214440737,584.2268314263478
ACC-10009178,CUS-20009178,Noah Roberts,79 Park Avenue,SO25 5SL,1962-07-23,62,2024-09-05,employed,89,professional,homeowner_mortgage,51,2,1,27600.0,1630.56,472.27,620.07,538.22,0.2053,9200.0,car,57,not_verified,mobile,13,2,1,pass,pass,253,3,0.1594,2,0,0,partial,0,0,0,0,0,0,0,0,0,0,0,0,861,0,0,Known Good,0.0,Known good/bad,0,Known good,0.0,3.9512437185814275,0.03112961601278833,586.3217559601994
ACC-10009181,CUS-20009181,Sofia Khan,42 Church Street,S13 8DP,1980-06-28,44,2024-08-15,employed,25,managerial,private_tenant,119,2,0,21700.0,1374.04,70.81,754.14,549.09,0.0392,9700.0,debt_consolidation,111,verified,branch,15,0,0,pass,pass,128,6,0.4381,0,0,0,full,0,0,0,0,0,0,0,0,0,0,0,0,824,0,0,Known Good,0.0,Known good/bad,0,Known good,0.0,4.787491742782046,0.02311485433973502,595.1488117080432
ACC-10009198,CUS-20009198,Freya Wilson,45 Park Avenue,NE8 6QS,1973-12-24,50,2024-09-29,part_time,35,manual,homeowner_mortgage,48,2,2,39100.0,2472.17,198.46,899.16,1374.55,0.0609,3500.0,major_purchase,99,verified,mobile,7,0,0,pass,pass,375,3,0.0431,0,1,1,full,0,0,0,0,0,0,0,0,0,0,0,0,905,0,0,Known Good,0.0,Known good/bad,0,Known good,0.0,3.8918202981106265,0.033680600890267365,583.9730830358088
ACC-10009200,CUS-20009200,Daniel Foster,8 Highfield Gardens,L21 9NX,1992-01-25,32,2024-07-16,employed,21,managerial,private_tenant,14,2,2,50500.0,3171.2,834.53,401.57,1935.1,0.1983,11400.0,major_purchase,23,verified,mobile,5,1,0,pass,pass,107,3,0.2914,1,0,0,partial,0,0,0,0,0,0,0,0,0,0,0,0,828,0,0,Known Good,0.0,Known good/bad,0,Known good,0.0,2.70805020110221,0.036872019944810853,581.2654593496208
ACC-10009204,CUS-20009204,Oliver Bennett,177 Park Avenue,G14 2ER,1975-05-26,49,2024-12-26,employed,121,manual,living_with_family,36,3,1,30900.0,1958.75,106.83,718.78,1133.14,0.0415,3900.0,home_improvement,41,verified,web,20,1,0,pass,pass,330,4,0.2537,1,0,0,full,0,0,0,0,0,0,0,0,0,0,0,0,851,0,0,Known Good,0.0,Known good/bad,0,Known good,0.0,3.6109179126442243,0.027623862558851842,589.8734266649471
ACC-10009218,CUS-20009218,Aisha Morgan,213 Highfield Gardens,BS17 5AL,2000-04-09,24,2024-12-28,employed,39,professional,homeowner_mortgage,81,4,0,68600.0,4259.24,821.34,928.41,2509.49,0.1437,29400.0,home_improvement,12,not_verified,branch,13,0,1,pass,pass,41,3,0.2038,0,0,0,full,0,0,0,0,0,0,0,0,0,0,0,0,931,0,0,Known Good,0.0,Known good/bad,0,Known good,0.0,4.406719247264253,0.021980877555133158,596.6337118696234
ACC-10009220,CUS-20009220,Ava Jones,67 Park Avenue,EH12 3WG,1970-12-07,53,2024-11-13,employed,66,professional,private_tenant,37,2,1,41900.0,2683.64,167.6,727.94,1788.1,0.048,8900.0,home_improvement,110,verified,web,8,0,0,pass,pass,134,1,0.4383,0,1,1,full,0,0,0,0,0,0,0,0,0,0,0,0,798,0,0,Known Good,0.0,Known good/bad,0,Known good,0.0,3.6375861597263857,0.04748742929023832,573.6452875801876
ACC-10009223,CUS-20009223,Priya Morgan,11 Mill View,NE2 1AA,1980-06-10,44,2024-07-30,employed,34,service,private_tenant,64,3,0,16000.0,1050.69,635.76,774.34,-359.41,0.4768,6700.0,car,55,verified,web,21,2,1,pass,pass,110,2,0.0638,2,0,0,full,0,0,0,0,0,0,0,0,0,0,0,0,867,0,0,Known Good,0.0,Known good/bad,0,Known good,1.0,4.174387269895637,0.054088417622642423,569.6891509955595
ACC-10009226,CUS-20009226,Aisha Hughes,211 Meadow Close,EH10 7JW,1984-01-31,40,2024-11-12,employed,29,skilled,private_tenant,18,1,1,18800.0,1141.39,194.55,870.94,75.9,0.1242,5500.0,debt_consolidation,25,verified,branch,18,1,0,pass,refer,199,5,0.446,1,0,0,full,0,0,0,0,0,0,0,0,0,0,0,0,794,0,0,Known Good,0.0,Known good/bad,0,Known good,1.0,2.9444389791664403,0.06070021896305994,566.1591171459027
ACC-10009229,CUS-20009229,Isla Lewis,187 Highfield Gardens,NR19 6VJ,1968-06-18,56,2024-12-10,employed,49,service,private_tenant,66,3,0,22300.0,1399.82,149.21,422.36,828.25,0.0803,7600.0,debt_consolidation,86,verified,branch,9,4,0,pass,pass,339,2,0.0387,4,0,0,full,0,0,0,0,0,0,0,0,0,0,0,0,779,0,0,Known Good,0.0,Known good/bad,0,Known good,0.0,4.204692619390966,0.03228493137810294,585.2358654265253
ACC-10009239,CUS-20009239,Jack Wilson,50 Station Lane,OX12 7AQ,1989-04-24,35,2024-11-29,employed,89,manual,private_tenant,60,3,0,20700.0,1409.23,291.52,922.98,194.73,0.169,5800.0,debt_consolidation,44,partially_verified,web,1,4,1,pass,pass,198,5,0.6714,4,0,0,full,0,0,0,0,0,0,0,0,0,0,0,0,720,0,0,Known Good,0.0,Known good/bad,0,Known good,0.0,4.110873864173311,0.0574034003307629,567.8715236719679
ACC-10009250,CUS-20009250,Maya Morgan,85 Victoria Road,NG21 6SF,1991-05-23,33,2024-10-26,employed,98,managerial,private_tenant,105,1,0,57200.0,3821.71,109.45,595.05,3117.21,0.023,9900.0,car,87,verified,web,4,1,0,pass,pass,136,1,0.492,1,0,0,full,0,0,0,0,0,0,0,0,0,0,0,0,882,0,0,Known Good,0.0,Known good/bad,0,Known good,0.0,4.663439094112067,0.027791693462500947,589.6936723817452
ACC-10009252,CUS-20009252,Amelia Evans,42 Oak Road,SO9 1YB,1978-06-23,46,2024-08-11,employed,47,not_working,homeowner_outright,173,3,0,33000.0,2032.19,204.87,104.89,1722.43,0.0745,3800.0,debt_consolidation,98,verified,web,22,1,0,pass,pass,227,5,0.587,1,0,2,full,0,0,0,0,0,0,0,0,0,0,0,0,752,0,0,Known Good,0.0,Known good/bad,0,Known good,0.0,5.159055299214529,0.028710068358049966,588.7283429262366
ACC-10009258,CUS-20009258,Noah Roberts,202 Oak Road,NG29 2RR,1986-10-03,37,2024-09-09,part_time,48,administrative,homeowner_outright,24,2,0,64300.0,4255.49,272.26,104.52,3878.71,0.0508,3800.0,debt_consolidation,172,verified,mobile,10,3,0,pass,pass,127,4,0.3037,3,0,0,full,0,0,0,0,0,0,0,0,0,0,0,0,864,0,0,Known Good,0.0,Known good/bad,0,Known good,0.0,3.2188758248682006,0.040099648100397345,578.7473395019435
ACC-10009265,CUS-20009265,Oliver Bennett,207 Station Lane,M27 3BQ,1975-08-22,49,2024-10-19,unemployed,0,professional,social_tenant,32,1,1,12800.0,812.49,457.01,456.17,-100.69,0.4284,10900.0,debt_consolidation,108,partially_verified,mobile,22,0,0,pass,pass,244,4,0.1735,0,0,1,full,0,0,0,0,0,0,0,0,0,0,0,0,840,0,0,Known Good,0.0,Known good/bad,0,Known good,1.0,3.4965075614664802,0.04899064106934802,572.7005054740795
ACC-10009277,CUS-20009277,Theo Foster,98 Oak Road,G12 1LS,1972-12-04,51,2024-07-04,employed,15,not_working,homeowner_outright,95,1,0,43500.0,2786.38,245.74,38.11,2502.53,0.0678,10800.0,car,73,verified,web,21,1,0,refer,pass,300,4,0.4647,1,0,0,none,0,0,0,0,0,0,0,0,0,0,0,0,805,0,0,Known Good,0.0,Known good/bad,0,Known good,0.0,4.564348191467836,0.028540617967625203,588.9041801710092
ACC-10009279,CUS-20009279,Noah Clarke,100 Kingfisher Way,EH3 4JD,1994-04-06,30,2024-10-19,employed,90,managerial,living_with_family,55,2,1,23700.0,1495.52,665.53,585.15,244.84,0.337,8800.0,debt_consolidation,67,verified,telephone,8,0,0,refer,pass,54,3,0.309,0,0,0,full,0,0,0,0,0,0,0,0,0,0,0,0,878,0,0,Known Good,0.0,Known good/bad,0,Known good,0.0,4.02535169073515,0.029265489211246828,588.1589658422675
ACC-10009280,CUS-20009280,Freya Jones,230 Willow Drive,EH12 9HF,1967-05-06,57,2024-09-27,employed,124,professional,social_tenant,113,2,0,22500.0,1496.16,522.98,590.7,382.48,0.2789,10600.0,other,90,verified,mobile,13,2,1,pass,pass,345,4,0.266,2,0,1,full,0,0,0,0,0,0,0,0,0,0,0,0,817,0,0,Known Good,0.0,Known good/bad,0,Known good,0.0,4.736198448394496,0.03146334846288368,586.0041266610652
ACC-10009281,CUS-20009281,Ava Hughes,78 Oak Road,S11 7FG,1971-02-17,53,2024-09-06,employed,55,managerial,homeowner_outright,34,3,0,41000.0,2655.49,170.73,32.93,2451.83,0.05,3000.0,debt_consolidation,48,partially_verified,branch,4,0,0,refer,pass,280,2,0.7261,0,0,0,full,0,0,0,0,0,0,0,0,0,0,0,0,830,0,0,Known Good,0.0,Known good/bad,0,Known good,0.0,3.5553480614894135,0.03581217084028387,582.1387230052109
ACC-10009289,CUS-20009289,Oliver Roberts,233 Church Street,NG24 6EG,1977-12-18,46,2024-07-31,part_time,42,skilled,private_tenant,33,1,0,13400.0,838.15,594.62,1359.19,-1115.66,0.5325,1600.0,major_purchase,198,verified,web,2,1,1,pass,fail,183,0,0.3627,1,0,0,full,0,0,0,0,0,0,0,0,0,0,0,0,863,0,0,Known Good,0.0,Known good/bad,0,Known good,1.0,3.5263605246161616,0.06900687504636605,562.2020463333779
ACC-10009293,CUS-20009293,Aisha Morgan,245 Church Street,CF3 8TX,1961-03-17,63,2024-07-09,employed,64,skilled,social_tenant,112,4,0,34700.0,2066.05,380.1,630.99,1054.96,0.1314,25000.0,home_improvement,14,verified,branch,23,3,0,pass,pass,265,6,0.5055,3,0,0,partial,0,0,0,0,0,0,0,0,0,0,0,0,788,0,0,Known Good,0.0,Known good/bad,0,Known good,0.0,4.727387818712341,0.03909166618611488,579.5121927802654
ACC-10009296,CUS-20009296,Oliver Lewis,13 Mill View,CF3 8NJ,1990-01-02,34,2024-08-03,employed,16,service,social_tenant,28,4,2,56100.0,3554.27,745.08,554.98,2254.21,0.1594,5000.0,other,95,partially_verified,web,19,0,0,pass,pass,83,2,0.1673,0,0,0,full,0,0,0,0,0,0,0,0,0,0,0,0,869,0,0,Known Good,0.0,Known good/bad,0,Known good,0.0,3.367295829986474,0.02558316918085238,592.1483192995548
ACC-10009303,CUS-20009303,Maya Khan,241 Victoria Road,NE7 4TP,1973-03-08,51,2024-10-13,self_employed,19,skilled,homeowner_mortgage,46,2,3,20500.0,1310.57,206.47,544.2,559.9,0.1209,7800.0,car,59,verified,mobile,0,2,1,pass,pass,349,2,0.1281,2,0,0,full,0,0,0,0,0,0,0,0,0,0,0,0,836,0,0,Known Good,0.0,Known good/bad,0,Known good,0.0,3.8501476017100584,0.029045137665888544,588.3835893316943
ACC-10009304,CUS-20009304,Sofia Hughes,60 Station Lane,NR18 6BN,1991-10-15,33,2024-12-11,part_time,122,not_working,private_tenant,84,1,1,12000.0,746.5,384.67,835.22,-473.39,0.3847,2900.0,car,46,partially_verified,mobile,11,0,0,pass,pass,72,4,0.4663,0,0,0,full,0,0,0,0,0,0,0,0,0,0,0,0,802,0,0,Known Good,0.0,Known good/bad,0,Known good,1.0,4.442651256490317,0.05138015713380795,571.2538129841492
ACC-10009306,CUS-20009306,Aisha Roberts,160 Victoria Road,OX6 1QP,1979-07-03,45,2024-09-09,employed,83,skilled,homeowner_outright,64,1,1,15600.0,977.3,252.67,54.51,670.12,0.1944,10200.0,debt_consolidation,55,verified,branch,12,2,0,pass,pass,279,2,0.446,2,0,0,full,0,0,0,0,0,0,0,0,0,0,0,0,748,0,0,Known Good,0.0,Known good/bad,0,Known good,0.0,4.174387269895637,0.03740999316797479,580.8313929735862
ACC-10009313,CUS-20009313,Ava Roberts,179 Kingfisher Way,S24 2UE,1982-12-20,41,2024-07-17,employed,184,administrative,homeowner_mortgage,15,2,1,39100.0,2606.43,712.83,612.46,1281.14,0.2188,3400.0,home_improvement,89,verified,mobile,23,3,0,pass,pass,208,2,0.3973,3,0,0,full,0,0,0,0,0,0,0,0,0,0,0,0,809,0,0,Known Good,0.0,Known good/bad,0,Known good,0.0,2.772588722239781,0.0521928764219479,570.776249922567
ACC-10009317,CUS-20009317,Leo Clarke,66 Victoria Road,LS2 7GT,1983-09-11,40,2024-07-08,employed,12,service,private_tenant,140,3,0,60900.0,4002.15,752.66,1103.24,2146.25,0.1483,5800.0,car,84,verified,web,17,2,1,pass,pass,121,6,0.0714,2,0,0,full,0,0,0,0,0,0,0,0,0,0,0,0,909,0,0,Known Good,0.0,Known good/bad,0,Known good,0.0,4.948759890378168,0.02367348351957929,594.4432721440048
ACC-10009318,CUS-20009318,Freya Shah,201 Station Lane,BS22 4UL,1981-03-07,43,2024-10-02,part_time,122,administrative,social_tenant,85,6,0,34000.0,2286.65,153.63,740.67,1392.35,0.0542,6300.0,home_improvement,142,verified,mobile,19,0,1,pass,pass,96,5,0.146,0,0,1,full,0,0,0,0,0,0,0,0,0,0,0,0,865,0,0,Known Good,0.0,Known good/bad,0,Known good,0.0,4.454347296253507,0.019507406412607717,600.1511331828984
ACC-10009321,CUS-20009321,Ava Patel,209 Highfield Gardens,NG14 8SY,1994-12-11,29,2024-08-23,employed,50,managerial,homeowner_outright,76,4,0,22800.0,1393.48,561.54,155.82,676.12,0.2955,14700.0,home_improvement,41,not_verified,telephone,12,0,1,pass,pass,54,4,0.744,0,0,0,full,0,0,0,0,0,0,0,0,0,0,0,0,789,0,0,Known Good,0.0,Known good/bad,0,Known good,0.0,4.343805421853684,0.038126638703597435,580.2623904397153
ACC-10009327,CUS-20009327,Ava Evans,132 Highfield Gardens,EH19 1WS,1974-01-03,50,2024-07-31,part_time,88,service,private_tenant,111,5,0,34700.0,2124.23,44.88,311.98,1767.37,0.0155,10200.0,car,65,verified,web,18,3,0,pass,pass,238,3,0.4205,3,0,0,full,0,0,0,0,0,0,0,0,0,0,0,0,829,0,0,Known Good,0.0,Known good/bad,0,Known good,0.0,4.718498871295094,0.033686877048905634,583.9675193977763
ACC-10009331,CUS-20009331,Oliver Hughes,100 Willow Drive,PL27 8XY,1975-09-04,48,2024-08-22,employed,108,not_working,homeowner_mortgage,22,3,0,13100.0,800.59,352.35,497.78,-49.54,0.3228,2400.0,car,38,verified,mobile,21,1,0,pass,pass,161,4,0.2657,1,0,0,partial,0,0,0,0,0,0,0,0,0,0,0,0,853,0,0,Known Good,0.0,Known good/bad,0,Known good,1.0,3.1354942159291497,0.0588535723852882,567.1072223475613
ACC-10009333,CUS-20009333,Freya Roberts,165 Victoria Road,PL2 9AY,1992-08-05,32,2024-12-22,unemployed,0,not_working,private_tenant,89,1,1,8800.0,558.14,278.08,950.92,-670.86,0.3792,4900.0,debt_consolidation,106,verified,web,1,2,0,pass,pass,145,4,0.2008,2,0,0,partial,0,0,0,0,0,0,0,0,0,0,0,0,842,0,0,Known Good,0.0,Known good/bad,0,Known good,1.0,4.499809670330265,0.05336770584527332,570.0981810146558
ACC-10009334,CUS-20009334,Leo Roberts,18 Park Avenue,BS23 5GL,1976-01-30,48,2024-12-07,employed,77,managerial,private_tenant,81,1,0,26500.0,1638.71,157.39,572.54,908.78,0.0713,9000.0,car,50,verified,mobile,23,0,1,pass,fail,284,6,0.2621,0,0,0,partial,0,0,0,0,0,0,0,0,0,0,0,0,893,0,0,Known Good,0.0,Known good/bad,0,Known good,0.0,4.406719247264253,0.02185701882520712,596.8004126879194
ACC-10009340,CUS-20009340,Amelia Green,213 Station Lane,B17 5TX,1982-03-21,42,2024-08-15,self_employed,41,managerial,social_tenant,3,4,0,17500.0,1093.54,213.03,791.98,88.53,0.1461,8500.0,debt_consolidation,39,verified,web,19,1,1,pass,pass,105,5,0.2848,1,0,0,full,0,0,0,0,0,0,0,0,0,0,0,0,849,0,0,Known Good,0.0,Known good/bad,0,Known good,1.0,1.3862943611198906,0.06946489405902734,561.9969685383443
ACC-10009342,CUS-20009342,Leo Hughes,14 Station Lane,NE10 1UJ,1973-07-20,51,2024-07-22,employed,82,managerial,homeowner_mortgage,29,4,1,15100.0,997.03,47.3,843.11,106.62,0.0376,5200.0,major_purchase,97,verified,web,8,1,0,pass,refer,291,2,0.3105,1,0,1,none,0,0,0,0,0,0,0,0,0,0,0,0,786,0,0,Known Good,0.0,Known good/bad,0,Known good,1.0,3.4011973816621555,0.04782257674416599,573.4322092140441
ACC-10009344,CUS-20009344,Jack Shah,206 Church Street,RG24 3VB,1985-03-20,39,2024-11-22,self_employed,30,manual,homeowner_mortgage,79,3,0,32200.0,1939.6,175.18,966.51,797.91,0.0653,20300.0,debt_consolidation,81,partially_verified,mobile,19,0,1,pass,pass,121,0,0.5781,0,0,0,full,0,0,0,0,0,0,0,0,0,0,0,0,858,0,0,Known Good,0.0,Known good/bad,0,Known good,0.0,4.382026634673881,0.028151618130414124,589.3117062402138
ACC-10009347,CUS-20009347,Adam Shah,138 Park Avenue,PL29 7UN,1978-02-07,46,2024-11-20,self_employed,61,manual,homeowner_mortgage,31,1,1,57100.0,3608.93,154.05,593.41,2861.47,0.0324,11900.0,home_improvement,40,verified,web,19,1,0,pass,pass,137,3,0.1904,1,0,0,full,0,0,0,0,0,0,0,0,0,0,0,0,847,0,0,Known Good,0.0,Known good/bad,0,Known good,0.0,3.4657359027997265,0.026711373493092477,590.8697088103718
ACC-10009349,CUS-20009349,Isla Evans,99 Church Street,L25 5RR,1974-01-26,50,2024-10-20,employed,57,manual,social_tenant,68,1,0,57700.0,3560.39,266.03,993.41,2300.95,0.0553,5900.0,debt_consolidation,23,verified,mobile,0,0,0,pass,refer,191,3,0.1941,0,0,1,full,0,0,0,0,0,0,0,0,0,0,0,0,902,0,0,Known Good,0.0,Known good/bad,0,Known good,0.0,4.23410650459726,0.021040112822288636,597.9235842214375
ACC-10009351,CUS-20009351,Ava Clarke,172 Willow Drive,G4 3SG,1989-09-19,34,2024-09-09,employed,103,service,homeowner_mortgage,16,2,0,25800.0,1662.44,411.84,924.17,326.43,0.1916,9300.0,car,49,verified,branch,18,0,1,pass,pass,59,7,0.3547,0,0,0,full,0,0,0,0,0,0,0,0,0,0,0,0,973,0,0,Known Good,0.0,Known good/bad,0,Known good,0.0,2.833213344056216,0.033163089499798015,584.4353208135689
ACC-10009353,CUS-20009353,Noah Wilson,197 Meadow Close,OX4 3YB,1974-02-03,50,2024-11-05,employed,113,manual,living_with_family,60,3,1,54000.0,3593.02,278.21,468.51,2846.3,0.0618,10600.0,car,28,verified,web,13,2,1,pass,pass,187,5,0.1023,2,0,1,full,0,0,0,0,0,0,0,0,0,0,0,0,773,0,0,Known Good,0.0,Known good/bad,0,Known good,0.0,4.110873864173311,0.026132455269822368,591.5190958264504
ACC-10009357,CUS-20009357,George Wilson,108 Kingfisher Way,M15 8YV,1990-02-15,34,2024-08-14,self_employed,40,not_working,homeowner_mortgage,51,2,2,18900.0,1225.84,243.07,1134.11,-151.34,0.1543,2700.0,home_improvement,44,verified,web,11,0,0,pass,refer,141,5,0.3606,0,0,0,partial,0,0,0,0,0,0,0,0,0,0,0,0,873,0,0,Known Good,0.0,Known good/bad,0,Known good,1.0,3.9512437185814275,0.04346101968794375,576.3234728625806
ACC-10009358,CUS-20009358,Jack Shah,123 Mill View,M19 2TT,1978-06-07,46,2024-09-02,part_time,51,administrative,private_tenant,17,4,0,55000.0,3350.2,615.63,337.39,2397.18,0.1343,15400.0,home_improvement,161,verified,web,4,0,1,pass,pass,243,5,0.5877,0,0,3,partial,0,0,0,0,0,0,0,0,0,0,0,0,747,0,0,Known Good,0.0,Known good/bad,0,Known good,0.0,2.8903717578961645,0.037940393364518044,580.4092710152693
ACC-10009362,CUS-20009362,Adam Green,208 Victoria Road,NE23 5XY,1951-03-03,73,2024-09-17,self_employed,54,manual,private_tenant,26,3,0,22100.0,1357.94,633.93,711.03,12.98,0.3442,2600.0,home_improvement,161,verified,branch,11,2,1,pass,pass,215,2,0.4823,2,0,0,full,0,0,0,0,0,0,0,0,0,0,0,0,777,0,0,Known Good,0.0,Known good/bad,0,Known good,1.0,3.295836866004329,0.07807104012798213,558.3588000238104
ACC-10009365,CUS-20009365,Theo Roberts,44 Kingfisher Way,BS23 9JY,2003-03-04,21,2024-09-02,employed,15,professional,homeowner_mortgage,9,2,0,44800.0,2800.77,734.74,781.25,1284.78,0.1968,15100.0,car,29,verified,mobile,9,2,1,fail,pass,18,0,0.7406,2,0,1,full,0,0,0,0,0,0,0,0,0,0,0,0,696,0,0,Known Good,0.0,Known good/bad,0,Known good,0.0,2.302585092994046,0.06352838819966376,564.7581149978181
ACC-10009366,CUS-20009366,Isla Hughes,55 Kingfisher Way,SO25 4QD,1986-02-11,38,2024-09-18,part_time,25,service,private_tenant,100,2,0,52800.0,3466.54,294.65,700.32,2471.57,0.067,6200.0,major_purchase,66,verified,web,14,0,1,pass,pass,109,2,0.4515,0,0,0,partial,0,0,0,0,0,0,0,0,0,0,0,0,788,0,0,Known Good,0.0,Known good/bad,0,Known good,0.0,4.61512051684126,0.0245204453748403,593.4039671370384
ACC-10009367,CUS-20009367,Sofia Taylor,20 Church Street,SO26 6TN,1982-12-08,41,2024-07-29,self_employed,66,service,private_tenant,89,3,0,32800.0,1955.62,553.12,1283.54,118.96,0.2024,14000.0,home_improvement,98,verified,web,3,3,0,pass,pass,198,4,0.62,3,0,1,full,0,0,0,0,0,0,0,0,0,0,0,0,784,0,0,Known Good,0.0,Known good/bad,0,Known good,1.0,4.499809670330265,0.07404520019848009,560.0121491256832
ACC-10009387,CUS-20009387,Isla Bennett,35 Meadow Close,PL24 5SA,1984-10-06,39,2024-09-06,employed,88,manual,living_with_family,35,3,0,34500.0,2216.72,887.67,959.34,369.71,0.3088,13200.0,car,75,partially_verified,mobile,3,0,0,pass,pass,245,4,0.3282,0,0,0,partial,0,0,0,0,0,0,0,0,0,0,0,0,898,0,0,Known Good,0.0,Known good/bad,0,Known good,0.0,3.58351893845611,0.03128313048634016,586.1752416182053
ACC-10009391,CUS-20009391,Isla Green,246 Park Avenue,B8 3PT,1962-02-19,62,2024-12-29,unemployed,6,manual,homeowner_mortgage,43,4,1,11600.0,763.12,520.26,326.39,-83.53,0.5382,17900.0,debt_consolidation,73,partially_verified,web,1,0,0,refer,pass,197,5,0.948,0,1,1,full,0,1,0,0,1,0,0,0,0,1,0,1,720,0,4,Known Bad,1.0,Known good/bad,1,Known bad,1.0,3.784189633918261,0.14812835858041176,537.5986401789818
ACC-10009394,CUS-20009394,Leo Bennett,31 Oak Road,RG22 3SE,1975-01-22,49,2024-08-26,employed,42,service,homeowner_outright,2,2,1,28300.0,1730.68,317.55,48.54,1364.59,0.1347,3800.0,major_purchase,103,verified,mobile,16,0,0,pass,pass,303,1,0.5526,0,0,0,full,0,0,0,0,0,0,0,0,0,0,0,0,833,0,0,Known Good,0.0,Known good/bad,0,Known good,0.0,1.0986122886681098,0.04917243440809326,572.5881170627198
ACC-10009397,CUS-20009397,Priya Wilson,237 Oak Road,EH6 9HG,1979-11-28,44,2024-07-12,employed,49,administrative,homeowner_outright,100,1,0,34000.0,2183.8,485.63,36.36,1661.81,0.1714,6700.0,debt_consolidation,47,verified,branch,12,1,0,pass,pass,172,3,0.3006,1,0,1,full,0,0,0,0,0,0,0,0,0,0,0,0,844,0,0,Known Good,0.0,Known good/bad,0,Known good,0.0,4.61512051684126,0.026751775079856956,590.8249018104176
ACC-10009403,CUS-20009403,Sofia Roberts,43 Highfield Gardens,NE17 8DV,1991-08-02,33,2024-11-14,employed,121,professional,living_with_family,133,2,0,27300.0,1751.39,74.61,834.55,842.23,0.0328,16600.0,debt_consolidation,38,verified,web,7,0,0,pass,pass,164,5,0.1806,0,0,0,full,0,0,0,0,0,0,0,0,0,0,0,0,855,0,0,Known Good,0.0,Known good/bad,0,Known good,0.0,4.897839799950911,0.018363616189418758,601.9282088702467
ACC-10009418,CUS-20009418,Priya Shah,46 Oak Road,NR16 6ER,1970-05-22,54,2024-07-23,employed,29,professional,homeowner_mortgage,84,2,1,26500.0,1722.98,346.65,403.09,973.24,0.157,11700.0,home_improvement,26,verified,branch,11,2,1,pass,pass,358,5,0.7112,2,0,0,full,0,0,0,0,0,0,0,0,0,0,0,0,668,0,0,Known Good,0.0,Known good/bad,0,Known good,0.0,4.442651256490317,0.043016000439125714,576.6338663442674
ACC-10009427,CUS-20009427,George Davies,1 Park Avenue,LS2 9NX,1998-08-19,26,2024-11-05,self_employed,85,administrative,private_tenant,64,3,0,31000.0,1915.85,682.04,833.04,400.77,0.264,6800.0,home_improvement,27,verified,mobile,5,5,0,pass,pass,76,4,0.0846,5,0,0,full,0,0,0,0,0,0,0,0,0,0,0,0,875,0,0,Known Good,0.0,Known good/bad,0,Known good,0.0,4.174387269895637,0.043721554371730406,576.14315942101
ACC-10009430,CUS-20009430,Ava Taylor,170 Victoria Road,RG3 1HE,1984-11-08,39,2024-09-15,self_employed,38,administrative,homeowner_mortgage,43,3,0,45400.0,3020.44,49.63,985.92,1984.89,0.0131,3900.0,major_purchase,60,verified,mobile,14,2,1,pass,pass,181,4,0.6905,2,0,0,none,0,0,0,0,0,0,0,0,0,0,0,0,840,0,0,Known Good,0.0,Known good/bad,0,Known good,0.0,3.784189633918261,0.042456217899373955,577.0286900045055
ACC-10009432,CUS-20009432,Leo Khan,3 Meadow Close,SO23 6VX,1986-02-25,38,2024-09-25,employed,125,professional,homeowner_outright,75,1,1,33200.0,1935.4,104.78,29.34,1801.28,0.0379,5200.0,home_improvement,98,partially_verified,web,13,1,0,pass,pass,227,3,0.4823,1,0,0,full,0,0,0,0,0,0,0,0,0,0,0,0,830,0,0,Known Good,0.0,Known good/bad,0,Known good,0.0,4.330733340286331,0.02942291423999959,587.9994911494499
ACC-10009434,CUS-20009434,Isla Lewis,244 Oak Road,SO24 5YN,2006-09-13,18,2024-10-16,employed,83,skilled,living_with_family,73,2,1,71000.0,4457.61,629.27,1346.65,2481.69,0.1064,6600.0,home_improvement,37,verified,telephone,4,1,0,pass,pass,0,5,0.3539,1,2,3,full,0,0,0,0,0,0,0,0,0,0,0,0,713,0,0,Known Good,0.0,Known good/bad,0,Known good,0.0,4.30406509320417,0.07915491389395041,557.9270292438857
ACC-10009437,CUS-20009437,Adam Green,241 Oak Road,L10 3HY,1966-11-30,57,2024-09-15,employed,149,administrative,private_tenant,93,1,1,39900.0,2581.52,191.44,645.35,1744.73,0.0576,9300.0,education,92,verified,mobile,15,0,0,pass,pass,160,1,0.2869,0,0,0,full,0,0,0,0,0,0,0,0,0,0,0,0,819,0,0,Known Good,0.0,Known good/bad,0,Known good,0.0,4.543294782270004,0.007934347155258741,626.4464815309587
ACC-10009441,CUS-20009441,Theo Evans,39 Park Avenue,SO22 7VP,1990-05-19,34,2024-08-10,employed,75,professional,homeowner_mortgage,32,3,0,44200.0,2944.95,467.35,593.46,1884.14,0.1269,9000.0,education,85,verified,web,0,0,0,pass,pass,78,3,0.4832,0,0,1,partial,0,0,0,0,0,0,0,0,0,0,0,0,765,0,0,Known Good,0.0,Known good/bad,0,Known good,0.0,3.4965075614664802,0.011650446858596756,615.254159782041
ACC-10009442,CUS-20009442,Priya Foster,26 Victoria Road,BS2 2PS,1980-01-10,44,2024-09-28,employed,62,not_working,homeowner_mortgage,42,2,2,34300.0,2195.65,158.84,732.38,1304.43,0.0556,5500.0,car,13,partially_verified,mobile,10,4,1,pass,pass,99,4,0.1077,4,0,0,full,0,0,0,0,0,0,0,0,0,0,0,0,799,0,0,Known Good,0.0,Known good/bad,0,Known good,0.0,3.7612001156935624,0.035993520890638724,581.987550284294
ACC-10009443,CUS-20009443,Sofia Bennett,207 Station Lane,BS27 2LT,1994-07-03,30,2024-09-15,employed,60,service,homeowner_mortgage,51,2,1,15300.0,953.43,383.99,542.06,27.38,0.3012,5400.0,debt_consolidation,201,verified,web,5,2,0,pass,pass,58,2,0.4055,2,0,0,full,0,0,0,1,0,0,1,1,0,1,1,0,848,0,5,Known Bad,1.0,Known good/bad,1,Known bad,1.0,3.9512437185814275,0.0645545834818529,564.2641169302117
ACC-10009454,CUS-20009454,Leo Clarke,101 Meadow Close,LS25 8XH,1967-08-09,56,2024-07-29,employed,80,skilled,homeowner_outright,41,1,0,34500.0,2188.38,196.28,30.98,1961.12,0.0683,5800.0,debt_consolidation,17,verified,mobile,16,0,1,pass,pass,400,2,0.0311,0,0,1,full,0,0,0,0,0,0,0,0,0,0,0,0,904,0,0,Known Good,0.0,Known good/bad,0,Known good,0.0,3.7376696182833684,0.020204479977958822,599.1175476050247
ACC-10009456,CUS-20009456,Freya Lewis,49 Meadow Close,LS29 8GF,1989-01-23,35,2024-12-12,employed,68,manual,private_tenant,47,4,0,21500.0,1385.06,516.26,882.6,-13.8,0.2881,1800.0,home_improvement,40,not_verified,mobile,1,4,0,pass,pass,68,6,0.127,4,0,0,full,0,0,0,0,0,0,0,0,0,0,0,0,841,0,0,Known Good,0.0,Known good/bad,0,Known good,1.0,3.871201010907891,0.0674304760432689,562.9176481201312
ACC-10009458,CUS-20009458,Priya Lewis,121 Oak Road,LS17 3XW,1986-11-05,37,2024-10-22,unemployed,81,not_working,private_tenant,156,3,0,14300.0,889.75,151.3,581.22,157.23,0.127,9800.0,major_purchase,159,verified,mobile,10,0,0,pass,pass,144,3,0.2122,0,0,0,partial,0,0,0,0,0,0,0,0,0,0,0,0,860,0,0,Known Good,0.0,Known good/bad,0,Known good,0.0,5.056245805348308,0.019657223743177306,599.9259720135047
ACC-10009466,CUS-20009466,Jack Lewis,233 Meadow Close,NG22 5UX,1982-11-23,42,2024-12-20,employed,26,managerial,social_tenant,6,1,1,109700.0,6736.22,565.76,878.56,5291.9,0.0619,15800.0,education,49,verified,web,17,2,0,pass,pass,204,1,0.1278,2,0,0,full,0,0,0,0,0,0,0,0,0,0,0,0,817,0,0,Known Good,0.0,Known good/bad,0,Known good,0.0,1.9459101490553132,0.01406556515268869,609.7479218761509
ACC-10009474,CUS-20009474,Amelia Taylor,165 Station Lane,NR2 9TJ,1980-10-04,44,2024-10-14,part_time,43,skilled,social_tenant,110,7,0,19100.0,1229.07,709.61,911.36,-391.9,0.4458,2600.0,car,20,verified,mobile,18,1,0,pass,pass,192,6,0.7077,1,0,1,full,0,0,0,0,0,0,0,0,0,0,0,0,814,0,0,Known Good,0.0,Known good/bad,0,Known good,1.0,4.709530201312334,0.07040248216685553,561.5810365412472
ACC-10009475,CUS-20009475,Sofia Clarke,43 Church Street,NE1 2RQ,1966-04-28,58,2024-12-20,self_employed,57,manual,homeowner_mortgage,66,1,1,34800.0,2229.68,205.37,1040.22,984.09,0.0708,19700.0,debt_consolidation,10,verified,branch,13,0,0,pass,pass,389,3,0.2061,0,0,2,full,0,0,0,0,0,0,0,0,0,0,0,0,809,0,0,Known Good,0.0,Known good/bad,0,Known good,0.0,4.204692619390966,0.021588445977034316,597.16507899373
ACC-10009478,CUS-20009478,Daniel Clarke,86 Park Avenue,BS13 5PL,1975-10-06,49,2024-10-07,employed,35,manual,homeowner_mortgage,59,3,0,34700.0,2196.97,95.16,554.66,1547.15,0.0329,3400.0,car,103,partially_verified,web,17,2,1,pass,refer,243,3,0.0226,2,0,0,full,0,0,0,0,0,0,0,0,0,0,0,0,884,0,0,Known Good,0.0,Known good/bad,0,Known good,0.0,4.0943445622221,0.02407251093897886,593.949184640679
ACC-10009481,CUS-20009481,George Bennett,81 Church Street,NE23 9WY,1980-05-16,44,2024-11-30,self_employed,95,skilled,living_with_family,24,1,0,40500.0,2592.57,272.66,697.15,1622.76,0.0808,3300.0,car,32,verified,web,19,1,1,pass,pass,165,1,0.6399,1,0,0,full,0,0,0,0,0,0,0,0,0,0,0,0,842,0,0,Known Good,0.0,Known good/bad,0,Known good,0.0,3.2188758248682006,0.04114045250181974,577.9766749930565
ACC-10009484,CUS-20009484,Leo Morgan,247 Church Street,L7 8UD,1989-06-03,35,2024-10-31,employed,41,not_working,homeowner_mortgage,46,1,1,42100.0,2719.08,150.26,584.4,1984.42,0.0428,10600.0,debt_consolidation,74,verified,telephone,3,0,0,pass,pass,95,2,0.699,0,0,1,full,0,0,0,0,0,0,0,0,0,0,0,0,845,0,0,Known Good,0.0,Known good/bad,0,Known good,0.0,3.8501476017100584,0.03324874240821807,584.3583373523603
ACC-10009485,CUS-20009485,Freya Hughes,76 Park Avenue,OX11 2VG,1981-07-06,43,2024-08-27,employed,87,professional,homeowner_mortgage,29,4,0,11300.0,728.61,66.25,426.43,235.93,0.0704,6000.0,other,117,partially_verified,web,4,2,0,pass,pass,244,6,0.2877,2,0,0,partial,0,0,0,0,0,0,0,0,0,0,0,0,885,0,0,Known Good,0.0,Known good/bad,0,Known good,0.0,3.4011973816621555,0.034205091590008924,583.5115533956898
ACC-10009487,CUS-20009487,Amelia Morgan,52 Highfield Gardens,OX10 8VL,1977-09-01,47,2024-11-17,employed,77,service,homeowner_outright,155,2,2,27400.0,1683.65,67.62,144.16,1471.87,0.0296,9700.0,major_purchase,145,not_verified,branch,19,1,0,pass,pass,213,5,0.7779,1,0,0,full,0,0,0,0,0,0,0,0,0,0,0,0,735,0,0,Known Good,0.0,Known good/bad,0,Known good,0.0,5.049856007249537,0.03294404942667038,584.633067341487
ACC-10009491,CUS-20009491,Adam Taylor,121 Mill View,G24 9VW,1991-01-23,33,2024-09-09,retired,90,professional,private_tenant,118,2,0,30400.0,1910.64,78.27,526.09,1306.28,0.0309,4800.0,car,11,not_verified,branch,13,2,0,pass,pass,75,3,0.5287,2,0,0,full,0,0,0,0,0,0,0,0,0,0,0,0,784,0,0,Known Good,0.0,Known good/bad,0,Known good,0.0,4.77912349311153,0.032229127856966557,585.2874454866957
ACC-10009510,CUS-20009510,Noah Shah,101 Kingfisher Way,S5 8YB,1981-08-11,42,2024-07-18,employed,32,professional,private_tenant,81,2,0,17100.0,1072.6,161.75,598.98,311.87,0.1135,11200.0,debt_consolidation,135,verified,mobile,18,0,0,pass,pass,107,2,0.4465,0,0,0,full,0,0,0,0,0,0,0,0,0,0,0,0,796,0,0,Known Good,0.0,Known good/bad,0,Known good,0.0,4.406719247264253,0.02613032425938411,591.5215119950517
ACC-10009511,CUS-20009511,Sofia Evans,2 Oak Road,S10 9UP,1993-08-30,31,2024-11-21,self_employed,184,professional,private_tenant,25,2,2,25800.0,1664.19,654.05,444.24,565.9,0.3042,15600.0,debt_consolidation,70,verified,mobile,22,2,0,pass,pass,62,6,0.1288,2,0,0,full,0,0,0,0,0,0,0,0,0,0,0,0,860,0,0,Known Good,0.0,Known good/bad,0,Known good,0.0,3.258096538021482,0.0364796153723519,581.5859315172081
ACC-10009516,CUS-20009516,Noah Foster,129 Mill View,RG12 1HF,1971-10-28,52,2024-08-10,retired,105,not_working,private_tenant,38,3,0,39200.0,2470.25,102.84,378.53,1988.88,0.0315,21200.0,car,41,verified,web,16,0,1,pass,pass,201,4,0.2054,0,0,0,full,0,0,0,0,0,0,0,0,0,0,0,0,918,0,0,Known Good,0.0,Known good/bad,0,Known good,0.0,3.6635616461296463,0.022909735504691,595.412058965642
ACC-10009518,CUS-20009518,Daniel Bennett,97 Station Lane,B12 1WN,1966-06-25,58,2024-12-21,employed,50,administrative,homeowner_outright,29,3,1,29900.0,1992.36,101.71,65.45,1825.2,0.0408,6200.0,car,32,verified,web,21,1,0,pass,pass,324,4,0.5003,1,0,0,full,0,0,0,0,0,0,0,0,0,0,0,0,836,0,0,Known Good,0.0,Known good/bad,0,Known good,0.0,3.4011973816621555,0.034766330547435643,583.0251868340971
ACC-10009522,CUS-20009522,Adam Morgan,166 Park Avenue,LS27 3SV,1961-07-07,63,2024-10-14,employed,77,service,homeowner_mortgage,16,2,0,30500.0,1976.62,590.32,822.08,564.22,0.2323,4600.0,car,97,verified,web,19,3,0,pass,pass,405,4,0.0842,3,0,0,none,0,0,0,0,0,0,0,0,0,0,0,0,869,0,0,Known Good,0.0,Known good/bad,0,Known good,0.0,2.833213344056216,0.04082406402576824,578.2089512038061
ACC-10009527,CUS-20009527,Daniel Evans,200 Mill View,G11 3QU,1981-06-17,43,2024-08-03,part_time,106,not_working,social_tenant,11,1,0,60600.0,3912.1,143.23,634.27,3134.6,0.0284,3200.0,home_improvement,47,verified,mobile,1,1,0,pass,pass,224,3,0.4034,1,0,1,full,0,0,0,0,0,0,0,0,0,0,0,0,838,0,0,Known Good,0.0,Known good/bad,0,Known good,0.0,2.4849066497880004,0.036991303661369275,581.1686917194877
ACC-10009541,CUS-20009541,Sofia Foster,202 Church Street,EH11 9HE,1962-04-08,62,2024-08-23,employed,31,not_working,homeowner_mortgage,120,3,0,29100.0,1761.0,407.85,951.62,401.53,0.1682,4300.0,car,150,verified,telephone,3,1,0,pass,pass,241,2,0.7871,1,0,1,full,0,0,0,0,0,0,0,0,0,0,0,0,803,0,0,Known Good,0.0,Known good/bad,0,Known good,0.0,4.795790545596741,0.03817859436203784,580.2215390385705
ACC-10009546,CUS-20009546,Oliver Khan,126 Park Avenue,OX24 1EP,1986-03-26,38,2024-10-06,employed,21,manual,private_tenant,18,2,2,18000.0,1150.35,554.93,1074.42,-479.0,0.37,12400.0,major_purchase,21,verified,web,2,1,0,pass,pass,105,0,0.316,1,0,0,partial,0,0,0,0,0,0,0,0,0,0,0,0,888,0,0,Known Good,0.0,Known good/bad,0,Known good,1.0,2.9444389791664403,0.06514896240251354,563.9813240512699
ACC-10009548,CUS-20009548,Noah Taylor,176 Victoria Road,EH7 7AP,1972-12-04,51,2024-11-21,employed,67,manual,living_with_family,63,3,1,25700.0,1627.19,237.44,786.64,603.11,0.1109,2200.0,home_improvement,76,verified,branch,18,1,0,pass,pass,288,2,0.2539,1,0,0,full,0,0,0,0,0,0,0,0,0,0,0,0,860,0,0,Known Good,0.0,Known good/bad,0,Known good,0.0,4.1588830833596715,0.026570137708903218,591.0268646683837
ACC-10009551,CUS-20009551,Freya Wilson,227 Oak Road,OX21 8XB,1976-10-22,48,2024-11-02,employed,38,professional,homeowner_mortgage,80,2,0,27100.0,1774.76,494.44,998.98,281.34,0.2189,5100.0,home_improvement,52,verified,branch,19,2,0,refer,pass,303,5,0.1328,2,0,1,full,0,0,0,0,0,0,0,0,0,0,0,0,874,0,0,Known Good,0.0,Known good/bad,0,Known good,0.0,4.394449154672439,0.02864063936216186,588.8002666940904
ACC-10009553,CUS-20009553,Theo Clarke,231 Church Street,NE15 7JA,1984-01-14,40,2024-10-07,retired,80,not_working,homeowner_mortgage,69,3,0,60700.0,3840.43,438.62,821.73,2580.08,0.0867,6100.0,home_improvement,98,verified,web,0,1,1,refer,pass,214,2,0.0,1,0,0,full,0,0,0,0,0,0,0,0,0,0,0,0,863,0,0,Known Good,0.0,Known good/bad,0,Known good,0.0,4.248495242049359,0.020984297363362804,598.001874957462
ACC-10009559,CUS-20009559,Jack Evans,92 Meadow Close,B21 4VS,1978-10-02,46,2024-10-30,part_time,151,managerial,homeowner_mortgage,79,3,0,58100.0,3465.56,316.27,597.6,2551.69,0.0653,2700.0,major_purchase,43,verified,mobile,11,1,0,pass,pass,178,3,0.1135,1,0,0,full,0,0,0,0,0,0,0,0,0,0,0,0,845,0,0,Known Good,0.0,Known good/bad,0,Known good,0.0,4.382026634673881,0.022147257047841762,596.4112219364667
ACC-10009566,CUS-20009566,George Shah,232 Willow Drive,B2 3TE,1984-04-17,40,2024-11-29,retired,97,service,living_with_family,54,5,0,27700.0,1651.67,429.57,1098.08,124.02,0.1861,30000.0,debt_consolidation,45,verified,web,4,0,0,pass,pass,239,2,0.3631,0,0,0,partial,0,0,0,0,0,0,0,0,0,0,0,0,874,0,0,Known Good,0.0,Known good/bad,0,Known good,1.0,4.007333185232471,0.04414251325343285,575.8539733887186
ACC-10009581,CUS-20009581,Adam Green,239 Kingfisher Way,L24 2FB,1991-12-16,32,2024-09-05,employed,13,skilled,homeowner_outright,87,1,0,31700.0,2098.2,654.18,69.34,1374.68,0.2476,4100.0,home_improvement,25,not_verified,web,16,1,0,pass,pass,110,3,0.4281,1,0,0,full,0,0,0,0,0,0,0,0,0,0,0,0,860,0,0,Known Good,0.0,Known good/bad,0,Known good,0.0,4.477336814478207,0.03199652408868946,585.5033789041418
ACC-10009584,CUS-20009584,Jack Foster,140 Church Street,RG12 3BJ,1949-03-21,75,2024-09-07,self_employed,21,not_working,homeowner_mortgage,241,2,0,19000.0,1186.63,322.67,946.0,-82.04,0.2038,13000.0,debt_consolidation,59,verified,web,23,1,0,pass,pass,522,3,0.2489,1,0,0,partial,0,0,0,0,0,0,0,0,0,0,0,0,920,0,0,Known Good,0.0,Known good/bad,0,Known good,1.0,5.488937726156687,0.03669552467405926,581.4091929663268
ACC-10009585,CUS-20009585,Priya Morgan,81 Station Lane,M14 5NS,1993-06-07,31,2024-09-21,part_time,47,professional,homeowner_outright,43,2,0,29100.0,1784.0,638.16,35.41,1110.43,0.2632,13900.0,car,70,verified,web,13,2,0,pass,pass,139,2,0.3007,2,0,0,none,0,0,0,0,0,0,0,0,0,0,0,0,809,0,0,Known Good,0.0,Known good/bad,0,Known good,0.0,3.784189633918261,0.03729540172681385,580.9233463912743
ACC-10009586,CUS-20009586,Daniel Davies,179 Oak Road,NG9 6SQ,1972-04-15,52,2024-07-31,employed,16,managerial,private_tenant,63,2,0,44700.0,2864.49,371.46,1207.74,1285.29,0.0997,3100.0,debt_consolidation,43,partially_verified,mobile,7,2,0,pass,pass,144,2,0.306,2,0,0,full,0,0,0,0,0,0,0,0,0,0,0,0,898,0,0,Known Good,0.0,Known good/bad,0,Known good,0.0,4.1588830833596715,0.031355980617545125,586.1059566631217
ACC-10009593,CUS-20009593,Ava Clarke,39 Victoria Road,SO6 1JN,1995-11-04,28,2024-08-31,unemployed,0,professional,private_tenant,54,1,0,18000.0,1098.92,223.5,825.24,50.18,0.149,14100.0,car,141,verified,web,3,0,0,pass,pass,67,7,0.5168,0,0,0,full,0,0,0,0,0,0,0,0,0,0,0,0,752,0,0,Known Good,0.0,Known good/bad,0,Known good,1.0,4.007333185232471,0.04850725302842454,573.0012816488352
ACC-10009595,CUS-20009595,Ava Jones,193 Station Lane,M14 7LT,1970-02-13,54,2024-11-28,employed,75,professional,homeowner_mortgage,118,2,0,34100.0,2099.0,194.23,688.42,1216.35,0.0684,7500.0,debt_consolidation,115,partially_verified,web,22,1,0,pass,pass,222,3,0.3252,1,0,0,full,0,0,0,0,0,0,0,0,0,0,0,0,842,0,0,Known Good,0.0,Known good/bad,0,Known good,0.0,4.77912349311153,0.02465866170009038,593.2376921409804
ACC-10009599,CUS-20009599,Theo Wilson,44 Mill View,NR13 8NR,1964-12-17,59,2024-08-29,employed,55,administrative,homeowner_mortgage,18,2,1,40000.0,2471.81,144.65,778.65,1548.51,0.0434,10500.0,debt_consolidation,29,verified,mobile,23,1,1,pass,fail,472,2,0.264,1,0,0,full,0,0,0,0,0,0,0,0,0,0,0,0,842,0,0,Known Good,0.0,Known good/bad,0,Known good,0.0,2.9444389791664403,0.031076600895720695,586.3725161227225
ACC-10009601,CUS-20009601,Leo Davies,58 Willow Drive,LS13 5LT,1976-07-29,48,2024-11-29,retired,87,service,private_tenant,133,1,0,68700.0,4409.06,367.56,867.97,3173.53,0.0642,4900.0,car,51,verified,web,2,1,0,pass,pass,207,4,0.3752,1,0,0,partial,0,1,0,0,1,0,1,0,0,0,0,0,833,0,3,Known Bad,1.0,Known good/bad,1,Known bad,0.0,4.897839799950911,0.025098931477264008,592.7140356493691
ACC-10009604,CUS-20009604,Ava Clarke,213 Victoria Road,NG1 2AW,1985-01-15,39,2024-07-03,employed,53,manual,homeowner_outright,123,2,0,18100.0,1110.73,63.15,178.91,868.67,0.0419,3500.0,car,112,verified,web,0,1,0,pass,pass,237,4,0.232,1,0,0,full,0,0,0,0,0,0,0,0,0,0,0,0,784,0,0,Known Good,0.0,Known good/bad,0,Known good,0.0,4.820281565605037,0.0222949588182351,596.2150732371938
ACC-10009616,CUS-20009616,Ava Khan,39 Church Street,EH14 9SQ,1981-01-02,43,2024-08-20,part_time,13,not_working,social_tenant,43,1,0,43800.0,2798.06,210.88,340.38,2246.8,0.0578,7000.0,home_improvement,29,verified,mobile,16,1,0,pass,pass,135,0,0.5325,1,0,0,full,0,0,0,0,0,0,0,0,0,0,0,0,829,0,0,Known Good,0.0,Known good/bad,0,Known good,0.0,3.784189633918261,0.033938628582385284,583.7451695854501
ACC-10009622,CUS-20009622,Sofia Bennett,141 Church Street,NR11 6QV,1992-03-11,32,2024-11-14,employed,101,managerial,homeowner_mortgage,60,3,1,21800.0,1343.34,202.75,833.83,306.76,0.1116,5900.0,debt_consolidation,68,verified,web,12,0,0,pass,pass,164,3,0.2932,0,0,0,full,0,0,0,0,0,0,0,0,0,0,0,0,843,0,0,Known Good,0.0,Known good/bad,0,Known good,0.0,4.110873864173311,0.024217042088120724,593.7721905874658
ACC-10009623,CUS-20009623,Freya Roberts,164 Victoria Road,B21 9WT,1983-05-14,41,2024-07-07,employed,13,service,social_tenant,80,2,2,30200.0,1920.91,555.26,509.6,856.05,0.2206,5300.0,education,45,verified,web,4,1,0,pass,pass,122,1,0.7447,1,0,0,full,0,0,0,0,0,0,0,0,0,0,0,0,758,0,0,Known Good,0.0,Known good/bad,0,Known good,0.0,4.394449154672439,0.015213064246212916,607.4514551057697
ACC-10009625,CUS-20009625,Sofia Foster,85 Kingfisher Way,B19 9WG,1987-04-06,37,2024-12-06,employed,22,service,private_tenant,40,2,1,30200.0,2019.23,223.17,922.4,873.66,0.0887,4800.0,debt_consolidation,70,verified,web,6,1,1,pass,pass,107,1,0.5302,1,0,0,none,0,0,0,0,0,0,0,0,0,0,0,0,768,0,0,Known Good,0.0,Known good/bad,0,Known good,0.0,3.713572066704308,0.03503215950097837,582.7974568815991
ACC-10009629,CUS-20009629,Ava Lewis,65 Church Street,BS10 6RL,1987-06-15,37,2024-12-06,employed,81,skilled,homeowner_mortgage,22,2,0,41600.0,2689.09,654.08,876.89,1158.12,0.1887,6300.0,major_purchase,48,verified,mobile,18,1,0,pass,pass,174,0,0.5678,1,0,0,full,0,0,0,0,0,0,0,0,0,0,0,0,854,0,0,Known Good,0.0,Known good/bad,0,Known good,0.0,3.1354942159291497,0.04253184218957455,576.9750613939931
ACC-10009632,CUS-20009632,Freya Jones,33 Kingfisher Way,SO15 7SN,1969-03-06,55,2024-11-07,employed,55,service,private_tenant,42,2,1,16600.0,1067.38,293.36,921.05,-147.03,0.2121,5700.0,debt_consolidation,94,verified,mobile,21,1,0,pass,pass,262,4,0.7039,1,0,0,partial,0,0,0,0,0,0,0,0,0,0,0,0,842,0,0,Known Good,0.0,Known good/bad,0,Known good,1.0,3.7612001156935624,0.06923717778865209,562.0987714288378
ACC-10009636,CUS-20009636,Noah Patel,150 Mill View,NE9 2QP,1975-07-01,49,2024-11-09,employed,64,managerial,homeowner_outright,68,4,1,26300.0,1720.67,405.48,47.52,1267.67,0.185,8100.0,other,92,verified,web,5,0,0,pass,pass,138,4,0.1262,0,0,0,full,0,0,0,0,0,0,0,0,0,0,0,0,933,0,0,Known Good,0.0,Known good/bad,0,Known good,0.0,4.23410650459726,0.02188852969811781,596.7579149490236
ACC-10009640,CUS-20009640,Theo Lewis,24 Victoria Road,CF8 4LR,1983-07-24,41,2024-09-23,employed,85,service,homeowner_mortgage,45,1,0,25400.0,1454.13,117.1,601.58,735.45,0.0553,5100.0,debt_consolidation,186,verified,web,21,1,0,pass,pass,102,3,0.744,1,0,0,full,0,0,0,0,0,0,0,0,0,0,0,0,754,0,0,Known Good,0.0,Known good/bad,0,Known good,0.0,3.828641396489095,0.039770928147012774,578.9947257912995
ACC-10009642,CUS-20009642,Theo Wilson,152 Victoria Road,BS5 9YE,2006-08-18,18,2024-10-15,unemployed,0,service,living_with_family,22,5,0,12400.0,779.55,411.05,842.62,-474.12,0.3978,6700.0,debt_consolidation,264,verified,mobile,19,0,1,pass,pass,0,1,0.5301,0,0,0,full,0,0,0,0,0,0,0,0,0,0,0,0,859,0,0,Known Good,0.0,Known good/bad,0,Known good,1.0,3.1354942159291497,0.06692080841947541,563.1523312221298
ACC-10009644,CUS-20009644,Theo Hughes,196 Kingfisher Way,LS5 3RP,2005-10-28,18,2024-08-16,retired,80,professional,living_with_family,208,1,1,28300.0,1825.38,572.27,720.08,533.03,0.2427,7000.0,home_improvement,179,verified,web,19,1,0,pass,pass,0,3,0.3616,1,1,1,full,0,0,0,0,0,0,0,0,0,0,0,0,798,0,0,Known Good,0.0,Known good/bad,0,Known good,0.0,5.342334251964811,0.04451842733158433,575.5979465260134
ACC-10009662,CUS-20009662,Noah Khan,110 Park Avenue,BS22 5BV,1998-08-11,26,2024-08-10,employed,58,skilled,homeowner_mortgage,48,2,0,64600.0,4077.79,151.59,899.78,3026.42,0.0282,4700.0,major_purchase,67,verified,mobile,8,2,0,pass,pass,91,2,0.2581,2,0,0,partial,0,0,0,0,0,0,0,0,0,0,0,0,857,0,0,Known Good,0.0,Known good/bad,0,Known good,0.0,3.8918202981106265,0.02993672735101169,587.4846847886982
ACC-10009664,CUS-20009664,Freya Hughes,58 Willow Drive,NE24 4VA,1964-12-04,59,2024-09-16,employed,19,service,homeowner_mortgage,30,1,1,30300.0,1856.99,1086.57,1105.21,-334.79,0.4303,8700.0,car,63,not_verified,web,23,0,0,pass,pass,204,5,0.3111,0,0,0,full,0,0,0,0,0,0,0,0,0,0,0,0,877,0,0,Known Good,0.0,Known good/bad,0,Known good,1.0,3.4339872044851463,0.05515492388923755,569.0932002461687
ACC-10009665,CUS-20009665,Ava Roberts,72 Park Avenue,NE7 7RP,1970-10-15,53,2024-07-12,retired,26,administrative,private_tenant,61,3,0,41000.0,2553.76,85.34,816.3,1652.12,0.025,19800.0,debt_consolidation,51,verified,web,6,0,1,refer,pass,321,6,0.1526,0,0,0,full,0,0,0,0,0,0,0,0,0,0,0,0,893,0,0,Known Good,0.0,Known good/bad,0,Known good,0.0,4.127134385045092,0.020257172795821107,599.0408434650509
ACC-10009666,CUS-20009666,Daniel Lewis,84 Mill View,CF1 4RE,1979-05-05,45,2024-07-06,self_employed,43,administrative,homeowner_mortgage,26,2,0,19300.0,1230.86,302.35,1253.73,-325.22,0.188,4900.0,debt_consolidation,51,partially_verified,mobile,1,0,0,pass,pass,199,4,0.4451,0,0,1,full,0,0,0,0,0,0,0,0,0,0,0,0,755,0,0,Known Good,0.0,Known good/bad,0,Known good,1.0,3.295836866004329,0.05278180860760699,570.434558137699
ACC-10009667,CUS-20009667,Sofia Patel,223 Kingfisher Way,LS10 8PW,1983-05-06,41,2024-12-23,part_time,107,skilled,homeowner_outright,109,5,0,40700.0,2583.61,626.04,42.12,1915.45,0.1846,7900.0,major_purchase,36,partially_verified,mobile,2,2,0,pass,pass,235,3,0.5079,2,0,1,full,0,0,0,0,0,0,0,0,0,0,0,0,830,0,0,Known Good,0.0,Known good/bad,0,Known good,0.0,4.700480365792417,0.03584547530403714,582.1109053626
ACC-10009669,CUS-20009669,Theo Shah,241 Station Lane,LS15 2UF,1949-12-28,74,2024-12-06,employed,25,skilled,private_tenant,58,1,0,42700.0,2675.42,201.73,725.35,1748.34,0.0567,4200.0,debt_consolidation,54,verified,mobile,8,0,0,pass,refer,553,2,0.0953,0,0,0,none,0,0,0,0,0,0,0,0,0,0,0,0,894,0,0,Known Good,0.0,Known good/bad,0,Known good,0.0,4.07753744390572,0.019955628645621254,599.4824649203811
ACC-10009674,CUS-20009674,Oliver Jones,8 Victoria Road,B22 7TR,1976-05-13,48,2024-09-28,part_time,53,professional,private_tenant,28,2,0,64200.0,4211.13,131.46,1062.08,3017.59,0.0246,2600.0,car,70,verified,web,2,1,1,pass,pass,158,0,0.3772,1,0,0,full,0,0,0,0,0,0,0,0,0,0,0,0,755,0,0,Known Good,0.0,Known good/bad,0,Known good,0.0,3.367295829986474,0.03133137066258742,586.1293448056816
ACC-10009683,CUS-20009683,Isla Clarke,182 Kingfisher Way,B23 5GL,1958-08-25,66,2024-10-07,employed,36,service,homeowner_outright,61,4,0,18300.0,1153.8,208.26,142.94,802.6,0.1366,17600.0,other,22,verified,web,22,0,0,pass,refer,329,8,0.6082,0,0,0,full,0,0,0,0,0,0,0,0,0,0,0,0,818,0,0,Known Good,0.0,Known good/bad,0,Known good,0.0,4.127134385045092,0.03163595511015511,585.8411253225722
ACC-10009688,CUS-20009688,Sofia Shah,17 Victoria Road,OX2 5FS,1976-02-11,48,2024-11-17,employed,45,not_working,homeowner_mortgage,173,1,1,37900.0,2433.44,262.4,474.9,1696.14,0.0831,12800.0,car,21,verified,web,8,2,0,pass,pass,152,5,0.4177,2,0,0,none,0,0,0,0,0,0,0,0,0,0,0,0,770,0,0,Known Good,0.0,Known good/bad,0,Known good,0.0,5.159055299214529,0.028798587188836895,588.6368877647436
ACC-10009689,CUS-20009689,Oliver Davies,175 Oak Road,NG24 7AW,1967-05-15,57,2024-10-27,employed,18,skilled,homeowner_mortgage,8,2,0,52700.0,3339.47,226.22,1020.56,2092.69,0.0515,5200.0,debt_consolidation,61,partially_verified,telephone,23,1,1,pass,pass,458,4,0.158,1,0,0,full,0,0,0,0,0,0,0,0,0,0,0,0,878,0,0,Known Good,0.0,Known good/bad,0,Known good,0.0,2.1972245773362196,0.032422728913701446,585.1088652462486
ACC-10009690,CUS-20009690,Freya Davies,204 Meadow Close,NG20 8TB,1973-03-05,51,2024-07-12,unemployed,0,professional,private_tenant,29,2,0,17600.0,1119.77,40.86,389.25,689.66,0.0279,11200.0,major_purchase,55,verified,web,13,2,0,pass,pass,305,3,0.1893,2,0,1,full,0,0,0,0,0,0,0,0,0,0,0,0,835,0,0,Known Good,0.0,Known good/bad,0,Known good,0.0,3.4011973816621555,0.03067861044353349,586.7562770628292
ACC-10009691,CUS-20009691,Priya Patel,1 Station Lane,NE7 4LQ,1979-02-28,45,2024-12-16,employed,40,managerial,private_tenant,73,2,0,26600.0,1679.2,314.64,320.15,1044.41,0.1419,27300.0,car,77,verified,web,9,4,0,pass,pass,103,4,0.5329,4,0,0,none,0,0,0,0,0,0,0,0,0,0,0,0,708,0,0,Known Good,0.0,Known good/bad,0,Known good,0.0,4.30406509320417,0.0490395963286429,572.6702014534595
ACC-10009699,CUS-20009699,Theo Taylor,152 Kingfisher Way,BS7 7UY,1975-12-16,48,2024-10-27,retired,70,managerial,private_tenant,120,2,0,28500.0,1703.45,89.56,654.44,959.45,0.0377,10200.0,car,71,verified,web,11,1,1,pass,pass,289,3,0.4077,1,0,0,full,0,0,0,0,0,0,0,0,0,0,0,0,896,0,0,Known Good,0.0,Known good/bad,0,Known good,0.0,4.795790545596741,0.025696151143139608,592.0178277254751
ACC-10009700,CUS-20009700,Theo Foster,101 Oak Road,G7 2DD,1974-02-12,50,2024-08-11,employed,52,professional,homeowner_outright,126,4,0,55300.0,3486.23,226.75,65.53,3193.95,0.0492,3400.0,car,124,verified,telephone,10,1,0,pass,pass,258,2,0.2826,1,0,0,full,0,0,0,0,0,0,0,0,0,0,0,0,885,0,0,Known Good,0.0,Known good/bad,0,Known good,0.0,4.844187086458591,0.023252448686282574,594.9734997217611
ACC-10009703,CUS-20009703,Oliver Evans,140 Highfield Gardens,NE6 5UP,1984-09-10,39,2024-08-16,employed,74,service,homeowner_mortgage,103,3,0,48800.0,3266.86,920.8,594.96,1751.1,0.2264,3000.0,education,26,verified,mobile,22,0,1,pass,pass,174,1,0.3189,0,0,0,partial,0,0,0,0,0,0,0,0,0,0,0,0,911,0,0,Known Good,0.0,Known good/bad,0,Known good,0.0,4.6443908991413725,0.009067671377916217,622.5610886205122
ACC-10009713,CUS-20009713,Oliver Morgan,227 Oak Road,G21 9TV,1970-04-10,54,2024-09-01,employed,63,administrative,private_tenant,145,1,0,41900.0,2634.94,477.69,501.78,1655.47,0.1368,22900.0,debt_consolidation,12,verified,branch,6,1,1,pass,pass,427,5,0.0453,1,1,1,none,0,0,0,0,0,0,0,0,0,0,0,0,807,0,0,Known Good,0.0,Known good/bad,0,Known good,0.0,4.983606621708336,0.034058982618386406,583.6394332371104
ACC-10009716,CUS-20009716,George Morgan,155 Oak Road,CF14 8DU,1974-12-28,50,2024-12-27,employed,69,manual,private_tenant,113,3,2,60600.0,3994.85,139.81,1221.55,2633.49,0.0277,5900.0,debt_consolidation,59,verified,mobile,8,4,0,refer,refer,173,8,0.4839,4,0,0,partial,0,0,0,0,0,0,0,0,0,0,0,0,798,0,0,Known Good,0.0,Known good/bad,0,Known good,0.0,4.736198448394496,0.04061563930876623,578.3629094730805
ACC-10009718,CUS-20009718,Daniel Lewis,114 Mill View,LS27 1EL,1979-09-01,45,2024-12-29,employed,135,service,homeowner_mortgage,50,1,0,26600.0,1686.76,136.25,1022.49,528.02,0.0615,11800.0,major_purchase,41,verified,mobile,10,2,1,refer,pass,107,4,0.3566,2,0,0,full,0,0,0,0,0,0,0,0,0,0,0,0,753,0,0,Known Good,0.0,Known good/bad,0,Known good,0.0,3.9318256327243257,0.03295010361534355,584.6275846556607
ACC-10009726,CUS-20009726,Priya Hughes,24 Highfield Gardens,NG6 6GV,1988-09-13,35,2024-07-07,employed,52,administrative,living_with_family,67,4,1,17300.0,1074.4,59.06,180.0,835.34,0.041,2900.0,home_improvement,103,verified,branch,11,2,1,pass,pass,149,6,0.5057,2,0,0,full,0,0,0,0,0,0,0,0,0,0,0,0,764,0,0,Known Good,0.0,Known good/bad,0,Known good,0.0,4.219507705176107,0.0348926723210149,582.916744048
ACC-10009728,CUS-20009728,Theo Bennett,110 Meadow Close,LS10 2BD,1972-02-05,52,2024-07-16,employed,33,skilled,homeowner_mortgage,71,3,1,20600.0,1350.17,261.34,1123.89,-35.06,0.1522,10000.0,education,24,not_verified,mobile,3,2,0,pass,pass,249,1,0.4166,2,0,0,full,0,0,0,0,0,0,0,0,0,0,0,0,804,0,0,Known Good,0.0,Known good/bad,0,Known good,1.0,4.276666119016055,0.020954928450618054,598.0431517448028
ACC-10009737,CUS-20009737,Isla Shah,170 Highfield Gardens,BS2 1SX,1971-08-13,53,2024-10-17,self_employed,98,administrative,homeowner_outright,24,3,1,35000.0,2156.98,172.49,178.02,1806.47,0.0591,8900.0,major_purchase,119,not_verified,telephone,18,2,0,pass,pass,184,3,0.3958,2,0,0,full,0,0,0,0,0,0,0,0,0,0,0,0,808,0,0,Known Good,0.0,Known good/bad,0,Known good,0.0,3.2188758248682006,0.0380677335793974,580.3087707445625
ACC-10009738,CUS-20009738,Adam Wilson,42 Park Avenue,OX14 7SV,1993-12-30,30,2024-08-25,employed,34,administrative,homeowner_mortgage,89,2,0,35400.0,2151.06,699.95,654.95,796.16,0.2373,10900.0,debt_consolidation,63,verified,web,23,1,0,pass,pass,71,3,0.3896,1,0,1,full,0,0,0,0,0,0,0,0,0,0,0,0,796,0,0,Known Good,0.0,Known good/bad,0,Known good,0.0,4.499809670330265,0.03068935480075321,586.7458536998791
ACC-10009746,CUS-20009746,Freya Hughes,1 Church Street,BS29 7GE,1996-06-19,28,2024-12-19,unemployed,24,skilled,private_tenant,26,3,1,13200.0,850.46,492.95,427.7,-70.19,0.4481,11500.0,car,153,verified,mobile,14,0,1,pass,refer,82,2,0.3428,0,0,0,full,0,0,0,0,0,0,0,0,0,0,0,0,894,0,0,Known Good,0.0,Known good/bad,0,Known good,1.0,3.295836866004329,0.058497288125006,567.2933482217114
ACC-10009747,CUS-20009747,Aisha Clarke,23 Station Lane,S12 3SR,2005-06-15,19,2024-07-13,part_time,143,service,social_tenant,21,2,0,29400.0,1873.93,424.03,1103.58,346.32,0.1731,3400.0,car,64,verified,telephone,10,0,0,pass,pass,7,3,0.3805,0,0,0,full,0,0,0,0,0,0,0,0,0,0,0,0,880,0,0,Known Good,0.0,Known good/bad,0,Known good,0.0,3.091042453358316,0.03203960818815295,585.4632682939666
ACC-10009748,CUS-20009748,Noah Foster,171 Kingfisher Way,BS11 3NY,1970-01-17,54,2024-09-04,retired,102,not_working,homeowner_mortgage,39,3,0,21700.0,1395.82,269.13,975.51,151.18,0.1488,3200.0,other,119,verified,mobile,2,3,0,pass,pass,240,7,0.5676,3,0,0,partial,0,0,0,0,0,0,0,0,0,0,0,0,805,0,0,Known Good,0.0,Known good/bad,0,Known good,0.0,3.6888794541139363,0.04906377013962915,572.6552480918424
ACC-10009754,CUS-20009754,Theo Lewis,99 Willow Drive,OX10 8DA,1962-02-27,62,2024-07-23,unemployed,16,skilled,homeowner_mortgage,138,1,0,17500.0,1123.09,223.18,791.51,108.4,0.153,14400.0,car,88,verified,mobile,19,2,0,pass,pass,165,4,0.6118,2,0,0,none,0,0,0,0,0,0,0,0,0,0,0,0,813,0,0,Known Good,0.0,Known good/bad,0,Known good,1.0,4.9344739331306915,0.05851110005073197,567.286112974411
ACC-10009762,CUS-20009762,Amelia Shah,101 Mill View,NE18 4UB,1995-07-01,29,2024-08-10,employed,54,professional,living_with_family,4,3,1,51600.0,3265.04,685.28,803.68,1776.08,0.1594,2800.0,home_improvement,81,verified,mobile,8,0,1,pass,pass,86,4,0.2764,0,0,0,full,0,0,0,0,0,0,0,0,0,0,0,0,915,0,0,Known Good,0.0,Known good/bad,0,Known good,0.0,1.6094379124341003,0.03710375153191655,581.0777439592006
ACC-10009766,CUS-20009766,Jack Bennett,140 Mill View,EH1 5ET,2001-03-27,23,2024-10-21,employed,119,managerial,living_with_family,70,1,2,74000.0,4904.21,497.22,846.02,3560.97,0.0806,3100.0,debt_consolidation,151,verified,mobile,21,0,0,pass,pass,48,4,0.2072,0,0,2,full,0,0,0,0,0,0,0,0,0,0,0,0,883,0,0,Known Good,0.0,Known good/bad,0,Known good,0.0,4.2626798770413155,0.02155634527438335,597.2089615661712
ACC-10009777,CUS-20009777,Aisha Jones,78 Park Avenue,G3 5YX,1975-09-11,49,2024-11-11,employed,45,service,social_tenant,70,3,0,42700.0,2753.6,490.22,581.26,1682.12,0.1378,7300.0,major_purchase,123,verified,web,12,1,1,fail,refer,336,2,0.2947,1,0,0,full,0,0,0,0,0,0,0,0,0,0,0,0,884,0,0,Known Good,0.0,Known good/bad,0,Known good,0.0,4.2626798770413155,0.027521405064804643,589.9836854809834
ACC-10009782,CUS-20009782,Maya Green,24 Meadow Close,PL13 9RW,1973-04-03,51,2024-11-03,employed,74,administrative,private_tenant,63,1,1,41800.0,2608.48,439.79,324.33,1844.36,0.1263,12700.0,home_improvement,21,partially_verified,mobile,12,0,0,pass,refer,320,3,0.5936,0,0,1,full,0,0,0,0,0,0,0,0,0,0,0,0,789,0,0,Known Good,0.0,Known good/bad,0,Known good,0.0,4.1588830833596715,0.03088023773699269,586.5612601642474
ACC-10009784,CUS-20009784,Isla Foster,124 Highfield Gardens,SO11 8HY,1979-10-19,44,2024-07-25,retired,34,manual,homeowner_outright,108,2,0,30400.0,1976.89,418.32,63.07,1495.5,0.1651,2100.0,car,140,verified,web,15,1,0,pass,pass,295,4,0.1207,1,0,0,none,0,0,0,0,0,0,0,0,0,0,0,0,874,0,0,Known Good,0.0,Known good/bad,0,Known good,0.0,4.6913478822291435,0.022767284751969156,595.5962364541923
ACC-10009785,CUS-20009785,Sofia Bennett,64 Highfield Gardens,NE9 9FX,1982-06-15,42,2024-09-21,employed,29,managerial,private_tenant,51,2,0,22300.0,1413.56,199.26,672.15,542.15,0.1072,3700.0,education,19,verified,branch,2,1,0,pass,pass,272,4,0.8406,1,0,0,full,0,0,0,0,0,0,0,0,0,0,0,0,813,0,0,Known Good,0.0,Known good/bad,0,Known good,0.0,3.9512437185814275,0.01627951384412767,605.4652547056422
ACC-10009791,CUS-20009791,Oliver Hughes,8 Victoria Road,OX14 3YH,1983-04-19,41,2024-11-26,self_employed,58,professional,private_tenant,78,4,2,28700.0,1800.4,557.18,675.8,567.42,0.233,11400.0,major_purchase,73,verified,web,3,0,0,pass,pass,108,5,0.1243,0,1,1,full,0,0,0,0,0,0,0,0,0,0,0,0,800,0,0,Known Good,0.0,Known good/bad,0,Known good,0.0,4.3694478524670215,0.037616413772683155,580.6664325731473
ACC-10009796,CUS-20009796,Ava Taylor,76 Station Lane,BS28 9FB,1995-08-11,28,2024-07-01,employed,123,skilled,social_tenant,35,5,0,75600.0,4979.7,105.54,669.75,4204.41,0.0168,30000.0,major_purchase,196,partially_verified,mobile,8,1,0,pass,pass,51,3,0.3446,1,0,0,full,0,0,0,0,0,0,0,0,0,0,0,0,811,0,0,Known Good,0.0,Known good/bad,0,Known good,0.0,3.58351893845611,0.029310614451801033,588.1131681822893
ACC-10009799,CUS-20009799,Leo Khan,236 Mill View,CF22 7VJ,1976-04-21,48,2024-12-27,employed,56,skilled,private_tenant,136,1,0,45200.0,2760.39,688.44,833.16,1238.79,0.1828,16700.0,car,134,verified,mobile,17,0,0,pass,pass,177,3,0.1918,0,0,0,partial,0,0,0,0,0,0,0,0,0,0,0,0,916,0,0,Known Good,0.0,Known good/bad,0,Known good,0.0,4.919980925828125,0.0205920509078593,598.5578857024008
ACC-10009809,CUS-20009809,Daniel Clarke,210 Park Avenue,NG23 2AG,1981-11-12,43,2024-12-24,employed,61,service,homeowner_outright,68,1,0,26900.0,1662.47,345.78,57.72,1258.97,0.1543,7300.0,home_improvement,21,verified,mobile,0,0,0,pass,pass,174,1,0.3365,0,0,0,partial,0,0,0,0,0,0,0,0,0,0,0,0,756,0,0,Known Good,0.0,Known good/bad,0,Known good,0.0,4.23410650459726,0.025345037390839077,592.4252038780121
ACC-10009812,CUS-20009812,Maya Clarke,134 Highfield Gardens,PL25 5GA,1983-02-24,41,2024-11-27,employed,53,service,private_tenant,10,4,1,31800.0,2163.78,266.17,1230.95,666.66,0.1004,25700.0,education,39,verified,mobile,15,1,0,pass,pass,260,1,0.4633,1,0,0,partial,0,0,0,0,0,0,0,0,0,0,0,0,888,0,0,Known Good,0.0,Known good/bad,0,Known good,0.0,2.3978952727983707,0.015413295006275439,607.0682970845909
ACC-10009814,CUS-20009814,Theo Hughes,206 Kingfisher Way,OX28 7HF,1971-10-10,52,2024-07-23,employed,66,service,homeowner_mortgage,37,2,1,44800.0,2949.97,173.15,789.31,1987.51,0.0464,7300.0,debt_consolidation,146,verified,web,12,1,1,pass,pass,195,5,0.0,1,0,0,full,0,0,0,0,0,0,0,0,0,0,0,0,914,0,0,Known Good,0.0,Known good/bad,0,Known good,0.0,3.6375861597263857,0.02252127992931022,595.9169675818841
ACC-10009830,CUS-20009830,George Wilson,49 Mill View,RG20 9XV,1963-10-07,60,2024-07-14,employed,29,service,homeowner_mortgage,38,3,2,55100.0,3487.81,71.56,1163.49,2252.76,0.0156,7800.0,home_improvement,266,verified,web,17,2,0,fail,pass,179,1,0.4084,2,0,0,full,0,0,0,0,0,0,0,0,0,0,0,0,792,0,0,Known Good,0.0,Known good/bad,0,Known good,0.0,3.6635616461296463,0.03469478492723954,583.0867650950976
ACC-10009832,CUS-20009832,Leo Shah,76 Victoria Road,LS22 2SQ,1965-02-11,59,2024-08-07,employed,23,managerial,private_tenant,16,2,2,93000.0,6081.57,137.05,617.31,5327.21,0.0177,3700.0,major_purchase,90,verified,telephone,22,0,0,pass,pass,150,5,0.3399,0,0,0,full,0,0,0,0,0,0,0,0,0,0,0,0,942,0,0,Known Good,0.0,Known good/bad,0,Known good,0.0,2.833213344056216,0.028922247023957272,588.5095815563591
ACC-10009835,CUS-20009835,Adam Roberts,106 Station Lane,G1 1AE,1982-03-30,42,2024-07-18,employed,30,manual,living_with_family,14,3,0,23100.0,1412.84,262.06,190.31,960.47,0.1361,7400.0,car,116,partially_verified,web,8,1,0,pass,pass,205,1,0.297,1,0,0,full,0,0,0,0,0,0,0,0,0,0,0,0,885,0,0,Known Good,0.0,Known good/bad,0,Known good,0.0,2.70805020110221,0.03542464961001888,582.4642452891593
ACC-10009840,CUS-20009840,George Patel,242 Mill View,NE15 8HN,1992-05-15,32,2024-08-25,employed,40,service,homeowner_mortgage,18,3,1,36100.0,2290.96,553.29,321.4,1416.27,0.1839,2300.0,home_improvement,276,verified,mobile,18,1,0,pass,pass,130,2,0.3377,1,0,0,full,0,0,0,0,0,0,0,0,0,0,0,0,837,0,0,Known Good,0.0,Known good/bad,0,Known good,0.0,2.9444389791664403,0.03644330353130358,581.6157544053034
ACC-10009858,CUS-20009858,Oliver Clarke,120 Station Lane,NE6 2PE,1964-01-14,60,2024-11-24,employed,65,service,homeowner_outright,71,2,1,16600.0,1003.4,832.92,57.61,112.87,0.6021,6100.0,car,38,not_verified,web,6,2,1,pass,pass,174,4,0.4347,2,0,0,none,0,0,0,0,0,0,0,0,0,0,0,0,787,0,0,Known Good,0.0,Known good/bad,0,Known good,1.0,4.276666119016055,0.07722567203743053,558.699385051938
ACC-10009859,CUS-20009859,Priya Evans,62 Park Avenue,RG22 7HU,1974-08-21,50,2024-10-10,employed,24,skilled,social_tenant,88,5,0,31800.0,1964.27,333.19,593.51,1037.57,0.1257,9200.0,debt_consolidation,46,verified,telephone,19,0,0,pass,pass,260,2,0.2138,0,0,0,none,0,0,0,0,0,0,0,0,0,0,0,0,837,0,0,Known Good,0.0,Known good/bad,0,Known good,0.0,4.48863636973214,0.02157967665024338,597.1770605742316
ACC-10009860,CUS-20009860,Daniel Clarke,109 Mill View,BS7 4DD,2002-09-14,22,2024-12-13,employed,29,service,social_tenant,79,1,1,34300.0,2223.91,117.92,686.47,1419.52,0.0413,9700.0,education,43,verified,mobile,23,1,1,fail,pass,18,1,0.4693,1,0,0,full,0,0,0,0,0,0,0,0,0,0,0,0,869,0,0,Known Good,0.0,Known good/bad,0,Known good,0.0,4.382026634673881,0.010689917838901214,617.7648784011982
ACC-10009862,CUS-20009862,Isla Morgan,44 Victoria Road,SO13 2RQ,2002-06-26,22,2024-09-29,unemployed,0,managerial,homeowner_mortgage,106,2,0,10200.0,694.81,36.4,624.27,34.14,0.0428,8100.0,car,48,partially_verified,web,22,2,1,pass,pass,37,2,0.8506,2,0,0,full,0,0,0,0,0,0,0,0,0,0,0,0,749,0,0,Known Good,0.0,Known good/bad,0,Known good,1.0,4.672828834461906,0.0678696654910711,562.7167339088251
ACC-10009868,CUS-20009868,Adam Bennett,61 Kingfisher Way,OX10 7RP,1960-09-05,64,2024-11-11,employed,8,professional,private_tenant,180,4,3,23900.0,1475.24,141.03,1176.94,157.27,0.0708,20600.0,debt_consolidation,110,verified,mobile,21,3,0,pass,pass,503,2,0.4168,3,1,3,full,0,0,0,0,0,0,0,0,0,0,0,0,675,0,0,Known Good,0.0,Known good/bad,0,Known good,0.0,5.198497031265826,0.05455788467865603,569.4254665563275
ACC-10009869,CUS-20009869,Oliver Green,88 Highfield Gardens,RG10 1GE,1991-07-31,33,2024-12-07,employed,69,manual,social_tenant,66,1,1,42400.0,2636.58,316.36,455.6,1864.62,0.0895,16700.0,home_improvement,76,not_verified,web,10,1,0,pass,pass,178,2,0.3645,1,0,0,full,0,0,0,0,0,0,0,0,0,0,0,0,831,0,0,Known Good,0.0,Known good/bad,0,Known good,0.0,4.204692619390966,0.028370478611670937,589.081754810677
ACC-10009873,CUS-20009873,Leo Jones,3 Station Lane,SO4 1JF,1996-10-10,28,2024-11-01,self_employed,50,not_working,private_tenant,99,1,0,81700.0,5093.53,658.83,442.0,3992.7,0.0968,9500.0,debt_consolidation,67,verified,mobile,12,1,1,pass,pass,50,5,0.7364,1,0,0,full,0,0,0,0,0,0,0,0,0,0,0,0,809,0,0,Known Good,0.0,Known good/bad,0,Known good,0.0,4.605170185988092,0.03593841624410051,582.0334076087153
ACC-10009875,CUS-20009875,Priya Davies,22 Mill View,RG2 1GL,2005-06-13,19,2024-12-29,employed,52,managerial,private_tenant,12,3,1,23800.0,1508.55,392.55,736.7,379.3,0.1979,8600.0,car,83,verified,mobile,3,1,0,pass,pass,11,4,0.7926,1,0,1,full,0,0,0,0,0,0,0,0,0,0,0,0,782,0,0,Known Good,0.0,Known good/bad,0,Known good,0.0,2.5649493574615367,0.055885637311594565,568.6911195228774
ACC-10009880,CUS-20009880,Jack Clarke,180 Kingfisher Way,RG4 4TG,1974-04-08,50,2024-09-28,employed,158,service,private_tenant,114,3,1,19400.0,1244.94,178.1,1232.58,-165.74,0.1102,4400.0,car,64,verified,mobile,3,4,0,pass,pass,343,6,0.3912,4,0,0,full,0,0,0,0,0,0,0,0,0,0,0,0,765,0,0,Known Good,0.0,Known good/bad,0,Known good,1.0,4.74493212836325,0.06370346596587412,564.6733110813552
ACC-10009889,CUS-20009889,Theo Green,222 Kingfisher Way,G4 6FD,2004-11-08,19,2024-09-04,retired,27,professional,homeowner_mortgage,18,2,2,28300.0,1803.65,20.0,934.91,848.74,0.0085,2100.0,home_improvement,55,verified,mobile,3,2,0,pass,pass,10,5,0.8175,2,0,1,full,0,0,0,0,0,0,0,0,0,0,0,0,734,0,0,Known Good,0.0,Known good/bad,0,Known good,0.0,2.9444389791664403,0.05343137311288449,570.0618383662948
ACC-10009893,CUS-20009893,Isla Green,60 Willow Drive,PL11 1WT,1977-04-05,47,2024-07-27,self_employed,54,service,homeowner_mortgage,88,2,0,28500.0,1786.95,69.43,827.58,889.94,0.0292,4200.0,major_purchase,97,partially_verified,web,23,3,0,pass,pass,265,1,0.2532,3,0,0,full,0,0,0,0,0,0,0,0,0,0,0,0,847,0,0,Known Good,0.0,Known good/bad,0,Known good,0.0,4.48863636973214,0.0309077169045028,586.5347774180809
ACC-10009894,CUS-20009894,Sofia Shah,186 Highfield Gardens,B25 1GG,1974-05-10,50,2024-09-14,employed,129,managerial,homeowner_mortgage,1,4,1,24500.0,1514.16,120.3,833.2,560.66,0.0589,5300.0,debt_consolidation,60,verified,web,12,2,0,pass,pass,160,0,0.3562,2,0,0,full,0,0,0,0,0,0,0,0,0,0,0,0,867,0,0,Known Good,0.0,Known good/bad,0,Known good,0.0,0.6931471805599453,0.05520451412947959,569.0657546870344
ACC-10009899,CUS-20009899,Adam Davies,183 Highfield Gardens,PL7 5EQ,1989-04-19,35,2024-10-10,employed,244,professional,homeowner_outright,56,1,0,90800.0,5461.62,318.33,120.85,5022.44,0.0421,2500.0,debt_consolidation,85,verified,telephone,22,1,1,pass,pass,198,3,0.2437,1,0,0,full,0,0,0,0,0,0,0,0,0,0,0,0,842,0,0,Known Good,0.0,Known good/bad,0,Known good,0.0,4.04305126783455,0.025553265025732873,592.1829518307068
ACC-10009900,CUS-20009900,Jack Evans,231 Willow Drive,RG27 9YA,1981-10-21,43,2024-12-28,unemployed,0,skilled,private_tenant,150,4,1,10100.0,626.99,564.86,937.57,-875.44,0.6711,12200.0,major_purchase,147,partially_verified,mobile,9,0,1,pass,pass,142,3,0.726,0,0,0,full,0,0,0,0,0,0,0,0,0,0,0,0,824,0,0,Known Good,0.0,Known good/bad,0,Known good,1.0,5.017279836814924,0.07005929704186407,561.7326823846415
ACC-10009901,CUS-20009901,Leo Evans,50 Church Street,PL22 3ER,1959-09-28,65,2024-12-03,employed,80,not_working,homeowner_mortgage,8,2,2,33500.0,2192.87,205.01,659.97,1327.89,0.0734,11100.0,car,44,verified,web,10,0,0,pass,pass,535,6,0.398,0,0,0,full,0,0,0,0,0,0,0,0,0,0,0,0,869,0,0,Known Good,0.0,Known good/bad,0,Known good,0.0,2.1972245773362196,0.03494753453844121,582.8697720333731
ACC-10009906,CUS-20009906,Amelia Foster,167 Willow Drive,LS27 1VU,2002-08-16,22,2024-11-20,employed,32,not_working,private_tenant,26,2,0,20500.0,1282.69,339.79,873.31,69.59,0.1989,4600.0,car,30,not_verified,web,1,1,1,pass,pass,35,1,0.0374,1,1,1,partial,0,0,0,0,0,0,0,0,0,0,0,0,875,0,0,Known Good,0.0,Known good/bad,0,Known good,1.0,3.295836866004329,0.0736269126644083,560.1886407784677
ACC-10009912,CUS-20009912,Theo Shah,29 Highfield Gardens,LS1 7JX,1987-11-06,36,2024-08-16,employed,62,service,private_tenant,103,2,1,39000.0,2513.33,568.16,471.89,1473.28,0.1748,3600.0,debt_consolidation,35,verified,mobile,2,1,1,pass,pass,183,2,0.5997,1,0,0,partial,0,0,0,0,0,0,0,0,0,0,0,0,734,0,0,Known Good,0.0,Known good/bad,0,Known good,0.0,4.6443908991413725,0.03388054684698567,583.7963264525066
ACC-10009915,CUS-20009915,Leo Evans,194 Meadow Close,RG4 4DP,1974-07-13,50,2024-10-11,employed,110,administrative,social_tenant,88,2,2,31500.0,1949.0,269.93,615.9,1063.17,0.1028,3700.0,car,143,verified,web,8,3,0,pass,pass,244,1,0.5132,3,0,0,full,0,0,0,0,0,0,0,0,0,0,0,0,813,0,0,Known Good,0.0,Known good/bad,0,Known good,0.0,4.48863636973214,0.04004305235682902,578.7897931918995
ACC-10009916,CUS-20009916,Maya Green,103 Meadow Close,EH24 4RQ,1966-08-04,57,2024-07-27,employed,72,service,homeowner_mortgage,151,3,0,22000.0,1454.94,299.74,854.44,300.76,0.1635,13600.0,home_improvement,110,verified,branch,8,0,0,pass,pass,414,4,0.4668,0,0,0,partial,0,0,0,0,0,0,0,0,0,0,0,0,883,0,0,Known Good,0.0,Known good/bad,0,Known good,0.0,5.0238805208462765,0.02490192473239977,592.9472396253025
ACC-10009927,CUS-20009927,Isla Wilson,55 Willow Drive,SO16 6DL,1969-11-07,54,2024-08-22,unemployed,0,manual,living_with_family,210,6,0,13500.0,819.68,429.99,746.84,-357.15,0.3822,10100.0,home_improvement,89,not_verified,mobile,1,1,0,pass,pass,150,7,0.8868,1,0,0,full,0,0,0,0,0,0,0,0,0,0,0,0,737,0,0,Known Good,0.0,Known good/bad,0,Known good,1.0,5.351858133476067,0.06992478400540739,561.7923081154388
ACC-10009929,CUS-20009929,George Patel,243 Meadow Close,M8 8DV,1972-08-14,52,2024-12-06,employed,37,administrative,private_tenant,139,1,0,45400.0,2963.79,93.72,413.88,2456.19,0.0248,7800.0,major_purchase,134,verified,web,14,2,0,pass,pass,168,2,0.3743,2,0,0,full,0,0,0,0,0,0,0,0,0,0,0,0,885,0,0,Known Good,0.0,Known good/bad,0,Known good,0.0,4.941642422609304,0.027630960384519936,589.8658031200584
ACC-10009930,CUS-20009930,Noah Davies,24 Kingfisher Way,OX29 2BP,1974-03-21,50,2024-09-04,retired,35,skilled,private_tenant,71,1,0,23700.0,1533.7,124.7,686.59,722.41,0.0631,20600.0,home_improvement,85,verified,web,0,0,0,pass,pass,282,4,0.4122,0,0,0,full,0,0,0,0,0,0,0,0,0,0,0,0,855,0,0,Known Good,0.0,Known good/bad,0,Known good,0.0,4.276666119016055,0.025037222811192094,592.786890017092
ACC-10009932,CUS-20009932,Ava Bennett,193 Victoria Road,NG28 9AR,1988-05-17,36,2024-09-23,part_time,52,professional,private_tenant,58,3,2,18700.0,1171.21,85.73,887.37,198.11,0.055,16700.0,car,83,verified,branch,23,3,1,pass,refer,202,2,0.28,3,1,2,full,0,0,0,0,0,0,0,0,0,0,0,0,783,0,0,Known Good,0.0,Known good/bad,0,Known good,0.0,4.07753744390572,0.057912891820732705,567.6009565775416
ACC-10009939,CUS-20009939,Freya Davies,8 Church Street,PL14 4LF,1993-10-12,30,2024-07-20,employed,22,manual,living_with_family,56,1,1,29500.0,2008.1,146.46,562.85,1298.79,0.0596,6500.0,other,51,verified,web,7,2,0,refer,pass,92,1,0.7767,2,0,0,full,0,0,0,0,0,0,0,0,0,0,0,0,790,0,0,Known Good,0.0,Known good/bad,0,Known good,0.0,4.04305126783455,0.04505380852429311,575.2368456503868
ACC-10009940,CUS-20009940,Freya Wilson,39 Park Avenue,G11 9UY,1985-03-20,39,2024-08-13,employed,35,managerial,homeowner_outright,65,2,2,12300.0,796.93,297.74,138.32,360.87,0.2905,11400.0,home_improvement,28,verified,mobile,9,2,1,pass,pass,238,2,0.4985,2,1,2,none,0,0,0,0,0,0,0,0,0,0,0,0,710,0,0,Known Good,0.0,Known good/bad,0,Known good,0.0,4.189654742026425,0.0698174721566166,561.8399524659067
ACC-10009942,CUS-20009942,Theo Khan,154 Church Street,RG14 9HD,1995-01-12,29,2024-08-10,retired,39,professional,social_tenant,91,1,0,38300.0,2494.51,154.59,662.16,1677.76,0.0484,1300.0,car,120,partially_verified,mobile,3,1,0,pass,pass,115,8,0.2496,1,0,0,full,0,0,0,0,0,0,0,0,0,0,0,0,925,0,0,Known Good,0.0,Known good/bad,0,Known good,0.0,4.5217885770490405,0.023854575885924458,594.218039239166
ACC-10009946,CUS-20009946,Maya Green,43 Oak Road,LS19 3RX,1966-08-25,58,2024-08-27,employed,20,manual,homeowner_outright,64,2,1,48400.0,2965.15,187.7,169.11,2608.34,0.0465,30000.0,home_improvement,114,verified,branch,3,2,0,pass,pass,382,5,0.4629,2,0,0,partial,0,0,0,0,0,0,0,0,0,0,0,0,867,0,0,Known Good,0.0,Known good/bad,0,Known good,0.0,4.174387269895637,0.0341075853175627,583.5968357598754
ACC-10009955,CUS-20009955,Daniel Patel,199 Meadow Close,BS9 4UY,1956-12-12,67,2024-07-04,employed,73,service,private_tenant,41,4,0,19300.0,1169.17,294.87,601.49,272.81,0.1833,2000.0,car,156,verified,mobile,5,0,1,pass,pass,562,4,0.2745,0,0,0,full,0,0,0,0,0,0,0,0,0,0,0,0,879,0,0,Known Good,0.0,Known good/bad,0,Known good,0.0,3.7376696182833684,0.0267020132641121,590.8800990880703
ACC-10009956,CUS-20009956,Daniel Shah,122 Mill View,S2 4GP,1963-03-03,61,2024-08-23,part_time,67,not_working,homeowner_outright,37,3,2,61700.0,3836.49,218.15,112.47,3505.87,0.0424,3200.0,major_purchase,15,verified,web,3,3,0,pass,fail,246,4,0.1886,3,0,1,full,0,0,0,0,0,0,0,0,0,0,0,0,721,0,0,Known Good,0.0,Known good/bad,0,Known good,0.0,3.6375861597263857,0.034014371288997314,583.6785841569565
ACC-10009958,CUS-20009958,Oliver Patel,67 Oak Road,NR10 9GX,1983-09-19,41,2024-11-04,self_employed,85,administrative,homeowner_mortgage,95,2,1,74900.0,4817.2,598.39,943.87,3274.94,0.0959,28800.0,debt_consolidation,66,verified,web,11,0,0,pass,pass,100,3,0.3051,0,0,0,full,0,0,0,0,0,0,0,0,0,0,0,0,798,0,0,Known Good,0.0,Known good/bad,0,Known good,0.0,4.564348191467836,0.022447352793323654,596.0140197802375
ACC-10009959,CUS-20009959,Leo Bennett,188 Mill View,B27 4LP,1978-02-28,46,2024-09-02,employed,14,professional,living_with_family,73,2,0,38100.0,2580.91,51.57,678.01,1851.33,0.0162,6600.0,car,107,verified,web,9,2,1,pass,refer,256,4,0.7214,2,0,0,none,1,0,1,0,1,0,1,1,1,1,0,0,776,0,7,Known Bad,1.0,Known good/bad,1,Known bad,0.0,4.30406509320417,0.04011266160371959,578.7375859111228
ACC-10009962,CUS-20009962,Ava Foster,162 Meadow Close,SO17 2AU,1981-08-15,42,2024-07-02,employed,37,administrative,homeowner_mortgage,51,5,0,74000.0,4851.53,397.25,253.73,4200.55,0.0644,6500.0,major_purchase,17,verified,web,5,2,0,pass,pass,146,6,0.4952,2,0,0,full,0,0,0,0,0,0,0,0,0,0,0,0,789,0,0,Known Good,0.0,Known good/bad,0,Known good,0.0,3.9512437185814275,0.03674295167324539,581.3705043061047
ACC-10009964,CUS-20009964,Leo Taylor,27 Meadow Close,M14 2TQ,1976-10-22,48,2024-12-13,employed,102,administrative,living_with_family,32,2,2,24200.0,1549.25,214.71,733.91,600.63,0.1065,11600.0,debt_consolidation,73,verified,branch,16,0,0,pass,pass,275,7,0.1248,0,0,0,full,0,0,0,0,0,0,0,0,0,0,0,0,850,0,0,Known Good,0.0,Known good/bad,0,Known good,0.0,3.4965075614664802,0.02330029771548024,594.9127714656933
ACC-10009968,CUS-20009968,Jack Wilson,160 Mill View,NG2 6TV,1971-05-24,53,2024-08-15,employed,85,service,homeowner_mortgage,79,2,0,19100.0,1165.03,455.4,605.45,104.18,0.2861,26700.0,home_improvement,49,verified,mobile,15,2,0,pass,pass,374,3,0.3731,2,0,2,full,0,0,0,0,0,0,0,0,0,0,0,0,816,0,0,Known Good,0.0,Known good/bad,0,Known good,1.0,4.382026634673881,0.05822795301023556,567.4347581053826
ACC-10009977,CUS-20009977,Daniel Lewis,1 Victoria Road,L19 3PA,1965-08-26,59,2024-12-01,employed,89,manual,private_tenant,70,1,0,33200.0,2016.49,157.12,1126.32,733.05,0.0568,11200.0,debt_consolidation,80,partially_verified,mobile,20,2,0,refer,pass,301,3,0.8506,2,0,0,full,0,0,0,0,0,0,0,0,0,0,0,0,766,0,0,Known Good,0.0,Known good/bad,0,Known good,0.0,4.2626798770413155,0.04600838690355583,574.6030322601496
ACC-10009978,CUS-20009978,Sofia Khan,15 Mill View,SO26 8XR,1975-11-23,48,2024-10-03,unemployed,32,skilled,private_tenant,146,2,1,12900.0,753.2,199.87,1314.07,-760.74,0.1859,3900.0,home_improvement,42,verified,mobile,3,2,0,pass,pass,236,4,0.3757,2,0,0,full,0,0,0,0,0,0,0,0,0,0,0,0,848,0,0,Known Good,0.0,Known good/bad,0,Known good,1.0,4.990432586778736,0.04939035819704919,572.4539101604665
ACC-10009979,CUS-20009979,Freya Davies,111 Highfield Gardens,S20 7HY,1978-06-21,46,2024-09-12,employed,58,professional,homeowner_mortgage,32,7,0,36500.0,2285.59,197.74,914.95,1172.9,0.065,6600.0,debt_consolidation,38,verified,mobile,20,0,0,pass,pass,169,3,0.2154,0,0,0,full,0,0,0,0,0,0,0,0,0,0,0,0,894,0,0,Known Good,0.0,Known good/bad,0,Known good,0.0,3.4965075614664802,0.02431607178672478,593.651511719218
ACC-10009981,CUS-20009981,Adam Hughes,155 Oak Road,BS3 5UF,1991-03-18,33,2024-11-30,employed,115,administrative,homeowner_outright,87,2,0,45200.0,2883.01,513.3,177.52,2192.19,0.1363,4500.0,car,133,verified,web,23,1,0,refer,pass,57,1,0.4483,1,0,0,full,0,0,0,0,0,0,0,0,0,0,0,0,895,0,0,Known Good,0.0,Known good/bad,0,Known good,0.0,4.477336814478207,0.030015077162375278,587.4069370184959
ACC-10009984,CUS-20009984,Priya Jones,190 Mill View,EH12 4JA,1963-09-26,61,2024-10-11,employed,30,administrative,homeowner_outright,174,3,2,32200.0,2024.1,189.78,8.61,1825.71,0.0707,8400.0,debt_consolidation,62,verified,branch,22,1,0,pass,pass,188,3,0.6234,1,0,0,full,0,0,0,0,1,0,1,0,1,0,1,0,853,0,4,Known Bad,1.0,Known good/bad,1,Known bad,0.0,5.1647859739235145,0.029448496594784393,587.973653897488
ACC-10009988,CUS-20009988,Amelia Bennett,186 Church Street,SO20 6WD,1992-03-04,32,2024-08-16,part_time,46,administrative,homeowner_mortgage,71,2,0,25800.0,1681.32,122.43,580.96,977.93,0.0569,2900.0,other,70,partially_verified,mobile,7,4,0,pass,pass,57,3,0.3544,4,0,0,full,0,0,0,0,0,0,0,0,0,0,0,0,891,0,0,Known Good,0.0,Known good/bad,0,Known good,0.0,4.276666119016055,0.04030574560587242,578.5932250130234
ACC-10009990,CUS-20009990,Priya Shah,77 Kingfisher Way,OX20 8EW,1966-10-20,57,2024-08-10,employed,66,service,private_tenant,13,2,1,69100.0,4130.49,459.16,931.86,2739.47,0.0797,3100.0,major_purchase,93,verified,web,18,0,1,pass,pass,374,3,0.1658,0,0,2,full,0,0,0,0,0,0,0,0,0,0,0,0,863,0,0,Known Good,0.0,Known good/bad,0,Known good,0.0,2.6390573296152584,0.027159463816231598,590.3764050214162
ACC-10009994,CUS-20009994,Leo Lewis,78 Meadow Close,S16 3BP,1990-06-15,34,2024-10-05,employed,57,professional,homeowner_outright,39,4,0,23900.0,1535.3,200.04,16.42,1318.84,0.1004,14200.0,other,57,verified,mobile,3,2,1,pass,pass,70,5,0.3843,2,0,1,full,0,0,0,0,0,0,0,0,0,0,0,0,826,0,0,Known Good,0.0,Known good/bad,0,Known good,0.0,3.6888794541139363,0.036020341357695516,581.9652551100348
ACC-10009995,CUS-20009995,Isla Khan,204 Mill View,B23 5HD,1971-11-26,52,2024-11-02,unemployed,12,managerial,homeowner_mortgage,93,2,2,9300.0,567.58,44.38,1123.25,-600.05,0.0573,15500.0,car,108,verified,branch,23,0,0,pass,refer,293,6,0.4429,0,0,1,full,0,0,0,0,0,0,0,0,0,0,0,0,859,0,0,Known Good,0.0,Known good/bad,0,Known good,1.0,4.543294782270004,0.03936349184909988,579.3040867684922
ACC-10009998,CUS-20009998,Priya Taylor,25 Victoria Road,B4 6PT,1986-11-16,37,2024-07-18,employed,37,not_working,homeowner_mortgage,38,4,2,28900.0,1804.51,216.54,711.17,876.8,0.0899,4200.0,home_improvement,191,verified,telephone,3,2,1,pass,refer,121,2,0.5787,2,0,0,full,0,0,0,0,0,0,0,0,0,0,0,0,836,0,0,Known Good,0.0,Known good/bad,0,Known good,0.0,3.6635616461296463,0.041859352150858356,577.4551873992067
ACC-10000112,CUS-20000112,Daniel Morgan,121 Station Lane,RG8 6BV,1966-01-30,58,2024-12-09,part_time,30,managerial,homeowner_mortgage,42,1,1,73300.0,4682.28,893.53,522.4,3266.35,0.1463,2000.0,debt_consolidation,148,not_verified,mobile,8,1,1,pass,pass,316,5,0.6631,1,0,0,partial,0,0,0,0,1,0,0,0,0,0,0,0,844,0,1,Intermediate,,Intermediate,0,Intermediate,0.0,3.7612001156935624,0.04024221650830871,578.6406498096042
ACC-10000483,CUS-20000483,Ava Morgan,209 Victoria Road,SO7 9YJ,1957-01-19,67,2024-07-30,employed,127,managerial,homeowner_outright,38,1,1,45600.0,2817.93,594.45,123.15,2100.33,0.1564,5700.0,car,48,verified,branch,9,2,1,pass,pass,540,2,0.118,2,0,0,full,0,0,0,0,0,0,1,0,0,1,0,0,928,0,2,Intermediate,,Intermediate,0,Intermediate,0.0,3.6635616461296463,0.030466363664819224,586.9629107962094
ACC-10000997,CUS-20000997,Amelia Foster,90 Park Avenue,RG15 9HF,1995-03-31,29,2024-11-22,employed,66,not_working,private_tenant,48,2,1,38900.0,2484.79,149.47,920.49,1414.83,0.0461,17500.0,debt_consolidation,23,verified,mobile,22,1,1,pass,pass,71,6,0.0603,1,0,0,full,0,0,0,1,0,0,0,0,0,0,0,1,780,0,2,Intermediate,,Intermediate,0,Intermediate,0.0,3.8918202981106265,0.022672580172597462,595.7193058452052
ACC-10001134,CUS-20001134,Amelia Davies,208 Station Lane,NG25 4JL,1967-08-20,57,2024-11-12,unemployed,0,managerial,homeowner_mortgage,205,4,0,11500.0,738.4,52.18,722.65,-36.43,0.0544,5400.0,major_purchase,17,partially_verified,web,19,0,0,pass,pass,329,0,0.6153,0,0,0,full,1,0,0,0,0,0,0,0,0,0,0,0,845,0,1,Intermediate,,Intermediate,0,Intermediate,1.0,5.327876168789581,0.039683072064984025,579.0611759537491
ACC-10001276,CUS-20001276,Adam Evans,247 Willow Drive,G1 8AY,1995-12-05,28,2024-07-20,employed,100,service,homeowner_mortgage,84,3,2,34800.0,2055.03,622.3,570.99,861.74,0.2146,6900.0,major_purchase,295,verified,web,13,1,1,refer,pass,46,0,0.0755,1,0,0,partial,0,0,1,0,0,0,0,0,0,0,0,0,999,0,1,Intermediate,,Intermediate,0,Intermediate,0.0,4.442651256490317,0.023700964016110743,594.4089854175703
ACC-10001309,CUS-20001309,Noah Clarke,202 Victoria Road,NE21 7DG,1990-01-08,34,2024-07-13,employed,13,manual,homeowner_mortgage,49,1,1,21500.0,1350.9,434.03,500.46,416.41,0.2422,7600.0,debt_consolidation,62,verified,branch,14,0,1,pass,pass,82,5,0.774,0,1,1,full,0,0,0,0,0,1,0,0,0,0,0,1,732,0,2,Intermediate,,Intermediate,0,Intermediate,0.0,3.912023005428146,0.06758609223922107,562.8463205455043
ACC-10001365,CUS-20001365,Theo Green,90 Kingfisher Way,NE8 7VA,1975-11-30,48,2024-08-19,employed,48,not_working,homeowner_mortgage,13,3,3,30200.0,1800.91,656.13,843.04,301.74,0.2607,4300.0,home_improvement,43,verified,mobile,6,0,0,pass,pass,293,3,0.3774,0,0,0,full,0,0,0,1,1,0,0,0,0,0,0,0,802,0,2,Intermediate,,Intermediate,0,Intermediate,0.0,2.6390573296152584,0.036608283238162065,581.4804861081179
ACC-10001705,CUS-20001705,Oliver Taylor,32 Meadow Close,S8 7RB,1999-02-02,25,2024-10-04,part_time,49,manual,homeowner_mortgage,119,2,0,17600.0,1131.01,183.46,920.69,26.86,0.1251,6500.0,car,10,verified,web,13,0,1,pass,refer,62,3,0.2471,0,0,0,full,0,0,0,0,1,0,0,0,0,0,0,0,859,0,1,Intermediate,,Intermediate,0,Intermediate,1.0,4.787491742782046,0.03401647870260942,583.6767335754297
ACC-10001730,CUS-20001730,Ava Davies,231 Highfield Gardens,G7 1VE,1975-03-03,49,2024-11-16,employed,87,managerial,homeowner_mortgage,39,1,1,26600.0,1709.45,205.19,895.42,608.84,0.0926,6700.0,car,69,verified,mobile,1,1,0,refer,pass,279,2,0.2877,1,1,1,partial,0,1,0,0,0,0,0,0,0,0,0,0,694,0,1,Intermediate,,Intermediate,0,Intermediate,0.0,3.6888794541139363,0.04917443977360586,572.5868795028867
ACC-10002010,CUS-20002010,Ava Wilson,225 Park Avenue,PL6 4TP,1990-09-22,34,2024-10-23,employed,75,administrative,private_tenant,74,2,0,20100.0,1294.0,168.79,776.25,348.96,0.1008,15000.0,debt_consolidation,23,verified,mobile,16,1,0,pass,pass,176,6,0.1152,1,1,2,full,0,0,1,0,1,0,0,0,0,0,0,0,852,0,2,Intermediate,,Intermediate,0,Intermediate,0.0,4.31748811353631,0.03905874183241881,579.5374934002475
ACC-10002252,CUS-20002252,Adam Roberts,149 Willow Drive,EH16 7BT,1980-05-30,44,2024-08-20,employed,83,administrative,living_with_family,50,2,0,45800.0,2845.91,214.91,355.67,2275.33,0.0563,15300.0,debt_consolidation,52,verified,branch,0,1,1,fail,pass,112,1,0.5864,1,0,0,full,0,0,0,0,0,0,1,0,0,0,0,0,775,0,1,Intermediate,,Intermediate,0,Intermediate,0.0,3.9318256327243257,0.034551208142526116,583.2107097371145
ACC-10002335,CUS-20002335,Ava Khan,235 Park Avenue,RG18 2AL,2006-06-24,18,2024-07-11,employed,61,professional,living_with_family,20,2,1,53600.0,3450.58,489.13,436.08,2525.37,0.1095,4200.0,debt_consolidation,120,verified,branch,4,0,1,pass,pass,0,3,0.2317,0,1,2,partial,0,0,0,0,0,0,0,0,0,0,1,0,784,0,1,Intermediate,,Intermediate,0,Intermediate,0.0,3.044522437723423,0.04636539896579015,574.369198370749
ACC-10002436,CUS-20002436,Sofia Morgan,58 Kingfisher Way,S27 7LX,1984-03-19,40,2024-12-08,employed,54,professional,private_tenant,39,3,1,72700.0,4722.1,262.95,1133.27,3325.88,0.0434,9900.0,debt_consolidation,53,verified,web,9,2,0,pass,pass,177,3,0.8291,2,0,0,full,0,0,0,0,1,0,1,0,0,0,0,0,749,0,2,Intermediate,,Intermediate,0,Intermediate,0.0,3.6888794541139363,0.04910232001115097,572.6314164808244
ACC-10003092,CUS-20003092,Ava Davies,106 Oak Road,B8 2FF,1969-07-18,55,2024-11-29,employed,112,manual,homeowner_mortgage,20,4,0,36100.0,2191.9,195.68,525.43,1470.79,0.065,2500.0,debt_consolidation,39,verified,mobile,13,1,1,pass,pass,278,4,0.4967,1,0,0,full,0,0,0,0,0,0,1,0,1,0,0,0,826,0,2,Intermediate,,Intermediate,0,Intermediate,0.0,3.044522437723423,0.037359965263769904,580.8715043097211
ACC-10003121,CUS-20003121,Ava Morgan,158 Kingfisher Way,M25 4BL,1967-12-09,56,2024-08-29,employed,107,professional,private_tenant,130,5,0,59500.0,3716.77,138.19,780.55,2798.03,0.0279,5000.0,car,41,verified,branch,18,0,0,pass,pass,147,6,0.2307,0,0,0,full,0,0,0,0,0,0,0,0,1,0,0,0,959,0,1,Intermediate,,Intermediate,0,Intermediate,0.0,4.875197323201151,0.01912404745334787,600.7350942120668
ACC-10003157,CUS-20003157,Sofia Foster,207 Victoria Road,OX22 9GT,1965-05-10,59,2024-07-17,employed,141,manual,private_tenant,66,2,0,19000.0,1182.44,537.34,1158.79,-513.69,0.3394,9700.0,home_improvement,95,partially_verified,mobile,23,0,1,pass,pass,257,6,0.0955,0,0,0,full,0,0,1,0,0,0,0,1,0,0,0,0,962,0,2,Intermediate,,Intermediate,0,Intermediate,1.0,4.204692619390966,0.03862363331702851,579.8737871771908
ACC-10003191,CUS-20003191,Oliver Taylor,165 Park Avenue,PL14 4XN,2004-10-15,20,2024-11-26,part_time,49,service,homeowner_outright,21,4,2,19200.0,1236.67,329.18,86.25,821.24,0.2057,14700.0,other,84,verified,mobile,5,1,0,pass,pass,11,2,0.2138,1,0,0,partial,0,0,0,0,0,0,0,0,0,0,1,0,885,0,1,Intermediate,,Intermediate,0,Intermediate,0.0,3.091042453358316,0.03276429766295578,584.7962959332674
ACC-10003260,CUS-20003260,Ava Wilson,143 Church Street,EH10 6UL,1976-06-13,48,2024-07-08,employed,40,managerial,private_tenant,76,1,1,36400.0,2255.11,35.47,593.34,1626.3,0.0117,4600.0,home_improvement,39,verified,mobile,17,1,0,pass,pass,332,5,0.5699,1,1,1,none,0,0,0,0,1,0,1,0,0,0,0,0,682,0,2,Intermediate,,Intermediate,0,Intermediate,0.0,4.343805421853684,0.0521813513173555,570.7829729289447
ACC-10003557,CUS-20003557,George Lewis,238 Victoria Road,NG17 9JW,1991-11-21,32,2024-10-07,employed,2,skilled,homeowner_outright,89,3,1,60900.0,3774.11,369.19,19.48,3385.44,0.0727,3900.0,debt_consolidation,117,verified,web,4,1,0,pass,pass,115,5,0.4903,1,0,0,partial,0,1,0,0,0,0,0,1,0,0,0,0,775,0,2,Intermediate,,Intermediate,0,Intermediate,0.0,4.499809670330265,0.02954097588275461,587.8804343596996
ACC-10003952,CUS-20003952,Maya Foster,27 Kingfisher Way,PL25 5PQ,1988-08-07,36,2024-08-24,employed,25,manual,living_with_family,149,2,0,28500.0,1779.98,321.45,790.42,668.11,0.1353,9100.0,car,21,verified,web,15,3,0,pass,pass,136,2,0.0209,3,0,0,full,1,0,0,0,0,0,0,0,0,0,0,0,815,0,1,Intermediate,,Intermediate,0,Intermediate,0.0,5.0106352940962555,0.02545765940749549,592.2939397825086
ACC-10003989,CUS-20003989,Leo Hughes,81 Church Street,OX13 3QH,2000-06-30,24,2024-10-20,part_time,60,administrative,homeowner_outright,50,3,1,24600.0,1673.41,550.19,89.38,1033.84,0.2684,4800.0,debt_consolidation,82,verified,telephone,12,0,1,pass,pass,70,0,0.1023,0,0,0,full,0,0,0,1,0,0,0,0,0,0,0,0,957,0,1,Intermediate,,Intermediate,0,Intermediate,0.0,3.9318256327243257,0.023965474008028943,594.080932246499
ACC-10004285,CUS-20004285,Amelia Evans,165 Victoria Road,SO1 5GL,2001-11-09,22,2024-08-11,employed,205,service,homeowner_mortgage,43,2,1,44800.0,2758.91,137.18,656.92,1964.81,0.0367,5500.0,car,151,verified,mobile,17,1,0,pass,pass,29,5,0.4792,1,0,0,full,0,0,0,0,0,1,0,0,0,0,0,0,945,0,1,Intermediate,,Intermediate,0,Intermediate,0.0,3.784189633918261,0.03204139661391259,585.461604425663
ACC-10004341,CUS-20004341,Jack Evans,88 Victoria Road,SO7 4EH,1982-04-17,42,2024-07-31,self_employed,41,service,social_tenant,12,3,0,42300.0,2802.04,497.57,519.95,1784.52,0.1412,9000.0,car,53,partially_verified,mobile,10,0,0,pass,pass,111,2,0.4429,0,0,0,full,0,0,0,0,0,0,0,0,0,0,1,0,904,0,1,Intermediate,,Intermediate,0,Intermediate,0.0,2.5649493574615367,0.035826025749709035,582.1271476305376
ACC-10004687,CUS-20004687,Adam Evans,140 Station Lane,NR13 9YP,1997-06-06,27,2024-08-27,employed,28,managerial,homeowner_mortgage,113,3,1,38200.0,2419.77,35.28,571.87,1812.62,0.0111,6300.0,other,99,verified,web,7,0,0,pass,pass,57,1,0.3271,0,0,0,full,0,0,0,0,0,0,0,0,1,0,0,0,878,0,1,Intermediate,,Intermediate,0,Intermediate,0.0,4.736198448394496,0.02088850502593305,598.1367163134291
ACC-10004834,CUS-20004834,Maya Clarke,94 Church Street,S19 9UH,1986-03-26,38,2024-10-27,employed,19,managerial,homeowner_mortgage,13,1,1,16800.0,1100.59,290.86,1106.07,-296.34,0.2078,1200.0,debt_consolidation,151,verified,mobile,5,2,0,pass,pass,91,2,0.387,2,0,0,full,0,1,0,0,0,0,0,0,0,1,0,0,802,0,2,Intermediate,,Intermediate,0,Intermediate,1.0,2.6390573296152584,0.0731963664285302,560.371271452258
ACC-10005026,CUS-20005026,Theo Lewis,237 Victoria Road,LS28 1BW,1992-03-04,32,2024-07-22,employed,55,manual,private_tenant,79,3,1,31500.0,2050.71,76.88,649.31,1324.52,0.0293,7200.0,major_purchase,136,verified,mobile,1,2,1,pass,pass,165,3,0.4716,2,0,1,full,0,0,0,0,0,0,0,1,0,0,0,0,823,0,1,Intermediate,,Intermediate,0,Intermediate,0.0,4.382026634673881,0.032803606004365375,584.7605271219622
ACC-10005056,CUS-20005056,Ava Jones,29 Meadow Close,NG11 4QJ,1979-07-13,45,2024-11-13,part_time,29,managerial,homeowner_mortgage,77,1,1,49000.0,2912.27,147.1,645.26,2119.91,0.036,8400.0,major_purchase,46,partially_verified,web,13,0,0,pass,pass,198,4,0.4853,0,1,1,full,0,1,0,0,0,0,0,0,0,0,0,0,707,0,1,Intermediate,,Intermediate,0,Intermediate,0.0,4.356708826689592,0.043557130701271464,576.2568355991614
ACC-10005451,CUS-20005451,Ava Shah,211 Station Lane,SO22 2DN,1990-04-15,34,2024-12-28,self_employed,31,skilled,homeowner_mortgage,128,2,0,45700.0,2840.85,62.16,801.65,1977.04,0.0163,4300.0,debt_consolidation,108,verified,mobile,22,2,0,pass,pass,111,4,0.3175,2,1,1,full,0,0,1,0,0,0,0,0,0,0,0,0,820,0,1,Intermediate,,Intermediate,0,Intermediate,0.0,4.859812404361672,0.04505099069786193,575.2387354741423
ACC-10005532,CUS-20005532,Maya Evans,88 Mill View,B17 2VV,1974-05-21,50,2024-08-12,unemployed,5,service,homeowner_mortgage,76,3,1,13200.0,854.09,652.23,1829.22,-1627.36,0.5929,12900.0,debt_consolidation,98,verified,web,1,0,1,pass,pass,210,2,0.1628,0,0,0,full,0,0,1,0,0,0,0,0,0,0,0,0,864,0,1,Intermediate,,Intermediate,0,Intermediate,1.0,4.343805421853684,0.04768286551412078,573.5208611616849
ACC-10005803,CUS-20005803,Leo Green,74 Kingfisher Way,NR1 9PE,1985-05-10,39,2024-08-06,employed,26,managerial,private_tenant,6,2,0,10200.0,643.7,745.47,405.73,-507.5,0.877,5700.0,car,97,verified,web,8,0,1,pass,pass,89,0,0.5594,0,0,0,full,0,0,0,0,0,0,0,0,1,0,0,1,902,0,2,Intermediate,,Intermediate,0,Intermediate,1.0,1.9459101490553132,0.11340790489739873,546.4578621071446
ACC-10005877,CUS-20005877,Isla Jones,13 Victoria Road,LS28 6YE,1970-04-11,54,2024-07-11,employed,16,managerial,living_with_family,89,2,2,16700.0,1006.94,74.09,1065.11,-132.26,0.0532,18000.0,debt_consolidation,90,verified,mobile,4,3,0,pass,pass,397,4,0.1032,3,0,0,full,0,0,0,0,0,0,1,0,0,0,0,0,878,0,1,Intermediate,,Intermediate,0,Intermediate,1.0,4.499809670330265,0.04470889786637335,575.469007002412
ACC-10005923,CUS-20005923,Priya Green,171 Victoria Road,EH2 3QG,1997-09-29,26,2024-09-22,retired,30,skilled,homeowner_mortgage,8,3,1,22100.0,1418.17,481.92,613.48,322.77,0.2617,4100.0,debt_consolidation,17,not_verified,telephone,6,2,0,pass,pass,91,3,0.4095,2,0,0,partial,0,0,0,1,0,0,0,0,0,0,0,0,822,0,1,Intermediate,,Intermediate,0,Intermediate,0.0,2.1972245773362196,0.05229527168754937,570.7165806149745
ACC-10006308,CUS-20006308,Noah Hughes,21 Kingfisher Way,SO2 6EQ,1995-04-14,29,2024-08-13,part_time,74,professional,living_with_family,136,4,0,29700.0,1788.71,145.82,890.36,752.53,0.0589,3800.0,car,17,partially_verified,mobile,7,1,1,pass,pass,53,4,0.6573,1,0,0,full,0,0,0,0,0,0,0,0,0,0,0,1,836,0,1,Intermediate,,Intermediate,0,Intermediate,0.0,4.919980925828125,0.031214457826350878,586.2406966524541
ACC-10006411,CUS-20006411,Leo Wilson,164 Willow Drive,CF29 4HH,1998-01-20,26,2024-11-11,part_time,98,managerial,living_with_family,117,2,0,37000.0,2410.88,242.56,651.32,1517.0,0.0787,2700.0,debt_consolidation,113,not_verified,mobile,6,0,0,pass,pass,41,1,0.3232,0,0,0,full,0,0,0,0,0,0,0,1,0,0,0,0,883,0,1,Intermediate,,Intermediate,0,Intermediate,0.0,4.770684624465665,0.021747649389931217,596.94838204346
ACC-10006721,CUS-20006721,George Khan,180 Oak Road,B4 6QU,1968-02-22,56,2024-07-28,retired,27,skilled,private_tenant,104,1,1,27400.0,1738.98,1556.26,809.04,-626.32,0.6816,5100.0,home_improvement,184,verified,mobile,17,0,0,pass,pass,246,3,0.4698,0,0,0,full,0,0,0,0,0,0,0,0,0,0,0,1,798,0,1,Intermediate,,Intermediate,0,Intermediate,1.0,4.653960350157523,0.06134601097312731,565.8339162487443
ACC-10006777,CUS-20006777,Oliver Foster,146 Willow Drive,NG6 1YH,1997-10-06,26,2024-07-10,part_time,52,skilled,homeowner_mortgage,79,2,0,30900.0,2019.93,474.13,715.12,830.68,0.1841,11300.0,home_improvement,84,verified,mobile,16,1,0,pass,pass,90,4,0.1864,1,0,1,full,0,0,0,0,0,0,0,1,0,0,0,0,878,0,1,Intermediate,,Intermediate,0,Intermediate,0.0,4.382026634673881,0.025592063997948403,592.1380256605905
ACC-10006855,CUS-20006855,Priya Green,148 Church Street,L7 3RN,1986-01-13,38,2024-09-20,employed,36,skilled,private_tenant,48,1,1,24600.0,1586.3,363.89,746.5,475.91,0.1775,9300.0,car,115,verified,web,1,2,0,pass,pass,125,4,0.1351,2,0,1,full,0,0,0,0,0,1,0,0,0,0,0,0,877,0,1,Intermediate,,Intermediate,0,Intermediate,0.0,3.8918202981106265,0.030217679517685267,587.2067996232473
ACC-10006998,CUS-20006998,Adam Roberts,232 Meadow Close,OX20 5XN,1980-03-18,44,2024-09-17,self_employed,81,professional,private_tenant,60,2,0,25800.0,1615.68,20.0,765.87,829.81,0.0093,14100.0,debt_consolidation,104,verified,web,2,0,0,pass,pass,240,3,0.6386,0,0,0,full,0,0,0,0,0,0,0,1,1,0,0,0,819,0,2,Intermediate,,Intermediate,0,Intermediate,0.0,4.110873864173311,0.029654138874536266,587.7667497391498
ACC-10007079,CUS-20007079,Noah Green,119 Station Lane,BS2 7GS,1960-01-02,64,2024-07-18,part_time,56,skilled,private_tenant,67,3,0,21600.0,1392.3,318.68,730.8,342.82,0.177,12000.0,home_improvement,63,verified,web,1,1,0,pass,pass,280,3,0.5035,1,0,0,partial,0,0,0,0,0,0,0,1,0,0,1,0,855,0,2,Intermediate,,Intermediate,0,Intermediate,0.0,4.219507705176107,0.03367083588071537,583.9817414318806
ACC-10007337,CUS-20007337,Jack Lewis,33 Oak Road,G28 7EJ,1960-09-21,63,2024-08-01,employed,27,managerial,living_with_family,20,3,1,16800.0,1048.91,252.19,574.52,222.2,0.1801,11000.0,major_purchase,179,verified,mobile,14,3,1,pass,pass,252,6,0.2953,3,0,1,partial,1,0,0,0,0,0,0,0,0,0,0,0,779,0,1,Intermediate,,Intermediate,0,Intermediate,0.0,3.044522437723423,0.0449044827496673,575.3371490458187
ACC-10007437,CUS-20007437,Oliver Davies,43 Station Lane,CF21 6NJ,1992-03-07,32,2024-12-23,part_time,42,not_working,social_tenant,205,3,0,19900.0,1260.71,214.02,450.88,595.81,0.1291,5400.0,major_purchase,63,verified,web,13,1,1,pass,pass,162,2,0.3663,1,0,0,full,0,0,1,0,0,0,1,0,0,0,0,0,855,0,2,Intermediate,,Intermediate,0,Intermediate,0.0,5.327876168789581,0.024349634840565754,593.6107200617672
ACC-10007858,CUS-20007858,Leo Bennett,103 Meadow Close,L10 6HT,1970-02-24,54,2024-09-08,self_employed,24,administrative,homeowner_mortgage,3,3,2,13700.0,860.19,133.52,1116.78,-390.11,0.117,18300.0,home_improvement,22,verified,web,22,0,0,pass,pass,151,7,0.2676,0,0,0,full,0,0,0,1,0,0,1,0,0,0,0,0,880,0,2,Intermediate,,Intermediate,0,Intermediate,1.0,1.3862943611198906,0.05915115627192389,566.9525698757906
ACC-10007979,CUS-20007979,Sofia Morgan,126 Willow Drive,NE13 9DQ,1968-09-20,56,2024-12-07,employed,145,not_working,homeowner_mortgage,143,2,0,53700.0,3426.72,377.7,474.5,2574.52,0.0844,8200.0,car,27,verified,mobile,17,2,1,pass,pass,303,2,0.3015,2,1,1,full,0,0,0,1,0,0,0,0,0,0,0,0,661,0,1,Intermediate,,Intermediate,0,Intermediate,0.0,4.969813299576001,0.04587449869495661,574.6911711340272
ACC-10008384,CUS-20008384,Amelia Khan,175 Church Street,NR6 4SP,2006-07-20,18,2024-09-06,employed,86,skilled,homeowner_outright,78,2,0,120000.0,7634.93,367.57,51.59,7215.77,0.0368,4300.0,debt_consolidation,33,verified,web,20,0,1,pass,pass,0,6,0.6758,0,0,0,full,0,0,1,0,0,0,0,0,0,0,1,0,824,0,2,Intermediate,,Intermediate,0,Intermediate,0.0,4.3694478524670215,0.02987812821490508,587.5429626547464
ACC-10008575,CUS-20008575,Freya Davies,145 Kingfisher Way,CF29 8BL,1989-08-09,35,2024-12-03,employed,126,manual,private_tenant,30,1,0,65500.0,4108.58,204.84,1210.8,2692.94,0.0375,7300.0,education,89,verified,branch,23,2,0,pass,pass,117,1,0.4184,2,0,1,partial,0,0,1,1,0,0,0,0,0,0,0,0,769,0,2,Intermediate,,Intermediate,0,Intermediate,0.0,3.4339872044851463,0.013682838835712795,610.5551191516562
ACC-10008635,CUS-20008635,Adam Hughes,5 Mill View,NR13 1UJ,1983-05-31,41,2024-09-04,self_employed,164,manual,living_with_family,79,4,0,39200.0,2491.71,519.55,1154.49,817.67,0.159,2700.0,debt_consolidation,59,verified,web,6,3,0,pass,pass,176,6,0.0706,3,0,0,full,0,0,0,1,0,0,0,1,0,0,0,0,855,0,2,Intermediate,,Intermediate,0,Intermediate,0.0,4.382026634673881,0.02984681057627248,587.574154032484
ACC-10008831,CUS-20008831,Daniel Morgan,101 Meadow Close,RG18 7LR,1950-03-31,74,2024-09-15,employed,67,service,homeowner_outright,64,4,1,66200.0,4416.99,290.52,57.83,4068.64,0.0527,5000.0,debt_consolidation,63,verified,mobile,12,2,1,pass,pass,351,2,0.3924,2,0,0,full,1,0,0,0,1,0,0,0,0,0,0,0,747,0,2,Intermediate,,Intermediate,0,Intermediate,0.0,4.174387269895637,0.03239224555339944,585.1369150319206
ACC-10008906,CUS-20008906,Sofia Roberts,128 Church Street,SO4 4NX,2005-07-28,19,2024-07-30,employed,90,not_working,homeowner_mortgage,53,1,0,19600.0,1259.3,458.74,752.69,47.87,0.2809,3700.0,home_improvement,86,partially_verified,mobile,3,3,0,refer,pass,11,0,0.6372,3,0,0,full,0,0,0,0,0,0,0,1,0,0,0,0,753,0,1,Intermediate,,Intermediate,0,Intermediate,1.0,3.9889840465642745,0.0856193344251646,555.458603657468
ACC-10009179,CUS-20009179,Aisha Hughes,189 Kingfisher Way,L1 4AW,1984-10-29,39,2024-10-06,employed,128,managerial,private_tenant,99,2,0,24100.0,1456.65,91.71,260.47,1104.47,0.0457,2300.0,debt_consolidation,71,not_verified,mobile,17,3,0,pass,pass,158,3,0.3965,3,0,0,full,0,0,0,0,0,0,0,0,1,0,1,0,816,0,2,Intermediate,,Intermediate,0,Intermediate,0.0,4.605170185988092,0.03439790194943105,583.3436028676213
ACC-10009295,CUS-20009295,George Taylor,170 Mill View,L13 1TL,1993-02-12,31,2024-09-17,employed,79,service,homeowner_mortgage,44,5,1,23000.0,1432.47,1083.95,684.93,-336.41,0.5655,2500.0,other,127,verified,web,3,2,0,pass,pass,94,1,0.3406,2,0,0,full,0,0,0,1,0,0,0,0,0,0,0,0,831,0,1,Intermediate,,Intermediate,0,Intermediate,1.0,3.8066624897703196,0.07539707995777338,559.4479434659444
