account_id,missed_payment_m01,missed_payment_m02,missed_payment_m03,missed_payment_m04,missed_payment_m05,missed_payment_m06,missed_payment_m07,missed_payment_m08,missed_payment_m09,missed_payment_m10,missed_payment_m11,missed_payment_m12
ACC-10000000,0,0,0,0,0,0,0,0,0,0,0,0
ACC-10000001,0,0,0,0,0,0,0,0,0,0,0,0
ACC-10000002,0,0,0,0,0,0,0,0,0,0,0,0
ACC-10000003,0,0,0,0,0,0,0,0,0,0,0,0
ACC-10000004,0,0,0,0,0,0,0,0,0,0,0,0
ACC-10000005,0,0,0,0,0,0,0,0,0,0,0,0
ACC-10000006,0,0,0,0,0,0,0,0,0,0,0,0
ACC-10000007,0,0,0,0,0,0,0,0,0,0,0,0
ACC-10000008,0,0,0,0,0,0,0,0,0,0,0,0
ACC-10000009,0,0,0,0,0,0,0,0,0,0,0,0
ACC-10000010,0,0,0,0,0,0,0,0,0,0,0,0
ACC-10000011,0,0,0,0,0,0,0,0,0,0,0,0
ACC-10000012,0,0,0,0,0,0,0,0,0,0,0,0
ACC-10000013,0,0,0,0,0,0,0,0,0,0,0,0
ACC-10000014,0,0,0,0,0,0,0,0,0,0,0,0
ACC-10000015,0,0,0,0,0,0,0,0,0,0,0,0
ACC-10000016,0,0,0,0,0,0,0,0,0,0,0,0
ACC-10000017,0,0,0,0,0,0,0,0,0,0,0,0
ACC-10000018,0,0,0,0,0,0,0,0,0,0,0,0
ACC-10000019,0,0,0,0,0,0,0,0,0,0,0,0
ACC-10000020,0,0,0,0,0,0,0,0,0,0,0,0
ACC-10000021,0,0,0,0,0,0,0,0,0,0,0,0
ACC-10000022,0,0,0,0,0,0,0,0,0,0,0,0
ACC-10000023,0,0,0,0,0,0,0,0,0,0,0,0
ACC-10000024,0,0,0,0,0,0,0,0,0,0,0,0
ACC-10000025,0,0,0,0,0,0,0,0,0,0,0,0
ACC-10000026,0,0,0,0,0,0,0,0,0,0,0,0
ACC-10000027,0,0,0,0,0,0,0,0,0,0,0,0
ACC-10000028,0,0,0,0,0,0,0,0,0,0,0,0
ACC-10000029,0,0,0,0,0,0,0,0,0,0,0,0
ACC-10000030,0,0,0,0,0,0,0,0,0,0,0,0
ACC-10000031,0,0,0,0,0,0,0,0,0,0,0,0
ACC-10000032,0,0,0,0,0,0,0,0,0,0,0,0
ACC-10000033,0,0,0,0,0,0,0,0,0,0,0,0
ACC-10000034,0,1,1,0,0,0,0,1,0,0,0,1
ACC-10000035,0,0,0,0,0,0,0,0,0,0,0,0
ACC-10000036,0,0,0,0,0,0,0,0,0,0,0,0
ACC-10000037,0,0,0,0,0,0,0,0,0,0,0,0
ACC-10000038,0,0,0,0,0,0,0,0,0,0,0,0
ACC-10000039,0,0,0,0,0,0,0,0,0,0,0,0
ACC-10000040,0,0,0,0,0,0,0,0,0,0,0,0
ACC-10000041,0,0,0,0,0,0,0,0,0,0,0,0
ACC-10000042,0,0,0,0,0,0,0,0,0,0,0,0
ACC-10000043,0,0,0,0,0,0,0,0,0,0,0,0
ACC-10000044,0,0,0,0,0,0,0,0,0,0,0,0
ACC-10000045,0,0,0,0,0,0,0,0,0,0,0,0
ACC-10000046,0,0,0,0,0,0,0,0,0,0,0,0
ACC-10000047,0,0,0,0,0,0,0,0,0,0,0,0
ACC-10000048,0,0,0,0,0,0,0,0,0,0,0,0
ACC-10000049,0,0,0,0,0,0,0,0,0,0,0,0
ACC-10000050,0,0,0,0,0,0,0,0,0,0,0,0
ACC-10000051,0,0,0,0,0,0,0,0,0,0,0,0
ACC-10000052,0,0,0,0,0,0,0,0,0,0,0,0
ACC-10000053,0,0,0,0,0,0,0,0,0,0,0,0
ACC-10000054,0,0,0,0,0,0,0,0,0,0,0,0
ACC-10000055,0,0,0,0,0,0,0,0,0,0,0,0
ACC-10000056,0,0,0,0,0,0,0,0,0,0,0,0
ACC-10000057,0,0,0,0,0,0,0,0,0,0,0,0
ACC-10000058,0,0,0,0,0,0,0,0,0,0,0,0
ACC-10000059,0,0,0,0,0,0,0,0,0,0,0,0
ACC-10000060,0,0,0,0,0,0,0,0,0,0,0,0
ACC-10000061,0,0,0,0,0,0,0,0,0,0,0,0
ACC-10000062,1,0,0,0,0,1,0,0,0,0,0,0
ACC-10000063,0,0,0,0,0,0,0,0,0,0,0,0
ACC-10000064,0,0,0,0,0,0,0,0,0,0,0,0
ACC-10000065,0,0,0,0,0,0,0,0,0,0,0,0
ACC-10000066,0,0,0,0,0,0,0,0,0,0,0,0
ACC-10000067,0,0,0,0,0,0,0,0,0,0,0,0
ACC-10000068,0,0,0,0,0,0,0,0,0,0,0,0
ACC-10000069,0,0,0,0,0,0,0,0,0,0,0,0
ACC-10000070,0,0,0,0,0,0,0,0,0,0,0,0
ACC-10000071,0,0,0,0,0,0,0,0,0,0,0,0
ACC-10000072,0,0,0,0,0,0,0,0,0,0,0,0
ACC-10000073,0,0,0,0,0,0,0,0,0,0,0,0
ACC-10000074,0,0,0,0,0,0,0,0,0,0,0,0
ACC-10000075,0,0,0,0,0,0,0,0,0,0,0,0
ACC-10000076,0,0,0,0,0,0,0,0,0,0,0,0
ACC-10000077,0,0,0,0,0,0,0,0,0,0,0,0
ACC-10000078,0,0,0,0,0,0,0,0,0,0,0,0
ACC-10000079,0,0,0,0,0,0,0,0,0,0,0,0
ACC-10000080,0,0,0,0,0,0,0,0,0,0,0,0
ACC-10000081,0,0,0,0,0,0,0,0,0,0,0,0
ACC-10000082,0,0,0,0,0,0,0,0,0,0,0,0
ACC-10000083,0,0,0,0,0,0,0,0,0,0,0,0
ACC-10000084,0,0,0,0,0,0,0,0,0,0,0,0
ACC-10000085,1,1,0,1,0,1,0,0,0,1,0,1
ACC-10000086,0,0,0,0,0,0,0,0,0,0,0,0
ACC-10000087,0,0,0,0,0,0,0,0,0,0,0,0
ACC-10000088,0,0,0,0,0,0,0,0,0,0,0,0
ACC-10000089,0,0,0,0,0,0,0,0,0,0,0,0
ACC-10000090,0,0,0,0,0,0,0,0,0,0,0,0
ACC-10000091,0,0,0,0,0,0,0,0,0,0,0,0
ACC-10000092,0,0,0,0,0,0,0,0,0,0,0,0
ACC-10000093,0,0,0,0,0,0,0,0,0,0,0,0
ACC-10000094,0,0,0,0,0,0,0,0,0,0,0,0
ACC-10000095,0,0,0,0,0,0,0,0,0,0,0,0
ACC-10000096,0,0,0,0,0,0,0,0,0,0,0,0
ACC-10000097,0,0,0,0,0,0,0,0,0,0,0,0
ACC-10000098,0,0,0,0,0,0,0,0,0,0,0,0
ACC-10000099,0,0,0,0,0,0,0,0,0,0,0,0
ACC-10000100,1,0,0,0,1,0,1,0,1,0,0,1
ACC-10000101,0,0,0,0,0,0,0,0,0,0,0,0
ACC-10000102,0,0,0,0,0,0,0,0,0,0,0,0
ACC-10000103,0,0,0,0,0,0,0,0,0,0,0,0
ACC-10000104,1,0,0,0,1,1,1,1,0,1,0,1
ACC-10000105,0,0,0,0,0,0,0,0,0,0,0,0
ACC-10000106,0,0,0,0,0,0,0,0,0,0,0,0
ACC-10000107,0,0,0,0,0,0,0,0,0,0,0,0
ACC-10000108,0,0,0,0,0,0,0,0,0,0,0,0
ACC-10000109,0,0,0,0,0,0,0,0,0,0,0,0
ACC-10000110,0,0,0,0,0,0,0,0,0,0,0,0
ACC-10000111,0,0,0,0,0,0,0,0,0,0,0,0
ACC-10000112,0,0,0,0,1,0,0,0,0,0,0,0
ACC-10000113,0,0,0,0,0,0,0,0,0,0,0,0
ACC-10000114,0,0,0,0,0,0,0,0,0,0,0,0
ACC-10000115,0,0,0,0,0,0,0,0,0,0,0,0
ACC-10000116,0,0,0,0,0,0,0,0,0,0,0,0
ACC-10000117,0,0,0,0,0,0,0,0,0,0,0,0
ACC-10000118,0,0,0,0,0,0,0,0,0,0,0,0
ACC-10000119,0,0,0,0,0,0,0,0,0,0,0,0
ACC-10000120,0,0,0,0,0,0,0,0,0,0,0,0
ACC-10000121,0,0,0,0,0,0,0,0,0,0,0,0
ACC-10000122,0,0,0,0,0,0,0,0,0,0,0,0
ACC-10000123,1,0,0,0,1,0,1,1,1,1,1,1
ACC-10000124,0,0,0,0,0,0,0,0,0,0,0,0
ACC-10000125,0,0,0,0,0,0,0,0,0,0,0,0
ACC-10000126,0,0,0,0,0,0,0,0,0,0,0,0
ACC-10000127,0,0,0,0,0,0,0,0,0,0,0,0
ACC-10000128,0,0,0,0,0,0,0,0,0,0,0,0
ACC-10000129,0,0,0,0,0,0,0,0,0,0,0,0
ACC-10000130,0,0,0,0,0,0,0,0,0,0,0,0
ACC-10000131,0,0,0,0,0,0,0,0,0,0,0,0
ACC-10000132,0,0,0,0,0,0,0,0,0,0,0,0
,0,0,0,0,0,0,0,0,0,0,0,0
ACC-10000134,0,0,0,0,1,1,0,0,0,0,0,0
ACC-10000135,0,0,0,0,0,0,0,0,0,0,0,0
ACC-10000136,0,0,0,0,0,0,0,0,0,0,0,0
ACC-10000137,0,0,0,0,0,0,0,0,0,0,0,0
ACC-10000138,0,0,0,0,0,0,0,0,0,0,0,0
ACC-10000139,0,0,0,0,0,0,0,0,0,0,0,0
ACC-10000140,0,0,0,0,0,0,0,0,0,0,0,0
ACC-10000141,0,0,0,0,0,0,0,0,0,0,0,0
ACC-10000142,0,0,0,0,0,0,0,0,0,0,0,0
ACC-10000143,0,0,0,0,0,0,0,0,0,0,0,0
ACC-10000144,0,0,0,0,0,0,0,0,0,0,0,0
ACC-10000145,0,0,0,0,0,0,0,0,0,0,0,0
ACC-10000146,0,0,0,0,0,0,0,0,0,0,0,0
ACC-10000147,0,0,0,0,0,0,0,0,0,0,0,0
ACC-10000148,0,0,0,0,0,0,0,0,0,0,0,0
ACC-10000149,0,0,0,1,1,0,0,1,1,1,0,0
ACC-10000150,0,0,0,0,0,0,0,0,0,0,0,0
ACC-10000151,1,0,0,0,1,0,0,0,0,0,0,0
ACC-10000152,0,0,0,0,0,0,0,0,0,0,0,0
ACC-10000153,0,0,0,0,0,0,0,0,0,0,0,0
ACC-10000154,0,0,0,0,0,0,0,0,0,0,0,0
ACC-10000155,0,0,0,0,0,0,0,0,0,0,0,0
ACC-10000156,0,0,0,0,0,0,0,0,0,0,0,0
ACC-10000157,0,0,0,0,0,0,0,0,0,0,0,0
ACC-10000158,0,0,0,0,0,0,0,0,0,0,0,0
ACC-10000159,0,0,0,0,0,0,0,0,0,0,0,0
ACC-10000160,0,0,0,0,0,0,0,0,0,0,0,0
ACC-10000161,0,0,0,0,0,0,0,0,0,0,0,0
ACC-10000162,0,0,0,0,0,0,0,0,0,0,0,0
ACC-10000163,0,0,0,0,0,0,0,0,0,0,0,0
ACC-10000164,0,0,0,0,0,0,0,0,0,0,0,0
ACC-10000165,0,0,0,0,0,0,0,0,0,0,0,0
ACC-10000166,0,0,0,0,0,0,0,0,0,0,0,0
ACC-10000167,0,0,0,0,0,0,0,0,0,0,0,0
ACC-10000168,0,0,0,0,0,0,0,0,0,0,0,0
ACC-10000169,0,0,0,0,0,0,0,0,0,0,0,0
ACC-10000170,0,0,0,0,0,0,0,0,0,0,0,0
,0,0,0,0,0,0,0,0,0,0,0,0
ACC-10000172,0,0,0,0,0,0,0,0,0,0,0,0
ACC-10000173,0,0,0,0,0,0,0,0,0,0,0,0
ACC-10000174,0,0,0,0,0,0,0,0,0,0,0,0
ACC-10000175,0,0,0,0,0,0,0,0,0,0,0,0
ACC-10000176,0,0,0,0,0,0,0,0,0,0,0,0
ACC-10000177,0,0,0,0,0,0,0,0,0,0,0,0
ACC-10000178,0,0,0,0,0,0,0,0,0,0,0,0
ACC-10000179,0,0,0,0,0,0,0,0,0,0,0,0
ACC-10000180,0,0,0,0,0,0,0,0,0,0,0,0
ACC-10000181,0,0,0,0,0,0,0,0,0,0,0,0
ACC-10000182,0,0,0,0,0,0,0,0,0,0,0,0
ACC-10000183,0,0,0,0,0,0,0,0,0,0,0,0
ACC-10000184,0,0,0,0,0,0,0,0,0,0,0,0
ACC-10000185,0,0,0,0,0,0,0,0,0,0,0,0
ACC-10000186,0,0,0,0,0,0,0,0,0,0,0,0
ACC-10000187,0,0,0,0,0,0,0,0,0,0,0,0
ACC-10000188,0,0,0,0,0,0,0,0,0,0,0,0
ACC-10000189,0,0,0,0,0,0,0,0,0,0,0,0
ACC-10000190,0,0,0,0,0,0,0,0,0,0,0,0
ACC-10000191,0,0,0,0,0,0,0,0,0,0,0,0
ACC-10000192,0,0,0,1,1,0,1,1,1,0,0,0
ACC-10000193,0,0,0,0,0,0,0,0,0,0,0,0
ACC-10000194,0,0,0,0,0,0,0,0,0,0,0,0
ACC-10000195,0,0,0,0,0,0,0,0,0,0,0,0
ACC-10000196,0,0,0,0,0,0,0,0,0,0,0,0
ACC-10000197,0,0,0,0,0,0,0,0,0,0,0,0
ACC-10000198,0,0,0,0,0,0,0,0,0,0,0,0
ACC-10000199,0,0,0,0,0,0,0,0,0,0,0,0
ACC-10000200,0,0,0,0,0,0,0,0,0,0,0,0
ACC-10000201,0,0,0,0,0,0,0,0,0,0,0,0
ACC-10000202,0,0,0,0,0,0,0,0,0,0,0,0
ACC-10000203,0,0,0,0,0,0,0,0,0,0,0,0
ACC-10000204,0,0,0,0,0,0,0,0,0,0,0,0
ACC-10000205,0,0,0,0,0,0,0,0,0,0,0,0
ACC-10000206,0,0,0,0,0,0,0,0,0,0,0,0
ACC-10000207,0,0,0,0,0,0,0,0,0,0,0,0
ACC-10000208,0,0,0,0,0,0,0,0,0,0,0,0
ACC-10000209,0,0,0,0,0,0,0,0,0,0,0,0
ACC-10000210,0,0,0,0,0,0,0,0,0,0,0,0
ACC-10000211,0,0,0,0,0,0,0,0,0,0,0,0
ACC-10000212,0,0,0,0,0,0,0,0,0,0,0,0
ACC-10000213,0,0,0,0,0,0,0,0,0,0,0,0
ACC-10000214,0,0,0,0,0,0,0,0,0,0,0,0
ACC-10000215,0,0,0,0,0,0,0,0,0,0,0,0
ACC-10000216,0,0,0,0,0,0,0,0,0,0,0,0
ACC-10000217,0,0,0,0,0,0,0,0,0,0,0,0
ACC-10000218,0,0,0,0,0,0,0,0,0,0,0,0
ACC-10000219,0,0,0,0,0,0,0,0,0,0,0,0
ACC-10000220,0,1,0,0,0,0,1,0,1,1,0,0
ACC-10000221,0,0,0,0,0,0,0,0,0,0,0,0
ACC-10000222,0,0,0,0,0,0,0,0,0,0,0,0
ACC-10000223,0,0,0,0,0,0,0,0,0,0,0,0
ACC-10000224,0,0,0,0,0,0,0,0,0,0,0,0
ACC-10000225,0,0,0,0,0,0,0,0,0,0,0,0
ACC-10000226,0,0,0,0,0,0,0,0,0,0,0,0
ACC-10000227,1,0,0,1,0,1,0,0,1,0,0,0
ACC-10000228,0,0,0,0,0,0,0,0,0,0,0,0
ACC-10000229,0,0,0,0,0,0,0,0,0,0,0,0
ACC-10000230,0,0,0,0,0,0,0,0,0,0,0,0
ACC-10000231,0,0,0,0,0,0,0,0,0,0,0,0
ACC-10000232,0,0,0,0,0,0,0,0,0,0,0,0
ACC-10000233,0,0,0,0,0,0,0,0,0,0,0,0
ACC-10000234,0,0,0,0,0,0,0,0,0,0,0,0
ACC-10000235,0,0,0,0,0,0,0,0,0,0,0,0
ACC-10000236,0,0,0,0,0,0,0,0,0,0,0,0
ACC-10000237,0,0,0,0,0,0,0,0,0,0,0,0
ACC-10000238,0,0,0,0,0,0,0,0,0,0,0,0
ACC-10000239,0,0,0,0,0,0,0,0,0,0,0,0
ACC-10000240,0,0,0,0,0,0,0,0,0,0,0,0
ACC-10000241,0,0,0,0,0,0,0,0,0,0,0,0
ACC-10000242,0,0,0,0,0,0,0,0,0,0,0,0
ACC-10000243,0,0,0,0,0,0,0,0,0,0,0,0
ACC-10000244,0,0,0,0,0,0,0,0,0,0,0,0
ACC-10000245,0,0,0,0,0,0,0,0,0,0,0,0
ACC-100002XX,0,0,0,0,0,0,0,0,0,0,0,0
ACC-10000247,0,0,0,0,0,0,0,0,0,0,0,0
ACC-10000248,0,0,0,0,0,0,0,0,0,0,0,0
ACC-10000249,1,0,0,1,0,0,0,1,1,0,0,0
ACC-10000250,0,0,0,0,0,0,0,0,0,0,0,0
ACC-10000251,0,0,0,0,0,0,0,0,0,0,0,0
ACC-10000252,0,0,0,0,0,0,0,0,0,0,0,0
ACC-10000253,0,0,0,0,0,0,0,0,0,0,0,0
ACC-10000254,0,0,0,0,0,0,0,0,0,0,0,0
ACC-10000255,0,0,0,0,0,0,0,0,0,0,0,0
ACC-10000256,0,0,0,0,0,0,0,0,0,0,0,0
ACC-10000257,0,0,0,0,0,0,0,0,0,0,0,0
ACC-10000258,0,0,0,0,0,0,0,0,0,0,0,0
ACC-10000259,0,0,0,0,0,0,0,0,0,0,0,0
ACC-10000260,0,0,0,0,0,0,0,0,0,0,0,0
ACC-10000261,0,0,0,0,0,0,0,0,0,0,0,0
ACC-10000262,0,0,0,0,0,0,0,0,0,0,0,0
ACC-10000263,0,0,0,0,0,0,0,0,0,0,0,0
ACC-10000264,0,0,0,0,0,0,0,0,0,0,0,0
ACC-10000265,0,0,0,0,0,0,0,0,0,0,0,0
ACC-10000266,0,0,0,0,0,0,0,0,0,0,0,0
ACC-10000267,0,0,0,0,0,0,0,0,0,0,0,0
ACC-10000268,0,0,0,0,0,0,0,0,0,0,0,0
ACC-10000269,0,0,0,0,0,0,0,0,0,0,0,0
ACC-10000270,0,0,0,0,0,0,0,0,0,0,0,0
ACC-10000271,0,0,0,0,0,0,0,0,0,0,0,0
ACC-10000272,0,0,0,0,0,0,0,0,0,0,0,0
ACC-10000273,0,0,0,0,0,0,0,0,0,0,0,0
ACC-10000274,0,0,0,0,0,0,0,0,0,0,0,0
ACC-10000275,0,0,0,0,0,0,0,0,0,0,0,0
ACC-10000276,0,0,0,0,0,0,0,0,0,0,0,0
ACC-10000277,0,0,0,0,0,0,0,0,0,0,0,0
ACC-10000278,0,0,0,0,0,0,0,0,0,0,0,0
ACC-10000279,0,0,0,0,0,0,0,0,0,0,0,0
ACC-10000280,0,0,0,0,0,0,0,0,0,0,0,0
ACC-10000281,0,0,0,0,0,0,0,0,0,0,0,0
ACC-10000282,0,0,0,0,0,0,0,0,0,0,0,0
ACC-10000283,0,0,0,0,0,0,0,0,0,0,0,0
ACC-10000284,0,0,0,0,0,0,0,0,0,0,0,0
ACC-10000285,0,0,0,0,0,0,0,0,0,0,0,0
ACC-10000286,0,0,0,0,0,0,0,0,0,0,0,0
ACC-10000287,0,0,0,0,0,0,0,0,0,0,0,0
ACC-10000288,0,0,0,0,0,0,0,0,0,0,0,0
ACC-10000289,0,0,0,0,0,0,0,0,0,0,0,0
ACC-10000290,0,0,0,0,0,0,0,0,0,0,0,0
ACC-10000291,0,0,0,0,0,0,0,0,0,0,0,0
ACC-10000292,0,0,0,0,0,1,0,1,0,0,1,0
ACC-10000293,0,0,0,0,0,0,0,0,0,0,0,0
ACC-10000294,0,0,0,0,0,0,0,0,0,0,0,0
ACC-10000295,0,0,0,0,0,0,0,0,0,0,0,0
ACC-10000296,0,0,0,0,0,0,0,0,0,0,0,0
ACC-10000297,0,0,0,0,0,0,0,0,0,0,0,0
ACC-10000298,0,0,0,0,0,0,0,0,0,0,0,0
ACC-10000299,0,0,0,0,0,0,0,0,0,0,0,0
ACC-10000300,0,0,0,0,0,0,0,0,0,0,0,0
ACC-10000301,0,0,0,0,0,0,0,0,0,0,0,0
ACC-10000302,0,0,0,0,0,0,0,0,0,0,0,0
ACC-10000303,0,0,0,0,0,0,0,0,0,0,0,0
ACC-10000304,0,0,0,0,0,0,0,0,0,0,0,0
ACC-10000305,0,0,0,0,0,0,0,0,0,0,0,0
ACC-10000306,0,0,0,0,0,0,0,0,0,0,0,0
ACC-10000307,0,1,0,1,0,1,1,0,0,0,1,1
ACC-10000308,0,0,0,0,0,0,0,0,0,0,0,0
ACC-10000309,0,0,0,0,0,0,0,0,0,0,0,0
ACC-10000310,0,0,0,0,0,0,0,0,0,0,0,0
ACC-10000311,0,0,0,0,0,0,0,0,0,0,0,0
ACC-10000312,0,0,0,0,0,0,0,0,0,0,0,0
ACC-10000313,0,0,0,0,0,0,0,0,0,0,0,0
ACC-10000314,0,0,0,0,0,0,0,0,0,0,0,0
ACC-10000315,0,0,0,0,0,0,0,0,0,0,0,0
ACC-10000316,0,0,0,0,0,0,0,0,0,0,0,0
ACC-10000317,0,0,0,0,0,0,0,0,0,0,0,0
ACC-10000318,0,0,0,0,0,0,0,0,0,0,0,0
ACC-10000319,0,0,0,0,0,0,0,0,0,0,0,0
ACC-10000320,0,0,0,0,0,0,0,0,0,0,0,0
ACC-10000321,0,0,0,0,0,0,0,0,0,0,0,0
ACC-10000322,0,0,0,0,0,0,0,0,0,0,0,0
ACC-10000323,0,0,0,0,0,0,0,0,0,0,0,0
ACC-10000324,0,0,0,0,0,0,0,0,0,0,0,0
ACC-10000325,0,0,0,0,0,0,0,0,0,0,0,0
ACC-10000326,0,0,0,0,0,0,0,0,0,0,0,0
ACC-10000327,0,0,0,0,0,0,0,0,0,0,0,0
ACC-10000328,0,0,0,0,0,0,0,0,0,0,0,0
ACC-10000329,0,0,0,0,0,0,0,0,0,0,0,0
ACC-10000330,0,0,0,0,0,0,0,0,0,0,0,0
ACC-10000331,0,0,0,0,0,0,0,0,0,0,0,0
ACC-10000332,0,0,0,0,0,0,0,0,0,0,0,0
ACC-10000333,0,0,0,0,0,0,0,0,0,0,0,0
ACC-10000334,0,0,0,0,0,0,0,0,0,0,0,0
ACC-10000335,0,0,0,0,0,0,0,0,0,0,0,0
ACC-10000336,0,0,0,0,0,0,0,0,0,0,0,0
ACC-10000337,0,0,0,0,0,0,0,0,0,0,0,0
ACC-10000338,0,1,1,1,0,0,1,0,0,0,1,0
ACC-10000339,1,0,1,0,0,1,0,0,0,0,0,0
ACC-10000340,0,0,0,0,0,0,0,0,0,0,0,0
ACC-10000341,0,0,0,0,0,0,0,0,0,0,0,0
ACC-10000342,0,0,0,0,0,0,0,0,0,0,0,0
ACC-10000343,0,0,0,0,0,0,0,0,0,0,0,0
ACC-10000344,0,0,0,0,0,0,0,0,0,0,0,0
ACC-10000345,0,0,0,0,0,0,0,0,0,0,0,0
ACC-10000346,0,0,0,0,0,0,0,0,0,0,0,0
ACC-10000347,0,0,0,0,0,0,0,0,0,0,0,0
ACC-10000348,0,0,0,0,0,0,0,0,0,0,0,0
ACC-10000349,0,0,0,0,0,0,0,0,0,0,0,0
ACC-10000350,0,0,0,0,1,0,0,0,0,0,1,0
ACC-10000351,0,0,0,0,0,0,0,0,0,0,0,0
ACC-10000352,0,0,0,0,0,0,0,0,0,0,0,0
ACC-10000353,0,0,0,0,0,0,0,0,0,0,0,0
ACC-10000354,0,0,0,0,0,0,0,0,0,0,0,0
ACC-10000355,0,0,0,0,0,0,0,0,0,0,0,0
ACC-10000356,0,0,0,0,0,0,0,0,0,0,0,0
ACC-10000357,0,0,0,0,0,0,0,0,0,0,0,0
ACC-10000358,0,0,0,0,0,0,0,0,0,0,0,0
ACC-10000359,0,0,0,0,0,0,0,0,0,0,0,0
ACC-10000360,0,0,0,0,0,0,0,0,0,0,0,0
ACC-10000361,0,0,0,0,0,0,0,0,0,0,0,0
ACC-10000362,0,0,0,0,0,0,0,0,0,0,0,0
ACC-10000363,0,0,0,0,0,0,0,0,0,0,0,0
ACC-10000364,0,0,0,0,0,0,0,0,0,0,0,0
ACC-10000365,1,0,0,1,0,1,0,0,1,1,0,0
ACC-10000366,0,0,0,0,0,0,0,0,0,0,0,0
ACC-10000367,0,0,0,0,0,0,0,0,0,0,0,0
ACC-10000368,0,0,0,0,0,0,0,0,0,0,0,0
ACC-10000369,0,0,0,0,0,0,0,0,0,0,0,0
ACC-10000370,0,0,0,0,0,0,0,0,0,0,0,0
ACC-10000371,0,0,0,0,0,0,0,0,0,0,0,0
ACC-10000372,0,0,0,0,0,0,0,0,0,0,0,0
ACC-10000373,0,0,0,0,0,0,0,0,0,0,0,0
ACC-10000374,0,0,0,0,0,0,0,0,0,0,0,0
ACC-10000375,0,0,0,0,0,0,0,0,0,0,0,0
ACC-10000376,0,0,0,0,0,0,0,1,0,0,0,1
ACC-10000377,0,0,0,0,0,0,0,0,0,0,0,0
ACC-10000378,0,0,0,0,0,0,0,0,0,0,0,0
ACC-10000379,0,0,0,0,0,0,0,0,0,0,0,0
ACC-10000380,0,0,0,0,0,0,0,0,0,0,0,0
ACC-10000381,0,0,0,0,0,0,0,0,0,0,0,0
ACC-10000382,0,0,0,0,0,0,0,0,0,0,0,0
ACC-10000383,0,0,0,0,0,0,0,0,0,0,0,0
ACC-10000384,0,0,0,0,0,0,0,0,1,0,0,0
ACC-10000385,0,0,0,0,0,0,0,0,0,0,0,0
ACC-10000386,0,0,0,0,0,0,0,0,0,0,0,0
ACC-10000387,0,0,0,0,0,0,0,0,0,0,0,0
ACC-10000388,0,0,0,0,0,0,0,0,0,0,0,0
ACC-10000389,0,0,0,0,0,0,0,0,0,0,0,0
ACC-10000390,0,0,0,0,0,0,0,0,0,0,0,0
ACC-10000391,0,0,0,0,0,0,0,0,0,0,0,0
ACC-10000392,0,0,0,0,0,0,0,0,0,0,0,0
ACC-10000393,0,0,0,0,0,0,0,0,0,0,0,0
ACC-10000394,0,0,0,0,0,0,0,0,0,0,0,0
ACC-10000395,0,0,0,0,0,0,0,0,0,0,0,0
ACC-10000396,0,0,0,0,0,0,0,0,0,0,0,0
ACC-10000397,0,0,0,0,0,0,0,0,0,0,0,0
ACC-10000398,0,0,0,0,0,0,0,0,0,0,0,0
ACC-10000399,0,0,0,0,0,0,0,0,0,0,0,0
ACC-10000400,0,0,0,0,0,0,0,0,0,0,0,0
ACC-10000401,0,0,0,0,0,0,0,0,0,0,0,0
ACC-10000402,0,0,0,0,0,0,0,0,0,0,0,0
ACC-10000403,0,0,0,0,0,0,0,0,0,0,0,0
ACC-10000404,0,0,0,0,0,0,0,0,0,0,0,0
ACC-10000405,0,0,0,0,0,0,0,0,0,0,0,0
ACC-10000406,0,0,0,0,0,0,0,0,0,0,0,0
ACC-10000407,0,0,0,0,0,0,0,0,0,0,0,0
ACC-10000408,0,0,0,0,0,0,0,0,0,0,0,0
ACC-10000409,0,0,0,0,0,0,0,0,0,0,0,0
ACC-10000410,0,0,0,0,0,0,0,0,0,0,0,0
ACC-10000411,0,0,0,0,0,0,0,0,0,0,0,0
ACC-10000412,0,0,0,0,0,0,0,0,0,0,0,0
ACC-10000413,0,0,0,0,0,0,0,0,0,0,0,0
ACC-10000414,0,0,0,0,0,0,0,0,0,0,0,0
ACC-10000415,0,0,0,0,0,0,0,0,0,0,0,0
ACC-10000416,0,0,0,0,1,0,0,0,0,0,1,0
ACC-10000417,0,0,0,0,0,0,0,0,0,0,0,0
ACC-10000418,0,0,0,0,0,0,0,0,0,0,1,1
ACC-10000419,0,0,0,0,0,0,0,0,0,0,0,0
ACC-10000420,0,0,0,0,0,0,0,0,0,0,0,0
ACC-10000421,0,0,0,0,0,0,0,0,0,0,0,0
ACC-10000422,0,0,0,0,0,0,0,0,0,0,0,0
ACC-10000423,0,0,0,1,0,0,0,0,0,1,1,0
ACC-10000424,0,1,1,1,0,0,1,0,0,0,1,1
ACC-10000425,0,0,0,0,0,0,0,0,0,0,0,0
ACC-10000426,0,0,0,0,0,0,0,0,0,0,0,0
ACC-10000427,0,0,0,0,0,0,0,0,0,0,0,0
ACC-10000428,0,0,0,0,0,0,0,0,0,0,0,0
ACC-10000429,0,0,0,0,0,0,0,0,0,0,0,0
ACC-10000430,0,0,0,0,0,0,0,0,0,0,0,0
ACC-10000431,0,0,0,0,0,0,0,0,0,0,0,0
ACC-10000432,0,0,0,0,0,0,0,0,0,0,0,0
ACC-10000433,0,0,0,0,0,0,0,0,0,0,0,0
ACC-10000434,0,0,0,0,0,0,0,0,0,0,0,0
ACC-10000435,0,0,0,0,0,0,0,0,0,0,0,0
ACC-10000436,0,0,0,0,0,0,0,0,0,0,0,0
ACC-10000437,0,0,0,0,0,0,0,0,0,0,0,0
ACC-10000438,0,0,0,0,0,0,0,0,0,0,0,0
ACC-10000439,0,0,0,0,0,0,0,0,0,0,0,0
ACC-10000440,0,0,0,0,0,0,0,0,0,0,0,0
ACC-10000441,0,0,0,0,0,0,0,0,0,0,0,0
ACC-10000442,0,0,0,0,0,0,0,0,0,0,0,1
ACC-10000443,0,0,0,0,0,0,0,0,0,0,0,0
ACC-10000444,0,0,0,0,0,0,0,0,0,0,0,0
ACC-10000445,0,0,0,0,0,0,0,0,0,0,0,0
ACC-10000446,0,0,0,0,0,0,0,0,0,0,0,0
ACC-10000447,0,0,0,0,0,0,0,0,0,0,0,0
ACC-10000448,0,0,0,0,0,0,0,0,0,0,0,0
ACC-10000449,0,0,0,0,0,0,0,0,0,0,0,0
ACC-10000450,0,0,0,0,0,0,0,0,0,0,0,0
ACC-10000451,0,0,0,0,0,0,0,0,0,0,0,0
ACC-10000452,0,0,0,0,0,0,0,0,0,0,0,0
ACC-10000453,0,0,0,0,0,0,0,0,0,0,0,0
ACC-10000454,0,0,0,0,0,0,0,0,0,0,0,0
ACC-10000455,0,0,0,0,0,0,0,0,0,0,0,0
ACC-10000456,0,0,0,0,0,0,0,0,0,0,0,0
ACC-10000457,0,0,0,0,0,0,0,0,0,0,0,0
ACC-10000458,0,0,0,0,0,0,0,0,0,0,0,0
ACC-10000459,0,0,0,0,0,0,0,0,0,0,0,0
ACC-10000460,0,0,0,0,0,0,0,0,0,0,0,0
ACC-10000461,0,0,0,0,0,0,0,0,0,0,0,0
ACC-10000462,0,0,0,0,0,0,0,0,0,0,0,0
ACC-10000463,0,0,0,0,0,0,0,0,0,0,0,0
ACC-10000464,0,0,0,0,0,0,0,0,0,0,0,0
ACC-10000465,0,0,0,0,0,0,0,0,0,0,0,0
ACC-10000466,0,0,0,0,0,0,0,0,0,0,0,0
ACC-10000467,0,0,0,0,0,0,0,0,0,0,0,0
,0,0,0,0,0,0,0,0,0,0,0,0
ACC-10000469,0,0,0,0,0,0,0,0,0,0,0,0
ACC-10000470,0,0,0,0,0,0,0,0,0,0,0,0
ACC-10000471,0,0,0,0,0,0,0,0,0,0,0,0
ACC-10000472,0,0,0,0,0,0,0,0,0,0,0,0
ACC-10000473,0,0,0,0,0,0,0,0,0,0,0,0
ACC-10000474,0,0,0,0,0,0,0,0,0,0,0,0
ACC-10000475,0,0,0,0,0,0,0,0,0,0,0,0
ACC-10000476,0,0,0,0,0,0,0,0,0,0,0,0
ACC-10000477,0,0,0,0,0,0,0,0,0,0,0,0
ACC-10000478,1,0,1,0,1,0,0,0,0,0,0,0
ACC-10000479,0,0,0,0,0,0,0,0,0,0,0,0
ACC-10000480,1,0,0,1,1,0,0,0,0,0,0,1
ACC-10000481,0,0,0,0,0,0,0,0,0,0,0,0
ACC-10000482,0,0,0,0,0,0,0,0,0,0,0,0
ACC-10000483,0,0,0,0,0,0,1,0,0,1,0,0
ACC-10000484,0,0,0,0,0,0,0,0,0,0,0,0
ACC-10000485,0,0,0,0,0,0,0,0,0,0,0,0
ACC-10000486,0,0,0,0,0,0,0,0,0,0,0,0
ACC-10000487,0,0,0,0,0,0,0,0,0,0,0,0
ACC-10000488,0,1,0,0,0,0,0,0,0,0,0,0
ACC-10000489,0,0,0,0,0,0,0,0,0,0,0,0
ACC-10000490,0,0,0,0,0,0,0,0,0,0,0,0
ACC-10000491,0,0,0,0,0,0,0,0,0,0,0,0
ACC-10000492,0,0,0,0,0,0,0,0,0,0,0,0
ACC-10000493,1,0,0,0,1,0,0,0,0,0,1,1
ACC-10000494,0,0,0,0,0,0,0,0,0,0,0,0
ACC-10000495,0,0,0,0,0,0,0,0,0,0,0,0
ACC-10000496,0,0,0,0,0,0,0,0,0,0,0,0
ACC-10000497,0,0,0,0,0,0,0,0,0,0,0,0
ACC-10000498,0,0,0,0,0,0,0,0,0,0,0,0
ACC-10000499,0,0,0,0,0,0,0,0,0,0,0,0
ACC-10000500,0,0,1,0,1,1,0,0,1,0,1,1
ACC-10000501,0,0,0,0,0,0,0,0,0,0,0,0
ACC-10000502,0,0,0,0,0,0,0,0,0,0,0,0
ACC-10000503,0,0,0,0,0,0,0,0,0,0,0,0
ACC-10000504,0,0,0,0,0,0,0,0,0,0,0,0
ACC-10000505,0,0,0,0,0,0,0,0,0,0,0,0
ACC-10000506,0,0,0,0,0,0,0,0,0,0,0,0
ACC-10000507,0,0,0,0,0,0,0,0,0,0,0,0
ACC-10000508,0,0,0,0,0,0,0,0,0,0,0,0
ACC-10000509,0,0,0,0,0,0,0,0,0,0,0,0
ACC-10000510,0,0,0,0,0,0,0,0,0,0,0,0
ACC-10000511,0,0,0,0,0,0,0,0,0,0,0,0
ACC-10000512,0,0,0,0,0,0,0,0,0,0,0,0
ACC-10000513,0,0,0,0,0,0,0,0,0,0,0,0
ACC-10000514,0,0,0,0,0,0,0,0,0,0,0,0
ACC-10000515,0,0,0,0,0,0,0,0,0,0,0,0
ACC-10000516,0,0,0,0,0,0,0,0,0,0,0,0
ACC-10000517,0,0,0,0,0,0,0,0,0,0,0,0
ACC-10000518,0,0,0,0,0,0,0,0,0,0,0,0
ACC-10000519,0,0,0,0,0,0,0,0,0,0,0,0
ACC-10000520,0,0,0,0,0,0,0,0,0,0,0,0
ACC-10000521,0,0,0,0,0,0,0,0,0,0,0,0
ACC-10000522,0,0,0,0,0,0,0,0,0,0,0,0
ACC-10000523,0,0,0,0,0,0,0,0,0,0,0,0
ACC-10000524,0,0,0,0,0,0,0,0,0,0,0,0
ACC-10000525,0,0,0,0,0,0,0,0,0,0,0,1
ACC-10000526,0,0,0,0,0,0,0,0,0,0,0,0
ACC-10000527,0,0,0,0,0,0,0,0,0,0,0,0
ACC-10000528,0,0,0,0,0,0,0,0,0,0,0,0
ACC-10000529,0,0,0,0,0,0,0,0,0,0,0,0
ACC-10000530,0,0,0,0,0,0,0,0,0,0,0,0
ACC-10000531,0,0,0,0,0,0,0,0,0,0,0,0
ACC-10000532,0,0,0,0,0,0,0,0,0,0,0,0
ACC-10000533,0,0,0,0,0,0,0,0,0,0,0,0
ACC-10000534,0,0,0,0,0,0,0,0,0,0,0,0
ACC-10000535,0,0,0,0,0,0,0,0,0,0,0,0
ACC-10000536,0,1,0,0,1,0,1,1,0,0,1,0
ACC-10000537,0,0,0,0,0,0,0,0,0,0,0,0
ACC-10000538,0,0,0,0,0,0,0,0,0,0,0,0
ACC-10000539,0,0,0,0,0,0,0,0,0,0,0,0
ACC-10000540,0,0,0,0,0,0,0,0,0,0,0,0
,0,0,0,0,0,0,0,0,0,0,0,0
ACC-10000542,0,0,0,0,0,0,0,0,0,0,0,0
ACC-10000543,0,0,0,0,0,0,0,0,0,0,0,0
ACC-10000544,0,0,0,0,0,0,0,0,0,0,0,0
ACC-10000545,0,1,0,0,0,0,1,0,0,0,0,0
ACC-10000546,0,0,0,0,0,0,0,0,0,0,0,0
ACC-10000547,0,0,0,0,0,0,0,0,0,0,0,0
ACC-10000548,0,0,0,0,0,0,0,0,0,0,0,0
ACC-10000549,0,0,0,0,0,0,0,0,0,0,0,0
ACC-10000550,0,0,0,0,0,0,0,0,0,0,0,0
ACC-10000551,0,0,0,0,0,0,0,0,0,0,0,0
ACC-10000552,0,0,0,0,0,0,0,0,0,0,0,0
ACC-10000553,0,0,0,0,0,0,0,0,0,0,0,0
ACC-10000554,0,0,0,0,0,0,0,0,0,0,0,0
ACC-10000555,0,0,0,0,0,0,0,0,0,0,0,0
ACC-10000556,0,0,0,0,0,0,0,0,0,0,0,0
ACC-10000557,0,0,1,0,0,0,0,0,0,0,0,0
ACC-10000558,0,0,0,0,0,0,0,0,0,0,0,0
ACC-10000559,0,0,0,0,0,0,0,0,0,0,0,0
ACC-10000560,0,0,0,0,0,0,0,0,0,0,0,0
ACC-10000561,0,0,0,0,0,0,0,0,0,0,0,0
ACC-10000562,0,0,0,0,0,0,0,0,0,0,0,0
ACC-10000563,0,0,0,0,0,0,0,0,0,0,0,0
ACC-10000564,0,0,0,0,0,0,0,0,0,0,0,0
ACC-10000565,0,0,0,0,0,0,0,0,0,0,0,0
ACC-10000566,0,0,0,0,0,0,0,0,0,0,0,0
ACC-10000567,0,0,0,0,0,0,0,0,0,0,0,0
ACC-10000568,0,0,0,0,0,0,0,0,0,0,0,0
ACC-10000569,0,0,0,0,0,0,0,0,0,0,0,0
ACC-10000570,0,1,1,0,0,1,1,0,1,0,1,0
ACC-10000571,0,0,0,0,0,0,0,0,0,0,0,0
ACC-10000572,0,0,0,0,0,0,0,0,0,0,0,0
ACC-10000573,0,0,0,0,0,0,0,0,0,0,0,0
ACC-10000574,0,1,0,1,1,0,0,0,1,0,0,0
ACC-10000575,0,0,0,0,0,0,0,0,0,0,0,0
ACC-10000576,0,0,0,0,0,0,0,0,0,0,0,0
ACC-10000577,0,0,0,0,0,0,0,0,0,0,0,0
ACC-10000578,0,0,0,0,0,0,0,0,0,0,0,0
ACC-10000579,0,0,0,0,0,0,0,0,0,0,0,0
ACC-10000580,0,0,0,0,0,0,0,0,0,0,0,0
ACC-10000581,0,0,0,0,0,0,0,0,0,0,0,0
ACC-10000582,0,0,0,0,0,0,0,0,0,0,0,0
ACC-10000583,0,0,0,0,0,0,0,0,0,0,0,0
ACC-10000584,0,0,0,0,0,0,0,0,0,0,0,0
ACC-10000585,0,0,0,0,0,0,0,0,0,0,0,0
ACC-100005XX,0,0,0,0,0,0,0,0,0,0,0,0
ACC-10000587,0,0,0,0,0,0,0,0,0,0,0,0
ACC-10000588,0,0,0,0,0,0,0,0,0,0,0,0
ACC-10000589,0,0,0,0,0,0,0,0,0,0,0,0
ACC-10000590,0,0,0,0,0,0,0,0,0,0,0,0
ACC-10000591,0,0,0,0,0,0,0,0,0,0,0,0
ACC-10000592,0,0,0,0,0,0,0,0,0,0,0,0
ACC-10000593,0,0,0,0,0,0,0,0,0,0,0,0
ACC-10000594,0,0,0,0,0,0,0,0,0,0,0,0
ACC-10000595,0,0,0,0,0,0,0,0,0,0,0,0
ACC-10000596,0,0,0,0,0,0,0,0,0,0,0,0
ACC-10000597,0,0,0,0,0,0,0,0,0,0,0,0
ACC-10000598,0,0,0,0,0,0,0,0,0,0,0,0
ACC-10000599,0,0,0,0,0,0,0,0,0,0,0,0
ACC-10000600,0,0,0,0,0,0,0,0,0,0,0,0
ACC-10000601,0,0,0,0,0,0,0,0,0,0,0,0
ACC-10000602,0,0,0,0,0,0,0,0,0,0,0,0
ACC-10000603,0,0,0,0,0,0,0,0,0,0,0,0
ACC-10000604,0,0,0,0,0,0,0,0,0,0,0,0
ACC-10000605,0,0,0,0,0,0,0,0,0,0,0,0
ACC-10000606,0,0,0,0,0,0,0,0,0,0,0,0
ACC-10000607,0,0,0,0,0,0,0,0,0,0,0,0
ACC-10000608,0,0,0,0,0,0,0,0,0,0,0,0
ACC-10000609,0,0,0,0,0,0,0,0,0,0,0,0
ACC-10000610,0,0,0,0,0,0,0,0,0,0,0,0
ACC-10000611,0,0,1,1,0,0,0,1,0,1,0,0
ACC-10000612,0,0,0,0,0,0,0,0,0,0,0,0
ACC-10000613,0,0,0,0,0,0,0,0,0,0,0,0
ACC-10000614,0,0,0,0,0,0,0,0,0,0,0,0
ACC-10000615,0,0,1,0,0,0,1,0,1,1,1,0
ACC-10000616,0,0,0,0,0,0,0,0,0,0,0,0
ACC-10000617,0,0,0,0,0,0,0,0,0,0,0,0
ACC-10000618,0,0,0,0,0,0,0,0,0,0,0,0
ACC-10000619,0,0,0,0,0,0,0,0,0,0,0,0
ACC-10000620,0,0,0,0,0,0,0,0,0,0,0,0
ACC-10000621,0,0,0,0,0,0,0,0,0,0,0,0
ACC-10000622,0,0,0,0,0,0,0,0,0,0,0,0
ACC-10000623,0,0,0,0,0,0,0,0,0,0,0,0
ACC-10000624,0,0,0,0,0,0,0,0,0,0,0,0
ACC-10000625,0,0,0,0,0,0,0,0,0,0,0,0
ACC-10000626,0,0,0,0,0,0,0,0,0,0,0,0
ACC-10000627,0,0,0,0,0,0,0,0,0,0,0,0
ACC-10000628,0,0,0,0,0,0,0,0,0,0,0,0
ACC-10000629,0,0,0,0,0,0,0,0,0,0,0,0
ACC-10000630,0,0,0,0,0,0,0,0,0,0,0,0
ACC-10000631,0,0,0,0,0,0,0,0,0,0,0,0
ACC-10000632,0,0,0,0,0,0,0,0,0,0,0,0
ACC-10000633,0,0,0,0,0,0,0,0,0,0,0,0
ACC-10000634,0,0,0,0,0,0,0,0,0,0,0,0
ACC-10000635,0,0,0,0,0,0,0,0,0,0,0,0
ACC-10000636,0,0,0,0,0,0,0,0,0,0,0,0
ACC-10000637,0,0,0,0,0,0,0,0,0,0,0,0
ACC-10000638,0,0,0,0,0,0,0,0,0,0,0,0
ACC-10000639,0,0,0,0,0,0,0,0,0,0,0,0
ACC-10000640,0,0,0,0,0,0,0,0,0,0,0,0
ACC-10000641,0,0,0,0,0,0,0,0,0,0,0,0
ACC-10000642,0,0,0,0,0,0,0,0,0,0,0,0
ACC-10000643,0,0,0,0,0,0,0,0,0,0,0,0
ACC-10000644,0,0,0,0,0,0,0,0,0,0,0,0
ACC-10000645,0,0,0,0,0,0,0,0,0,0,0,0
ACC-10000646,0,0,0,0,0,0,0,0,0,0,0,0
ACC-10000647,0,0,0,0,0,0,0,0,0,0,0,0
ACC-10000648,0,0,0,0,0,0,0,0,0,0,0,0
ACC-10000649,0,0,0,0,0,0,0,1,1,1,0,0
ACC-10000650,0,0,0,0,0,0,0,0,0,0,0,0
ACC-10000651,0,0,0,0,0,0,0,0,0,0,0,0
ACC-10000652,0,0,0,0,0,0,0,0,0,0,0,0
ACC-10000653,0,0,0,0,0,0,0,0,0,0,0,0
ACC-10000654,0,0,0,0,0,0,0,0,0,0,0,0
ACC-10000655,0,0,0,0,0,0,0,0,0,0,0,0
ACC-10000656,0,0,0,0,0,0,0,0,0,0,0,0
ACC-10000657,0,0,0,0,0,0,0,0,0,0,0,0
ACC-10000658,0,0,0,0,0,0,0,0,0,0,0,0
ACC-10000659,0,0,0,0,0,0,0,0,0,0,0,0
ACC-10000660,0,0,0,0,0,0,0,0,0,0,0,0
ACC-10000661,0,0,0,0,0,0,0,0,0,0,0,0
ACC-10000662,0,0,0,0,0,0,0,0,0,0,0,0
ACC-10000663,0,0,0,0,0,0,0,0,0,0,0,0
ACC-10000664,0,0,0,0,0,0,0,0,0,0,0,0
ACC-10000665,0,0,0,0,0,0,0,0,0,0,0,0
ACC-10000666,0,0,0,0,0,0,0,0,0,0,0,0
ACC-10000667,0,0,0,0,0,0,0,0,0,0,0,0
ACC-10000668,0,0,0,0,0,0,0,0,0,0,0,0
ACC-10000669,0,0,0,0,0,0,0,0,0,0,0,0
ACC-10000670,0,0,0,0,0,0,0,0,0,0,0,0
ACC-10000671,0,0,0,0,0,0,0,0,0,0,0,0
ACC-10000672,0,0,0,0,0,0,0,0,0,0,0,0
ACC-10000673,0,0,0,0,0,0,0,0,0,0,0,0
ACC-10000674,0,0,0,0,0,0,0,0,0,0,0,0
ACC-10000675,0,0,0,0,0,0,0,0,0,0,0,0
ACC-10000676,0,0,0,0,0,0,0,0,0,0,0,0
ACC-10000677,0,0,0,0,0,0,0,0,0,0,0,0
ACC-10000678,0,0,0,0,0,0,0,0,0,0,0,0
ACC-10000679,0,0,0,0,0,0,0,0,0,0,0,0
ACC-10000680,0,0,0,0,0,0,0,0,0,0,0,0
ACC-10000681,0,0,0,0,0,0,0,0,0,0,0,0
ACC-10000682,0,0,0,0,0,0,0,0,0,0,0,0
ACC-10000683,0,0,0,0,0,0,0,0,0,0,0,0
ACC-10000684,0,0,0,0,0,0,0,0,0,0,0,0
ACC-10000685,0,0,0,0,0,0,0,0,0,0,0,0
ACC-10000686,0,0,0,0,0,0,0,0,0,0,0,0
ACC-10000687,0,0,0,0,0,0,0,0,0,0,0,0
ACC-10000688,0,0,0,0,0,0,0,0,0,0,0,0
ACC-10000689,0,0,0,0,0,0,0,0,0,0,0,0
ACC-10000690,0,0,0,0,0,0,0,0,0,0,0,0
ACC-10000691,0,0,0,0,0,0,0,0,0,0,0,0
ACC-10000692,0,0,0,0,0,0,0,0,0,0,0,0
ACC-10000693,0,0,0,0,0,0,0,0,0,0,0,0
ACC-10000694,0,0,0,0,0,0,0,0,0,0,0,0
ACC-10000695,0,0,0,0,0,0,0,0,0,0,0,0
ACC-10000696,0,0,0,0,0,0,0,0,0,0,0,0
ACC-10000697,0,0,0,0,0,0,0,0,0,0,0,0
ACC-10000698,0,0,0,0,0,0,0,0,0,0,0,0
ACC-10000699,0,0,0,0,0,0,0,0,0,0,0,0
ACC-10000700,0,0,0,0,0,0,0,0,0,0,0,0
ACC-10000701,0,0,0,0,0,0,0,0,0,0,0,0
ACC-10000702,0,0,0,0,0,0,0,0,0,0,0,0
ACC-10000703,0,0,0,0,0,0,0,0,0,0,0,0
ACC-10000704,0,0,0,0,0,0,0,0,0,0,0,0
ACC-10000705,0,0,0,0,0,0,0,0,0,0,0,0
ACC-10000706,0,0,0,0,0,0,0,0,0,0,0,0
ACC-10000707,0,0,0,0,0,0,0,0,0,0,0,0
ACC-10000708,0,0,0,0,0,0,0,0,0,0,0,0
ACC-10000709,0,0,0,0,0,0,0,0,0,0,0,0
ACC-10000710,0,0,0,0,0,0,0,0,0,0,0,0
ACC-10000711,0,0,0,0,0,0,0,0,0,0,0,0
ACC-10000712,0,0,0,0,0,0,0,0,0,0,0,0
ACC-10000713,0,0,0,0,0,0,0,0,0,0,0,0
ACC-10000714,0,0,0,0,0,0,0,0,0,0,0,0
ACC-10000715,0,0,0,0,0,0,0,0,0,0,0,0
ACC-10000716,0,0,0,0,0,0,0,0,0,0,0,0
ACC-10000717,0,0,0,0,0,0,0,0,0,0,0,0
ACC-10000718,0,0,0,0,0,0,0,0,0,0,0,0
ACC-10000719,0,0,0,0,0,0,0,0,0,0,0,0
ACC-10000720,0,0,0,0,0,0,0,0,0,0,0,0
ACC-10000721,0,0,0,0,0,0,0,0,0,0,0,0
ACC-10000722,0,0,0,0,0,0,0,0,0,0,0,0
ACC-10000723,0,0,0,0,0,0,0,0,0,0,0,0
ACC-10000724,0,0,0,0,0,0,0,0,0,0,0,0
ACC-10000725,0,0,0,0,0,0,0,0,0,0,0,0
ACC-10000726,0,0,0,0,0,0,0,0,0,0,0,0
ACC-10000727,0,0,0,0,0,0,0,0,0,0,0,0
ACC-10000728,0,0,0,0,0,0,0,0,0,0,0,0
ACC-10000729,0,0,0,0,0,0,0,0,0,0,0,0
ACC-10000730,0,0,0,0,0,0,0,0,0,0,0,0
ACC-10000731,0,0,0,0,0,0,0,0,0,0,0,0
ACC-10000732,0,0,0,0,0,0,0,0,0,0,0,0
ACC-10000733,0,0,0,0,0,0,0,0,0,0,0,0
ACC-10000734,0,0,0,0,0,0,0,0,0,0,0,0
ACC-10000735,0,0,0,0,0,0,0,0,0,0,0,0
ACC-10000736,0,0,0,0,0,0,0,0,0,0,0,0
ACC-10000737,0,0,0,0,0,0,0,0,0,0,0,0
ACC-10000738,0,0,0,0,0,0,0,0,0,0,0,0
ACC-10000739,0,0,0,0,0,0,0,0,0,0,0,0
ACC-10000740,0,0,0,0,0,0,0,0,0,0,0,0
ACC-10000741,0,0,0,0,0,0,0,0,0,0,0,0
ACC-10000742,0,0,0,0,0,0,0,0,0,0,0,0
ACC-10000743,0,0,0,0,0,0,0,0,0,0,0,0
ACC-10000744,0,0,0,0,0,0,0,0,0,0,0,0
ACC-10000745,0,0,0,0,0,0,0,0,0,0,0,0
ACC-10000746,1,0,1,0,0,0,1,0,0,1,1,0
ACC-10000747,0,0,0,0,0,0,0,0,0,0,0,0
ACC-10000748,0,0,0,0,0,0,0,0,0,0,0,0
ACC-10000749,0,0,0,0,0,0,0,0,0,0,0,0
ACC-10000750,0,0,0,0,0,0,0,0,0,0,0,0
ACC-10000751,0,0,0,0,0,0,0,0,0,0,0,0
ACC-10000752,0,0,0,0,0,0,0,0,0,0,0,0
ACC-10000753,0,0,0,0,0,0,0,0,0,0,0,0
ACC-10000754,0,0,0,0,0,0,0,0,0,0,0,0
ACC-10000755,0,0,0,0,0,0,0,0,0,0,0,0
ACC-10000756,0,0,0,0,0,0,0,0,0,0,0,0
ACC-10000757,0,0,0,0,0,0,0,0,0,0,0,0
ACC-10000758,0,0,0,0,0,0,0,0,0,0,0,0
ACC-10000759,0,0,0,0,0,0,0,0,0,0,0,0
ACC-10000760,0,0,0,0,0,0,0,0,0,0,0,0
ACC-10000761,0,0,0,0,0,0,0,0,0,0,0,0
ACC-10000762,0,0,0,0,0,0,0,0,0,0,0,0
ACC-10000763,0,0,0,1,0,0,0,1,0,0,1,1
ACC-10000764,0,0,0,0,0,0,0,0,0,0,0,0
ACC-10000765,0,0,0,0,0,0,0,0,0,0,0,0
ACC-10000766,0,0,0,0,0,0,0,0,0,0,0,0
ACC-10000767,0,0,0,0,0,0,0,0,0,0,0,0
ACC-10000768,0,0,0,0,0,0,0,0,0,0,0,0
ACC-10000769,0,0,0,0,0,0,0,0,0,0,0,0
ACC-10000770,0,0,0,0,0,0,0,0,0,0,0,0
ACC-10000771,0,0,0,0,0,0,0,0,0,0,0,0
ACC-10000772,0,0,0,0,0,0,0,0,0,0,0,0
ACC-10000773,0,0,0,0,0,0,0,0,0,0,0,0
ACC-10000774,0,0,0,0,0,0,0,0,0,0,0,0
ACC-10000775,0,0,0,0,0,0,0,0,0,0,0,0
ACC-10000776,0,0,0,0,0,0,0,0,0,0,0,0
ACC-10000777,0,0,0,0,0,0,0,0,0,0,0,0
ACC-10000778,0,0,0,0,0,0,0,0,0,0,0,0
ACC-10000779,1,0,0,1,0,1,1,1,0,1,1,1
ACC-10000780,0,0,0,0,0,0,0,0,0,0,0,0
ACC-10000781,0,0,0,0,0,0,0,0,0,0,0,0
ACC-10000782,0,0,0,0,0,0,0,0,0,0,0,0
ACC-10000783,0,0,0,0,1,1,1,0,0,1,0,0
ACC-10000784,0,0,0,0,0,0,0,0,0,0,0,0
ACC-10000785,0,0,0,0,0,0,0,0,0,0,0,0
ACC-10000786,0,0,0,0,0,0,0,0,0,0,0,0
ACC-10000787,0,0,0,0,0,0,0,0,0,0,0,0
ACC-10000788,0,0,0,0,0,0,0,0,0,0,0,0
ACC-10000789,0,0,0,0,0,0,0,0,0,0,0,0
ACC-10000790,0,0,0,0,0,0,0,0,0,0,0,0
ACC-10000791,0,0,0,0,0,0,0,0,0,0,0,0
ACC-10000792,0,0,0,0,0,0,0,0,0,0,0,0
ACC-10000793,0,0,0,0,0,0,0,0,0,0,0,0
ACC-10000794,0,0,0,0,0,0,0,0,0,0,0,0
ACC-10000795,0,0,0,0,0,0,0,0,0,0,0,0
ACC-10000796,0,0,0,0,0,0,0,0,0,0,0,0
ACC-10000797,0,0,0,0,0,0,0,0,0,0,0,0
ACC-10000798,0,0,0,0,0,0,0,0,0,0,0,0
ACC-10000799,0,0,0,0,0,0,0,0,0,0,0,0
ACC-10000800,0,0,0,0,0,0,0,0,0,0,0,0
ACC-10000801,0,0,0,0,0,0,0,0,0,0,0,0
ACC-10000802,0,0,0,0,0,0,0,0,0,0,0,0
ACC-10000803,0,0,0,0,0,0,0,0,0,0,0,0
ACC-10000804,0,0,0,0,0,0,0,0,0,0,0,0
ACC-10000805,0,0,0,0,0,0,0,0,0,0,0,0
ACC-10000806,0,0,0,0,0,0,0,0,0,0,0,0
ACC-10000807,0,0,0,0,0,0,0,0,0,0,0,0
ACC-10000808,0,0,0,0,0,0,0,0,0,0,0,0
ACC-10000809,0,0,0,0,0,0,0,0,0,0,0,0
ACC-10000810,0,0,0,0,0,0,0,0,0,0,0,0
ACC-10000811,0,1,1,0,0,0,1,0,1,0,0,0
ACC-10000812,0,0,0,0,0,0,0,0,0,0,0,0
ACC-10000813,0,0,0,0,0,0,0,0,0,0,0,0
ACC-10000814,0,0,0,0,0,0,0,0,0,0,0,0
ACC-10000815,0,0,0,0,0,0,0,0,0,0,0,0
ACC-10000816,0,0,0,0,0,0,0,0,0,0,0,0
ACC-10000817,0,0,0,0,0,0,0,0,0,0,0,0
ACC-10000818,0,0,0,0,0,0,0,0,0,0,0,0
ACC-10000819,0,0,0,0,0,0,0,0,0,0,0,0
ACC-10000820,0,0,0,0,0,0,0,0,0,0,0,0
ACC-10000821,0,0,0,0,0,0,0,0,0,0,0,0
ACC-10000822,0,0,0,0,0,0,0,0,0,0,0,0
ACC-10000823,0,0,0,0,0,0,0,0,0,0,0,0
ACC-10000824,0,0,0,0,0,0,0,0,0,0,0,0
ACC-10000825,0,0,0,0,0,0,0,0,0,0,0,0
ACC-10000826,0,0,0,0,0,0,0,0,0,0,0,0
ACC-10000827,0,0,0,0,0,0,0,0,0,0,0,0
ACC-10000828,0,0,0,0,0,0,0,0,0,0,0,0
ACC-10000829,0,0,0,0,0,0,0,0,0,0,0,0
ACC-10000830,0,0,0,0,0,0,0,0,0,0,0,0
ACC-10000831,0,0,0,0,0,0,0,0,0,0,0,0
ACC-10000832,0,1,0,0,0,1,0,1,0,1,0,0
ACC-10000833,0,0,0,0,0,0,0,0,0,0,0,0
ACC-10000834,0,0,0,0,0,0,0,0,0,0,0,0
ACC-10000835,0,0,0,0,0,0,0,0,0,0,0,0
ACC-10000836,0,0,0,0,0,0,0,0,0,0,0,0
ACC-10000837,0,0,0,0,0,0,0,0,0,0,0,0
ACC-10000838,0,0,0,0,0,0,0,0,0,0,0,0
ACC-10000839,0,0,0,0,0,0,0,0,0,0,0,0
ACC-10000840,0,0,0,0,0,0,0,0,0,0,0,0
ACC-10000841,0,0,0,0,0,0,0,0,0,0,0,0
ACC-10000842,0,0,0,0,0,0,0,0,0,0,0,0
ACC-10000843,0,0,0,0,0,0,0,0,0,0,0,0
ACC-10000844,0,0,0,0,0,0,0,0,0,0,0,0
ACC-10000845,0,0,0,0,0,0,0,0,0,0,0,0
ACC-10000846,0,0,0,0,0,0,0,0,0,0,0,0
ACC-10000847,0,0,0,0,0,0,0,0,0,0,0,0
ACC-10000848,0,0,0,0,0,0,0,0,0,0,0,0
ACC-10000849,0,0,0,0,0,0,0,0,0,0,0,0
ACC-10000850,0,0,0,0,0,0,0,0,0,0,0,0
ACC-10000851,0,0,0,0,0,0,0,0,0,0,0,0
ACC-10000852,0,0,0,0,0,0,0,0,0,0,0,0
ACC-10000853,0,0,0,0,0,0,0,0,0,0,0,0
ACC-10000854,0,0,0,0,0,0,0,0,0,0,0,0
ACC-10000855,0,0,0,0,0,0,0,0,0,0,0,0
ACC-10000856,0,0,0,0,0,0,0,0,0,0,0,0
ACC-10000857,0,1,0,1,1,0,1,0,0,1,0,1
ACC-10000858,0,0,0,0,0,0,0,0,0,0,0,0
ACC-10000859,0,0,0,0,0,0,0,0,0,0,0,0
ACC-10000860,0,0,0,0,0,0,0,0,0,0,0,0
ACC-10000861,0,0,0,0,0,0,0,0,0,0,0,0
ACC-10000862,0,0,0,0,0,0,0,0,0,0,0,0
ACC-10000863,0,0,0,0,0,0,0,0,0,0,0,0
ACC-10000864,0,0,0,0,0,0,0,0,0,0,0,0
ACC-10000865,0,0,0,0,0,0,0,0,0,0,0,0
ACC-10000866,0,0,0,0,0,0,0,0,0,0,0,0
ACC-10000867,0,0,0,0,0,0,0,0,0,0,0,0
ACC-10000868,0,0,0,0,0,0,0,0,0,0,0,0
ACC-10000869,0,0,0,0,0,0,0,0,0,0,0,0
ACC-10000870,0,0,0,0,0,0,0,0,0,0,0,0
ACC-10000871,0,0,0,0,0,0,0,0,0,0,0,0
ACC-10000872,0,0,0,0,0,0,0,0,0,0,0,0
ACC-10000873,0,0,0,0,0,0,0,0,0,0,0,0
ACC-10000874,0,0,0,0,0,0,0,0,0,0,0,0
ACC-10000875,0,0,0,0,0,0,0,0,0,0,0,0
ACC-10000876,0,0,0,0,0,0,0,0,0,0,0,0
ACC-10000877,0,0,0,0,0,0,0,0,0,0,0,0
ACC-10000878,0,0,0,0,0,0,0,0,0,0,0,0
ACC-10000879,0,0,0,0,0,0,0,0,0,0,0,0
ACC-10000880,0,0,0,0,0,0,0,0,0,0,0,0
ACC-10000881,0,0,0,0,0,0,0,0,0,0,0,0
ACC-10000882,0,0,0,0,0,0,0,0,0,0,0,0
ACC-10000883,0,0,0,0,0,0,0,0,0,0,0,0
ACC-10000884,0,0,0,0,0,0,0,0,0,0,0,0
ACC-10000885,0,0,0,0,0,0,0,0,0,0,0,0
ACC-10000886,0,0,0,0,0,0,0,0,0,0,0,0
ACC-10000887,0,0,0,0,0,0,0,0,0,0,0,0
ACC-10000888,0,0,0,0,0,0,0,0,0,0,0,0
ACC-10000889,0,0,0,0,0,0,0,0,0,0,0,0
ACC-10000890,0,0,0,0,0,0,0,0,0,0,0,0
ACC-10000891,0,0,0,0,0,0,0,0,0,0,0,0
ACC-10000892,0,0,0,0,0,0,0,0,0,0,0,0
ACC-10000893,0,0,0,0,0,0,0,0,0,0,0,0
ACC-10000894,0,0,0,0,0,0,0,0,0,0,0,0
ACC-10000895,0,0,0,0,0,0,0,0,0,0,0,0
ACC-10000896,0,0,0,0,0,0,0,0,0,0,0,0
ACC-10000897,0,0,0,0,1,0,1,0,0,0,1,0
ACC-10000898,0,0,0,0,0,0,0,0,0,0,0,0
ACC-10000899,0,0,0,0,1,0,0,0,0,0,0,0
ACC-10000900,0,0,0,0,0,0,0,0,0,0,0,0
ACC-10000901,1,0,0,1,0,1,0,0,0,0,0,0
ACC-10000902,0,0,0,0,0,0,0,0,0,0,0,0
ACC-10000903,0,0,0,0,0,0,0,0,0,0,0,0
ACC-10000904,0,0,0,0,0,0,0,0,0,0,0,0
ACC-10000905,0,0,0,0,0,0,0,0,0,0,0,0
ACC-10000906,0,0,0,0,0,0,0,0,0,0,0,0
ACC-10000907,0,0,0,0,0,0,0,0,0,0,0,0
ACC-10000908,0,0,0,0,0,0,0,0,0,0,0,0
ACC-10000909,0,0,0,0,0,0,0,0,0,0,0,0
ACC-10000910,0,0,0,0,0,0,0,0,0,0,0,0
ACC-10000911,0,0,0,0,0,0,0,0,0,0,0,0
ACC-10000912,0,0,0,0,0,0,0,0,0,0,0,0
ACC-10000913,0,0,0,0,0,0,0,0,0,0,0,0
ACC-10000914,0,0,0,0,0,0,0,0,0,0,0,0
ACC-10000915,0,0,0,0,0,0,0,0,0,0,0,0
ACC-10000916,0,0,0,0,0,0,0,0,0,0,0,0
ACC-10000917,0,0,0,0,0,0,0,0,0,0,0,0
ACC-10000918,0,0,0,0,0,0,0,0,0,0,0,0
ACC-10000919,0,0,0,0,0,0,0,0,0,0,0,0
ACC-10000920,0,0,0,0,0,0,0,0,0,0,0,0
ACC-10000921,0,0,0,0,0,0,0,0,0,0,0,0
ACC-10000922,0,0,0,0,0,0,0,0,0,0,0,0
ACC-10000923,0,0,0,0,0,0,0,0,0,0,0,0
ACC-10000924,0,0,0,0,0,0,0,0,0,0,0,0
ACC-10000925,0,0,0,0,0,0,0,0,0,0,0,0
ACC-10000926,0,0,1,0,0,0,1,1,0,0,1,0
ACC-10000927,0,0,0,0,0,0,0,0,0,0,0,0
ACC-10000928,0,0,0,0,0,0,0,0,0,0,0,0
ACC-10000929,0,0,0,0,0,0,0,0,0,0,0,0
ACC-10000930,0,0,0,0,0,0,0,0,0,0,0,0
ACC-10000931,0,0,0,0,0,0,0,0,0,0,0,0
ACC-10000932,0,0,0,0,0,0,0,0,0,0,0,0
ACC-10000933,0,0,0,0,0,0,0,0,0,0,0,0
ACC-10000934,0,0,0,0,0,0,0,0,0,0,0,0
ACC-10000935,0,0,0,0,0,0,0,0,0,0,0,0
ACC-10000936,0,0,0,0,0,0,0,0,0,0,0,0
ACC-10000937,0,0,0,0,0,0,0,0,0,0,0,0
ACC-10000938,0,0,0,0,0,0,0,0,0,0,0,0
ACC-10000939,0,0,0,0,0,0,0,0,0,0,0,0
ACC-10000940,0,0,0,0,1,0,0,0,0,0,0,0
ACC-10000941,0,0,0,0,0,0,0,0,0,0,0,0
ACC-10000942,0,0,0,0,0,0,0,0,0,0,0,0
ACC-10000943,0,0,0,1,0,0,1,1,1,0,0,0
ACC-10000944,0,0,0,0,0,0,0,0,0,0,0,0
ACC-10000945,0,0,0,0,0,0,0,0,0,0,0,0
ACC-10000946,0,0,0,0,0,0,0,0,0,0,0,0
ACC-10000947,0,0,0,0,0,0,0,0,0,0,0,0
ACC-10000948,0,0,0,0,0,0,0,0,0,0,0,0
ACC-10000949,0,0,0,0,0,0,0,0,0,0,0,0
ACC-10000950,0,0,0,0,0,0,0,0,0,0,0,0
ACC-10000951,0,0,0,0,0,0,0,0,0,0,0,0
ACC-10000952,0,0,0,0,0,0,0,0,0,0,0,0
ACC-10000953,0,0,0,0,0,0,0,0,0,0,0,0
ACC-10000954,0,0,0,0,0,0,0,0,0,0,0,0
ACC-10000955,0,0,0,0,0,0,0,0,0,0,0,0
ACC-100009XX,0,0,0,0,0,0,0,0,0,0,0,0
ACC-10000957,0,0,0,0,0,0,0,0,0,0,0,0
ACC-10000958,0,0,0,0,0,0,0,0,0,0,0,0
ACC-10000959,0,0,0,0,0,0,0,0,0,0,0,0
ACC-10000960,0,0,0,0,0,0,0,0,0,0,0,0
ACC-10000961,0,0,0,0,0,0,0,0,0,0,0,0
ACC-10000962,0,0,0,0,0,0,0,0,0,0,0,0
ACC-10000963,0,0,0,0,0,0,0,0,0,0,0,0
ACC-10000964,0,0,0,0,0,0,0,0,0,0,0,0
ACC-10000965,0,0,0,0,0,0,0,0,0,0,0,0
ACC-10000966,0,0,0,0,0,0,0,0,0,0,0,0
ACC-10000967,0,0,0,0,0,0,0,0,0,0,0,0
ACC-10000968,0,0,0,0,0,0,0,0,0,0,0,0
ACC-10000969,0,0,0,0,0,0,0,0,0,0,0,0
ACC-10000970,0,0,0,0,0,0,0,0,0,0,0,0
ACC-10000971,0,0,0,0,0,0,0,0,0,0,0,0
ACC-10000972,0,0,0,0,0,0,0,0,0,0,0,0
ACC-10000973,0,0,0,0,0,0,0,0,0,0,0,0
ACC-10000974,0,0,0,0,0,0,0,0,0,0,0,0
ACC-10000975,0,0,0,0,0,0,0,0,0,0,0,0
ACC-10000976,0,0,0,0,0,0,0,0,0,0,0,0
ACC-10000977,0,0,0,0,0,0,0,0,0,0,0,0
ACC-10000978,0,0,0,0,0,0,0,0,0,0,0,0
ACC-10000979,0,0,0,0,0,0,0,0,0,0,0,0
ACC-10000980,0,0,0,0,0,0,0,0,0,0,0,0
ACC-10000981,0,0,0,0,0,0,0,0,0,0,0,0
ACC-10000982,0,0,0,0,0,0,0,0,0,0,0,0
ACC-10000983,0,0,0,0,1,0,1,0,0,0,0,0
ACC-10000984,0,0,0,0,0,0,0,0,0,0,0,0
ACC-10000985,0,0,0,0,0,0,0,0,0,0,0,0
ACC-10000986,0,0,0,0,0,0,0,0,0,0,0,0
ACC-10000987,0,0,0,0,0,0,0,0,0,0,0,0
ACC-10000988,0,0,0,0,0,0,0,0,0,0,0,0
ACC-10000989,0,0,0,0,0,0,0,0,0,0,0,0
ACC-10000990,0,0,0,0,0,0,0,0,0,0,0,0
ACC-10000991,0,0,0,0,0,0,0,0,0,0,0,0
ACC-10000992,0,0,0,0,0,0,0,0,0,0,0,0
ACC-10000993,0,0,0,0,0,0,0,0,0,0,0,0
ACC-10000994,0,0,0,0,0,0,0,0,0,0,0,0
ACC-10000995,0,0,0,0,0,0,0,0,0,0,0,0
ACC-10000996,0,0,0,0,0,0,0,0,0,0,0,0
ACC-10000997,0,0,0,1,0,0,0,0,0,0,0,1
ACC-10000998,0,0,0,0,0,0,0,0,0,0,0,0
ACC-10000999,0,0,0,0,0,0,0,0,0,0,0,0
ACC-10001000,0,0,0,0,0,0,0,0,0,0,0,0
ACC-10001001,0,0,0,0,0,0,0,0,0,0,0,0
ACC-10001002,0,0,0,0,0,0,0,0,0,0,0,0
ACC-10001003,0,0,0,0,0,0,0,0,0,0,0,0
ACC-10001004,0,0,0,0,0,0,0,0,0,0,0,0
ACC-10001005,0,0,0,0,0,0,0,0,0,0,0,0
ACC-10001006,0,0,0,0,0,0,0,0,0,0,0,0
ACC-10001007,1,0,1,0,0,0,0,1,0,0,1,1
ACC-10001008,0,0,0,0,0,0,0,0,0,0,0,0
ACC-10001009,0,0,0,0,0,0,0,0,0,0,0,0
ACC-10001010,0,0,0,0,0,0,0,0,0,0,0,0
ACC-10001011,0,0,0,0,0,0,0,0,0,0,0,0
ACC-10001012,0,0,0,0,0,0,0,0,0,0,0,0
ACC-10001013,0,0,1,0,0,0,1,0,1,0,0,0
ACC-10001014,0,0,0,0,0,0,0,0,0,0,0,0
ACC-10001015,0,0,0,0,0,0,0,0,0,0,0,0
ACC-10001016,0,0,0,0,0,0,0,0,0,0,0,0
ACC-10001017,0,0,0,0,0,0,0,0,0,0,0,0
ACC-10001018,0,0,0,0,0,0,0,0,0,0,0,0
ACC-10001019,0,0,0,0,0,0,0,0,0,0,0,0
ACC-10001020,0,0,0,0,0,0,0,0,0,0,0,0
ACC-10001021,0,0,0,0,0,0,0,0,0,0,0,0
ACC-10001022,0,0,0,0,0,0,0,0,0,0,0,0
ACC-10001023,0,0,0,0,0,0,0,0,0,0,0,0
ACC-10001024,0,0,0,0,0,0,0,0,0,0,0,0
ACC-10001025,0,0,0,0,0,0,0,0,0,0,0,0
ACC-10001026,0,0,0,0,0,0,0,0,0,0,0,0
ACC-10001027,0,0,0,0,0,0,0,0,0,0,0,0
ACC-10001028,0,0,0,0,0,0,0,0,0,0,0,0
ACC-10001029,0,0,0,0,0,0,0,0,0,0,0,0
ACC-10001030,0,0,0,0,0,0,0,0,0,0,0,0
ACC-10001031,0,0,0,0,0,0,0,0,0,0,0,0
ACC-10001032,0,0,0,0,0,0,0,0,0,0,0,0
ACC-10001033,1,0,0,0,0,0,1,0,0,1,0,1
ACC-10001034,0,0,0,0,0,0,0,0,0,0,0,0
ACC-10001035,0,0,0,0,0,0,0,0,0,0,0,0
ACC-10001036,0,1,0,0,1,1,1,0,0,0,1,0
ACC-10001037,0,0,0,0,0,0,0,0,0,0,0,0
ACC-10001038,0,0,0,0,0,0,0,0,0,0,0,0
ACC-10001039,0,0,0,0,0,0,0,0,0,0,0,0
ACC-10001040,0,0,0,0,0,0,0,0,0,0,0,0
ACC-10001041,0,0,0,0,0,0,0,0,0,0,0,0
ACC-10001042,0,0,0,0,0,0,0,0,0,0,0,0
ACC-10001043,0,0,0,0,0,0,0,0,0,0,0,0
ACC-10001044,0,0,0,0,0,0,0,0,0,0,0,0
ACC-10001045,0,0,0,0,0,0,0,0,0,0,0,0
ACC-10001046,0,0,0,0,0,0,0,0,0,0,0,0
ACC-10001047,0,0,0,0,0,0,0,0,0,0,0,0
ACC-10001048,0,0,0,0,0,0,0,0,0,0,0,0
ACC-10001049,0,0,0,0,0,0,0,0,0,0,0,0
ACC-10001050,0,0,0,0,0,0,0,0,0,0,0,0
ACC-10001051,0,0,0,0,0,0,0,0,0,0,0,0
ACC-10001052,0,0,0,0,0,0,0,0,0,0,0,0
ACC-10001053,0,0,0,0,0,0,0,0,0,0,0,0
ACC-10001054,0,0,0,0,0,0,0,0,0,0,0,0
ACC-10001055,0,0,0,0,0,0,0,0,0,0,0,0
ACC-10001056,0,0,0,0,0,0,0,0,0,0,0,0
ACC-10001057,0,0,0,0,0,0,0,0,0,0,0,0
ACC-10001058,0,0,0,0,0,0,0,0,0,0,0,0
ACC-10001059,0,1,1,0,0,1,0,0,0,0,0,0
ACC-100010XX,0,0,0,0,0,0,0,0,0,0,0,0
ACC-10001061,0,0,0,0,0,0,0,0,0,0,0,0
ACC-10001062,0,0,0,0,0,0,0,0,0,0,0,0
ACC-10001063,0,0,0,0,0,0,0,0,0,0,0,0
ACC-10001064,0,0,0,0,0,0,0,0,0,0,0,0
ACC-10001065,0,0,0,0,0,0,0,0,0,0,0,0
ACC-10001066,0,0,0,0,0,0,0,0,0,0,0,0
ACC-10001067,0,0,0,0,0,0,0,0,0,0,0,0
ACC-10001068,0,0,0,0,0,0,0,0,0,0,0,0
ACC-10001069,0,0,0,0,0,0,0,0,0,0,0,0
ACC-10001070,0,0,0,0,0,0,0,0,0,0,0,0
ACC-10001071,0,0,0,0,0,0,0,0,0,0,0,0
ACC-10001072,0,0,0,0,0,0,0,0,0,0,0,0
ACC-10001073,0,0,0,0,0,0,0,0,0,0,0,0
ACC-10001074,0,0,0,0,0,0,0,0,0,0,0,0
ACC-10001075,0,0,0,0,0,0,0,0,0,0,0,0
ACC-10001076,0,0,0,0,0,0,0,0,0,0,0,0
ACC-10001077,0,0,0,0,0,0,0,0,0,0,0,0
ACC-10001078,0,0,0,0,0,0,0,0,0,0,0,0
ACC-10001079,0,0,0,0,0,0,0,0,0,0,0,0
ACC-10001080,0,0,0,0,0,0,0,0,0,0,0,0
ACC-10001081,0,0,0,0,0,0,0,0,0,0,0,0
ACC-10001082,0,0,0,0,0,0,0,0,0,0,0,0
ACC-10001083,0,0,0,0,0,0,0,0,0,0,0,0
ACC-10001084,0,0,0,0,0,0,0,0,0,0,0,0
ACC-10001085,0,0,0,0,0,0,0,0,0,0,0,0
ACC-10001086,0,0,0,0,0,0,0,0,0,0,0,0
ACC-10001087,1,0,0,1,0,1,0,0,0,0,0,0
ACC-10001088,0,0,0,0,0,0,0,0,0,0,0,0
ACC-10001089,0,0,0,0,0,0,0,0,0,0,0,0
ACC-10001090,0,0,0,0,0,0,0,0,0,0,0,0
ACC-10001091,1,0,0,1,0,0,1,1,0,1,1,0
ACC-10001092,0,0,0,0,0,0,0,0,0,0,0,0
ACC-10001093,0,0,0,0,0,0,0,0,0,0,0,0
ACC-10001094,0,0,0,0,0,0,0,0,0,0,0,0
ACC-10001095,0,0,0,0,0,0,0,0,0,0,0,0
ACC-10001096,0,0,0,0,0,0,0,0,0,0,0,0
ACC-10001097,0,0,0,0,0,0,0,0,0,0,0,0
ACC-10001098,0,0,0,0,0,0,0,0,0,0,0,0
ACC-10001099,0,0,0,0,0,0,0,0,0,0,0,0
ACC-10001100,0,0,0,0,0,0,0,0,0,0,0,0
ACC-10001101,0,0,0,0,0,0,0,0,0,0,0,0
ACC-10001102,0,0,0,0,0,0,0,0,0,0,0,0
ACC-10001103,0,0,0,0,0,0,0,0,0,0,0,0
ACC-10001104,0,0,0,0,0,0,0,0,0,0,0,0
ACC-10001105,0,0,0,0,0,0,0,0,0,0,0,0
ACC-10001106,0,0,0,0,0,0,0,0,0,0,0,0
ACC-10001107,0,0,0,0,0,0,0,0,0,0,0,0
ACC-10001108,0,0,0,0,0,0,0,0,0,0,0,0
ACC-10001109,0,0,0,0,0,0,0,0,0,0,0,0
ACC-10001110,0,0,0,0,0,0,0,0,0,0,0,0
ACC-10001111,0,0,0,0,0,0,0,0,0,0,0,0
ACC-10001112,0,0,0,1,0,0,1,0,0,0,0,1
ACC-10001113,0,0,0,0,0,0,0,0,0,0,0,0
ACC-10001114,0,0,0,0,0,0,0,0,0,0,0,0
ACC-10001115,0,0,0,0,1,0,0,0,0,0,0,1
ACC-10001116,0,0,0,0,0,0,0,0,0,0,0,0
ACC-10001117,0,0,0,0,0,0,0,0,0,0,0,0
ACC-10001118,0,0,0,0,0,0,0,0,0,0,0,0
ACC-10001119,0,0,0,0,0,0,0,0,0,0,0,0
ACC-10001120,0,0,0,0,0,0,0,0,0,0,0,0
ACC-10001121,0,0,0,0,0,0,0,0,0,0,0,0
ACC-10001122,0,0,0,0,0,0,0,0,0,0,0,0
ACC-10001123,0,0,0,0,0,0,0,0,0,0,0,0
ACC-10001124,0,0,0,0,0,0,0,0,0,0,0,0
ACC-10001125,0,0,0,0,0,0,0,0,0,0,0,0
ACC-10001126,0,0,0,0,0,0,0,0,0,0,0,0
ACC-10001127,0,0,0,0,0,0,0,0,0,0,0,0
ACC-10001128,0,0,0,0,0,0,0,0,0,0,0,0
ACC-10001129,0,0,0,0,0,0,0,0,0,0,0,0
ACC-10001130,0,0,0,0,0,0,0,0,0,0,0,0
ACC-10001131,0,0,0,0,0,0,0,0,0,0,0,0
ACC-10001132,0,0,0,0,0,0,0,0,0,0,0,0
ACC-10001133,0,0,0,0,0,0,0,0,0,0,0,0
ACC-10001134,1,0,0,0,0,0,0,0,0,0,0,0
ACC-10001135,0,0,0,0,0,0,0,0,0,0,0,0
ACC-10001136,0,0,0,0,0,0,0,0,0,0,0,0
ACC-10001137,0,0,0,0,0,0,0,0,0,0,0,0
ACC-10001138,0,0,0,0,0,0,0,0,0,0,0,0
ACC-10001139,0,0,0,0,0,0,0,0,0,0,0,0
ACC-10001140,0,0,0,0,0,0,0,0,0,0,0,0
ACC-10001141,0,0,0,0,0,0,0,0,0,0,0,0
ACC-10001142,0,0,0,0,0,0,0,0,0,0,0,0
ACC-10001143,0,0,0,0,0,0,0,0,0,0,0,0
ACC-10001144,0,0,0,0,0,0,0,0,0,0,0,0
ACC-10001145,0,0,0,0,0,0,0,0,0,0,0,0
ACC-10001146,0,0,0,0,0,0,0,0,0,0,0,0
ACC-10001147,0,0,0,0,0,0,0,0,0,0,0,0
ACC-10001148,0,0,0,0,0,0,0,0,0,0,0,0
ACC-10001149,0,0,0,0,0,0,0,0,0,0,0,0
ACC-10001150,0,0,0,0,0,0,0,0,0,0,0,0
ACC-10001151,0,0,0,0,0,0,0,0,0,0,0,0
ACC-10001152,0,0,0,0,0,0,0,0,0,0,0,0
ACC-10001153,0,0,0,0,0,0,0,0,0,0,0,0
ACC-10001154,0,0,0,0,0,0,0,0,0,0,0,0
ACC-10001155,0,0,0,0,0,0,0,0,0,0,0,0
ACC-10001156,0,0,0,0,0,0,0,0,0,0,0,0
ACC-10001157,0,0,0,0,0,0,0,0,0,0,0,0
ACC-10001158,0,0,0,0,0,0,0,0,0,0,0,0
ACC-10001159,0,0,0,0,0,0,0,0,0,0,0,0
ACC-10001160,0,0,0,0,0,0,0,0,0,0,0,0
ACC-10001161,0,0,0,0,0,0,0,0,0,0,0,0
ACC-10001162,0,0,0,0,0,0,0,0,0,0,0,0
ACC-10001163,0,0,0,0,0,0,0,0,0,0,0,0
ACC-10001164,0,0,0,0,0,0,0,0,0,0,0,0
ACC-10001165,0,0,0,0,0,0,0,0,0,0,0,0
ACC-10001166,0,0,0,0,0,0,0,0,0,0,0,0
ACC-10001167,0,0,0,0,0,0,0,0,0,0,0,0
ACC-10001168,0,0,0,0,0,0,0,0,0,0,0,0
ACC-10001169,0,0,0,0,0,0,0,0,0,0,0,0
ACC-10001170,0,0,0,0,0,0,0,0,0,0,0,0
ACC-10001171,0,0,0,0,0,0,0,0,0,0,0,0
ACC-10001172,0,0,0,0,0,0,0,0,0,0,0,0
ACC-10001173,0,0,0,0,0,0,0,0,0,0,0,0
ACC-10001174,0,0,0,0,0,0,0,0,0,0,0,0
ACC-10001175,0,0,0,0,0,0,0,0,0,0,0,0
ACC-10001176,0,0,0,0,0,0,0,0,0,0,0,0
ACC-10001177,0,0,0,0,0,0,0,0,0,0,0,0
ACC-10001178,0,0,0,0,0,0,0,0,0,0,0,0
ACC-10001179,0,0,0,0,0,0,0,0,0,0,0,0
ACC-10001180,0,0,0,0,0,0,0,0,0,0,0,0
ACC-10001181,0,0,0,0,0,0,0,0,0,0,0,0
ACC-10001182,0,0,0,0,0,0,0,0,0,0,0,0
ACC-10001183,0,0,0,0,0,0,0,0,0,0,0,0
ACC-10001184,0,0,0,0,0,0,0,0,0,0,0,0
ACC-10001185,0,0,0,0,0,0,0,0,0,0,0,0
ACC-10001186,0,0,0,0,0,0,0,0,0,0,0,0
ACC-10001187,0,0,0,0,0,0,0,0,0,0,0,0
ACC-10001188,0,0,0,0,0,0,0,0,0,0,0,0
ACC-10001189,0,0,0,0,0,0,0,0,0,0,0,1
ACC-10001190,0,0,0,0,0,0,0,0,0,0,0,0
ACC-10001191,0,0,0,0,0,0,0,0,0,0,0,0
ACC-10001192,0,0,0,0,0,0,0,0,0,0,0,0
ACC-10001193,0,0,0,0,0,0,0,0,0,0,0,0
ACC-10001194,0,0,0,0,0,0,0,0,0,0,0,0
ACC-10001195,0,0,1,1,0,0,1,1,1,0,1,1
ACC-10001196,0,0,0,1,1,0,0,0,0,0,0,0
ACC-10001197,0,0,0,0,0,0,0,0,0,0,0,0
ACC-10001198,0,0,0,0,0,0,0,0,0,0,0,0
ACC-10001199,0,0,0,0,0,0,0,0,0,0,0,0
ACC-10001200,0,0,0,0,0,0,0,0,0,0,0,0
ACC-10001201,0,0,0,0,0,0,0,0,0,0,0,0
ACC-10001202,0,0,0,0,0,0,0,0,0,0,0,0
ACC-10001203,0,0,0,0,0,0,0,0,0,0,0,0
ACC-10001204,0,0,0,0,0,0,0,0,0,0,0,0
ACC-10001205,0,0,0,0,0,0,0,0,0,0,0,0
ACC-10001206,0,0,0,0,0,0,0,0,0,0,0,0
ACC-10001207,0,0,0,0,0,0,0,0,0,0,0,0
ACC-10001208,0,0,0,0,0,0,0,0,0,0,0,0
ACC-10001209,0,0,0,0,0,0,0,0,0,0,0,0
ACC-10001210,0,0,0,0,0,0,0,0,0,0,0,0
ACC-10001211,0,0,0,1,0,0,1,0,0,0,1,0
ACC-10001212,0,0,0,0,0,0,0,0,0,0,0,0
ACC-10001213,0,0,0,0,0,0,0,0,0,0,0,0
ACC-10001214,0,0,0,0,0,0,0,0,0,0,0,0
ACC-10001215,0,0,0,0,0,0,0,0,0,0,0,0
ACC-10001216,0,0,0,0,0,0,0,0,0,0,0,0
ACC-10001217,0,0,0,0,0,0,0,0,0,0,0,0
ACC-10001218,0,0,0,0,0,0,0,0,0,0,0,0
ACC-10001219,0,0,0,0,0,0,0,0,0,0,0,0
ACC-10001220,0,0,0,0,0,0,0,0,0,0,0,0
ACC-10001221,0,0,0,0,0,0,0,0,0,0,0,0
ACC-10001222,0,0,0,0,0,0,0,0,0,0,0,0
ACC-10001223,0,0,0,0,0,0,0,0,0,0,0,0
ACC-10001224,0,0,0,0,0,0,0,0,0,0,0,0
ACC-10001225,0,0,0,0,0,0,0,0,0,0,0,0
ACC-10001226,0,0,0,0,0,0,0,0,0,0,0,0
ACC-10001227,0,0,0,0,0,0,0,0,0,0,0,0
ACC-10001228,0,0,0,0,0,0,0,0,0,0,0,0
ACC-10001229,0,0,0,0,0,0,0,0,0,0,0,0
ACC-10001230,0,0,0,0,0,0,0,0,0,0,0,0
ACC-10001231,0,0,0,0,0,0,0,0,0,0,0,0
ACC-10001232,0,0,0,0,0,0,0,0,0,0,0,0
ACC-10001233,0,1,1,0,0,0,0,1,0,0,0,0
ACC-10001234,0,0,0,0,0,0,0,0,0,0,0,0
ACC-10001235,0,0,0,0,0,0,0,0,0,0,0,0
ACC-10001236,0,0,0,0,0,0,0,0,0,0,0,0
ACC-10001237,0,0,0,0,0,0,0,0,0,0,0,0
ACC-10001238,0,0,0,0,0,0,0,0,0,0,0,0
ACC-10001239,0,0,0,0,0,0,0,0,0,0,0,0
ACC-10001240,0,0,0,0,0,0,0,0,0,0,0,0
ACC-10001241,0,0,0,0,0,0,0,0,0,0,0,0
ACC-10001242,0,0,0,0,0,0,0,0,0,0,0,0
ACC-10001243,0,0,0,0,0,0,0,0,0,0,0,0
ACC-10001244,0,0,0,0,0,0,0,0,0,0,0,0
ACC-10001245,0,0,0,0,0,0,0,0,0,0,0,0
ACC-10001246,0,0,0,0,0,0,0,0,0,0,0,0
ACC-10001247,0,0,0,0,0,0,0,0,0,0,0,0
ACC-10001248,0,0,0,0,0,0,0,0,0,0,0,0
ACC-10001249,0,0,0,0,0,0,0,0,0,0,0,0
ACC-10001250,0,0,0,0,0,0,0,0,0,0,0,0
ACC-10001251,0,0,0,0,0,0,0,0,0,0,0,0
ACC-10001252,0,0,0,0,0,0,0,0,0,0,0,0
ACC-10001253,0,0,0,0,0,0,0,0,0,0,0,0
ACC-10001254,0,0,0,0,0,0,0,0,0,0,0,0
ACC-10001255,0,0,0,0,0,0,0,0,0,0,0,0
ACC-10001256,0,0,0,0,0,0,0,0,0,0,0,0
ACC-10001257,0,0,0,0,0,0,0,0,0,0,0,0
ACC-10001258,0,0,0,0,0,0,0,0,0,0,0,0
ACC-10001259,0,0,0,0,0,0,0,0,0,0,0,0
ACC-10001260,0,0,0,0,0,0,0,0,0,0,0,0
ACC-10001261,0,0,0,0,0,0,0,0,0,0,0,0
ACC-10001262,0,0,0,0,0,0,0,0,0,0,0,0
ACC-10001263,0,0,0,0,0,0,0,0,0,0,0,0
ACC-10001264,0,0,0,0,0,0,0,0,0,0,0,0
ACC-10001265,0,0,0,0,0,0,0,0,0,0,0,0
ACC-10001266,0,0,0,0,0,0,0,0,0,0,0,0
ACC-10001267,0,0,0,0,0,0,0,0,0,0,0,0
ACC-10001268,0,0,0,0,0,0,0,0,0,0,0,0
ACC-10001269,1,0,1,0,1,1,0,1,0,1,0,1
ACC-10001270,0,0,0,0,0,0,0,0,0,0,0,0
ACC-10001271,0,0,0,0,0,0,0,0,0,0,0,0
ACC-10001272,0,0,0,0,0,0,0,0,0,0,0,0
ACC-10001273,0,0,0,0,0,0,0,0,0,0,0,0
ACC-10001274,0,0,0,0,0,0,0,0,0,0,0,0
ACC-10001275,0,0,0,0,0,0,0,0,0,0,0,0
ACC-10001276,0,0,1,0,0,0,0,0,0,0,0,0
ACC-10001277,0,0,0,0,0,0,0,0,0,0,0,0
ACC-10001278,0,0,0,0,0,0,0,0,0,0,0,0
ACC-10001279,0,0,0,0,0,0,0,0,0,0,0,0
ACC-10001280,0,0,0,0,0,0,0,0,0,0,0,0
ACC-10001281,0,0,0,0,0,0,0,1,1,0,0,1
ACC-10001282,0,0,0,0,0,0,0,0,0,0,0,0
ACC-10001283,0,0,1,0,0,0,0,0,1,0,0,1
ACC-10001284,0,0,0,0,0,0,0,0,0,0,0,0
ACC-10001285,0,0,0,0,0,0,0,0,0,0,0,0
ACC-10001286,0,0,0,0,0,0,0,0,0,0,0,0
ACC-10001287,0,0,0,0,0,0,0,0,0,0,0,0
ACC-10001288,0,0,0,0,0,0,0,0,0,0,0,0
ACC-10001289,0,0,0,0,0,0,0,0,0,0,0,0
ACC-10001290,0,0,0,0,0,0,0,0,0,0,0,0
ACC-10001291,0,0,0,0,0,0,0,0,0,0,0,0
ACC-10001292,0,0,0,0,0,0,0,0,0,0,0,0
ACC-10001293,0,0,0,0,0,0,0,0,0,0,0,0
ACC-10001294,0,0,0,0,0,0,0,0,0,0,0,0
ACC-10001295,0,0,0,0,0,0,0,0,0,0,0,0
ACC-10001296,0,0,0,0,0,0,0,0,0,0,0,0
ACC-10001297,0,0,0,0,0,0,0,0,0,0,0,0
ACC-10001298,0,0,0,0,0,0,0,0,0,0,0,0
ACC-10001299,0,0,0,0,0,0,0,0,0,0,0,0
ACC-10001300,0,0,0,0,0,0,0,0,0,0,0,0
ACC-10001301,0,0,0,0,0,0,0,0,0,0,0,0
ACC-10001302,0,0,0,0,0,0,0,0,0,0,0,0
ACC-10001303,0,0,0,0,0,1,0,0,0,0,0,0
ACC-10001304,0,0,0,0,0,0,0,0,0,0,0,0
ACC-10001305,0,0,0,0,0,0,0,0,0,0,0,0
ACC-10001306,0,0,0,0,0,0,0,0,0,0,0,0
ACC-10001307,0,0,0,0,0,0,0,0,0,0,0,0
ACC-10001308,0,0,0,0,0,0,0,0,0,0,0,0
ACC-10001309,0,0,0,0,0,1,0,0,0,0,0,1
ACC-10001310,0,0,0,0,0,0,0,0,0,0,0,0
ACC-10001311,0,0,0,0,0,0,0,0,0,0,0,0
ACC-10001312,0,0,0,0,0,0,0,0,0,0,0,0
ACC-10001313,0,0,0,0,0,0,0,0,0,0,0,0
ACC-10001314,0,0,0,0,0,0,0,0,0,0,0,0
ACC-10001315,0,0,0,0,0,0,0,0,0,0,0,0
ACC-10001316,0,0,0,0,0,0,0,0,0,0,0,0
ACC-10001317,0,0,0,0,0,0,0,0,0,0,0,0
ACC-10001318,0,0,0,0,1,0,1,0,0,0,0,0
ACC-10001319,0,0,0,0,0,0,0,0,0,0,0,0
ACC-10001320,1,0,0,0,0,0,0,0,0,0,1,0
ACC-10001321,0,0,0,0,0,0,0,0,0,0,0,0
ACC-10001322,0,0,0,0,0,0,0,0,0,0,0,0
ACC-10001323,0,0,0,0,0,0,0,0,0,0,0,0
ACC-10001324,0,0,0,0,0,0,0,0,0,0,0,0
ACC-10001325,0,0,0,0,0,0,0,0,0,0,0,0
ACC-10001326,0,0,0,0,0,0,0,0,0,0,0,0
ACC-10001327,0,0,0,0,0,0,0,0,0,0,0,0
ACC-10001328,0,0,0,0,0,0,0,0,0,0,0,0
ACC-10001329,0,0,0,0,0,0,0,0,0,0,0,0
ACC-10001330,0,0,0,0,0,0,0,0,0,0,0,0
ACC-10001331,0,0,0,0,0,0,0,0,0,0,0,0
ACC-10001332,0,0,0,0,0,0,0,0,0,0,0,0
ACC-10001333,0,0,0,0,0,0,0,0,0,0,0,0
ACC-10001334,0,0,0,0,0,0,0,0,0,0,0,0
ACC-10001335,0,0,0,0,0,0,0,0,0,0,0,0
ACC-10001336,0,0,0,0,0,0,0,0,0,0,0,0
ACC-10001337,0,0,0,0,0,0,0,0,0,0,0,0
ACC-10001338,0,0,0,0,0,0,0,0,0,0,0,0
ACC-10001339,0,0,0,0,0,0,0,0,0,0,0,0
ACC-10001340,0,0,0,0,0,0,0,0,0,0,0,0
ACC-10001341,0,0,0,0,0,0,0,0,0,0,0,0
ACC-10001342,0,0,0,0,0,0,0,0,0,0,0,0
ACC-10001343,0,0,0,0,0,0,0,0,0,0,0,0
ACC-10001344,0,0,0,0,0,0,0,0,0,0,0,0
ACC-10001345,0,0,0,0,0,0,0,0,0,0,0,0
ACC-10001346,1,0,0,1,1,1,1,1,0,0,0,1
ACC-10001347,0,0,0,0,0,0,0,0,0,0,0,0
ACC-10001348,0,0,0,0,0,0,0,0,0,0,0,0
ACC-10001349,0,0,0,0,0,0,0,0,0,0,0,0
ACC-10001350,0,0,0,0,0,0,0,0,0,0,0,0
ACC-10001351,0,0,0,0,0,0,0,0,0,0,0,0
ACC-10001352,0,0,0,0,0,0,0,0,0,0,0,0
ACC-10001353,0,0,0,0,0,0,0,0,0,0,0,0
ACC-10001354,0,0,0,0,0,0,0,0,0,0,0,0
ACC-10001355,0,0,0,0,0,0,0,0,0,0,0,0
ACC-10001356,0,0,0,0,0,0,0,0,0,0,0,0
ACC-10001357,0,0,1,0,1,1,0,0,1,0,1,0
ACC-10001358,0,0,0,0,0,0,0,0,0,0,0,0
ACC-10001359,0,0,0,0,0,0,0,0,0,0,0,0
ACC-10001360,0,0,0,0,0,0,0,0,0,0,0,0
ACC-10001361,0,0,0,0,0,0,0,0,0,0,0,0
ACC-10001362,0,0,0,0,0,0,0,0,0,0,0,0
ACC-10001363,0,0,0,0,0,0,0,0,0,0,0,0
ACC-10001364,0,0,0,0,0,0,0,0,0,0,0,0
ACC-10001365,0,0,0,1,1,0,0,0,0,0,0,0
ACC-10001366,0,0,0,0,0,0,0,0,0,0,0,0
ACC-10001367,0,0,0,0,0,0,0,0,0,0,0,0
ACC-10001368,0,0,0,0,0,0,0,0,0,0,0,0
ACC-10001369,0,0,0,0,0,0,0,0,0,0,0,0
ACC-10001370,0,0,0,0,0,0,0,0,0,0,0,0
ACC-10001371,0,0,0,0,0,0,0,0,0,0,0,0
ACC-10001372,0,0,0,0,0,0,0,0,0,0,0,0
ACC-10001373,0,0,0,0,0,0,0,0,0,0,0,0
ACC-10001374,0,0,0,0,0,0,0,0,0,0,0,0
ACC-10001375,0,0,0,0,0,0,0,0,0,0,0,0
ACC-10001376,0,0,0,0,0,0,0,0,0,0,0,0
ACC-10001377,0,0,0,0,0,0,0,0,0,0,0,0
ACC-10001378,0,0,0,0,0,0,0,0,0,0,0,0
ACC-10001379,0,0,0,0,0,0,0,0,0,0,0,0
ACC-10001380,0,0,0,0,0,0,0,0,0,0,0,0
ACC-10001381,0,0,0,0,0,0,0,0,0,0,0,0
ACC-10001382,0,0,0,0,0,0,0,0,0,0,0,0
ACC-10001383,0,0,0,0,0,0,0,0,0,0,0,0
ACC-10001384,0,0,0,0,0,0,0,0,0,0,0,0
ACC-10001385,0,0,0,0,0,0,0,0,0,0,0,0
,0,0,0,0,0,0,0,0,0,0,0,0
ACC-10001387,0,0,0,0,0,0,0,0,0,0,0,0
ACC-10001388,0,0,0,0,0,0,0,0,0,0,0,0
ACC-10001389,0,0,0,0,0,0,0,0,0,0,0,0
ACC-10001390,0,0,0,0,0,0,0,0,0,0,0,0
ACC-10001391,0,0,0,0,0,0,0,0,0,0,0,0
ACC-10001392,0,0,0,0,0,0,0,0,0,0,0,0
ACC-10001393,0,0,0,0,0,0,0,0,0,0,0,0
ACC-10001394,0,0,0,0,0,0,0,0,0,0,0,0
ACC-10001395,0,0,0,0,0,0,0,0,0,0,0,0
ACC-10001396,0,0,0,0,0,0,0,0,0,0,0,0
ACC-10001397,0,0,0,0,0,0,0,0,0,0,0,0
ACC-10001398,0,0,0,0,0,0,0,0,0,0,0,0
ACC-10001399,0,0,0,0,0,0,0,0,0,0,0,0
ACC-10001400,0,0,0,0,0,0,0,0,0,0,0,0
ACC-10001401,0,0,0,0,0,0,0,0,0,0,0,0
ACC-10001402,0,0,0,0,0,0,0,0,0,0,0,0
ACC-10001403,0,0,0,0,0,0,0,0,0,0,0,0
ACC-10001404,0,0,0,0,0,0,0,0,0,0,0,0
ACC-10001405,0,0,0,0,0,0,0,0,0,0,0,0
ACC-10001406,0,0,0,0,0,0,0,0,0,0,0,0
ACC-10001407,0,0,0,0,0,0,0,0,0,0,0,0
ACC-10001408,0,0,0,0,0,0,0,0,0,0,0,0
ACC-10001409,0,0,0,0,0,0,0,0,0,0,0,0
ACC-10001410,0,0,0,0,0,0,0,0,0,0,0,0
ACC-10001411,0,0,0,0,0,0,0,0,0,0,0,0
ACC-10001412,0,0,0,0,0,0,0,0,0,0,0,0
ACC-10001413,0,0,0,0,0,0,0,0,0,0,0,0
ACC-10001414,0,0,0,0,0,0,0,0,0,0,0,0
ACC-10001415,0,0,0,0,0,0,0,0,0,0,0,0
ACC-10001416,0,0,0,0,0,0,0,0,0,0,0,0
ACC-10001417,0,0,0,0,0,0,0,0,0,0,0,0
ACC-10001418,0,0,0,0,0,0,0,0,0,0,0,0
ACC-10001419,0,0,0,0,0,0,0,0,0,0,0,0
ACC-10001420,0,0,0,0,0,0,0,0,0,0,0,0
ACC-10001421,0,0,0,0,0,0,0,0,0,0,0,0
ACC-10001422,0,0,0,0,0,1,0,0,0,0,0,0
ACC-10001423,0,0,0,0,0,0,0,0,0,0,0,0
ACC-10001424,0,0,0,0,0,0,0,0,0,0,0,0
ACC-10001425,0,0,0,0,0,0,0,0,0,0,0,0
ACC-10001426,0,0,1,0,0,1,0,1,1,0,0,1
ACC-10001427,0,0,0,0,0,0,0,0,0,0,0,0
ACC-10001428,0,0,0,0,0,0,0,0,0,0,0,0
ACC-10001429,0,0,0,0,0,0,0,0,0,0,0,0
ACC-10001430,0,0,0,0,0,0,0,0,0,0,0,0
ACC-10001431,0,0,0,0,0,0,0,0,0,0,0,0
ACC-10001432,0,0,0,0,0,0,0,0,0,0,0,0
ACC-10001433,0,0,0,0,0,0,0,0,0,0,0,0
ACC-10001434,0,0,0,0,0,0,0,0,0,0,0,0
ACC-10001435,0,0,0,0,0,0,0,0,0,0,0,0
ACC-10001436,0,0,0,0,0,0,0,0,0,0,0,0
ACC-10001437,0,0,0,0,0,0,0,0,0,0,0,0
ACC-10001438,0,0,0,0,0,0,0,0,0,0,0,0
ACC-10001439,0,0,0,0,0,0,0,0,0,0,0,0
ACC-10001440,0,0,0,0,0,0,0,0,0,0,0,0
ACC-10001441,0,0,0,0,0,0,0,0,0,0,0,0
ACC-10001442,0,0,0,0,0,0,0,0,0,0,0,0
ACC-10001443,0,0,0,0,0,0,0,0,0,0,0,0
ACC-10001444,0,0,0,0,0,0,0,0,0,0,0,0
ACC-10001445,0,0,0,0,0,0,0,0,0,0,0,0
ACC-10001446,0,0,0,0,0,0,0,0,0,0,0,0
ACC-10001447,0,0,0,0,0,0,0,0,0,0,0,0
ACC-10001448,0,0,0,0,0,0,0,0,0,0,0,0
ACC-10001449,0,0,0,0,0,0,0,0,0,0,0,0
ACC-10001450,0,0,0,0,0,0,0,0,0,0,0,0
ACC-10001451,0,0,0,0,0,0,0,0,0,0,0,0
ACC-10001452,0,0,0,0,0,0,0,0,0,0,0,0
ACC-10001453,0,0,0,0,0,0,0,0,0,0,0,0
ACC-10001454,0,0,0,0,0,0,0,0,0,0,0,0
ACC-10001455,0,0,0,0,0,0,0,0,0,0,0,0
ACC-10001456,0,0,0,0,0,0,0,0,0,0,0,0
ACC-10001457,0,0,0,0,0,0,0,0,0,0,0,0
ACC-10001458,0,0,0,0,0,0,0,0,0,0,0,0
ACC-10001459,0,0,0,0,0,0,0,0,0,0,0,0
ACC-10001460,0,0,0,0,0,0,0,0,0,0,0,0
ACC-10001461,0,0,0,0,0,0,0,0,0,0,0,0
ACC-10001462,0,0,0,0,0,0,0,0,0,0,0,0
ACC-10001463,0,0,0,0,0,0,0,0,0,0,0,0
ACC-10001464,0,0,0,0,0,0,0,0,0,0,0,0
ACC-10001465,0,0,0,0,0,0,0,0,0,0,0,0
ACC-10001466,0,0,0,0,0,0,0,0,0,0,0,0
ACC-10001467,0,0,0,0,0,0,0,0,0,0,0,0
ACC-10001468,0,0,0,0,0,0,0,0,0,0,0,0
ACC-10001469,0,0,0,0,0,0,0,0,0,0,0,0
ACC-10001470,0,0,0,0,0,0,0,0,0,0,0,0
ACC-10001471,0,0,0,0,0,0,0,0,0,0,0,0
ACC-10001472,0,0,0,0,0,0,0,0,0,0,0,0
ACC-10001473,0,0,0,0,0,0,0,0,0,0,0,0
ACC-10001474,0,0,0,0,0,0,0,0,0,0,0,0
ACC-10001475,0,0,0,0,0,0,0,0,0,0,0,0
ACC-10001476,0,0,0,0,0,0,0,0,0,0,0,0
ACC-10001477,0,0,0,0,0,0,0,0,0,0,0,0
ACC-10001478,0,0,0,0,0,0,0,0,0,0,0,0
ACC-10001479,0,0,0,0,0,0,0,0,0,0,0,0
ACC-10001480,0,0,0,0,0,0,0,0,0,0,0,0
ACC-10001481,0,0,0,0,0,0,0,0,0,0,0,0
ACC-10001482,0,0,0,0,0,0,0,0,0,0,0,0
ACC-10001483,0,0,0,0,0,0,0,0,0,0,0,0
ACC-10001484,0,0,0,0,0,0,0,0,0,0,0,0
ACC-10001485,0,0,0,0,0,0,0,0,0,0,0,0
ACC-100014XX,0,0,0,0,0,0,0,0,0,0,0,0
ACC-10001487,0,0,0,0,0,0,0,0,0,0,0,0
ACC-10001488,0,0,0,0,0,0,0,0,0,0,0,0
ACC-10001489,0,0,0,0,0,0,0,0,0,0,0,0
ACC-10001490,0,0,0,0,0,0,0,0,0,0,0,0
ACC-10001491,0,0,0,0,0,0,0,0,0,0,0,0
ACC-10001492,0,0,0,0,0,0,0,0,0,0,0,0
ACC-10001493,0,0,0,0,0,0,0,0,0,0,0,0
ACC-10001494,0,0,0,0,0,0,0,0,0,0,0,0
ACC-10001495,0,0,0,0,0,0,0,0,0,0,0,0
ACC-10001496,1,0,0,1,1,0,0,0,1,0,1,1
ACC-10001497,0,0,0,0,0,0,0,0,0,0,0,0
ACC-10001498,0,0,0,0,0,0,0,0,0,0,0,0
ACC-10001499,0,0,0,0,0,0,0,0,0,0,0,0
ACC-10001500,0,0,0,0,0,0,0,0,0,0,0,0
ACC-10001501,0,1,1,0,1,0,1,0,1,0,0,0
ACC-10001502,0,0,0,0,0,0,0,0,0,0,0,0
ACC-10001503,0,0,0,0,0,0,0,0,0,0,0,0
ACC-10001504,0,0,0,0,0,0,0,0,0,0,0,0
ACC-10001505,0,0,0,0,0,0,0,0,0,0,0,0
ACC-10001506,0,0,0,0,0,0,0,0,0,0,0,0
ACC-10001507,0,0,0,0,0,0,0,0,0,0,0,0
ACC-10001508,0,0,0,0,0,0,0,0,0,0,0,0
ACC-10001509,0,0,0,0,0,0,0,0,0,0,0,0
ACC-10001510,0,0,0,0,0,0,0,0,0,0,0,0
ACC-10001511,0,0,0,0,0,0,0,0,0,0,0,0
ACC-10001512,0,0,0,0,0,0,0,0,0,0,0,0
ACC-10001513,0,0,0,0,0,0,0,0,0,0,0,0
ACC-10001514,0,0,0,0,0,0,0,0,0,0,0,0
ACC-10001515,0,0,0,0,0,0,0,0,0,0,0,0
ACC-10001516,0,0,0,0,0,0,0,0,0,0,0,0
ACC-10001517,0,0,0,0,0,0,0,0,0,0,0,0
ACC-10001518,0,0,0,0,0,0,0,0,0,0,0,0
ACC-10001519,0,0,0,0,0,0,0,0,0,0,0,0
ACC-10001520,0,0,0,0,0,0,0,0,0,0,0,0
ACC-10001521,0,0,0,0,0,0,0,0,0,0,0,0
ACC-10001522,0,0,0,0,0,0,0,0,0,0,0,0
ACC-10001523,0,0,0,0,0,0,0,0,0,0,0,0
ACC-10001524,0,0,0,0,0,0,0,0,0,0,0,0
ACC-10001525,0,0,0,0,0,0,0,0,0,0,0,0
ACC-10001526,0,0,0,0,0,0,0,0,0,0,0,0
ACC-10001527,0,0,0,0,0,0,0,0,0,0,0,0
ACC-10001528,0,0,0,0,0,0,0,0,0,0,0,0
ACC-10001529,0,0,0,0,0,0,0,0,0,0,0,0
ACC-10001530,0,0,0,0,0,0,0,0,0,0,0,0
ACC-10001531,0,0,0,0,0,0,0,0,0,0,0,0
ACC-10001532,0,0,0,0,0,0,0,0,0,0,0,0
ACC-10001533,0,1,1,1,0,0,0,0,1,1,0,0
ACC-10001534,0,0,0,0,0,0,0,0,0,0,0,0
ACC-10001535,0,0,0,0,0,0,0,0,0,0,0,0
ACC-10001536,0,0,0,0,0,0,0,0,0,0,0,0
ACC-10001537,0,0,0,0,0,0,0,0,0,0,0,0
ACC-10001538,0,0,0,0,0,0,0,0,0,0,0,0
ACC-10001539,0,0,0,0,0,0,0,0,0,0,0,0
ACC-10001540,0,0,0,0,0,0,0,0,0,0,0,0
ACC-10001541,0,0,0,0,0,0,0,0,0,0,0,0
ACC-10001542,0,0,0,0,0,0,0,0,0,0,0,0
ACC-10001543,0,0,0,0,0,0,0,0,0,0,0,0
ACC-10001544,0,0,0,0,0,0,0,0,0,0,0,0
ACC-10001545,0,0,0,0,0,0,0,0,0,0,0,0
ACC-10001546,0,0,0,0,1,0,0,0,0,0,1,0
ACC-10001547,0,0,0,0,0,0,0,0,0,0,0,0
ACC-10001548,0,0,0,0,0,0,0,0,0,0,0,0
ACC-10001549,0,0,0,0,0,0,0,0,0,0,0,0
ACC-10001550,0,0,0,0,0,0,0,0,0,0,0,0
ACC-10001551,0,0,0,0,0,0,0,0,0,0,0,0
ACC-10001552,0,0,0,0,0,0,0,0,0,0,0,0
ACC-10001553,0,0,0,0,0,0,0,0,0,0,0,0
ACC-10001554,0,0,0,0,0,0,0,0,0,0,0,0
ACC-10001555,0,0,0,0,0,0,0,0,0,0,0,0
ACC-10001556,0,0,0,0,0,0,0,0,0,0,0,0
ACC-10001557,0,0,0,0,0,0,0,0,0,0,0,0
ACC-10001558,0,0,0,0,0,0,0,0,0,0,0,0
ACC-10001559,0,0,0,0,0,0,0,0,0,0,0,0
ACC-10001560,0,0,0,0,0,0,0,0,0,0,0,0
ACC-10001561,0,0,0,0,0,0,0,0,0,0,0,0
ACC-10001562,0,0,0,0,0,0,0,0,0,0,0,0
ACC-10001563,1,1,0,1,1,1,1,0,0,1,0,0
ACC-10001564,0,0,0,0,0,0,0,0,0,0,0,0
ACC-10001565,0,0,0,0,0,0,0,0,0,0,0,0
ACC-10001566,0,0,0,0,0,0,0,0,0,0,0,0
ACC-10001567,0,0,0,0,0,0,0,0,0,0,0,0
ACC-10001568,0,0,0,0,0,0,0,0,0,0,0,0
ACC-10001569,1,1,1,1,1,1,0,0,0,0,0,0
ACC-10001570,0,0,0,0,0,0,0,0,0,0,0,0
ACC-10001571,0,0,0,0,0,0,0,0,0,0,0,0
ACC-10001572,0,0,0,0,0,0,0,0,0,0,0,0
ACC-10001573,0,0,0,0,0,0,0,0,0,0,0,0
ACC-10001574,0,0,0,0,0,0,0,0,0,0,0,0
ACC-10001575,0,0,0,0,0,0,0,0,0,0,0,0
ACC-10001576,0,0,0,0,0,0,0,0,0,0,0,0
ACC-10001577,0,0,0,0,0,0,0,0,0,0,0,0
ACC-10001578,0,0,0,0,0,0,0,0,0,0,0,0
ACC-10001579,0,0,0,0,0,0,0,0,0,0,0,0
ACC-10001580,0,0,0,0,0,0,0,0,0,0,0,0
ACC-10001581,0,0,0,0,0,0,0,0,0,0,0,0
ACC-10001582,1,0,0,0,0,0,1,0,1,1,1,0
ACC-10001583,0,0,0,0,0,0,0,0,0,0,0,0
ACC-10001584,0,0,0,0,0,0,0,0,0,0,0,0
ACC-10001585,0,0,0,0,0,0,0,0,0,0,0,0
ACC-10001586,0,0,0,0,0,0,0,0,0,0,0,0
ACC-10001587,0,0,0,0,0,0,0,0,0,0,0,0
ACC-10001588,0,0,0,0,0,0,0,0,0,0,0,0
ACC-10001589,0,0,0,0,0,0,0,0,0,0,0,0
ACC-10001590,0,0,0,0,0,0,0,0,0,0,0,0
ACC-10001591,0,0,0,0,0,0,0,0,0,0,0,0
ACC-10001592,0,0,0,0,0,0,0,0,0,0,0,0
ACC-10001593,0,0,0,0,0,0,0,0,0,0,0,0
ACC-10001594,0,0,0,0,0,0,0,0,0,0,0,0
ACC-10001595,0,0,0,0,0,0,0,0,0,0,0,0
ACC-10001596,0,0,0,0,0,0,0,0,0,0,0,0
ACC-10001597,0,0,0,0,0,0,0,0,0,0,0,0
ACC-10001598,0,0,0,0,0,0,0,0,0,0,0,0
ACC-10001599,0,0,0,0,0,0,0,0,0,0,0,0
ACC-10001600,0,0,0,0,0,0,0,0,0,0,0,0
ACC-10001601,0,0,0,0,0,0,0,0,0,0,0,0
ACC-10001602,0,0,0,0,0,0,0,0,0,0,0,0
ACC-10001603,0,0,0,0,0,0,0,0,0,0,0,0
ACC-10001604,0,0,0,0,0,0,0,0,0,0,0,0
ACC-10001605,0,0,0,0,0,0,0,0,0,0,0,0
ACC-10001606,0,0,0,0,0,0,0,0,0,0,0,0
ACC-10001607,0,0,0,0,0,0,0,0,0,0,0,0
ACC-10001608,0,0,0,0,0,0,0,0,0,0,0,0
ACC-10001609,0,0,0,0,0,0,0,0,0,0,0,0
ACC-10001610,0,0,0,0,0,0,0,0,0,0,0,0
ACC-10001611,0,0,0,0,0,0,0,0,0,0,0,0
ACC-10001612,0,0,0,0,0,0,0,0,0,0,0,0
ACC-10001613,0,0,0,0,0,0,0,0,0,0,0,0
ACC-10001614,0,0,0,0,0,0,0,0,0,0,0,0
ACC-10001615,0,0,0,0,0,0,0,0,0,0,0,0
ACC-10001616,0,0,0,0,0,0,0,0,0,0,0,0
ACC-10001617,0,0,0,0,0,0,0,0,0,0,0,0
ACC-10001618,0,0,0,0,0,0,0,0,0,0,0,0
ACC-10001619,0,0,0,0,0,0,0,0,0,0,0,0
ACC-10001620,0,0,0,0,0,0,0,0,0,0,0,0
ACC-10001621,0,0,0,0,0,0,0,0,0,0,0,0
ACC-10001622,0,0,0,0,0,0,0,0,0,0,0,0
ACC-10001623,0,0,0,0,0,0,0,0,0,0,0,0
ACC-10001624,0,0,0,0,0,0,0,0,0,0,0,0
ACC-10001625,0,0,0,0,0,0,0,0,0,0,0,0
ACC-10001626,0,0,0,1,0,1,1,0,0,0,0,0
ACC-10001627,0,0,0,0,0,0,0,0,0,0,0,0
ACC-10001628,0,0,0,0,0,0,0,0,0,0,0,0
ACC-10001629,0,0,0,0,0,0,0,0,0,0,0,0
ACC-10001630,0,0,0,0,0,0,0,0,0,0,0,0
ACC-10001631,0,0,0,0,0,0,0,0,0,0,0,0
ACC-10001632,0,0,0,0,0,0,0,0,0,0,0,0
ACC-10001633,0,0,0,0,0,0,0,0,0,0,0,0
ACC-10001634,0,0,1,1,1,0,0,0,0,1,1,1
ACC-10001635,0,0,0,0,0,0,0,0,0,0,0,0
ACC-10001636,0,0,0,0,0,0,0,0,0,0,0,0
ACC-10001637,0,0,0,0,0,0,0,0,0,0,0,0
ACC-10001638,0,0,0,0,0,0,0,0,0,0,0,0
ACC-10001639,0,0,0,0,0,0,0,0,0,0,0,0
ACC-10001640,0,0,0,0,0,0,0,0,0,0,0,0
ACC-10001641,0,0,0,0,0,0,0,0,0,0,0,0
ACC-10001642,0,0,0,0,0,0,0,0,0,0,0,0
ACC-10001643,0,0,0,0,0,0,0,0,0,0,0,0
ACC-10001644,0,0,0,0,0,0,0,0,0,0,0,0
ACC-10001645,0,0,0,0,0,0,0,0,0,0,0,0
ACC-10001646,0,0,0,0,0,0,0,0,0,0,0,0
ACC-10001647,0,0,0,0,0,0,0,0,0,0,0,0
ACC-10001648,0,0,0,0,0,0,0,0,0,0,0,0
ACC-10001649,0,0,0,0,0,0,0,0,0,0,0,0
ACC-10001650,0,0,0,0,0,0,0,0,0,0,0,0
ACC-10001651,0,0,0,0,0,0,0,0,0,0,0,0
ACC-10001652,0,0,1,0,0,1,0,0,0,1,1,0
ACC-10001653,0,0,0,0,0,0,0,0,0,0,0,0
ACC-10001654,0,0,0,0,0,0,0,0,0,0,0,0
ACC-10001655,0,0,0,0,0,0,0,0,0,0,0,0
ACC-10001656,0,0,0,0,0,0,0,0,0,0,0,0
ACC-10001657,0,0,0,0,0,0,0,0,0,0,0,0
ACC-10001658,0,0,0,0,0,1,0,0,0,0,0,0
ACC-10001659,0,0,0,0,0,0,0,0,0,0,0,0
ACC-10001660,0,0,0,0,0,0,0,0,0,0,0,0
ACC-10001661,0,0,0,0,0,0,0,0,0,0,0,0
ACC-10001662,1,0,1,0,0,1,0,0,0,0,0,0
ACC-10001663,0,0,0,0,0,0,0,0,0,0,0,0
ACC-10001664,0,0,0,0,0,0,0,0,0,0,0,0
ACC-10001665,0,0,0,0,0,0,0,0,0,0,0,0
ACC-10001666,0,0,0,0,0,0,0,0,0,0,0,0
ACC-10001667,0,0,0,0,0,0,0,0,0,0,0,0
ACC-10001668,0,0,0,0,0,0,0,0,0,0,0,0
ACC-10001669,0,0,0,0,0,0,0,0,0,0,0,0
ACC-10001670,0,0,0,0,0,0,0,0,0,0,0,0
ACC-10001671,0,0,0,0,0,0,0,0,0,0,0,0
ACC-10001672,0,0,0,0,0,0,0,0,0,0,0,0
ACC-10001673,0,0,0,0,0,0,0,0,0,0,0,0
ACC-10001674,1,0,0,1,1,1,1,0,1,0,0,0
ACC-10001675,0,0,0,0,0,0,0,0,0,0,0,0
ACC-10001676,0,0,0,0,0,0,0,0,0,0,0,0
ACC-10001677,0,0,0,0,0,0,0,0,0,0,0,0
ACC-10001678,0,0,0,0,0,0,0,0,0,0,0,0
ACC-10001679,0,0,0,0,0,0,0,0,0,0,0,0
ACC-10001680,0,0,0,0,0,0,0,0,0,0,0,0
ACC-10001681,0,0,0,0,0,0,0,0,0,0,0,0
ACC-10001682,0,0,0,0,0,0,0,0,0,0,0,0
ACC-10001683,0,0,0,0,0,0,0,0,0,0,0,0
ACC-10001684,0,0,1,0,1,0,1,0,0,0,0,0
ACC-10001685,0,0,0,0,0,0,0,0,0,0,0,0
ACC-10001686,0,0,0,0,0,0,0,0,0,0,0,0
ACC-10001687,0,0,0,0,0,0,0,0,0,0,0,0
ACC-10001688,0,0,0,0,0,0,0,0,0,0,0,0
ACC-10001689,0,0,0,0,0,0,0,0,0,0,0,0
ACC-10001690,0,0,0,0,0,0,0,0,0,0,0,0
ACC-10001691,0,0,0,0,0,0,0,0,0,0,0,0
ACC-10001692,0,0,0,0,0,0,0,0,0,0,0,0
ACC-10001693,0,0,0,0,0,0,0,0,0,0,0,0
ACC-10001694,0,0,0,0,0,0,0,0,0,0,0,0
ACC-10001695,0,0,0,0,0,0,0,1,0,0,0,0
ACC-10001696,0,0,0,0,0,0,0,0,0,0,0,0
ACC-10001697,0,0,0,0,0,0,0,0,0,0,0,0
ACC-10001698,0,0,0,0,0,0,0,0,0,0,0,0
ACC-10001699,0,0,0,0,0,0,0,0,0,0,0,0
ACC-10001700,0,0,0,0,0,0,0,0,0,0,0,0
ACC-10001701,0,0,0,0,0,0,0,0,0,0,0,0
ACC-10001702,0,0,0,0,0,0,0,0,0,0,0,0
ACC-10001703,0,0,0,0,0,0,0,0,0,0,0,0
ACC-10001704,0,0,0,0,0,0,0,0,0,0,0,0
ACC-10001705,0,0,0,0,1,0,0,0,0,0,0,0
ACC-10001706,0,0,0,0,0,0,0,0,1,0,0,1
ACC-10001707,0,0,0,0,0,0,0,0,0,0,0,0
ACC-10001708,0,0,0,0,0,0,0,0,0,0,0,0
ACC-10001709,0,0,0,0,0,0,0,0,0,0,0,0
ACC-10001710,0,0,0,0,0,0,0,0,0,0,0,0
ACC-10001711,0,0,0,0,0,0,0,0,0,0,0,0
ACC-10001712,0,0,0,0,0,0,0,0,0,0,0,0
ACC-10001713,0,0,0,0,0,0,0,0,0,0,0,0
ACC-10001714,0,0,0,0,0,0,0,0,0,0,0,0
ACC-10001715,0,0,0,0,0,0,0,0,0,0,0,0
ACC-10001716,0,0,0,0,0,0,0,0,0,0,0,0
ACC-10001717,0,0,0,0,0,0,0,0,0,0,0,0
ACC-10001718,0,0,0,0,0,0,0,0,0,0,0,0
ACC-10001719,0,0,0,0,0,0,0,0,0,0,0,0
ACC-10001720,0,0,0,0,0,0,0,0,0,0,0,0
ACC-10001721,0,0,0,0,0,0,0,0,0,0,0,0
ACC-10001722,0,0,0,0,0,0,0,0,0,0,0,0
ACC-10001723,0,0,0,0,0,0,0,0,0,0,0,0
ACC-10001724,0,0,0,0,0,0,0,0,0,0,0,0
ACC-10001725,0,0,0,0,0,0,0,0,0,0,0,0
ACC-10001726,0,0,0,0,0,0,0,0,0,0,0,0
ACC-10001727,0,0,0,0,0,0,0,0,0,0,0,0
ACC-10001728,1,0,1,0,0,0,0,0,0,1,1,0
ACC-10001729,0,0,0,0,0,0,0,0,0,0,0,0
ACC-10001730,0,1,0,0,0,0,0,0,0,0,0,0
ACC-10001731,0,0,0,0,0,0,0,0,0,0,0,0
ACC-10001732,0,0,0,0,0,0,0,0,0,0,0,0
ACC-10001733,0,0,0,0,0,0,0,0,0,0,0,0
ACC-10001734,0,0,0,0,0,0,0,0,0,0,0,0
ACC-10001735,0,0,0,0,0,0,0,0,0,0,0,0
ACC-10001736,0,0,0,0,0,0,0,0,0,0,0,0
ACC-10001737,0,0,0,0,0,0,0,0,0,0,0,0
ACC-10001738,0,0,0,0,0,0,0,0,0,0,0,0
ACC-10001739,0,0,0,0,0,0,0,0,0,0,0,0
ACC-10001740,0,0,0,0,0,0,0,0,0,0,0,0
ACC-10001741,0,0,0,0,0,0,0,0,0,0,0,0
ACC-10001742,0,0,0,0,0,0,0,0,0,0,0,0
ACC-10001743,0,0,0,0,0,0,0,0,0,0,0,0
ACC-10001744,0,0,0,0,0,0,0,0,0,0,0,0
ACC-10001745,0,0,0,0,0,0,0,0,0,0,0,0
ACC-10001746,0,0,0,0,0,0,0,0,0,0,0,0
ACC-10001747,0,0,0,0,0,0,0,0,0,0,0,0
ACC-10001748,0,0,0,0,0,0,0,0,0,0,0,0
ACC-10001749,0,0,0,0,0,0,0,0,0,0,0,0
ACC-10001750,0,0,0,0,0,0,0,0,0,0,0,0
ACC-10001751,0,0,0,0,0,0,0,0,0,0,0,0
ACC-10001752,0,0,0,0,0,0,0,0,0,0,0,0
ACC-10001753,0,0,0,0,0,0,0,0,0,0,0,0
ACC-10001754,0,0,0,0,0,0,0,0,0,0,0,0
ACC-10001755,0,0,0,0,0,0,0,0,0,0,0,0
ACC-10001756,0,0,0,0,0,0,0,0,0,0,0,0
ACC-10001757,0,0,0,0,0,0,0,0,0,0,0,0
ACC-10001758,0,0,0,0,0,0,0,0,0,0,0,0
ACC-10001759,0,0,0,0,0,0,0,0,0,0,0,0
ACC-10001760,0,0,0,0,0,0,0,0,0,0,0,0
ACC-10001761,0,0,0,0,0,0,0,0,0,0,0,0
ACC-10001762,0,0,0,0,0,0,0,0,0,0,0,0
ACC-10001763,0,0,0,1,0,0,0,1,0,0,0,0
ACC-10001764,0,0,0,0,0,0,0,0,0,0,0,0
ACC-10001765,0,0,0,0,0,0,0,0,0,0,0,0
ACC-10001766,0,0,0,0,0,0,0,0,0,0,0,0
ACC-10001767,0,0,0,0,0,0,0,0,0,0,0,0
ACC-10001768,0,0,0,0,0,0,0,0,0,0,0,0
ACC-10001769,0,0,0,0,0,0,0,0,0,0,0,0
ACC-10001770,0,0,0,0,0,0,0,0,0,0,0,0
ACC-10001771,0,0,0,0,0,0,0,0,0,0,0,0
ACC-10001772,0,0,0,0,0,0,0,0,0,0,0,0
ACC-10001773,0,0,0,0,0,0,0,0,0,0,0,0
ACC-10001774,0,0,0,0,0,0,0,0,0,0,0,0
ACC-10001775,0,0,0,0,0,0,0,0,0,0,0,0
ACC-10001776,0,0,0,0,0,0,0,0,0,0,0,0
ACC-10001777,0,0,0,0,0,0,0,0,0,0,0,0
ACC-10001778,0,0,0,0,0,0,0,0,0,0,0,0
ACC-10001779,1,1,0,0,1,0,0,0,0,1,0,0
ACC-10001780,0,0,0,0,0,0,0,0,0,0,0,0
ACC-10001781,0,0,0,0,0,0,0,0,0,0,0,0
ACC-10001782,0,0,0,0,0,0,0,0,0,0,0,0
ACC-10001783,0,0,0,0,0,0,0,0,0,0,0,0
ACC-10001784,0,0,0,0,0,0,0,0,0,0,0,0
ACC-10001785,0,0,0,0,0,0,0,0,0,0,0,0
ACC-10001786,0,0,0,0,0,0,0,0,0,0,0,0
ACC-10001787,0,0,0,0,0,0,0,0,0,0,0,0
ACC-10001788,0,0,0,0,0,0,0,0,0,0,0,0
ACC-10001789,0,0,0,0,0,0,0,0,0,0,0,0
ACC-10001790,0,0,0,0,0,0,0,0,0,0,0,0
ACC-10001791,0,0,0,0,0,0,0,0,0,0,0,0
ACC-10001792,0,0,0,0,0,0,0,0,0,0,0,0
ACC-10001793,0,0,0,0,0,0,0,0,0,0,0,0
ACC-10001794,0,0,0,0,0,0,0,0,0,0,0,0
ACC-10001795,0,0,0,0,0,0,0,0,0,0,0,0
ACC-10001796,0,0,0,0,0,0,0,0,0,0,0,0
ACC-10001797,0,0,0,0,0,0,0,0,0,0,0,0
ACC-10001798,0,0,0,0,0,0,0,0,0,0,0,0
ACC-10001799,0,0,0,0,0,0,0,0,0,0,0,0
ACC-10001800,0,0,0,0,0,0,0,0,0,0,0,0
ACC-10001801,0,0,0,0,0,0,0,0,0,0,0,0
ACC-10001802,0,0,0,0,0,0,0,0,0,0,0,0
ACC-10001803,0,0,0,0,1,0,0,0,1,0,1,1
ACC-10001804,0,0,0,0,0,0,0,0,0,0,0,0
ACC-10001805,0,0,0,0,0,0,0,0,0,0,0,0
ACC-10001806,0,0,0,0,0,0,0,0,0,0,0,0
ACC-10001807,0,0,0,0,0,0,0,0,0,0,0,0
ACC-10001808,0,0,0,0,0,0,0,0,0,0,0,0
ACC-10001809,0,0,0,0,0,0,0,0,0,0,0,0
ACC-10001810,0,0,0,0,0,0,0,0,0,0,0,0
ACC-10001811,0,0,0,0,0,0,0,0,0,0,0,0
ACC-10001812,0,0,0,0,0,0,0,0,0,0,0,0
ACC-10001813,0,0,0,0,0,0,0,0,0,0,0,0
ACC-10001814,0,0,0,0,0,0,0,0,0,0,0,0
ACC-10001815,0,0,0,0,0,0,0,0,0,0,0,0
ACC-10001816,0,0,0,0,0,0,0,0,0,0,0,0
ACC-10001817,0,0,0,0,0,0,0,0,0,0,0,0
ACC-10001818,0,1,0,0,0,0,1,0,1,0,0,0
ACC-10001819,0,0,0,0,0,0,0,0,0,0,0,0
ACC-10001820,0,0,0,0,0,0,0,0,0,0,0,0
ACC-10001821,0,0,0,0,0,0,0,0,0,0,0,0
ACC-10001822,0,0,0,0,0,0,0,0,0,0,0,0
ACC-10001823,0,0,0,0,0,0,0,0,0,0,0,0
ACC-10001824,0,0,0,0,0,0,0,0,0,0,0,0
ACC-10001825,0,0,0,0,0,0,0,0,0,0,0,0
ACC-10001826,0,0,0,0,0,0,0,0,0,0,0,0
ACC-10001827,0,0,0,0,0,0,0,0,0,0,0,0
ACC-10001828,0,0,0,0,0,0,0,0,0,0,0,0
ACC-10001829,0,0,0,0,0,0,0,0,0,0,0,0
ACC-10001830,0,0,0,0,0,0,0,0,0,0,0,0
ACC-10001831,0,0,0,0,0,0,0,0,0,0,0,0
ACC-10001832,0,0,0,0,0,0,0,0,0,0,0,0
ACC-10001833,0,0,0,0,0,0,0,0,0,0,0,0
ACC-10001834,0,0,0,0,0,0,0,0,0,0,0,0
ACC-10001835,0,0,0,0,0,0,0,0,0,0,0,0
ACC-10001836,0,0,0,0,0,0,0,0,0,0,0,0
ACC-10001837,0,0,0,0,0,0,0,0,0,0,0,0
ACC-10001838,0,0,0,0,0,0,0,0,0,0,0,0
ACC-10001839,0,0,0,0,0,0,0,0,0,0,0,0
ACC-10001840,0,0,0,0,0,0,0,0,0,0,0,0
ACC-10001841,0,0,0,0,0,0,0,0,0,0,0,0
ACC-10001842,0,0,0,0,0,0,0,0,0,0,0,0
ACC-10001843,0,0,0,0,0,0,0,0,0,0,0,0
ACC-10001844,0,0,0,0,0,0,0,0,0,0,0,0
ACC-10001845,0,0,0,0,0,0,0,0,0,0,0,0
ACC-10001846,0,0,0,0,0,0,0,0,0,0,0,0
ACC-10001847,0,0,0,0,0,0,0,0,0,0,0,0
ACC-10001848,0,0,0,0,0,0,0,0,0,0,0,0
ACC-10001849,0,0,0,0,0,0,0,0,0,0,0,0
ACC-10001850,0,0,0,0,0,0,0,0,0,0,0,0
ACC-10001851,0,0,0,0,0,0,0,0,0,0,0,0
ACC-10001852,0,0,0,0,0,0,0,0,0,0,0,0
ACC-10001853,0,0,0,0,0,0,0,0,0,0,0,0
ACC-10001854,0,0,0,0,0,0,0,0,0,0,0,0
ACC-10001855,0,0,0,0,0,0,0,0,0,0,0,0
ACC-10001856,0,0,0,0,0,0,0,0,0,0,0,0
ACC-10001857,0,0,0,0,0,0,0,0,0,0,0,0
ACC-10001858,0,0,0,0,0,0,0,0,0,0,0,0
ACC-10001859,0,0,0,0,0,0,0,0,0,0,0,0
ACC-10001860,0,0,0,0,0,0,0,0,0,0,0,0
ACC-10001861,0,0,0,0,0,0,0,0,0,0,0,0
ACC-10001862,0,0,0,0,0,0,0,0,0,0,0,0
ACC-10001863,0,0,0,0,0,0,0,0,0,0,0,0
ACC-10001864,0,0,0,0,1,0,0,0,0,0,0,0
ACC-10001865,0,0,0,0,0,0,0,0,0,0,0,0
ACC-10001866,0,0,0,0,0,0,0,0,0,0,0,0
ACC-10001867,0,0,0,0,0,0,0,0,0,0,0,0
ACC-10001868,0,0,0,0,0,0,0,0,0,0,0,0
ACC-10001869,0,0,0,0,0,0,0,0,0,0,0,0
ACC-10001870,0,0,0,0,0,0,0,0,0,0,0,0
ACC-10001871,0,0,0,0,0,0,0,0,0,0,0,0
ACC-10001872,0,0,0,0,0,0,0,0,0,0,0,0
ACC-10001873,0,0,0,0,0,0,0,0,0,0,0,0
ACC-10001874,0,0,0,0,0,0,0,0,0,0,0,0
ACC-10001875,0,0,0,0,0,0,0,0,0,0,0,0
ACC-10001876,0,0,0,0,0,0,0,0,0,0,0,0
ACC-10001877,0,0,0,0,0,0,0,0,0,0,0,0
ACC-10001878,0,0,0,0,0,0,0,0,0,0,0,0
ACC-10001879,0,0,0,0,0,0,0,0,0,0,0,0
ACC-10001880,0,0,0,0,0,0,0,0,0,0,0,0
ACC-10001881,0,0,0,0,0,0,0,0,0,0,0,0
ACC-10001882,0,0,0,0,0,0,0,0,0,0,0,0
ACC-10001883,0,1,0,1,0,1,0,1,1,1,1,1
ACC-10001884,0,0,0,0,0,0,0,0,0,0,0,0
ACC-10001885,0,0,0,0,0,0,0,0,0,0,0,0
ACC-10001886,0,0,0,0,0,0,0,0,0,0,0,0
ACC-10001887,0,0,0,0,0,0,0,0,0,0,0,0
ACC-10001888,0,0,0,0,0,0,0,0,0,0,0,0
ACC-10001889,0,0,0,0,0,0,0,0,0,0,0,0
ACC-10001890,0,0,0,0,0,0,0,0,0,0,0,0
ACC-10001891,0,0,0,0,0,0,0,0,0,0,0,0
ACC-10001892,0,0,0,0,0,0,0,0,0,0,0,0
ACC-10001893,0,0,0,0,0,0,0,0,0,0,0,0
ACC-10001894,0,0,0,0,0,0,0,0,0,0,0,0
ACC-10001895,0,0,0,0,0,0,0,0,0,0,0,0
ACC-10001896,0,0,0,0,0,0,0,0,0,0,0,0
ACC-10001897,0,0,0,0,0,0,0,0,0,0,0,0
ACC-10001898,0,0,0,0,0,0,0,0,0,0,0,0
ACC-10001899,0,0,0,0,0,0,0,0,0,0,0,0
ACC-10001900,0,0,0,0,0,0,0,0,0,0,0,0
ACC-10001901,0,0,0,0,0,0,0,0,0,0,0,0
ACC-10001902,0,0,0,0,0,0,0,0,0,0,0,0
ACC-10001903,1,0,0,0,1,0,0,0,1,1,1,0
ACC-10001904,0,0,0,0,0,0,0,0,0,0,0,0
ACC-10001905,1,1,0,0,1,1,1,0,1,1,0,0
ACC-10001906,0,0,0,0,0,0,0,0,0,0,0,0
ACC-10001907,0,0,0,0,0,0,0,0,0,0,0,0
ACC-10001908,0,0,0,0,0,0,0,0,0,0,0,0
ACC-10001909,0,0,0,0,0,0,0,0,0,0,0,0
ACC-10001910,0,0,0,0,0,0,0,0,0,0,0,0
ACC-10001911,0,0,0,0,0,0,0,0,0,0,0,0
ACC-10001912,0,0,0,0,0,0,0,0,0,0,0,0
ACC-10001913,0,0,0,0,0,0,0,0,0,0,0,0
ACC-10001914,0,0,0,0,0,0,0,0,0,0,0,0
ACC-10001915,0,0,0,0,0,0,0,0,0,0,0,0
ACC-10001916,0,0,0,0,0,0,0,0,0,0,0,0
ACC-10001917,0,0,0,0,0,0,0,0,0,0,0,0
ACC-10001918,0,0,0,0,0,0,0,0,0,0,0,0
ACC-10001919,0,0,0,0,0,0,0,0,0,0,0,0
ACC-10001920,0,0,0,0,0,0,0,0,0,0,0,0
ACC-10001921,0,0,0,0,0,0,0,0,0,0,0,0
ACC-10001922,0,0,0,0,0,0,0,0,0,0,0,0
ACC-10001923,0,0,0,0,0,0,0,0,0,0,0,0
ACC-10001924,0,0,0,0,0,0,0,0,0,0,0,0
ACC-10001925,0,0,0,0,0,0,0,0,0,0,0,0
ACC-10001926,0,0,0,0,0,0,0,0,0,0,0,0
ACC-10001927,0,0,0,0,0,0,0,0,0,0,0,0
ACC-10001928,0,0,0,0,0,0,0,0,0,0,0,0
ACC-10001929,0,0,0,0,0,0,0,0,0,0,0,0
ACC-10001930,0,0,0,0,0,0,0,0,0,0,0,0
ACC-10001931,0,0,0,0,0,0,0,0,0,0,0,0
ACC-10001932,0,0,0,0,0,0,0,0,0,0,0,0
ACC-10001933,0,0,0,0,0,0,0,0,0,0,0,0
ACC-10001934,0,0,0,0,0,0,0,0,0,0,0,0
ACC-10001935,0,0,0,0,0,0,0,0,0,0,0,0
ACC-10001936,0,0,0,0,0,0,0,0,0,0,0,0
ACC-10001937,0,0,0,0,0,0,0,0,0,0,0,0
ACC-10001938,0,0,0,0,0,0,0,0,0,0,0,0
ACC-10001939,0,0,0,0,0,0,0,0,0,0,0,0
ACC-10001940,0,0,0,0,0,0,0,0,0,0,0,0
ACC-10001941,0,0,0,0,0,0,0,0,0,0,0,0
ACC-10001942,0,0,0,0,0,0,0,0,0,0,0,0
ACC-10001943,0,0,0,0,0,0,0,0,0,0,0,0
ACC-10001944,0,0,0,0,0,0,0,0,0,0,0,0
ACC-10001945,0,0,0,0,0,0,0,0,0,0,0,0
ACC-10001946,0,0,0,0,0,0,0,0,0,0,0,0
ACC-10001947,0,0,0,0,0,0,0,0,0,0,0,0
ACC-10001948,0,0,0,0,0,0,0,0,0,0,0,0
ACC-10001949,0,0,0,0,0,0,0,0,0,0,0,0
ACC-10001950,0,0,0,0,0,0,0,0,0,0,0,0
ACC-10001951,0,0,0,0,0,0,0,0,0,0,0,0
ACC-10001952,0,0,0,0,0,0,0,0,0,0,0,0
ACC-10001953,0,0,0,0,0,0,0,0,0,0,0,0
ACC-10001954,0,0,0,0,0,0,0,0,0,0,0,0
ACC-10001955,0,0,0,0,0,0,0,0,0,0,0,0
ACC-10001956,0,0,0,0,0,0,0,0,0,0,0,0
ACC-10001957,0,0,0,0,0,1,0,0,0,0,0,1
ACC-10001958,0,0,0,0,0,0,0,0,0,0,0,0
ACC-10001959,0,0,0,0,0,0,0,0,0,0,0,0
ACC-10001960,0,0,0,0,0,0,0,0,0,0,0,0
ACC-10001961,0,0,0,0,0,0,0,0,0,0,0,0
ACC-10001962,0,0,0,0,0,0,0,0,0,0,0,0
ACC-10001963,0,0,0,0,0,0,0,0,0,0,0,0
ACC-10001964,0,0,0,0,0,0,0,0,0,0,0,0
ACC-10001965,0,0,0,0,0,0,0,0,0,0,0,0
ACC-10001966,0,0,0,0,0,0,0,0,0,0,0,0
ACC-10001967,0,0,0,0,0,0,0,0,0,0,0,0
ACC-10001968,0,0,0,0,0,0,0,0,0,0,0,0
ACC-10001969,0,0,0,0,0,0,0,0,0,0,0,0
ACC-100019XX,0,0,0,0,0,0,0,0,0,0,0,0
ACC-10001971,0,0,0,0,0,0,0,0,0,0,0,0
ACC-10001972,0,0,0,0,0,0,0,0,0,0,0,0
ACC-10001973,0,0,0,0,0,0,0,0,0,0,0,0
ACC-10001974,0,0,0,0,0,0,0,0,0,0,0,0
ACC-10001975,0,0,0,0,0,0,0,0,0,0,0,0
ACC-10001976,0,0,0,0,0,0,0,0,0,0,0,0
ACC-10001977,0,0,0,0,0,0,0,0,0,0,0,0
ACC-10001978,0,0,0,0,0,0,0,0,0,0,0,0
ACC-10001979,0,0,0,0,0,0,0,0,0,0,0,0
ACC-10001980,0,0,0,0,0,0,0,0,0,0,0,0
ACC-10001981,0,0,1,1,1,1,0,0,1,1,0,1
ACC-10001982,0,0,0,0,0,0,0,0,0,0,0,0
ACC-10001983,0,0,0,0,0,0,0,0,0,0,0,0
ACC-10001984,0,0,0,0,0,0,0,0,0,0,0,0
ACC-10001985,0,0,0,0,0,0,0,0,0,0,0,0
ACC-10001986,0,0,0,0,0,0,0,0,0,0,0,0
ACC-10001987,0,0,0,0,0,0,0,0,0,0,0,0
ACC-10001988,0,0,0,0,0,0,0,0,0,0,0,0
ACC-10001989,0,0,0,0,0,0,0,0,0,0,0,0
ACC-10001990,0,0,0,0,0,0,0,0,0,0,0,0
ACC-10001991,0,0,0,0,0,0,0,0,0,0,0,0
ACC-10001992,0,0,0,0,0,0,0,0,0,0,0,0
ACC-10001993,0,0,0,0,0,0,0,0,0,0,0,0
ACC-10001994,0,0,0,0,0,0,0,0,0,0,0,0
ACC-10001995,0,0,0,0,0,0,0,0,0,0,0,0
ACC-10001996,0,0,0,0,0,0,0,0,0,0,0,0
ACC-10001997,0,0,0,0,0,0,0,0,0,0,0,0
ACC-10001998,0,0,0,0,0,0,0,0,0,0,0,0
ACC-10001999,0,0,0,0,0,0,0,0,0,0,0,0
ACC-10002000,0,1,0,0,1,1,1,1,0,1,0,0
ACC-10002001,0,0,0,0,0,0,0,0,0,0,0,0
ACC-10002002,0,0,0,0,0,0,0,0,0,0,0,0
ACC-10002003,0,0,0,0,0,0,0,0,0,0,0,0
ACC-10002004,0,0,0,0,0,0,0,0,0,0,0,0
ACC-10002005,0,0,0,0,0,0,0,0,0,0,0,0
ACC-10002006,0,0,1,0,1,1,1,0,0,0,0,0
ACC-10002007,0,0,0,0,0,0,0,0,0,0,0,0
ACC-10002008,0,0,0,0,0,0,0,0,0,0,0,0
ACC-10002009,0,0,0,0,0,0,0,0,0,0,0,0
ACC-10002010,0,0,1,0,1,0,0,0,0,0,0,0
ACC-10002011,0,0,0,0,0,0,0,0,0,0,0,0
ACC-10002012,0,0,0,0,0,0,0,0,0,0,0,0
ACC-10002013,0,0,0,0,0,0,0,0,0,0,0,0
ACC-10002014,0,0,0,0,0,0,0,0,0,0,0,0
ACC-10002015,0,0,0,0,0,0,0,0,0,0,0,0
ACC-10002016,0,0,0,0,0,0,0,0,0,0,0,0
ACC-10002017,0,0,0,0,0,0,0,0,0,0,0,0
ACC-10002018,0,0,0,0,0,0,0,0,0,0,0,0
ACC-10002019,0,0,0,0,0,0,0,0,0,0,0,0
ACC-10002020,0,0,0,0,0,0,0,0,0,0,0,0
ACC-10002021,1,0,0,0,0,0,0,0,0,0,0,0
ACC-10002022,0,0,0,0,0,0,0,0,0,0,0,0
ACC-10002023,0,1,1,0,0,1,0,0,0,0,1,1
ACC-10002024,0,0,0,0,0,0,0,0,0,0,0,0
ACC-10002025,0,0,0,0,0,0,0,0,0,0,0,0
ACC-10002026,0,0,0,0,0,0,0,0,0,0,0,0
ACC-10002027,0,0,0,0,0,0,0,0,0,0,0,0
ACC-10002028,0,0,0,0,0,0,0,0,0,0,0,0
ACC-10002029,0,0,0,0,0,0,0,0,0,0,0,0
ACC-10002030,0,0,0,0,0,0,0,0,0,0,0,0
ACC-10002031,0,0,0,0,0,0,0,0,0,0,0,0
ACC-10002032,0,0,0,0,0,0,0,0,0,0,0,0
ACC-10002033,0,0,0,0,0,0,0,0,0,0,0,0
ACC-10002034,0,0,0,0,0,0,0,0,0,0,0,0
ACC-10002035,1,0,1,0,0,1,0,0,0,0,0,0
ACC-10002036,0,0,0,0,0,0,0,0,0,0,0,0
ACC-10002037,0,0,0,0,0,0,0,0,0,0,0,0
ACC-10002038,0,0,0,0,0,0,0,0,0,0,0,0
ACC-10002039,0,0,0,0,0,0,0,0,0,0,0,0
ACC-10002040,0,0,0,0,0,0,0,0,0,0,0,0
ACC-10002041,0,0,0,0,0,0,0,0,0,0,0,0
ACC-10002042,0,0,0,0,0,0,0,0,0,0,0,0
ACC-10002043,0,0,0,0,0,0,0,0,0,0,0,0
ACC-10002044,0,0,0,0,0,0,0,0,0,0,0,0
ACC-10002045,0,0,0,0,0,0,0,0,0,0,0,0
ACC-10002046,0,0,0,0,0,0,0,0,0,0,0,0
ACC-10002047,0,0,0,0,0,1,0,0,0,0,0,0
ACC-10002048,0,0,0,0,0,0,0,0,0,0,0,0
ACC-10002049,0,0,0,0,0,0,0,0,0,0,0,0
ACC-10002050,0,0,0,0,0,0,0,0,0,0,0,0
ACC-10002051,0,0,0,0,0,0,0,0,0,0,0,0
ACC-10002052,0,0,0,0,0,0,0,0,0,0,0,0
ACC-10002053,0,0,0,0,0,0,0,0,0,0,0,0
ACC-10002054,0,0,0,0,0,0,0,0,0,0,0,0
ACC-10002055,0,0,0,0,0,0,0,0,0,0,0,0
ACC-10002056,0,0,0,0,0,0,0,0,0,0,0,0
ACC-10002057,0,0,0,0,0,0,0,0,0,0,0,0
ACC-10002058,0,0,0,0,0,0,0,0,0,0,0,0
ACC-10002059,0,0,0,0,0,0,0,0,0,0,0,0
ACC-10002060,0,0,0,0,0,0,0,0,0,0,0,0
ACC-10002061,0,0,0,0,0,0,0,0,0,0,0,0
ACC-10002062,0,0,0,0,0,0,0,0,0,0,0,0
ACC-10002063,0,0,0,0,0,0,0,0,0,0,0,0
ACC-10002064,0,0,0,0,0,0,0,0,0,0,0,0
ACC-10002065,0,0,0,0,0,0,0,0,0,0,0,0
ACC-10002066,0,0,0,0,0,0,0,0,0,0,0,0
ACC-10002067,0,0,0,0,0,0,0,0,0,0,0,0
ACC-10002068,0,0,0,0,0,0,0,0,0,0,0,0
ACC-10002069,0,0,0,0,0,0,0,0,0,0,0,0
ACC-10002070,0,0,0,0,0,0,0,0,0,0,0,0
ACC-10002071,0,0,0,0,0,0,0,0,0,0,0,0
ACC-10002072,0,0,0,0,0,0,0,0,0,0,0,0
ACC-10002073,0,0,0,0,0,0,0,0,0,0,0,0
ACC-10002074,0,0,0,0,0,0,0,0,0,0,0,0
ACC-10002075,0,0,0,0,0,0,0,0,0,0,0,0
ACC-10002076,0,0,0,0,0,0,0,0,0,0,0,0
ACC-10002077,0,0,0,0,0,0,0,0,0,0,0,0
ACC-10002078,0,0,0,0,0,0,0,0,0,0,0,0
ACC-10002079,0,0,0,0,0,0,0,0,0,0,0,0
ACC-10002080,0,0,0,0,0,0,0,0,0,0,0,0
ACC-10002081,0,0,0,0,0,0,0,0,0,0,0,0
ACC-10002082,0,0,0,0,0,0,0,0,0,0,0,0
ACC-10002083,0,0,0,0,0,0,0,0,0,0,0,0
ACC-10002084,0,0,0,0,0,0,0,0,0,0,0,0
ACC-10002085,0,0,0,0,0,0,0,0,0,0,0,0
ACC-10002086,0,0,0,0,0,0,0,0,0,0,0,0
ACC-10002087,0,0,0,0,0,0,0,0,0,0,0,0
ACC-10002088,0,0,0,0,0,0,0,0,0,0,0,0
ACC-10002089,0,0,0,0,0,0,0,0,0,0,0,0
ACC-10002090,0,0,0,0,0,0,0,0,0,0,0,0
ACC-10002091,1,0,1,1,0,1,1,1,0,0,0,1
ACC-10002092,0,0,0,0,0,0,0,0,0,0,0,0
ACC-10002093,0,0,0,0,0,0,0,0,0,0,0,0
ACC-10002094,0,0,0,0,0,0,0,0,0,0,0,0
ACC-10002095,0,0,0,0,0,0,0,0,0,0,0,0
ACC-10002096,0,0,0,0,0,0,0,0,0,0,0,0
ACC-10002097,0,0,0,0,0,0,0,0,0,0,0,0
ACC-10002098,0,0,0,0,0,0,0,0,0,0,0,0
ACC-10002099,0,0,0,0,0,0,0,0,0,0,0,0
ACC-10002100,0,0,0,0,0,0,0,0,0,0,0,0
ACC-10002101,0,0,0,0,0,0,0,0,0,0,0,0
ACC-10002102,0,0,0,0,0,0,0,0,0,0,0,0
ACC-10002103,0,0,0,0,0,0,0,0,0,0,0,0
ACC-10002104,0,0,0,0,0,0,0,0,0,0,0,0
ACC-10002105,0,0,0,1,0,0,0,0,0,0,0,1
ACC-10002106,0,0,0,0,0,0,0,0,0,0,0,0
ACC-10002107,0,1,0,0,0,0,0,0,0,0,1,0
ACC-10002108,0,1,0,0,1,1,0,0,0,1,1,0
ACC-10002109,0,0,0,0,0,0,0,0,0,0,0,0
ACC-10002110,0,0,0,0,0,0,0,0,0,0,0,0
ACC-10002111,0,0,0,0,0,0,0,0,0,0,0,0
ACC-10002112,0,0,0,0,0,0,0,0,0,0,0,0
ACC-10002113,0,0,0,0,0,0,0,0,0,0,0,0
ACC-10002114,0,0,0,0,0,0,0,0,0,0,0,0
ACC-10002115,0,0,0,0,0,0,0,0,0,0,0,0
ACC-10002116,0,0,0,0,0,0,0,0,0,0,0,0
ACC-10002117,0,0,0,0,0,0,0,0,0,0,0,0
ACC-10002118,0,0,0,0,0,0,0,0,0,0,0,0
ACC-10002119,0,0,0,0,0,0,0,0,0,0,0,0
ACC-10002120,0,0,0,0,0,0,0,0,0,0,0,0
ACC-10002121,0,0,0,0,0,0,0,0,0,0,0,0
ACC-10002122,0,0,0,0,0,0,0,0,0,0,0,0
ACC-10002123,0,0,0,0,0,0,0,0,0,0,0,0
ACC-10002124,0,0,0,0,0,0,0,0,0,0,0,0
ACC-10002125,0,0,0,0,0,0,0,0,0,0,0,0
ACC-10002126,0,0,0,0,0,0,0,0,0,0,0,0
ACC-10002127,0,0,0,0,0,0,0,0,0,0,0,0
ACC-10002128,0,0,0,0,0,0,0,0,0,0,0,0
ACC-10002129,0,0,0,0,0,0,0,0,0,0,0,0
ACC-10002130,0,0,0,0,0,0,0,0,0,0,0,0
ACC-10002131,0,0,0,0,0,0,0,0,0,0,0,0
ACC-10002132,0,0,0,0,0,0,0,0,0,0,0,0
ACC-10002133,0,0,0,0,0,0,0,0,0,0,0,0
ACC-10002134,0,0,0,0,0,0,0,0,0,0,0,0
ACC-10002135,0,0,0,0,0,0,0,0,0,0,0,0
ACC-10002136,0,0,0,0,0,0,0,0,0,0,0,0
ACC-10002137,0,0,0,0,0,0,0,0,0,0,0,0
ACC-10002138,0,0,0,0,0,0,0,0,0,0,0,0
ACC-10002139,0,0,0,0,0,0,0,0,0,0,0,0
ACC-10002140,0,0,0,0,0,0,0,0,0,0,0,0
ACC-10002141,0,0,0,0,0,0,0,0,0,0,0,0
ACC-10002142,0,0,0,0,0,0,0,0,0,0,0,0
ACC-10002143,0,0,0,0,0,0,0,0,0,0,0,0
ACC-10002144,0,0,0,0,0,0,0,0,0,0,0,0
ACC-10002145,0,0,0,0,0,0,0,0,0,0,0,0
ACC-10002146,0,0,0,0,0,0,0,0,0,0,0,0
ACC-10002147,0,0,0,0,0,0,0,0,0,0,0,0
ACC-10002148,0,0,0,0,0,0,0,0,0,0,0,0
ACC-10002149,0,0,0,0,0,0,0,0,0,0,0,0
ACC-10002150,0,0,0,0,0,0,0,0,0,0,0,0
ACC-10002151,0,0,0,0,0,0,0,0,0,0,0,0
ACC-100021XX,0,0,0,0,0,0,0,0,0,0,0,0
ACC-10002153,0,0,0,0,0,0,0,0,0,0,0,0
ACC-10002154,0,0,0,0,0,0,0,0,0,0,0,0
ACC-10002155,0,0,0,0,0,0,0,0,0,0,0,0
ACC-10002156,0,0,0,0,0,0,0,0,0,0,0,0
ACC-10002157,0,0,0,0,0,0,0,0,0,0,0,0
ACC-10002158,0,0,0,0,0,0,0,0,0,0,0,0
ACC-10002159,0,0,0,0,0,0,0,0,0,0,0,0
ACC-10002160,0,0,0,0,0,0,0,0,0,0,0,0
ACC-10002161,0,0,0,0,0,0,0,0,0,0,0,0
ACC-10002162,0,0,0,0,0,0,0,0,0,0,0,0
ACC-10002163,0,0,0,0,0,0,0,0,0,0,0,0
ACC-10002164,0,0,0,0,0,0,0,0,0,0,0,0
ACC-10002165,0,0,0,0,0,0,0,0,0,0,0,0
ACC-10002166,0,0,0,0,0,0,0,0,0,0,0,0
ACC-10002167,0,0,0,0,0,0,0,0,0,0,0,0
ACC-10002168,0,0,0,0,0,0,0,0,0,0,0,0
ACC-10002169,0,0,0,0,0,0,0,0,0,0,0,0
ACC-10002170,0,0,0,0,0,0,0,0,0,0,0,0
ACC-10002171,0,0,0,0,0,0,0,0,0,0,0,0
ACC-10002172,0,0,0,0,0,0,0,0,0,0,0,0
ACC-10002173,0,0,0,0,0,0,0,0,0,0,0,0
ACC-10002174,0,0,0,0,0,0,0,0,0,0,0,0
ACC-10002175,0,0,0,0,0,0,0,0,0,0,0,0
ACC-10002176,0,0,0,0,0,0,0,0,0,0,0,0
ACC-10002177,0,0,0,0,0,0,0,0,0,0,0,0
ACC-10002178,0,0,0,0,0,0,0,0,0,0,0,0
ACC-10002179,0,0,0,0,0,0,0,0,0,0,0,0
ACC-10002180,0,0,0,0,0,0,0,0,0,0,0,0
ACC-10002181,0,0,0,0,0,0,0,0,0,0,0,0
ACC-10002182,0,0,0,0,0,0,0,0,0,0,0,0
,0,0,0,0,0,0,0,0,0,0,0,0
ACC-10002184,0,0,0,0,0,0,0,0,0,0,0,0
ACC-10002185,0,0,0,0,0,0,0,0,0,0,0,0
ACC-10002186,0,0,0,0,0,0,0,0,0,0,0,0
ACC-10002187,0,0,0,0,0,0,0,0,0,0,0,0
ACC-10002188,0,0,0,0,0,0,0,0,0,0,0,0
ACC-10002189,0,0,0,0,0,0,0,0,0,0,0,0
ACC-10002190,0,0,0,0,0,0,0,0,0,0,0,0
ACC-10002191,0,0,0,0,0,0,0,0,0,0,0,0
ACC-10002192,0,0,0,0,0,0,0,0,0,0,0,0
ACC-10002193,0,0,0,0,0,0,0,0,0,0,0,0
ACC-10002194,0,0,0,0,0,0,0,0,0,0,0,0
ACC-10002195,0,0,0,0,0,0,0,0,0,0,0,0
ACC-10002196,0,0,0,1,0,0,0,0,0,0,0,0
ACC-10002197,0,0,0,0,0,0,0,0,0,0,0,0
ACC-10002198,0,0,0,0,0,0,0,0,0,0,0,0
ACC-10002199,0,0,0,0,0,0,0,0,0,0,0,0
ACC-10002200,0,0,0,0,0,0,0,0,0,0,0,0
ACC-10002201,0,0,0,0,0,0,0,0,0,0,0,0
,0,0,0,0,0,0,0,0,0,0,0,0
ACC-10002203,0,0,0,0,0,0,0,0,0,0,0,0
ACC-10002204,0,0,0,0,0,0,0,0,0,0,0,0
ACC-10002205,0,0,0,0,0,0,0,0,0,0,0,0
ACC-10002206,0,0,0,0,0,0,0,0,0,0,0,0
ACC-10002207,0,1,0,1,0,1,0,1,0,1,0,1
ACC-10002208,0,0,0,0,0,0,0,0,0,0,0,0
ACC-10002209,0,0,0,0,0,0,0,0,0,0,0,0
ACC-10002210,0,0,0,0,0,0,0,0,0,0,0,0
ACC-10002211,0,0,0,0,0,0,0,0,0,0,0,0
ACC-10002212,0,0,0,0,0,0,0,0,0,0,0,0
ACC-10002213,0,0,0,0,0,0,0,0,0,0,0,0
ACC-10002214,0,0,0,0,0,0,0,0,0,0,0,0
ACC-10002215,0,0,0,0,0,0,0,0,0,0,0,0
ACC-10002216,0,0,0,0,0,0,0,0,0,0,0,0
ACC-10002217,0,0,0,0,0,0,0,0,0,0,0,0
ACC-10002218,0,0,0,0,0,0,0,0,0,0,0,0
ACC-10002219,0,0,0,0,0,0,0,0,0,0,0,0
ACC-10002220,0,0,0,0,0,0,0,0,0,0,0,0
ACC-10002221,0,0,0,0,0,0,0,0,0,0,0,0
ACC-10002222,0,0,0,0,0,0,0,0,0,0,0,0
ACC-10002223,0,0,0,0,0,0,0,0,0,0,0,0
ACC-10002224,0,0,0,0,0,0,0,0,0,0,0,0
ACC-10002225,0,0,0,0,0,0,0,0,0,0,0,0
ACC-10002226,0,0,0,0,0,0,0,0,0,0,0,0
ACC-10002227,0,0,0,0,0,0,0,0,0,0,0,0
ACC-10002228,0,0,0,0,0,0,0,0,0,0,0,0
ACC-10002229,0,0,0,0,0,0,0,0,0,0,0,0
ACC-10002230,0,0,0,0,0,0,0,0,0,0,0,0
ACC-10002231,0,0,0,0,0,0,0,0,0,0,0,0
ACC-10002232,0,0,0,0,0,0,0,0,0,0,0,0
ACC-10002233,0,0,0,0,0,0,0,0,0,0,0,0
ACC-10002234,0,0,0,0,0,0,0,0,0,0,0,0
ACC-10002235,0,0,0,0,0,0,0,0,0,0,0,0
ACC-10002236,0,0,0,0,0,0,0,0,0,0,0,0
ACC-10002237,0,0,0,0,0,0,0,0,0,0,0,0
ACC-10002238,0,0,0,0,0,0,0,0,0,0,0,0
ACC-10002239,0,0,0,0,0,0,0,0,0,0,0,0
ACC-10002240,0,0,0,0,0,0,0,0,0,0,0,0
ACC-10002241,0,0,0,0,0,0,0,0,0,0,0,0
ACC-10002242,0,0,0,0,0,0,0,0,0,0,0,0
ACC-10002243,0,0,0,0,0,0,0,0,0,0,0,0
ACC-10002244,0,0,0,0,0,0,0,0,0,0,0,0
ACC-10002245,0,0,0,0,0,0,0,0,0,0,0,0
ACC-10002246,0,0,0,0,0,0,0,0,0,0,0,0
ACC-10002247,0,0,0,0,0,0,0,0,0,0,0,0
ACC-10002248,0,0,0,0,0,0,0,0,0,0,0,0
ACC-10002249,0,0,0,0,0,0,0,0,0,0,0,0
ACC-10002250,0,0,0,0,0,0,0,0,0,0,0,0
ACC-10002251,0,0,0,0,0,0,0,0,0,0,0,0
ACC-10002252,0,0,0,0,0,0,1,0,0,0,0,0
ACC-10002253,0,0,0,0,0,0,0,0,0,0,0,0
ACC-10002254,0,0,0,0,0,0,0,0,0,0,0,0
ACC-10002255,0,0,0,0,0,0,0,0,0,0,0,0
ACC-10002256,0,0,0,0,0,0,0,0,0,0,0,0
ACC-10002257,0,0,0,0,0,0,0,0,0,0,0,0
ACC-10002258,0,0,0,0,0,0,0,0,0,0,0,0
ACC-10002259,1,0,0,1,0,0,0,0,0,0,0,0
ACC-10002260,0,0,0,0,0,0,0,0,0,0,0,0
ACC-10002261,0,0,0,0,0,0,0,0,0,0,0,0
ACC-10002262,0,0,0,0,0,0,0,0,0,0,0,0
ACC-10002263,0,0,0,0,0,0,0,0,0,0,0,0
ACC-10002264,0,0,0,0,0,0,0,0,0,0,0,0
ACC-10002265,0,0,0,0,0,0,0,0,0,0,0,0
ACC-10002266,0,0,0,0,0,0,0,0,0,0,0,0
ACC-10002267,0,0,0,0,0,0,0,0,0,0,0,0
ACC-10002268,0,0,0,0,0,0,0,0,0,0,0,0
ACC-10002269,0,0,0,0,0,0,0,0,0,0,0,0
ACC-10002270,0,0,0,0,0,0,0,0,0,0,0,0
ACC-10002271,0,0,0,0,0,0,0,0,0,0,0,0
ACC-10002272,0,0,0,0,0,0,0,0,0,0,0,0
ACC-10002273,0,0,0,0,0,0,0,0,0,0,0,0
ACC-10002274,0,0,0,0,0,0,0,0,0,0,0,0
ACC-10002275,0,0,0,0,0,0,0,0,0,0,0,0
ACC-10002276,0,0,0,0,0,0,0,0,0,0,0,0
ACC-10002277,0,0,0,0,0,0,0,0,0,0,0,0
ACC-10002278,0,0,0,0,0,0,0,0,0,0,0,0
ACC-10002279,0,0,0,0,0,0,0,0,0,0,0,0
ACC-10002280,0,0,0,0,0,0,0,0,0,0,0,0
ACC-10002281,0,0,0,0,0,0,0,0,0,0,0,0
ACC-10002282,0,0,0,0,0,0,0,0,0,0,0,0
ACC-10002283,0,0,0,0,0,0,0,0,0,0,0,0
ACC-10002284,0,0,0,0,0,0,0,0,0,0,0,0
ACC-10002285,0,0,0,0,0,0,0,0,0,0,0,0
ACC-10002286,0,0,0,0,0,0,0,0,0,0,0,0
ACC-10002287,0,0,0,0,0,0,0,0,0,0,0,0
ACC-10002288,0,0,0,0,0,0,0,0,0,0,0,0
ACC-10002289,0,0,0,0,0,0,0,0,0,0,0,0
ACC-10002290,0,0,0,0,0,0,0,0,0,0,0,0
ACC-10002291,1,1,1,1,0,1,0,0,0,1,0,1
ACC-10002292,0,0,0,0,0,0,0,0,0,0,0,0
ACC-10002293,0,0,0,0,0,0,0,0,0,0,0,0
ACC-10002294,0,0,0,0,0,0,0,0,0,0,0,0
ACC-10002295,0,0,0,0,0,0,0,0,0,0,0,0
ACC-10002296,0,0,0,0,0,0,0,0,0,0,0,0
ACC-10002297,0,0,0,0,0,0,0,0,0,0,0,0
ACC-10002298,0,0,0,0,0,0,0,0,0,0,0,0
ACC-10002299,0,1,1,0,0,0,0,0,0,0,0,0
ACC-10002300,0,0,0,0,0,0,0,0,0,0,0,0
ACC-10002301,0,0,0,0,0,0,0,0,0,0,0,0
ACC-10002302,0,0,0,0,0,0,0,0,0,0,0,0
ACC-10002303,0,0,0,0,0,0,0,0,0,0,0,0
ACC-10002304,0,0,0,0,0,0,0,0,0,0,0,0
ACC-10002305,0,0,0,0,0,0,0,0,0,0,0,0
ACC-10002306,0,0,0,0,0,0,0,0,0,0,0,0
ACC-10002307,0,0,0,0,0,0,0,0,0,0,0,0
ACC-10002308,0,0,0,0,0,0,0,0,0,0,0,0
ACC-10002309,0,0,0,0,0,0,0,0,0,0,0,0
ACC-10002310,0,0,0,0,0,0,0,0,0,0,0,0
ACC-10002311,0,0,0,0,0,0,0,0,0,0,0,0
ACC-10002312,0,0,0,0,0,0,0,0,0,0,0,0
ACC-10002313,0,0,0,0,0,0,0,0,0,0,0,0
ACC-10002314,0,0,0,0,0,0,0,0,0,0,0,0
ACC-10002315,0,0,0,0,0,0,0,0,0,0,0,0
ACC-10002316,0,0,0,0,0,0,0,0,0,0,0,0
ACC-10002317,0,0,0,0,0,0,0,0,0,0,0,0
ACC-10002318,0,0,0,0,0,0,0,0,0,0,0,0
ACC-10002319,0,0,0,0,0,0,0,0,0,0,0,0
ACC-10002320,0,0,0,0,1,0,1,1,0,0,1,0
ACC-10002321,0,0,0,0,0,0,0,0,0,0,0,0
ACC-10002322,0,0,0,0,0,0,0,0,0,0,0,0
ACC-10002323,0,0,0,0,0,0,0,0,0,0,0,0
ACC-10002324,0,0,0,0,0,0,0,0,0,0,0,0
ACC-10002325,0,0,0,0,0,0,0,0,0,0,0,0
ACC-10002326,0,0,0,0,0,0,0,0,0,0,0,0
ACC-10002327,0,0,0,0,0,0,0,0,0,0,0,0
ACC-10002328,0,0,0,0,0,0,0,0,0,0,0,0
ACC-100023XX,0,0,0,0,0,0,0,0,0,0,0,0
ACC-10002330,0,0,0,0,0,0,0,0,0,0,0,0
ACC-10002331,0,0,0,0,0,0,0,0,0,0,0,0
ACC-10002332,0,0,0,0,0,0,0,0,0,0,0,0
ACC-10002333,0,0,0,0,0,0,0,0,0,0,0,0
ACC-10002334,0,0,0,0,0,0,0,0,0,0,0,0
ACC-10002335,0,0,0,0,0,0,0,0,0,0,1,0
ACC-10002336,0,0,0,0,0,0,0,0,0,0,0,0
ACC-10002337,0,0,0,0,0,0,0,0,0,0,0,0
ACC-10002338,0,0,0,1,1,1,0,0,0,0,0,0
ACC-10002339,0,0,0,0,0,0,0,0,0,0,0,0
ACC-10002340,0,0,0,0,0,0,0,0,0,0,0,0
ACC-10002341,0,0,0,0,0,0,0,0,0,0,0,0
ACC-10002342,0,0,0,0,0,0,0,0,0,0,0,0
ACC-10002343,0,0,0,0,0,0,0,0,0,0,0,0
ACC-10002344,0,0,0,0,0,0,0,0,0,0,0,0
ACC-10002345,0,0,0,0,0,0,0,0,0,0,0,0
ACC-10002346,0,0,0,0,0,0,0,0,0,0,0,0
ACC-10002347,0,0,0,0,0,0,0,0,0,0,0,0
ACC-10002348,0,0,0,0,0,0,0,0,0,0,0,0
ACC-10002349,0,0,0,0,0,0,0,0,0,0,0,0
ACC-10002350,0,0,0,0,0,0,0,0,0,0,0,0
ACC-10002351,0,0,0,0,0,0,0,0,0,0,0,0
ACC-10002352,0,0,0,0,0,0,0,0,0,0,0,0
ACC-10002353,0,0,0,0,0,0,0,0,0,0,0,0
ACC-10002354,0,0,0,0,0,0,0,0,0,0,0,0
ACC-10002355,0,0,0,0,0,0,0,0,0,0,0,0
ACC-10002356,0,0,0,0,0,0,0,0,0,0,0,0
ACC-10002357,0,0,0,0,0,0,0,0,0,0,0,0
ACC-10002358,0,0,0,0,0,0,0,0,0,0,0,0
ACC-10002359,0,0,0,0,0,0,0,0,0,0,0,0
ACC-10002360,0,1,0,1,1,1,0,0,1,0,1,1
ACC-10002361,0,0,0,0,0,0,0,0,0,0,0,0
ACC-10002362,0,0,0,0,0,0,0,0,0,0,0,0
ACC-10002363,0,0,0,0,0,0,0,0,0,0,0,0
ACC-10002364,0,0,0,0,0,0,0,0,0,0,0,0
ACC-10002365,0,0,0,0,0,0,0,0,0,0,0,0
ACC-10002366,0,0,0,0,0,0,0,0,0,0,0,0
ACC-10002367,0,0,0,0,0,0,0,0,0,0,0,0
ACC-10002368,0,0,0,0,0,0,0,0,0,0,0,0
ACC-10002369,0,0,0,0,0,0,0,0,0,0,0,0
ACC-10002370,0,0,0,0,0,0,0,0,0,0,0,0
ACC-10002371,0,0,0,0,0,0,0,0,0,0,0,0
ACC-10002372,0,0,0,0,0,0,0,0,0,0,0,0
ACC-10002373,0,0,0,0,0,0,0,0,0,0,0,0
ACC-10002374,0,0,0,0,0,0,0,0,0,0,0,0
ACC-10002375,0,0,0,0,0,0,0,0,0,0,0,0
ACC-10002376,0,0,0,0,0,0,0,0,0,0,0,0
ACC-10002377,0,0,0,0,0,0,0,0,0,0,0,0
ACC-10002378,0,0,0,0,0,0,0,0,0,0,0,0
ACC-10002379,0,0,0,0,0,0,0,0,0,0,0,0
ACC-10002380,0,0,0,0,0,0,0,0,0,0,0,0
ACC-10002381,0,0,0,0,0,0,0,0,0,0,0,0
ACC-10002382,0,0,0,0,0,0,0,0,0,0,0,0
ACC-10002383,0,0,0,0,0,0,0,0,0,0,0,0
ACC-10002384,0,0,0,0,0,0,0,0,0,0,0,0
ACC-10002385,0,0,0,0,0,0,0,0,0,0,0,0
ACC-10002386,0,0,0,0,0,0,0,0,0,0,0,0
ACC-10002387,0,0,0,0,0,0,0,0,0,0,0,0
ACC-10002388,0,0,0,0,0,0,0,0,0,0,0,0
ACC-10002389,0,0,0,0,0,0,0,0,0,0,0,0
ACC-10002390,0,0,0,0,0,0,0,0,0,0,0,0
ACC-10002391,0,0,0,0,0,0,0,0,0,0,0,0
ACC-10002392,0,0,0,0,0,0,0,0,0,0,0,0
ACC-10002393,0,0,0,0,0,0,0,0,0,0,0,0
ACC-10002394,0,0,0,0,0,0,0,0,0,0,0,0
ACC-10002395,0,0,0,0,0,0,0,0,0,0,0,0
ACC-10002396,0,0,0,0,0,0,0,0,0,0,0,0
ACC-10002397,0,0,0,0,0,0,0,0,0,0,0,0
ACC-10002398,0,0,0,0,0,0,0,0,0,0,0,0
ACC-10002399,0,0,0,0,0,0,0,0,0,0,0,0
ACC-10002400,0,0,0,0,0,0,0,0,0,0,0,0
ACC-10002401,0,0,0,0,0,0,0,0,0,0,0,0
ACC-10002402,0,0,0,0,0,0,0,0,0,0,0,0
ACC-10002403,0,0,0,0,0,0,0,0,0,0,0,0
ACC-10002404,0,0,0,0,0,0,0,0,0,0,0,0
ACC-10002405,0,0,0,0,0,0,0,0,0,0,0,0
ACC-10002406,0,0,0,0,0,0,0,0,0,0,0,0
ACC-10002407,0,0,0,0,0,0,0,0,0,0,0,0
ACC-10002408,0,0,0,0,0,0,0,0,0,0,0,0
ACC-10002409,0,0,0,0,0,0,0,0,0,0,0,0
ACC-10002410,0,0,0,0,0,0,0,0,0,0,0,0
ACC-10002411,0,0,0,0,0,0,0,0,0,0,0,0
ACC-10002412,0,0,0,0,0,0,0,0,0,0,0,0
ACC-10002413,0,0,0,0,0,0,0,0,0,0,0,0
ACC-10002414,0,1,0,1,0,1,0,0,1,1,0,1
ACC-10002415,0,0,0,0,0,0,0,0,0,0,0,0
ACC-10002416,0,0,0,0,0,0,0,0,0,0,0,0
ACC-10002417,1,1,0,0,1,1,0,0,0,0,0,0
ACC-10002418,0,0,0,0,0,0,0,0,0,0,0,0
ACC-10002419,0,0,0,0,0,0,0,0,0,0,0,0
ACC-10002420,0,0,0,0,0,0,0,0,0,0,0,0
ACC-10002421,0,0,0,0,0,0,0,0,0,0,0,0
ACC-10002422,0,0,0,0,0,0,0,0,0,0,0,0
ACC-10002423,0,0,0,0,0,0,0,0,0,0,0,0
ACC-10002424,0,0,0,0,0,0,0,0,0,0,0,0
ACC-10002425,0,0,0,0,0,0,0,0,0,0,0,0
ACC-10002426,0,0,0,0,0,0,0,0,0,0,0,0
ACC-10002427,0,0,0,0,0,0,0,0,0,0,0,0
ACC-10002428,0,0,0,0,0,0,0,0,0,0,0,0
ACC-10002429,0,0,0,0,0,0,0,0,0,0,0,0
ACC-10002430,0,0,0,0,0,0,0,0,0,0,0,0
ACC-10002431,0,0,0,0,0,0,0,0,0,0,0,0
ACC-10002432,0,0,0,0,0,0,0,0,0,0,0,0
ACC-10002433,0,0,0,0,0,0,0,0,0,0,0,0
ACC-10002434,0,0,0,0,0,0,0,0,0,0,0,0
ACC-10002435,0,0,0,0,0,0,0,0,0,0,0,0
ACC-10002436,0,0,0,0,1,0,1,0,0,0,0,0
ACC-10002437,0,0,0,0,0,0,0,0,0,0,0,0
ACC-10002438,0,0,0,0,0,0,0,0,0,0,0,0
ACC-10002439,0,0,0,0,0,0,0,0,0,0,0,0
ACC-10002440,0,0,0,0,0,0,0,0,0,0,0,0
ACC-10002441,0,0,0,0,0,0,0,0,0,0,0,0
ACC-10002442,0,0,0,0,0,0,0,0,0,0,0,0
ACC-10002443,0,0,0,0,0,0,0,0,0,0,0,0
ACC-10002444,0,0,0,0,0,0,0,0,0,0,0,0
ACC-10002445,0,0,0,0,0,0,0,0,0,0,0,0
ACC-10002446,0,0,0,0,0,0,0,0,0,0,0,0
ACC-10002447,0,0,0,0,0,0,0,0,0,0,0,0
ACC-10002448,0,0,0,0,0,0,0,0,0,0,0,0
ACC-10002449,0,0,0,0,0,0,0,0,0,0,0,0
ACC-10002450,0,0,1,0,0,1,0,0,1,1,0,1
ACC-10002451,0,0,0,0,0,0,0,0,0,0,0,0
ACC-10002452,0,0,0,0,0,0,0,0,0,0,0,0
ACC-10002453,0,0,0,0,0,0,0,0,0,0,0,0
,0,0,0,0,0,0,0,0,0,0,0,0
ACC-10002455,0,0,0,0,0,0,0,0,0,0,0,0
ACC-10002456,0,0,0,0,0,0,0,0,0,0,0,0
ACC-10002457,0,0,0,0,0,0,0,0,0,0,0,0
ACC-10002458,0,0,0,0,0,0,0,0,0,0,0,0
ACC-10002459,0,0,0,0,0,0,0,0,0,0,0,0
ACC-10002460,0,0,0,0,0,0,0,0,0,0,0,0
ACC-10002461,0,0,0,0,0,0,0,0,0,0,0,0
ACC-10002462,0,0,0,0,0,0,0,0,0,0,0,0
ACC-10002463,0,0,0,0,0,0,0,0,0,0,0,0
ACC-10002464,0,0,0,0,0,0,0,0,0,0,0,0
ACC-10002465,0,0,0,0,0,0,0,0,0,0,0,0
ACC-10002466,0,0,0,0,0,0,0,0,0,0,0,0
ACC-10002467,0,0,0,0,0,0,0,0,0,0,0,0
ACC-10002468,0,0,0,0,0,0,0,0,0,0,0,0
ACC-10002469,0,0,0,0,0,0,0,0,0,0,0,0
ACC-10002470,0,0,0,0,0,0,0,0,0,0,0,0
ACC-10002471,0,0,0,0,0,0,0,0,0,0,0,0
ACC-10002472,0,0,0,0,0,0,0,0,0,0,0,0
ACC-10002473,0,0,0,0,0,0,0,0,0,0,0,0
ACC-10002474,0,0,0,0,0,0,0,0,0,0,0,0
ACC-10002475,0,0,0,0,0,0,0,0,0,0,0,0
ACC-10002476,0,0,0,0,0,0,0,0,0,0,0,0
ACC-10002477,0,0,0,0,0,0,0,0,0,0,0,0
ACC-10002478,0,0,0,0,0,0,0,0,0,0,0,0
ACC-10002479,0,0,0,0,0,0,0,0,0,0,0,0
ACC-10002480,0,0,0,0,0,0,0,0,0,0,0,0
ACC-10002481,0,0,0,0,0,0,0,0,0,0,0,0
ACC-10002482,0,0,0,0,0,0,0,0,0,0,0,0
ACC-10002483,0,0,0,0,0,0,0,0,0,0,0,0
ACC-10002484,0,0,0,0,0,0,0,0,0,0,0,0
ACC-10002485,0,1,0,0,0,0,0,0,0,0,0,0
ACC-10002486,0,0,0,0,0,0,0,0,0,0,0,0
ACC-10002487,0,0,0,0,0,0,0,0,0,0,0,0
ACC-10002488,0,0,0,0,0,0,0,0,0,0,0,0
ACC-10002489,0,0,0,0,0,0,0,0,0,0,0,0
ACC-10002490,0,0,0,0,0,0,0,0,0,0,0,0
ACC-10002491,0,0,0,0,0,0,0,0,0,0,0,0
ACC-10002492,0,0,0,0,0,0,0,0,0,0,0,0
ACC-10002493,0,0,0,0,0,0,0,0,0,0,0,0
ACC-10002494,0,0,0,0,0,0,0,0,0,0,0,0
ACC-10002495,0,0,0,0,0,0,0,0,0,0,0,0
ACC-10002496,0,0,0,0,0,0,1,0,0,0,0,0
ACC-10002497,0,0,0,0,0,0,0,0,0,0,0,0
ACC-10002498,0,0,0,0,0,0,0,0,0,0,0,0
ACC-10002499,0,0,0,0,0,0,0,0,0,0,0,0
ACC-10002500,0,0,0,0,0,0,0,0,0,0,0,0
ACC-10002501,0,0,0,0,0,0,0,0,0,0,0,0
ACC-10002502,0,0,0,0,0,0,0,0,0,0,0,0
ACC-10002503,0,0,0,0,0,0,0,0,0,0,0,0
ACC-10002504,0,0,0,0,0,0,0,0,0,0,0,0
ACC-10002505,0,0,0,0,0,0,0,0,0,0,0,0
ACC-10002506,0,0,0,0,0,0,0,0,0,0,0,0
ACC-10002507,0,0,0,0,0,0,0,0,0,0,0,0
ACC-10002508,0,0,0,0,0,0,0,0,0,0,0,0
ACC-10002509,0,0,0,0,0,0,0,0,0,0,0,0
ACC-10002510,0,0,0,0,0,0,0,0,0,0,0,0
ACC-10002511,0,0,0,0,0,0,0,0,0,0,0,0
ACC-10002512,0,0,0,0,0,0,0,0,0,0,0,0
ACC-10002513,0,0,0,0,0,0,0,0,0,0,0,0
ACC-10002514,0,0,0,0,0,0,0,0,0,0,0,0
ACC-10002515,0,0,0,0,0,0,0,0,0,0,0,0
ACC-10002516,0,0,0,0,0,0,0,0,0,0,0,0
ACC-10002517,0,0,0,0,0,0,0,0,0,0,0,0
ACC-10002518,0,0,0,0,0,0,0,0,0,0,0,0
ACC-10002519,0,0,0,0,0,0,0,0,0,0,0,0
ACC-10002520,0,0,0,0,0,0,0,0,0,0,0,0
ACC-10002521,0,1,0,0,0,1,1,0,0,1,0,0
ACC-10002522,0,0,0,0,0,0,0,0,0,0,0,0
ACC-10002523,0,0,0,0,0,0,0,0,0,0,0,0
ACC-10002524,0,0,0,0,0,0,0,0,0,0,0,0
ACC-10002525,0,0,0,0,0,0,0,0,0,0,0,0
ACC-10002526,0,0,0,0,0,0,0,0,0,0,0,0
ACC-10002527,0,0,0,0,0,0,0,0,0,0,0,0
ACC-10002528,0,0,0,0,0,0,0,0,0,0,0,0
ACC-10002529,0,0,0,0,0,0,0,0,0,0,0,0
ACC-10002530,0,0,0,0,0,0,0,0,0,0,0,0
ACC-10002531,0,0,0,0,0,0,0,0,0,0,0,0
ACC-10002532,0,0,0,0,0,0,0,0,0,0,0,0
ACC-10002533,0,0,0,0,0,0,0,0,0,0,0,0
ACC-10002534,0,0,0,0,0,0,0,0,0,0,0,0
ACC-10002535,0,0,0,0,0,0,0,0,0,0,0,0
ACC-10002536,0,0,0,0,0,0,0,0,0,0,0,0
ACC-10002537,0,0,0,0,0,0,0,0,0,0,0,0
ACC-10002538,0,0,0,0,0,0,0,0,0,0,0,0
ACC-10002539,0,0,0,0,0,0,0,0,0,0,0,0
ACC-10002540,0,0,0,0,0,0,0,0,0,0,0,0
ACC-10002541,0,0,0,0,0,0,0,0,0,0,0,0
ACC-10002542,0,0,0,0,0,0,0,0,0,0,0,0
ACC-10002543,0,0,0,0,0,0,0,0,0,0,0,0
ACC-10002544,0,0,0,0,0,0,0,0,0,0,0,0
ACC-10002545,0,0,0,0,0,0,0,0,0,0,0,0
ACC-10002546,0,0,0,0,0,0,0,0,0,0,0,0
ACC-10002547,0,0,0,0,0,0,0,0,0,0,0,0
ACC-10002548,0,0,0,0,0,0,0,0,0,0,0,0
ACC-10002549,0,0,0,0,0,0,0,0,0,0,0,0
ACC-10002550,0,0,0,0,0,0,0,0,0,0,0,0
ACC-10002551,0,0,0,0,0,0,0,0,0,0,0,0
ACC-10002552,0,0,0,0,0,0,0,0,0,0,0,0
ACC-10002553,0,0,0,0,0,0,0,0,0,0,0,0
ACC-10002554,0,0,0,0,0,0,0,0,0,0,0,0
ACC-10002555,0,0,0,0,0,0,0,0,0,0,0,0
ACC-10002556,0,0,0,0,0,0,0,0,0,0,0,0
ACC-10002557,0,0,0,0,0,0,0,0,0,0,0,0
ACC-10002558,0,0,0,0,0,0,0,0,0,0,0,0
ACC-10002559,0,0,0,0,0,0,0,0,0,0,0,0
ACC-10002560,0,0,0,0,0,0,0,0,0,0,0,0
ACC-10002561,0,0,0,0,0,0,0,0,0,0,0,0
ACC-10002562,0,0,0,0,0,0,0,0,0,0,0,0
ACC-10002563,0,0,0,0,0,0,0,0,0,0,0,0
ACC-10002564,0,0,0,0,0,0,0,0,0,0,0,0
ACC-10002565,0,0,0,0,0,0,0,0,0,0,0,0
ACC-10002566,0,0,0,0,0,0,0,0,0,0,0,0
ACC-10002567,0,0,0,0,0,0,0,0,0,0,0,0
ACC-10002568,0,0,0,0,0,0,0,0,0,0,0,0
ACC-10002569,0,0,0,0,0,0,0,0,0,0,0,0
ACC-10002570,0,0,0,0,0,0,0,0,0,0,0,0
ACC-10002571,0,0,0,0,0,0,0,0,0,0,0,0
ACC-10002572,0,0,0,0,0,0,0,0,0,0,0,0
ACC-10002573,0,0,0,0,0,0,0,0,0,0,0,0
ACC-10002574,0,0,0,0,0,0,0,0,0,0,0,0
ACC-10002575,0,0,0,0,0,0,0,0,0,0,0,0
ACC-10002576,0,0,0,0,0,0,0,0,0,0,0,0
ACC-10002577,0,0,0,0,0,0,0,0,0,0,0,0
ACC-10002578,0,0,0,0,0,0,0,0,0,0,0,0
ACC-10002579,0,0,0,0,0,0,0,0,0,0,0,0
ACC-10002580,0,0,0,0,0,0,0,0,0,0,0,0
ACC-10002581,0,0,0,0,0,0,0,0,0,0,0,0
ACC-10002582,0,0,0,0,0,0,0,0,0,0,0,0
ACC-10002583,0,0,0,0,0,0,0,0,0,0,0,0
ACC-10002584,0,0,0,0,0,0,0,0,0,0,0,0
ACC-10002585,0,0,0,0,0,0,0,0,0,0,0,0
ACC-10002586,1,0,0,1,1,0,0,0,0,0,0,0
ACC-10002587,0,0,0,0,0,0,0,0,0,0,0,0
ACC-10002588,0,0,0,0,0,0,0,0,0,0,0,0
ACC-10002589,0,0,0,0,0,0,0,0,0,0,0,0
ACC-10002590,0,0,0,0,0,0,0,0,0,0,0,0
ACC-10002591,0,0,0,0,0,0,0,0,0,0,0,0
ACC-10002592,0,0,0,0,0,0,0,0,0,0,0,0
ACC-10002593,0,0,0,0,0,0,0,0,0,0,0,0
ACC-10002594,0,0,0,0,0,0,0,0,0,0,0,0
ACC-10002595,0,0,0,0,0,0,0,0,0,0,0,0
ACC-10002596,0,0,0,0,0,0,0,0,0,0,0,0
ACC-10002597,0,0,0,0,0,0,0,0,0,0,0,0
ACC-10002598,0,0,0,0,0,0,0,0,0,0,0,0
ACC-10002599,0,0,0,0,0,0,0,0,0,0,0,0
ACC-10002600,0,0,0,0,0,0,0,0,0,0,0,0
ACC-10002601,0,0,0,0,0,0,0,0,0,0,0,0
ACC-10002602,1,0,1,1,1,0,0,0,1,1,1,1
ACC-10002603,0,0,0,0,0,0,0,0,0,0,0,0
ACC-10002604,0,0,0,0,0,0,0,0,0,0,0,0
ACC-10002605,0,0,0,0,0,0,0,0,0,0,0,0
ACC-10002606,1,1,0,1,0,1,1,0,0,0,0,0
ACC-10002607,1,0,1,0,0,0,0,0,1,1,1,1
ACC-10002608,0,0,0,0,0,0,0,0,0,0,0,0
ACC-10002609,0,0,0,0,0,0,0,0,0,0,0,0
ACC-10002610,0,0,0,0,0,0,0,0,0,0,0,0
ACC-10002611,0,0,0,0,0,0,0,0,0,0,0,0
ACC-10002612,0,0,0,0,0,0,0,0,0,0,0,0
ACC-10002613,1,0,0,0,1,1,0,0,0,0,0,0
ACC-10002614,0,0,0,0,0,0,0,0,0,0,0,0
ACC-10002615,0,0,0,0,0,0,0,0,0,0,0,0
ACC-10002616,0,0,0,0,0,0,0,0,0,0,0,0
ACC-10002617,0,0,0,0,0,0,0,0,0,0,0,0
ACC-10002618,0,0,0,0,0,0,0,0,0,0,0,0
ACC-10002619,0,0,0,0,0,0,0,0,0,0,0,0
ACC-10002620,0,0,0,0,0,0,0,0,0,0,0,0
ACC-10002621,0,0,0,0,0,0,0,0,0,0,0,0
ACC-10002622,0,0,0,0,0,0,0,0,0,0,0,0
ACC-10002623,0,0,0,0,0,0,0,0,0,0,0,0
ACC-10002624,0,0,0,0,0,0,0,0,0,0,0,0
ACC-10002625,0,0,0,0,0,0,0,0,0,0,0,0
ACC-10002626,0,0,0,0,0,0,0,0,0,0,0,0
ACC-10002627,0,0,0,0,0,0,0,0,0,0,0,0
ACC-10002628,0,0,0,0,0,0,0,0,0,0,0,0
ACC-10002629,0,0,1,1,1,1,0,0,1,1,1,1
ACC-10002630,0,0,0,0,0,0,0,0,0,0,0,0
ACC-10002631,0,0,0,0,0,0,0,0,0,0,0,0
ACC-10002632,0,0,0,0,0,0,0,0,0,0,0,0
ACC-10002633,0,0,0,0,0,0,0,0,0,0,0,0
ACC-10002634,0,0,0,0,0,0,0,0,0,0,0,0
ACC-10002635,0,0,0,0,0,0,0,0,0,0,0,0
ACC-10002636,0,0,0,0,0,0,0,0,0,0,0,0
ACC-10002637,0,0,0,0,0,0,0,0,0,0,0,0
ACC-10002638,0,0,0,0,0,0,0,0,0,0,0,0
ACC-10002639,0,0,0,0,0,0,0,0,0,0,0,0
ACC-10002640,0,0,0,0,0,0,0,0,0,0,0,0
ACC-10002641,0,0,0,0,0,0,0,0,0,0,0,0
ACC-10002642,0,0,0,0,0,0,0,0,0,0,0,0
ACC-10002643,0,0,0,0,0,0,0,0,0,0,0,0
ACC-10002644,0,0,0,1,0,0,0,0,0,0,0,0
ACC-10002645,0,0,0,0,0,0,0,0,0,0,0,0
ACC-10002646,0,0,0,0,0,0,0,0,0,0,0,0
ACC-10002647,0,0,0,0,0,0,0,0,0,0,0,0
ACC-10002648,0,0,0,0,0,0,0,0,0,0,0,0
ACC-10002649,0,0,0,0,0,0,0,0,0,0,0,0
ACC-10002650,0,0,0,0,0,0,0,0,0,0,0,0
ACC-10002651,0,0,0,0,0,0,0,0,0,0,0,0
ACC-10002652,0,0,0,0,0,0,0,0,0,0,0,0
ACC-10002653,0,0,0,0,0,0,0,0,0,0,0,0
ACC-10002654,0,0,0,0,0,0,0,0,0,0,0,0
ACC-10002655,0,0,0,0,0,0,0,0,0,0,0,0
ACC-10002656,0,0,0,0,0,0,0,0,0,0,0,0
ACC-10002657,0,0,0,0,0,0,0,0,0,0,0,0
ACC-10002658,0,0,0,0,0,0,0,0,0,0,0,0
ACC-10002659,0,0,0,0,0,0,0,0,0,0,0,0
ACC-10002660,0,0,0,0,0,0,0,0,0,0,0,0
ACC-10002661,0,0,0,0,0,0,0,0,0,0,0,0
ACC-10002662,0,0,0,0,0,0,0,0,0,0,0,0
ACC-10002663,0,0,0,0,0,0,0,0,0,0,0,0
ACC-10002664,0,0,0,0,0,0,0,0,0,0,0,0
ACC-10002665,0,0,0,0,0,0,0,0,0,0,0,0
ACC-10002666,0,0,0,0,0,0,0,0,0,0,0,0
ACC-10002667,0,0,0,0,0,0,0,0,0,0,0,0
ACC-10002668,0,0,0,0,0,0,0,0,0,0,0,0
ACC-10002669,0,0,0,0,0,0,0,0,0,0,0,0
ACC-10002670,0,0,0,0,0,0,0,0,0,0,0,0
ACC-10002671,0,0,0,0,0,0,0,0,0,0,0,0
ACC-10002672,0,0,0,0,0,0,0,0,0,0,0,0
ACC-10002673,0,0,0,0,0,1,0,1,1,1,0,0
ACC-10002674,0,0,0,0,0,0,0,0,0,0,0,0
ACC-10002675,0,0,0,0,0,0,0,0,0,0,0,0
ACC-10002676,0,0,0,0,0,0,0,0,0,0,0,0
ACC-10002677,0,0,0,0,0,0,0,0,0,0,0,0
ACC-10002678,0,0,0,0,0,0,0,0,0,0,0,0
ACC-10002679,0,0,0,0,0,0,0,0,0,0,0,0
ACC-10002680,0,0,0,0,0,0,0,0,0,0,0,0
ACC-10002681,0,0,0,0,0,0,0,0,0,0,0,0
ACC-10002682,0,0,0,0,0,1,0,1,0,1,1,1
ACC-10002683,0,0,0,0,0,0,0,0,0,0,0,0
ACC-10002684,0,1,0,0,1,0,1,0,0,1,0,1
ACC-10002685,0,0,0,0,0,0,0,0,0,0,0,0
ACC-10002686,0,0,0,0,0,0,0,0,0,0,0,0
ACC-10002687,0,0,0,0,0,0,0,0,0,0,0,0
ACC-10002688,0,0,0,0,0,0,0,0,0,0,0,0
ACC-10002689,0,1,0,0,1,0,1,0,1,1,0,0
ACC-10002690,0,0,0,0,0,0,0,0,0,0,0,0
ACC-10002691,0,0,0,0,0,0,0,0,0,0,0,0
ACC-10002692,0,0,0,0,0,0,0,0,0,0,0,0
ACC-10002693,0,0,0,0,0,0,0,0,0,0,0,0
ACC-10002694,0,0,0,0,0,0,0,0,0,0,0,0
ACC-10002695,0,0,0,0,0,0,0,0,0,0,0,0
ACC-10002696,0,0,0,0,0,0,0,0,0,0,0,0
ACC-10002697,0,0,0,0,0,0,0,0,0,0,0,0
ACC-10002698,0,0,0,0,0,0,0,0,0,0,0,0
ACC-10002699,0,0,0,0,0,0,0,0,0,0,0,0
ACC-10002700,0,0,0,0,0,0,0,0,0,0,0,0
ACC-10002701,0,0,0,0,0,0,0,0,0,0,0,0
ACC-10002702,0,0,0,0,0,0,0,0,0,0,0,0
ACC-10002703,0,0,0,0,0,0,0,0,0,0,0,0
ACC-10002704,0,0,0,0,0,0,0,0,0,0,0,0
ACC-10002705,0,0,0,0,0,0,0,0,0,0,0,0
ACC-10002706,0,0,0,0,0,0,0,0,0,0,0,0
ACC-10002707,0,0,0,0,0,0,0,0,0,0,0,0
ACC-10002708,0,0,0,0,0,0,0,0,0,0,0,0
ACC-10002709,0,0,0,0,0,0,0,0,0,0,0,0
ACC-10002710,1,0,0,0,1,1,0,0,0,1,0,0
ACC-10002711,0,0,0,0,0,0,0,0,0,0,0,0
ACC-10002712,0,0,0,0,0,0,0,0,0,0,0,0
ACC-10002713,0,0,0,0,0,0,0,0,0,0,0,0
ACC-10002714,0,0,0,0,0,0,0,0,0,0,0,0
ACC-10002715,1,0,0,1,0,1,1,0,0,0,1,0
ACC-10002716,0,0,0,0,0,0,0,0,0,0,0,0
ACC-10002717,0,0,0,0,0,0,0,0,0,0,0,0
ACC-10002718,0,0,0,0,0,0,0,0,0,0,0,0
ACC-10002719,0,0,0,0,0,0,0,0,0,0,0,0
ACC-10002720,0,0,0,0,0,0,0,0,0,0,0,0
,0,0,0,0,0,0,0,0,0,0,0,0
ACC-10002722,0,0,0,0,0,0,0,1,1,0,0,0
ACC-10002723,0,0,0,0,0,0,0,0,0,0,0,0
ACC-10002724,0,0,0,0,0,0,0,0,0,0,0,0
ACC-10002725,0,0,0,0,0,0,0,0,0,0,0,0
ACC-10002726,0,0,0,0,0,1,0,0,1,0,0,0
ACC-10002727,0,0,0,0,0,0,0,0,0,0,0,0
ACC-10002728,0,0,1,0,0,0,0,0,0,0,0,0
ACC-10002729,0,0,0,0,0,0,0,0,0,0,0,0
ACC-10002730,0,0,0,0,0,0,0,0,0,0,0,0
ACC-10002731,0,0,0,0,0,0,0,0,0,0,0,0
ACC-10002732,0,0,0,0,0,0,0,0,0,0,0,0
ACC-10002733,0,0,0,0,0,0,0,0,0,0,0,0
ACC-10002734,0,0,0,0,0,0,0,0,0,0,0,0
ACC-10002735,0,0,0,0,0,0,0,0,0,0,0,0
ACC-10002736,0,0,0,0,0,0,0,0,0,0,0,0
ACC-10002737,0,0,0,0,0,0,0,0,0,0,0,0
ACC-10002738,0,0,0,0,0,0,0,0,0,0,0,0
ACC-10002739,0,0,0,0,0,0,0,0,0,0,0,0
ACC-10002740,0,0,0,0,0,0,0,0,0,0,0,0
ACC-10002741,0,0,0,0,0,0,0,0,0,0,0,0
ACC-10002742,0,0,0,1,0,0,0,0,0,1,0,1
ACC-10002743,0,0,0,0,0,0,0,0,0,0,0,0
ACC-10002744,0,0,0,0,0,0,0,0,0,0,0,0
ACC-10002745,0,0,0,0,0,0,0,0,0,0,0,0
ACC-10002746,0,0,0,0,0,0,0,0,0,0,0,0
ACC-10002747,0,0,0,0,0,0,0,0,1,0,0,0
ACC-10002748,0,0,0,0,0,0,0,0,0,0,0,0
ACC-10002749,0,0,0,0,1,1,0,0,0,0,1,1
ACC-10002750,0,0,0,0,0,0,0,0,0,0,0,0
ACC-10002751,0,0,0,0,0,0,0,0,0,0,0,0
ACC-10002752,0,0,0,0,0,0,0,0,0,0,0,0
ACC-10002753,0,0,0,0,0,0,0,0,0,0,0,0
ACC-10002754,0,0,0,0,0,0,0,0,0,0,0,0
ACC-10002755,0,0,1,0,0,1,1,0,0,1,0,0
ACC-10002756,0,0,0,0,0,0,0,0,0,0,0,0
ACC-10002757,0,0,0,0,0,0,0,0,0,0,0,0
ACC-10002758,0,0,0,0,0,0,0,0,0,0,0,0
ACC-10002759,0,0,0,0,0,0,0,0,0,0,0,0
ACC-10002760,0,0,0,0,0,0,0,0,0,0,0,0
ACC-10002761,0,0,0,0,0,0,0,0,0,0,0,0
ACC-10002762,0,0,0,0,0,0,0,0,0,0,0,0
ACC-10002763,0,0,0,0,0,0,0,0,0,0,0,0
ACC-10002764,0,0,0,0,0,0,0,0,0,0,0,0
ACC-10002765,0,0,0,0,0,0,0,0,0,0,0,0
ACC-10002766,0,0,0,0,0,0,0,0,0,0,0,0
ACC-10002767,0,0,0,0,0,0,0,0,0,0,0,0
ACC-10002768,0,0,0,0,0,0,0,0,0,0,0,0
ACC-10002769,0,0,0,0,0,0,0,0,0,0,0,0
ACC-10002770,0,0,0,0,0,0,0,0,0,0,0,0
ACC-10002771,0,0,0,0,0,0,0,0,0,0,0,0
ACC-10002772,0,0,0,0,0,0,0,0,0,0,0,0
ACC-10002773,0,0,0,0,0,0,0,0,0,0,0,0
ACC-10002774,0,0,0,0,0,0,0,0,0,0,0,0
ACC-10002775,0,0,0,0,0,0,0,0,0,0,0,0
ACC-10002776,0,0,0,0,0,0,0,0,0,0,0,0
ACC-10002777,0,0,0,0,0,0,0,0,0,0,0,0
ACC-10002778,0,0,0,0,0,0,0,0,0,0,0,0
ACC-10002779,0,0,0,0,0,0,0,0,0,0,0,0
ACC-10002780,0,0,0,0,0,0,0,0,0,0,0,0
ACC-10002781,0,0,0,0,0,0,0,0,0,0,0,0
ACC-10002782,0,0,0,0,0,0,0,0,0,0,0,0
ACC-10002783,0,0,0,0,0,0,0,0,0,0,0,0
ACC-10002784,0,0,0,0,0,0,0,0,0,0,0,0
ACC-10002785,0,0,0,0,0,0,0,0,0,0,0,0
ACC-10002786,0,0,0,0,0,0,0,0,0,0,0,0
ACC-10002787,0,0,0,0,0,0,0,0,0,0,0,0
ACC-10002788,0,0,0,0,0,0,0,0,0,0,0,0
ACC-10002789,0,0,0,0,0,0,0,0,0,0,0,0
ACC-10002790,0,0,0,0,0,0,0,0,0,0,0,0
ACC-10002791,0,0,0,0,0,0,0,0,0,0,0,0
ACC-10002792,0,0,0,0,0,0,0,0,0,0,0,0
ACC-10002793,0,0,0,0,0,0,0,0,0,0,0,0
ACC-10002794,0,0,0,0,0,0,0,0,0,0,0,0
ACC-10002795,0,0,0,0,0,0,0,0,0,0,0,0
ACC-10002796,0,0,0,0,0,0,0,0,0,0,0,0
ACC-10002797,0,0,0,0,0,0,0,0,0,0,0,0
ACC-10002798,0,0,0,0,0,0,0,0,0,0,0,0
ACC-10002799,0,0,0,0,0,0,0,0,0,0,0,0
ACC-10002800,0,0,0,0,0,0,0,0,0,0,0,0
ACC-10002801,0,0,0,0,0,0,0,0,0,0,0,0
ACC-10002802,0,0,0,0,0,0,0,0,0,0,0,0
ACC-10002803,0,0,0,0,0,0,0,0,0,0,0,0
ACC-10002804,0,0,0,0,0,0,0,0,0,0,0,0
ACC-10002805,0,0,0,0,0,0,0,0,0,0,0,0
ACC-10002806,0,0,0,0,0,0,0,0,0,0,0,0
ACC-10002807,0,0,0,0,0,0,0,0,0,0,0,0
ACC-10002808,0,0,0,0,0,0,0,0,0,0,0,0
ACC-10002809,0,0,0,0,0,0,0,0,0,0,0,0
ACC-10002810,0,0,0,0,0,0,0,0,0,0,0,0
ACC-10002811,0,0,0,0,0,0,0,0,0,0,0,0
ACC-10002812,0,0,0,0,0,0,0,0,0,0,0,0
ACC-10002813,0,0,0,0,0,0,0,0,0,0,0,0
ACC-10002814,0,0,0,0,0,0,0,0,0,0,0,0
ACC-10002815,0,0,0,0,0,0,0,0,0,0,0,0
ACC-10002816,0,0,0,0,0,0,0,0,0,0,0,0
ACC-10002817,0,0,0,0,0,0,0,0,0,0,0,0
ACC-10002818,0,0,0,0,0,0,0,0,0,0,0,0
ACC-10002819,0,0,0,0,0,0,0,0,0,0,0,0
ACC-10002820,0,0,0,0,0,0,0,0,0,0,0,0
ACC-10002821,0,0,0,0,0,0,0,0,0,0,0,0
ACC-10002822,0,0,0,0,0,0,0,0,0,0,0,0
ACC-10002823,0,0,0,0,0,0,0,0,0,0,0,0
ACC-10002824,0,0,0,0,0,0,0,0,0,0,0,0
ACC-10002825,0,0,0,0,0,0,0,0,0,0,0,0
ACC-10002826,0,0,0,0,0,0,0,0,0,0,0,0
ACC-10002827,0,0,0,0,0,0,0,0,0,0,0,0
ACC-10002828,1,0,0,0,0,0,1,0,0,0,1,1
ACC-10002829,0,0,0,0,0,0,0,0,0,0,0,0
ACC-10002830,0,0,0,0,0,0,0,0,0,0,0,0
ACC-10002831,0,0,0,0,0,0,0,0,0,0,0,0
ACC-10002832,0,0,0,0,0,1,0,0,0,0,0,1
ACC-10002833,0,0,0,0,0,0,0,0,0,0,0,0
ACC-10002834,0,0,0,0,0,0,0,0,0,0,0,0
ACC-10002835,0,0,0,0,0,0,0,0,0,0,0,0
ACC-10002836,0,0,0,0,0,0,0,0,0,0,0,0
ACC-10002837,0,0,0,0,0,0,0,0,0,0,0,0
ACC-10002838,0,0,0,0,0,0,0,0,0,0,0,0
ACC-10002839,0,0,0,0,0,0,0,0,0,0,0,0
ACC-10002840,0,0,0,0,0,0,0,0,0,0,0,0
ACC-10002841,0,0,0,0,0,0,0,0,0,0,0,0
ACC-10002842,0,0,0,0,0,0,0,0,0,0,0,0
ACC-10002843,0,0,0,0,0,0,0,0,0,0,0,0
ACC-10002844,0,0,0,0,0,0,0,0,0,0,0,0
ACC-10002845,0,0,0,0,0,0,0,0,0,0,0,0
ACC-10002846,0,0,0,0,0,0,0,0,0,0,0,0
ACC-10002847,0,0,0,0,0,0,0,0,0,0,0,0
ACC-10002848,0,0,0,0,0,0,0,0,0,0,0,0
ACC-10002849,0,0,0,0,0,0,0,0,0,0,0,0
ACC-10002850,0,0,0,0,0,0,0,0,0,0,0,0
ACC-10002851,0,0,0,0,0,0,0,0,0,0,0,0
ACC-10002852,0,0,0,0,0,0,0,0,0,0,0,0
ACC-10002853,0,0,0,0,0,0,0,0,0,0,0,0
ACC-10002854,0,0,0,0,0,0,0,0,0,0,0,0
ACC-10002855,0,0,0,0,0,0,0,0,0,0,0,0
ACC-10002856,0,0,0,0,0,0,0,0,0,0,0,0
ACC-10002857,0,0,0,0,0,0,0,0,0,0,0,0
ACC-10002858,0,0,0,0,0,0,0,0,0,0,0,0
ACC-10002859,0,0,0,0,0,0,0,0,0,0,0,0
ACC-10002860,0,0,0,0,0,0,0,0,0,0,0,0
ACC-10002861,0,0,0,0,0,0,0,0,0,0,0,0
ACC-10002862,0,0,0,0,0,0,0,0,0,0,0,0
ACC-10002863,0,0,0,0,0,0,0,0,0,0,0,0
ACC-10002864,0,0,0,0,0,0,0,0,0,0,0,0
ACC-10002865,0,0,0,0,0,0,0,0,0,0,0,0
ACC-10002866,0,0,0,0,0,0,0,0,0,0,0,0
ACC-10002867,0,0,0,0,0,0,0,0,0,0,0,0
ACC-10002868,0,0,0,0,0,0,0,0,0,0,0,0
ACC-10002869,0,0,0,0,0,0,0,0,0,0,0,0
ACC-10002870,0,0,0,0,0,0,0,0,0,0,0,0
ACC-10002871,0,0,0,0,0,0,0,0,0,0,0,0
ACC-10002872,0,0,0,0,0,0,0,0,0,0,0,0
ACC-10002873,0,0,0,0,0,0,0,0,0,0,0,0
ACC-10002874,0,0,0,0,0,0,0,0,0,0,0,0
ACC-10002875,0,0,0,0,0,0,0,0,0,0,0,0
ACC-10002876,0,0,0,0,0,0,0,0,0,0,0,0
ACC-10002877,1,0,0,0,0,0,0,0,0,1,1,0
ACC-10002878,0,0,0,0,0,0,0,0,0,0,0,0
ACC-10002879,0,0,0,0,0,0,0,0,0,0,0,0
ACC-10002880,0,0,0,0,0,0,0,0,0,0,0,0
ACC-10002881,0,0,0,0,0,0,0,0,0,0,0,0
ACC-10002882,0,0,0,0,0,0,0,0,0,0,0,0
ACC-10002883,0,0,0,0,0,0,0,0,0,0,0,0
ACC-10002884,0,0,0,0,0,0,0,0,0,0,0,0
ACC-10002885,0,0,0,0,0,0,0,0,0,0,0,0
ACC-10002886,0,0,0,0,0,0,0,0,0,0,0,0
ACC-10002887,0,0,0,0,0,0,0,0,0,0,0,0
ACC-10002888,0,0,0,0,0,0,0,0,0,0,0,0
ACC-10002889,0,0,0,0,0,0,0,0,0,0,0,0
ACC-10002890,0,0,0,0,0,0,0,0,0,0,0,0
ACC-10002891,0,0,1,0,1,0,1,0,0,0,0,0
ACC-10002892,0,0,0,0,0,0,0,0,0,0,0,0
ACC-10002893,0,0,0,0,0,0,0,0,0,0,0,0
ACC-10002894,0,0,0,0,0,0,0,0,0,0,0,0
ACC-10002895,0,0,0,0,0,0,0,0,0,0,0,0
ACC-10002896,0,0,0,0,0,0,0,0,0,0,0,0
ACC-10002897,0,0,0,0,0,0,0,0,0,0,0,0
ACC-10002898,0,0,0,0,0,0,0,0,0,0,0,0
ACC-10002899,0,0,0,0,0,0,0,0,0,0,0,0
ACC-10002900,0,0,0,0,0,0,0,0,0,0,0,0
ACC-10002901,0,0,0,0,0,0,0,0,0,0,0,0
ACC-10002902,0,0,0,0,0,0,0,0,0,0,0,0
ACC-10002903,0,0,0,0,0,0,0,0,0,0,0,0
ACC-10002904,0,0,0,0,0,0,0,0,0,0,0,0
ACC-10002905,0,0,0,1,0,0,0,0,0,0,1,0
ACC-10002906,0,0,0,0,0,0,0,0,0,0,0,0
ACC-10002907,0,0,0,0,0,0,0,0,0,0,0,0
ACC-10002908,0,0,0,0,0,0,0,0,0,0,0,0
ACC-10002909,0,0,0,0,0,0,0,0,0,0,0,0
ACC-10002910,0,0,0,0,0,0,0,0,0,0,0,0
ACC-10002911,0,0,0,0,0,0,0,0,0,0,0,0
ACC-10002912,0,0,0,0,0,0,0,0,0,0,0,0
ACC-10002913,0,0,0,0,0,0,0,0,0,0,0,0
ACC-10002914,0,0,0,0,0,0,0,0,0,0,0,0
ACC-10002915,0,0,0,0,0,0,0,0,0,0,0,0
ACC-10002916,0,0,0,0,0,0,0,0,0,0,0,0
ACC-10002917,0,0,0,0,0,0,0,0,0,0,0,0
ACC-10002918,0,0,0,0,0,0,0,0,0,0,0,0
ACC-10002919,0,0,0,0,0,0,0,0,0,0,0,0
ACC-10002920,0,0,0,0,0,0,0,0,0,0,0,0
ACC-10002921,0,0,0,0,0,0,0,0,0,0,0,0
ACC-10002922,0,0,0,0,0,0,0,0,0,0,0,0
ACC-10002923,0,0,0,0,0,0,0,0,0,0,0,0
ACC-10002924,0,0,0,0,0,0,0,0,0,0,0,0
ACC-10002925,0,0,0,0,0,0,0,0,0,0,0,0
ACC-10002926,0,0,0,0,0,0,0,0,0,0,0,0
ACC-10002927,0,0,0,0,0,0,0,0,0,0,0,0
ACC-10002928,0,0,0,0,0,0,0,0,0,0,0,0
ACC-10002929,0,0,0,0,0,0,0,0,0,0,0,0
ACC-10002930,0,0,0,0,0,0,0,0,0,0,0,0
ACC-10002931,0,0,0,0,0,0,0,0,0,0,0,0
ACC-10002932,0,0,0,0,0,0,0,0,0,0,0,0
ACC-10002933,0,0,0,0,0,0,0,0,0,0,0,0
ACC-10002934,0,0,0,0,0,0,0,0,0,0,0,0
ACC-10002935,0,0,0,0,0,0,0,0,0,0,0,0
ACC-10002936,0,0,0,0,0,0,0,0,0,0,0,0
ACC-10002937,0,0,0,0,0,0,0,0,0,0,0,0
ACC-10002938,0,0,0,0,0,0,0,0,0,0,0,0
ACC-10002939,0,0,0,0,0,0,0,0,0,0,0,0
ACC-10002940,0,0,0,0,0,0,0,0,0,0,0,0
ACC-10002941,0,0,0,0,0,0,0,0,0,0,0,0
ACC-10002942,0,0,0,0,0,0,0,0,0,0,0,0
ACC-10002943,0,0,0,0,0,0,0,0,0,0,0,0
ACC-10002944,0,0,0,0,0,0,0,0,0,0,0,0
ACC-10002945,0,0,0,0,0,0,0,0,0,0,0,0
ACC-10002946,0,0,0,0,0,0,0,0,0,0,0,0
ACC-10002947,0,0,0,0,0,0,0,0,0,0,0,0
ACC-10002948,0,0,0,0,0,0,0,0,0,0,0,0
ACC-10002949,0,0,0,0,0,0,0,0,0,0,0,0
ACC-10002950,0,0,0,0,0,0,0,0,0,0,0,0
ACC-10002951,0,0,0,0,0,0,0,0,0,0,0,0
ACC-10002952,0,0,0,0,0,0,0,0,0,1,1,1
ACC-10002953,0,0,0,0,0,0,0,0,0,0,0,0
ACC-10002954,0,0,0,0,0,0,0,0,0,0,0,0
ACC-10002955,0,0,0,0,0,0,0,0,0,0,0,0
ACC-10002956,0,0,0,0,0,0,0,0,0,0,0,0
ACC-10002957,0,0,0,0,0,0,0,0,0,0,0,0
ACC-10002958,0,0,0,0,0,0,0,0,0,0,0,0
ACC-10002959,0,0,0,0,0,0,0,0,0,0,0,0
ACC-10002960,0,0,0,0,0,0,0,0,0,0,0,0
ACC-10002961,0,0,0,0,0,0,0,0,0,0,0,0
ACC-10002962,0,0,0,0,0,0,0,0,0,0,0,0
ACC-10002963,0,0,0,0,0,0,0,0,0,0,0,0
ACC-10002964,0,0,0,0,0,0,0,0,0,0,0,0
ACC-10002965,0,0,0,0,0,0,0,0,0,0,0,0
ACC-10002966,0,0,0,0,0,0,0,0,0,0,0,0
ACC-10002967,0,0,0,0,0,0,0,0,0,0,0,0
ACC-10002968,0,0,0,0,0,0,0,0,0,0,0,0
ACC-10002969,0,0,0,0,0,0,0,0,0,0,0,0
ACC-10002970,0,0,0,0,0,0,0,0,0,0,0,0
ACC-10002971,0,0,0,0,0,0,0,0,0,0,0,0
ACC-10002972,0,0,0,0,0,0,0,0,0,0,0,0
ACC-10002973,0,0,0,0,0,0,0,0,0,0,0,0
ACC-10002974,0,0,0,0,0,0,0,0,0,0,0,0
ACC-10002975,0,0,0,0,0,0,0,0,0,0,0,0
ACC-10002976,0,0,0,0,0,0,0,0,0,0,0,0
ACC-10002977,0,0,0,0,0,0,0,0,0,0,0,0
ACC-10002978,0,0,0,0,0,0,0,0,0,0,0,0
ACC-10002979,0,0,0,0,0,0,0,0,0,0,0,0
ACC-10002980,0,0,0,0,0,0,0,0,0,0,0,0
ACC-10002981,0,0,0,0,0,0,0,0,0,0,0,0
ACC-10002982,0,0,0,0,0,0,0,0,0,0,0,0
,0,0,0,0,0,0,0,0,0,0,0,0
ACC-10002984,0,0,0,0,0,0,0,0,0,0,0,0
ACC-10002985,0,0,0,0,0,0,0,0,0,0,0,0
ACC-10002986,0,0,0,0,0,0,0,0,0,0,0,0
ACC-10002987,0,0,0,0,0,0,0,0,0,0,0,0
ACC-10002988,0,0,0,0,0,0,0,0,0,0,0,0
ACC-10002989,0,0,0,0,0,0,0,0,0,0,0,0
ACC-10002990,0,0,0,0,0,0,0,0,0,0,0,0
ACC-10002991,0,0,0,0,0,0,0,0,0,0,0,0
ACC-10002992,0,0,0,0,0,0,0,0,0,0,0,0
ACC-10002993,0,0,0,0,0,0,0,0,0,0,0,0
ACC-10002994,0,0,0,0,0,0,0,0,0,0,0,0
ACC-10002995,0,0,0,0,0,0,0,0,0,0,0,0
ACC-10002996,0,0,0,0,0,0,0,0,0,0,0,0
ACC-10002997,0,0,0,0,0,0,0,0,0,0,0,0
ACC-10002998,0,0,0,0,0,0,0,0,0,0,0,0
ACC-10002999,0,0,0,0,0,0,0,0,0,0,0,0
ACC-10003000,0,0,0,0,0,0,0,0,0,0,0,0
ACC-10003001,0,0,0,0,0,0,0,0,0,0,0,0
ACC-10003002,0,0,0,0,0,0,0,0,0,0,0,0
ACC-10003003,0,0,0,0,0,0,0,0,0,0,0,0
ACC-10003004,0,0,0,0,0,0,0,0,0,0,0,0
ACC-10003005,0,0,0,0,0,0,0,0,0,0,0,0
ACC-10003006,0,0,0,0,0,0,0,0,0,0,0,0
ACC-10003007,0,0,0,0,0,0,0,0,0,0,0,0
ACC-10003008,0,0,0,0,0,0,0,0,0,0,0,0
ACC-10003009,0,0,0,0,0,0,0,0,0,0,0,0
ACC-10003010,0,0,0,0,0,0,0,0,0,0,0,0
ACC-10003011,0,0,0,0,0,0,0,0,0,0,0,0
ACC-10003012,0,0,0,0,0,0,0,0,0,0,0,0
ACC-10003013,0,0,0,0,0,0,0,0,0,0,0,0
ACC-10003014,0,0,0,0,0,0,0,0,0,0,0,0
ACC-10003015,0,0,0,0,0,0,0,0,0,0,0,0
ACC-10003016,0,0,0,0,0,0,0,0,0,0,0,0
ACC-10003017,0,0,0,0,0,0,0,0,0,0,0,0
ACC-10003018,0,0,0,0,0,0,0,0,0,0,0,0
ACC-10003019,0,0,0,0,0,0,0,0,0,0,0,0
ACC-10003020,0,1,1,1,0,1,1,0,0,0,0,0
ACC-10003021,0,0,0,0,0,0,0,0,0,0,0,0
ACC-10003022,0,0,0,0,0,0,0,0,0,0,0,0
ACC-10003023,0,0,0,0,0,0,0,1,1,0,1,1
ACC-10003024,0,0,0,0,0,0,0,0,0,0,0,0
ACC-10003025,0,0,0,0,0,0,0,0,0,0,0,0
ACC-10003026,0,0,0,0,0,0,0,0,0,0,0,0
ACC-10003027,0,0,0,0,0,0,0,0,0,0,0,0
ACC-10003028,0,0,0,0,0,0,0,0,0,0,0,0
ACC-10003029,0,0,0,0,0,0,0,0,0,0,0,0
ACC-10003030,0,0,0,0,0,0,0,0,0,0,0,0
ACC-10003031,0,0,0,0,0,0,0,0,0,0,0,0
ACC-10003032,0,0,0,0,0,0,0,0,0,0,0,0
ACC-10003033,0,0,0,0,0,0,0,0,0,0,0,0
ACC-10003034,0,0,0,0,0,0,0,0,0,0,0,0
ACC-10003035,0,0,0,0,0,0,0,0,0,0,0,0
ACC-10003036,0,0,0,0,0,0,0,0,0,0,0,0
ACC-10003037,0,0,0,0,0,0,0,0,0,0,0,0
ACC-10003038,0,0,0,0,0,0,0,0,0,0,0,0
ACC-10003039,0,0,0,0,0,0,0,0,0,0,0,0
ACC-10003040,0,0,0,0,0,0,0,0,0,0,0,0
ACC-10003041,0,0,0,0,0,0,0,0,0,0,0,0
ACC-10003042,0,0,0,0,0,0,0,0,0,0,0,0
ACC-10003043,0,0,0,0,0,0,0,0,0,0,0,0
ACC-10003044,0,0,0,0,0,0,0,0,0,0,0,0
ACC-10003045,0,0,0,0,0,0,0,0,0,0,0,0
ACC-10003046,0,0,0,0,0,0,0,0,0,0,0,0
ACC-10003047,0,0,0,0,0,0,0,0,0,0,0,0
ACC-10003048,0,0,0,0,0,0,0,0,0,0,0,0
ACC-10003049,0,0,0,0,0,0,0,0,0,0,0,0
ACC-10003050,0,0,0,0,0,0,0,0,0,0,0,0
ACC-10003051,0,0,0,0,0,0,0,0,0,0,0,0
ACC-10003052,0,0,0,0,0,0,0,0,0,0,0,0
ACC-10003053,0,0,0,0,0,0,0,0,0,0,0,0
ACC-10003054,0,0,0,0,0,0,0,0,0,0,0,0
ACC-10003055,0,0,0,0,0,0,0,0,0,0,0,0
ACC-10003056,0,0,0,0,0,0,0,0,0,0,0,0
ACC-10003057,0,0,0,0,0,0,0,0,0,0,0,0
ACC-10003058,0,0,0,0,0,0,0,0,0,0,0,0
ACC-10003059,0,0,0,0,0,0,0,0,0,0,0,0
ACC-10003060,0,0,0,0,0,0,0,0,0,0,0,0
ACC-10003061,0,0,0,0,0,0,0,0,0,0,0,0
ACC-10003062,0,0,0,0,0,0,0,0,0,0,0,0
ACC-10003063,0,0,0,0,0,0,0,0,0,0,0,0
ACC-10003064,0,0,0,0,0,0,0,0,0,0,0,0
ACC-10003065,0,0,0,0,0,0,0,0,0,0,0,0
ACC-10003066,0,0,0,0,0,0,0,0,0,0,0,0
ACC-10003067,0,0,0,0,0,0,0,0,0,0,0,0
ACC-10003068,0,0,0,0,0,0,0,0,0,0,0,0
ACC-10003069,0,0,0,0,0,0,0,0,0,0,0,0
ACC-10003070,0,0,0,0,0,0,0,0,0,0,0,0
ACC-10003071,0,0,0,0,0,0,0,0,0,0,0,0
ACC-10003072,0,0,0,0,0,0,0,0,0,0,0,0
ACC-10003073,0,0,0,0,0,0,0,0,0,0,0,0
ACC-10003074,0,0,0,0,0,0,0,0,0,0,0,0
ACC-10003075,0,0,0,0,0,0,0,0,0,0,0,0
ACC-10003076,0,0,0,0,0,0,0,0,0,0,0,0
ACC-10003077,0,0,0,0,0,0,0,0,0,0,0,0
ACC-10003078,0,0,0,0,0,0,0,0,0,0,0,0
ACC-10003079,0,0,0,0,0,0,0,0,0,0,0,0
ACC-10003080,0,0,0,0,0,0,0,0,0,0,0,0
ACC-10003081,0,0,0,0,0,0,0,0,0,0,0,0
ACC-10003082,0,0,0,0,0,0,0,0,0,0,0,0
ACC-10003083,0,0,0,0,0,0,0,0,0,0,0,0
ACC-10003084,0,0,0,0,0,0,0,0,0,0,0,0
ACC-10003085,0,0,0,0,0,0,0,0,0,0,0,0
ACC-10003086,0,0,0,0,0,0,0,0,0,0,0,0
ACC-10003087,0,0,0,0,0,0,0,0,0,0,0,0
ACC-10003088,0,0,0,0,0,0,0,0,0,0,0,0
ACC-10003089,0,0,0,0,0,0,0,0,0,0,0,0
ACC-10003090,0,0,0,0,0,0,0,0,0,0,0,0
ACC-10003091,0,0,0,0,0,0,0,0,0,0,0,0
ACC-10003092,0,0,0,0,0,0,1,0,1,0,0,0
ACC-10003093,0,0,0,0,0,0,0,0,0,0,0,0
ACC-10003094,0,0,0,0,0,0,0,0,0,0,0,0
ACC-10003095,0,0,0,0,0,0,0,0,0,0,0,0
ACC-10003096,0,0,0,0,0,0,0,0,0,0,0,0
ACC-10003097,0,0,0,0,0,0,0,0,0,0,0,0
ACC-10003098,0,0,0,0,0,0,0,0,0,0,0,0
ACC-10003099,0,0,0,0,0,0,0,0,0,0,0,0
ACC-10003100,0,0,0,0,0,0,0,0,0,0,0,0
ACC-10003101,0,0,0,0,0,0,0,0,0,0,0,0
ACC-10003102,0,0,0,0,0,0,0,0,0,0,0,0
ACC-10003103,0,0,0,0,0,0,0,0,0,0,0,0
ACC-10003104,0,0,0,0,0,0,0,0,0,0,0,0
ACC-10003105,0,0,0,0,0,0,0,0,0,0,0,0
ACC-10003106,1,0,0,1,1,0,1,0,1,0,0,1
ACC-10003107,0,0,0,0,0,0,0,0,0,0,0,0
ACC-10003108,0,0,0,0,0,0,0,0,0,0,0,0
ACC-10003109,0,0,0,0,0,0,0,0,0,0,0,0
ACC-10003110,0,0,0,0,0,0,0,0,0,0,0,0
ACC-10003111,0,0,0,0,0,0,0,0,0,0,0,0
ACC-10003112,0,0,0,0,0,0,0,0,0,0,0,0
ACC-10003113,0,0,0,0,0,0,0,0,0,0,0,0
ACC-10003114,0,0,0,0,0,0,0,0,0,0,0,0
ACC-10003115,0,0,0,0,0,0,0,0,0,0,0,0
ACC-10003116,0,0,0,0,0,0,0,0,0,0,0,0
ACC-10003117,0,0,0,0,0,0,0,0,0,0,0,0
ACC-10003118,0,0,0,0,0,0,0,0,0,0,0,0
ACC-10003119,0,0,0,0,0,0,0,0,0,0,0,0
ACC-10003120,0,0,0,0,0,0,0,0,0,0,0,0
ACC-10003121,0,0,0,0,0,0,0,0,1,0,0,0
ACC-10003122,0,0,0,0,0,0,0,0,0,0,0,0
ACC-10003123,0,0,0,0,0,0,0,0,0,0,0,0
ACC-10003124,0,0,0,0,0,0,0,0,0,0,0,0
ACC-10003125,0,0,0,0,0,0,0,0,0,0,0,0
ACC-10003126,0,0,0,0,0,0,0,0,0,0,0,0
ACC-10003127,0,0,0,0,0,0,0,0,0,0,0,0
ACC-10003128,0,0,0,0,0,0,0,0,0,0,0,0
ACC-10003129,0,0,0,0,0,0,0,0,0,0,0,0
ACC-10003130,0,0,0,0,0,0,0,0,0,0,0,0
ACC-10003131,0,0,0,0,0,0,0,0,0,0,0,0
ACC-10003132,0,0,0,0,0,0,0,0,0,0,0,0
ACC-10003133,0,0,0,0,0,0,0,0,0,0,0,0
ACC-10003134,0,0,0,0,0,0,0,0,0,0,0,0
ACC-10003135,0,0,0,0,0,0,0,0,0,0,0,0
ACC-10003136,0,0,0,0,0,0,0,0,0,0,0,0
ACC-10003137,0,0,0,0,0,0,0,0,0,0,0,0
ACC-10003138,0,0,0,0,0,0,0,0,0,0,0,0
ACC-10003139,0,0,0,0,0,0,0,0,0,0,0,0
ACC-10003140,0,0,0,0,0,0,0,0,0,0,0,0
ACC-10003141,0,0,0,0,0,0,0,0,0,0,0,0
ACC-10003142,0,0,0,0,0,0,0,0,0,0,0,0
ACC-10003143,0,0,0,0,0,0,0,0,0,0,0,0
ACC-10003144,0,0,0,0,0,0,0,0,0,0,0,0
ACC-10003145,0,0,0,0,0,0,0,0,0,0,0,0
ACC-10003146,0,0,0,0,0,0,0,0,0,0,1,0
ACC-10003147,0,0,0,0,0,0,0,0,0,0,0,0
ACC-10003148,0,0,0,0,0,0,0,0,0,0,0,0
ACC-10003149,0,0,0,0,0,0,0,0,0,0,0,0
ACC-10003150,0,0,0,0,0,0,0,0,0,0,0,0
ACC-10003151,0,0,0,0,0,0,0,0,0,0,0,0
ACC-10003152,0,0,0,0,0,0,0,0,0,0,0,0
ACC-10003153,0,0,0,0,0,0,0,0,0,0,0,0
ACC-10003154,0,0,0,0,0,0,0,0,0,0,0,0
ACC-10003155,0,0,0,0,0,0,0,0,0,0,0,0
ACC-10003156,0,0,0,0,0,0,0,0,0,0,0,0
ACC-10003157,0,0,1,0,0,0,0,1,0,0,0,0
ACC-10003158,0,0,0,1,0,0,0,1,0,0,1,0
ACC-10003159,0,0,0,0,0,0,0,0,0,0,0,0
ACC-10003160,0,0,0,0,0,0,0,0,0,0,0,0
ACC-10003161,0,0,0,0,0,0,0,0,0,0,0,0
ACC-10003162,0,0,0,0,0,0,0,0,0,0,0,0
ACC-10003163,0,0,0,0,0,0,0,0,0,0,0,0
ACC-10003164,0,0,0,0,0,0,0,0,0,0,0,0
ACC-10003165,0,0,0,0,0,0,0,0,0,0,0,0
ACC-10003166,0,0,0,0,0,0,0,0,0,0,0,0
ACC-10003167,0,0,0,0,0,0,0,0,0,0,0,0
ACC-10003168,0,0,0,0,0,0,0,0,0,0,0,0
ACC-10003169,0,0,0,0,0,0,0,0,0,0,0,0
ACC-10003170,0,0,0,0,0,0,0,0,0,0,0,0
ACC-10003171,0,0,0,0,0,0,0,0,0,0,0,0
ACC-10003172,0,0,0,0,0,0,0,0,0,0,0,0
ACC-10003173,0,0,0,0,0,0,0,0,0,0,0,0
ACC-10003174,0,0,0,0,0,0,0,0,0,0,0,0
ACC-10003175,0,0,0,0,0,0,0,0,0,0,0,0
ACC-10003176,0,0,0,0,0,0,0,0,0,0,0,0
ACC-10003177,0,0,0,0,0,0,0,0,0,0,0,0
ACC-10003178,0,0,0,0,0,0,0,0,0,0,0,0
ACC-10003179,0,0,0,0,0,0,0,0,0,0,0,0
ACC-10003180,0,0,0,0,0,0,0,0,1,0,0,0
ACC-10003181,0,0,0,0,0,0,0,0,0,0,0,0
ACC-10003182,0,0,0,0,0,0,0,0,0,0,0,0
ACC-10003183,1,0,1,1,1,0,0,1,0,0,0,1
ACC-10003184,0,0,0,0,0,0,0,0,0,0,0,0
ACC-10003185,0,0,0,0,0,0,0,0,0,0,0,0
ACC-10003186,0,0,0,0,0,0,0,0,0,0,0,0
ACC-10003187,0,0,0,0,0,0,0,0,0,0,0,0
ACC-10003188,0,0,0,0,0,0,0,0,0,0,0,0
ACC-10003189,0,0,0,0,0,0,0,0,0,0,0,0
ACC-10003190,0,0,0,0,0,0,0,0,0,0,0,0
ACC-10003191,0,0,0,0,0,0,0,0,0,0,1,0
ACC-10003192,0,0,0,0,0,0,0,0,0,0,0,0
ACC-10003193,0,0,0,0,0,0,0,0,0,0,0,0
ACC-10003194,0,0,0,0,0,0,0,0,0,0,0,0
ACC-10003195,0,0,0,0,0,0,0,0,0,0,0,0
ACC-10003196,0,0,0,0,0,0,0,0,0,0,0,0
ACC-10003197,0,0,0,0,0,0,0,0,0,0,0,0
ACC-10003198,0,0,0,0,0,0,0,0,0,0,0,0
ACC-10003199,0,0,0,0,0,0,0,0,0,0,0,0
ACC-10003200,0,0,0,0,0,0,0,0,0,0,0,0
ACC-10003201,0,0,0,0,0,0,0,0,0,0,0,0
ACC-10003202,0,0,0,0,0,0,0,0,0,0,0,0
ACC-10003203,0,0,0,0,0,0,0,0,0,0,0,0
ACC-10003204,1,1,0,1,1,0,0,0,0,0,0,0
ACC-10003205,0,0,0,0,0,0,0,0,0,0,0,0
ACC-10003206,0,0,0,0,0,0,0,0,0,0,0,0
ACC-10003207,0,0,0,0,0,0,0,0,0,0,0,0
ACC-10003208,0,0,0,0,0,0,0,0,0,0,0,0
ACC-10003209,1,0,1,0,0,0,0,0,0,1,0,1
ACC-10003210,0,0,0,0,0,0,0,0,0,0,0,0
ACC-10003211,0,0,0,0,0,0,0,0,0,0,0,0
ACC-10003212,0,0,0,0,0,0,0,0,0,0,0,0
ACC-10003213,0,0,0,0,0,0,0,0,0,0,0,0
ACC-10003214,0,0,0,0,0,0,0,0,0,0,0,0
ACC-10003215,0,0,0,0,0,0,0,0,0,0,0,0
ACC-10003216,0,0,0,0,0,0,0,0,0,0,0,0
ACC-10003217,0,0,0,0,0,0,0,0,0,0,0,0
ACC-10003218,0,0,0,0,0,0,0,0,0,0,0,0
ACC-10003219,0,0,0,0,0,0,0,0,0,0,0,0
ACC-10003220,0,0,0,0,0,0,0,0,0,0,0,0
ACC-10003221,0,0,0,0,0,0,0,0,0,0,0,0
ACC-10003222,0,0,0,0,0,0,0,0,0,0,0,0
ACC-10003223,0,0,0,0,0,0,0,0,0,0,0,0
ACC-10003224,0,0,0,0,0,0,0,0,0,0,0,0
ACC-10003225,0,0,0,0,0,0,0,0,0,0,0,0
ACC-10003226,0,0,0,0,0,0,0,0,0,0,0,0
ACC-10003227,0,0,0,0,0,0,0,0,0,0,0,0
ACC-10003228,0,0,0,0,0,0,0,0,0,0,0,0
ACC-10003229,0,0,0,0,0,0,0,0,0,0,0,0
ACC-10003230,0,0,0,0,0,0,0,0,0,0,0,0
ACC-10003231,0,0,0,0,0,0,0,0,0,0,0,0
ACC-10003232,0,0,0,0,0,0,0,0,0,0,0,0
ACC-10003233,0,0,0,0,0,0,0,0,0,0,0,0
ACC-10003234,0,0,0,0,0,0,0,0,0,0,0,0
ACC-10003235,0,0,0,0,0,0,0,0,0,0,0,0
ACC-10003236,0,0,0,0,0,0,0,0,0,0,0,0
ACC-10003237,0,0,0,0,0,0,0,0,0,0,0,0
ACC-10003238,0,1,0,0,0,1,0,0,0,1,0,0
ACC-10003239,0,0,0,0,0,0,0,0,0,0,0,0
ACC-10003240,0,0,0,0,0,0,0,0,0,0,0,0
ACC-10003241,0,0,0,0,0,0,0,0,0,0,0,0
ACC-10003242,1,1,0,0,0,0,0,1,1,1,0,0
ACC-10003243,0,0,0,0,0,0,0,0,0,0,0,0
ACC-10003244,0,0,0,0,0,0,0,0,0,0,0,0
ACC-10003245,0,0,0,0,0,0,0,0,0,0,0,0
ACC-10003246,0,0,0,0,0,0,0,0,0,0,0,0
ACC-10003247,0,0,0,0,0,0,0,0,0,0,0,0
ACC-10003248,0,0,0,0,0,0,0,0,0,0,0,0
ACC-10003249,0,0,0,0,0,0,0,0,0,0,0,0
ACC-10003250,0,0,0,0,0,0,0,0,0,0,0,0
ACC-10003251,0,0,0,0,0,0,0,0,0,0,0,0
ACC-10003252,0,0,0,0,0,0,0,0,0,0,0,0
ACC-10003253,1,1,1,0,0,0,0,0,0,1,1,1
ACC-10003254,0,0,0,0,0,0,0,0,0,0,0,0
ACC-10003255,0,0,0,0,0,0,0,0,0,0,0,0
ACC-10003256,0,0,0,0,0,0,0,0,0,0,0,0
ACC-10003257,0,0,0,0,0,0,0,0,0,0,0,0
ACC-10003258,0,0,0,0,0,0,0,0,0,0,0,0
ACC-10003259,0,0,0,0,0,0,0,0,0,0,0,0
ACC-10003260,0,0,0,0,1,0,1,0,0,0,0,0
ACC-10003261,0,0,0,0,0,0,0,0,0,0,0,0
ACC-10003262,0,0,0,0,0,0,0,0,0,0,0,0
ACC-10003263,0,0,0,0,0,0,0,0,0,0,0,0
ACC-10003264,0,0,0,0,0,0,0,0,0,0,0,0
ACC-10003265,0,0,0,0,0,0,0,0,0,0,0,0
ACC-10003266,0,0,0,0,0,0,0,0,0,0,0,0
ACC-10003267,0,0,0,0,0,0,0,0,0,0,0,0
ACC-10003268,0,0,0,0,0,0,0,0,0,0,0,0
ACC-10003269,0,0,0,0,0,0,0,0,0,0,0,0
ACC-10003270,0,0,0,0,0,0,0,0,0,0,0,0
ACC-10003271,0,0,0,0,0,0,0,0,0,0,0,0
ACC-10003272,0,0,0,0,0,0,0,0,0,0,0,0
ACC-10003273,0,0,0,0,0,0,0,0,0,0,0,0
ACC-10003274,0,0,0,0,0,0,0,0,0,0,0,0
ACC-10003275,0,0,0,0,0,0,0,0,0,0,0,0
ACC-10003276,0,0,0,0,0,0,0,0,0,0,0,0
ACC-10003277,0,0,0,0,0,0,0,0,0,0,0,0
ACC-10003278,0,0,0,0,0,0,0,0,0,0,0,0
ACC-10003279,0,0,0,0,0,0,0,0,0,0,0,0
ACC-10003280,0,0,0,0,0,0,0,0,0,0,0,0
ACC-10003281,0,1,0,0,0,1,0,0,0,0,1,1
ACC-10003282,0,0,0,0,0,0,0,0,0,0,0,0
ACC-10003283,0,0,0,0,0,0,0,0,0,0,0,0
ACC-10003284,0,0,0,0,0,0,0,0,0,0,0,0
ACC-10003285,0,0,0,0,0,0,0,0,0,0,0,0
ACC-10003286,0,0,0,0,0,0,0,0,0,0,0,0
ACC-10003287,0,0,0,0,0,0,0,0,0,0,0,0
ACC-10003288,0,0,0,0,0,0,0,0,0,0,0,0
ACC-10003289,0,0,0,0,0,0,0,0,0,0,0,0
ACC-10003290,0,0,0,0,0,0,0,0,0,0,0,0
ACC-10003291,0,0,0,0,0,0,0,0,0,0,0,0
ACC-10003292,0,0,0,0,0,0,0,0,0,0,0,0
ACC-10003293,0,0,0,0,0,0,0,0,0,0,0,0
ACC-10003294,0,0,0,0,0,0,0,0,0,0,0,0
ACC-10003295,0,0,0,0,0,0,0,0,0,0,0,0
ACC-10003296,0,0,0,0,0,0,0,0,0,0,0,0
ACC-10003297,0,0,0,0,0,0,0,0,0,0,0,0
ACC-10003298,0,0,0,0,0,0,0,0,0,0,0,0
ACC-10003299,0,0,0,0,0,0,0,0,0,0,0,0
ACC-10003300,0,0,0,0,0,0,0,0,0,0,0,0
ACC-10003301,0,0,0,0,0,0,0,0,0,0,0,0
ACC-10003302,0,0,0,0,0,0,0,0,0,0,0,0
ACC-10003303,0,0,0,0,0,0,0,0,0,0,0,0
ACC-10003304,0,0,0,0,0,0,0,0,0,0,0,0
ACC-10003305,0,0,0,0,0,0,0,0,0,0,0,0
ACC-10003306,0,0,0,0,0,0,0,0,0,0,0,0
ACC-10003307,0,1,1,1,0,0,1,0,0,0,0,0
ACC-10003308,0,0,0,0,0,0,0,0,0,0,0,0
ACC-10003309,0,0,0,0,0,0,0,0,0,0,0,0
ACC-10003310,0,0,0,0,0,0,0,0,0,0,0,0
ACC-10003311,0,0,0,0,0,0,0,0,0,0,0,0
ACC-10003312,0,0,0,0,0,0,0,0,0,0,0,0
ACC-10003313,0,0,0,0,0,0,0,0,0,0,0,0
ACC-10003314,0,1,0,1,1,1,0,0,0,0,0,1
ACC-10003315,0,0,0,0,0,0,0,0,0,0,0,0
ACC-10003316,0,0,0,0,0,0,0,0,0,0,0,0
ACC-10003317,0,0,0,0,0,0,0,0,0,0,0,0
ACC-10003318,1,1,1,0,1,1,1,1,0,0,1,1
ACC-10003319,0,0,0,0,0,0,0,0,0,0,0,0
ACC-10003320,0,0,0,0,0,0,0,0,0,0,0,0
ACC-10003321,0,0,0,0,0,0,0,0,0,0,0,0
ACC-10003322,0,0,0,0,0,0,0,0,0,0,0,0
ACC-10003323,0,0,0,0,0,0,0,0,0,0,0,0
ACC-10003324,0,0,0,0,0,0,0,0,0,0,0,0
ACC-10003325,0,0,0,0,0,0,0,0,0,0,0,0
ACC-10003326,0,0,0,0,0,0,0,0,0,0,0,0
ACC-10003327,0,0,0,0,0,0,0,0,0,0,0,0
ACC-10003328,0,0,0,0,0,0,0,0,0,0,0,0
ACC-10003329,0,0,0,0,0,0,0,0,0,0,0,0
ACC-10003330,0,0,0,0,0,0,0,0,0,0,0,0
ACC-10003331,0,0,0,0,0,0,0,0,0,0,0,0
ACC-10003332,0,0,0,0,0,0,0,0,0,0,0,0
ACC-10003333,0,0,0,0,0,0,0,0,0,0,0,0
ACC-10003334,0,0,0,0,0,0,0,0,0,0,0,0
ACC-10003335,0,0,0,0,0,0,0,0,0,0,0,0
ACC-10003336,0,0,0,0,0,0,0,0,0,0,0,0
ACC-10003337,1,0,0,1,1,0,0,0,0,0,0,1
ACC-10003338,0,0,0,0,0,0,0,0,0,0,0,0
ACC-10003339,0,0,0,0,0,0,0,0,0,0,0,0
ACC-10003340,0,0,0,0,0,0,0,0,0,0,0,0
ACC-10003341,0,0,0,0,0,0,0,0,0,0,0,0
ACC-10003342,0,0,0,0,0,0,0,0,0,0,0,0
ACC-10003343,0,0,0,0,0,0,0,0,0,0,0,0
ACC-10003344,0,0,0,0,0,0,0,0,0,0,0,0
ACC-10003345,0,0,0,0,0,0,0,0,0,0,0,0
ACC-10003346,0,0,0,0,0,0,0,0,0,0,0,0
ACC-10003347,0,0,0,0,0,0,0,0,0,0,0,0
ACC-10003348,0,0,0,0,0,0,0,0,0,0,0,0
ACC-10003349,0,0,0,0,0,0,0,0,0,0,0,0
ACC-10003350,0,0,0,0,0,0,0,0,0,0,0,0
ACC-10003351,0,0,0,0,0,0,0,0,0,0,0,0
ACC-10003352,0,0,0,0,0,0,0,0,0,0,0,0
ACC-10003353,0,0,0,0,0,0,0,0,0,0,0,0
ACC-10003354,0,0,0,0,0,0,0,0,0,0,0,0
ACC-10003355,0,0,0,0,0,0,0,0,0,0,0,0
ACC-10003356,0,0,0,0,0,0,0,0,0,0,0,0
ACC-10003357,0,0,0,0,0,0,0,0,0,0,0,0
ACC-10003358,0,0,0,0,0,0,0,0,0,0,0,0
ACC-10003359,0,0,0,0,0,0,0,0,0,0,0,0
ACC-10003360,0,0,0,0,0,0,0,0,0,0,0,0
ACC-10003361,0,0,0,0,0,0,0,0,0,0,0,0
ACC-10003362,0,0,0,0,0,0,0,0,0,0,0,0
ACC-10003363,0,0,0,0,0,0,0,0,0,0,0,0
ACC-10003364,0,0,0,0,0,0,0,0,0,0,0,0
ACC-10003365,0,0,0,0,0,0,0,0,0,0,0,0
ACC-10003366,0,0,0,0,0,0,0,0,0,0,0,0
ACC-10003367,0,0,0,0,0,0,0,0,0,0,0,0
ACC-10003368,0,0,0,0,0,0,0,0,0,0,0,0
ACC-10003369,0,0,0,0,0,0,0,0,0,0,0,0
ACC-10003370,0,0,0,0,0,0,0,0,0,0,0,0
ACC-10003371,0,0,0,0,0,0,0,0,0,0,0,0
ACC-10003372,0,0,0,0,0,0,0,0,0,0,0,0
ACC-10003373,0,0,0,0,0,0,0,0,0,0,0,0
ACC-10003374,0,0,0,0,0,0,0,0,0,0,0,0
ACC-10003375,0,0,0,0,0,0,0,0,0,0,0,0
ACC-10003376,0,0,0,0,0,0,0,0,0,0,0,0
ACC-10003377,0,0,0,0,0,0,0,0,0,0,0,0
ACC-10003378,0,0,0,0,0,0,0,0,0,0,0,0
ACC-10003379,0,0,0,0,0,0,0,0,0,0,0,0
ACC-10003380,0,0,0,0,0,0,0,0,0,0,0,0
ACC-10003381,0,0,0,0,0,0,0,0,0,0,0,0
ACC-10003382,0,0,0,0,0,0,0,0,0,0,0,0
ACC-10003383,0,0,0,0,0,0,0,0,0,0,0,0
ACC-10003384,0,0,0,0,0,0,0,0,0,0,0,0
ACC-10003385,0,0,0,0,0,0,0,0,0,0,0,0
ACC-10003386,0,0,0,0,0,0,0,0,0,0,0,0
ACC-10003387,0,0,0,0,0,0,0,0,0,0,0,0
ACC-10003388,0,0,0,0,0,0,0,0,0,0,0,0
ACC-10003389,0,0,0,0,0,0,0,0,0,0,0,0
ACC-10003390,0,0,0,0,0,0,0,0,0,0,0,0
ACC-10003391,0,0,0,0,0,0,0,0,0,0,0,0
ACC-10003392,0,0,0,0,0,0,0,0,0,0,0,0
ACC-10003393,0,0,0,0,0,0,0,0,0,0,0,0
ACC-10003394,0,0,0,0,0,0,0,0,0,0,0,0
ACC-10003395,0,0,0,0,0,0,0,0,0,0,0,0
ACC-10003396,0,0,0,0,0,0,0,0,0,0,0,0
ACC-10003397,0,0,0,0,0,0,0,0,0,0,0,0
ACC-10003398,0,0,0,0,0,0,0,0,0,0,0,0
ACC-10003399,0,0,0,0,0,0,0,0,0,0,0,0
ACC-10003400,0,0,0,0,0,0,0,0,0,0,0,0
ACC-10003401,0,0,0,0,0,0,0,0,0,0,0,0
ACC-10003402,0,0,0,0,0,0,0,0,0,0,0,0
ACC-10003403,0,0,0,0,0,0,0,0,0,0,0,0
ACC-10003404,0,0,0,0,0,0,0,0,0,0,0,0
ACC-10003405,0,0,0,0,0,1,0,0,1,1,0,1
ACC-10003406,0,0,0,1,0,0,1,1,0,0,1,0
ACC-10003407,0,0,0,0,0,0,0,0,0,0,0,0
ACC-10003408,0,0,0,0,0,0,0,0,0,0,0,0
ACC-10003409,0,0,0,0,0,0,0,0,0,0,0,0
ACC-10003410,0,0,0,0,0,0,0,0,0,0,0,0
ACC-10003411,0,0,0,0,0,0,0,0,0,0,0,0
ACC-10003412,0,0,0,0,0,0,0,0,0,0,0,0
ACC-10003413,0,0,0,0,0,0,0,0,0,0,0,0
ACC-10003414,0,0,0,0,0,0,0,0,0,0,0,0
ACC-10003415,0,0,0,0,0,0,0,0,0,0,0,0
ACC-10003416,0,0,0,0,0,0,0,0,0,0,0,0
ACC-10003417,0,0,0,0,0,0,0,0,0,0,0,0
ACC-10003418,0,0,0,0,0,0,0,0,0,0,0,0
ACC-10003419,0,0,0,0,0,0,0,0,0,0,0,0
ACC-10003420,0,0,0,0,0,0,0,0,0,0,0,0
ACC-10003421,0,0,0,0,0,0,0,0,0,0,0,0
ACC-10003422,0,0,0,0,0,0,0,0,0,0,0,0
ACC-10003423,0,0,0,0,0,0,0,0,0,0,0,0
ACC-10003424,0,0,0,0,0,0,0,0,0,0,0,0
ACC-10003425,0,0,0,0,0,0,0,0,0,0,0,0
ACC-10003426,0,0,0,0,0,0,0,0,0,0,0,0
ACC-10003427,0,0,0,0,0,0,0,0,0,0,0,0
ACC-10003428,0,0,0,0,0,0,0,0,0,0,0,0
ACC-10003429,0,0,0,0,0,0,0,0,0,0,0,0
ACC-10003430,0,0,0,0,0,0,0,0,0,0,0,0
ACC-10003431,0,0,0,0,0,0,0,0,0,0,0,0
ACC-10003432,0,0,0,0,0,0,0,0,0,0,0,0
ACC-10003433,0,0,0,0,0,0,0,0,0,0,0,0
ACC-10003434,0,0,0,0,0,0,0,0,0,0,0,0
ACC-10003435,0,0,0,0,0,0,0,0,0,0,0,0
ACC-10003436,0,0,0,0,0,0,0,0,0,0,0,0
ACC-10003437,0,0,0,0,0,0,0,0,0,0,0,0
ACC-10003438,0,0,0,0,0,0,0,0,0,0,0,0
ACC-10003439,1,0,0,0,0,1,0,1,0,0,1,0
ACC-10003440,0,0,0,0,0,0,0,0,0,0,0,0
ACC-10003441,0,0,0,0,0,0,0,0,0,0,0,0
ACC-10003442,0,0,0,0,0,0,0,0,0,0,0,0
ACC-10003443,0,0,0,0,0,0,0,0,0,0,0,0
ACC-10003444,0,0,0,0,0,1,0,0,1,0,0,0
ACC-10003445,0,0,0,0,0,0,0,0,0,0,0,0
ACC-10003446,0,0,0,0,0,0,0,0,0,0,0,0
ACC-10003447,0,0,0,0,0,0,0,0,0,0,0,0
ACC-10003448,1,0,0,0,1,1,0,0,0,0,1,0
ACC-10003449,0,0,0,0,0,0,0,0,0,0,0,0
ACC-10003450,0,0,0,0,0,0,0,0,0,0,0,0
ACC-10003451,0,0,0,0,0,0,0,0,0,0,0,0
ACC-10003452,0,0,0,0,0,0,0,0,0,0,0,0
ACC-10003453,0,0,0,0,0,0,0,0,0,0,0,0
ACC-10003454,0,0,0,0,0,0,0,0,0,0,0,0
ACC-10003455,0,0,0,0,0,0,0,0,0,0,0,0
ACC-10003456,0,0,0,0,0,0,0,0,0,0,0,0
ACC-10003457,0,0,0,0,0,0,0,0,0,0,0,0
ACC-10003458,0,0,0,0,0,0,0,0,0,0,0,0
ACC-10003459,0,0,0,0,0,0,0,0,0,0,0,0
ACC-10003460,0,0,0,0,0,0,0,0,0,0,0,0
ACC-10003461,0,0,0,0,0,0,0,0,0,0,0,0
ACC-10003462,0,0,0,0,0,0,0,0,0,0,0,0
ACC-10003463,0,0,0,0,0,0,0,0,0,0,0,0
ACC-10003464,0,0,0,0,0,0,0,0,0,0,0,0
ACC-10003465,0,0,0,0,0,0,0,0,0,0,0,0
ACC-10003466,0,0,0,0,0,0,0,0,0,0,0,0
ACC-10003467,0,1,0,1,1,0,1,1,0,0,0,0
ACC-10003468,0,0,0,0,0,0,0,0,0,0,0,0
ACC-10003469,0,0,0,0,0,0,0,0,0,0,0,0
ACC-10003470,0,0,0,0,0,0,0,0,0,0,0,0
ACC-10003471,0,0,0,0,0,0,0,0,0,0,0,0
ACC-10003472,0,0,0,0,0,0,0,0,0,0,0,0
ACC-10003473,0,0,0,0,0,0,0,0,0,0,0,0
ACC-10003474,1,1,0,0,0,1,1,1,0,1,0,0
ACC-10003475,0,0,0,0,0,0,0,0,0,0,0,0
ACC-10003476,0,0,0,0,0,0,0,0,0,0,0,0
ACC-10003477,0,0,0,0,0,0,0,0,0,0,0,0
ACC-10003478,0,0,0,0,0,0,0,0,0,0,0,0
ACC-10003479,0,0,0,0,0,0,0,0,0,0,0,0
ACC-10003480,0,0,0,0,0,0,0,0,0,0,0,0
ACC-10003481,0,0,0,0,0,0,0,0,0,0,0,0
ACC-10003482,0,0,0,0,0,0,0,0,0,0,0,0
ACC-10003483,0,0,0,0,0,0,0,0,0,0,0,0
ACC-10003484,0,0,0,0,0,0,0,0,0,0,0,0
ACC-10003485,0,0,0,0,0,0,0,0,0,0,0,0
ACC-10003486,0,0,0,0,0,0,0,0,0,0,0,0
ACC-10003487,0,0,0,0,0,0,0,0,0,0,0,0
ACC-10003488,0,0,0,0,0,0,0,0,0,0,0,0
ACC-10003489,0,0,0,0,0,0,0,0,0,0,0,0
ACC-10003490,0,0,0,0,0,0,0,0,0,0,0,0
ACC-10003491,0,0,0,0,0,0,0,0,0,0,0,0
ACC-10003492,0,0,0,0,0,0,0,0,0,0,0,0
ACC-10003493,0,0,0,0,0,0,0,0,0,0,0,0
ACC-10003494,0,0,0,0,0,0,0,0,0,0,0,0
ACC-10003495,0,0,0,0,0,0,0,0,0,0,0,0
ACC-10003496,0,0,0,0,0,0,0,0,0,0,0,0
ACC-10003497,0,0,0,1,1,0,1,0,0,1,0,1
ACC-10003498,0,0,0,0,0,0,0,0,0,0,0,0
ACC-10003499,1,0,0,0,1,0,0,0,0,0,0,0
ACC-10003500,0,0,0,0,0,0,0,0,0,0,0,0
ACC-10003501,0,0,0,0,0,0,0,0,0,0,0,0
ACC-10003502,0,0,0,0,0,0,0,0,0,0,0,0
ACC-10003503,0,0,0,0,0,0,0,0,0,0,0,0
ACC-10003504,0,0,0,0,0,0,0,0,0,0,0,0
ACC-10003505,0,0,0,0,0,0,0,0,0,0,0,0
ACC-10003506,0,0,0,0,0,0,0,0,0,0,0,0
ACC-10003507,1,1,0,0,1,0,0,1,0,0,0,0
ACC-10003508,0,0,0,0,0,0,0,0,0,0,0,0
ACC-10003509,0,0,0,0,0,0,0,0,0,0,0,0
ACC-10003510,0,0,0,0,0,0,0,0,0,0,0,0
ACC-10003511,0,0,0,0,0,0,0,0,0,0,0,0
ACC-10003512,0,0,0,0,0,0,0,0,0,0,0,0
ACC-10003513,0,0,0,0,0,0,0,0,0,0,0,0
ACC-10003514,0,0,0,0,0,0,0,0,0,0,0,0
ACC-10003515,0,0,0,0,0,0,0,0,0,0,0,0
ACC-10003516,0,0,0,0,0,0,0,0,0,0,0,0
ACC-10003517,0,0,0,0,0,0,0,0,0,0,0,0
ACC-10003518,0,0,0,0,0,0,0,0,0,0,0,0
ACC-10003519,0,0,0,0,0,0,0,0,0,0,0,0
ACC-10003520,0,0,0,0,0,0,0,0,0,0,0,0
ACC-10003521,0,0,0,0,0,0,0,0,0,0,0,0
ACC-10003522,0,0,0,0,0,0,0,0,0,0,0,0
ACC-10003523,0,0,0,0,0,0,0,0,0,0,0,0
ACC-10003524,0,0,0,0,0,0,0,0,0,0,0,0
ACC-10003525,0,0,0,0,0,0,0,0,0,0,0,0
ACC-10003526,0,0,0,0,0,0,0,0,0,0,0,0
ACC-10003527,0,0,0,0,0,0,0,0,0,0,0,0
ACC-10003528,0,0,0,0,0,0,0,0,0,0,0,0
ACC-10003529,0,0,0,0,0,0,0,0,0,0,0,0
ACC-10003530,0,0,0,0,0,0,0,0,1,1,0,0
ACC-10003531,0,0,0,0,0,0,0,0,0,0,0,0
ACC-10003532,0,0,0,0,0,0,0,0,0,0,0,0
ACC-10003533,0,0,0,0,0,0,0,0,0,0,0,0
ACC-10003534,0,0,0,0,0,0,0,0,0,0,0,0
ACC-10003535,0,0,0,0,0,0,0,0,0,0,0,0
ACC-10003536,0,0,0,0,0,0,0,0,0,0,0,0
ACC-10003537,0,0,0,0,0,0,0,0,0,0,0,0
ACC-10003538,0,0,0,0,0,0,0,0,0,0,0,0
ACC-10003539,0,0,0,0,0,0,0,0,0,0,0,0
ACC-10003540,0,0,0,0,0,0,0,0,0,0,0,0
ACC-10003541,0,0,0,0,0,0,0,0,0,0,0,0
ACC-10003542,0,0,0,0,0,0,0,0,0,0,0,0
ACC-10003543,0,0,0,0,0,0,0,0,0,0,0,0
ACC-10003544,0,0,0,0,0,0,0,0,0,0,0,0
ACC-10003545,0,0,0,0,0,0,0,0,0,0,0,0
ACC-10003546,0,0,0,0,0,0,0,0,0,0,0,0
ACC-10003547,0,0,0,0,0,0,0,0,0,0,0,0
ACC-10003548,0,0,0,0,0,0,0,0,0,0,0,0
ACC-10003549,0,0,0,0,0,0,0,0,0,0,0,0
ACC-10003550,0,0,0,0,0,0,0,0,0,0,0,0
ACC-10003551,0,0,0,0,0,0,0,0,0,0,0,0
ACC-10003552,0,0,0,0,0,0,0,0,0,0,0,0
ACC-10003553,0,0,0,0,0,0,1,0,0,0,0,0
ACC-10003554,0,0,0,0,0,0,0,0,0,0,0,0
ACC-10003555,0,0,0,0,1,0,0,0,0,0,0,0
ACC-10003556,0,0,0,0,0,0,0,0,0,0,0,0
ACC-10003557,0,1,0,0,0,0,0,1,0,0,0,0
ACC-10003558,0,0,0,0,0,0,0,0,0,0,0,0
ACC-10003559,1,0,0,0,0,0,1,1,1,0,0,1
ACC-10003560,0,0,0,0,0,0,0,0,0,0,0,0
ACC-10003561,0,0,0,0,0,0,0,0,0,0,0,0
ACC-10003562,0,0,0,0,0,0,0,0,0,0,0,0
ACC-10003563,0,0,0,0,0,0,0,0,0,0,0,0
ACC-10003564,0,0,0,0,0,0,0,0,0,0,0,0
ACC-10003565,0,0,0,0,1,0,0,1,0,0,0,0
ACC-10003566,0,0,0,0,0,0,0,0,0,0,0,0
ACC-10003567,0,0,0,0,0,0,0,0,0,0,0,0
ACC-10003568,0,0,0,0,0,0,0,0,0,0,0,0
ACC-10003569,0,0,0,0,0,0,0,0,0,0,0,0
ACC-10003570,0,0,0,0,0,0,0,0,0,0,0,0
ACC-10003571,0,0,0,0,0,0,0,0,0,0,0,0
ACC-10003572,0,0,0,0,0,0,0,0,0,0,0,0
ACC-10003573,0,0,0,0,0,0,0,0,0,0,0,0
ACC-10003574,0,0,0,0,0,0,0,0,0,0,0,0
ACC-10003575,1,1,0,0,1,0,0,0,1,0,0,0
ACC-10003576,0,0,0,0,0,0,0,0,0,0,0,0
ACC-10003577,0,0,0,0,0,0,0,0,0,0,0,0
ACC-10003578,0,0,0,0,0,0,0,0,0,0,0,0
ACC-10003579,0,0,0,0,0,0,0,0,0,0,0,0
ACC-10003580,0,0,0,0,1,0,0,0,1,1,1,0
ACC-10003581,0,0,0,0,0,0,0,0,0,0,0,0
ACC-10003582,0,0,0,0,0,0,0,0,0,0,0,0
ACC-10003583,0,0,0,0,0,0,0,0,0,0,0,0
ACC-10003584,0,0,0,0,0,1,0,0,0,0,0,0
ACC-10003585,0,0,0,0,0,0,0,0,0,0,0,0
ACC-10003586,0,0,0,0,0,0,0,0,0,0,0,0
ACC-10003587,0,0,0,0,0,0,0,0,0,0,0,0
ACC-10003588,0,0,0,0,0,0,0,0,0,0,0,0
ACC-10003589,0,0,0,0,0,0,0,0,0,0,0,0
ACC-10003590,0,0,0,0,0,0,0,0,0,0,0,0
ACC-10003591,0,0,0,0,0,0,0,0,0,0,0,0
ACC-10003592,0,0,0,0,0,0,0,0,0,0,0,0
ACC-10003593,0,0,0,0,0,0,0,0,0,0,0,0
ACC-10003594,0,0,0,0,0,0,0,0,0,0,0,0
ACC-10003595,0,0,0,0,0,0,0,0,0,0,0,0
ACC-10003596,0,0,0,0,0,0,0,0,0,0,0,0
ACC-10003597,1,0,1,1,1,0,1,1,1,0,0,0
ACC-10003598,0,0,0,0,0,0,0,0,0,0,0,0
ACC-10003599,0,0,0,0,0,0,0,0,0,0,0,0
ACC-10003600,0,0,0,0,0,0,0,0,0,0,0,0
ACC-10003601,0,0,0,0,0,0,0,0,0,0,0,0
ACC-10003602,0,0,0,0,0,0,0,0,0,0,0,0
ACC-10003603,0,0,0,0,0,0,0,0,0,0,0,0
ACC-10003604,0,0,0,0,0,0,0,0,0,0,0,0
ACC-10003605,0,0,0,0,0,0,0,0,0,0,0,0
ACC-10003606,0,0,1,1,0,1,0,1,0,1,1,1
ACC-10003607,0,0,0,0,0,0,0,0,0,0,0,0
ACC-10003608,0,0,0,0,0,0,0,0,0,0,0,0
ACC-10003609,0,0,0,0,0,0,0,0,0,0,0,0
ACC-10003610,0,0,0,0,0,0,0,0,0,0,0,0
ACC-10003611,0,0,0,0,0,0,0,0,0,0,0,0
ACC-10003612,0,0,0,0,0,0,0,0,0,0,0,0
ACC-10003613,0,0,0,0,0,0,0,0,0,0,0,0
ACC-10003614,0,0,0,0,0,0,0,0,0,0,0,0
ACC-10003615,0,0,0,0,0,0,0,0,0,0,0,0
ACC-10003616,0,0,0,0,0,0,0,0,0,0,0,0
ACC-10003617,0,0,0,0,0,0,0,0,0,0,0,0
ACC-10003618,0,0,0,0,0,0,0,0,0,0,0,0
ACC-10003619,0,0,0,0,0,0,0,0,0,0,0,0
ACC-10003620,0,0,0,0,0,0,0,0,0,0,0,0
ACC-10003621,0,1,1,1,1,1,0,0,0,0,1,0
ACC-10003622,1,0,0,0,1,0,0,0,0,1,0,1
ACC-10003623,1,0,0,0,1,0,1,1,0,0,1,1
ACC-10003624,0,0,0,0,0,0,0,0,0,0,0,0
ACC-10003625,0,0,0,0,0,0,0,0,0,0,0,0
ACC-10003626,0,0,0,0,0,0,0,0,0,0,0,0
ACC-10003627,0,0,0,0,0,0,0,0,0,0,0,0
ACC-10003628,0,0,0,0,0,0,0,0,0,0,0,0
ACC-10003629,0,0,0,0,0,0,0,0,0,0,0,0
ACC-10003630,0,0,0,0,0,0,0,0,0,0,0,0
ACC-10003631,0,0,0,0,0,0,0,0,0,0,0,0
ACC-10003632,0,0,0,0,0,0,0,0,0,0,0,0
ACC-10003633,0,1,0,0,0,1,0,0,0,0,1,1
ACC-10003634,0,0,0,0,0,0,0,0,0,0,0,0
ACC-10003635,0,0,0,0,0,0,0,0,0,0,0,0
ACC-10003636,0,0,0,0,0,0,0,0,0,0,0,0
ACC-10003637,0,0,0,0,0,0,0,0,0,0,0,0
ACC-10003638,0,0,0,0,0,0,0,0,0,0,0,0
ACC-10003639,0,0,0,0,0,0,0,0,0,0,0,0
ACC-10003640,0,0,0,0,0,0,0,0,0,0,0,0
ACC-10003641,0,0,0,0,0,0,0,0,0,0,0,0
ACC-10003642,0,0,0,0,0,0,0,0,0,0,0,0
ACC-10003643,0,0,0,0,0,0,0,0,0,0,0,0
ACC-10003644,0,0,0,0,0,0,0,0,0,0,0,0
ACC-10003645,0,0,0,0,0,0,0,0,0,0,0,0
ACC-10003646,0,0,0,0,0,0,0,0,0,0,0,0
ACC-10003647,0,0,0,0,0,0,0,0,0,0,0,0
ACC-10003648,0,0,0,0,0,0,0,0,0,0,0,0
ACC-10003649,0,0,0,0,0,0,0,0,0,0,0,0
ACC-10003650,0,0,0,0,0,0,0,0,0,0,0,0
ACC-10003651,0,0,0,0,0,0,0,0,0,0,0,0
ACC-10003652,0,0,0,0,0,0,0,0,0,0,0,0
ACC-10003653,0,0,0,0,0,0,0,0,0,0,0,0
ACC-10003654,0,0,0,0,0,0,0,0,0,0,0,0
ACC-10003655,0,0,0,1,0,0,0,0,0,0,0,0
ACC-10003656,0,0,0,0,0,0,0,0,0,0,0,0
ACC-10003657,0,0,0,0,0,0,0,0,0,0,0,0
ACC-10003658,0,0,0,0,0,0,0,0,0,0,0,0
ACC-10003659,0,0,0,0,0,0,0,0,0,0,0,0
ACC-10003660,0,0,0,0,0,0,0,0,0,0,0,0
ACC-10003661,0,0,0,0,0,0,0,0,0,0,0,0
ACC-10003662,0,0,0,0,0,0,0,0,0,0,0,0
ACC-10003663,0,0,0,0,0,0,0,0,0,0,0,0
ACC-10003664,0,0,0,0,0,0,0,0,0,0,0,0
ACC-10003665,0,0,0,0,0,0,0,0,0,0,0,0
ACC-10003666,0,0,0,0,0,0,0,0,0,0,0,0
ACC-10003667,0,0,0,0,0,0,0,0,0,0,0,0
ACC-10003668,0,0,0,0,0,0,0,0,0,0,0,0
ACC-10003669,0,0,0,0,0,0,0,0,0,0,0,0
ACC-10003670,0,0,0,0,0,0,0,0,0,0,0,0
ACC-10003671,0,0,0,0,0,0,0,0,0,0,0,0
ACC-10003672,0,0,0,0,0,0,0,0,0,0,0,0
ACC-10003673,0,0,0,0,0,0,0,0,0,0,0,0
ACC-10003674,0,0,0,0,0,0,0,0,0,0,0,0
ACC-10003675,0,0,0,0,0,0,0,0,0,0,0,0
ACC-10003676,0,0,0,0,0,1,0,0,1,0,0,0
ACC-10003677,1,0,0,0,0,0,0,1,1,0,0,0
ACC-10003678,0,0,0,0,0,0,0,0,0,0,0,0
ACC-10003679,0,0,0,0,0,0,0,0,0,0,0,0
ACC-10003680,0,0,0,0,0,0,0,0,0,0,0,0
ACC-10003681,0,0,0,0,0,0,0,0,0,0,0,0
ACC-10003682,0,0,0,0,0,0,0,0,0,0,0,0
ACC-10003683,0,0,0,0,0,0,0,0,0,0,0,0
ACC-10003684,0,0,0,0,0,0,0,0,0,0,0,0
ACC-10003685,0,0,0,0,0,0,0,0,0,0,0,0
ACC-10003686,0,0,0,0,0,0,0,0,0,0,0,0
ACC-10003687,0,0,0,0,0,0,0,0,0,0,0,0
ACC-10003688,0,0,0,0,0,0,0,0,0,0,0,0
ACC-10003689,0,0,0,0,0,0,0,0,0,0,0,0
ACC-10003690,0,0,0,0,0,0,0,0,0,0,0,0
ACC-10003691,0,0,0,0,0,0,0,0,0,0,0,0
ACC-10003692,0,0,0,0,0,0,0,0,0,0,0,0
ACC-10003693,0,0,0,0,0,0,0,0,0,0,0,0
ACC-10003694,0,0,0,0,0,0,0,0,0,0,0,0
ACC-10003695,0,1,1,1,1,1,1,0,1,0,1,1
ACC-10003696,0,0,0,0,0,0,0,0,0,0,0,0
ACC-10003697,0,0,0,0,0,0,0,0,0,0,0,0
ACC-10003698,0,0,0,0,0,0,0,0,0,0,0,0
ACC-10003699,0,0,0,0,0,0,0,0,0,0,0,0
ACC-10003700,0,0,0,0,0,0,0,0,0,0,0,0
ACC-10003701,0,0,0,0,0,0,0,0,0,0,0,0
ACC-10003702,1,1,0,0,1,0,0,0,0,0,0,1
ACC-10003703,0,0,0,0,0,0,0,0,0,0,0,0
ACC-10003704,0,0,0,0,0,0,0,0,0,0,0,0
ACC-10003705,0,0,0,0,0,0,0,0,0,0,0,0
ACC-10003706,0,0,0,0,0,0,0,0,0,0,0,0
ACC-10003707,0,0,0,0,0,0,0,0,0,0,0,0
ACC-10003708,0,0,0,0,0,0,0,0,0,0,0,0
ACC-10003709,0,0,0,0,0,0,0,0,0,0,0,0
ACC-10003710,0,0,0,0,0,0,0,0,0,0,0,0
ACC-10003711,0,0,0,0,0,0,0,0,0,0,0,0
ACC-10003712,0,0,0,0,0,0,0,0,0,0,0,0
ACC-10003713,0,0,0,0,0,0,0,0,0,0,0,0
ACC-10003714,0,0,0,0,0,0,0,0,0,0,0,0
ACC-10003715,0,0,0,0,0,0,0,0,0,0,0,0
ACC-10003716,1,0,0,0,0,0,0,0,0,0,0,0
ACC-10003717,0,0,1,0,0,0,0,0,0,0,0,0
ACC-10003718,0,0,0,0,0,0,0,0,0,0,0,0
ACC-10003719,0,0,0,0,0,0,0,0,0,0,0,0
ACC-10003720,0,0,0,0,0,0,0,0,0,0,0,0
ACC-10003721,0,0,0,0,0,0,0,0,0,0,0,0
ACC-10003722,0,0,0,0,0,0,0,0,0,0,0,0
ACC-10003723,0,0,0,0,0,0,0,0,0,0,0,0
ACC-10003724,0,0,0,0,0,0,0,0,0,0,0,0
ACC-10003725,0,0,0,0,0,0,0,0,0,0,0,0
ACC-10003726,0,0,0,0,0,0,0,0,0,0,0,0
ACC-10003727,0,0,0,0,0,0,0,0,0,0,0,0
ACC-10003728,0,0,0,0,0,0,0,0,0,0,0,0
ACC-10003729,0,0,0,0,0,0,0,0,0,0,0,0
ACC-10003730,0,0,0,0,0,0,0,0,0,0,0,0
ACC-10003731,0,0,0,0,0,0,0,0,0,0,0,0
ACC-10003732,0,0,0,0,0,0,0,0,0,0,0,0
ACC-10003733,0,0,0,0,0,0,0,0,0,0,0,0
ACC-10003734,0,0,0,0,0,0,0,0,0,0,0,0
ACC-10003735,0,0,0,0,0,0,0,0,0,0,0,0
ACC-10003736,0,0,0,0,0,0,0,0,0,0,0,0
ACC-10003737,0,0,0,0,0,0,0,0,0,0,0,0
ACC-10003738,0,0,0,0,0,0,0,0,0,0,0,0
ACC-10003739,0,0,0,0,0,0,0,0,0,0,0,0
ACC-10003740,0,0,0,0,0,0,0,0,0,0,0,0
ACC-10003741,1,0,1,0,1,0,0,1,0,1,0,0
ACC-10003742,0,0,0,0,0,0,0,0,0,0,0,0
ACC-10003743,0,0,0,0,0,0,0,0,0,0,0,0
ACC-10003744,0,0,0,0,0,0,0,0,0,0,0,0
ACC-10003745,0,0,0,0,0,0,0,0,0,0,0,0
ACC-10003746,0,0,0,0,0,0,0,0,0,0,0,0
ACC-10003747,0,0,0,0,0,0,0,0,0,0,0,0
ACC-10003748,0,0,0,0,0,0,0,0,0,0,0,0
ACC-10003749,0,0,0,0,0,0,0,0,0,0,0,0
ACC-10003750,0,0,0,0,0,0,0,0,0,0,0,0
ACC-10003751,0,0,0,0,0,0,0,0,0,0,0,0
ACC-10003752,0,0,0,0,0,0,0,0,0,0,0,0
ACC-10003753,0,0,0,0,0,0,0,0,0,0,0,0
ACC-10003754,0,0,0,0,0,0,0,0,0,0,0,0
ACC-10003755,0,0,0,0,0,0,0,0,0,0,0,0
ACC-10003756,0,0,0,0,0,0,0,0,0,0,0,0
ACC-10003757,0,0,0,0,0,0,0,0,0,0,0,0
ACC-10003758,0,0,0,0,0,0,0,0,0,0,0,0
ACC-10003759,1,1,0,0,1,1,0,0,0,0,0,1
ACC-10003760,0,0,0,0,0,0,0,0,0,0,0,0
ACC-10003761,0,0,0,0,0,0,0,0,0,0,0,0
ACC-10003762,0,0,0,0,0,0,0,0,0,0,0,0
ACC-10003763,0,0,0,0,0,0,0,0,0,0,0,0
ACC-10003764,0,0,0,0,0,0,0,0,0,0,0,0
ACC-10003765,0,0,0,0,0,0,0,0,0,0,0,0
ACC-10003766,0,0,0,0,0,0,0,0,0,0,0,0
ACC-10003767,0,0,0,0,0,0,0,0,0,0,0,0
ACC-10003768,0,0,0,0,0,0,0,0,0,0,0,0
ACC-10003769,0,0,0,0,0,0,0,0,0,0,0,0
ACC-10003770,0,0,0,0,0,0,0,0,0,0,0,0
ACC-10003771,0,0,0,0,0,0,0,0,0,0,0,0
ACC-10003772,0,0,0,0,0,0,0,0,0,0,0,0
ACC-10003773,0,0,0,0,0,0,0,0,0,0,0,0
ACC-10003774,0,0,0,0,0,0,0,0,0,0,0,0
ACC-10003775,0,0,0,0,0,0,0,0,0,0,0,0
ACC-10003776,0,0,0,0,0,0,0,0,0,0,0,0
ACC-10003777,0,0,0,0,0,0,0,0,0,0,0,0
ACC-10003778,0,0,0,0,0,0,0,0,0,0,0,0
ACC-10003779,0,0,0,0,0,0,0,0,0,0,0,0
ACC-10003780,0,0,0,0,0,0,0,0,0,0,0,0
ACC-10003781,0,0,0,0,0,0,0,0,0,0,0,0
ACC-10003782,0,0,0,0,0,0,0,0,0,0,0,0
ACC-10003783,0,0,0,0,0,0,0,0,0,0,0,0
ACC-10003784,0,0,0,0,0,0,0,0,0,0,0,0
ACC-10003785,0,0,0,0,0,0,0,0,0,0,0,0
ACC-10003786,0,0,0,0,0,0,0,0,0,0,0,0
ACC-10003787,0,0,0,0,0,0,0,0,0,0,0,0
ACC-10003788,0,0,0,0,0,0,0,0,0,0,0,0
ACC-10003789,0,0,0,0,0,0,0,0,0,0,0,0
ACC-10003790,0,0,0,0,0,0,0,0,0,0,0,0
ACC-10003791,0,0,0,0,0,0,0,0,0,0,0,0
ACC-10003792,0,0,0,0,0,0,0,0,0,0,0,0
ACC-10003793,0,0,0,0,0,0,0,0,0,0,0,0
ACC-10003794,0,0,0,0,0,0,0,0,0,0,0,0
ACC-10003795,0,0,0,0,0,0,0,0,0,0,0,0
ACC-10003796,0,0,0,0,0,0,0,0,0,0,0,0
ACC-10003797,0,0,0,0,0,0,0,0,0,0,0,0
ACC-10003798,0,0,0,0,0,0,0,0,0,0,0,0
ACC-10003799,0,0,0,0,0,0,0,0,0,0,0,0
ACC-10003800,0,0,0,0,0,0,0,1,0,0,0,1
ACC-10003801,0,0,0,0,0,0,0,0,0,0,0,0
ACC-10003802,0,0,0,0,0,0,0,0,0,0,0,0
ACC-10003803,0,0,0,0,0,0,0,0,0,0,0,0
ACC-10003804,0,0,0,0,0,0,0,0,0,0,0,0
ACC-10003805,0,0,0,1,0,0,0,0,1,0,1,0
ACC-10003806,0,0,0,0,0,0,0,0,0,0,0,0
ACC-10003807,0,0,0,0,0,0,0,0,0,0,0,0
ACC-10003808,0,0,0,0,0,0,0,0,0,0,0,0
ACC-10003809,0,0,1,0,0,0,0,0,1,0,0,0
ACC-10003810,0,0,0,0,0,0,0,0,0,0,0,0
ACC-10003811,0,0,0,0,0,0,0,0,0,0,0,0
ACC-10003812,0,0,0,0,0,0,0,0,0,0,0,0
ACC-10003813,0,0,0,0,0,0,0,0,0,0,0,0
ACC-10003814,0,0,0,0,0,0,0,0,0,0,0,0
ACC-10003815,0,0,0,0,0,0,0,0,0,0,0,0
ACC-10003816,0,0,0,0,0,0,0,0,0,0,0,0
ACC-10003817,0,0,0,0,0,0,0,0,0,0,0,0
ACC-10003818,0,0,0,0,0,0,0,0,0,0,0,0
ACC-10003819,0,0,0,0,0,0,0,0,0,0,0,0
ACC-10003820,0,0,0,0,0,0,0,0,0,0,0,0
ACC-10003821,0,0,1,1,1,0,0,0,1,0,1,0
ACC-10003822,0,0,0,0,0,0,0,0,0,0,0,0
ACC-10003823,0,0,0,0,0,0,0,0,0,0,0,0
ACC-10003824,0,0,0,0,0,0,0,0,0,0,0,0
ACC-10003825,0,0,0,0,0,0,0,0,0,0,0,0
ACC-10003826,0,0,0,0,0,0,0,0,0,0,0,0
ACC-10003827,0,0,0,0,0,0,0,0,0,0,0,0
ACC-10003828,0,0,0,0,0,0,0,0,0,0,1,0
ACC-10003829,0,0,0,0,0,0,0,0,0,0,0,0
ACC-10003830,0,0,0,0,0,0,0,0,0,0,0,0
ACC-10003831,0,0,0,0,0,0,0,0,0,0,0,0
ACC-10003832,0,0,0,0,0,0,0,0,0,0,0,0
ACC-10003833,0,0,0,0,0,0,0,0,0,0,0,0
ACC-10003834,0,0,0,0,0,0,0,0,0,0,0,0
ACC-10003835,0,0,0,0,0,0,0,0,0,0,0,0
ACC-10003836,0,0,0,0,0,0,0,0,0,0,0,0
ACC-10003837,0,0,0,0,0,0,0,0,0,0,0,0
ACC-10003838,0,0,0,0,0,0,0,0,0,0,0,1
ACC-10003839,0,0,0,0,0,0,0,0,0,0,0,0
ACC-10003840,0,0,0,0,0,0,0,0,0,0,0,0
ACC-10003841,0,1,0,0,0,1,0,1,0,1,0,1
ACC-10003842,0,0,0,0,0,0,0,0,0,0,0,0
ACC-10003843,0,0,0,0,0,0,0,0,0,0,0,0
ACC-10003844,0,0,0,0,0,0,0,0,0,0,0,0
ACC-10003845,0,0,0,0,0,0,0,0,0,0,0,0
ACC-10003846,0,0,0,0,0,0,0,0,0,0,0,0
ACC-10003847,0,0,0,0,0,0,0,0,0,0,0,0
ACC-10003848,1,0,1,1,0,0,1,0,1,0,0,1
ACC-10003849,0,0,0,0,0,0,0,0,0,0,0,0
ACC-10003850,0,0,0,0,0,0,0,0,0,0,0,0
ACC-10003851,0,0,0,0,0,0,0,0,0,0,0,0
ACC-10003852,0,0,0,0,0,0,0,0,0,0,0,0
ACC-10003853,0,0,0,0,0,0,0,0,0,0,0,0
ACC-10003854,0,0,0,0,0,0,0,0,0,0,0,0
ACC-10003855,0,0,0,0,0,0,0,0,0,0,0,0
ACC-10003856,0,0,0,0,0,0,0,0,0,0,0,0
ACC-10003857,0,0,0,0,0,0,0,0,0,0,0,0
ACC-10003858,1,0,0,0,0,0,1,0,0,1,1,0
ACC-10003859,0,0,0,0,0,0,0,0,0,0,0,0
ACC-10003860,0,0,0,0,0,0,0,0,0,0,0,0
ACC-10003861,0,0,0,0,0,0,0,0,0,0,0,0
ACC-10003862,0,0,0,0,0,0,0,0,0,0,0,0
ACC-10003863,0,0,0,0,0,0,0,0,0,0,0,0
ACC-10003864,0,0,0,0,0,0,0,0,0,0,0,0
ACC-10003865,0,0,0,0,0,0,0,0,0,0,0,0
ACC-10003866,0,0,0,0,0,0,0,0,0,0,0,0
ACC-10003867,0,0,0,0,0,0,0,0,0,0,0,0
ACC-10003868,0,0,0,0,0,0,0,0,0,0,0,0
ACC-10003869,0,0,0,0,0,0,0,0,0,0,0,0
ACC-10003870,0,0,0,0,0,0,0,0,0,0,0,0
ACC-10003871,0,0,0,0,0,0,0,0,0,0,0,0
ACC-10003872,0,0,0,0,0,0,0,0,0,0,0,0
ACC-10003873,0,0,0,0,0,0,0,0,0,0,0,0
ACC-10003874,0,0,0,0,0,0,0,0,0,0,0,0
ACC-10003875,0,0,0,0,0,0,0,0,0,0,0,0
ACC-10003876,0,0,0,0,0,0,0,0,0,0,0,0
ACC-10003877,0,0,0,0,0,0,0,0,0,0,0,0
ACC-10003878,0,0,0,0,0,0,0,0,0,0,0,0
ACC-10003879,0,0,0,0,0,0,0,0,0,0,0,0
ACC-10003880,0,0,0,0,0,0,0,0,0,0,0,0
ACC-10003881,0,0,0,0,0,0,0,0,0,0,0,0
ACC-10003882,0,0,0,0,0,0,0,0,0,0,0,0
ACC-10003883,0,0,0,0,0,0,0,0,0,0,0,0
ACC-10003884,0,0,0,0,0,0,0,0,0,0,0,0
ACC-10003885,0,0,0,0,0,0,0,0,0,0,0,0
ACC-10003886,0,0,0,0,0,0,0,0,0,0,0,0
ACC-10003887,0,0,0,0,0,0,0,0,0,0,0,0
ACC-100038XX,0,0,0,0,0,0,0,0,0,0,0,0
ACC-10003889,0,0,0,0,0,0,0,0,0,0,0,0
ACC-10003890,0,0,0,0,0,0,0,0,0,0,0,0
ACC-10003891,0,0,0,0,0,0,0,0,0,0,0,0
ACC-10003892,0,0,0,0,0,0,0,0,0,0,0,0
ACC-10003893,0,0,0,0,0,0,0,0,0,0,0,0
ACC-10003894,0,0,0,0,0,0,0,0,0,0,0,0
ACC-10003895,0,0,1,1,0,0,1,0,1,0,0,1
ACC-10003896,0,0,0,0,0,0,0,0,0,0,0,0
ACC-10003897,0,0,0,0,0,0,0,0,0,0,0,0
ACC-10003898,0,0,0,0,0,0,0,0,0,0,0,0
ACC-10003899,0,0,0,0,0,0,0,0,0,0,0,0
ACC-10003900,0,0,0,0,0,0,0,0,0,0,0,0
ACC-10003901,0,0,0,0,0,0,0,0,0,0,0,0
ACC-10003902,0,1,1,0,0,0,0,0,0,1,0,0
ACC-10003903,0,0,0,0,0,0,0,0,0,0,0,0
ACC-10003904,0,0,0,0,0,0,0,0,0,0,0,0
ACC-10003905,0,0,0,0,0,0,0,0,0,0,0,0
ACC-10003906,0,0,0,0,0,0,0,0,0,0,0,0
ACC-10003907,0,0,0,0,0,0,0,0,0,0,0,0
ACC-10003908,0,0,0,0,0,0,0,0,0,0,0,0
ACC-10003909,0,0,0,0,0,0,0,0,0,0,0,0
ACC-10003910,0,1,1,1,0,0,1,0,0,0,0,1
ACC-10003911,0,0,0,0,0,0,0,0,0,0,0,0
ACC-10003912,0,0,0,0,0,0,0,0,0,0,0,0
ACC-10003913,0,0,0,0,0,0,0,0,0,0,0,0
ACC-10003914,0,0,0,0,0,0,0,0,0,0,0,0
ACC-10003915,0,0,0,0,0,0,0,0,0,0,0,0
ACC-10003916,0,0,0,0,0,0,0,0,0,0,0,0
ACC-10003917,0,0,0,0,0,0,0,0,0,0,0,0
ACC-10003918,0,0,0,0,0,0,0,0,0,0,0,0
ACC-10003919,0,0,0,0,0,0,0,0,0,0,0,0
ACC-10003920,0,0,0,0,0,0,0,0,0,0,0,0
ACC-10003921,0,0,0,0,0,0,0,0,0,0,0,0
ACC-10003922,0,0,0,0,0,0,0,0,0,0,0,0
ACC-10003923,0,0,0,0,0,0,0,0,0,0,0,0
ACC-10003924,0,0,0,0,0,0,0,0,0,0,0,0
ACC-10003925,0,0,0,0,0,0,0,0,0,0,0,0
ACC-10003926,0,0,0,0,0,0,0,0,0,0,0,0
ACC-10003927,0,0,0,0,0,0,0,0,0,0,0,0
ACC-10003928,0,0,0,0,0,0,0,0,0,0,0,0
ACC-10003929,0,0,0,0,0,0,0,0,0,0,0,0
ACC-10003930,0,0,0,0,0,0,0,0,0,0,0,0
ACC-10003931,0,0,0,0,0,0,0,0,0,0,0,0
ACC-10003932,0,0,0,0,0,0,0,0,0,0,0,0
ACC-10003933,0,0,0,0,0,0,0,0,0,0,0,0
ACC-10003934,0,0,0,0,0,0,0,0,0,0,0,0
ACC-10003935,0,0,0,0,0,0,0,0,0,0,0,0
ACC-10003936,0,0,0,0,0,0,0,0,0,0,0,0
ACC-10003937,0,0,0,0,0,0,0,0,0,0,0,0
ACC-10003938,0,0,0,0,0,0,0,0,0,0,0,0
ACC-10003939,0,0,0,0,0,0,0,0,0,0,0,0
ACC-10003940,0,0,0,0,0,0,0,0,0,0,0,0
ACC-10003941,0,0,0,0,0,0,0,0,0,0,0,0
ACC-10003942,0,0,0,0,0,0,0,0,0,0,0,0
ACC-10003943,0,0,0,0,0,0,0,0,0,0,0,0
ACC-10003944,0,0,0,0,0,0,0,0,0,0,0,0
ACC-10003945,0,0,0,0,0,0,0,0,0,0,0,0
ACC-10003946,0,0,0,0,0,0,0,0,0,0,0,0
ACC-10003947,0,0,0,0,0,0,0,0,0,0,0,0
ACC-10003948,0,0,0,0,0,0,0,0,0,0,0,0
ACC-10003949,0,0,0,0,0,0,0,0,0,0,0,0
ACC-10003950,0,0,0,0,0,0,0,0,0,0,0,0
ACC-10003951,0,0,0,0,0,0,0,0,0,0,0,0
ACC-10003952,1,0,0,0,0,0,0,0,0,0,0,0
ACC-10003953,0,0,0,0,0,0,0,0,0,0,0,0
ACC-10003954,0,0,0,0,0,0,0,0,0,0,0,0
ACC-10003955,0,0,0,0,0,0,0,0,0,0,0,0
ACC-10003956,0,0,0,0,0,0,0,0,0,0,0,0
ACC-10003957,0,0,0,0,0,0,0,0,0,0,0,0
ACC-10003958,0,0,0,0,0,0,0,0,0,0,0,0
ACC-10003959,0,0,0,0,0,0,0,0,0,0,0,0
ACC-10003960,0,0,0,0,0,0,0,0,0,0,0,0
ACC-10003961,0,0,0,0,0,0,0,0,0,0,0,0
ACC-10003962,0,0,0,0,0,0,0,0,0,0,0,0
ACC-10003963,0,0,0,0,0,0,0,0,0,0,0,0
ACC-10003964,0,0,0,0,0,0,0,0,0,0,0,0
ACC-10003965,0,0,0,0,0,0,0,0,0,0,0,0
ACC-10003966,0,0,0,0,0,0,0,0,0,0,0,0
ACC-10003967,0,0,0,0,0,0,0,0,0,0,0,0
ACC-10003968,0,0,0,0,0,0,0,0,0,0,0,0
ACC-100039XX,0,0,0,0,0,0,0,0,0,0,0,0
ACC-10003970,0,0,0,0,0,0,0,0,0,0,0,0
ACC-10003971,0,0,0,0,0,0,0,0,0,0,0,0
ACC-10003972,0,0,0,0,0,0,0,0,0,0,0,0
ACC-10003973,0,0,0,0,0,0,0,0,0,0,0,0
ACC-10003974,0,0,0,0,0,0,0,0,0,0,0,0
ACC-10003975,0,0,0,0,0,0,0,0,0,0,0,0
ACC-10003976,0,0,0,0,0,0,0,0,0,0,0,0
ACC-10003977,0,0,0,0,0,0,0,0,0,0,0,0
ACC-10003978,0,0,0,0,0,0,0,0,0,0,0,0
ACC-10003979,0,0,0,0,0,0,0,0,0,0,0,0
ACC-10003980,0,0,0,0,0,0,0,0,0,0,0,0
ACC-10003981,0,0,0,0,0,0,0,0,0,0,0,0
ACC-10003982,0,0,0,0,0,0,0,0,0,0,0,0
ACC-10003983,0,0,0,0,0,0,0,0,0,0,0,0
ACC-10003984,0,0,0,0,0,0,0,0,0,0,0,0
ACC-10003985,0,0,0,0,0,0,0,0,0,0,0,0
ACC-10003986,0,0,0,0,0,0,0,0,0,0,0,0
ACC-10003987,0,0,0,0,0,0,0,0,0,0,0,0
ACC-10003988,0,0,0,0,0,0,0,0,0,0,0,0
ACC-10003989,0,0,0,1,0,0,0,0,0,0,0,0
ACC-10003990,0,0,0,0,0,0,0,0,0,0,0,0
ACC-10003991,0,0,0,0,0,0,0,0,0,0,0,0
ACC-10003992,0,0,0,0,0,0,0,0,0,0,0,0
ACC-10003993,0,0,0,0,0,0,0,0,0,0,0,0
ACC-10003994,0,0,0,0,0,0,0,0,0,0,0,0
ACC-10003995,0,0,0,0,0,0,0,0,0,0,0,0
ACC-10003996,0,0,0,0,0,0,0,0,0,0,0,0
ACC-10003997,0,0,0,0,0,0,0,0,0,0,0,0
ACC-10003998,0,0,0,0,0,0,0,0,0,0,0,0
ACC-10003999,0,0,0,0,0,0,0,0,0,0,0,0
ACC-10004000,0,0,0,0,0,0,0,0,0,0,0,0
ACC-10004001,0,0,0,0,0,0,0,0,0,0,0,0
ACC-10004002,0,0,0,0,0,0,0,0,0,0,0,0
ACC-10004003,0,0,0,0,0,0,0,0,0,0,0,0
ACC-10004004,0,0,0,0,0,0,0,0,0,0,0,0
ACC-10004005,0,0,0,0,0,0,0,0,0,0,0,0
ACC-10004006,0,0,0,0,0,0,0,0,0,0,0,0
ACC-10004007,0,0,0,0,0,0,0,0,0,0,0,0
ACC-10004008,0,0,0,0,0,0,0,0,0,0,0,0
ACC-10004009,0,0,0,0,0,0,0,0,0,0,0,0
ACC-10004010,0,0,0,0,0,0,0,0,0,0,0,0
ACC-10004011,0,0,0,0,0,0,0,0,0,0,0,0
ACC-10004012,0,0,0,0,0,0,0,0,0,0,0,0
ACC-10004013,0,0,0,0,0,0,0,0,0,0,0,0
ACC-10004014,0,0,0,0,0,0,0,0,0,0,0,0
ACC-10004015,0,0,0,0,0,0,0,0,0,0,0,0
ACC-10004016,0,0,0,0,0,0,0,0,0,0,0,0
ACC-10004017,0,0,0,0,0,0,0,0,0,0,0,0
ACC-10004018,0,0,0,0,0,0,0,0,0,0,0,0
ACC-10004019,0,0,0,0,0,0,0,0,0,0,0,0
ACC-10004020,0,0,0,0,0,0,0,0,0,0,0,0
ACC-10004021,0,0,0,0,0,0,0,0,0,0,0,0
ACC-10004022,0,0,0,0,0,0,0,0,0,0,0,0
ACC-10004023,0,0,1,1,0,0,0,1,0,0,0,1
ACC-10004024,0,0,0,0,0,0,0,0,0,0,0,0
ACC-10004025,0,0,0,0,0,0,0,0,0,0,0,0
ACC-10004026,0,0,0,0,0,0,0,0,0,0,0,0
ACC-10004027,0,0,0,0,0,0,0,0,0,0,0,0
ACC-10004028,0,0,0,0,0,0,0,0,0,0,0,0
ACC-10004029,0,0,0,0,0,0,0,0,0,0,0,0
ACC-10004030,0,0,0,0,0,0,0,0,0,0,0,0
ACC-10004031,0,0,0,0,0,0,0,0,0,0,0,0
ACC-10004032,0,0,0,0,0,0,0,0,0,0,0,0
ACC-10004033,0,0,0,0,0,0,0,0,0,0,0,0
ACC-10004034,0,0,0,1,0,0,0,0,0,0,1,0
ACC-10004035,0,0,0,0,0,0,0,0,0,0,0,0
ACC-10004036,0,0,0,0,0,0,0,0,0,0,0,0
ACC-10004037,0,0,0,0,0,0,0,0,0,0,0,0
ACC-10004038,0,0,0,0,0,0,0,0,0,0,0,0
ACC-10004039,0,0,0,0,0,0,0,0,0,0,0,0
ACC-10004040,0,0,0,0,0,0,0,0,0,0,0,0
ACC-10004041,0,0,0,0,0,0,0,0,0,0,0,0
ACC-10004042,0,0,0,0,0,0,0,0,0,0,0,0
ACC-10004043,0,0,0,0,0,0,0,0,0,0,0,0
,0,0,0,0,0,0,0,0,0,0,0,0
ACC-10004045,1,0,1,0,1,1,0,0,0,0,1,0
ACC-10004046,0,0,0,0,0,0,0,0,0,0,0,0
ACC-10004047,0,0,0,0,0,0,0,0,0,0,0,0
ACC-10004048,0,0,0,0,0,0,0,0,0,0,0,0
ACC-10004049,0,0,0,0,0,0,0,0,0,0,0,0
ACC-10004050,0,0,0,0,0,0,0,0,0,0,0,0
ACC-10004051,0,0,0,0,0,0,0,0,0,0,0,0
ACC-10004052,0,0,0,0,0,0,0,0,0,0,0,0
ACC-10004053,0,0,0,0,0,0,0,0,0,0,0,0
ACC-10004054,0,0,0,0,0,0,0,0,0,0,0,0
ACC-10004055,0,0,0,0,0,0,0,0,0,0,0,0
ACC-10004056,0,0,0,0,0,0,0,0,0,0,0,0
ACC-10004057,0,0,0,0,0,0,0,0,0,0,0,0
ACC-10004058,0,0,0,0,0,0,0,0,0,0,0,0
ACC-10004059,0,0,0,0,0,0,0,0,0,0,0,0
ACC-10004060,0,0,0,0,0,0,0,0,0,0,0,0
ACC-10004061,0,0,0,0,0,0,0,0,0,0,0,0
ACC-10004062,0,0,0,0,0,0,0,0,0,0,0,0
ACC-10004063,0,0,0,0,0,0,0,0,0,0,0,0
ACC-10004064,0,0,0,0,0,0,0,0,0,0,0,0
ACC-10004065,0,0,0,0,0,0,0,0,0,0,0,0
ACC-10004066,0,1,0,0,0,0,0,0,0,0,0,0
ACC-10004067,0,0,0,0,0,0,0,0,0,0,0,0
ACC-10004068,0,0,0,0,0,0,0,0,0,0,0,0
ACC-10004069,0,0,0,0,0,0,0,0,0,0,0,0
ACC-10004070,0,0,0,0,0,0,0,0,0,0,0,0
ACC-10004071,0,0,0,0,0,0,0,0,0,0,0,0
ACC-10004072,0,0,0,0,0,0,0,0,0,0,0,0
ACC-10004073,0,0,0,0,0,0,0,0,0,0,0,0
ACC-10004074,0,0,0,0,0,0,0,0,0,0,0,0
ACC-10004075,0,0,0,0,0,0,0,0,0,0,0,0
ACC-10004076,0,0,0,0,0,0,0,0,0,0,0,0
ACC-10004077,0,0,0,0,0,0,0,0,0,0,0,0
ACC-10004078,0,0,0,0,0,0,0,0,0,0,0,0
ACC-10004079,0,0,0,0,0,0,0,0,0,0,0,0
ACC-10004080,0,0,0,0,0,0,0,0,0,0,0,0
ACC-10004081,0,0,0,0,0,0,0,0,0,0,0,0
ACC-10004082,0,0,0,0,0,0,0,0,0,0,0,0
ACC-10004083,0,0,0,0,0,0,0,0,0,0,0,0
ACC-10004084,0,0,0,0,0,0,0,0,0,0,0,0
ACC-10004085,0,0,0,0,0,0,0,0,0,0,0,0
ACC-10004086,0,0,0,0,0,0,0,0,0,0,0,0
ACC-10004087,0,0,0,0,0,0,0,0,0,0,0,0
ACC-10004088,0,0,0,0,0,0,0,0,0,0,0,0
ACC-10004089,0,0,0,0,0,0,0,0,0,0,0,0
ACC-10004090,0,0,0,0,0,0,0,0,0,0,0,0
ACC-10004091,0,0,0,0,0,0,0,0,0,0,0,0
ACC-10004092,0,0,0,0,0,0,0,0,0,0,0,0
ACC-10004093,0,0,0,0,0,0,0,0,0,0,0,0
ACC-10004094,0,0,0,0,0,0,0,0,0,0,0,0
ACC-10004095,0,0,0,0,0,0,0,0,0,0,0,0
ACC-10004096,0,0,0,0,0,0,0,0,0,0,0,0
ACC-10004097,0,0,0,0,0,0,0,0,0,0,0,0
ACC-10004098,0,0,0,0,0,0,0,0,0,0,0,0
ACC-10004099,0,0,0,0,0,0,0,0,0,0,0,0
ACC-10004100,0,0,0,0,0,0,0,0,0,0,0,0
ACC-10004101,0,0,0,0,0,0,0,0,0,0,0,0
ACC-10004102,0,0,0,0,0,0,0,0,0,0,0,0
ACC-10004103,0,0,0,0,0,0,0,0,0,0,0,0
ACC-10004104,0,0,0,0,0,0,0,0,0,0,0,0
ACC-10004105,0,0,0,0,0,0,0,0,0,0,0,0
ACC-10004106,0,0,0,0,0,0,0,0,0,0,0,0
ACC-10004107,0,0,0,0,0,0,0,0,0,0,0,0
ACC-10004108,0,0,0,0,0,0,0,0,0,0,0,0
ACC-10004109,0,0,0,0,0,0,0,0,0,0,0,0
ACC-10004110,1,0,0,0,0,0,0,0,0,0,1,1
ACC-10004111,0,0,0,0,0,0,0,0,0,0,0,0
ACC-10004112,0,0,0,0,0,0,0,0,0,0,0,0
ACC-10004113,0,0,0,0,0,0,0,0,0,0,0,0
ACC-10004114,0,0,0,0,0,0,0,0,0,0,0,0
ACC-10004115,0,0,0,0,0,0,0,0,0,0,0,0
ACC-10004116,0,0,0,0,0,0,0,0,0,0,0,0
ACC-10004117,0,0,0,0,0,0,0,0,0,0,0,0
ACC-10004118,0,0,0,0,0,0,0,0,0,0,0,0
ACC-10004119,0,0,0,0,0,0,0,0,0,0,0,0
ACC-10004120,0,0,0,0,0,0,0,0,0,0,0,0
ACC-10004121,0,0,0,0,0,0,0,0,0,0,0,0
ACC-10004122,0,0,0,0,0,0,0,0,0,0,0,0
ACC-10004123,0,0,0,0,0,0,0,0,0,0,0,0
ACC-10004124,0,0,0,0,0,0,0,0,0,0,0,0
ACC-10004125,0,0,0,0,1,0,0,0,0,0,0,1
ACC-10004126,0,0,0,0,0,0,0,0,0,0,0,0
ACC-10004127,0,0,0,0,0,0,0,0,0,0,0,0
ACC-10004128,0,0,0,0,0,0,0,0,0,0,0,0
ACC-10004129,0,0,0,0,0,0,0,0,0,0,0,0
ACC-10004130,0,0,0,0,0,0,0,0,0,0,0,0
ACC-10004131,0,0,0,0,0,0,0,0,0,0,0,0
ACC-10004132,0,0,0,0,0,0,0,0,0,0,0,0
ACC-10004133,0,0,0,0,0,0,0,0,0,0,0,0
ACC-10004134,0,0,0,0,0,0,0,0,0,0,0,0
ACC-10004135,0,0,0,0,0,0,0,0,0,0,0,0
ACC-10004136,0,0,0,0,0,0,0,0,0,0,0,0
ACC-10004137,0,0,0,0,0,0,0,0,0,0,0,0
ACC-10004138,0,0,0,0,0,0,0,0,0,0,0,0
ACC-10004139,0,0,0,0,0,0,0,0,0,0,0,0
ACC-10004140,0,0,0,0,0,0,0,0,0,0,0,0
ACC-10004141,0,0,0,0,0,0,0,0,0,0,0,0
ACC-10004142,0,0,1,0,0,0,0,0,0,0,0,0
ACC-10004143,0,0,0,0,0,0,0,0,0,0,0,0
ACC-10004144,0,0,0,0,0,0,0,0,0,0,0,0
ACC-10004145,0,0,0,0,0,0,0,0,0,0,0,0
ACC-10004146,0,0,0,0,0,0,0,0,0,0,0,0
ACC-10004147,0,0,0,0,0,0,0,0,0,0,0,0
ACC-10004148,0,0,0,0,0,0,0,0,0,0,0,0
ACC-10004149,0,0,0,0,0,0,0,0,0,0,0,0
ACC-10004150,0,0,0,0,0,0,0,0,0,0,0,0
ACC-10004151,0,0,0,0,0,0,0,0,0,0,0,0
ACC-10004152,0,0,0,0,0,0,0,0,0,0,0,0
ACC-10004153,0,0,0,0,0,0,0,0,0,0,0,0
ACC-10004154,0,0,0,0,0,0,0,0,0,0,0,0
ACC-10004155,0,0,0,0,0,0,0,0,0,0,0,0
ACC-10004156,0,0,0,0,0,0,0,0,0,0,0,0
ACC-10004157,0,0,0,0,0,0,0,0,0,0,0,0
ACC-10004158,0,0,0,0,0,0,0,0,0,0,0,0
ACC-10004159,0,0,0,0,0,0,0,0,0,0,0,0
ACC-10004160,0,0,0,0,0,0,0,0,0,0,0,0
ACC-10004161,0,0,0,0,0,0,0,0,0,0,0,0
ACC-10004162,0,0,0,0,0,0,0,0,0,0,0,0
,0,0,0,0,0,0,0,0,0,0,0,0
ACC-10004164,0,0,0,0,0,0,0,0,0,0,0,0
ACC-10004165,0,0,0,0,0,0,0,0,0,0,0,0
ACC-10004166,0,0,0,0,0,0,0,0,0,0,0,0
ACC-10004167,0,0,0,0,0,0,0,0,0,0,0,0
ACC-10004168,0,0,0,0,0,0,0,0,0,0,0,0
ACC-10004169,0,0,0,0,0,0,0,0,0,0,0,0
ACC-10004170,0,0,0,0,0,0,0,0,0,0,0,0
ACC-10004171,0,0,0,0,0,0,0,0,0,0,0,0
ACC-10004172,0,0,0,0,0,0,0,0,0,0,0,0
ACC-10004173,0,0,0,0,0,0,0,0,0,0,0,0
ACC-10004174,0,0,0,0,0,0,0,0,0,0,0,0
ACC-10004175,0,0,0,0,0,0,0,0,0,0,0,0
ACC-10004176,0,0,0,0,0,0,0,0,0,0,0,0
ACC-10004177,0,0,0,0,0,0,0,0,0,0,0,0
ACC-10004178,0,0,0,0,0,0,0,0,0,0,0,0
ACC-10004179,0,0,0,0,0,0,0,0,0,0,0,0
ACC-10004180,0,0,0,0,0,0,0,0,0,0,0,0
ACC-10004181,0,0,0,0,0,0,0,0,0,0,0,0
ACC-10004182,0,0,0,0,0,0,0,0,0,0,0,0
ACC-10004183,0,0,0,0,0,0,0,0,0,0,0,0
ACC-10004184,0,0,0,0,0,0,0,0,0,0,0,0
ACC-10004185,0,0,0,0,0,0,0,0,0,0,0,0
ACC-10004186,0,0,0,0,0,0,0,0,0,0,0,0
ACC-10004187,0,0,0,0,0,0,0,0,0,0,0,0
ACC-10004188,0,0,0,0,0,0,0,0,0,0,0,0
ACC-10004189,0,0,0,0,0,0,0,0,0,0,0,0
ACC-10004190,0,0,0,0,0,0,0,0,0,0,0,0
ACC-10004191,0,0,0,0,0,0,0,0,0,0,0,0
ACC-10004192,0,0,0,0,0,0,0,0,0,0,0,0
ACC-10004193,0,0,0,0,0,0,0,0,0,0,0,0
ACC-10004194,0,0,0,0,0,0,0,0,0,0,0,0
ACC-10004195,0,0,0,0,0,0,0,0,0,0,0,0
ACC-10004196,0,0,0,0,0,0,0,0,0,0,0,0
ACC-10004197,0,0,0,0,0,0,0,0,0,0,0,0
ACC-10004198,0,0,0,0,0,0,0,0,0,0,0,0
ACC-10004199,0,0,0,0,0,0,0,0,0,0,0,0
ACC-10004200,0,0,0,0,0,0,0,0,0,0,0,0
ACC-10004201,0,0,0,0,0,0,0,0,0,0,0,0
ACC-10004202,0,0,0,0,0,0,0,0,0,0,0,0
ACC-10004203,0,0,0,0,0,0,0,0,0,0,0,0
ACC-10004204,0,0,0,0,0,0,0,0,0,0,0,0
ACC-10004205,0,0,0,0,0,0,0,0,0,0,0,0
ACC-10004206,0,0,0,0,0,0,0,0,0,0,0,0
ACC-10004207,0,0,0,0,0,0,0,0,0,0,0,0
ACC-10004208,0,0,0,0,0,0,0,0,0,0,0,0
ACC-10004209,0,0,0,0,0,0,0,0,0,0,0,0
ACC-10004210,0,0,0,0,0,0,0,0,0,0,0,0
ACC-10004211,0,0,0,0,0,0,0,0,0,0,0,0
ACC-10004212,0,0,0,0,0,0,0,0,0,0,0,0
ACC-10004213,0,0,0,0,0,0,0,0,0,0,0,0
ACC-10004214,0,0,0,0,0,0,0,0,0,0,0,0
ACC-10004215,0,0,0,0,0,0,0,0,0,0,0,0
ACC-10004216,0,0,0,0,0,0,0,0,0,0,0,0
ACC-10004217,0,0,0,0,0,0,0,0,0,0,0,0
ACC-10004218,0,0,0,0,0,0,0,0,0,0,0,0
ACC-10004219,0,0,0,0,0,0,0,0,0,0,0,0
ACC-10004220,0,0,0,0,0,0,0,0,0,0,0,0
ACC-10004221,0,0,0,0,0,0,0,0,0,0,0,0
ACC-10004222,1,1,0,0,0,0,0,0,1,0,0,0
ACC-10004223,0,0,0,0,0,0,0,0,0,0,0,0
ACC-10004224,0,0,0,0,0,0,0,0,0,0,0,0
ACC-10004225,0,0,0,0,0,0,0,0,0,0,0,0
ACC-10004226,0,0,0,0,0,0,0,0,0,0,0,0
ACC-10004227,0,0,0,0,0,0,0,0,0,0,0,0
ACC-10004228,0,0,0,0,0,0,0,0,0,0,0,0
ACC-10004229,0,0,0,0,0,0,0,0,0,0,0,0
ACC-10004230,0,0,0,0,0,0,0,0,0,0,0,0
ACC-10004231,0,0,0,0,0,0,0,0,0,0,0,0
ACC-10004232,1,0,0,0,1,0,0,0,1,0,1,1
ACC-10004233,0,0,0,0,0,0,0,0,0,0,0,0
ACC-10004234,0,0,0,0,0,0,0,0,0,0,0,0
ACC-10004235,0,0,0,0,0,0,0,0,0,0,0,0
ACC-10004236,0,0,0,0,0,0,0,0,0,0,0,0
ACC-10004237,1,1,1,0,1,1,0,1,0,0,0,0
ACC-10004238,0,0,0,0,0,0,0,0,0,0,0,0
ACC-10004239,0,1,0,1,0,1,0,0,0,1,0,1
ACC-10004240,0,0,0,0,0,0,0,0,0,0,0,0
ACC-10004241,0,0,0,0,0,0,0,0,0,0,0,0
ACC-10004242,1,0,0,0,0,0,0,1,0,0,0,0
ACC-10004243,0,0,0,0,0,0,0,0,0,0,0,0
ACC-10004244,0,0,0,0,0,0,0,0,0,0,0,0
ACC-10004245,0,0,0,0,0,0,0,0,0,0,0,0
ACC-10004246,0,0,0,0,0,0,0,0,0,0,0,0
ACC-10004247,0,0,0,0,0,0,0,0,0,0,0,0
ACC-10004248,0,1,0,0,0,0,0,0,0,0,0,0
ACC-10004249,0,0,0,0,0,0,0,0,0,0,0,0
ACC-10004250,0,0,0,0,0,0,0,0,0,0,0,0
ACC-10004251,0,0,0,0,0,0,0,0,0,0,0,0
ACC-10004252,0,0,0,0,0,0,0,0,0,0,0,0
ACC-10004253,0,0,0,0,0,0,0,0,0,0,0,0
ACC-10004254,0,0,0,0,0,0,0,0,0,0,0,0
ACC-10004255,0,0,0,0,0,0,0,0,0,0,0,0
ACC-10004256,0,0,0,0,0,0,0,0,0,0,0,0
ACC-10004257,0,0,0,0,0,0,0,0,0,0,0,0
ACC-10004258,0,0,0,0,0,0,0,0,0,0,0,0
ACC-10004259,0,0,0,0,0,0,0,0,0,0,0,0
ACC-10004260,0,0,0,0,0,0,0,0,0,0,0,0
ACC-10004261,0,0,0,0,0,0,0,0,0,0,0,0
ACC-10004262,0,0,0,0,0,0,0,0,0,0,0,0
ACC-10004263,0,0,0,0,0,0,0,0,0,0,0,0
ACC-10004264,0,0,0,0,0,0,0,0,0,0,0,0
ACC-10004265,0,0,0,0,0,0,0,0,0,0,0,0
ACC-10004266,1,0,1,0,0,0,1,0,0,0,0,1
ACC-10004267,0,0,0,0,0,0,0,0,0,0,0,0
ACC-10004268,0,0,0,0,0,0,0,0,0,0,0,0
ACC-10004269,0,0,0,0,0,0,0,0,0,0,0,0
ACC-10004270,0,0,0,0,0,0,0,0,0,0,0,0
ACC-10004271,0,0,0,0,0,0,0,0,0,0,0,0
ACC-10004272,0,0,0,0,0,0,0,0,0,0,0,0
ACC-10004273,0,0,0,0,0,0,0,0,0,0,0,0
ACC-10004274,0,0,0,0,0,0,0,0,0,0,0,0
ACC-10004275,0,0,0,0,0,0,0,0,0,0,0,0
ACC-10004276,0,0,0,0,0,0,0,0,0,0,0,0
ACC-10004277,0,0,0,0,0,0,0,0,0,0,0,0
ACC-10004278,0,0,0,0,0,0,0,0,0,0,0,0
ACC-10004279,0,0,0,0,0,0,0,0,0,0,0,0
ACC-10004280,0,0,0,0,0,0,0,0,0,0,0,0
ACC-10004281,0,0,0,0,0,0,0,0,0,0,0,0
ACC-10004282,0,0,0,0,0,0,0,0,0,0,0,0
ACC-10004283,0,0,0,0,0,0,0,0,0,0,0,0
ACC-10004284,0,0,0,0,0,0,0,0,0,0,0,0
ACC-10004285,0,0,0,0,0,1,0,0,0,0,0,0
ACC-10004286,0,0,0,0,0,0,0,0,0,0,0,0
ACC-10004287,0,0,0,0,0,0,0,0,0,0,0,0
ACC-10004288,0,0,0,0,0,0,0,0,0,0,0,0
ACC-10004289,0,0,0,0,0,0,0,0,0,0,0,0
ACC-10004290,0,0,0,0,0,0,0,0,0,0,0,0
ACC-10004291,0,0,0,0,0,0,0,0,0,0,0,0
ACC-10004292,0,0,0,0,0,0,0,0,0,0,0,0
ACC-10004293,0,0,0,0,0,0,0,0,0,0,0,0
ACC-10004294,0,0,0,0,0,0,0,0,0,0,0,0
ACC-10004295,0,0,0,0,0,0,0,0,0,0,0,0
ACC-10004296,0,0,0,0,0,0,0,0,0,0,0,0
ACC-10004297,0,0,0,0,0,0,0,0,0,0,0,0
ACC-10004298,0,0,0,0,0,0,0,0,0,0,0,0
ACC-10004299,0,0,0,0,0,0,0,0,0,0,0,0
ACC-10004300,0,0,0,0,0,0,0,0,0,0,0,0
ACC-10004301,0,0,0,0,0,0,0,0,0,0,0,0
ACC-10004302,0,0,0,0,0,0,0,0,0,0,0,0
ACC-10004303,0,0,0,0,0,0,0,0,0,0,0,0
ACC-10004304,0,0,0,0,0,0,0,0,0,0,0,0
ACC-10004305,1,0,1,0,1,1,0,0,0,1,1,0
ACC-10004306,0,0,0,0,0,0,0,0,0,0,0,0
ACC-10004307,0,0,0,0,0,0,0,0,0,0,0,0
ACC-10004308,0,0,0,0,0,0,0,0,0,0,0,0
ACC-10004309,0,0,0,0,0,0,0,0,0,0,0,0
ACC-10004310,0,0,0,0,0,0,0,0,0,0,0,0
ACC-10004311,1,0,0,1,0,1,0,0,0,1,0,0
ACC-10004312,0,0,0,0,0,0,0,0,0,0,0,0
ACC-10004313,0,0,0,0,0,0,0,0,0,0,0,0
ACC-10004314,0,0,0,0,0,0,0,0,0,0,0,0
ACC-10004315,0,0,0,0,0,0,0,0,0,0,0,0
ACC-10004316,0,0,0,0,0,0,0,0,0,0,0,0
ACC-10004317,0,0,0,0,0,0,0,0,0,0,0,0
ACC-10004318,0,0,0,0,0,0,0,0,0,0,0,0
ACC-10004319,0,0,0,0,0,0,0,0,0,0,0,0
ACC-10004320,0,0,0,0,0,0,0,0,0,0,0,0
ACC-10004321,0,0,0,0,0,0,0,0,0,0,0,0
ACC-10004322,0,0,0,0,0,0,0,0,0,0,0,0
ACC-10004323,1,0,0,0,0,0,1,0,0,1,1,0
ACC-10004324,0,0,0,0,0,0,0,0,0,0,0,0
ACC-10004325,0,0,0,0,0,0,0,0,0,0,0,0
ACC-10004326,0,0,0,0,0,0,0,0,0,0,0,0
ACC-10004327,0,0,0,0,0,0,0,0,0,0,0,0
ACC-10004328,0,0,0,0,0,0,0,0,0,0,0,0
ACC-10004329,0,0,0,0,0,0,0,0,0,0,0,0
ACC-10004330,0,0,0,0,0,0,0,0,0,0,0,0
ACC-10004331,0,0,0,0,0,0,0,0,0,0,0,0
ACC-10004332,0,0,0,0,0,0,0,0,0,0,0,0
ACC-10004333,1,1,0,1,0,0,1,0,1,0,1,0
ACC-10004334,0,0,0,0,0,0,0,0,0,0,0,0
ACC-10004335,0,0,0,0,0,0,0,0,0,0,0,0
ACC-10004336,0,0,0,0,0,0,0,0,0,0,0,0
ACC-10004337,0,0,0,0,0,0,0,0,0,0,0,0
ACC-10004338,0,0,0,0,0,0,0,0,0,0,0,0
ACC-10004339,0,0,0,0,0,0,0,0,0,0,0,0
ACC-10004340,0,0,0,0,0,0,0,0,0,0,0,0
ACC-10004341,0,0,0,0,0,0,0,0,0,0,1,0
ACC-10004342,0,0,0,0,0,0,0,0,0,0,0,0
ACC-10004343,0,0,0,0,0,0,0,0,0,0,0,0
ACC-10004344,0,0,0,0,0,0,0,0,0,0,0,0
ACC-10004345,0,0,0,0,0,0,0,0,0,0,0,0
ACC-10004346,0,0,0,0,0,0,0,0,0,0,0,0
ACC-10004347,0,0,0,0,0,0,0,0,0,0,0,0
ACC-10004348,0,0,0,0,0,0,0,0,0,0,0,0
ACC-10004349,0,0,0,0,0,0,0,0,0,0,0,0
ACC-10004350,0,0,0,0,0,0,0,0,0,0,0,0
ACC-10004351,0,0,0,0,0,0,0,0,0,0,0,0
ACC-10004352,0,0,0,0,0,0,0,0,0,0,0,0
ACC-10004353,0,0,0,0,0,0,0,0,0,0,0,0
ACC-10004354,0,0,0,0,0,0,0,0,0,0,0,0
ACC-10004355,0,0,0,0,0,0,0,0,0,0,0,0
ACC-10004356,0,0,0,0,0,0,0,0,0,0,0,0
ACC-10004357,0,0,0,0,0,0,0,0,0,0,0,0
ACC-10004358,0,0,0,0,0,0,0,0,0,0,0,0
ACC-10004359,0,0,0,0,1,1,0,0,0,0,1,0
ACC-10004360,0,0,0,0,0,0,0,0,0,0,0,0
ACC-10004361,0,0,0,0,0,0,0,0,0,0,0,0
ACC-10004362,0,0,0,0,0,0,0,0,0,0,0,0
ACC-10004363,0,0,0,0,0,0,0,0,0,0,0,0
ACC-10004364,0,0,0,0,0,0,0,0,0,0,0,0
ACC-10004365,0,0,0,0,0,0,0,0,0,0,0,0
ACC-10004366,0,0,0,0,0,0,0,0,0,0,0,0
ACC-10004367,0,0,0,0,0,0,0,0,0,0,0,0
ACC-10004368,0,0,0,0,0,0,0,0,0,0,0,0
ACC-10004369,0,0,0,0,0,0,0,0,0,0,0,0
ACC-10004370,0,0,0,0,0,0,0,0,0,0,0,0
ACC-10004371,0,0,0,0,0,0,0,0,0,0,0,0
ACC-10004372,0,0,0,0,0,0,0,0,0,0,0,0
ACC-10004373,0,0,0,0,0,0,0,0,0,0,0,0
ACC-10004374,0,0,0,0,0,0,0,0,0,0,0,0
ACC-10004375,0,0,0,0,0,0,0,0,0,0,0,0
ACC-10004376,0,0,0,0,0,0,0,0,0,0,0,0
ACC-10004377,0,0,0,0,0,0,0,0,0,0,0,0
ACC-10004378,0,0,0,0,0,0,0,0,0,0,0,0
ACC-10004379,0,0,0,0,0,0,0,0,0,0,0,0
ACC-10004380,0,0,0,0,0,0,0,0,0,0,0,0
ACC-10004381,0,0,0,0,0,0,0,0,0,0,0,0
ACC-10004382,0,0,0,0,0,0,0,0,0,0,0,0
ACC-10004383,0,0,0,0,0,0,0,0,0,0,0,0
ACC-10004384,0,0,0,0,0,0,0,0,0,0,0,0
ACC-10004385,0,0,0,0,0,0,0,0,0,0,0,0
ACC-10004386,0,0,0,0,0,0,0,0,0,0,0,0
ACC-10004387,0,0,0,0,0,0,0,0,0,0,0,0
ACC-10004388,0,0,0,0,0,0,0,0,0,0,0,0
ACC-10004389,0,0,0,0,0,0,0,0,0,0,0,0
ACC-10004390,0,0,0,0,0,0,0,0,0,0,0,0
ACC-10004391,0,0,0,0,0,0,0,0,0,0,0,0
ACC-10004392,0,0,0,0,0,0,0,0,0,0,0,0
ACC-10004393,0,0,0,0,0,0,0,0,0,0,0,0
ACC-10004394,0,0,0,0,0,0,0,0,0,0,0,0
ACC-10004395,0,0,0,0,0,0,0,0,0,0,0,0
ACC-10004396,0,0,0,0,0,0,0,0,0,0,0,0
ACC-10004397,0,0,0,0,0,0,0,0,0,0,0,0
ACC-10004398,0,0,0,0,0,0,0,0,0,0,0,0
ACC-10004399,0,0,0,0,0,0,0,0,0,0,0,0
ACC-10004400,0,0,0,0,0,0,0,0,0,0,0,0
ACC-10004401,0,0,0,0,0,0,0,0,0,0,0,0
ACC-10004402,0,0,0,0,0,0,0,0,0,0,0,0
ACC-10004403,0,0,0,0,0,0,0,0,0,0,0,0
ACC-10004404,0,0,0,0,0,0,0,0,0,0,0,0
ACC-10004405,0,0,0,0,0,0,0,0,0,0,0,0
ACC-10004406,0,0,0,0,0,0,0,0,0,0,0,0
ACC-10004407,0,0,0,0,0,0,0,0,0,0,0,0
ACC-10004408,0,0,0,0,0,0,0,0,0,0,0,0
ACC-10004409,0,0,0,0,0,0,0,0,0,0,0,0
ACC-10004410,0,0,0,0,0,0,0,0,0,0,0,0
ACC-10004411,0,0,0,0,0,0,0,0,0,0,0,0
ACC-10004412,0,0,0,0,0,0,0,0,0,0,0,0
ACC-10004413,0,0,0,0,0,0,0,0,0,0,0,0
ACC-10004414,0,0,0,0,0,0,0,0,0,0,0,0
ACC-10004415,0,0,0,0,0,0,0,0,0,0,0,0
ACC-10004416,0,0,0,0,0,0,0,0,0,0,0,0
ACC-10004417,0,0,0,0,0,0,0,0,0,0,0,0
ACC-10004418,0,0,0,0,0,0,0,0,0,0,0,0
ACC-10004419,0,0,0,0,0,0,0,0,0,0,0,0
ACC-10004420,0,0,0,0,0,0,0,0,0,0,0,0
ACC-10004421,0,0,0,0,0,0,0,0,0,0,0,0
ACC-10004422,0,0,0,0,0,0,0,0,0,0,0,0
ACC-10004423,0,0,0,0,0,0,0,0,0,0,0,0
ACC-10004424,0,0,0,0,0,0,0,0,0,0,0,0
ACC-10004425,0,0,0,0,0,0,0,0,0,0,0,0
ACC-10004426,0,0,0,0,0,0,0,0,0,0,0,0
ACC-10004427,0,0,0,0,0,0,0,0,0,0,0,0
ACC-10004428,0,0,0,0,0,0,0,0,0,0,0,0
ACC-10004429,0,0,0,0,0,0,0,0,0,0,0,0
ACC-10004430,0,0,0,0,0,0,0,0,0,0,0,0
ACC-10004431,0,0,0,0,0,0,0,0,0,0,0,0
ACC-10004432,0,0,0,0,0,0,0,0,0,0,0,0
ACC-10004433,0,0,0,0,0,0,0,0,0,0,0,0
ACC-10004434,0,0,0,0,0,0,0,0,0,0,0,0
ACC-10004435,0,0,0,0,0,0,0,0,0,0,0,0
ACC-10004436,0,0,0,0,0,0,0,0,0,0,0,0
ACC-10004437,0,0,0,0,0,0,0,0,0,0,0,0
ACC-10004438,0,0,0,0,1,0,0,1,1,0,0,0
ACC-10004439,0,0,0,0,0,0,0,0,0,0,0,0
ACC-10004440,0,0,0,0,0,0,0,0,0,0,0,0
ACC-10004441,0,0,0,0,0,0,0,0,0,0,0,0
ACC-10004442,0,0,0,0,0,0,0,0,0,0,0,0
ACC-10004443,0,0,0,0,0,0,0,0,0,0,0,0
ACC-10004444,0,0,0,0,0,0,0,0,0,0,0,0
ACC-10004445,0,0,0,0,0,0,0,0,0,0,0,0
ACC-10004446,0,0,0,0,0,0,0,0,0,0,0,0
ACC-10004447,0,0,0,0,0,0,0,0,0,0,0,0
ACC-10004448,0,0,0,0,0,0,0,0,0,0,0,0
ACC-10004449,0,0,0,0,0,0,0,0,0,0,0,0
ACC-10004450,0,0,0,0,0,0,0,0,0,0,0,0
ACC-10004451,0,0,0,0,0,0,0,0,0,0,0,0
ACC-10004452,0,0,0,0,0,0,0,0,0,0,0,0
ACC-10004453,0,0,0,0,0,0,0,0,0,0,0,0
ACC-10004454,0,0,0,0,0,0,0,0,0,0,0,0
ACC-10004455,0,0,0,0,0,0,0,0,0,0,0,0
ACC-10004456,0,0,0,0,0,0,0,0,0,0,0,0
ACC-10004457,0,0,0,0,0,0,0,0,0,0,0,0
ACC-10004458,0,0,0,0,0,0,0,0,0,0,0,0
ACC-10004459,0,0,0,0,0,0,0,0,0,0,0,0
ACC-10004460,0,0,0,0,0,0,0,0,0,0,0,0
ACC-10004461,0,0,0,0,0,0,0,0,0,0,0,0
ACC-10004462,0,0,0,0,0,0,0,0,0,0,0,0
ACC-10004463,0,0,0,0,0,0,0,0,0,0,0,0
ACC-10004464,0,0,0,0,0,0,0,0,0,0,0,0
ACC-10004465,0,0,0,0,0,0,0,0,0,0,0,0
ACC-10004466,0,0,0,0,0,0,0,0,0,0,0,0
ACC-100044XX,0,0,0,0,0,0,0,0,0,0,0,0
ACC-10004468,0,0,0,0,0,0,0,0,0,0,0,0
ACC-10004469,0,0,0,0,0,0,0,0,0,0,0,0
ACC-10004470,0,0,0,0,0,0,0,0,0,0,0,0
ACC-10004471,0,0,0,0,0,0,0,0,0,0,0,0
ACC-10004472,0,0,0,0,0,0,0,0,0,0,0,0
ACC-10004473,0,0,0,0,0,0,0,0,0,0,0,0
ACC-10004474,0,0,0,0,0,0,0,0,0,0,0,0
ACC-10004475,0,0,0,0,0,0,0,0,0,0,0,0
ACC-10004476,0,0,0,0,0,0,0,0,0,0,0,0
ACC-10004477,0,0,0,0,0,0,0,0,0,0,0,0
ACC-10004478,0,0,0,0,0,0,0,0,0,0,0,0
ACC-10004479,0,0,0,0,0,0,0,0,0,0,0,1
ACC-10004480,0,0,0,0,0,0,0,0,0,0,0,0
ACC-10004481,0,0,0,0,0,0,0,0,0,0,0,0
ACC-10004482,0,0,0,0,0,0,0,0,0,0,0,0
ACC-10004483,0,0,0,0,0,0,0,0,0,0,0,0
ACC-10004484,0,0,0,0,0,0,0,0,0,0,0,0
ACC-10004485,0,0,0,0,0,0,0,0,0,0,0,0
ACC-10004486,0,0,0,0,0,0,0,0,0,0,0,0
ACC-10004487,0,0,0,0,0,0,0,0,0,0,0,0
ACC-10004488,0,0,0,0,0,0,0,0,0,0,0,0
ACC-10004489,0,0,0,0,0,0,0,0,0,0,0,0
ACC-10004490,0,0,0,0,0,0,0,0,0,0,0,0
ACC-10004491,0,0,0,0,0,0,0,0,0,0,0,0
ACC-10004492,0,0,0,0,0,0,0,0,0,0,0,0
ACC-10004493,0,0,0,0,0,0,0,0,0,0,0,0
ACC-10004494,0,0,0,0,0,0,1,0,0,0,0,0
ACC-10004495,0,0,0,0,0,0,0,0,0,0,0,0
ACC-10004496,0,0,0,0,0,0,0,0,0,0,0,0
ACC-10004497,0,0,0,0,0,0,0,0,0,0,0,0
ACC-10004498,0,0,0,0,0,0,0,0,0,0,0,0
ACC-10004499,0,0,0,0,0,0,0,0,0,0,0,0
ACC-100045XX,0,0,0,0,0,0,0,0,0,0,0,0
ACC-10004501,0,0,0,0,0,0,0,0,0,0,0,0
ACC-10004502,0,0,0,0,0,0,0,0,0,0,0,0
ACC-10004503,0,0,0,0,0,0,0,0,0,0,0,0
ACC-10004504,0,0,0,0,0,0,0,0,0,0,0,0
ACC-10004505,0,0,0,0,0,0,0,0,0,0,0,0
ACC-10004506,0,0,0,0,0,0,0,0,0,0,0,0
ACC-10004507,0,0,0,0,0,0,0,0,0,0,0,0
ACC-10004508,0,0,0,0,0,0,0,0,0,0,0,0
ACC-10004509,0,0,0,0,0,0,0,0,0,0,0,0
ACC-10004510,0,0,0,0,0,0,0,0,0,0,0,0
ACC-10004511,0,0,0,0,0,0,0,0,0,0,0,0
ACC-10004512,0,0,0,0,0,0,0,0,0,0,0,0
ACC-10004513,0,0,0,0,0,0,0,0,0,0,0,0
ACC-10004514,0,0,0,0,0,0,0,0,0,0,0,0
ACC-10004515,0,0,0,0,0,0,0,0,0,0,0,0
ACC-10004516,0,0,0,0,0,0,0,0,0,0,0,0
ACC-10004517,0,0,0,0,0,0,0,0,0,0,0,0
ACC-10004518,0,0,0,0,0,0,0,0,0,0,0,0
ACC-10004519,0,0,0,0,0,0,0,0,0,0,0,0
ACC-10004520,0,0,0,0,0,0,0,0,0,0,0,0
ACC-10004521,0,0,0,0,0,0,0,0,0,0,0,0
ACC-10004522,0,0,0,0,0,0,0,0,0,0,0,0
ACC-10004523,0,0,0,0,0,0,0,0,0,0,0,0
ACC-10004524,0,0,0,0,0,0,0,0,0,0,0,0
ACC-10004525,0,0,0,0,0,0,0,0,0,0,0,0
ACC-10004526,0,0,0,0,0,0,0,0,0,0,0,0
ACC-10004527,0,0,0,0,0,0,0,0,0,0,0,0
ACC-10004528,0,0,0,0,0,0,0,0,0,0,0,0
ACC-10004529,0,0,0,0,0,0,0,0,0,0,0,0
ACC-10004530,0,0,0,0,0,0,0,0,0,0,0,0
ACC-10004531,0,0,0,0,0,0,0,0,0,0,0,0
ACC-10004532,0,0,0,0,0,0,0,0,0,0,0,0
ACC-10004533,0,0,0,0,0,0,0,0,0,0,0,0
ACC-10004534,0,0,0,0,0,0,0,0,0,0,0,0
ACC-10004535,0,0,0,0,0,0,0,0,0,0,0,0
ACC-10004536,0,0,0,0,0,0,0,0,0,0,0,0
ACC-10004537,0,0,0,0,0,0,0,0,0,0,0,0
ACC-10004538,0,0,0,0,0,0,0,0,0,0,0,0
ACC-10004539,0,0,0,0,0,0,0,0,0,0,0,0
ACC-10004540,0,0,0,0,0,0,0,0,0,0,0,0
ACC-10004541,0,0,0,0,0,0,0,0,0,0,0,0
ACC-10004542,0,0,0,0,0,0,0,0,0,0,0,0
ACC-10004543,0,0,0,0,0,0,0,0,0,0,0,0
ACC-10004544,0,0,0,0,0,0,0,0,0,0,0,0
ACC-10004545,0,0,0,0,0,0,0,0,0,0,0,0
ACC-10004546,0,0,0,0,0,0,0,0,0,0,0,0
ACC-10004547,0,0,0,0,0,0,0,0,0,0,0,0
ACC-10004548,0,0,0,0,0,0,0,0,0,0,0,0
ACC-10004549,0,0,0,0,0,0,0,0,0,0,0,0
ACC-10004550,0,0,0,0,0,0,0,0,0,0,0,0
ACC-10004551,0,0,0,0,0,0,0,0,0,0,0,0
ACC-10004552,0,0,0,0,0,0,0,0,0,0,0,0
ACC-10004553,0,0,0,0,0,0,0,0,0,0,0,0
ACC-10004554,0,0,0,0,0,0,0,0,0,0,0,0
ACC-10004555,0,0,0,0,0,0,0,0,0,0,0,0
ACC-10004556,0,0,0,0,0,0,0,0,0,0,0,0
ACC-10004557,0,0,0,0,0,0,0,0,0,0,0,0
ACC-10004558,0,0,0,0,0,0,0,0,0,0,0,0
ACC-10004559,0,0,0,0,0,0,0,0,0,0,0,0
ACC-10004560,0,0,0,0,0,0,0,0,0,0,0,0
ACC-10004561,0,0,0,0,0,0,0,0,0,0,0,0
ACC-10004562,0,0,0,0,0,0,0,0,0,0,0,0
ACC-10004563,0,0,0,0,0,0,0,0,0,0,0,0
ACC-10004564,0,0,0,0,0,0,0,0,0,0,0,0
ACC-10004565,0,0,0,0,0,0,0,0,0,0,0,0
,0,0,0,0,0,0,0,0,0,0,0,0
ACC-10004567,0,0,0,0,0,0,0,0,0,0,0,0
ACC-10004568,0,0,0,0,0,0,0,0,0,0,0,0
ACC-10004569,0,0,0,0,0,0,0,0,0,0,0,0
ACC-10004570,0,0,0,0,0,0,0,0,0,0,0,0
ACC-10004571,0,0,1,0,0,1,0,1,0,1,0,0
ACC-10004572,0,0,0,0,0,0,0,0,0,0,0,0
ACC-10004573,0,0,0,0,0,0,0,0,0,0,0,0
ACC-10004574,0,0,0,0,0,0,0,0,0,0,0,0
ACC-10004575,0,0,0,0,0,0,0,0,0,0,0,0
ACC-10004576,0,0,0,0,0,0,1,0,0,0,0,0
ACC-10004577,0,0,0,0,0,0,0,0,0,0,0,0
ACC-10004578,0,0,0,0,0,0,0,0,0,0,0,0
ACC-10004579,0,0,0,0,0,0,0,0,0,0,0,0
ACC-10004580,0,0,0,0,0,0,0,0,0,0,0,0
ACC-10004581,0,0,0,0,0,0,0,0,0,0,0,0
ACC-10004582,1,0,1,1,0,1,0,0,0,0,0,1
ACC-10004583,0,0,0,0,0,0,0,0,0,0,0,0
ACC-10004584,0,0,0,0,0,0,0,0,0,0,0,0
ACC-10004585,0,0,0,0,0,0,0,0,0,0,0,0
ACC-10004586,0,0,0,0,0,0,0,0,0,0,0,0
ACC-10004587,0,0,0,0,0,0,0,0,0,0,0,0
ACC-10004588,0,0,0,0,0,0,0,0,0,0,0,0
ACC-10004589,0,0,0,0,0,0,0,0,0,0,0,0
ACC-10004590,0,0,0,0,0,0,0,0,0,0,0,0
ACC-10004591,0,0,0,0,0,0,0,0,0,0,0,0
ACC-10004592,0,0,0,0,0,0,0,0,0,0,0,0
ACC-10004593,0,0,0,0,0,0,0,0,0,0,0,0
ACC-10004594,0,0,0,0,0,0,0,0,0,0,0,0
ACC-10004595,0,0,0,0,0,0,0,0,0,0,0,0
ACC-10004596,0,0,0,0,0,0,0,0,0,0,0,0
ACC-10004597,0,0,0,0,0,0,0,0,0,0,0,0
ACC-10004598,0,0,0,0,0,0,0,0,0,0,0,0
ACC-10004599,0,0,0,0,0,0,0,0,0,0,0,0
ACC-10004600,0,0,0,0,0,0,0,0,0,0,0,0
ACC-10004601,0,0,0,0,0,0,0,0,0,0,0,0
ACC-10004602,0,0,0,0,0,0,0,0,0,0,0,0
ACC-10004603,0,0,0,0,0,0,0,0,0,0,0,0
ACC-10004604,0,0,0,0,0,0,0,0,0,0,0,0
ACC-10004605,0,0,0,0,0,0,0,0,0,0,0,0
ACC-10004606,0,0,0,0,0,0,0,0,0,0,0,0
ACC-10004607,0,0,0,0,0,0,0,0,0,0,0,0
ACC-10004608,0,0,0,0,0,0,0,0,0,0,0,0
ACC-10004609,0,0,0,0,0,0,0,0,0,0,0,0
ACC-10004610,0,0,0,0,0,0,0,0,0,0,0,0
ACC-10004611,0,0,0,0,0,0,0,0,0,0,0,0
ACC-10004612,0,0,0,0,0,0,0,0,0,0,0,0
ACC-10004613,0,0,0,0,0,0,0,0,0,0,0,0
ACC-10004614,0,0,1,0,0,0,0,0,0,1,1,1
ACC-10004615,0,0,0,0,0,0,0,0,0,0,0,0
ACC-10004616,0,0,0,0,0,0,0,0,0,0,0,0
ACC-10004617,0,0,0,0,0,0,0,0,0,0,0,0
ACC-10004618,0,0,0,0,0,0,0,0,0,0,0,0
ACC-10004619,0,0,0,0,0,0,0,0,0,0,0,0
ACC-10004620,0,0,0,0,0,0,0,0,0,0,0,0
ACC-10004621,0,0,0,0,0,0,0,0,0,0,0,0
ACC-10004622,0,0,0,0,0,0,0,0,0,0,0,0
ACC-10004623,0,0,0,0,0,0,0,0,0,0,0,0
ACC-10004624,0,0,0,0,0,0,0,0,0,0,0,0
ACC-10004625,0,0,0,0,0,0,0,0,0,0,0,0
ACC-10004626,0,0,0,0,0,0,0,0,0,0,0,0
ACC-10004627,0,0,0,0,0,0,0,0,0,0,0,0
ACC-10004628,0,0,0,0,0,0,0,0,0,0,0,0
ACC-10004629,0,0,0,0,0,0,0,0,0,0,0,0
ACC-10004630,0,0,0,0,0,0,0,0,0,0,0,0
ACC-10004631,0,0,0,0,0,0,0,0,0,0,0,0
ACC-10004632,1,1,1,1,0,0,1,0,0,0,1,0
ACC-10004633,0,0,0,0,0,0,0,0,0,0,0,0
ACC-10004634,0,0,0,0,0,0,0,0,0,0,0,0
ACC-10004635,0,0,0,0,0,0,0,0,0,0,0,0
ACC-10004636,0,0,0,0,0,0,0,0,0,0,0,0
ACC-10004637,0,0,0,0,0,0,0,0,0,0,0,0
ACC-10004638,0,0,0,0,0,0,0,0,0,0,0,0
ACC-10004639,0,0,0,0,0,0,0,0,0,0,0,0
ACC-10004640,0,0,0,0,0,0,0,0,0,0,0,0
ACC-10004641,0,0,0,0,0,0,0,0,0,0,0,0
ACC-10004642,0,0,0,0,0,0,0,0,0,0,0,0
ACC-10004643,0,0,0,0,0,0,0,0,0,0,0,0
ACC-10004644,0,0,0,0,0,0,0,0,0,0,0,0
ACC-10004645,0,0,0,0,0,0,0,0,0,0,0,0
ACC-10004646,0,0,0,0,0,0,0,0,0,0,0,0
ACC-10004647,0,0,0,0,0,0,0,0,0,0,0,0
ACC-10004648,0,0,0,0,0,0,0,0,0,0,0,0
ACC-10004649,0,0,0,0,0,0,0,0,0,0,0,0
ACC-10004650,0,0,0,0,0,0,0,0,0,0,0,0
ACC-10004651,0,0,0,0,0,0,0,0,0,0,0,0
ACC-10004652,0,0,0,0,0,0,0,0,0,0,0,0
ACC-10004653,0,0,0,0,0,0,0,0,0,0,0,0
ACC-10004654,0,0,0,0,0,0,0,0,0,0,0,0
ACC-10004655,0,0,0,0,0,0,0,0,0,0,0,0
ACC-10004656,1,0,0,0,1,0,1,0,1,0,0,1
ACC-10004657,0,0,0,0,0,0,0,0,0,0,0,0
ACC-10004658,0,0,0,0,0,0,0,0,0,0,0,0
ACC-10004659,0,0,0,0,0,0,0,0,0,0,0,0
ACC-10004660,0,0,0,0,0,0,0,0,0,0,0,0
ACC-10004661,0,0,0,0,0,0,0,0,0,0,0,0
ACC-10004662,0,0,0,0,0,0,0,0,0,0,0,0
ACC-10004663,0,0,0,0,0,0,0,0,0,0,0,0
ACC-10004664,0,0,0,0,0,0,0,0,0,0,0,0
ACC-10004665,0,0,0,0,0,0,0,0,0,0,0,0
ACC-10004666,0,0,0,0,0,0,0,0,0,0,0,0
ACC-10004667,0,0,0,0,0,1,1,0,1,0,0,0
ACC-10004668,0,0,0,0,0,0,0,0,0,0,0,0
ACC-10004669,0,0,0,0,0,0,0,0,0,0,0,0
ACC-10004670,1,0,0,0,0,1,1,1,1,1,1,1
ACC-10004671,0,0,0,0,0,0,0,0,0,0,0,0
ACC-10004672,0,0,0,0,0,0,0,0,0,0,0,0
ACC-10004673,0,0,0,0,0,0,0,0,0,0,0,0
ACC-10004674,0,0,0,0,0,0,0,0,0,0,0,0
ACC-10004675,0,0,0,0,0,0,0,0,0,0,0,0
ACC-10004676,0,0,0,0,0,0,0,0,0,0,0,0
ACC-10004677,0,0,0,0,0,0,0,0,0,0,0,0
ACC-10004678,0,0,0,0,0,0,0,0,0,0,0,0
ACC-10004679,0,0,0,0,0,0,0,0,0,0,0,0
ACC-10004680,0,0,0,0,0,0,0,0,0,0,0,0
ACC-10004681,0,0,0,0,0,0,0,0,0,0,0,0
ACC-10004682,0,0,0,0,0,0,0,0,0,0,0,0
ACC-10004683,0,0,0,0,0,0,0,0,0,0,0,0
ACC-10004684,0,0,0,0,0,0,0,0,0,0,0,0
ACC-10004685,0,0,0,0,0,0,0,0,0,0,0,0
ACC-10004686,0,0,0,0,0,0,0,0,0,0,0,0
ACC-10004687,0,0,0,0,0,0,0,0,1,0,0,0
ACC-10004688,0,1,1,1,0,1,0,0,0,0,0,1
ACC-10004689,0,0,0,0,0,0,0,0,0,0,0,0
ACC-10004690,0,0,0,0,0,0,0,0,0,0,0,0
ACC-10004691,0,0,0,0,0,0,0,0,0,0,0,0
ACC-10004692,0,0,0,0,0,0,1,1,1,1,0,0
ACC-10004693,0,0,0,0,0,0,0,0,0,0,0,0
ACC-10004694,0,0,0,0,0,0,0,0,0,0,0,0
ACC-10004695,0,0,0,0,0,0,0,0,0,0,0,0
ACC-10004696,0,0,0,0,0,0,0,0,0,0,0,0
ACC-10004697,0,0,0,0,0,0,0,0,0,0,0,0
ACC-10004698,0,0,0,0,0,0,0,0,0,0,0,0
ACC-10004699,0,0,0,0,0,0,0,0,0,0,0,0
ACC-10004700,0,0,0,0,0,0,0,0,0,0,0,0
ACC-10004701,0,0,0,0,0,0,0,0,0,0,0,0
ACC-10004702,0,0,0,0,0,0,0,0,0,0,0,0
ACC-10004703,0,0,0,0,0,0,0,0,0,0,0,0
ACC-10004704,0,0,0,0,0,0,0,0,0,0,0,0
ACC-10004705,0,0,0,0,0,0,0,0,0,0,0,0
ACC-10004706,0,0,0,0,0,0,0,0,0,0,0,0
ACC-10004707,0,0,0,0,0,0,0,0,0,0,0,0
ACC-10004708,0,0,0,0,0,0,0,0,0,0,0,0
ACC-10004709,0,0,0,0,0,0,0,0,0,0,0,0
ACC-10004710,0,0,0,0,0,0,0,0,0,0,0,0
ACC-10004711,0,0,0,0,0,0,0,0,0,0,0,0
ACC-10004712,0,0,0,0,0,0,0,0,0,0,0,0
ACC-10004713,0,0,0,0,0,0,0,0,0,0,0,0
ACC-10004714,0,0,0,0,0,0,0,0,0,0,0,0
ACC-10004715,0,0,0,0,0,0,0,0,0,0,0,0
ACC-10004716,0,0,0,0,0,0,0,0,0,0,0,0
ACC-10004717,0,0,0,0,0,0,0,0,0,0,0,0
ACC-10004718,0,0,0,0,0,0,0,0,0,0,0,0
ACC-10004719,0,0,0,0,0,0,0,0,0,0,0,0
ACC-10004720,0,0,0,0,0,0,0,0,0,0,0,0
ACC-10004721,0,0,0,0,0,0,0,0,0,0,0,0
ACC-10004722,0,0,0,0,0,0,0,0,0,0,0,0
ACC-10004723,0,0,0,0,0,0,0,0,0,0,0,0
ACC-10004724,0,0,0,0,0,0,0,0,0,0,0,0
ACC-10004725,0,0,0,0,0,0,0,0,0,0,0,0
ACC-10004726,0,0,0,0,0,0,0,0,0,0,0,0
ACC-10004727,0,0,0,0,0,0,0,0,0,0,0,0
ACC-10004728,0,0,0,0,0,0,0,0,0,0,0,0
ACC-10004729,0,0,0,0,0,0,0,0,0,0,0,0
ACC-10004730,0,0,0,0,0,0,0,0,0,0,0,0
ACC-10004731,0,0,0,0,0,0,0,0,0,0,0,0
ACC-10004732,0,0,0,0,0,0,0,0,0,0,0,0
ACC-10004733,0,0,0,0,0,0,0,0,0,0,0,0
ACC-10004734,0,0,0,0,0,0,0,0,0,0,0,0
ACC-10004735,0,0,0,0,0,0,0,0,0,0,0,0
ACC-10004736,0,0,0,0,0,0,0,0,0,0,0,0
ACC-10004737,0,0,0,0,0,0,0,0,0,0,0,0
ACC-10004738,0,0,0,0,0,0,0,0,0,0,0,0
ACC-10004739,0,0,0,0,0,0,0,0,0,0,0,0
ACC-10004740,0,0,0,0,0,0,0,0,0,0,0,0
ACC-10004741,0,0,0,0,0,0,0,0,0,0,0,0
ACC-10004742,0,0,0,0,0,0,0,0,0,0,0,0
ACC-10004743,0,0,0,0,0,0,0,0,0,0,0,0
ACC-10004744,0,0,0,0,0,0,0,0,0,0,0,0
ACC-10004745,0,0,0,0,0,0,0,0,0,0,0,0
ACC-10004746,0,0,0,0,0,0,0,0,0,0,0,0
ACC-10004747,0,0,0,0,0,0,0,0,0,0,0,0
ACC-10004748,0,0,0,0,0,0,0,0,0,0,0,0
ACC-10004749,0,1,0,0,0,0,1,0,0,1,0,0
ACC-10004750,0,0,0,0,0,0,0,0,0,0,0,0
ACC-10004751,0,0,0,0,0,0,0,0,0,0,0,0
ACC-10004752,0,0,0,0,0,0,0,0,0,0,0,0
ACC-10004753,0,0,0,0,0,0,0,0,0,0,0,0
ACC-10004754,0,1,1,0,0,1,1,0,0,0,0,1
ACC-10004755,0,0,0,0,0,0,0,0,0,0,0,0
ACC-10004756,0,0,0,0,0,0,0,0,0,0,0,0
ACC-10004757,0,0,0,0,0,0,0,0,0,0,0,0
ACC-10004758,0,0,0,0,0,0,0,0,0,0,0,0
ACC-10004759,0,0,0,0,0,0,0,0,0,0,0,0
ACC-10004760,0,0,0,0,0,0,0,0,0,0,0,0
ACC-10004761,0,0,0,0,0,0,0,0,0,0,0,0
ACC-10004762,0,0,0,0,0,0,0,0,0,0,0,0
ACC-10004763,0,0,0,0,0,0,0,0,0,0,0,0
ACC-10004764,0,0,0,0,0,0,0,0,0,0,0,0
ACC-10004765,0,0,0,0,0,0,0,0,0,0,0,0
ACC-10004766,0,0,0,0,0,0,0,0,0,0,0,0
ACC-10004767,0,0,0,0,0,0,0,0,0,0,0,0
ACC-10004768,0,0,0,0,0,0,0,0,0,0,0,0
ACC-10004769,0,0,0,0,0,0,0,0,0,0,0,0
ACC-10004770,0,0,0,0,0,0,0,0,0,0,0,0
ACC-10004771,0,0,0,0,0,0,0,0,0,0,0,0
ACC-10004772,0,0,0,0,0,0,0,0,0,0,0,0
ACC-10004773,0,0,0,0,0,0,0,0,0,0,0,0
ACC-10004774,0,0,0,0,0,0,0,0,0,0,0,0
ACC-10004775,0,0,0,0,0,0,0,0,0,0,0,0
ACC-10004776,0,0,0,0,0,0,0,0,0,0,0,0
ACC-10004777,0,0,0,0,0,0,0,0,0,0,0,0
ACC-10004778,0,0,0,0,0,0,0,0,0,0,0,0
ACC-10004779,0,0,0,0,0,0,0,0,0,0,0,0
ACC-10004780,0,0,0,0,0,0,0,0,0,0,0,0
ACC-10004781,0,0,0,0,0,0,0,0,0,0,0,0
ACC-10004782,0,0,0,0,0,0,0,0,0,0,0,0
ACC-10004783,0,0,0,0,0,0,0,0,1,0,0,1
ACC-10004784,0,0,1,0,0,1,1,0,0,0,0,1
ACC-10004785,0,0,0,0,0,0,0,0,0,0,0,0
ACC-10004786,0,0,0,0,0,0,0,0,0,0,0,0
ACC-10004787,0,0,0,0,0,0,0,0,0,0,0,0
ACC-10004788,0,0,0,0,0,0,0,0,0,0,0,0
ACC-10004789,0,0,0,0,0,0,0,0,0,0,0,0
ACC-10004790,0,0,0,0,0,0,0,0,0,0,0,0
ACC-10004791,0,0,0,0,0,0,0,0,0,0,0,0
ACC-10004792,0,0,0,0,0,0,0,0,0,0,0,0
ACC-10004793,0,0,0,0,0,0,0,0,0,0,0,0
ACC-10004794,0,0,0,0,0,0,0,0,0,0,0,0
ACC-10004795,0,0,0,0,0,0,0,0,0,0,0,0
ACC-10004796,0,0,0,0,0,0,0,0,0,0,0,0
ACC-10004797,0,0,0,0,0,0,0,0,0,0,0,0
ACC-10004798,0,1,0,0,0,0,0,0,0,0,0,0
ACC-10004799,0,0,0,0,0,0,0,0,0,1,1,0
ACC-10004800,0,0,0,0,0,0,0,0,0,0,0,0
ACC-10004801,0,0,0,0,0,0,0,0,0,0,0,0
ACC-10004802,0,0,0,0,0,0,0,0,0,0,0,0
ACC-10004803,0,0,0,0,0,0,0,0,0,0,0,0
ACC-10004804,0,0,0,0,0,0,0,0,0,0,0,0
ACC-10004805,0,0,0,0,0,0,0,0,0,0,0,0
ACC-10004806,0,0,0,0,0,0,0,0,0,0,0,0
ACC-10004807,0,0,0,0,0,0,0,0,0,0,0,0
ACC-10004808,0,0,0,0,0,0,0,0,0,0,0,0
ACC-10004809,0,0,0,0,0,0,0,0,0,0,0,0
ACC-10004810,0,0,0,0,0,0,0,0,0,0,0,0
ACC-10004811,0,0,0,0,0,0,0,0,0,0,0,0
ACC-10004812,0,1,0,0,1,1,0,1,1,0,0,0
ACC-10004813,0,0,0,0,0,0,0,0,0,0,0,0
ACC-10004814,0,0,0,0,0,0,0,0,0,0,0,0
ACC-10004815,0,0,0,0,0,0,0,0,0,0,0,0
ACC-10004816,0,0,0,0,0,0,0,0,0,0,0,0
ACC-10004817,0,0,0,0,0,0,0,0,0,0,0,0
ACC-10004818,0,0,0,0,0,0,0,0,0,0,0,0
ACC-10004819,0,0,0,0,0,0,0,0,0,0,0,0
ACC-10004820,0,0,0,0,0,0,0,0,0,0,0,0
ACC-10004821,0,0,0,0,0,0,0,0,0,0,0,0
ACC-10004822,0,0,0,0,0,0,0,0,0,0,0,0
ACC-10004823,0,0,0,0,0,0,0,0,0,0,0,0
ACC-10004824,0,0,0,0,0,0,0,0,0,0,0,0
ACC-10004825,0,0,0,0,0,0,0,0,0,0,0,0
ACC-10004826,0,0,0,0,0,0,0,0,0,0,0,0
ACC-10004827,0,0,0,0,0,0,0,0,0,0,0,0
ACC-10004828,0,0,0,0,0,0,0,0,0,0,0,0
ACC-10004829,0,0,0,0,0,0,0,0,0,0,0,0
ACC-10004830,0,0,0,0,0,0,0,0,0,0,0,0
ACC-10004831,0,0,0,0,0,0,0,0,0,0,0,0
ACC-10004832,0,0,0,0,0,0,0,0,0,0,0,0
ACC-10004833,0,0,0,0,0,0,0,0,0,0,0,0
ACC-10004834,0,1,0,0,0,0,0,0,0,1,0,0
ACC-10004835,0,0,0,0,0,0,0,0,0,0,0,0
ACC-10004836,0,0,0,0,0,0,0,0,0,0,0,0
ACC-10004837,0,0,0,0,0,0,0,0,0,0,0,0
ACC-10004838,0,0,0,0,0,0,0,0,0,0,0,0
ACC-10004839,0,0,0,0,0,0,0,0,0,0,0,0
ACC-10004840,0,0,0,0,0,0,0,0,0,0,0,0
ACC-10004841,0,0,0,0,0,0,0,0,0,0,0,0
ACC-10004842,0,0,0,0,0,0,0,0,0,0,0,0
ACC-10004843,0,0,0,0,0,0,0,0,0,0,0,0
ACC-10004844,0,0,1,0,0,0,1,0,0,1,1,0
ACC-10004845,0,0,0,0,0,0,0,0,0,0,0,0
ACC-10004846,1,0,0,0,0,0,0,0,1,0,0,1
ACC-10004847,0,0,0,0,0,0,0,0,0,0,0,0
ACC-10004848,0,0,0,0,0,0,0,0,0,0,0,0
ACC-10004849,0,0,0,0,0,0,0,0,0,0,0,0
ACC-10004850,0,0,0,0,0,0,0,0,0,0,0,0
ACC-10004851,0,0,0,0,0,0,0,0,0,0,0,0
ACC-10004852,0,0,0,0,0,0,0,0,0,0,0,0
ACC-10004853,0,0,0,0,0,0,0,0,0,0,0,0
ACC-10004854,0,0,0,0,0,0,0,0,0,0,0,0
ACC-10004855,0,0,0,0,0,0,0,0,0,0,0,0
ACC-10004856,0,0,0,0,0,0,0,0,0,0,0,0
ACC-10004857,0,0,0,0,0,0,0,0,0,0,0,0
ACC-10004858,0,0,0,0,0,0,0,0,0,0,0,0
ACC-10004859,0,0,0,0,0,0,0,0,0,0,0,0
ACC-10004860,0,0,0,0,0,0,0,0,0,0,0,0
ACC-10004861,0,0,0,0,0,0,0,0,0,0,0,0
ACC-10004862,0,0,0,0,0,0,0,0,0,0,0,0
ACC-10004863,0,0,0,0,0,0,0,0,0,0,0,0
ACC-10004864,0,0,0,1,0,0,1,0,0,0,1,0
ACC-10004865,0,0,0,0,0,0,0,0,0,0,0,0
ACC-10004866,0,0,0,0,0,0,0,0,0,0,0,0
ACC-10004867,0,0,0,0,0,1,0,0,0,1,1,0
ACC-10004868,0,0,0,0,0,0,0,0,0,0,0,0
ACC-10004869,0,0,0,0,0,0,0,0,0,0,0,0
ACC-10004870,0,0,0,0,0,0,0,0,0,0,0,0
ACC-10004871,0,0,0,0,0,0,0,0,0,0,0,0
ACC-10004872,0,0,0,0,0,0,0,0,0,0,0,0
ACC-10004873,0,0,0,0,0,0,0,0,0,0,0,0
ACC-10004874,0,0,0,1,1,0,0,0,1,0,0,0
ACC-10004875,0,0,0,0,0,0,0,0,0,0,0,0
ACC-10004876,0,0,0,0,0,0,0,0,0,0,0,0
ACC-10004877,0,0,0,0,0,0,0,0,0,0,0,0
ACC-10004878,0,0,0,0,0,0,0,0,0,0,0,0
ACC-10004879,1,1,1,1,0,0,0,0,0,1,1,0
ACC-10004880,1,0,1,0,1,0,1,1,0,1,0,1
ACC-10004881,0,0,0,0,1,0,0,0,1,0,0,0
ACC-10004882,0,0,0,0,0,0,0,0,0,0,0,0
ACC-10004883,0,0,0,0,0,0,0,0,0,0,0,0
ACC-10004884,0,0,0,0,0,0,0,0,0,0,0,0
ACC-10004885,0,0,0,0,0,0,0,0,0,0,0,0
ACC-10004886,0,0,0,0,0,0,0,0,0,0,0,0
ACC-10004887,0,0,0,0,0,0,0,0,0,0,0,0
ACC-10004888,0,0,0,0,0,0,0,0,0,0,0,0
ACC-10004889,0,0,0,0,0,0,0,0,0,0,0,0
ACC-10004890,0,0,0,0,0,0,0,0,0,0,0,0
ACC-10004891,0,0,0,0,0,0,0,0,0,0,0,0
ACC-10004892,0,0,0,0,0,0,0,0,0,0,0,0
ACC-10004893,0,0,0,0,0,0,0,0,0,0,0,0
ACC-10004894,0,0,0,0,0,0,0,0,0,0,0,0
ACC-10004895,0,0,0,0,0,0,0,0,0,0,0,0
ACC-10004896,0,0,0,0,0,0,0,0,0,0,0,0
ACC-10004897,0,0,0,0,0,0,0,0,0,0,0,0
ACC-10004898,0,0,0,0,0,0,0,0,0,0,0,0
ACC-10004899,0,0,0,0,0,0,0,0,0,0,0,0
ACC-10004900,0,0,0,0,0,0,0,0,0,0,0,0
ACC-10004901,0,0,0,0,0,0,0,0,0,0,0,0
ACC-10004902,0,0,0,0,0,0,0,0,0,0,0,0
ACC-10004903,0,0,0,0,0,0,0,0,0,0,0,0
ACC-10004904,0,0,0,1,0,1,0,0,0,1,0,1
ACC-10004905,0,0,0,0,0,0,0,0,0,0,0,0
ACC-10004906,0,0,0,0,0,0,0,0,0,0,0,0
ACC-10004907,0,0,0,0,0,0,0,0,0,0,0,0
ACC-10004908,0,0,0,0,0,0,0,0,0,0,0,0
ACC-10004909,1,1,1,0,1,0,0,1,1,0,1,1
ACC-10004910,0,0,0,0,0,0,0,0,0,0,0,0
ACC-10004911,0,0,0,0,0,0,0,0,0,0,0,0
ACC-10004912,0,0,0,0,0,0,0,0,0,0,0,0
ACC-10004913,0,0,0,0,0,0,0,0,0,0,0,0
ACC-10004914,0,0,0,0,0,0,0,0,0,0,0,0
ACC-10004915,0,0,0,0,0,0,0,0,0,0,0,0
ACC-10004916,0,0,0,0,0,0,0,0,0,0,0,0
ACC-10004917,0,0,0,0,0,0,0,0,0,0,0,0
ACC-10004918,0,1,1,0,0,0,0,1,0,0,0,0
ACC-10004919,0,0,0,0,0,0,0,0,0,0,0,0
ACC-10004920,0,0,0,0,0,0,0,0,0,0,0,0
ACC-10004921,0,0,0,0,0,0,0,0,0,0,0,0
ACC-10004922,0,0,0,0,0,0,0,0,0,0,0,0
ACC-10004923,0,0,0,0,0,0,0,0,0,0,0,0
ACC-10004924,0,0,0,0,0,0,0,0,0,0,0,0
ACC-10004925,0,0,0,0,0,0,0,0,0,0,0,0
ACC-10004926,0,1,1,0,0,0,0,1,0,1,1,0
ACC-10004927,0,0,0,0,0,0,0,0,0,0,0,0
ACC-10004928,0,0,0,0,0,0,0,0,0,0,0,0
ACC-10004929,0,0,1,0,1,0,1,0,0,1,0,1
ACC-10004930,0,0,0,0,0,0,0,0,0,0,0,0
ACC-10004931,0,0,0,0,0,0,0,0,0,0,0,0
ACC-10004932,0,0,0,0,0,0,0,0,0,0,0,0
ACC-10004933,0,0,0,0,0,0,0,0,0,0,0,0
ACC-10004934,0,0,0,0,0,0,0,0,0,0,0,0
ACC-10004935,0,0,0,0,0,0,0,0,0,0,0,0
ACC-10004936,0,0,0,0,0,0,0,0,0,0,0,0
ACC-10004937,0,0,0,0,0,0,0,0,0,0,0,0
ACC-10004938,0,0,0,0,0,0,0,0,0,0,0,0
ACC-10004939,0,0,0,0,0,0,0,0,0,0,0,0
ACC-10004940,0,0,0,0,0,0,0,0,0,0,0,0
ACC-10004941,0,0,0,0,0,0,0,0,0,0,0,0
ACC-10004942,0,0,0,0,0,0,0,0,0,0,0,0
ACC-10004943,0,0,0,0,0,0,0,0,0,0,0,0
ACC-10004944,0,0,0,0,0,0,0,0,0,0,0,0
ACC-10004945,0,0,0,0,0,0,0,0,0,0,0,0
ACC-10004946,0,0,0,0,0,0,0,0,0,0,0,0
ACC-10004947,0,0,0,0,0,0,0,0,0,0,0,0
ACC-10004948,0,0,0,0,0,0,0,0,0,0,0,0
ACC-10004949,0,0,0,0,0,0,0,0,0,0,0,0
ACC-10004950,0,0,0,0,0,0,0,0,0,0,0,0
ACC-10004951,0,0,0,0,0,0,0,0,0,0,0,0
ACC-10004952,0,0,0,0,0,0,0,0,0,0,0,0
ACC-10004953,0,0,0,0,0,0,0,0,0,0,0,0
ACC-10004954,0,0,0,0,0,0,0,0,0,0,0,0
ACC-10004955,0,0,0,0,0,0,0,0,0,0,0,0
ACC-10004956,0,0,0,0,0,0,0,0,0,0,0,0
ACC-10004957,0,1,0,0,0,0,0,0,0,0,0,0
ACC-10004958,0,0,0,0,0,0,0,0,0,0,0,0
ACC-10004959,0,0,0,0,0,0,0,0,0,0,0,0
ACC-10004960,0,0,0,0,0,0,0,0,0,0,0,0
ACC-10004961,0,0,0,0,0,0,0,0,0,0,0,0
ACC-10004962,0,0,0,0,0,0,0,0,0,0,0,0
ACC-10004963,0,0,0,0,0,0,0,0,0,0,0,0
ACC-10004964,0,0,0,0,0,0,0,0,0,0,0,0
ACC-10004965,0,0,0,0,0,0,0,0,0,0,0,0
ACC-10004966,0,0,0,0,0,0,0,0,0,0,0,0
ACC-10004967,0,0,0,0,0,0,0,0,0,0,0,0
ACC-10004968,0,0,0,0,0,0,0,0,0,0,0,0
ACC-10004969,0,0,0,0,0,0,0,0,0,0,0,0
ACC-10004970,0,0,0,0,0,0,0,0,0,0,0,0
ACC-10004971,0,0,0,0,0,0,0,0,0,0,0,0
ACC-10004972,0,0,0,0,0,0,0,0,0,0,0,0
ACC-10004973,0,0,0,0,0,0,0,0,0,0,0,0
ACC-10004974,0,0,0,0,0,0,0,0,0,0,0,0
ACC-10004975,0,0,0,0,0,0,0,0,0,0,0,0
ACC-10004976,0,0,0,0,0,0,0,0,0,0,0,0
ACC-10004977,0,0,0,0,0,0,0,0,0,0,0,0
ACC-10004978,0,0,0,0,0,0,0,0,0,0,0,0
ACC-10004979,0,0,0,0,0,0,0,0,0,0,0,0
ACC-10004980,0,0,0,0,0,0,0,0,0,0,0,0
ACC-10004981,0,0,0,0,0,0,0,0,0,0,0,0
ACC-10004982,0,1,1,0,1,0,1,0,0,0,0,1
ACC-10004983,0,0,0,0,0,0,0,0,0,0,0,0
ACC-10004984,0,0,0,0,0,0,0,0,0,0,0,0
ACC-10004985,0,0,0,0,0,0,0,0,0,0,0,0
ACC-10004986,0,0,0,0,0,0,0,0,0,0,0,0
ACC-10004987,0,0,0,0,0,0,0,0,0,0,0,0
ACC-10004988,0,0,0,0,0,0,0,0,0,0,0,0
ACC-10004989,0,0,0,0,0,0,0,0,0,0,0,0
ACC-10004990,0,0,0,0,0,0,0,0,0,0,0,0
ACC-10004991,0,0,0,0,0,0,0,0,0,0,0,0
ACC-10004992,0,0,0,0,0,0,0,0,0,0,0,0
ACC-10004993,0,0,0,0,0,0,0,0,0,0,0,0
ACC-10004994,0,0,0,0,0,0,0,0,0,0,0,0
ACC-10004995,0,0,0,0,0,0,0,0,0,0,0,0
ACC-10004996,0,0,0,0,0,0,0,0,0,0,0,0
ACC-10004997,0,0,0,0,0,0,0,0,0,0,0,0
ACC-10004998,0,0,0,0,0,0,0,0,0,0,0,0
ACC-10004999,0,0,0,0,0,0,0,0,0,0,0,0
ACC-10005000,0,0,0,0,0,0,0,0,0,0,0,0
ACC-10005001,0,0,0,0,0,0,0,0,0,0,0,0
ACC-10005002,0,0,0,0,0,0,0,0,0,0,0,0
ACC-10005003,0,0,0,0,0,0,0,0,0,0,0,0
ACC-10005004,0,0,0,0,0,0,0,0,0,0,0,0
ACC-10005005,0,0,0,0,0,0,0,0,0,0,0,0
ACC-10005006,0,0,0,0,0,0,0,0,0,0,0,0
ACC-10005007,0,0,0,0,0,0,0,0,0,0,0,0
ACC-10005008,0,0,0,0,0,0,0,0,0,0,0,0
ACC-10005009,0,0,0,0,0,0,0,0,0,0,0,0
ACC-10005010,0,0,0,0,0,0,0,0,0,0,0,0
ACC-10005011,0,0,0,0,0,0,0,0,0,0,0,0
ACC-10005012,0,0,0,0,0,0,0,0,0,0,0,0
ACC-10005013,0,0,0,0,0,0,0,0,0,0,0,0
ACC-10005014,0,0,0,0,0,0,0,0,0,0,0,0
ACC-10005015,0,0,0,0,0,0,0,0,0,0,0,0
ACC-10005016,0,0,0,0,0,0,0,0,0,0,0,0
ACC-10005017,0,0,0,1,0,0,0,1,0,1,0,0
ACC-10005018,0,0,0,0,0,0,0,0,0,0,0,0
ACC-10005019,0,0,0,0,0,0,0,0,0,0,0,0
ACC-10005020,0,0,0,0,0,0,0,0,0,0,0,0
ACC-10005021,0,0,0,0,0,0,0,0,0,0,0,0
ACC-10005022,0,0,0,0,0,0,0,0,0,0,0,0
ACC-10005023,0,0,0,0,0,0,0,0,0,0,0,0
ACC-10005024,0,1,0,0,0,0,0,1,1,0,1,1
ACC-10005025,0,0,0,0,0,0,0,0,0,0,0,0
ACC-10005026,0,0,0,0,0,0,0,1,0,0,0,0
ACC-10005027,0,0,0,0,0,0,0,0,0,0,0,0
ACC-10005028,0,0,0,0,0,0,0,0,0,0,0,0
ACC-10005029,0,0,0,0,0,0,0,0,0,0,0,0
ACC-10005030,0,0,0,0,0,0,0,0,0,0,0,0
ACC-10005031,0,0,0,0,0,0,0,0,0,0,0,0
ACC-10005032,0,0,0,0,0,0,0,0,0,0,0,0
ACC-10005033,0,0,0,0,0,0,0,0,0,0,0,0
ACC-10005034,0,0,0,0,0,0,0,0,0,0,0,0
ACC-10005035,0,0,0,0,0,0,0,0,0,0,0,0
ACC-10005036,0,0,0,0,0,0,0,0,0,0,0,0
ACC-10005037,0,0,0,0,0,0,0,0,0,0,0,0
ACC-10005038,0,0,0,0,0,0,0,0,0,0,0,0
ACC-10005039,0,0,0,0,0,0,0,0,0,0,0,0
ACC-10005040,0,0,0,0,0,0,0,0,0,0,0,0
ACC-10005041,0,0,0,0,0,0,0,0,0,0,0,0
ACC-10005042,1,1,0,0,0,1,1,0,0,0,1,0
ACC-10005043,0,0,0,0,0,0,0,0,0,0,0,0
ACC-10005044,0,0,0,0,0,0,0,0,0,0,0,0
ACC-10005045,0,0,0,0,0,0,0,0,0,0,0,0
ACC-10005046,0,0,0,0,0,0,0,0,0,0,0,0
ACC-10005047,0,0,0,0,0,0,0,0,0,0,0,0
ACC-10005048,0,0,0,0,0,0,0,0,0,0,0,0
ACC-10005049,0,0,0,0,0,0,0,0,0,0,0,0
ACC-10005050,0,0,0,0,0,0,0,0,0,0,0,0
ACC-10005051,0,0,0,0,0,0,0,0,0,0,0,0
ACC-10005052,0,0,0,0,0,0,0,0,0,0,0,0
ACC-10005053,0,0,0,0,0,0,0,0,0,0,0,0
ACC-10005054,0,0,0,0,0,0,0,0,0,0,0,0
ACC-10005055,0,0,0,0,0,0,0,0,0,0,0,0
ACC-10005056,0,1,0,0,0,0,0,0,0,0,0,0
ACC-10005057,0,0,0,0,0,0,0,0,0,0,0,0
ACC-10005058,0,0,0,0,0,0,0,0,0,0,0,0
ACC-10005059,0,0,0,0,0,0,0,0,0,0,0,0
ACC-10005060,0,0,0,0,0,0,0,0,0,0,0,0
ACC-10005061,0,0,0,0,0,0,0,0,0,0,0,0
ACC-10005062,0,0,0,0,0,0,0,0,0,0,0,0
ACC-10005063,0,0,0,0,0,0,0,0,0,0,0,0
ACC-10005064,0,0,0,0,0,0,0,0,0,0,0,0
ACC-10005065,0,0,0,0,0,0,0,0,0,0,0,0
ACC-10005066,0,0,0,0,0,0,0,0,0,0,0,0
ACC-10005067,0,0,0,0,0,0,0,0,0,0,0,0
ACC-10005068,0,0,0,0,0,0,0,0,0,0,0,0
ACC-10005069,0,0,0,0,0,0,0,0,0,0,0,0
ACC-10005070,0,0,0,0,0,0,0,0,0,0,0,0
ACC-10005071,0,0,0,0,0,0,0,0,0,0,0,0
ACC-10005072,0,0,0,0,0,0,0,0,0,0,0,0
ACC-10005073,0,0,0,0,0,0,0,0,0,0,0,0
ACC-10005074,0,0,0,0,0,0,0,0,0,0,0,0
ACC-10005075,0,0,0,0,0,0,0,0,0,0,0,0
ACC-10005076,0,0,0,0,0,0,0,0,0,0,0,0
ACC-10005077,0,0,0,0,0,0,0,0,0,0,0,0
ACC-10005078,0,0,0,0,0,0,0,0,0,0,0,0
ACC-10005079,0,0,0,0,0,0,0,0,0,0,0,0
ACC-10005080,0,0,0,0,0,0,0,0,0,0,0,0
ACC-10005081,0,0,0,0,0,0,0,0,0,0,0,0
ACC-10005082,0,0,0,0,0,0,0,0,0,0,0,0
ACC-10005083,0,0,0,0,0,0,0,0,0,0,0,0
ACC-10005084,0,0,0,0,0,0,0,0,0,0,0,0
ACC-10005085,0,0,0,0,0,0,0,0,0,0,0,0
ACC-10005086,0,0,0,0,0,0,0,0,0,0,0,0
ACC-10005087,0,0,0,0,0,0,0,0,0,0,0,0
ACC-10005088,0,0,0,0,0,0,0,0,0,0,0,0
ACC-10005089,0,0,0,0,0,0,0,0,0,0,0,0
ACC-10005090,0,0,0,0,0,0,0,0,0,0,0,0
ACC-10005091,0,0,0,0,0,0,0,0,0,0,0,0
ACC-10005092,0,0,0,0,0,0,0,0,0,0,0,0
ACC-10005093,0,0,0,0,0,0,0,0,0,0,0,1
ACC-10005094,0,0,0,0,0,0,0,0,0,0,0,0
ACC-10005095,0,0,0,0,0,0,0,0,0,0,0,0
ACC-10005096,0,0,0,0,0,0,0,0,0,0,0,0
ACC-10005097,0,0,0,0,0,0,0,0,0,0,0,0
ACC-10005098,0,0,0,0,0,0,0,0,0,0,0,0
ACC-10005099,0,0,0,0,0,0,0,0,0,0,0,0
ACC-10005100,0,0,0,0,0,0,0,0,0,0,0,0
ACC-10005101,0,0,0,0,0,0,0,0,0,0,0,0
ACC-10005102,0,0,0,0,0,0,0,0,0,0,0,0
ACC-10005103,0,0,0,0,0,0,0,0,0,0,0,0
ACC-10005104,0,0,0,0,0,0,0,0,0,0,0,0
ACC-10005105,0,0,0,0,0,0,0,0,0,0,0,0
ACC-10005106,0,0,0,0,0,0,0,0,0,0,0,0
ACC-10005107,0,0,0,0,0,0,0,0,0,0,0,0
ACC-10005108,0,0,0,0,0,0,0,0,0,0,0,0
ACC-10005109,0,0,0,0,0,0,0,0,0,0,0,0
ACC-10005110,0,0,0,0,0,0,0,0,0,0,0,0
ACC-10005111,0,0,0,0,0,0,0,0,0,0,0,0
ACC-10005112,0,0,0,0,0,0,0,0,0,0,0,0
ACC-10005113,0,0,0,0,0,0,0,0,0,0,0,0
ACC-10005114,0,0,0,0,0,0,0,0,0,0,0,0
ACC-10005115,0,0,0,0,0,0,0,0,0,0,0,0
ACC-10005116,0,0,0,0,0,0,0,0,0,0,0,0
ACC-10005117,0,0,0,0,0,0,0,0,0,0,0,0
ACC-10005118,0,0,0,0,0,0,0,0,0,0,0,0
ACC-10005119,0,0,0,0,0,0,0,0,0,0,0,0
ACC-10005120,0,0,0,0,0,0,0,0,0,0,0,0
ACC-10005121,0,0,0,0,0,0,0,0,0,0,0,0
ACC-10005122,0,0,0,0,0,0,0,0,0,0,0,0
ACC-10005123,0,0,0,0,0,0,0,0,0,0,0,0
ACC-10005124,1,1,0,0,1,0,0,1,0,0,0,0
ACC-10005125,0,0,0,0,0,0,0,0,0,0,0,0
ACC-10005126,0,0,0,0,0,0,0,0,0,0,0,0
ACC-10005127,0,0,0,0,0,0,0,0,0,0,0,0
ACC-10005128,0,0,0,0,0,0,0,0,0,0,0,0
ACC-10005129,0,0,0,0,0,0,0,0,0,0,0,0
ACC-10005130,0,0,0,0,0,0,0,0,0,0,0,0
ACC-10005131,0,0,0,0,0,0,0,0,0,0,0,0
ACC-10005132,0,0,0,0,0,0,0,0,0,0,0,0
ACC-10005133,0,1,0,0,0,0,0,1,0,0,0,0
ACC-10005134,0,0,0,0,0,0,0,0,0,0,0,0
ACC-10005135,0,0,0,0,0,0,0,0,0,0,0,0
ACC-10005136,0,0,0,0,0,0,0,0,0,0,0,0
ACC-10005137,0,0,0,0,0,0,0,0,0,0,0,0
ACC-10005138,0,0,0,0,0,0,0,0,0,0,0,0
ACC-10005139,0,0,0,0,0,0,0,0,0,0,0,0
ACC-10005140,0,0,0,0,0,0,0,0,0,0,0,0
ACC-10005141,0,0,0,0,0,0,0,0,0,0,0,0
ACC-10005142,0,0,0,0,0,0,0,0,0,0,0,0
ACC-10005143,0,0,0,0,0,0,0,0,0,0,0,0
ACC-10005144,0,0,0,0,0,0,0,0,0,0,0,0
ACC-10005145,0,0,0,0,0,0,0,0,0,0,0,0
ACC-10005146,0,0,0,0,0,0,0,0,0,0,0,0
ACC-10005147,0,0,0,0,0,0,0,0,0,0,0,0
ACC-10005148,0,0,0,0,0,0,0,0,0,0,0,0
ACC-10005149,0,0,0,0,0,0,0,0,0,0,0,0
ACC-10005150,0,0,0,0,0,0,0,0,0,0,0,0
ACC-10005151,0,0,0,0,0,0,0,0,0,0,0,0
ACC-10005152,1,1,0,0,0,0,1,0,0,1,1,0
ACC-10005153,0,0,0,0,0,0,0,0,1,0,0,0
ACC-10005154,0,0,0,0,0,0,0,0,0,0,0,0
ACC-10005155,0,0,0,0,0,0,0,0,0,0,0,0
ACC-10005156,0,0,0,0,0,0,0,0,0,0,0,0
ACC-10005157,0,0,0,0,0,0,0,0,0,0,0,0
ACC-10005158,0,0,0,0,0,0,0,0,0,0,0,0
ACC-10005159,0,0,0,0,0,0,0,0,0,0,0,0
ACC-10005160,0,0,0,0,0,0,0,0,0,0,0,0
ACC-10005161,0,0,0,0,0,0,0,0,0,0,0,0
ACC-10005162,0,0,0,0,0,0,0,0,0,0,0,0
ACC-10005163,0,0,0,0,0,0,0,0,0,0,0,0
ACC-10005164,0,0,0,0,0,0,0,0,0,0,0,0
ACC-10005165,0,0,0,0,0,0,0,0,0,0,0,0
ACC-10005166,0,0,0,0,0,0,0,0,0,0,0,0
ACC-10005167,0,0,0,0,0,0,0,0,0,0,0,0
ACC-10005168,0,0,0,0,0,0,0,0,0,0,0,0
ACC-10005169,0,0,0,0,0,0,0,0,0,0,0,0
ACC-10005170,0,0,0,0,0,0,0,0,0,0,0,0
ACC-10005171,0,0,0,0,0,0,0,0,0,0,0,0
ACC-10005172,0,0,0,0,0,0,0,0,0,0,0,0
ACC-10005173,0,0,0,0,0,0,0,0,0,0,0,0
ACC-10005174,0,0,0,0,0,0,0,0,0,0,0,0
ACC-10005175,0,0,0,0,0,0,0,0,0,0,0,0
ACC-10005176,0,0,0,0,0,0,0,0,0,0,0,0
ACC-10005177,0,0,0,0,0,0,0,0,0,0,0,0
ACC-10005178,0,0,0,0,0,0,0,0,0,0,0,0
ACC-10005179,0,0,0,0,0,0,0,0,0,0,0,0
ACC-10005180,0,0,0,0,0,0,0,0,0,0,0,0
ACC-10005181,0,1,0,1,0,0,0,1,0,1,1,1
ACC-10005182,0,0,0,0,0,0,0,0,0,0,0,0
ACC-10005183,0,0,0,0,0,0,0,0,0,0,0,0
ACC-10005184,0,0,0,0,0,0,0,0,0,0,0,0
ACC-10005185,0,0,0,0,0,0,0,0,0,0,0,0
ACC-10005186,0,0,0,0,0,0,0,0,0,0,0,0
ACC-10005187,0,0,0,0,0,0,0,0,0,0,0,0
ACC-10005188,0,0,0,0,0,0,0,0,0,0,0,0
ACC-10005189,0,0,0,0,0,0,0,0,0,0,0,0
ACC-10005190,0,0,0,1,0,0,0,0,0,0,0,0
ACC-10005191,0,0,0,0,0,0,0,0,0,0,0,0
ACC-10005192,0,0,0,0,0,0,0,0,0,0,0,0
ACC-10005193,0,0,0,0,0,0,0,0,0,0,0,0
ACC-10005194,0,0,0,0,0,0,0,0,0,0,0,0
ACC-10005195,0,0,0,0,0,0,0,0,0,0,0,0
ACC-10005196,0,0,0,0,0,0,0,0,0,0,0,0
ACC-10005197,0,0,0,0,0,0,0,0,0,0,0,0
ACC-10005198,0,0,0,0,0,0,0,0,0,0,0,0
ACC-10005199,0,0,0,0,0,0,0,0,0,0,0,0
ACC-10005200,0,0,0,0,0,0,0,0,0,0,0,0
ACC-10005201,0,0,0,0,0,0,0,0,0,0,0,0
ACC-10005202,1,0,1,0,0,1,0,1,0,1,1,0
ACC-10005203,0,0,0,0,0,0,0,0,0,0,0,0
ACC-10005204,0,0,0,0,0,0,0,0,0,0,0,0
ACC-10005205,0,0,0,0,0,0,0,0,0,0,0,0
ACC-10005206,0,0,0,0,0,0,0,0,0,0,0,0
ACC-10005207,0,0,0,0,0,0,0,0,0,0,0,0
ACC-10005208,0,0,0,0,0,0,0,0,0,0,0,0
ACC-10005209,0,0,0,0,0,0,0,0,0,0,0,0
ACC-10005210,0,0,0,0,0,0,0,0,0,0,0,0
ACC-10005211,0,0,0,0,0,0,0,0,0,0,0,0
ACC-10005212,0,0,0,0,0,0,0,0,0,0,0,0
ACC-10005213,0,0,0,0,0,0,0,0,0,0,0,0
ACC-10005214,1,0,0,0,0,0,0,0,0,1,0,1
ACC-10005215,0,0,0,0,0,0,0,0,0,0,0,0
ACC-10005216,0,0,0,0,0,0,0,0,0,0,0,0
ACC-10005217,0,0,0,0,0,0,0,0,0,0,0,0
ACC-10005218,0,0,0,0,0,0,0,0,0,0,0,0
ACC-10005219,0,0,0,0,0,0,0,0,0,0,0,0
ACC-10005220,0,0,0,0,0,0,0,0,0,0,0,0
ACC-10005221,0,0,0,0,0,0,0,0,0,0,0,0
ACC-10005222,0,0,0,0,0,0,0,0,0,0,0,0
ACC-10005223,0,0,0,0,0,0,0,0,0,0,0,0
ACC-10005224,0,0,0,0,0,0,0,0,0,0,0,0
ACC-10005225,0,0,0,0,0,0,0,0,0,0,0,0
ACC-10005226,0,0,0,0,0,0,0,0,0,0,0,0
ACC-10005227,0,0,0,0,0,0,0,0,0,0,0,0
ACC-10005228,0,0,0,0,0,0,0,0,0,0,0,0
ACC-10005229,0,0,0,0,0,0,0,0,0,0,0,0
ACC-10005230,0,0,0,0,0,0,0,0,0,0,0,0
ACC-10005231,0,0,0,0,0,0,0,0,0,0,0,0
ACC-10005232,0,0,0,0,0,0,0,0,0,0,0,0
ACC-10005233,0,0,0,0,0,0,0,0,0,0,0,0
ACC-10005234,0,0,0,0,0,0,0,0,0,0,0,0
ACC-10005235,0,0,0,0,0,0,0,0,0,0,0,0
ACC-10005236,0,0,0,0,0,0,0,0,0,0,0,0
ACC-10005237,0,0,0,0,0,0,0,0,0,0,0,0
ACC-10005238,0,0,0,0,0,0,0,0,0,0,0,0
ACC-10005239,0,0,0,0,0,0,0,0,0,0,0,0
ACC-10005240,0,0,0,0,0,0,0,0,0,0,0,0
ACC-10005241,0,0,0,0,0,0,0,0,0,0,0,0
ACC-10005242,0,0,0,0,0,0,1,1,0,0,0,0
ACC-10005243,0,0,0,0,0,0,0,0,0,0,0,0
ACC-10005244,1,0,0,0,1,0,0,1,1,0,1,0
ACC-10005245,0,0,0,0,0,0,0,0,0,0,0,0
ACC-10005246,0,0,0,0,0,0,0,0,0,0,0,0
ACC-10005247,0,0,0,0,0,0,0,0,0,0,0,0
ACC-10005248,0,0,0,0,0,0,0,0,0,0,0,0
ACC-10005249,0,0,0,0,0,0,0,0,0,0,0,0
ACC-10005250,0,0,0,0,0,0,0,0,0,0,0,0
ACC-10005251,0,0,0,0,0,0,0,0,0,0,0,0
ACC-10005252,0,0,0,0,0,0,0,0,0,0,0,0
ACC-10005253,0,0,0,0,0,0,0,0,0,0,0,0
ACC-10005254,0,0,0,0,0,0,0,0,0,0,0,0
ACC-10005255,0,0,0,0,0,0,0,0,0,0,0,0
ACC-10005256,0,0,0,0,0,0,0,0,0,0,0,0
ACC-10005257,0,0,0,0,0,0,0,0,0,0,0,0
ACC-10005258,0,0,0,0,0,0,0,0,0,0,0,0
ACC-10005259,0,0,0,0,0,0,0,0,0,0,0,0
ACC-10005260,0,0,0,0,0,0,0,0,0,0,0,0
ACC-10005261,0,0,0,0,0,0,0,0,0,0,0,0
ACC-10005262,0,0,0,0,0,0,0,0,0,0,0,0
ACC-10005263,0,0,0,0,0,0,0,0,0,0,0,0
ACC-10005264,0,0,0,0,0,0,0,0,0,0,0,0
ACC-10005265,0,0,0,0,0,0,0,0,0,0,0,0
ACC-10005266,0,0,0,0,0,0,0,0,0,0,0,0
ACC-10005267,0,0,0,0,0,0,0,0,0,0,0,0
ACC-10005268,0,0,0,0,0,0,0,0,0,0,0,0
ACC-10005269,0,0,0,0,0,0,0,0,0,0,0,0
ACC-10005270,0,0,0,0,0,0,0,0,0,0,0,0
ACC-10005271,0,0,0,0,0,0,0,0,0,0,0,0
ACC-10005272,0,0,0,0,0,0,0,0,0,0,0,0
ACC-10005273,0,0,0,0,0,0,0,0,0,0,0,0
ACC-10005274,0,0,0,0,0,0,0,0,0,0,0,0
ACC-10005275,0,0,0,0,0,0,0,0,0,0,0,0
ACC-10005276,0,0,0,0,0,0,0,0,0,0,0,0
ACC-10005277,0,0,0,0,0,0,0,0,0,0,0,0
ACC-10005278,0,0,0,0,0,0,0,0,0,0,0,0
ACC-10005279,1,1,0,0,1,1,0,0,0,1,1,0
ACC-10005280,0,0,0,0,0,0,0,0,0,0,0,0
ACC-10005281,0,0,0,0,0,0,0,0,0,0,0,0
ACC-10005282,0,0,0,0,0,0,0,0,0,0,0,0
ACC-10005283,0,0,0,0,0,0,0,0,0,0,0,0
ACC-10005284,0,0,0,0,0,0,0,0,0,0,0,0
ACC-10005285,0,0,0,0,0,0,0,0,0,0,0,0
ACC-10005286,0,0,0,0,0,0,0,0,0,0,0,0
ACC-10005287,0,0,0,0,0,0,0,0,0,0,0,0
ACC-10005288,0,0,0,0,0,0,0,0,0,0,0,0
ACC-10005289,0,0,0,0,0,0,0,0,0,0,0,0
ACC-10005290,0,0,0,0,0,0,0,0,0,0,0,0
ACC-10005291,0,0,0,0,0,0,0,0,0,0,0,0
ACC-10005292,0,0,0,0,0,0,0,0,0,0,0,0
ACC-10005293,0,0,0,0,0,0,0,0,0,0,0,0
ACC-10005294,0,0,0,0,0,0,0,0,0,0,0,0
ACC-10005295,0,0,0,0,0,0,0,0,0,0,0,0
ACC-10005296,0,0,0,0,0,0,0,0,0,0,0,0
ACC-10005297,0,0,0,0,0,0,0,0,0,0,0,0
ACC-10005298,0,0,0,0,0,0,0,0,0,0,0,0
ACC-10005299,0,0,1,0,0,1,1,0,0,0,1,1
ACC-10005300,0,0,0,0,0,0,0,0,0,0,0,0
ACC-10005301,0,0,0,0,0,0,0,0,0,0,0,0
ACC-10005302,0,0,0,0,0,0,0,0,0,0,0,0
ACC-10005303,0,0,0,0,0,0,0,0,0,0,0,0
ACC-10005304,0,0,0,0,0,0,0,0,0,0,0,0
ACC-10005305,0,0,0,0,0,0,0,0,0,0,0,0
ACC-10005306,0,0,0,0,0,0,0,0,0,0,0,0
ACC-10005307,0,0,0,0,0,0,0,0,0,0,0,0
ACC-10005308,0,0,0,0,0,0,0,0,0,0,0,0
ACC-10005309,0,0,0,0,0,0,0,0,0,0,0,0
ACC-10005310,0,0,0,0,0,0,0,0,0,0,0,0
ACC-10005311,0,0,0,0,0,0,0,0,0,0,0,0
ACC-10005312,0,0,0,0,0,0,0,0,0,0,0,0
ACC-10005313,0,0,1,1,0,1,1,0,0,0,0,0
ACC-10005314,0,0,0,0,0,0,0,0,0,0,0,0
ACC-10005315,0,0,0,0,0,0,0,0,0,0,0,0
ACC-10005316,0,0,0,0,0,0,0,0,0,0,0,0
ACC-10005317,0,0,0,0,1,0,0,1,0,1,0,0
ACC-10005318,0,0,0,0,0,0,0,0,0,0,0,0
ACC-10005319,0,0,0,0,0,0,0,0,0,0,0,0
ACC-10005320,0,0,0,0,0,0,0,0,0,0,0,0
ACC-10005321,0,0,0,0,0,0,0,0,0,0,0,0
ACC-10005322,0,0,0,0,0,0,1,0,0,0,0,1
ACC-10005323,0,0,0,0,0,0,0,0,0,0,0,0
ACC-10005324,0,0,0,0,0,0,0,0,0,0,0,0
ACC-10005325,0,0,0,0,0,0,0,0,0,0,0,0
ACC-10005326,0,0,0,0,0,0,0,0,0,0,0,0
ACC-10005327,0,0,0,0,0,0,0,0,0,0,0,0
ACC-10005328,0,0,0,0,0,0,0,0,0,0,0,0
ACC-10005329,0,0,0,0,0,0,0,0,0,0,0,0
ACC-10005330,0,0,0,0,0,0,0,0,0,0,0,0
ACC-10005331,0,0,0,0,0,0,0,0,0,0,0,0
ACC-10005332,0,0,0,0,0,0,0,0,0,0,0,0
ACC-10005333,0,0,0,0,0,0,0,0,0,0,0,0
ACC-10005334,0,0,0,0,0,0,0,0,0,0,0,0
ACC-10005335,0,0,0,0,0,0,0,0,0,0,0,0
ACC-10005336,0,0,0,0,0,0,0,0,0,0,0,0
ACC-10005337,0,0,0,0,0,0,0,0,0,0,0,0
ACC-10005338,0,0,0,0,0,0,0,0,0,0,0,0
ACC-100053XX,0,0,0,0,0,0,0,0,0,0,0,0
ACC-10005340,0,0,0,0,0,0,0,0,0,0,0,0
ACC-10005341,0,0,0,0,0,0,0,0,0,0,0,0
ACC-10005342,0,0,0,0,0,0,0,0,0,0,0,0
ACC-10005343,0,0,0,0,0,0,0,0,0,0,0,0
ACC-10005344,0,0,0,0,0,0,0,0,0,0,0,0
ACC-10005345,0,0,0,0,0,0,0,0,0,0,0,0
ACC-10005346,0,0,0,0,0,0,0,0,0,0,0,0
ACC-10005347,0,0,0,0,0,0,0,0,0,0,0,0
ACC-10005348,0,0,0,0,0,0,0,0,0,0,0,0
ACC-10005349,0,0,0,0,0,0,0,0,0,0,0,0
ACC-10005350,0,0,0,0,0,0,0,0,0,0,0,0
ACC-10005351,0,0,0,0,0,0,0,0,0,0,0,0
ACC-10005352,0,0,0,0,0,0,0,0,0,0,0,0
ACC-10005353,0,0,0,0,0,0,0,0,0,0,0,0
ACC-10005354,0,0,0,0,0,0,0,0,0,0,0,0
ACC-10005355,0,0,0,0,0,0,0,0,0,0,0,0
ACC-10005356,0,0,0,0,0,0,0,0,0,0,0,0
ACC-10005357,0,0,0,0,0,0,0,0,0,0,0,0
ACC-10005358,0,0,0,0,0,0,0,0,0,0,0,0
ACC-10005359,0,0,0,0,0,0,0,0,0,0,0,0
ACC-10005360,0,0,0,0,0,0,0,0,0,0,0,0
ACC-10005361,0,0,0,0,0,0,0,0,0,0,0,0
ACC-10005362,0,0,0,0,0,0,0,0,0,0,0,0
ACC-10005363,0,0,0,0,0,0,0,0,0,0,0,0
ACC-10005364,0,0,0,0,0,0,0,0,0,0,0,0
ACC-10005365,0,0,0,0,0,0,0,0,0,0,0,0
ACC-10005366,0,0,0,0,0,0,0,0,0,0,0,0
ACC-10005367,0,0,0,0,0,0,0,0,0,0,0,0
ACC-10005368,0,0,0,0,0,0,0,0,0,0,0,0
ACC-10005369,0,0,0,0,0,0,0,0,0,0,0,0
ACC-10005370,0,0,0,0,0,0,0,0,0,0,0,0
ACC-10005371,0,0,0,0,0,0,0,0,0,0,0,0
ACC-10005372,0,0,0,0,0,0,0,0,0,0,0,0
ACC-10005373,0,0,0,0,0,0,0,0,0,0,0,0
ACC-10005374,0,0,0,0,0,0,0,0,0,0,0,0
ACC-10005375,0,0,0,0,0,0,0,0,0,0,0,0
ACC-10005376,0,0,0,0,0,0,0,0,0,0,0,0
ACC-10005377,0,0,0,0,0,0,0,0,0,0,0,0
ACC-10005378,0,0,0,0,0,0,0,0,0,0,0,0
ACC-10005379,0,0,0,0,0,0,0,0,0,0,0,0
ACC-10005380,0,0,0,0,0,0,0,0,0,0,0,0
ACC-10005381,0,0,0,0,0,0,0,0,0,0,0,0
ACC-10005382,0,0,0,0,0,0,0,0,0,0,0,0
ACC-10005383,0,0,0,0,0,0,0,0,0,0,0,0
ACC-10005384,0,0,0,0,0,0,0,0,0,0,0,0
ACC-10005385,0,0,0,0,0,0,0,0,0,0,0,0
ACC-10005386,0,0,0,0,0,0,0,0,0,0,0,0
ACC-10005387,0,0,0,0,0,0,0,0,0,0,0,0
ACC-10005388,0,0,0,0,0,0,0,0,0,0,0,0
ACC-10005389,0,0,0,0,0,0,0,0,0,0,0,0
ACC-10005390,0,0,0,0,0,0,0,0,0,0,0,0
ACC-10005391,0,0,0,0,0,0,0,0,0,0,0,0
ACC-10005392,0,0,0,0,0,0,0,0,0,0,0,0
ACC-10005393,0,0,0,0,0,0,0,0,0,0,0,0
ACC-10005394,0,0,0,0,0,0,0,0,0,0,0,0
ACC-10005395,0,0,0,0,0,0,0,0,0,0,0,0
ACC-10005396,0,0,0,0,0,0,0,0,0,0,0,0
ACC-10005397,0,0,0,0,0,0,0,0,0,0,0,0
ACC-10005398,0,0,0,0,0,0,0,0,0,0,0,0
ACC-10005399,0,0,0,0,0,0,0,0,0,0,0,0
ACC-10005400,0,0,0,0,0,0,0,0,0,0,0,0
ACC-10005401,0,0,0,0,0,0,0,0,0,0,0,0
ACC-10005402,0,0,0,0,0,0,0,0,0,0,0,0
ACC-10005403,0,0,0,0,0,0,0,0,0,0,0,0
ACC-10005404,0,0,0,0,0,0,0,0,0,0,0,0
ACC-10005405,0,0,0,0,0,0,0,0,0,0,0,0
ACC-10005406,0,0,0,0,0,0,0,0,0,0,0,0
ACC-10005407,0,0,0,0,0,0,0,0,0,0,0,0
ACC-10005408,0,0,0,0,0,0,0,0,0,0,0,0
ACC-10005409,0,0,0,0,0,0,0,0,0,0,0,0
ACC-10005410,0,0,0,0,0,0,0,0,0,0,0,0
ACC-10005411,0,0,0,0,0,0,0,0,0,0,0,0
ACC-10005412,0,0,0,0,0,0,0,0,0,0,0,0
ACC-10005413,0,0,0,0,0,0,0,0,0,0,0,0
ACC-10005414,0,0,0,0,0,0,0,0,0,0,0,0
ACC-10005415,0,0,0,0,0,0,0,0,0,0,0,0
ACC-10005416,0,0,0,0,0,0,0,0,0,0,0,0
ACC-10005417,0,0,0,0,0,0,0,0,0,0,0,0
ACC-10005418,0,0,0,0,0,0,0,0,0,0,0,0
ACC-10005419,0,0,0,0,0,0,0,0,0,0,0,0
ACC-10005420,0,0,0,0,0,0,0,0,0,0,0,0
ACC-10005421,0,0,0,0,0,0,0,0,0,0,0,0
ACC-10005422,0,0,0,0,0,0,0,0,0,0,0,0
ACC-10005423,0,0,0,0,0,0,0,0,0,0,0,0
ACC-10005424,0,0,0,0,0,0,0,0,0,0,0,0
ACC-10005425,0,0,0,0,0,0,0,0,0,0,0,0
ACC-10005426,0,0,0,0,0,0,0,0,0,0,0,0
ACC-10005427,0,0,0,0,0,0,0,0,0,0,0,0
ACC-10005428,0,0,0,0,0,0,0,0,0,0,0,0
ACC-10005429,0,0,0,0,0,0,0,0,0,0,0,0
ACC-10005430,0,0,0,0,0,0,0,0,0,0,0,0
ACC-10005431,0,0,0,0,0,0,0,0,0,0,0,0
ACC-10005432,0,0,0,0,0,0,0,0,0,0,0,0
ACC-10005433,0,0,0,0,0,0,0,0,0,0,0,0
ACC-10005434,0,0,0,0,0,0,0,0,0,0,0,0
ACC-10005435,0,0,0,0,0,0,0,0,0,0,0,0
ACC-10005436,0,0,0,0,0,0,0,0,0,0,0,0
ACC-10005437,0,0,0,0,0,0,0,0,0,0,0,0
ACC-10005438,0,0,0,0,0,0,0,0,0,0,0,0
ACC-10005439,0,0,0,0,0,0,0,0,0,0,0,0
ACC-10005440,0,0,0,0,0,0,0,0,0,0,0,0
ACC-10005441,0,0,0,0,0,0,0,0,0,0,0,0
ACC-10005442,0,0,0,0,0,0,0,0,0,0,0,0
ACC-10005443,0,0,0,0,0,0,0,0,0,0,0,0
ACC-10005444,0,0,0,0,0,0,0,0,0,0,0,0
ACC-10005445,0,0,0,0,0,0,0,0,0,0,0,0
ACC-10005446,1,1,0,0,0,1,0,0,0,0,1,1
ACC-10005447,0,0,0,0,0,0,0,0,0,0,0,0
ACC-10005448,0,0,0,0,0,0,0,0,0,0,0,0
ACC-10005449,0,0,0,0,0,0,0,0,0,0,0,0
ACC-10005450,0,0,0,0,0,0,0,0,0,0,0,0
ACC-10005451,0,0,1,0,0,0,0,0,0,0,0,0
ACC-10005452,0,0,0,0,0,0,0,0,0,0,0,0
ACC-10005453,0,0,0,0,0,0,0,0,0,0,0,0
ACC-10005454,0,0,0,0,0,0,0,0,0,0,0,0
ACC-10005455,0,0,0,0,0,0,0,0,0,0,0,0
ACC-10005456,0,0,0,0,0,0,0,0,0,0,0,0
ACC-10005457,0,0,0,0,0,0,0,0,0,0,0,0
ACC-10005458,0,0,0,0,0,0,0,0,0,0,0,0
ACC-10005459,0,0,0,0,0,0,0,0,0,0,0,0
ACC-10005460,0,0,0,0,0,0,0,0,0,0,0,0
ACC-10005461,0,0,0,0,0,0,0,0,0,0,0,0
ACC-10005462,0,0,0,0,0,0,0,0,0,0,0,0
ACC-10005463,0,0,0,0,0,0,0,0,0,0,0,0
ACC-10005464,0,0,0,0,0,0,0,0,0,0,0,0
ACC-10005465,0,0,0,0,0,0,0,0,0,0,0,0
ACC-10005466,0,0,0,0,0,0,0,0,1,0,0,0
ACC-10005467,0,0,0,0,0,0,0,0,0,0,0,0
ACC-10005468,0,0,0,0,0,0,0,0,0,0,0,0
ACC-10005469,0,0,0,0,0,0,0,0,0,0,0,0
ACC-10005470,0,0,0,0,0,0,0,0,0,0,0,0
ACC-10005471,0,0,0,0,0,0,0,0,0,0,0,0
ACC-10005472,0,0,0,0,0,0,0,0,0,0,0,0
ACC-10005473,0,0,0,0,0,0,0,0,0,0,0,0
ACC-10005474,0,0,0,0,0,0,0,0,1,0,1,0
ACC-10005475,0,0,0,0,0,0,0,0,0,0,0,0
ACC-10005476,0,0,0,0,0,0,0,0,0,0,0,0
ACC-10005477,0,0,0,0,0,0,0,0,0,0,0,0
ACC-10005478,0,0,0,0,0,0,0,0,0,0,0,0
ACC-10005479,0,0,0,0,0,0,0,0,0,0,0,0
ACC-10005480,0,0,0,0,0,0,0,0,0,0,0,0
ACC-10005481,0,0,0,0,0,0,0,0,0,0,0,0
ACC-10005482,0,0,0,0,0,0,0,0,0,0,0,0
ACC-10005483,0,0,0,0,0,0,0,0,0,0,0,0
ACC-10005484,0,0,0,0,0,0,0,0,0,0,0,0
ACC-10005485,0,0,0,0,0,0,0,0,0,0,0,0
ACC-10005486,0,0,0,0,0,0,0,0,0,0,0,0
ACC-10005487,0,0,0,0,0,0,0,0,0,0,0,0
ACC-10005488,0,0,0,0,0,0,0,0,0,0,0,0
ACC-10005489,0,0,0,0,0,0,0,0,0,0,0,0
ACC-10005490,0,0,0,0,0,0,0,0,0,0,0,0
ACC-10005491,0,0,0,0,0,0,0,0,0,0,0,0
ACC-10005492,0,0,0,0,0,0,0,0,0,0,0,0
ACC-10005493,0,0,0,0,0,0,0,0,0,0,0,0
ACC-10005494,0,0,0,0,0,0,0,0,0,0,0,0
ACC-10005495,0,0,0,0,0,0,0,0,0,0,0,0
ACC-10005496,0,0,0,0,0,0,0,0,0,0,0,0
ACC-10005497,0,0,0,0,0,0,0,0,0,0,0,0
ACC-10005498,0,0,0,0,0,0,0,0,0,0,0,0
ACC-10005499,0,0,0,0,0,0,0,0,0,0,0,0
ACC-10005500,0,0,0,0,0,0,0,0,0,0,0,0
,0,0,0,0,0,0,0,0,0,0,0,0
ACC-10005502,0,0,0,0,0,0,0,0,0,0,0,0
ACC-10005503,0,0,0,0,0,0,0,0,0,0,0,0
ACC-10005504,0,0,0,0,0,0,0,0,0,0,0,0
ACC-10005505,0,0,0,0,0,0,0,0,0,0,0,0
ACC-10005506,0,0,0,0,0,0,0,0,0,0,0,0
ACC-10005507,0,0,0,0,0,0,0,0,0,0,0,0
ACC-10005508,0,0,0,0,0,0,0,0,0,0,0,0
ACC-10005509,0,0,0,1,0,0,1,0,1,0,1,0
ACC-10005510,0,0,0,0,0,0,0,0,0,0,0,0
ACC-10005511,1,0,0,0,1,1,1,0,1,0,0,0
ACC-10005512,0,0,0,0,0,0,0,0,0,0,0,0
ACC-10005513,0,0,0,0,0,0,0,0,0,0,0,0
ACC-10005514,0,0,0,0,0,0,0,0,0,0,0,0
ACC-10005515,0,0,0,0,0,0,0,0,0,0,0,0
ACC-10005516,0,0,0,0,0,0,0,0,0,0,0,0
ACC-10005517,0,0,0,0,0,0,0,0,0,0,0,0
ACC-10005518,0,0,0,0,0,0,0,0,0,0,0,0
ACC-10005519,0,0,0,0,0,0,0,0,0,0,0,0
ACC-10005520,0,0,0,0,0,0,0,0,0,0,0,0
ACC-10005521,0,0,0,0,0,0,0,0,0,0,0,0
ACC-10005522,0,0,0,0,0,0,0,0,0,0,0,0
ACC-10005523,0,0,0,0,0,0,0,0,0,0,0,0
ACC-10005524,0,0,0,0,0,0,0,0,0,0,0,0
ACC-10005525,0,0,0,0,0,0,0,0,0,0,0,0
ACC-10005526,0,0,0,0,0,0,0,0,0,0,0,0
ACC-10005527,0,0,0,0,0,0,0,0,0,0,0,0
ACC-10005528,0,0,0,0,0,0,0,0,0,0,0,0
ACC-10005529,0,0,0,0,0,0,0,0,0,0,0,0
ACC-10005530,0,0,0,0,0,0,0,0,0,0,0,0
ACC-10005531,0,0,0,0,0,0,0,0,0,0,0,0
ACC-10005532,0,0,1,0,0,0,0,0,0,0,0,0
ACC-10005533,0,0,0,0,0,0,0,0,0,0,0,0
ACC-10005534,0,0,0,0,0,0,0,0,0,0,0,0
ACC-10005535,0,0,0,0,0,0,0,0,0,0,0,0
ACC-10005536,0,0,0,0,0,0,0,0,0,0,0,0
ACC-10005537,0,1,1,1,0,0,0,0,1,1,0,0
ACC-10005538,0,0,0,0,0,0,0,0,0,0,0,0
ACC-10005539,0,0,0,0,0,0,0,0,0,0,0,0
ACC-10005540,0,0,0,0,0,0,0,0,0,0,0,0
ACC-10005541,0,0,0,0,0,0,0,0,0,0,0,0
ACC-10005542,0,0,0,0,0,0,0,0,0,0,0,0
ACC-10005543,0,0,0,0,0,0,0,0,0,0,0,0
ACC-10005544,0,0,0,0,0,0,0,0,0,0,0,0
ACC-10005545,0,0,0,0,0,0,0,0,0,0,0,0
ACC-10005546,0,0,0,0,0,0,0,0,0,0,0,0
ACC-10005547,0,0,0,0,0,0,0,0,0,0,0,0
ACC-10005548,0,0,0,0,0,0,0,0,0,0,0,0
ACC-10005549,0,0,0,0,0,0,0,0,0,0,0,0
ACC-10005550,0,0,0,0,0,0,0,0,0,0,0,0
ACC-10005551,0,0,0,0,0,0,0,0,0,0,0,0
ACC-10005552,0,0,0,0,0,0,0,0,0,0,0,0
ACC-10005553,0,0,0,0,0,0,0,0,0,0,0,0
ACC-10005554,0,0,0,0,0,0,0,0,0,0,0,0
ACC-10005555,0,0,0,0,0,0,0,0,0,0,0,0
ACC-10005556,0,0,0,0,0,0,0,0,0,0,0,0
ACC-10005557,0,0,0,0,0,0,0,0,0,0,0,0
ACC-10005558,0,0,0,0,0,0,0,0,0,0,0,0
ACC-10005559,0,0,0,0,0,0,0,0,0,0,0,0
ACC-10005560,0,0,0,0,0,0,0,0,0,0,0,0
ACC-10005561,0,0,0,0,0,0,0,0,0,0,0,0
ACC-10005562,0,0,0,0,0,0,0,0,0,0,0,0
ACC-10005563,0,0,0,0,0,0,0,0,0,0,0,0
ACC-10005564,1,0,0,0,0,0,0,0,0,0,0,0
ACC-10005565,0,0,0,0,0,0,0,0,0,0,0,0
ACC-10005566,0,0,0,0,0,0,0,0,0,0,0,0
ACC-10005567,0,0,0,0,0,0,0,0,0,0,0,0
ACC-10005568,0,0,0,0,0,0,0,0,0,0,0,0
ACC-10005569,0,0,0,0,0,0,0,0,0,0,0,0
ACC-10005570,1,0,0,0,1,0,1,1,0,0,1,1
ACC-10005571,0,0,0,0,0,0,0,0,0,0,0,0
ACC-10005572,0,0,0,0,0,0,0,0,0,0,0,0
ACC-10005573,0,0,0,0,0,0,0,0,0,0,0,0
ACC-10005574,0,0,0,0,0,0,0,0,0,0,0,0
ACC-10005575,0,0,0,0,0,0,0,0,0,0,0,0
ACC-10005576,1,1,0,1,1,1,0,1,0,0,0,0
ACC-10005577,0,0,0,0,0,0,0,0,0,0,0,0
ACC-10005578,0,0,0,0,0,0,0,0,0,0,0,0
ACC-10005579,0,0,0,0,0,0,0,0,0,0,0,0
ACC-10005580,0,0,0,0,0,0,0,0,0,0,0,0
ACC-10005581,0,0,0,0,0,1,1,0,0,0,1,1
ACC-10005582,0,0,0,0,0,0,0,0,0,0,0,0
ACC-10005583,0,0,0,0,0,0,0,0,0,0,0,0
ACC-10005584,0,0,0,0,0,0,0,0,0,0,0,0
ACC-10005585,0,0,0,0,0,0,0,0,0,0,0,0
ACC-10005586,0,0,0,0,0,0,0,0,0,0,0,0
ACC-10005587,0,0,0,0,0,0,0,0,0,0,0,0
ACC-10005588,0,0,0,0,0,0,0,0,0,0,0,0
ACC-10005589,0,0,0,0,0,0,0,0,0,0,0,0
ACC-10005590,0,0,0,0,0,0,0,0,0,0,0,0
ACC-10005591,0,0,0,0,0,0,0,0,0,0,0,0
ACC-10005592,0,0,0,0,0,0,0,0,0,0,0,0
ACC-10005593,0,0,0,0,0,0,0,0,0,0,0,0
ACC-10005594,0,0,0,0,0,0,0,0,0,0,0,0
ACC-10005595,0,0,0,0,0,0,0,0,0,0,0,0
ACC-10005596,0,0,0,0,0,0,0,0,0,0,0,0
ACC-10005597,0,0,0,0,0,0,0,0,0,0,0,0
ACC-10005598,0,0,0,0,0,0,0,0,0,0,0,0
ACC-10005599,0,0,0,0,0,0,0,0,0,0,0,0
ACC-10005600,0,0,0,0,0,0,0,0,0,0,0,0
ACC-10005601,0,0,0,0,0,0,0,0,0,0,0,0
ACC-10005602,0,0,0,0,0,0,0,0,0,0,0,0
ACC-10005603,0,0,0,0,0,0,0,0,0,0,0,0
ACC-10005604,1,0,0,0,0,0,0,1,1,0,1,0
ACC-10005605,0,0,0,0,0,0,0,0,0,0,0,0
ACC-10005606,0,0,0,0,0,0,0,0,0,0,0,0
ACC-10005607,0,0,0,0,0,0,0,0,0,0,0,0
ACC-10005608,0,0,0,0,0,0,0,0,0,0,0,0
ACC-10005609,0,0,0,0,0,0,0,0,0,0,0,0
ACC-10005610,0,0,0,0,0,0,0,0,0,0,0,0
ACC-10005611,0,0,0,0,1,0,1,0,1,1,1,1
ACC-10005612,0,0,0,0,0,0,0,0,0,0,0,0
ACC-10005613,0,0,0,0,0,0,0,0,0,0,0,0
ACC-10005614,0,0,0,0,0,0,0,0,0,0,0,0
ACC-10005615,0,0,0,0,0,0,0,1,0,0,1,1
ACC-10005616,0,0,0,0,0,0,0,0,0,0,0,0
ACC-10005617,0,0,0,0,0,0,0,0,0,0,0,0
ACC-10005618,0,0,0,0,0,0,0,0,0,0,0,0
ACC-10005619,0,0,0,0,0,0,0,0,0,0,0,0
ACC-10005620,0,0,0,0,0,0,0,0,0,0,0,0
ACC-10005621,0,0,0,0,0,0,0,0,0,0,0,0
ACC-10005622,0,0,0,0,0,0,0,0,0,0,0,0
ACC-10005623,0,0,0,0,0,0,0,0,0,0,0,0
ACC-10005624,0,0,0,0,0,0,0,0,0,0,0,0
ACC-10005625,0,0,0,0,0,0,0,0,0,0,0,0
ACC-10005626,0,0,0,0,0,0,0,0,0,0,0,0
ACC-10005627,0,0,0,0,0,0,0,0,0,0,0,0
ACC-10005628,0,0,0,0,0,0,0,0,0,0,0,0
ACC-10005629,0,0,0,0,0,0,0,0,0,0,0,0
ACC-10005630,0,0,0,0,0,0,0,0,0,0,0,0
ACC-10005631,0,0,0,0,0,0,0,0,0,0,0,0
ACC-10005632,0,0,0,0,0,0,0,0,0,0,0,0
ACC-10005633,0,0,0,0,0,0,0,0,0,0,0,0
ACC-10005634,0,0,0,0,0,0,0,0,0,0,0,0
ACC-10005635,0,0,0,0,0,0,0,0,0,0,0,0
ACC-10005636,0,0,0,0,0,0,0,0,0,0,0,0
ACC-10005637,0,0,0,0,0,0,0,0,0,0,0,0
ACC-10005638,0,0,0,0,0,0,0,0,0,0,0,0
ACC-10005639,0,0,0,0,0,0,0,0,0,0,0,0
ACC-10005640,0,0,0,0,0,0,0,0,0,0,0,0
ACC-10005641,0,0,0,0,0,0,0,0,0,0,0,0
ACC-10005642,0,0,0,0,0,0,0,0,0,0,0,0
ACC-10005643,0,1,1,1,0,0,0,1,1,0,0,0
ACC-10005644,0,0,0,0,0,0,0,0,0,0,0,0
ACC-10005645,0,0,0,0,0,0,0,0,0,0,0,0
ACC-10005646,1,0,0,1,0,0,0,0,1,0,1,1
ACC-10005647,0,0,0,0,0,0,0,0,0,0,0,0
ACC-10005648,0,0,0,0,0,0,0,0,0,0,0,0
ACC-10005649,0,0,0,0,0,0,0,0,0,0,0,0
ACC-10005650,0,0,0,0,0,0,0,0,0,0,0,0
ACC-10005651,0,0,0,0,0,0,0,0,0,0,0,0
ACC-10005652,0,0,0,0,0,0,0,0,0,0,0,0
ACC-10005653,0,0,0,0,0,0,0,0,0,0,0,0
ACC-10005654,0,0,0,0,0,0,0,0,0,0,0,0
ACC-10005655,0,0,0,0,0,0,0,0,0,0,0,0
ACC-10005656,0,0,0,0,0,0,0,0,0,0,0,0
ACC-10005657,0,0,0,0,0,0,0,0,0,0,0,0
ACC-10005658,0,0,0,0,0,0,0,0,0,0,0,0
ACC-10005659,1,1,1,0,0,0,0,1,0,1,0,0
ACC-10005660,0,0,0,0,0,0,0,0,0,0,0,0
ACC-10005661,0,0,0,0,0,0,0,0,0,0,0,0
ACC-10005662,0,0,0,0,0,0,0,0,0,0,0,0
ACC-10005663,0,0,0,0,0,0,0,0,0,0,0,0
ACC-10005664,0,0,0,0,0,0,0,0,0,0,0,0
ACC-10005665,0,0,0,0,0,0,0,0,0,0,0,0
ACC-10005666,1,0,0,0,1,0,0,0,0,0,0,0
ACC-10005667,0,0,0,0,0,0,0,0,0,0,0,0
ACC-10005668,0,0,0,0,0,0,0,0,0,0,0,0
ACC-10005669,0,0,0,0,0,0,0,0,0,0,0,0
ACC-10005670,0,0,0,0,0,0,0,0,0,0,0,0
ACC-10005671,0,0,0,0,0,0,0,0,0,0,0,0
ACC-10005672,0,0,0,0,0,0,0,0,0,0,0,0
ACC-10005673,0,0,0,0,0,0,0,0,0,0,0,0
ACC-10005674,0,0,0,0,0,0,0,0,0,0,0,0
ACC-10005675,0,0,0,0,0,0,0,0,0,0,0,0
ACC-10005676,0,0,0,0,0,0,0,0,0,0,0,0
ACC-10005677,0,0,0,0,0,0,0,0,0,0,0,0
ACC-10005678,0,0,0,0,0,0,0,0,0,0,0,0
ACC-10005679,0,0,0,0,0,0,0,0,0,0,0,0
ACC-10005680,0,0,0,0,0,0,0,0,0,0,0,0
ACC-10005681,0,0,0,0,0,0,0,0,0,0,0,0
ACC-10005682,0,0,0,0,0,0,0,0,0,0,0,0
ACC-10005683,0,0,0,0,0,0,0,0,0,0,0,0
ACC-10005684,0,0,0,1,0,0,0,0,0,0,0,0
ACC-10005685,0,0,0,0,0,0,0,0,0,0,0,0
ACC-10005686,0,0,0,0,0,0,0,0,0,0,0,0
ACC-10005687,0,0,0,0,0,0,0,0,0,0,0,0
ACC-10005688,0,0,0,0,0,0,0,0,0,0,0,0
ACC-10005689,0,0,0,0,0,0,0,0,0,0,0,0
ACC-10005690,0,0,0,0,0,0,0,0,0,0,0,0
ACC-10005691,0,0,0,0,0,0,0,0,0,0,0,0
ACC-10005692,0,0,0,0,0,0,0,0,0,0,0,0
ACC-10005693,0,0,0,0,0,0,0,0,0,0,0,0
ACC-10005694,0,0,0,0,0,0,0,0,0,0,0,0
ACC-10005695,0,0,0,0,0,0,0,0,0,0,0,0
ACC-10005696,0,0,0,0,0,0,0,0,0,0,0,0
ACC-10005697,0,0,0,0,0,0,0,0,0,0,0,0
ACC-10005698,0,0,0,0,0,0,0,0,0,0,0,0
ACC-10005699,0,0,0,0,0,0,0,0,0,0,0,0
ACC-10005700,0,0,0,0,0,0,0,0,0,0,0,0
ACC-10005701,0,0,0,0,0,0,0,0,0,0,0,0
ACC-10005702,0,0,0,0,0,0,0,0,0,0,0,0
ACC-10005703,0,0,0,0,0,0,0,0,0,0,0,0
ACC-10005704,0,0,0,0,0,0,0,0,0,0,0,0
ACC-10005705,0,0,0,0,0,0,0,0,0,0,0,0
ACC-10005706,0,0,0,0,0,0,0,0,0,0,0,0
ACC-10005707,0,0,0,0,0,0,0,0,0,0,0,0
ACC-10005708,0,0,0,0,0,0,0,0,0,0,0,0
ACC-10005709,0,0,0,0,0,0,0,0,0,0,0,0
ACC-10005710,0,0,0,0,0,0,0,0,0,0,0,0
ACC-10005711,0,0,1,1,0,0,0,1,0,0,0,1
ACC-10005712,0,0,0,0,0,0,0,0,0,0,0,0
ACC-10005713,0,0,0,0,0,0,0,0,0,0,0,0
ACC-10005714,0,0,0,0,0,0,0,0,0,0,0,0
ACC-10005715,0,0,0,0,0,0,0,0,0,0,0,0
ACC-10005716,0,0,0,0,0,0,0,0,0,0,0,0
ACC-10005717,0,0,0,0,0,0,0,0,0,0,0,0
ACC-10005718,0,0,0,0,0,0,0,0,0,0,0,0
ACC-10005719,0,0,0,0,0,0,0,0,0,0,0,0
ACC-10005720,0,0,0,0,1,1,0,1,0,1,1,0
ACC-10005721,0,0,0,0,0,0,0,0,0,0,0,0
ACC-10005722,0,0,0,0,0,0,0,0,0,0,0,0
ACC-10005723,0,0,0,0,0,0,0,0,0,0,0,0
ACC-10005724,0,0,0,0,0,0,0,0,0,0,0,0
ACC-10005725,0,0,0,0,0,0,0,0,0,0,0,0
ACC-10005726,0,0,0,0,0,0,0,0,0,0,0,0
ACC-10005727,0,0,0,0,0,0,0,0,0,0,0,0
ACC-10005728,0,0,0,0,0,0,0,0,0,0,0,0
ACC-10005729,0,0,0,0,0,0,0,0,0,0,0,0
ACC-10005730,0,0,0,0,0,0,0,0,0,0,0,0
ACC-10005731,0,0,0,0,0,0,0,0,0,0,0,0
ACC-10005732,0,0,0,0,0,0,0,0,0,0,0,0
ACC-10005733,0,0,0,0,0,0,0,0,0,0,0,0
ACC-10005734,0,0,0,0,0,0,0,0,0,0,0,0
ACC-10005735,1,0,0,1,0,0,1,0,0,1,0,0
ACC-10005736,0,0,0,0,0,0,0,0,0,0,0,0
ACC-10005737,1,0,0,0,0,1,0,0,1,1,1,1
ACC-10005738,0,0,0,1,0,0,0,0,0,0,0,1
ACC-10005739,0,0,0,0,0,0,0,0,0,0,0,0
ACC-10005740,0,0,0,0,0,0,0,0,0,0,0,0
ACC-10005741,0,0,0,0,0,0,0,0,0,0,0,0
ACC-10005742,0,0,0,0,0,0,0,0,0,0,0,0
ACC-10005743,0,0,0,0,0,0,0,0,0,0,0,0
ACC-10005744,0,0,0,0,0,0,0,0,0,0,0,0
ACC-10005745,0,0,0,0,0,0,0,0,0,0,0,0
ACC-10005746,0,0,0,0,0,0,0,0,0,0,0,0
ACC-10005747,0,0,0,0,0,0,0,0,0,0,0,0
ACC-10005748,0,0,0,0,0,0,0,0,0,0,0,0
ACC-10005749,0,0,0,0,0,0,0,0,0,0,0,0
ACC-10005750,0,0,0,0,0,0,0,0,0,0,0,0
ACC-10005751,0,0,0,0,0,0,0,0,0,0,0,0
ACC-10005752,0,0,0,0,0,0,0,0,0,0,0,0
ACC-10005753,0,0,0,0,0,0,0,0,0,0,0,0
ACC-10005754,0,0,0,0,0,0,0,0,0,0,0,0
ACC-10005755,0,0,0,0,0,0,0,0,0,0,0,0
ACC-10005756,0,0,0,0,0,0,0,0,0,0,0,0
ACC-10005757,0,0,0,0,0,0,0,0,0,0,0,0
ACC-10005758,0,0,0,0,0,0,0,0,0,0,0,0
ACC-10005759,0,0,0,0,0,0,0,0,0,0,0,0
ACC-10005760,0,0,0,0,0,0,0,0,0,0,0,0
ACC-10005761,0,0,0,0,0,0,0,0,0,0,0,0
ACC-10005762,0,0,0,0,0,0,0,0,0,0,0,0
,0,0,0,0,0,0,0,0,0,0,0,0
ACC-10005764,0,0,0,0,0,0,0,0,0,0,0,0
ACC-10005765,0,0,0,0,0,0,0,0,0,0,0,0
ACC-10005766,0,0,0,0,0,0,0,0,0,0,0,0
ACC-10005767,0,0,0,0,0,0,0,0,0,0,0,0
ACC-10005768,0,0,0,0,0,0,0,0,0,0,0,0
ACC-10005769,0,0,0,0,0,0,0,0,0,0,0,0
ACC-10005770,0,0,0,0,0,0,0,0,0,0,0,0
ACC-10005771,0,0,0,0,0,0,0,0,0,0,0,0
ACC-10005772,0,0,0,0,0,0,0,0,0,0,0,0
ACC-10005773,0,0,0,0,0,0,0,0,0,0,0,0
ACC-10005774,0,0,0,0,0,0,0,0,0,0,0,0
ACC-10005775,0,0,0,0,0,0,0,0,0,0,0,0
ACC-10005776,0,0,0,0,0,0,0,0,0,0,0,0
ACC-10005777,0,0,0,0,0,0,0,0,0,0,0,0
ACC-10005778,0,0,0,0,0,0,0,0,0,0,0,0
ACC-10005779,0,0,0,0,0,0,0,0,0,0,0,0
ACC-10005780,0,0,0,0,0,0,0,0,0,0,0,0
ACC-10005781,0,0,0,0,0,0,0,0,0,0,0,0
ACC-10005782,0,0,0,0,0,0,0,0,0,0,0,0
ACC-10005783,0,0,0,0,0,0,0,0,0,0,0,0
ACC-10005784,0,0,0,0,0,0,0,0,0,0,0,0
ACC-10005785,0,0,0,0,0,0,0,0,0,0,0,0
ACC-10005786,0,0,0,0,0,0,0,0,0,0,0,0
ACC-10005787,0,0,0,0,0,0,0,0,0,0,0,0
ACC-10005788,0,0,0,0,0,0,0,0,0,0,0,0
ACC-10005789,0,0,0,0,0,0,0,0,0,0,0,0
ACC-10005790,0,1,0,0,0,0,1,0,0,1,1,0
ACC-10005791,0,0,0,0,0,0,0,0,0,0,0,0
ACC-10005792,0,0,0,0,0,0,0,0,0,0,0,0
ACC-10005793,0,0,0,0,0,0,0,0,0,0,0,0
ACC-10005794,0,0,1,0,0,0,0,0,0,0,0,0
ACC-10005795,0,0,0,0,0,0,0,0,0,0,0,0
ACC-10005796,0,0,0,0,0,0,0,0,0,0,0,0
ACC-10005797,0,0,0,0,0,0,0,0,0,0,0,0
ACC-10005798,0,0,0,0,0,0,0,0,0,0,0,0
ACC-10005799,0,0,0,0,0,0,0,0,0,0,0,0
ACC-10005800,0,0,0,0,0,0,0,0,0,0,0,0
ACC-10005801,0,0,0,0,0,0,0,0,0,0,0,0
ACC-10005802,0,0,0,0,0,0,0,0,0,0,0,0
ACC-10005803,0,0,0,0,0,0,0,0,1,0,0,1
ACC-10005804,0,0,0,0,0,0,0,0,0,0,0,0
ACC-10005805,0,0,0,0,0,0,0,0,0,0,0,0
ACC-10005806,0,0,0,0,0,0,0,0,0,0,0,0
ACC-10005807,0,0,0,0,0,0,0,0,0,0,0,0
ACC-10005808,0,0,0,0,0,0,0,0,0,0,0,0
ACC-10005809,0,0,0,0,0,0,0,0,0,0,0,0
ACC-10005810,0,0,0,0,0,0,0,0,0,0,0,0
ACC-10005811,0,0,0,0,0,0,0,0,0,0,0,0
ACC-10005812,0,0,0,0,0,0,0,0,0,0,0,0
ACC-10005813,0,0,0,0,0,0,0,0,0,0,0,0
ACC-10005814,0,0,0,0,0,0,0,0,0,0,0,0
ACC-10005815,0,0,0,0,0,0,0,0,0,0,0,0
ACC-10005816,0,0,0,0,0,0,1,0,0,0,0,0
ACC-10005817,0,0,0,0,0,0,0,0,0,0,0,0
ACC-10005818,0,0,0,0,0,0,0,0,0,0,0,0
ACC-10005819,0,0,0,0,0,0,0,0,0,0,0,0
ACC-10005820,0,0,0,0,0,0,0,0,0,0,0,0
ACC-10005821,0,0,0,0,0,0,0,0,0,0,0,0
ACC-10005822,0,0,0,0,0,0,0,0,0,0,0,0
ACC-10005823,0,0,0,0,0,0,0,0,0,0,0,0
ACC-10005824,0,0,0,0,0,0,0,0,0,0,0,0
ACC-10005825,0,0,0,0,0,0,0,0,0,0,0,0
ACC-10005826,0,0,0,0,0,0,0,0,0,0,0,0
ACC-10005827,0,0,0,0,0,0,0,0,0,0,0,0
ACC-10005828,1,1,1,1,0,1,0,1,1,0,1,1
ACC-10005829,0,0,0,0,0,0,0,0,0,0,0,0
ACC-10005830,0,0,0,0,0,0,0,0,0,0,0,0
ACC-10005831,0,0,0,0,0,0,0,0,0,0,0,0
ACC-10005832,0,0,0,0,0,0,0,0,0,0,0,0
ACC-10005833,0,0,0,0,0,0,0,0,0,0,0,0
ACC-10005834,0,0,0,0,0,0,0,0,0,0,0,0
ACC-10005835,0,0,0,0,0,0,0,0,0,0,0,0
ACC-10005836,0,0,0,0,0,0,0,0,0,0,0,0
ACC-10005837,0,0,0,0,0,0,0,0,0,0,0,0
ACC-10005838,0,0,0,0,0,0,0,0,0,0,0,0
ACC-10005839,1,0,1,1,1,0,0,1,0,0,0,0
ACC-10005840,0,0,0,0,0,0,0,0,0,0,0,0
ACC-10005841,0,0,0,0,0,0,0,0,0,0,0,0
ACC-10005842,0,0,0,0,0,0,0,0,0,0,0,0
ACC-10005843,0,0,0,0,0,0,0,0,0,0,0,0
ACC-10005844,0,0,0,0,0,0,0,0,0,0,0,0
ACC-10005845,0,0,0,0,0,0,0,0,0,0,0,0
ACC-10005846,0,0,0,0,0,0,0,0,0,0,0,0
ACC-10005847,0,0,0,0,0,0,0,0,0,0,0,0
ACC-10005848,0,0,0,0,0,0,0,0,0,0,0,0
ACC-10005849,0,0,0,0,0,0,0,0,0,0,0,0
ACC-10005850,0,0,0,0,0,0,0,0,0,0,0,0
ACC-10005851,0,0,0,0,0,0,0,0,0,0,0,0
ACC-10005852,0,0,0,0,0,0,0,0,0,0,0,0
ACC-10005853,0,0,0,0,0,0,0,0,0,0,0,0
ACC-10005854,0,0,0,0,0,0,0,0,0,0,0,0
ACC-10005855,0,0,0,0,0,0,0,0,0,0,0,0
ACC-10005856,0,0,0,0,0,0,0,0,0,0,0,0
ACC-10005857,0,0,0,0,0,0,0,0,0,0,0,0
ACC-10005858,0,0,0,0,0,0,0,0,0,0,0,0
ACC-10005859,0,0,0,0,0,0,0,0,0,0,0,0
ACC-10005860,0,0,0,0,0,0,0,0,0,0,0,0
ACC-10005861,0,0,0,0,0,0,0,0,0,0,0,0
ACC-10005862,0,0,0,0,0,0,0,0,0,0,0,0
ACC-10005863,0,0,0,0,0,0,0,0,0,0,0,0
ACC-10005864,0,0,0,0,0,0,0,0,0,0,0,0
ACC-10005865,0,0,0,0,0,0,0,0,0,0,0,0
ACC-10005866,0,0,0,0,0,0,0,0,0,0,0,0
ACC-10005867,0,0,0,0,0,0,0,0,0,0,0,0
ACC-10005868,0,0,0,0,0,0,0,0,0,0,0,0
ACC-10005869,0,0,0,0,0,0,0,0,0,0,0,0
ACC-10005870,0,0,0,0,0,0,0,0,0,0,0,0
ACC-10005871,0,1,1,0,0,0,0,0,1,0,1,0
ACC-10005872,0,0,0,0,0,0,0,0,0,0,0,0
ACC-10005873,1,0,1,0,0,1,1,0,1,0,0,0
ACC-10005874,0,0,0,0,0,0,0,0,0,0,0,0
ACC-10005875,0,0,0,0,0,0,0,0,0,0,0,0
ACC-10005876,0,0,0,0,0,0,0,0,0,0,0,0
ACC-10005877,0,0,0,0,0,0,1,0,0,0,0,0
ACC-10005878,0,0,0,0,0,0,0,0,0,0,0,0
ACC-10005879,0,0,0,0,0,0,0,0,0,0,0,0
ACC-10005880,0,0,0,0,0,0,0,0,0,0,0,0
ACC-10005881,0,0,0,0,0,0,0,0,0,0,0,0
ACC-10005882,0,0,0,0,0,0,0,0,0,0,0,0
ACC-10005883,0,0,0,0,0,0,0,0,0,0,0,0
ACC-10005884,0,0,0,0,0,0,0,0,0,0,0,0
ACC-10005885,0,0,0,0,0,0,0,0,0,0,0,0
ACC-10005886,0,0,0,0,0,0,0,0,0,0,0,0
ACC-10005887,0,0,0,0,0,0,0,0,0,0,0,0
ACC-10005888,0,0,0,0,0,0,0,0,0,0,0,0
ACC-10005889,0,0,0,0,0,0,0,0,0,0,0,0
ACC-10005890,0,0,0,0,0,0,0,0,0,0,0,0
ACC-10005891,0,0,0,0,0,0,0,0,0,0,0,0
ACC-10005892,0,0,0,0,0,0,0,0,0,0,0,0
ACC-10005893,0,0,0,0,0,0,0,0,0,0,0,0
ACC-10005894,0,0,0,0,0,0,0,0,0,0,0,0
ACC-10005895,0,0,0,0,0,0,0,0,0,0,0,0
ACC-10005896,0,0,0,0,0,0,0,0,0,0,0,0
ACC-10005897,0,0,0,0,0,0,0,0,0,0,0,0
ACC-10005898,0,0,0,0,0,0,0,0,0,0,0,0
ACC-10005899,0,0,0,0,0,0,0,0,0,0,0,0
ACC-10005900,0,0,0,0,0,0,0,0,0,0,0,0
ACC-10005901,0,0,0,0,0,0,0,0,0,0,0,0
ACC-10005902,0,0,0,0,0,0,0,0,0,0,0,0
ACC-10005903,0,0,0,0,0,0,0,0,0,0,0,0
ACC-10005904,0,0,0,0,0,0,0,0,0,0,0,0
ACC-10005905,0,0,0,0,0,0,0,0,0,0,0,0
ACC-10005906,0,0,0,0,0,0,0,0,0,0,0,0
ACC-10005907,0,0,0,0,0,0,0,0,0,0,0,0
ACC-10005908,0,0,0,0,0,0,0,0,0,0,0,0
ACC-10005909,0,0,0,0,0,0,0,0,0,0,0,0
ACC-10005910,0,0,0,0,0,0,0,0,0,0,0,0
ACC-10005911,0,0,0,0,0,0,0,0,0,0,0,0
ACC-10005912,0,0,0,0,0,0,0,0,0,0,0,0
ACC-10005913,1,0,0,1,1,0,1,0,1,0,0,0
ACC-10005914,0,0,0,0,0,0,0,0,0,0,0,0
ACC-10005915,0,0,0,0,0,0,0,0,0,0,0,0
ACC-10005916,0,0,0,0,0,0,0,0,0,0,0,0
ACC-10005917,0,0,0,0,0,0,0,0,0,0,0,0
ACC-10005918,0,0,0,0,0,0,0,0,0,0,0,0
ACC-10005919,0,0,0,0,0,0,0,0,0,0,0,0
ACC-10005920,0,0,0,0,0,0,0,0,0,0,0,0
ACC-10005921,0,0,0,0,0,0,0,0,0,0,0,0
ACC-10005922,0,0,0,0,0,0,0,0,0,0,0,0
ACC-10005923,0,0,0,1,0,0,0,0,0,0,0,0
ACC-10005924,0,0,0,0,0,0,0,0,0,0,0,0
ACC-10005925,0,0,0,0,0,0,0,0,0,0,0,0
ACC-10005926,0,0,0,0,0,0,0,0,0,0,0,0
ACC-10005927,0,0,0,0,0,0,0,0,0,0,0,0
ACC-10005928,0,0,0,0,0,0,0,0,0,0,0,0
ACC-10005929,0,0,0,0,0,0,0,0,0,0,0,0
ACC-10005930,0,0,0,0,0,0,0,0,0,0,0,0
ACC-10005931,0,0,0,0,0,0,0,0,0,0,0,0
ACC-10005932,0,0,1,1,0,0,1,1,0,0,1,0
ACC-10005933,0,0,0,0,0,0,0,0,0,0,0,0
ACC-10005934,0,0,0,0,0,0,0,0,0,0,0,0
ACC-10005935,0,1,0,0,0,0,0,0,0,1,0,0
ACC-10005936,0,0,0,0,0,0,0,0,0,0,0,0
ACC-10005937,0,0,0,0,0,0,0,0,0,0,0,0
ACC-10005938,0,0,0,0,0,0,0,0,0,0,0,0
ACC-10005939,0,0,0,0,0,0,0,0,0,0,0,0
ACC-10005940,0,0,0,0,0,0,0,0,0,0,0,0
ACC-10005941,0,0,0,0,0,0,0,0,0,0,0,0
ACC-10005942,0,0,0,0,0,0,0,0,0,0,0,0
ACC-10005943,0,0,0,0,0,0,0,0,0,0,0,0
ACC-10005944,0,0,0,0,0,0,0,0,0,0,0,0
ACC-10005945,1,0,1,0,0,0,0,1,1,0,0,1
ACC-10005946,0,0,0,0,0,0,0,0,0,0,0,0
ACC-10005947,0,0,0,0,0,0,0,0,0,0,0,0
ACC-10005948,0,0,0,0,0,0,0,0,0,0,0,0
ACC-10005949,0,0,0,0,0,0,0,0,0,0,0,0
ACC-10005950,0,0,0,0,0,0,0,0,0,0,0,0
ACC-10005951,1,0,0,0,0,0,0,0,0,0,0,1
ACC-10005952,0,0,0,0,0,0,0,0,0,0,0,0
ACC-10005953,0,0,0,0,0,0,0,0,0,0,0,0
ACC-10005954,0,0,0,0,0,0,0,0,0,0,0,0
ACC-10005955,0,0,0,0,0,0,0,0,0,0,0,0
ACC-10005956,0,0,0,0,0,0,0,0,0,0,0,0
ACC-10005957,0,0,0,0,0,0,0,0,0,0,0,0
ACC-10005958,0,0,0,0,0,0,0,0,0,0,0,0
ACC-10005959,0,0,0,0,0,0,0,0,0,0,0,0
ACC-10005960,0,0,0,0,0,0,0,0,0,0,0,0
ACC-10005961,0,0,0,0,0,0,0,0,0,0,0,0
ACC-10005962,0,0,0,0,0,0,0,0,0,0,0,0
ACC-10005963,0,0,0,0,0,0,0,0,0,0,0,0
ACC-10005964,0,0,0,0,0,0,0,0,0,0,0,0
ACC-10005965,0,0,0,0,0,0,0,0,0,0,0,0
ACC-10005966,0,0,0,0,0,0,0,0,0,0,0,0
ACC-10005967,0,0,0,0,0,0,0,0,0,0,0,0
ACC-10005968,0,0,0,0,0,0,0,0,0,0,0,0
ACC-10005969,0,0,0,0,0,0,0,0,0,0,0,0
ACC-10005970,0,0,0,0,0,0,0,0,0,0,0,0
ACC-10005971,0,0,0,0,0,0,0,0,0,0,0,0
ACC-10005972,0,0,0,0,0,0,0,0,0,0,0,0
ACC-10005973,0,0,0,0,0,0,0,0,0,0,0,0
ACC-10005974,0,0,0,0,0,0,0,0,0,0,0,0
ACC-10005975,0,0,0,0,0,0,0,0,0,0,0,0
ACC-10005976,0,0,0,0,0,0,0,0,0,0,0,0
ACC-10005977,0,0,0,0,0,0,0,0,0,0,0,0
ACC-10005978,0,0,0,0,0,0,0,0,0,0,0,0
ACC-10005979,0,0,0,0,0,0,0,0,0,0,0,0
ACC-10005980,0,0,0,0,0,0,0,0,0,0,0,0
ACC-10005981,0,0,0,0,0,0,0,0,0,0,0,0
ACC-10005982,0,0,0,0,0,0,0,0,0,0,0,0
ACC-10005983,0,0,0,0,0,0,0,0,0,0,0,0
ACC-10005984,0,0,0,0,0,0,0,0,0,0,0,0
ACC-10005985,0,0,0,0,0,0,0,0,0,0,0,0
ACC-100059XX,0,0,0,0,0,0,0,0,0,0,0,0
ACC-10005987,0,0,0,0,0,0,0,0,0,0,0,0
ACC-10005988,0,0,0,0,0,0,0,0,0,1,0,1
ACC-10005989,0,0,0,0,0,0,0,0,0,0,0,0
ACC-10005990,0,0,0,0,0,0,0,0,0,0,0,0
ACC-10005991,0,0,0,0,0,0,0,0,0,0,0,0
ACC-10005992,0,0,0,0,0,0,0,0,0,0,0,0
ACC-10005993,0,0,0,0,0,0,0,0,0,0,0,0
ACC-10005994,0,0,0,0,0,0,0,0,0,0,0,0
ACC-10005995,0,0,0,0,0,0,0,0,0,0,0,0
ACC-10005996,0,0,0,0,0,0,0,0,0,0,0,0
ACC-10005997,0,0,0,0,0,0,0,0,0,0,0,0
ACC-10005998,0,0,0,0,0,0,0,0,0,0,0,0
ACC-10005999,0,0,0,0,0,0,0,0,0,0,0,0
ACC-10006000,0,0,0,0,0,0,0,0,0,0,0,0
ACC-10006001,0,0,0,0,0,0,0,0,0,0,0,0
ACC-10006002,0,0,0,0,0,0,0,0,0,0,0,0
ACC-10006003,0,0,0,0,0,0,0,0,0,0,0,0
ACC-10006004,0,0,0,0,0,0,0,0,0,0,0,0
ACC-10006005,0,0,0,0,0,0,0,0,0,0,0,0
ACC-10006006,0,0,0,0,0,0,0,0,0,0,0,0
ACC-10006007,0,0,0,0,0,0,0,0,0,0,0,0
ACC-10006008,0,0,0,0,0,0,0,0,0,0,0,0
ACC-10006009,0,0,0,0,0,0,0,0,0,0,0,0
ACC-10006010,0,0,0,0,0,0,0,0,0,0,0,0
ACC-10006011,0,0,0,0,0,0,0,0,0,0,0,0
ACC-10006012,0,0,0,0,0,0,0,0,0,0,0,0
ACC-10006013,0,0,0,0,0,0,0,0,0,0,0,0
ACC-10006014,0,0,0,0,0,0,0,0,0,0,0,0
ACC-10006015,0,0,0,0,0,0,0,0,0,0,0,0
ACC-10006016,0,0,0,0,0,0,0,0,0,0,0,0
ACC-10006017,0,0,1,0,0,0,0,0,1,0,0,0
ACC-10006018,0,0,0,0,0,0,0,0,0,0,0,0
ACC-10006019,0,0,0,0,0,0,0,0,0,0,0,0
ACC-10006020,0,0,0,0,0,0,0,0,0,0,0,0
ACC-10006021,0,0,0,0,0,0,0,0,0,0,0,0
ACC-10006022,0,0,0,0,0,0,0,0,0,0,0,0
ACC-10006023,0,0,0,0,0,0,0,0,0,0,0,0
ACC-10006024,0,0,0,0,0,0,0,0,0,0,0,0
ACC-10006025,0,0,0,0,0,0,0,0,0,0,0,0
ACC-10006026,0,1,0,0,1,0,0,1,0,0,0,1
ACC-10006027,0,0,0,0,0,0,0,0,0,0,0,0
ACC-10006028,0,0,0,0,0,0,0,0,0,0,0,0
ACC-10006029,0,0,0,0,0,0,0,0,0,0,0,0
ACC-10006030,0,0,0,0,0,0,0,0,0,0,0,0
ACC-10006031,0,0,0,0,0,0,0,0,0,0,0,0
ACC-10006032,0,0,0,0,0,0,0,0,0,0,0,0
ACC-10006033,0,0,0,0,0,0,0,0,0,0,0,0
ACC-10006034,0,0,0,0,0,0,0,0,0,0,0,0
ACC-10006035,0,0,0,0,0,0,0,0,0,0,0,0
ACC-10006036,0,0,0,0,0,0,0,0,0,0,0,0
ACC-10006037,0,0,0,0,0,0,0,0,0,0,0,0
ACC-10006038,0,0,0,0,0,0,0,0,0,0,0,0
ACC-10006039,0,0,0,0,0,0,0,0,0,0,0,0
ACC-10006040,0,0,0,0,0,0,0,0,0,0,0,0
ACC-10006041,0,0,0,0,0,0,0,0,0,0,0,0
ACC-10006042,0,0,0,0,0,0,0,0,0,0,0,0
ACC-10006043,0,0,0,0,0,0,0,0,0,0,0,0
ACC-10006044,0,0,0,0,0,0,0,0,0,0,0,0
ACC-10006045,0,0,0,0,0,0,0,0,0,0,0,0
ACC-10006046,0,0,0,0,0,0,0,0,0,0,0,0
ACC-10006047,0,0,0,0,0,0,0,0,0,0,0,0
ACC-10006048,0,0,0,0,0,0,0,0,0,0,0,0
ACC-10006049,0,0,0,0,0,0,0,0,0,0,0,0
ACC-10006050,0,0,0,0,0,0,0,0,0,0,0,0
ACC-10006051,0,0,0,0,0,0,0,0,0,0,0,0
ACC-10006052,0,0,0,0,0,0,0,0,0,0,0,0
ACC-10006053,0,0,0,0,0,0,0,0,0,0,0,0
ACC-10006054,0,0,0,0,0,0,0,0,0,0,0,0
ACC-10006055,0,0,0,0,0,0,0,0,0,0,0,0
ACC-10006056,0,0,0,0,0,0,0,0,0,0,0,0
ACC-10006057,0,0,0,0,0,0,0,0,0,0,0,0
ACC-10006058,0,0,0,0,0,0,0,0,0,0,0,0
ACC-10006059,0,0,0,0,0,0,0,0,0,0,0,0
ACC-10006060,0,0,0,1,1,0,0,1,0,0,0,1
ACC-10006061,0,0,0,0,0,0,0,0,0,0,0,0
ACC-10006062,0,0,0,0,0,0,0,0,0,0,0,0
ACC-10006063,0,0,0,0,0,0,0,0,0,0,0,0
ACC-10006064,0,0,0,0,0,0,0,0,0,0,0,0
ACC-10006065,0,0,0,0,0,0,0,0,0,0,0,0
ACC-10006066,0,0,0,0,0,0,0,0,0,0,0,0
ACC-10006067,0,0,0,0,0,0,0,0,0,0,0,0
ACC-10006068,0,0,0,0,0,0,0,0,0,0,0,0
ACC-10006069,0,0,0,0,0,0,0,0,0,0,0,0
ACC-10006070,0,0,0,0,0,0,0,0,0,0,0,0
ACC-10006071,0,0,0,0,0,0,0,0,0,0,0,0
ACC-10006072,0,0,0,0,0,0,0,0,0,0,0,0
ACC-10006073,0,0,0,0,0,0,0,0,0,0,0,0
ACC-10006074,0,0,0,0,0,0,0,0,0,0,0,0
ACC-10006075,0,0,0,0,0,0,0,0,0,0,0,0
ACC-10006076,0,0,0,0,0,0,0,0,0,0,0,0
ACC-10006077,0,0,0,0,0,0,0,0,0,0,0,0
ACC-10006078,0,0,0,0,0,0,0,0,0,0,0,0
ACC-10006079,0,0,0,0,0,0,0,0,0,0,0,0
ACC-10006080,0,0,0,0,0,0,0,0,0,0,0,0
ACC-10006081,0,0,0,0,0,0,0,0,0,0,0,0
ACC-10006082,0,0,0,0,0,0,0,0,0,0,0,0
ACC-10006083,0,0,0,0,0,0,0,0,0,0,0,0
ACC-10006084,0,0,0,0,0,0,1,0,0,0,0,0
ACC-10006085,0,0,0,0,0,0,0,0,0,0,0,0
ACC-10006086,0,0,0,0,0,0,0,0,0,0,0,0
ACC-10006087,0,0,0,0,0,0,0,0,0,0,0,0
ACC-10006088,0,0,0,0,0,0,0,0,0,0,0,0
ACC-10006089,0,0,0,0,0,0,0,0,0,0,0,0
ACC-10006090,0,0,0,0,0,0,0,0,0,0,0,0
ACC-10006091,0,0,0,0,0,0,0,0,0,0,0,0
ACC-10006092,0,0,0,0,0,0,0,0,0,0,0,0
ACC-10006093,0,0,0,0,0,0,0,0,0,0,0,0
ACC-10006094,0,0,0,0,0,0,0,0,0,0,0,0
ACC-10006095,0,1,0,1,0,0,0,1,0,1,0,1
ACC-10006096,0,0,0,0,0,0,0,0,0,0,0,0
ACC-10006097,0,0,0,0,0,0,0,0,0,0,0,0
ACC-10006098,0,0,0,0,0,0,0,0,0,0,0,0
ACC-10006099,0,0,0,0,0,0,0,0,0,0,0,0
ACC-10006100,0,0,0,0,0,0,0,0,0,0,0,0
ACC-10006101,0,0,0,0,0,0,0,0,0,0,0,0
ACC-10006102,0,0,0,0,0,0,0,0,0,0,0,0
ACC-10006103,0,0,0,0,0,0,0,0,0,0,0,0
ACC-10006104,0,0,0,0,0,0,0,0,0,0,0,0
ACC-10006105,0,0,0,0,0,0,0,0,0,0,0,0
ACC-10006106,0,0,0,0,0,0,0,0,0,0,0,0
ACC-10006107,0,0,0,0,0,0,0,0,0,0,0,0
ACC-10006108,0,0,0,0,0,0,0,0,0,0,0,0
ACC-10006109,0,0,0,0,0,0,0,0,0,0,0,0
ACC-10006110,0,0,0,0,0,0,0,0,0,0,0,0
ACC-10006111,0,0,0,0,0,0,0,0,0,0,0,0
ACC-10006112,0,0,0,0,0,0,0,0,0,0,0,0
ACC-10006113,1,1,0,0,1,0,0,0,0,0,0,0
ACC-10006114,0,0,0,0,0,0,0,0,0,0,0,0
ACC-10006115,0,0,0,0,0,0,0,0,0,0,0,0
ACC-10006116,0,0,0,0,0,0,0,0,0,0,0,0
ACC-10006117,0,0,0,0,0,0,0,0,0,0,0,0
ACC-10006118,0,0,0,0,0,0,0,0,0,0,0,0
ACC-10006119,0,0,0,0,0,0,0,0,0,0,0,0
ACC-10006120,0,0,0,0,0,0,0,0,0,0,0,0
ACC-10006121,0,0,0,0,0,0,0,0,0,0,0,0
ACC-10006122,0,0,0,0,0,0,0,0,0,0,0,0
ACC-10006123,0,0,0,0,0,0,0,0,0,0,0,0
ACC-10006124,0,0,0,0,0,0,0,0,0,0,0,0
ACC-10006125,0,0,0,0,0,0,0,0,0,0,0,0
ACC-10006126,0,0,0,0,0,0,0,0,0,0,0,0
ACC-10006127,0,0,0,0,0,0,0,0,0,0,0,0
ACC-10006128,0,0,0,0,0,0,0,0,0,0,0,0
ACC-10006129,0,0,0,0,0,0,0,0,0,0,0,0
ACC-10006130,0,0,0,0,0,0,0,0,0,0,0,0
ACC-10006131,1,0,1,1,1,0,0,0,0,0,0,0
ACC-10006132,0,0,0,1,0,1,0,1,0,0,0,0
ACC-10006133,0,0,0,0,0,0,0,0,0,0,0,0
ACC-10006134,0,0,0,0,0,0,0,0,0,0,0,0
ACC-10006135,0,0,0,0,0,0,0,0,0,0,0,0
ACC-10006136,0,0,0,0,0,0,0,0,0,0,0,0
ACC-10006137,0,0,0,0,0,0,0,0,0,0,0,0
ACC-10006138,0,0,0,0,0,0,0,0,0,0,0,0
ACC-10006139,0,0,0,0,0,0,0,0,0,0,0,0
ACC-10006140,0,0,0,0,0,0,0,0,0,0,0,0
ACC-10006141,0,0,0,0,0,0,0,0,0,0,0,0
ACC-10006142,0,0,0,0,0,0,0,0,0,0,0,0
ACC-100061XX,0,0,0,0,0,0,0,0,0,0,0,0
ACC-10006144,0,0,0,0,0,0,0,0,0,0,0,0
ACC-10006145,0,0,0,0,0,0,0,0,0,0,0,0
ACC-10006146,0,0,0,0,0,0,0,0,0,0,0,0
ACC-10006147,0,0,0,0,0,0,0,0,0,0,0,0
ACC-10006148,0,0,0,0,0,0,0,0,0,0,0,0
ACC-10006149,0,0,0,0,0,0,0,0,0,0,0,0
ACC-10006150,0,0,0,0,0,0,0,0,0,0,0,0
ACC-10006151,0,0,0,0,0,0,0,0,0,0,0,0
ACC-10006152,0,0,0,0,0,0,0,0,0,0,0,0
ACC-10006153,0,0,0,0,0,0,0,0,0,0,0,0
,0,0,0,0,0,0,0,0,0,0,0,0
ACC-10006155,0,0,0,0,0,0,0,0,0,0,0,0
ACC-10006156,0,0,0,0,0,0,0,0,0,0,0,0
ACC-10006157,0,0,0,0,0,0,0,0,0,0,0,0
ACC-10006158,0,0,0,0,0,0,0,0,0,0,0,0
ACC-10006159,0,0,0,0,0,0,0,0,0,0,0,0
ACC-10006160,0,0,0,0,0,0,0,0,0,0,0,0
ACC-10006161,0,0,0,0,0,0,0,0,0,0,0,0
ACC-10006162,0,0,0,0,0,0,0,0,0,0,0,0
ACC-10006163,0,0,0,0,0,0,0,0,0,0,0,0
ACC-10006164,0,0,0,0,0,0,0,0,0,0,0,0
ACC-10006165,0,0,0,0,0,0,0,0,0,0,0,0
ACC-10006166,0,0,0,0,0,0,0,0,0,0,0,0
ACC-10006167,0,0,0,0,0,0,0,0,0,0,0,0
ACC-10006168,1,0,0,1,0,1,1,0,0,0,0,0
ACC-10006169,0,0,0,0,0,0,0,0,0,0,0,0
ACC-10006170,0,0,0,0,0,0,0,0,0,0,0,0
ACC-10006171,0,0,0,0,0,0,0,0,0,0,0,0
ACC-10006172,0,0,0,0,0,0,0,0,0,0,0,0
ACC-10006173,0,0,0,0,0,0,0,0,0,0,0,0
ACC-10006174,0,0,0,0,0,0,0,0,0,0,0,0
ACC-10006175,0,0,0,0,0,0,0,0,0,0,0,0
ACC-10006176,0,0,0,0,0,0,0,0,0,0,0,0
ACC-10006177,0,0,0,0,0,0,0,0,0,0,0,0
ACC-10006178,0,0,0,0,0,0,0,0,0,0,0,0
ACC-10006179,0,1,1,1,0,1,1,0,0,0,0,1
ACC-10006180,0,0,0,0,0,0,0,0,0,0,0,0
ACC-10006181,0,0,0,0,0,0,0,0,0,0,0,0
ACC-10006182,0,0,0,0,0,0,0,0,0,0,0,0
ACC-10006183,0,0,0,0,0,0,0,0,0,0,0,0
ACC-10006184,0,0,0,0,0,0,0,0,0,0,0,0
ACC-10006185,0,0,0,0,0,0,0,0,0,0,0,0
ACC-10006186,0,0,0,0,0,0,0,0,0,0,0,0
ACC-10006187,0,0,0,0,0,0,0,0,0,0,0,0
ACC-10006188,0,0,0,0,0,0,0,0,0,0,0,0
ACC-10006189,0,0,0,0,0,0,0,0,0,0,0,0
ACC-10006190,0,0,0,0,0,0,0,0,0,0,0,0
ACC-10006191,0,0,0,0,0,0,0,0,0,0,0,0
ACC-10006192,0,0,0,0,0,0,0,0,0,0,0,0
ACC-10006193,0,0,0,0,0,0,0,0,0,0,0,0
ACC-10006194,0,0,0,0,0,0,0,0,0,0,0,0
ACC-10006195,0,0,0,0,0,0,1,1,1,0,1,0
ACC-10006196,0,0,0,0,0,0,0,0,0,0,0,0
ACC-10006197,0,0,0,0,0,0,0,0,0,0,0,0
ACC-10006198,0,0,0,0,0,0,0,0,0,0,0,0
ACC-10006199,0,0,0,0,0,0,0,0,0,0,0,0
ACC-10006200,0,0,0,0,0,0,0,0,0,0,0,0
ACC-10006201,0,0,0,0,0,0,0,0,0,0,0,0
ACC-10006202,0,0,0,0,0,0,0,0,0,0,0,0
ACC-10006203,0,0,0,0,0,0,0,0,0,0,0,0
ACC-10006204,0,0,0,0,0,0,0,0,0,0,0,0
ACC-10006205,0,0,0,0,0,0,0,0,0,0,0,0
ACC-10006206,0,0,0,0,0,0,0,0,0,0,0,0
ACC-10006207,0,0,0,0,0,0,0,0,0,0,0,0
ACC-10006208,0,0,0,0,0,0,0,0,0,0,0,0
ACC-10006209,0,0,0,0,0,0,0,0,0,0,0,0
ACC-10006210,0,0,0,0,0,0,0,0,0,0,0,0
ACC-10006211,0,0,0,0,0,0,0,0,0,0,0,0
ACC-10006212,0,0,0,0,0,0,0,0,0,0,0,0
ACC-10006213,0,0,0,0,0,0,0,0,0,0,0,0
ACC-10006214,0,0,0,0,0,0,0,0,0,0,0,0
ACC-10006215,0,0,0,0,0,0,0,0,0,0,0,0
ACC-10006216,0,0,0,0,0,0,0,0,0,0,0,0
ACC-10006217,0,1,1,0,0,0,1,1,0,0,0,1
ACC-10006218,0,0,0,0,0,0,0,0,0,0,0,0
ACC-10006219,0,0,0,0,0,0,0,0,0,0,0,0
ACC-10006220,0,0,0,0,0,0,0,0,0,0,0,0
ACC-10006221,0,0,0,0,0,0,0,0,0,0,0,0
ACC-10006222,0,0,0,0,0,0,0,0,0,0,0,0
ACC-10006223,0,0,0,0,0,0,0,0,0,0,0,0
ACC-10006224,0,0,0,0,0,0,0,0,0,0,0,0
ACC-10006225,0,0,0,0,0,0,0,0,0,0,0,0
ACC-10006226,0,0,0,0,0,0,0,0,0,0,0,0
ACC-10006227,0,0,0,1,1,0,0,0,0,0,0,0
ACC-10006228,0,0,0,0,0,0,0,0,0,0,0,0
ACC-10006229,0,0,0,0,0,0,0,0,0,0,0,0
ACC-10006230,0,0,0,0,0,0,0,0,0,0,0,0
ACC-10006231,0,0,0,0,0,0,0,0,0,0,0,0
ACC-10006232,0,0,0,0,0,0,0,0,0,0,0,0
ACC-10006233,0,0,0,0,0,0,0,0,0,0,0,0
ACC-10006234,0,0,0,0,0,0,0,0,0,0,0,0
ACC-10006235,0,0,0,0,0,0,0,0,0,0,0,0
ACC-10006236,0,0,0,0,0,0,0,0,0,0,0,0
ACC-10006237,0,0,0,0,0,0,0,0,0,0,0,0
ACC-10006238,0,0,0,0,0,0,0,0,0,0,0,0
ACC-10006239,0,0,0,0,0,0,0,0,0,0,0,0
ACC-10006240,0,0,0,0,0,0,0,0,0,0,0,0
ACC-10006241,0,0,0,0,0,0,0,0,0,0,0,0
ACC-10006242,0,0,0,0,0,0,0,0,0,0,0,0
ACC-10006243,0,0,0,0,0,0,0,0,0,0,0,0
ACC-10006244,0,0,0,0,0,0,0,0,0,0,0,0
ACC-10006245,0,0,0,0,0,0,0,0,0,0,0,0
ACC-10006246,0,0,0,0,0,0,0,0,0,0,0,0
ACC-10006247,0,0,0,0,0,0,0,0,0,0,0,0
ACC-10006248,0,0,0,0,0,0,0,0,0,0,0,0
ACC-10006249,0,0,0,0,0,0,0,0,0,0,0,0
ACC-10006250,0,0,0,0,0,0,0,0,0,0,0,0
ACC-10006251,0,0,0,0,0,0,0,0,0,0,0,0
ACC-10006252,0,0,0,0,0,0,0,0,0,0,0,0
ACC-10006253,0,0,0,0,0,0,0,0,0,0,0,0
ACC-10006254,0,0,0,0,0,0,0,0,0,0,0,0
ACC-10006255,0,0,0,0,0,0,0,0,0,0,0,0
ACC-10006256,0,0,0,0,0,0,0,0,0,0,0,0
ACC-10006257,0,0,0,0,0,0,0,0,0,0,0,0
ACC-10006258,0,0,0,0,0,0,0,0,0,0,0,0
ACC-10006259,0,0,0,0,0,0,0,0,0,0,0,0
ACC-10006260,0,0,0,0,0,0,0,0,0,0,0,0
ACC-10006261,0,0,0,0,0,0,0,0,0,0,1,0
ACC-10006262,0,0,0,0,0,0,0,0,0,0,0,0
ACC-10006263,0,0,0,0,0,0,0,0,0,0,0,0
ACC-10006264,0,0,0,0,0,0,0,0,0,0,0,0
ACC-10006265,0,0,0,0,0,0,0,0,0,0,0,0
ACC-10006266,0,0,0,0,0,0,0,0,0,0,0,0
ACC-10006267,0,0,0,0,0,0,0,0,0,0,0,0
ACC-10006268,0,0,0,0,0,0,0,0,0,0,0,0
ACC-10006269,0,0,1,1,0,0,0,1,0,0,1,0
ACC-10006270,0,0,0,0,0,0,0,1,0,0,0,0
ACC-10006271,0,0,0,0,0,0,0,0,0,0,0,0
ACC-10006272,0,0,0,0,0,0,0,0,0,0,0,0
ACC-10006273,0,0,0,0,0,0,0,0,0,0,0,0
ACC-10006274,0,0,0,0,0,0,0,0,0,0,0,0
ACC-10006275,0,0,0,0,0,0,0,0,0,0,0,0
ACC-10006276,0,0,0,0,0,0,0,0,0,0,0,0
ACC-10006277,0,0,0,0,0,0,0,0,0,0,0,0
ACC-10006278,0,0,0,0,0,0,0,0,0,0,0,0
ACC-10006279,0,0,0,0,0,0,0,0,0,0,0,0
ACC-10006280,0,0,0,0,0,0,0,0,0,0,0,0
ACC-10006281,0,0,0,0,0,0,1,1,0,0,0,0
ACC-10006282,0,0,0,0,0,0,0,0,0,0,0,0
ACC-10006283,0,0,0,0,0,0,0,0,0,0,0,0
ACC-10006284,0,0,0,0,0,0,0,0,0,0,0,0
ACC-10006285,0,0,0,0,0,0,0,0,0,0,0,0
ACC-10006286,0,0,0,0,0,0,0,0,0,0,0,0
ACC-10006287,0,0,0,0,0,0,0,0,0,0,0,0
ACC-10006288,0,0,0,0,0,0,0,0,0,0,0,0
ACC-10006289,0,0,0,0,0,0,0,0,0,0,0,0
ACC-10006290,0,0,0,0,0,0,0,0,0,0,0,0
ACC-10006291,0,0,0,0,0,0,0,0,0,0,0,0
ACC-10006292,0,0,0,0,0,0,0,0,0,0,0,0
ACC-10006293,0,0,0,0,0,0,0,0,0,0,0,0
ACC-10006294,0,0,0,0,0,0,0,0,0,0,0,0
ACC-10006295,0,0,0,0,0,0,0,0,0,0,0,0
ACC-10006296,0,0,0,0,0,0,0,0,0,0,0,0
ACC-10006297,0,0,0,0,0,0,0,0,0,0,0,0
ACC-10006298,0,0,0,0,0,0,0,0,0,0,0,0
ACC-10006299,0,0,0,0,0,0,0,0,0,0,0,0
ACC-10006300,0,0,0,0,0,0,0,0,0,0,0,0
ACC-10006301,0,0,0,0,0,0,0,0,0,0,0,0
ACC-10006302,0,0,0,0,0,0,0,0,0,0,0,0
ACC-10006303,0,0,0,0,0,0,0,0,0,0,0,0
ACC-10006304,0,0,0,0,0,0,0,0,0,0,0,0
ACC-10006305,0,0,0,0,0,0,0,0,0,0,0,0
ACC-10006306,0,0,0,0,0,0,0,0,0,0,0,0
ACC-10006307,0,0,0,0,0,0,0,0,0,0,0,0
ACC-10006308,0,0,0,0,0,0,0,0,0,0,0,1
ACC-10006309,0,0,0,0,0,0,0,0,0,0,0,0
ACC-10006310,0,0,0,0,0,0,0,0,0,0,0,0
ACC-10006311,0,0,0,0,0,0,0,0,0,0,0,0
ACC-10006312,0,0,0,0,0,0,0,0,0,0,0,0
ACC-10006313,0,0,0,0,0,0,0,0,0,0,0,0
ACC-10006314,0,0,0,0,0,0,0,0,0,0,0,0
ACC-10006315,0,0,0,0,0,0,0,0,0,0,0,0
ACC-10006316,0,0,0,0,0,0,0,0,0,0,0,0
ACC-10006317,0,0,0,0,0,0,0,0,0,0,0,0
ACC-10006318,1,0,1,0,1,1,0,1,0,1,0,1
ACC-10006319,0,0,0,0,0,0,0,0,0,0,0,0
ACC-10006320,0,0,0,0,0,0,0,0,0,0,0,0
ACC-10006321,0,0,0,0,0,0,0,0,0,0,0,0
ACC-10006322,0,0,0,0,0,0,0,0,0,0,0,0
ACC-10006323,0,0,0,0,0,0,0,0,0,0,0,0
ACC-10006324,0,0,0,0,0,0,0,0,0,0,0,0
ACC-10006325,0,0,0,0,0,0,0,0,0,0,0,0
ACC-10006326,0,0,0,0,0,0,0,0,0,0,0,0
ACC-10006327,0,0,0,0,0,0,0,0,0,0,0,0
ACC-10006328,0,0,0,0,0,0,0,0,0,0,0,0
ACC-10006329,0,0,0,0,0,0,0,0,0,0,0,0
ACC-10006330,1,0,0,0,1,0,1,0,0,0,1,1
ACC-10006331,0,0,0,0,0,0,0,0,0,0,0,0
ACC-10006332,0,0,0,0,0,0,0,0,0,0,0,0
ACC-10006333,0,0,0,0,0,0,0,0,0,0,0,0
ACC-10006334,0,0,0,0,0,0,0,0,0,0,0,0
ACC-10006335,0,1,0,0,1,0,0,1,0,0,1,0
ACC-10006336,0,0,0,0,0,0,0,0,0,0,0,0
ACC-10006337,0,0,0,0,0,0,0,0,0,0,0,0
ACC-10006338,0,0,0,0,0,0,0,0,0,0,0,0
ACC-10006339,0,0,0,0,0,0,0,0,0,0,0,0
ACC-10006340,0,0,0,0,0,0,0,0,0,0,0,0
ACC-10006341,0,0,0,0,0,0,0,0,0,0,0,0
ACC-10006342,0,0,0,0,0,0,0,0,0,0,0,0
ACC-10006343,0,0,0,0,0,0,0,0,0,0,0,0
ACC-10006344,0,0,0,0,0,0,0,0,0,0,0,0
ACC-10006345,0,0,0,0,0,0,0,0,0,0,0,0
ACC-10006346,0,0,0,0,0,0,0,0,0,0,0,0
ACC-10006347,0,0,0,0,0,0,0,0,0,0,0,0
ACC-10006348,0,0,0,0,0,0,0,0,0,0,0,0
ACC-10006349,0,0,0,0,0,0,0,0,0,0,0,0
ACC-10006350,0,0,0,0,0,0,0,0,0,0,0,0
ACC-10006351,0,0,0,0,0,0,0,0,0,0,0,0
ACC-10006352,0,0,0,0,0,0,0,0,0,0,0,0
ACC-10006353,0,0,0,0,0,0,0,0,0,0,0,0
ACC-10006354,0,0,0,0,0,0,0,0,0,0,0,0
ACC-10006355,0,0,0,0,0,0,0,0,0,0,0,0
ACC-10006356,0,0,0,0,0,0,0,0,0,0,0,0
ACC-10006357,0,0,0,0,0,0,0,0,0,0,0,0
ACC-10006358,0,0,0,0,0,0,0,0,0,0,0,0
ACC-10006359,0,0,0,0,0,0,0,0,0,0,0,0
ACC-10006360,0,0,0,0,0,0,0,0,0,0,0,0
ACC-10006361,0,0,0,0,0,0,0,0,0,0,0,0
ACC-10006362,0,0,0,0,0,0,1,0,0,1,0,0
ACC-10006363,0,0,0,0,0,0,0,0,0,0,0,0
ACC-10006364,0,0,0,0,0,0,0,0,0,0,0,0
ACC-10006365,0,0,0,0,0,0,0,0,0,0,0,0
ACC-10006366,0,0,0,0,0,0,0,0,0,0,0,0
ACC-10006367,0,0,0,0,0,0,0,0,0,0,0,0
ACC-10006368,0,0,0,0,0,0,0,0,0,0,0,0
ACC-10006369,0,0,0,0,0,0,0,0,0,0,0,0
ACC-10006370,0,0,0,0,0,0,0,0,0,0,0,0
ACC-10006371,0,0,0,0,0,0,0,0,0,0,0,0
ACC-10006372,0,0,0,0,0,0,0,0,0,0,0,0
ACC-10006373,0,0,1,1,1,0,1,0,1,0,0,0
ACC-10006374,0,0,0,0,0,0,0,0,0,0,0,0
ACC-10006375,0,0,0,0,0,0,0,0,0,0,0,0
ACC-10006376,0,0,0,0,0,0,0,0,0,0,0,0
ACC-10006377,0,0,0,0,0,0,0,0,0,0,0,0
ACC-10006378,0,0,0,0,0,0,0,0,0,0,0,0
ACC-10006379,0,0,0,0,0,0,0,0,0,0,0,0
ACC-10006380,0,0,0,0,0,0,0,0,0,0,0,0
ACC-10006381,0,0,0,0,0,0,0,0,0,0,0,0
ACC-10006382,0,0,0,0,0,0,0,0,0,0,0,0
ACC-10006383,0,0,0,0,0,0,0,0,0,0,0,0
ACC-10006384,0,0,0,0,0,0,0,0,0,0,0,0
ACC-10006385,0,0,0,0,0,0,0,0,0,0,0,0
ACC-10006386,0,0,0,0,0,0,0,0,0,0,0,0
ACC-10006387,0,0,0,0,0,0,0,0,0,0,0,0
ACC-10006388,0,0,0,0,0,0,0,0,0,0,0,0
ACC-10006389,0,0,0,0,0,0,0,0,0,0,0,0
ACC-10006390,0,0,1,1,0,0,1,0,0,1,0,0
ACC-10006391,0,0,0,0,0,0,0,0,0,0,0,0
ACC-10006392,0,0,0,0,0,0,0,0,0,0,0,0
ACC-10006393,0,0,0,0,0,0,0,0,0,0,0,0
ACC-10006394,0,0,0,0,0,0,0,0,0,0,0,0
ACC-10006395,0,0,0,0,0,0,0,0,0,0,0,0
ACC-10006396,0,0,1,1,0,1,0,0,0,0,1,0
ACC-10006397,0,0,0,0,0,0,0,0,0,0,0,0
ACC-10006398,0,0,0,0,0,0,0,0,0,0,0,0
ACC-10006399,0,0,0,0,0,0,0,0,0,0,0,0
ACC-10006400,0,0,0,0,0,0,1,1,1,0,1,1
ACC-10006401,0,0,0,0,0,0,0,0,0,0,0,0
ACC-10006402,0,0,0,0,0,0,0,0,0,0,0,0
ACC-10006403,0,0,0,0,0,0,0,0,0,0,0,0
ACC-10006404,0,0,0,0,0,0,0,0,0,0,0,0
ACC-10006405,0,0,0,0,0,0,0,0,0,0,0,0
ACC-10006406,0,0,0,0,0,0,0,0,0,0,0,0
ACC-10006407,0,0,0,0,0,0,0,0,0,0,0,0
ACC-10006408,0,0,0,0,0,0,0,0,0,0,0,0
ACC-10006409,0,0,0,0,0,0,0,0,0,0,0,0
ACC-10006410,0,0,0,0,0,0,0,0,0,0,0,0
ACC-10006411,0,0,0,0,0,0,0,1,0,0,0,0
ACC-10006412,0,0,0,0,0,0,0,0,0,0,0,0
ACC-10006413,0,0,0,0,0,0,0,0,0,0,0,0
ACC-10006414,0,0,0,0,0,0,0,0,0,0,0,0
ACC-10006415,0,0,0,0,0,0,0,0,0,0,0,0
ACC-10006416,0,0,0,0,0,0,0,0,0,0,0,0
ACC-10006417,0,0,0,0,0,0,0,0,0,0,0,0
ACC-10006418,0,0,0,0,0,0,0,0,0,0,0,0
ACC-10006419,0,0,0,0,0,0,0,0,0,0,0,0
ACC-10006420,0,0,0,0,0,0,0,0,0,0,0,0
ACC-10006421,0,0,0,0,0,0,0,0,0,0,0,0
ACC-10006422,0,0,0,0,0,0,0,0,0,0,0,0
ACC-10006423,0,0,0,0,0,0,0,0,0,0,0,0
ACC-10006424,0,0,0,0,0,0,0,0,0,0,0,0
ACC-10006425,0,0,0,0,0,0,0,0,0,0,0,0
ACC-10006426,0,0,0,0,0,0,0,0,0,0,0,0
ACC-10006427,0,0,0,0,0,0,0,0,0,0,0,0
ACC-10006428,0,0,0,0,0,0,0,0,0,0,0,0
ACC-10006429,0,0,0,0,0,0,0,0,0,0,0,0
ACC-10006430,0,0,0,0,0,0,0,0,0,0,0,0
ACC-10006431,0,0,0,0,0,0,0,0,0,0,0,0
ACC-10006432,0,0,0,0,0,0,0,0,0,0,0,0
ACC-10006433,0,0,0,0,0,0,0,0,0,0,0,0
ACC-10006434,0,0,0,0,0,0,0,0,0,0,0,0
ACC-10006435,0,0,0,0,0,0,0,0,0,0,0,0
ACC-10006436,0,0,0,0,0,0,0,0,0,0,0,0
ACC-10006437,0,0,0,0,0,0,0,0,0,0,0,0
ACC-10006438,0,0,0,0,0,0,0,0,0,0,0,0
ACC-10006439,0,0,0,0,0,1,0,0,0,1,0,1
ACC-10006440,0,0,0,0,0,0,0,0,0,0,0,0
ACC-10006441,0,0,0,0,0,0,0,0,0,0,0,0
ACC-10006442,0,0,0,0,0,0,0,0,0,0,0,0
ACC-10006443,0,0,0,0,0,0,0,0,0,0,0,0
ACC-10006444,0,0,0,0,0,0,0,0,0,0,0,0
ACC-10006445,0,0,0,0,0,0,0,0,0,0,0,0
ACC-10006446,0,0,0,0,0,0,0,0,0,0,0,0
ACC-10006447,0,0,0,0,0,0,0,0,0,0,0,0
ACC-10006448,0,0,0,0,0,0,0,0,0,0,0,0
ACC-10006449,0,0,0,0,0,0,0,0,0,0,0,0
ACC-10006450,0,0,0,0,0,0,0,0,0,0,0,0
ACC-10006451,0,0,0,0,0,0,0,0,0,0,0,0
ACC-10006452,0,0,0,0,0,0,0,0,0,0,0,0
ACC-10006453,0,0,0,0,0,0,0,0,0,0,0,0
ACC-10006454,0,0,0,0,0,0,0,0,0,0,0,0
ACC-10006455,0,1,0,1,0,0,1,1,0,0,0,1
ACC-10006456,0,0,0,0,0,0,0,0,0,0,0,0
ACC-10006457,0,0,0,0,0,0,0,0,0,0,0,0
ACC-100064XX,0,0,0,0,0,0,0,0,0,0,0,0
ACC-10006459,0,0,0,0,0,0,0,0,0,0,0,0
ACC-10006460,0,0,0,0,0,0,0,0,0,0,0,0
ACC-10006461,0,0,0,0,0,0,0,0,0,0,0,0
ACC-10006462,0,0,0,0,0,0,0,0,0,0,0,0
ACC-100064XX,0,0,0,0,0,0,0,0,0,0,0,0
,0,0,0,0,0,0,1,0,0,0,0,1
,0,0,0,0,0,0,0,0,0,0,0,0
ACC-10006466,0,0,0,0,0,0,0,0,0,0,0,0
ACC-10006467,0,0,0,0,0,0,0,0,0,0,0,0
ACC-10006468,0,0,0,0,0,0,0,0,0,0,0,0
ACC-10006469,0,0,0,0,0,0,0,0,0,0,0,0
ACC-10006470,0,0,0,0,0,0,0,0,0,0,0,0
ACC-10006471,0,0,0,0,0,0,0,0,0,0,0,0
ACC-10006472,0,0,0,0,0,0,0,0,0,0,0,0
ACC-10006473,0,0,0,0,0,0,0,0,0,0,0,0
ACC-10006474,0,0,0,0,0,0,0,0,0,0,0,0
ACC-10006475,0,0,0,0,0,0,0,0,0,0,0,0
ACC-10006476,0,0,0,0,0,0,0,0,0,0,0,0
ACC-10006477,0,0,0,0,0,0,0,0,0,0,0,0
ACC-10006478,0,0,0,0,0,0,0,0,0,0,0,0
ACC-10006479,0,0,0,0,0,0,0,1,0,0,1,0
ACC-10006480,0,0,0,0,0,0,0,0,0,0,0,0
ACC-10006481,0,0,0,0,0,0,0,0,0,0,0,0
ACC-10006482,0,0,0,0,0,0,0,0,0,0,0,0
ACC-10006483,0,0,0,0,0,0,0,0,0,0,0,0
ACC-10006484,0,0,0,0,0,0,0,0,0,0,0,0
ACC-10006485,0,0,0,0,0,0,0,0,0,0,0,0
ACC-10006486,0,0,0,0,0,0,0,0,0,0,0,0
ACC-10006487,0,0,0,0,0,0,0,0,0,0,0,0
ACC-10006488,0,0,0,0,0,0,0,0,0,0,0,0
ACC-10006489,0,0,0,0,1,0,1,1,0,1,0,0
ACC-10006490,0,0,1,0,1,0,1,0,1,1,1,0
ACC-10006491,0,0,0,0,0,0,0,0,0,0,0,0
ACC-10006492,0,0,0,0,0,0,0,0,0,0,0,0
ACC-10006493,0,0,0,0,0,0,0,0,0,0,0,0
ACC-10006494,0,1,0,1,0,0,1,0,0,0,0,0
ACC-10006495,0,0,0,0,0,0,0,0,0,0,0,0
ACC-10006496,0,0,0,0,0,0,0,0,0,0,0,0
ACC-10006497,0,0,0,0,0,0,0,0,0,0,0,0
ACC-10006498,0,0,0,0,0,0,0,0,0,0,0,0
ACC-10006499,0,0,0,0,0,0,0,0,0,0,0,0
ACC-10006500,0,0,0,0,0,0,0,0,0,0,0,0
ACC-10006501,0,0,0,0,0,0,0,0,0,0,0,0
ACC-10006502,0,0,0,0,0,0,0,0,0,0,0,0
ACC-10006503,0,0,0,0,0,0,0,0,0,0,0,0
ACC-10006504,0,0,0,0,0,0,0,0,0,0,0,0
ACC-10006505,0,0,0,0,0,0,0,0,0,0,0,0
ACC-10006506,0,0,0,0,0,0,0,0,0,0,0,0
ACC-10006507,0,0,0,0,0,0,0,0,0,0,0,0
ACC-10006508,1,0,0,1,1,0,0,0,1,1,0,1
ACC-10006509,0,0,0,0,0,0,0,0,0,0,0,0
ACC-10006510,0,0,0,0,0,0,0,0,0,0,0,0
ACC-10006511,0,0,0,0,0,0,0,0,0,0,0,0
ACC-10006512,0,0,0,0,0,0,0,0,0,0,0,0
ACC-10006513,0,0,0,0,0,0,0,0,0,0,0,0
ACC-10006514,0,0,0,0,0,0,0,0,0,0,0,0
ACC-10006515,0,0,0,0,0,0,0,0,0,0,0,0
ACC-10006516,0,0,0,0,0,0,0,0,0,0,0,0
ACC-10006517,0,0,0,0,0,0,0,0,0,0,0,0
ACC-10006518,0,0,0,1,0,0,0,1,1,0,0,1
ACC-10006519,0,0,0,0,0,0,0,0,0,0,0,0
ACC-10006520,0,0,0,0,0,0,0,0,0,0,0,0
ACC-10006521,0,0,0,0,0,0,0,0,0,0,0,0
ACC-10006522,0,0,0,0,0,0,0,0,0,0,0,0
ACC-10006523,0,0,0,0,0,0,0,0,0,0,0,0
ACC-10006524,0,0,0,0,0,0,0,0,0,0,0,0
ACC-10006525,0,0,0,0,0,0,0,0,0,0,0,0
ACC-10006526,0,0,0,0,0,0,0,0,0,0,0,0
ACC-10006527,0,0,0,0,0,0,0,0,0,0,0,0
ACC-10006528,0,0,0,0,0,0,0,0,0,0,0,0
ACC-10006529,0,0,0,0,0,0,0,0,0,0,0,0
ACC-10006530,0,0,0,0,0,0,0,0,0,0,0,0
ACC-10006531,0,0,1,1,0,1,1,0,0,0,1,1
ACC-10006532,0,0,0,0,0,0,0,0,0,0,0,0
ACC-10006533,0,0,0,0,0,0,0,0,0,0,0,0
ACC-10006534,0,0,0,0,0,0,0,0,0,0,0,0
ACC-10006535,0,0,0,0,0,0,0,0,0,0,0,0
ACC-10006536,0,0,0,0,0,0,0,0,0,0,0,0
ACC-10006537,0,0,0,0,0,0,0,0,0,0,0,0
ACC-10006538,0,0,0,0,0,0,0,0,0,0,0,0
ACC-10006539,0,0,0,0,0,0,0,0,0,0,0,0
ACC-10006540,0,0,1,1,1,1,0,1,1,0,0,0
ACC-10006541,0,0,0,0,0,0,0,0,0,0,0,0
ACC-10006542,0,0,0,0,0,0,0,0,0,0,0,0
ACC-10006543,0,0,0,0,0,0,0,0,0,0,0,0
ACC-10006544,0,0,0,0,0,0,0,0,0,0,0,0
ACC-10006545,0,0,0,0,0,0,0,0,0,0,0,0
ACC-10006546,0,0,0,0,0,0,0,0,0,0,0,0
ACC-10006547,0,0,0,1,1,1,0,0,0,0,0,1
ACC-10006548,1,0,0,0,0,1,0,0,0,1,0,0
ACC-10006549,0,0,0,0,0,0,0,0,0,0,0,0
ACC-10006550,0,0,0,0,0,0,0,0,0,0,0,0
ACC-10006551,0,0,0,0,0,0,0,0,0,0,0,0
ACC-10006552,0,0,0,0,0,0,0,0,0,0,0,0
ACC-10006553,0,0,0,0,0,0,0,0,0,0,0,0
ACC-10006554,0,0,0,0,0,0,0,0,0,0,0,0
ACC-10006555,0,0,0,0,0,0,0,0,0,0,0,0
ACC-10006556,0,0,0,0,0,0,0,0,0,0,0,0
ACC-10006557,0,0,0,0,0,0,0,0,0,0,0,0
ACC-10006558,0,0,0,0,0,0,0,0,0,0,0,0
ACC-10006559,0,0,0,0,0,0,0,0,0,0,0,0
ACC-10006560,0,0,0,0,0,0,0,0,0,0,0,0
ACC-10006561,0,0,0,0,0,0,0,0,0,0,0,0
ACC-10006562,0,0,0,0,0,0,0,0,0,0,0,0
ACC-10006563,0,0,0,0,0,0,0,0,0,0,0,0
ACC-10006564,0,0,0,0,0,0,0,0,0,0,0,0
ACC-10006565,0,0,0,0,0,0,0,0,0,0,0,0
ACC-10006566,0,0,0,0,0,0,0,0,0,0,0,0
ACC-10006567,0,0,0,0,0,0,0,0,0,0,0,0
ACC-10006568,0,0,0,0,0,0,0,0,0,0,0,0
ACC-10006569,0,0,0,0,0,0,0,0,0,0,0,0
ACC-10006570,0,0,0,0,0,0,0,0,0,0,0,0
ACC-10006571,0,0,0,0,0,0,0,0,0,0,0,0
ACC-10006572,0,0,0,0,0,0,0,0,0,0,0,0
ACC-10006573,0,0,0,0,0,0,0,0,0,0,0,0
ACC-10006574,0,0,0,0,0,0,0,0,0,0,0,0
ACC-10006575,0,0,0,0,0,0,0,0,0,0,0,0
ACC-10006576,0,0,0,0,0,0,0,0,0,0,0,0
ACC-10006577,0,0,0,0,0,0,0,0,0,0,0,0
ACC-10006578,0,0,0,0,0,0,0,0,0,0,0,0
ACC-10006579,0,0,0,0,0,0,0,0,0,0,0,0
ACC-10006580,0,0,0,0,0,0,1,1,1,1,0,0
ACC-10006581,0,0,0,0,0,0,0,0,0,0,0,0
ACC-10006582,0,0,0,0,0,0,0,0,0,0,0,0
ACC-10006583,0,0,0,0,0,0,0,0,0,0,0,0
ACC-10006584,0,0,0,0,0,0,0,0,0,0,0,0
ACC-10006585,0,0,0,0,0,0,0,0,0,0,0,0
ACC-10006586,0,0,0,0,0,0,0,0,0,0,0,0
ACC-10006587,0,0,0,0,0,0,0,0,0,0,0,0
ACC-10006588,0,0,1,0,0,1,1,0,1,1,0,1
ACC-10006589,0,0,0,0,0,0,0,0,0,0,0,0
ACC-10006590,0,0,0,0,0,0,0,0,0,0,0,0
ACC-10006591,0,0,0,0,0,0,0,0,0,0,0,0
ACC-10006592,0,0,0,0,0,0,0,0,0,0,0,0
ACC-10006593,0,0,0,0,0,0,0,0,0,0,0,0
ACC-10006594,0,0,0,0,0,0,0,0,0,0,0,0
ACC-10006595,0,0,0,0,0,0,0,0,0,0,1,0
ACC-10006596,0,1,0,0,1,1,0,0,0,0,0,0
ACC-10006597,0,0,0,0,0,0,0,0,0,0,0,0
ACC-10006598,0,0,0,0,0,0,0,0,0,0,0,0
ACC-10006599,1,0,0,0,0,1,1,1,0,0,0,0
ACC-10006600,0,1,0,0,0,0,1,0,0,0,1,1
ACC-10006601,0,0,0,0,0,0,0,0,0,0,0,0
ACC-10006602,0,0,0,0,0,0,0,0,0,0,0,0
ACC-10006603,0,0,0,0,0,0,0,0,0,0,0,0
ACC-10006604,0,0,0,0,0,0,0,0,0,0,0,0
ACC-10006605,0,0,0,0,0,0,0,0,0,0,0,0
ACC-10006606,0,0,0,0,0,0,0,0,0,0,0,0
ACC-10006607,1,0,1,0,0,0,0,0,0,0,0,0
ACC-10006608,0,0,0,0,0,0,0,0,0,0,0,0
ACC-10006609,0,0,0,0,0,0,0,0,0,0,0,0
ACC-10006610,0,0,0,0,0,0,0,0,0,0,0,0
ACC-10006611,0,0,0,0,0,0,0,0,0,0,0,0
ACC-10006612,0,0,0,0,0,0,0,0,0,0,0,0
ACC-10006613,0,0,0,0,0,0,0,0,0,0,0,0
ACC-10006614,0,0,0,0,0,0,0,0,0,0,0,0
ACC-10006615,0,0,0,0,0,0,0,0,0,0,0,0
ACC-10006616,0,0,0,0,0,0,0,0,0,0,0,0
ACC-10006617,0,0,0,0,0,0,0,0,0,0,0,0
ACC-10006618,0,0,0,0,0,0,0,0,0,0,0,0
ACC-10006619,0,0,0,0,0,0,0,0,0,0,0,0
ACC-10006620,0,0,0,0,0,0,0,0,0,0,0,0
ACC-10006621,0,0,0,0,0,0,0,0,0,0,0,0
ACC-10006622,0,0,0,0,0,0,0,0,0,0,0,0
ACC-10006623,0,0,0,0,0,0,0,0,0,0,0,0
ACC-10006624,0,0,0,0,0,0,0,0,0,0,0,0
ACC-10006625,0,0,0,0,0,0,0,0,0,0,0,0
ACC-10006626,0,0,0,0,0,0,0,0,0,0,0,0
ACC-10006627,0,0,0,0,0,0,0,0,0,0,0,0
ACC-10006628,0,0,0,0,0,0,0,0,0,0,0,0
ACC-10006629,0,0,0,0,0,0,0,0,0,0,0,0
ACC-10006630,0,0,0,0,0,0,0,0,0,0,0,0
ACC-10006631,0,0,0,0,0,0,0,0,0,0,0,0
ACC-10006632,0,0,0,0,0,0,0,0,0,0,0,0
ACC-10006633,0,0,0,0,0,0,0,0,0,0,0,0
ACC-10006634,0,0,0,0,0,0,0,0,0,0,0,0
ACC-10006635,0,0,0,0,0,0,0,0,0,0,0,0
ACC-10006636,0,0,0,0,0,0,0,0,0,0,0,0
ACC-10006637,0,0,0,0,0,0,0,0,0,0,0,0
ACC-10006638,0,0,0,0,0,0,0,0,0,0,0,0
ACC-10006639,0,0,0,0,0,0,0,0,0,0,0,0
ACC-10006640,0,0,0,0,0,0,0,0,0,0,0,0
ACC-10006641,0,0,0,0,0,0,0,0,0,0,0,0
ACC-10006642,0,0,0,0,0,0,0,0,0,0,0,0
ACC-10006643,0,0,0,0,0,0,0,0,0,0,0,0
ACC-10006644,0,0,0,0,0,0,0,0,0,0,0,0
ACC-10006645,0,0,0,0,0,0,0,0,0,0,0,0
ACC-10006646,0,0,0,0,0,0,0,0,0,0,0,0
ACC-10006647,0,0,0,0,0,0,0,0,0,0,0,0
ACC-10006648,0,0,0,0,0,0,0,0,0,0,0,0
ACC-10006649,0,0,0,0,0,0,0,0,0,0,0,0
ACC-10006650,0,0,0,0,0,0,0,0,0,0,0,0
ACC-10006651,0,0,0,0,0,0,0,0,0,0,0,0
ACC-10006652,0,0,0,0,0,0,0,0,0,0,0,0
ACC-10006653,0,0,0,0,0,0,0,0,0,0,0,0
ACC-10006654,0,0,0,0,0,0,0,0,0,0,0,0
ACC-10006655,0,0,0,0,0,0,0,0,0,0,0,0
ACC-10006656,0,0,0,0,0,0,0,0,0,0,0,0
ACC-10006657,0,0,0,0,0,0,0,0,0,0,0,0
ACC-10006658,0,0,0,0,1,0,1,0,1,0,0,1
ACC-10006659,0,0,0,0,0,0,0,0,0,0,0,0
ACC-10006660,0,0,0,0,0,0,0,0,0,0,0,0
ACC-10006661,0,0,0,0,0,0,0,0,0,0,0,0
ACC-10006662,0,0,0,0,0,0,0,0,0,0,0,0
ACC-10006663,0,0,0,0,0,0,0,0,0,0,0,0
ACC-10006664,0,0,0,0,0,0,0,0,0,0,0,0
ACC-10006665,0,0,0,0,0,0,0,0,0,0,0,0
ACC-10006666,0,0,0,0,0,0,0,0,0,0,0,0
ACC-10006667,0,0,0,0,0,0,0,0,0,0,0,0
ACC-10006668,0,0,0,0,0,0,0,0,0,0,0,0
ACC-10006669,0,0,0,0,0,0,0,0,0,0,0,0
ACC-10006670,0,0,0,0,0,0,0,0,0,0,0,0
ACC-10006671,0,0,0,0,0,0,0,0,0,0,0,0
ACC-10006672,0,0,0,0,0,0,0,0,0,0,0,0
ACC-10006673,0,0,0,0,0,0,0,0,0,0,0,0
ACC-10006674,1,0,0,0,0,0,1,0,0,1,0,0
ACC-10006675,0,0,0,0,0,0,0,0,0,0,0,0
ACC-10006676,0,0,0,0,0,0,0,0,0,0,0,0
ACC-10006677,0,0,0,0,0,0,0,0,0,0,0,0
ACC-10006678,0,0,0,0,0,0,0,0,0,0,0,0
ACC-10006679,0,0,0,0,0,0,0,0,0,0,0,0
ACC-10006680,0,0,0,0,0,0,0,0,0,0,0,0
ACC-10006681,0,0,0,0,0,0,0,0,0,0,0,0
ACC-10006682,0,0,0,0,0,0,0,0,0,0,0,0
ACC-10006683,0,0,0,0,0,0,0,0,0,0,0,0
ACC-10006684,0,0,0,0,0,0,0,0,0,0,0,0
ACC-10006685,0,0,0,0,0,0,0,0,0,0,0,0
ACC-10006686,0,0,0,0,0,0,0,0,0,0,0,0
ACC-10006687,0,0,0,0,0,0,0,0,0,0,0,0
ACC-10006688,0,0,0,0,0,0,0,0,0,0,0,0
ACC-10006689,0,1,1,0,0,0,1,0,0,0,1,1
ACC-10006690,0,0,0,0,0,0,0,0,0,0,0,0
ACC-10006691,0,0,0,0,0,0,0,0,0,0,0,0
ACC-10006692,0,0,0,0,0,0,0,0,0,0,0,0
ACC-10006693,0,0,0,0,0,0,0,0,0,0,0,0
ACC-10006694,0,0,0,0,0,0,0,0,0,0,0,0
ACC-10006695,0,0,0,0,0,0,0,0,0,0,0,0
ACC-10006696,0,0,0,0,0,0,0,0,0,0,0,0
ACC-10006697,0,0,0,0,0,0,0,0,0,0,0,0
ACC-10006698,0,0,0,0,0,0,0,0,0,0,0,0
ACC-10006699,0,0,0,0,0,0,0,0,0,0,0,0
ACC-10006700,0,0,0,0,0,0,0,0,0,0,0,0
ACC-10006701,0,0,0,0,0,0,0,0,0,0,0,0
ACC-10006702,0,0,0,0,0,0,0,0,0,0,0,0
ACC-10006703,0,0,0,0,0,0,0,0,0,0,0,0
ACC-10006704,0,0,0,0,0,0,0,0,0,0,0,0
ACC-10006705,0,0,0,0,0,0,0,0,0,0,0,0
ACC-10006706,0,0,0,0,0,0,0,0,0,0,0,0
ACC-10006707,0,0,0,0,0,0,0,0,0,0,0,0
ACC-10006708,0,0,0,0,0,0,0,0,0,0,0,0
ACC-10006709,0,0,0,0,0,0,0,0,0,0,0,0
ACC-10006710,0,0,0,0,0,0,0,0,0,0,0,0
ACC-10006711,0,0,0,0,0,0,0,0,0,0,0,0
ACC-10006712,0,0,0,0,0,0,0,0,0,0,0,0
ACC-10006713,0,0,0,0,0,0,0,0,0,0,0,0
ACC-10006714,0,0,0,0,0,0,0,0,0,0,0,0
ACC-10006715,1,0,0,0,0,0,0,0,0,0,0,0
ACC-10006716,0,0,0,0,0,0,0,0,0,0,0,0
ACC-10006717,0,0,0,0,0,0,0,0,0,0,0,0
ACC-10006718,1,1,0,0,0,1,0,1,0,0,0,0
ACC-10006719,0,0,0,0,0,0,0,0,0,0,0,0
ACC-10006720,1,0,1,0,0,0,0,0,0,0,0,0
ACC-10006721,0,0,0,0,0,0,0,0,0,0,0,1
ACC-10006722,0,0,0,0,0,0,0,0,0,0,0,0
ACC-10006723,0,0,0,0,0,0,0,0,0,0,0,0
ACC-10006724,0,0,0,0,0,0,0,0,0,0,0,0
ACC-10006725,0,0,0,0,0,0,0,0,0,0,0,0
ACC-10006726,0,0,0,0,0,0,0,0,0,0,0,0
ACC-10006727,0,0,0,0,0,0,0,0,0,0,0,0
ACC-10006728,0,0,0,0,0,0,0,0,0,0,0,0
ACC-10006729,0,0,0,0,0,0,0,0,0,0,0,0
ACC-10006730,0,0,0,0,0,0,0,0,0,0,0,0
ACC-10006731,0,0,0,0,0,0,0,0,0,0,0,0
ACC-10006732,0,0,0,0,0,0,0,0,0,0,0,0
ACC-10006733,0,0,0,0,0,0,0,0,0,0,0,0
ACC-10006734,0,0,0,0,0,0,0,0,0,0,0,0
ACC-10006735,0,0,0,0,0,0,0,0,0,0,0,0
ACC-10006736,0,0,0,0,0,0,0,0,0,0,0,0
ACC-10006737,0,1,0,1,0,1,1,1,1,0,1,1
ACC-10006738,0,0,0,0,0,0,0,0,0,0,0,0
ACC-10006739,0,0,0,0,0,0,0,0,0,0,0,0
ACC-10006740,0,0,0,0,0,0,0,0,0,0,0,0
ACC-10006741,0,0,0,0,0,0,0,0,0,0,0,0
ACC-10006742,0,0,0,0,0,0,0,0,0,0,0,0
ACC-10006743,0,0,0,0,0,0,0,0,0,0,0,0
ACC-10006744,0,0,0,0,0,0,0,0,0,0,0,0
ACC-10006745,0,0,0,0,0,0,0,0,0,0,0,0
ACC-10006746,0,0,0,0,0,0,0,0,0,0,0,0
ACC-10006747,0,0,0,0,0,0,0,0,0,0,0,0
ACC-10006748,0,0,0,0,0,0,0,0,0,0,0,0
ACC-10006749,0,0,0,0,0,0,0,0,0,0,0,0
ACC-10006750,0,0,0,0,0,0,0,0,0,0,0,0
ACC-10006751,0,0,0,0,0,0,0,0,0,0,0,0
ACC-10006752,0,0,0,0,0,0,0,0,0,0,0,0
ACC-10006753,0,0,0,0,0,0,0,0,0,0,0,0
ACC-10006754,0,0,0,0,0,0,0,0,0,0,0,0
ACC-10006755,0,0,1,0,0,1,1,0,1,1,0,0
ACC-10006756,0,0,0,0,0,0,0,0,0,0,0,0
ACC-10006757,0,0,0,0,0,0,0,0,0,0,0,0
ACC-10006758,0,0,0,0,0,0,0,0,0,0,0,0
ACC-10006759,0,0,0,0,0,0,0,0,0,0,0,0
ACC-10006760,0,0,0,0,0,0,0,0,0,0,0,0
ACC-10006761,0,0,0,0,0,0,0,0,0,0,0,0
ACC-10006762,0,0,0,0,0,0,0,0,0,0,0,0
ACC-10006763,0,0,0,0,0,0,0,0,0,0,0,0
ACC-10006764,0,0,0,0,0,0,0,0,0,0,0,0
ACC-10006765,0,0,0,0,0,0,0,0,0,0,0,0
ACC-10006766,0,0,0,0,0,0,0,0,0,0,0,0
ACC-10006767,0,0,0,0,0,0,0,0,0,0,0,0
ACC-10006768,0,0,0,0,0,0,0,0,0,0,0,0
ACC-10006769,0,0,0,0,0,0,0,0,0,0,0,0
ACC-10006770,0,0,0,0,0,0,0,0,0,0,0,0
ACC-10006771,0,0,0,0,0,0,0,0,0,0,0,0
ACC-10006772,0,0,0,0,0,0,0,0,0,0,0,0
ACC-10006773,0,0,0,0,0,0,0,0,0,0,0,0
ACC-10006774,0,0,0,0,0,0,0,0,0,0,0,0
ACC-10006775,0,0,0,0,0,0,0,0,0,0,0,0
ACC-10006776,0,0,0,0,0,0,0,0,0,0,0,0
ACC-10006777,0,0,0,0,0,0,0,1,0,0,0,0
ACC-10006778,0,0,0,0,0,0,0,0,0,0,0,0
ACC-10006779,0,0,0,0,0,0,0,0,0,0,0,0
ACC-10006780,0,0,0,0,0,0,0,0,0,0,0,0
ACC-10006781,0,0,0,0,0,0,0,0,0,0,0,0
ACC-10006782,0,0,0,0,0,0,0,0,0,0,0,0
ACC-10006783,0,0,0,0,0,0,0,0,0,0,0,0
ACC-10006784,0,0,0,0,0,0,0,0,0,0,0,0
ACC-10006785,0,0,0,0,0,0,0,0,0,0,0,0
ACC-10006786,0,0,0,0,0,0,0,0,0,0,0,0
ACC-10006787,0,0,0,0,0,0,0,0,0,0,0,0
ACC-10006788,0,0,0,0,0,0,0,0,0,0,0,0
ACC-10006789,0,0,0,0,0,0,0,0,0,0,0,0
ACC-10006790,0,0,0,0,0,0,0,0,0,0,0,0
ACC-10006791,0,0,0,0,0,0,0,0,0,0,0,0
ACC-10006792,0,0,0,0,0,0,0,0,0,0,0,0
ACC-10006793,0,0,0,0,0,0,0,0,0,0,0,0
ACC-10006794,0,0,0,0,0,0,0,0,0,0,0,0
ACC-10006795,0,0,0,0,0,0,0,0,0,0,0,0
ACC-10006796,0,0,0,0,0,0,0,0,0,0,0,0
ACC-10006797,0,0,0,0,0,0,0,0,0,0,0,0
ACC-10006798,0,0,0,0,0,0,0,0,0,0,0,0
ACC-10006799,0,0,0,0,0,0,0,0,0,0,0,0
ACC-10006800,0,0,0,0,0,0,0,0,0,0,0,0
ACC-10006801,0,0,0,0,0,0,0,0,0,0,0,0
ACC-10006802,0,0,0,0,0,0,0,0,0,0,0,0
ACC-10006803,0,0,0,0,0,0,0,0,0,0,0,0
ACC-10006804,0,0,0,0,0,0,0,0,0,0,0,0
ACC-10006805,0,0,0,0,0,0,0,0,0,0,0,0
ACC-10006806,0,0,0,0,0,0,0,0,0,0,0,0
ACC-10006807,0,0,0,0,0,0,0,0,0,0,0,0
ACC-10006808,0,0,0,0,0,0,0,0,0,0,0,0
ACC-10006809,0,0,0,0,0,0,0,0,0,0,0,0
ACC-10006810,0,0,0,0,0,0,0,0,0,0,0,0
ACC-10006811,0,0,0,0,0,0,0,0,0,0,0,0
ACC-10006812,0,0,0,0,0,0,0,0,0,0,0,0
ACC-10006813,0,0,0,0,0,0,0,0,0,0,0,0
ACC-10006814,0,0,0,0,0,0,0,0,0,0,0,0
ACC-10006815,0,0,0,0,0,0,0,0,0,0,0,0
ACC-10006816,0,0,0,0,0,0,0,0,0,0,0,0
ACC-10006817,0,0,0,0,0,0,0,0,0,0,0,0
ACC-10006818,0,0,0,0,0,0,0,0,0,0,0,0
ACC-10006819,0,0,0,0,0,0,0,0,0,0,0,0
ACC-10006820,0,0,0,0,0,0,0,0,0,0,0,0
ACC-10006821,0,0,0,0,0,0,0,0,0,0,0,0
ACC-10006822,0,0,0,0,0,0,0,0,0,0,0,0
ACC-10006823,0,0,0,0,0,0,0,0,0,0,0,0
ACC-10006824,0,0,0,0,0,0,0,0,0,0,0,0
ACC-10006825,0,0,0,0,0,0,0,0,0,0,0,0
ACC-10006826,0,1,1,0,1,1,0,1,1,1,0,1
ACC-10006827,0,0,0,0,0,0,0,0,0,0,0,0
ACC-10006828,0,0,0,0,0,0,0,0,0,0,0,0
ACC-10006829,0,0,0,0,0,0,0,0,0,0,0,0
ACC-10006830,0,0,0,0,0,0,0,0,0,0,0,0
ACC-10006831,0,0,0,0,0,0,0,0,0,0,0,0
ACC-10006832,0,0,0,0,0,0,0,0,0,0,0,0
ACC-10006833,0,0,0,0,0,0,0,0,0,0,0,0
ACC-10006834,0,0,0,0,0,0,0,0,0,0,0,0
ACC-10006835,0,0,0,0,0,0,0,0,0,0,0,0
ACC-10006836,0,0,0,0,0,0,0,0,0,0,0,0
ACC-10006837,0,0,0,0,0,0,0,0,0,0,0,0
ACC-10006838,0,0,0,0,0,0,0,0,0,0,0,0
ACC-10006839,0,0,0,0,0,0,0,0,0,0,0,0
ACC-10006840,0,0,0,0,0,0,0,0,0,0,0,0
ACC-10006841,0,0,0,0,0,0,0,0,0,0,0,0
ACC-10006842,0,0,0,0,0,0,0,0,0,0,0,0
ACC-10006843,0,0,0,0,0,0,0,0,0,0,0,0
ACC-10006844,0,0,0,0,0,0,0,0,0,0,0,0
,0,0,0,0,0,0,0,0,0,0,0,0
ACC-10006846,0,0,0,0,0,0,0,0,0,0,0,0
ACC-10006847,0,0,0,0,0,0,0,0,0,0,0,0
ACC-10006848,0,0,0,0,0,0,0,0,0,0,0,0
ACC-10006849,1,0,0,0,0,0,1,0,0,0,1,0
ACC-10006850,0,0,0,0,0,0,0,0,0,0,0,0
ACC-10006851,0,0,0,0,0,0,0,0,0,0,0,0
ACC-10006852,0,0,0,0,0,0,0,0,0,0,0,0
ACC-10006853,0,0,0,0,0,0,0,0,0,0,0,0
ACC-10006854,0,0,0,0,0,0,0,0,0,0,0,0
ACC-10006855,0,0,0,0,0,1,0,0,0,0,0,0
ACC-10006856,0,0,0,0,0,0,0,0,0,0,0,0
ACC-10006857,0,0,0,0,0,0,0,0,0,0,0,0
ACC-10006858,0,0,0,0,0,0,0,0,0,0,0,0
ACC-10006859,0,0,0,0,0,0,0,0,0,0,0,0
ACC-10006860,0,0,0,0,0,0,0,0,0,0,0,0
ACC-10006861,0,0,0,0,0,0,0,0,0,0,0,0
ACC-10006862,0,0,0,0,0,0,0,0,0,0,0,0
ACC-10006863,0,0,0,0,0,0,0,0,0,0,0,0
ACC-10006864,0,0,0,0,0,0,0,0,0,0,0,0
ACC-10006865,0,0,0,0,0,0,0,0,0,0,0,0
,0,0,0,0,0,0,0,0,0,0,0,0
ACC-10006867,0,0,0,0,0,0,0,0,0,0,0,0
ACC-10006868,0,0,0,0,0,0,0,0,0,0,0,0
ACC-10006869,0,0,0,0,0,0,0,0,0,0,0,0
ACC-10006870,0,0,0,0,0,0,0,0,0,0,0,0
ACC-10006871,0,0,0,0,0,0,0,0,0,0,0,0
ACC-10006872,0,0,0,0,0,0,0,0,0,0,0,0
ACC-10006873,0,0,0,0,0,0,0,0,0,0,0,0
ACC-10006874,0,0,0,0,0,0,0,0,0,0,0,0
ACC-10006875,0,1,0,0,0,1,0,1,1,0,0,0
ACC-10006876,0,0,0,0,0,0,0,0,0,0,0,0
ACC-10006877,0,0,0,0,0,0,0,0,0,0,0,0
ACC-10006878,0,0,0,0,0,0,0,0,0,0,0,0
ACC-10006879,0,0,0,0,0,0,0,0,0,0,0,0
ACC-100068XX,0,0,0,0,0,0,0,0,0,0,0,0
ACC-10006881,0,0,0,0,0,0,0,0,0,0,0,0
ACC-10006882,0,0,0,0,0,0,0,0,0,0,0,0
ACC-10006883,0,0,0,0,0,0,0,0,0,0,0,0
ACC-10006884,0,0,0,0,0,0,0,0,0,0,0,0
ACC-10006885,0,0,0,0,0,0,0,0,0,0,0,0
ACC-10006886,0,0,0,0,0,0,0,0,0,0,0,0
ACC-10006887,0,0,0,0,0,0,0,0,0,0,0,0
ACC-10006888,0,0,0,0,0,0,0,0,0,0,0,0
ACC-10006889,0,0,0,0,0,0,0,0,0,0,0,0
ACC-10006890,0,0,0,0,0,0,0,0,0,0,0,0
ACC-10006891,0,0,0,0,0,0,0,0,0,0,0,0
ACC-10006892,0,0,0,0,0,0,0,0,0,0,0,0
ACC-10006893,0,0,0,0,0,0,0,0,0,0,0,0
ACC-10006894,0,0,0,0,0,0,0,0,0,0,0,0
ACC-10006895,0,0,0,0,0,0,0,0,0,0,0,0
ACC-10006896,0,0,0,0,0,0,0,0,0,0,0,0
ACC-10006897,0,0,0,0,0,0,0,0,0,0,0,0
ACC-10006898,0,0,0,0,0,0,0,0,0,0,0,0
ACC-10006899,0,0,0,0,0,0,0,0,0,0,0,0
ACC-10006900,0,0,0,0,0,0,0,0,0,0,0,0
ACC-10006901,0,0,0,0,0,0,0,0,0,0,0,0
ACC-10006902,0,0,0,0,0,0,0,0,0,0,0,0
ACC-10006903,0,0,0,0,0,0,0,0,0,0,0,0
ACC-10006904,0,0,0,0,0,0,0,0,0,0,0,0
ACC-10006905,0,0,0,0,0,0,0,0,0,0,0,0
ACC-10006906,0,0,0,0,0,0,0,0,0,0,0,0
ACC-10006907,0,0,0,0,0,0,0,0,0,0,0,0
ACC-10006908,0,0,0,0,0,0,0,0,0,0,0,0
ACC-10006909,0,0,0,0,0,0,0,0,0,0,0,0
ACC-10006910,0,0,0,0,0,0,0,0,0,0,0,0
ACC-10006911,0,0,0,0,0,0,0,0,0,0,0,0
ACC-10006912,0,0,0,0,0,0,0,0,0,0,0,0
ACC-10006913,0,0,0,0,0,0,0,0,0,0,0,0
ACC-10006914,0,0,0,0,0,0,0,0,0,0,0,0
ACC-10006915,0,0,0,0,0,0,0,0,0,0,0,0
ACC-10006916,0,0,0,0,0,0,0,0,0,0,0,0
ACC-10006917,0,0,0,0,0,0,0,0,0,0,0,0
ACC-10006918,0,0,0,0,0,0,0,0,0,0,0,0
ACC-10006919,0,0,0,0,0,0,0,0,0,0,0,0
ACC-10006920,0,0,0,0,0,0,0,0,0,0,0,0
ACC-10006921,0,0,0,0,0,0,0,0,0,0,0,0
ACC-10006922,0,0,0,0,0,0,0,0,0,0,0,0
ACC-10006923,0,0,0,0,0,0,0,0,0,0,0,0
ACC-10006924,0,0,0,0,0,0,0,0,0,0,0,0
ACC-10006925,0,0,0,0,0,0,0,0,0,0,0,0
ACC-10006926,0,0,0,0,0,0,0,0,0,0,0,0
ACC-10006927,0,0,0,0,0,0,0,0,0,0,0,0
ACC-10006928,0,0,0,0,0,0,0,0,0,0,0,0
ACC-10006929,0,0,0,0,0,0,0,0,0,0,0,0
ACC-10006930,0,0,0,0,0,0,0,0,0,0,0,0
ACC-10006931,0,0,0,0,0,0,0,0,0,0,0,0
ACC-10006932,0,0,0,0,0,0,0,0,0,0,0,0
ACC-10006933,0,0,0,0,0,0,0,0,0,0,0,0
ACC-10006934,0,0,0,0,0,0,0,0,0,0,0,0
ACC-10006935,0,0,0,0,0,0,0,0,0,0,0,0
ACC-10006936,0,0,0,0,0,0,0,0,0,0,0,0
ACC-10006937,0,0,0,0,0,0,0,0,0,0,0,0
ACC-10006938,0,0,0,0,0,0,0,0,0,0,0,0
ACC-10006939,0,0,0,0,0,0,0,0,0,0,0,0
ACC-10006940,0,0,0,0,0,0,0,0,0,0,0,0
ACC-10006941,0,0,0,0,0,0,0,0,0,0,0,0
ACC-10006942,0,0,0,0,0,0,0,0,0,0,0,0
ACC-10006943,0,0,0,0,0,0,0,0,0,0,0,0
ACC-10006944,0,0,0,0,0,0,0,0,0,0,0,0
ACC-10006945,0,0,0,0,0,0,0,0,0,0,0,0
ACC-10006946,0,0,0,0,0,0,0,0,0,0,0,0
ACC-10006947,0,0,0,0,0,0,0,0,0,0,0,0
ACC-10006948,0,0,0,0,0,0,0,0,0,0,0,0
ACC-10006949,0,0,0,0,0,0,0,0,0,0,0,0
ACC-10006950,0,0,0,0,0,0,0,0,0,0,0,0
ACC-10006951,0,0,0,0,1,0,1,1,0,1,0,1
ACC-10006952,0,0,0,0,0,0,0,0,0,0,0,0
ACC-10006953,0,0,0,0,0,0,0,0,0,0,0,0
ACC-10006954,0,0,0,0,0,0,0,0,0,0,0,0
ACC-10006955,0,0,0,0,0,0,0,0,0,0,0,0
ACC-10006956,0,0,0,0,0,0,0,0,0,0,0,0
ACC-10006957,0,0,0,0,0,0,0,0,0,0,0,0
ACC-10006958,0,0,0,0,0,0,0,0,0,0,0,0
ACC-10006959,0,0,0,0,0,0,0,0,0,0,0,0
ACC-10006960,0,0,0,0,0,0,0,0,0,0,0,0
ACC-10006961,0,0,0,0,0,0,0,0,0,0,0,0
ACC-10006962,0,0,0,0,0,0,0,0,0,0,0,0
ACC-10006963,0,0,0,0,0,0,0,0,0,0,0,0
ACC-10006964,0,0,0,0,0,0,0,0,0,0,0,0
ACC-10006965,0,0,0,0,0,0,0,0,0,0,0,0
ACC-10006966,0,0,0,0,0,0,0,0,0,0,0,0
ACC-10006967,0,0,0,0,0,0,0,0,0,0,0,0
ACC-10006968,0,0,0,0,0,0,0,0,0,0,0,0
ACC-10006969,0,0,0,0,0,0,0,0,0,0,0,0
ACC-10006970,0,0,0,0,0,0,0,0,0,0,0,0
ACC-10006971,0,0,0,0,0,0,0,0,0,0,0,0
ACC-10006972,0,0,0,0,0,0,0,0,0,0,0,0
ACC-10006973,0,0,0,0,0,0,0,0,0,0,0,0
ACC-10006974,0,0,0,0,0,0,0,0,0,0,0,0
ACC-10006975,0,0,0,0,0,0,0,0,0,0,0,0
ACC-10006976,0,0,0,0,0,0,0,0,0,0,0,0
ACC-10006977,0,0,0,0,0,0,0,0,0,0,0,0
ACC-10006978,0,0,0,0,0,0,0,0,0,0,0,0
ACC-10006979,0,0,0,0,0,0,0,0,0,0,0,0
ACC-10006980,0,0,0,0,0,0,0,0,0,0,0,0
ACC-10006981,0,0,0,0,0,0,0,0,0,0,0,0
ACC-10006982,0,0,0,0,0,0,0,0,0,0,0,0
ACC-10006983,0,0,0,0,0,0,0,0,0,0,0,0
ACC-10006984,0,0,0,0,0,0,0,0,0,0,0,0
ACC-10006985,0,0,0,0,0,0,0,0,0,0,0,0
ACC-10006986,0,0,0,0,0,0,0,0,0,0,0,0
ACC-10006987,0,0,1,0,1,1,1,0,0,0,0,1
ACC-10006988,0,0,1,0,1,0,0,1,1,0,0,1
ACC-10006989,0,0,0,0,0,0,0,0,0,0,0,0
ACC-10006990,0,0,0,0,0,0,0,0,0,0,0,0
ACC-10006991,0,0,0,0,0,0,0,0,0,0,0,0
ACC-10006992,0,0,0,0,0,0,0,0,0,0,0,0
ACC-10006993,0,0,0,0,0,0,0,0,0,0,0,0
ACC-10006994,0,0,0,0,0,0,0,0,0,0,0,0
ACC-10006995,0,0,0,0,0,0,0,0,0,0,0,0
ACC-10006996,0,0,0,0,0,0,0,0,0,0,0,0
ACC-10006997,0,0,0,0,0,0,0,0,0,0,0,0
ACC-10006998,0,0,0,0,0,0,0,1,1,0,0,0
ACC-10006999,0,0,0,0,0,0,0,0,0,0,0,0
ACC-10007000,0,0,0,0,0,0,0,0,0,0,0,0
ACC-10007001,0,0,0,0,0,0,0,0,0,0,0,0
ACC-10007002,0,0,0,0,0,0,0,0,0,0,0,0
ACC-10007003,0,0,0,0,0,0,0,0,0,0,0,0
ACC-10007004,0,0,0,0,0,0,0,0,0,0,0,0
ACC-10007005,0,0,0,0,0,0,0,0,0,0,0,0
ACC-10007006,0,0,0,0,0,0,0,0,0,0,0,0
ACC-10007007,0,0,0,0,0,0,0,0,0,0,0,0
ACC-10007008,0,0,0,0,0,0,0,0,0,0,0,0
ACC-10007009,0,0,0,0,0,0,0,0,0,0,0,0
ACC-10007010,0,0,0,0,0,0,0,0,0,0,0,0
ACC-10007011,0,0,0,0,0,0,0,0,0,0,0,0
ACC-10007012,0,0,0,0,0,0,0,0,0,0,0,0
ACC-10007013,0,0,0,0,0,0,0,0,0,0,0,0
ACC-10007014,0,0,0,0,0,0,0,0,0,0,0,0
ACC-10007015,0,0,0,0,0,0,0,0,0,0,0,0
ACC-10007016,0,0,0,0,0,0,0,0,0,0,0,0
ACC-10007017,0,0,0,0,0,0,0,0,0,0,0,0
ACC-10007018,0,0,0,0,0,0,0,0,0,0,0,0
ACC-10007019,0,0,0,0,0,0,0,0,0,0,0,0
ACC-10007020,0,0,0,0,0,0,0,0,0,0,0,0
ACC-10007021,0,0,0,0,0,0,0,0,0,0,0,0
ACC-10007022,0,0,0,0,0,0,0,0,0,0,0,0
ACC-10007023,0,0,0,0,0,0,0,0,0,0,0,0
ACC-10007024,0,0,0,0,0,0,0,0,0,0,0,0
ACC-10007025,0,0,0,0,0,0,0,0,0,0,0,0
ACC-10007026,0,0,0,0,0,0,0,0,0,0,0,0
ACC-10007027,0,0,0,0,0,0,0,0,0,0,0,0
ACC-10007028,0,0,0,0,0,0,0,0,0,0,0,0
ACC-10007029,0,0,0,0,0,0,0,0,0,0,0,0
ACC-10007030,0,0,0,0,0,0,0,0,0,0,0,0
ACC-10007031,0,0,0,0,0,0,0,0,0,0,0,0
ACC-10007032,0,0,0,0,0,0,0,0,0,0,0,0
ACC-10007033,0,0,0,0,0,0,0,0,0,0,0,0
ACC-10007034,0,0,0,0,0,0,0,0,0,0,0,0
ACC-10007035,0,0,0,0,0,0,0,0,0,0,0,0
ACC-10007036,0,0,0,0,0,0,0,0,0,0,0,0
ACC-10007037,0,0,0,0,0,0,0,0,0,0,0,0
ACC-10007038,0,0,0,0,0,0,0,0,0,0,0,0
ACC-10007039,0,0,0,0,0,0,0,0,0,0,0,0
ACC-10007040,0,0,0,0,0,0,0,0,0,0,0,0
ACC-10007041,0,0,0,0,0,0,0,0,0,0,0,0
ACC-10007042,1,1,0,1,0,0,0,0,1,0,0,1
ACC-10007043,0,0,0,0,0,0,0,0,0,0,0,0
ACC-10007044,0,0,0,0,0,0,0,0,0,0,0,0
ACC-10007045,0,0,0,0,0,1,0,0,0,0,0,0
ACC-10007046,0,0,0,0,0,0,0,0,0,0,0,0
ACC-10007047,0,0,0,0,0,0,0,0,0,0,0,0
ACC-10007048,0,0,0,0,0,0,0,0,0,0,0,0
ACC-10007049,0,1,1,0,0,1,0,0,0,0,0,0
ACC-10007050,0,0,0,0,0,0,0,0,0,0,0,0
ACC-10007051,0,0,0,0,0,0,0,0,0,0,0,0
ACC-10007052,0,0,0,0,0,0,0,0,0,0,0,0
ACC-10007053,0,0,0,0,0,0,0,0,0,0,0,0
ACC-10007054,0,0,0,0,0,0,0,0,0,0,0,0
ACC-10007055,0,0,0,0,0,0,0,0,0,0,0,0
ACC-10007056,0,0,0,0,0,0,0,0,0,0,0,0
ACC-10007057,0,0,0,0,0,0,0,0,0,0,0,0
ACC-10007058,0,0,0,0,0,0,0,0,0,0,0,0
ACC-10007059,0,1,1,0,0,1,0,0,0,0,1,0
ACC-10007060,0,0,0,0,0,0,0,0,0,0,0,0
ACC-10007061,0,1,0,0,1,0,0,1,1,0,0,0
ACC-10007062,0,0,0,0,0,0,0,0,0,0,0,0
ACC-10007063,0,0,0,0,0,0,0,0,0,0,0,0
ACC-10007064,0,0,0,0,0,0,0,0,0,0,0,0
ACC-10007065,0,0,0,0,0,0,0,0,0,0,0,0
ACC-10007066,0,0,0,0,0,0,0,0,0,0,0,0
ACC-10007067,0,0,0,0,0,0,0,0,0,0,0,0
ACC-10007068,0,0,0,0,0,0,0,0,0,0,0,0
ACC-10007069,0,0,0,0,0,0,0,0,0,0,0,0
ACC-10007070,0,0,0,0,0,0,0,0,0,0,0,0
ACC-10007071,0,0,0,0,0,0,0,0,0,0,0,0
ACC-10007072,0,0,0,0,0,0,0,0,0,0,0,0
ACC-10007073,0,0,0,0,0,0,0,0,0,0,0,0
ACC-10007074,0,0,0,0,0,0,0,0,0,0,0,0
ACC-10007075,0,0,0,0,0,0,0,0,0,0,0,0
ACC-10007076,0,0,0,0,0,0,0,0,0,0,0,0
ACC-10007077,0,0,0,0,0,0,0,0,0,0,0,0
ACC-10007078,1,1,0,0,0,0,0,0,0,1,1,0
ACC-10007079,0,0,0,0,0,0,0,1,0,0,1,0
ACC-10007080,0,0,0,0,0,0,0,0,0,0,0,0
ACC-10007081,0,0,0,0,0,0,0,0,0,0,0,0
ACC-10007082,0,0,0,0,0,0,0,0,0,0,0,0
ACC-10007083,0,0,0,0,0,0,0,0,0,0,0,0
ACC-10007084,0,0,0,0,0,0,0,0,0,0,0,0
ACC-10007085,0,0,0,0,0,0,0,0,0,0,0,0
ACC-10007086,0,0,1,0,0,1,0,1,0,1,1,0
ACC-10007087,0,0,0,0,0,0,0,0,0,0,0,0
ACC-10007088,0,0,0,0,0,0,0,0,0,0,0,0
ACC-10007089,0,0,0,0,0,0,0,0,0,0,0,0
ACC-10007090,0,0,0,0,0,0,0,0,0,0,0,0
ACC-10007091,0,0,0,0,0,0,0,0,0,0,0,0
ACC-10007092,0,0,0,0,0,0,0,0,0,0,0,0
ACC-10007093,0,0,0,0,0,0,0,0,0,0,0,0
,0,0,0,0,0,0,0,0,0,0,0,0
ACC-10007095,0,0,0,0,0,0,1,0,0,0,0,0
ACC-10007096,0,0,0,0,0,0,0,0,0,0,0,0
ACC-10007097,0,0,0,0,0,0,0,0,0,0,0,0
ACC-10007098,0,0,0,0,0,0,0,0,0,0,0,0
ACC-10007099,0,0,0,0,0,0,0,0,0,0,0,0
ACC-10007100,0,0,0,0,0,0,0,0,0,0,0,0
ACC-10007101,0,0,0,0,0,0,0,0,0,0,0,0
ACC-10007102,0,0,0,0,0,0,0,0,0,0,0,0
ACC-10007103,0,0,0,0,0,0,0,0,0,0,0,0
ACC-10007104,0,0,0,0,0,0,0,0,0,0,0,0
ACC-10007105,0,0,0,0,1,0,0,0,0,1,0,0
ACC-10007106,0,0,0,0,0,0,0,0,0,0,0,0
ACC-10007107,0,0,0,0,0,0,0,0,0,0,0,0
ACC-10007108,0,0,0,0,0,0,0,0,0,0,0,0
ACC-10007109,0,0,0,0,0,0,0,0,0,0,0,0
ACC-10007110,0,0,0,0,0,0,0,0,0,0,0,0
ACC-10007111,0,0,0,0,0,0,0,0,0,0,0,0
ACC-10007112,0,0,0,0,0,0,0,0,0,0,0,0
ACC-10007113,0,0,0,0,0,0,0,0,0,0,0,0
ACC-10007114,0,0,0,0,0,0,0,0,0,0,0,0
ACC-10007115,0,0,0,0,0,0,0,0,0,0,0,0
ACC-10007116,0,0,0,0,0,0,0,0,0,0,0,0
ACC-10007117,0,0,0,0,0,0,0,0,0,0,0,0
ACC-10007118,0,0,0,0,0,0,0,0,0,0,0,0
ACC-10007119,0,0,0,0,0,0,0,0,0,0,0,0
ACC-10007120,0,0,0,0,0,0,0,0,0,0,0,0
ACC-10007121,0,0,0,0,0,0,0,0,0,0,0,0
ACC-10007122,0,0,0,0,0,0,0,0,0,0,0,0
ACC-10007123,0,0,0,0,0,0,0,0,0,0,0,0
ACC-10007124,0,0,0,0,0,0,0,0,0,0,0,0
ACC-10007125,0,0,0,0,0,0,0,0,0,0,0,0
ACC-10007126,0,0,0,0,0,0,0,0,0,0,0,0
ACC-10007127,0,0,0,0,0,0,0,0,0,0,0,0
ACC-10007128,0,0,0,0,0,0,0,0,0,0,0,0
ACC-10007129,0,0,0,0,0,0,0,0,0,0,0,0
ACC-10007130,0,0,0,0,0,0,0,0,0,0,0,0
ACC-10007131,0,0,1,0,0,0,0,1,0,1,0,1
ACC-10007132,0,0,0,0,0,0,0,0,0,0,0,0
ACC-10007133,0,0,0,0,0,0,0,0,0,0,0,0
ACC-10007134,0,0,0,0,0,0,0,0,0,0,0,0
ACC-10007135,0,0,0,0,0,0,0,0,0,0,0,0
ACC-10007136,0,0,0,0,0,0,0,0,0,0,0,0
ACC-10007137,0,0,0,0,0,0,0,0,0,0,0,0
ACC-10007138,0,0,0,0,0,0,0,0,0,0,0,0
ACC-10007139,0,0,0,0,0,0,0,0,0,0,0,0
ACC-10007140,0,0,0,0,0,0,0,0,0,0,0,0
ACC-10007141,0,0,0,0,0,0,0,0,0,0,0,0
ACC-10007142,0,0,0,0,0,0,0,0,0,0,0,0
ACC-10007143,0,0,0,0,0,0,0,0,0,0,0,0
ACC-10007144,0,0,0,0,0,0,0,0,0,0,0,0
ACC-10007145,0,0,0,0,0,0,0,0,0,0,0,0
ACC-10007146,0,0,0,0,0,0,0,0,0,0,0,0
ACC-10007147,0,0,0,0,0,0,0,0,0,0,0,0
ACC-10007148,0,0,0,0,0,0,0,0,0,0,0,0
ACC-10007149,0,0,0,0,0,0,0,0,0,0,0,0
ACC-10007150,0,0,0,0,0,0,0,0,0,0,0,0
ACC-10007151,0,0,0,0,0,0,0,0,0,0,0,0
ACC-10007152,0,0,0,0,0,0,0,0,0,0,0,0
ACC-10007153,0,0,0,0,0,0,0,0,0,0,0,0
ACC-10007154,0,0,0,0,0,0,0,0,0,0,0,0
ACC-10007155,0,0,0,0,0,0,0,0,0,0,0,0
ACC-10007156,0,0,0,0,0,0,0,0,0,0,0,0
ACC-10007157,0,0,0,0,0,0,0,0,0,0,0,0
ACC-10007158,0,0,0,0,0,0,0,0,0,0,0,0
ACC-10007159,0,0,0,0,0,0,0,0,0,0,0,0
ACC-10007160,0,0,0,0,0,0,0,0,0,0,0,0
ACC-10007161,0,0,0,0,0,0,0,0,0,0,0,0
ACC-10007162,0,0,0,0,0,0,0,0,0,0,0,0
ACC-10007163,0,0,0,0,0,0,0,0,0,0,0,0
ACC-10007164,0,0,0,0,0,0,0,0,0,0,0,0
ACC-10007165,0,0,0,0,0,0,0,0,0,0,0,0
ACC-10007166,0,0,0,0,0,0,0,0,0,0,0,0
ACC-10007167,0,0,0,0,0,0,0,0,1,0,0,0
ACC-10007168,0,0,0,0,0,0,0,0,0,0,0,0
ACC-10007169,0,0,0,0,0,0,0,0,0,0,0,0
ACC-10007170,1,0,1,0,0,1,0,0,1,1,0,1
ACC-10007171,0,0,0,0,0,0,0,0,0,0,0,0
ACC-10007172,0,0,0,0,0,0,0,0,0,0,0,0
ACC-10007173,0,0,0,0,0,0,0,0,0,0,0,0
ACC-10007174,0,0,0,0,0,0,0,0,0,0,0,0
ACC-10007175,0,0,0,0,0,0,0,0,0,0,0,0
ACC-10007176,0,0,0,0,0,0,0,0,0,1,0,0
ACC-10007177,0,0,0,0,0,0,0,0,0,0,0,0
ACC-10007178,0,0,0,0,0,0,0,0,0,0,0,0
ACC-10007179,0,0,0,0,0,0,0,0,0,0,0,0
ACC-10007180,0,0,0,0,0,0,0,0,0,0,0,0
ACC-10007181,0,0,0,0,0,0,0,0,0,0,0,0
ACC-10007182,0,0,0,0,0,0,0,0,0,0,0,0
ACC-10007183,0,0,0,0,0,0,0,0,0,0,0,0
ACC-10007184,0,0,0,0,0,0,0,0,0,0,0,0
ACC-10007185,0,0,0,0,0,0,0,0,0,0,0,0
ACC-10007186,0,0,0,0,0,0,0,0,0,0,0,0
ACC-10007187,0,0,0,0,0,0,0,0,0,0,0,0
ACC-10007188,0,0,0,0,0,0,0,0,0,0,0,0
ACC-10007189,0,0,0,0,0,0,0,0,0,0,0,0
ACC-10007190,0,0,0,0,0,0,0,0,0,0,0,0
ACC-10007191,0,0,0,0,0,0,0,0,0,0,0,0
ACC-10007192,0,0,0,0,0,0,0,0,0,0,0,0
ACC-10007193,0,0,0,0,0,0,0,0,0,0,0,0
ACC-10007194,0,0,0,0,0,0,1,1,0,1,1,0
ACC-10007195,0,0,0,0,0,0,0,0,0,0,0,0
ACC-10007196,0,0,0,0,0,0,0,0,0,0,0,0
ACC-10007197,0,0,0,0,0,0,0,0,0,0,0,0
ACC-10007198,0,0,0,0,0,0,0,0,0,0,0,0
ACC-10007199,0,0,0,0,0,0,0,0,0,0,0,0
ACC-10007200,0,0,0,0,0,0,0,0,0,0,0,0
ACC-10007201,0,1,1,1,1,0,0,0,0,1,0,0
ACC-10007202,0,0,0,0,0,0,0,0,0,0,0,0
ACC-10007203,0,0,0,0,0,0,0,0,0,0,0,0
ACC-10007204,0,0,0,0,0,0,0,0,0,0,0,0
ACC-10007205,0,0,0,0,0,0,0,0,0,0,0,0
ACC-10007206,1,1,1,0,0,0,0,1,0,0,1,0
ACC-10007207,0,0,0,0,0,0,0,0,0,0,0,0
ACC-10007208,0,0,0,0,0,0,0,0,0,0,0,0
ACC-10007209,0,0,0,0,0,0,0,0,0,0,0,0
ACC-10007210,0,0,0,0,0,0,0,0,0,0,0,0
ACC-10007211,0,0,0,0,0,0,0,0,0,0,0,0
ACC-10007212,0,0,0,0,0,0,0,0,0,0,0,0
ACC-10007213,0,0,0,0,0,0,0,0,0,0,0,0
ACC-10007214,0,0,0,0,0,0,0,0,0,0,0,0
ACC-10007215,0,0,0,0,0,0,0,0,0,0,0,0
ACC-10007216,0,0,0,0,0,0,0,0,0,0,0,0
ACC-10007217,0,0,0,0,0,0,0,0,0,0,0,0
ACC-10007218,0,0,0,0,0,0,0,0,0,0,0,0
ACC-10007219,0,0,0,0,0,0,0,0,0,0,0,0
ACC-10007220,0,0,0,0,0,0,0,0,0,0,0,0
ACC-10007221,0,0,0,0,0,0,0,1,0,0,0,0
ACC-10007222,0,0,0,0,0,0,0,0,0,0,0,0
ACC-100072XX,0,0,0,0,0,0,0,0,0,0,0,0
ACC-10007224,0,0,0,0,0,0,0,0,0,0,0,0
ACC-10007225,0,0,0,0,0,0,0,0,0,0,0,0
ACC-10007226,0,0,0,0,0,0,0,0,0,0,0,0
ACC-10007227,0,0,0,0,0,0,0,0,0,0,0,0
ACC-10007228,0,0,0,0,0,0,0,0,0,0,0,0
ACC-10007229,0,1,0,0,0,0,0,0,0,0,1,1
ACC-10007230,0,0,0,0,0,0,0,0,0,0,0,0
ACC-10007231,0,0,0,0,0,0,0,0,0,0,0,0
ACC-10007232,1,0,0,1,1,1,0,1,0,0,0,0
ACC-10007233,0,0,0,0,0,0,0,0,0,0,0,0
ACC-10007234,0,0,0,0,0,0,0,0,0,0,0,0
ACC-10007235,0,0,0,0,0,0,0,0,0,0,0,0
ACC-10007236,0,0,0,0,0,0,0,0,0,0,0,0
ACC-10007237,0,0,0,0,0,0,0,0,0,0,0,0
ACC-10007238,0,0,0,0,0,0,0,0,0,0,0,0
ACC-10007239,0,0,0,0,0,0,0,0,0,0,0,0
ACC-10007240,0,0,0,0,0,0,0,0,0,0,0,0
ACC-10007241,0,0,0,0,0,0,0,0,0,0,0,0
ACC-10007242,0,0,0,0,0,0,0,0,0,0,0,0
ACC-10007243,0,0,0,0,0,0,0,0,0,0,0,0
ACC-10007244,0,0,0,0,0,0,0,0,0,0,0,0
ACC-10007245,0,0,0,0,0,0,0,0,0,0,0,0
ACC-10007246,0,0,0,0,0,0,0,0,0,0,0,0
ACC-10007247,0,0,0,0,0,0,0,0,0,0,0,0
ACC-10007248,0,0,0,0,0,0,0,0,0,0,0,0
ACC-10007249,0,0,0,0,0,0,0,0,0,0,0,0
ACC-10007250,0,0,0,0,0,0,0,0,0,0,0,0
ACC-10007251,0,0,0,0,0,0,0,0,0,0,0,0
ACC-10007252,0,0,0,0,0,0,0,0,0,0,0,0
ACC-10007253,0,0,0,0,0,0,0,0,0,0,0,0
ACC-10007254,0,0,0,0,0,0,0,0,0,0,0,0
ACC-10007255,0,0,0,0,0,0,0,0,0,0,0,0
ACC-10007256,0,0,0,0,0,0,0,0,0,0,0,0
ACC-10007257,0,0,0,0,0,0,0,0,0,0,0,0
ACC-10007258,0,0,0,0,0,0,0,0,0,0,0,0
ACC-10007259,0,0,0,0,0,0,0,0,0,0,0,0
ACC-10007260,0,0,0,0,0,0,0,0,0,0,0,0
ACC-10007261,0,0,0,0,0,0,0,0,0,0,0,0
ACC-10007262,0,0,0,0,0,0,0,0,0,0,0,0
ACC-10007263,0,0,0,0,0,0,0,0,0,0,0,0
ACC-10007264,0,0,0,0,0,0,0,0,0,0,0,0
ACC-10007265,0,0,0,0,0,0,0,0,0,0,0,0
ACC-10007266,0,0,0,0,0,0,0,0,0,0,0,0
ACC-10007267,0,0,0,0,0,0,0,0,0,0,0,0
ACC-10007268,0,0,0,0,0,0,0,0,0,0,0,0
ACC-10007269,0,0,0,0,0,0,0,0,0,0,0,0
ACC-10007270,0,0,0,0,0,0,0,0,0,0,0,0
ACC-10007271,0,0,0,0,0,0,0,0,0,0,0,0
ACC-10007272,0,0,0,0,0,0,0,0,0,0,0,0
ACC-10007273,0,0,0,0,0,0,0,0,0,0,0,0
ACC-10007274,0,0,0,0,0,0,0,0,0,0,0,0
ACC-10007275,0,0,0,0,0,0,0,0,0,0,0,0
ACC-10007276,0,0,0,0,0,0,0,0,0,0,0,0
ACC-10007277,0,0,0,0,0,0,0,0,0,0,0,0
ACC-10007278,0,0,0,0,0,0,0,0,0,0,0,0
ACC-10007279,0,0,0,0,0,0,0,0,0,0,0,0
ACC-10007280,0,0,0,0,0,0,0,0,0,0,0,0
ACC-10007281,1,0,1,1,0,0,1,0,0,0,0,0
ACC-10007282,0,0,0,0,0,0,0,0,0,0,0,0
ACC-10007283,0,0,0,0,0,0,0,0,0,0,0,0
ACC-10007284,0,0,0,0,0,0,0,0,0,0,0,0
ACC-10007285,0,0,0,0,0,0,0,0,0,0,0,0
ACC-10007286,0,0,0,0,0,0,0,0,0,0,0,0
ACC-10007287,0,0,0,0,0,0,0,0,0,0,0,0
ACC-10007288,0,0,0,0,0,0,0,0,0,0,0,0
ACC-10007289,0,0,0,0,0,0,0,0,0,0,0,0
ACC-100072XX,0,0,0,0,0,0,0,0,0,0,0,0
ACC-10007291,0,0,0,0,0,0,0,0,0,0,0,0
ACC-10007292,0,0,0,0,0,0,0,0,0,0,0,0
ACC-10007293,0,0,0,0,0,0,0,0,0,0,0,0
ACC-10007294,0,0,0,0,0,0,0,0,0,0,0,0
ACC-10007295,0,0,0,0,0,0,0,0,0,0,0,0
ACC-10007296,0,0,0,0,0,0,0,0,0,0,0,0
ACC-10007297,0,0,0,0,0,0,0,0,0,0,0,0
ACC-10007298,0,0,0,0,0,0,0,0,0,0,0,0
ACC-10007299,0,0,0,0,0,0,0,0,0,0,0,0
ACC-10007300,0,0,0,0,0,0,0,0,0,0,0,0
ACC-10007301,0,0,0,0,0,0,0,0,0,0,0,0
ACC-10007302,0,0,0,0,0,0,0,0,0,0,0,0
ACC-10007303,0,0,0,0,0,0,0,0,0,0,0,0
ACC-10007304,0,0,0,0,0,0,0,0,0,0,0,0
,0,0,0,0,0,0,0,0,0,0,0,0
ACC-10007306,0,0,0,0,0,0,0,0,0,0,0,0
ACC-10007307,0,0,0,0,0,0,0,0,0,0,0,0
ACC-10007308,0,0,0,0,0,0,0,0,0,0,0,0
ACC-10007309,0,0,0,0,0,0,0,0,0,0,0,0
ACC-10007310,0,0,0,0,0,0,0,0,0,0,0,0
ACC-10007311,0,0,0,0,0,0,0,0,0,0,0,0
ACC-10007312,0,0,0,0,0,0,0,0,0,0,0,0
ACC-10007313,0,0,0,0,0,0,0,0,0,0,0,0
ACC-10007314,0,0,0,0,0,0,0,0,0,0,0,0
ACC-10007315,0,0,0,0,0,0,0,0,0,0,0,0
ACC-10007316,0,0,0,0,0,0,0,0,0,0,0,0
ACC-10007317,0,0,0,0,0,0,0,0,0,0,0,0
ACC-10007318,0,0,0,0,0,0,0,0,0,0,0,0
ACC-10007319,0,0,0,0,0,0,0,0,0,0,0,0
ACC-10007320,0,0,0,0,0,0,0,0,0,0,0,0
ACC-10007321,0,0,0,0,0,0,0,0,0,0,0,0
ACC-10007322,0,0,0,0,0,0,0,0,0,0,0,0
ACC-10007323,0,0,0,0,0,0,0,0,0,0,0,0
ACC-10007324,0,0,0,0,0,0,0,0,0,0,0,0
ACC-10007325,0,0,0,0,0,0,0,0,0,0,0,0
ACC-10007326,0,0,0,0,0,0,0,0,0,0,0,0
ACC-10007327,0,0,0,0,0,0,0,0,0,0,0,0
ACC-10007328,0,0,0,0,0,0,0,0,0,0,0,0
ACC-10007329,0,0,0,0,0,0,0,0,0,0,0,0
ACC-10007330,0,0,0,0,0,0,0,0,0,0,0,0
ACC-10007331,0,0,0,0,0,0,0,0,0,0,0,0
ACC-10007332,0,0,0,0,0,0,0,0,0,0,0,0
ACC-10007333,0,0,0,0,0,0,0,0,0,0,0,0
ACC-10007334,0,0,0,0,0,0,0,0,0,0,0,0
ACC-10007335,0,0,0,0,0,0,0,0,0,0,0,0
ACC-10007336,0,0,0,0,0,0,0,0,0,0,0,0
ACC-10007337,1,0,0,0,0,0,0,0,0,0,0,0
ACC-10007338,0,0,0,0,0,0,0,0,0,0,0,0
ACC-10007339,0,0,0,0,0,0,0,0,0,0,0,0
ACC-10007340,0,0,0,0,0,0,0,0,0,0,0,0
ACC-10007341,0,1,1,1,1,1,1,0,0,0,1,0
ACC-10007342,0,0,0,0,0,0,0,0,0,0,0,0
ACC-10007343,0,0,0,0,0,0,0,0,0,0,0,0
ACC-10007344,0,0,0,0,0,0,0,0,0,0,0,0
ACC-10007345,0,0,0,0,0,0,0,0,0,0,0,0
ACC-10007346,0,0,0,0,0,0,0,0,0,0,0,0
ACC-10007347,1,1,0,0,1,0,0,1,1,1,0,0
ACC-10007348,0,0,0,0,0,0,0,0,0,0,0,0
ACC-10007349,0,0,0,0,0,0,0,0,0,0,0,0
ACC-10007350,0,0,0,0,0,0,0,0,0,0,0,0
ACC-10007351,0,0,0,0,0,0,0,0,0,0,0,0
ACC-10007352,0,1,1,0,0,0,1,1,1,0,0,0
ACC-10007353,0,0,0,0,0,0,0,0,0,0,0,0
ACC-10007354,0,0,0,0,0,0,0,0,0,0,0,0
ACC-10007355,0,0,0,0,0,0,0,0,0,0,0,0
ACC-10007356,0,0,0,0,0,0,0,0,0,0,0,0
ACC-10007357,0,0,0,0,0,0,0,0,0,0,0,0
ACC-10007358,0,0,0,0,0,0,0,0,0,0,0,0
ACC-10007359,0,0,0,0,0,0,0,0,0,0,0,0
ACC-10007360,0,0,0,0,0,0,0,0,0,0,0,0
ACC-10007361,0,0,0,0,0,0,0,0,0,0,0,0
ACC-10007362,0,0,0,0,0,0,0,0,0,0,0,0
ACC-10007363,0,0,0,0,0,0,0,0,0,0,0,0
ACC-10007364,1,0,0,1,0,0,0,1,0,0,0,1
ACC-10007365,0,0,0,0,0,0,0,0,0,0,0,0
ACC-10007366,0,0,0,0,0,0,0,0,0,0,0,0
ACC-10007367,0,0,0,0,0,0,0,0,0,0,0,0
ACC-10007368,0,0,0,0,0,0,0,0,1,0,0,0
ACC-10007369,0,0,0,0,0,0,0,0,0,0,0,0
ACC-10007370,0,0,0,0,0,0,0,0,0,0,0,0
ACC-10007371,0,0,0,0,0,0,0,0,0,0,0,0
ACC-10007372,0,0,0,0,0,0,0,0,0,0,0,0
ACC-10007373,0,0,0,0,0,0,0,0,0,0,0,0
ACC-10007374,0,0,0,0,0,0,0,0,0,0,0,0
ACC-10007375,0,0,0,0,0,0,0,0,0,0,0,0
ACC-10007376,0,0,0,0,0,0,0,0,0,0,0,0
ACC-10007377,0,0,0,0,0,0,0,0,0,0,0,0
ACC-10007378,0,0,0,0,0,0,0,0,0,0,0,0
ACC-10007379,0,0,0,0,0,0,0,0,0,0,0,0
ACC-10007380,0,0,0,0,0,0,0,0,0,0,0,0
ACC-10007381,0,0,0,0,0,0,0,0,0,0,0,0
ACC-10007382,0,0,0,0,0,0,0,0,0,0,0,0
ACC-10007383,0,0,0,0,0,0,0,0,0,0,0,0
ACC-10007384,0,0,0,0,0,0,0,0,0,0,0,0
ACC-10007385,0,0,0,0,0,0,0,0,0,0,0,0
ACC-10007386,0,0,0,0,0,0,0,0,0,0,0,0
ACC-10007387,0,0,0,0,0,0,0,0,0,0,0,0
ACC-10007388,0,0,0,0,0,0,0,0,0,0,0,0
ACC-10007389,0,0,0,0,0,0,0,0,0,0,0,0
ACC-10007390,0,0,0,0,0,0,0,0,0,0,0,0
ACC-10007391,0,0,0,0,0,0,0,0,0,0,0,0
ACC-10007392,0,0,0,0,0,0,0,0,0,0,0,0
ACC-10007393,0,0,0,0,0,0,0,0,0,0,0,0
ACC-10007394,0,0,0,0,0,0,0,0,0,0,0,0
ACC-10007395,0,0,0,0,0,0,0,0,0,0,0,0
ACC-10007396,0,0,0,0,0,0,0,0,0,0,0,0
ACC-10007397,0,0,0,0,0,0,0,0,0,0,0,0
ACC-10007398,0,0,0,0,0,0,0,0,0,0,0,0
ACC-10007399,0,0,0,0,0,0,0,0,0,0,0,0
ACC-10007400,0,0,0,0,0,0,0,0,0,0,0,0
ACC-10007401,0,0,0,0,0,0,0,0,0,0,0,0
ACC-10007402,0,0,0,0,0,0,0,0,0,0,0,0
ACC-10007403,0,0,0,0,0,0,0,0,0,0,0,0
ACC-10007404,0,0,0,0,0,0,0,0,0,0,0,0
ACC-10007405,0,0,0,0,0,0,0,0,0,0,0,0
ACC-10007406,0,0,0,0,0,0,0,0,0,0,0,0
ACC-10007407,0,0,0,0,0,0,0,0,0,0,0,0
ACC-10007408,0,0,0,0,0,0,0,0,0,0,0,0
ACC-10007409,1,1,0,0,0,0,0,1,0,0,1,1
ACC-10007410,0,0,0,0,0,0,0,0,0,0,0,0
ACC-10007411,0,0,0,0,0,0,0,0,0,0,0,0
ACC-10007412,0,0,0,0,0,0,0,0,0,0,0,0
ACC-10007413,0,0,0,0,0,0,0,0,0,0,0,0
ACC-10007414,0,0,0,0,0,0,0,0,0,0,0,0
ACC-10007415,0,0,0,0,0,0,0,0,0,0,0,0
ACC-10007416,0,0,0,0,0,0,0,0,0,0,0,0
ACC-10007417,0,0,0,0,0,0,0,0,0,0,0,0
ACC-10007418,0,1,0,0,0,0,0,0,0,0,0,0
ACC-10007419,0,0,0,0,0,0,0,0,0,0,0,0
ACC-10007420,0,0,0,0,0,0,0,0,0,0,0,0
ACC-10007421,0,0,0,0,0,0,0,0,0,0,0,0
ACC-10007422,0,0,0,0,0,0,0,0,0,0,0,0
ACC-10007423,0,0,0,0,0,0,0,0,0,0,0,0
ACC-10007424,0,0,0,0,0,0,0,0,0,0,0,0
ACC-10007425,0,0,0,0,0,0,0,0,0,0,0,0
ACC-10007426,0,0,0,0,0,0,0,0,0,0,0,0
ACC-10007427,0,0,0,0,0,0,0,0,0,0,0,0
ACC-10007428,0,0,0,0,0,0,0,0,0,0,0,0
ACC-10007429,0,0,0,0,0,0,0,0,0,0,0,0
ACC-10007430,0,0,0,0,0,0,0,0,0,0,0,0
ACC-10007431,0,0,0,0,0,0,0,0,0,0,0,0
ACC-10007432,0,0,0,0,0,0,0,0,0,0,0,0
ACC-10007433,0,0,0,0,0,0,0,0,0,0,0,0
ACC-10007434,0,0,0,0,0,0,0,0,0,0,0,0
ACC-10007435,0,0,0,0,0,0,0,0,0,0,0,0
ACC-10007436,0,0,0,0,0,0,0,0,0,0,0,0
ACC-10007437,0,0,1,0,0,0,1,0,0,0,0,0
ACC-10007438,0,0,1,0,0,0,1,1,0,0,1,0
ACC-10007439,0,0,0,0,0,0,0,0,0,0,0,0
ACC-10007440,0,0,0,0,0,0,0,0,0,0,0,0
ACC-10007441,0,0,0,0,0,0,0,0,0,0,0,0
ACC-10007442,0,0,0,0,0,0,0,0,0,0,0,0
ACC-10007443,0,0,0,0,0,0,0,0,0,0,0,0
ACC-10007444,1,0,0,1,0,0,1,0,1,1,1,0
ACC-10007445,0,0,0,0,0,0,0,0,0,0,0,0
ACC-10007446,0,0,0,0,0,0,0,0,0,0,0,0
ACC-10007447,0,0,0,0,0,0,0,0,0,0,0,0
ACC-10007448,0,0,0,0,0,0,0,0,0,0,0,0
ACC-10007449,1,1,0,0,0,0,0,0,0,0,0,1
ACC-10007450,1,1,1,1,1,0,0,1,0,0,0,1
ACC-10007451,0,0,0,0,0,0,0,0,0,0,0,0
ACC-10007452,0,0,0,0,0,0,0,0,0,0,0,0
ACC-10007453,0,0,0,0,0,0,0,0,0,0,0,0
ACC-10007454,0,0,0,0,0,0,0,0,0,0,0,0
ACC-10007455,0,0,0,0,0,0,0,0,0,0,0,0
ACC-10007456,0,0,0,0,0,0,0,0,0,0,0,0
ACC-10007457,0,0,0,0,0,0,0,0,0,0,0,0
ACC-10007458,0,0,0,0,0,0,0,0,0,0,0,0
ACC-10007459,0,0,0,0,0,0,0,0,0,0,0,0
ACC-10007460,0,0,0,0,0,0,0,0,0,0,0,0
ACC-10007461,0,0,0,0,0,0,0,0,0,0,0,0
ACC-10007462,0,0,0,0,0,0,0,0,0,0,0,0
ACC-10007463,0,0,0,0,0,0,0,0,0,0,0,0
ACC-10007464,0,0,0,0,0,0,0,0,0,0,0,0
ACC-10007465,0,0,0,0,0,0,0,0,0,0,0,0
ACC-10007466,0,0,0,0,0,0,0,0,0,0,0,0
ACC-10007467,0,0,0,0,0,0,0,0,0,0,0,0
ACC-10007468,0,0,0,0,0,0,0,0,0,0,0,0
ACC-10007469,0,0,0,0,0,0,0,0,1,1,0,0
ACC-10007470,0,0,0,0,0,0,0,0,0,0,0,0
ACC-10007471,0,0,0,0,0,0,0,0,0,0,0,0
ACC-10007472,0,0,0,0,0,0,0,0,0,0,0,0
ACC-10007473,0,0,0,0,0,0,0,0,0,0,0,0
ACC-10007474,0,0,0,0,0,0,0,0,0,0,0,0
ACC-10007475,0,0,0,0,0,0,0,0,0,0,0,0
ACC-10007476,0,0,0,0,0,0,0,0,0,0,0,0
ACC-10007477,0,0,0,0,0,0,0,0,0,0,0,0
ACC-10007478,0,0,0,0,0,0,0,0,0,0,0,0
ACC-10007479,0,0,0,0,0,0,0,0,0,0,0,0
ACC-10007480,0,0,0,0,0,0,0,0,0,0,0,0
ACC-10007481,0,0,0,0,0,0,0,0,0,0,0,0
ACC-10007482,0,0,0,0,0,0,0,0,0,0,0,0
ACC-10007483,1,0,1,0,1,1,0,1,0,0,0,1
ACC-10007484,0,0,0,0,0,0,0,0,0,0,0,0
ACC-10007485,0,0,0,0,0,0,0,0,0,0,0,0
ACC-10007486,0,0,0,0,0,0,0,0,0,0,0,0
ACC-10007487,0,0,0,0,0,0,0,0,0,0,0,0
ACC-10007488,0,0,0,0,0,0,0,0,0,0,0,0
ACC-10007489,0,0,0,0,0,0,0,0,0,0,0,0
ACC-10007490,0,0,0,0,0,0,0,0,0,0,0,0
ACC-10007491,0,0,0,0,0,0,0,0,0,0,0,0
ACC-10007492,0,0,0,0,0,0,0,0,0,0,0,0
ACC-10007493,0,0,0,0,0,0,0,0,0,0,0,0
ACC-10007494,0,0,0,0,0,0,0,0,0,0,0,0
ACC-10007495,0,0,0,0,0,0,0,0,0,0,0,0
ACC-10007496,0,0,0,0,0,0,0,0,0,0,0,0
ACC-10007497,0,0,0,0,0,0,0,0,0,0,0,0
ACC-10007498,0,1,0,0,1,0,0,1,0,1,1,0
ACC-10007499,0,0,0,0,0,0,0,0,0,0,0,0
ACC-10007500,0,0,0,0,0,0,0,0,0,0,0,0
ACC-10007501,0,0,0,0,0,0,0,0,0,0,0,0
ACC-10007502,0,0,0,0,0,0,0,0,0,0,0,0
ACC-10007503,0,0,0,0,0,0,0,0,0,0,0,0
ACC-10007504,0,0,0,0,0,0,0,0,0,0,0,0
ACC-10007505,0,0,0,0,0,0,0,0,0,0,0,0
ACC-10007506,0,0,0,0,0,0,0,0,0,0,0,0
ACC-10007507,0,0,0,0,0,0,0,0,0,0,0,0
ACC-10007508,0,0,0,0,0,0,0,0,0,0,0,0
ACC-10007509,0,0,0,0,0,0,0,0,0,0,0,0
ACC-10007510,0,0,0,0,0,0,0,0,0,0,0,0
ACC-10007511,0,0,0,0,0,0,0,0,0,0,0,0
ACC-10007512,0,0,0,0,0,0,0,0,0,0,0,0
ACC-10007513,0,0,0,0,0,0,0,0,0,0,0,0
ACC-10007514,0,0,0,0,0,0,0,0,0,0,0,0
ACC-10007515,0,0,0,0,0,0,0,0,0,0,0,0
ACC-10007516,0,0,0,0,0,0,0,0,0,0,0,0
ACC-10007517,0,0,0,0,0,0,0,0,0,0,0,0
ACC-10007518,0,0,0,0,0,0,0,0,0,0,0,0
ACC-10007519,0,0,0,0,0,0,0,0,0,0,0,0
ACC-10007520,0,0,0,0,0,0,0,0,0,0,0,0
ACC-10007521,0,0,0,0,0,0,0,0,0,0,0,0
ACC-10007522,0,0,0,0,0,0,0,0,0,0,0,0
ACC-10007523,0,0,0,0,0,0,0,0,0,0,0,0
ACC-10007524,0,0,0,0,0,0,0,0,0,0,0,0
ACC-10007525,0,0,0,0,0,0,0,0,0,0,0,0
ACC-10007526,0,0,0,0,0,0,0,0,0,0,0,0
ACC-10007527,0,0,0,0,0,0,0,0,0,0,0,0
ACC-10007528,0,0,0,0,0,0,0,0,0,0,0,0
ACC-10007529,0,0,0,0,0,0,0,0,0,0,0,0
ACC-10007530,0,0,0,0,0,0,0,0,0,0,0,0
ACC-10007531,0,0,0,0,0,0,0,0,0,0,0,0
ACC-10007532,0,0,0,0,0,0,0,0,0,0,0,0
ACC-10007533,0,0,0,0,0,0,0,0,0,0,0,0
ACC-10007534,0,0,0,0,0,0,0,0,0,0,0,0
ACC-10007535,0,0,0,0,0,0,0,0,0,0,0,0
ACC-10007536,0,0,0,0,0,0,0,0,0,0,0,0
ACC-10007537,0,0,0,0,0,0,0,0,0,0,0,0
ACC-10007538,0,0,0,0,0,0,0,0,0,0,0,0
ACC-10007539,0,0,0,0,0,0,0,0,0,0,0,0
ACC-10007540,0,0,0,0,0,0,0,0,0,0,0,0
ACC-10007541,0,0,0,0,0,0,0,0,0,0,0,0
ACC-10007542,0,0,0,0,0,0,0,0,0,0,0,0
ACC-10007543,0,0,0,0,0,0,0,0,0,0,0,0
ACC-10007544,0,0,0,0,0,0,0,0,0,0,0,0
ACC-10007545,0,0,0,0,0,0,0,0,0,0,0,0
ACC-10007546,0,0,0,0,0,0,0,0,0,0,0,0
ACC-10007547,0,0,0,0,0,0,0,0,0,0,0,0
ACC-10007548,0,0,0,0,0,0,0,0,0,0,0,0
ACC-10007549,0,0,0,0,0,0,0,0,0,0,0,0
ACC-10007550,0,0,0,0,0,0,0,0,0,0,0,0
ACC-10007551,0,0,0,0,0,0,0,0,0,0,0,0
ACC-10007552,0,0,0,0,0,0,0,0,0,0,0,0
ACC-10007553,0,0,0,0,0,0,0,0,0,0,0,0
ACC-10007554,0,0,0,0,0,0,0,0,0,0,0,0
ACC-10007555,0,0,0,0,0,0,0,0,0,0,0,0
ACC-10007556,0,0,0,0,0,0,0,0,0,0,0,0
ACC-10007557,0,0,0,0,0,0,0,0,0,0,0,0
ACC-10007558,0,0,0,0,0,0,0,0,0,0,0,0
ACC-10007559,0,0,0,0,0,0,0,0,0,0,0,0
ACC-10007560,0,0,0,0,0,0,0,0,0,0,0,0
ACC-10007561,0,0,0,0,0,0,0,0,0,0,0,0
ACC-10007562,0,0,0,0,0,0,0,0,0,0,0,0
ACC-10007563,0,0,0,0,0,0,0,0,0,0,0,0
ACC-10007564,0,0,0,0,0,0,0,0,0,0,0,0
ACC-10007565,0,0,0,0,0,0,0,0,0,0,0,0
ACC-10007566,0,0,0,0,0,0,0,0,0,0,0,0
ACC-10007567,0,0,0,0,0,0,0,0,0,0,0,0
ACC-10007568,0,0,0,0,0,0,0,0,0,0,0,0
ACC-10007569,0,0,0,0,0,0,0,0,0,0,0,0
ACC-10007570,0,0,0,0,0,0,0,0,0,0,0,0
ACC-10007571,0,0,0,0,0,0,0,0,0,0,0,0
ACC-10007572,0,0,0,0,0,0,0,0,0,0,0,0
ACC-10007573,0,0,0,0,0,0,0,0,0,0,0,0
ACC-10007574,0,0,0,0,0,0,0,0,0,0,0,0
ACC-10007575,0,0,0,0,0,0,0,0,0,0,0,0
ACC-10007576,1,0,0,1,0,0,1,0,0,0,1,0
ACC-10007577,0,0,0,0,0,0,0,0,0,0,0,0
ACC-10007578,0,0,0,0,0,0,0,0,0,0,0,0
ACC-10007579,0,0,0,0,0,0,0,0,0,0,0,0
ACC-10007580,0,0,0,0,0,0,0,0,0,0,0,0
ACC-10007581,0,0,0,0,0,0,0,0,0,0,0,0
ACC-10007582,0,0,0,0,0,0,0,0,0,0,0,0
ACC-10007583,0,0,0,0,0,0,0,0,0,0,0,0
ACC-10007584,0,0,0,0,0,0,0,0,0,0,0,0
ACC-10007585,0,0,0,0,0,0,0,0,0,0,0,0
ACC-10007586,0,0,0,0,0,0,0,0,0,0,0,0
ACC-10007587,0,0,0,0,0,0,0,0,0,0,0,0
ACC-10007588,0,0,0,0,0,0,0,0,0,0,0,0
ACC-10007589,0,0,0,0,0,0,0,0,0,0,0,0
ACC-10007590,0,0,0,0,0,0,0,0,0,0,0,0
ACC-10007591,0,1,1,0,0,0,1,0,0,1,1,0
ACC-10007592,0,0,0,0,0,0,0,0,0,0,0,0
ACC-10007593,0,0,0,0,0,0,0,0,0,0,0,0
ACC-10007594,0,0,0,0,0,0,0,0,0,0,0,0
ACC-10007595,1,0,1,1,0,0,1,0,0,0,1,0
ACC-10007596,0,0,0,0,0,0,0,0,0,0,0,0
ACC-10007597,0,0,0,0,0,0,0,0,0,0,0,0
ACC-10007598,0,0,0,0,0,0,0,0,0,0,0,0
ACC-10007599,0,0,0,0,0,0,0,0,0,0,0,0
ACC-10007600,1,1,0,1,0,0,0,0,1,0,1,1
ACC-10007601,0,0,0,0,0,0,0,0,0,0,0,0
ACC-10007602,0,0,0,0,0,0,0,0,0,0,0,0
ACC-10007603,0,0,0,0,0,0,0,0,0,0,0,0
ACC-10007604,0,0,0,0,0,0,0,0,0,0,0,0
ACC-10007605,0,0,0,0,0,0,0,0,0,0,0,0
ACC-10007606,0,0,0,0,0,0,0,0,0,0,0,0
ACC-10007607,0,0,0,0,0,0,0,0,0,0,0,0
ACC-10007608,0,0,0,0,0,0,0,0,0,0,0,0
ACC-10007609,0,0,1,0,0,1,0,0,1,1,0,1
ACC-10007610,0,0,0,0,0,0,0,0,0,0,0,0
ACC-10007611,0,0,0,0,0,0,0,0,0,0,0,0
ACC-10007612,0,0,0,0,0,0,0,0,0,0,0,0
ACC-10007613,0,0,0,0,0,0,0,0,0,0,0,0
ACC-10007614,0,0,0,0,0,0,0,0,0,0,0,0
ACC-10007615,0,0,0,0,0,0,0,0,0,0,0,0
ACC-10007616,0,0,0,0,0,0,0,0,0,0,0,0
ACC-10007617,0,0,0,0,0,0,0,0,0,0,0,0
ACC-10007618,0,0,0,0,0,0,0,0,0,0,0,0
ACC-10007619,0,0,0,0,0,0,0,0,0,0,0,0
ACC-10007620,0,0,0,0,0,0,0,0,0,0,0,0
ACC-10007621,0,0,0,1,0,0,1,0,0,1,0,1
ACC-10007622,0,0,0,0,0,0,0,0,0,0,0,0
ACC-10007623,0,0,0,0,0,0,0,0,0,0,0,0
ACC-10007624,0,0,0,0,0,0,0,0,0,0,0,0
ACC-10007625,0,0,0,0,0,0,0,0,0,0,0,0
ACC-10007626,0,0,0,0,0,0,0,0,0,0,0,0
ACC-10007627,0,0,0,0,0,0,0,0,0,0,0,0
ACC-10007628,0,0,0,0,0,0,0,0,0,0,0,0
ACC-10007629,0,0,0,0,0,0,0,0,0,0,0,0
ACC-10007630,0,0,0,0,0,0,0,0,0,0,0,0
ACC-10007631,0,0,0,0,0,0,0,0,0,0,0,0
ACC-10007632,0,0,0,0,0,0,0,0,0,0,0,0
ACC-10007633,0,0,0,0,0,0,0,0,0,0,0,0
ACC-10007634,0,0,0,0,0,0,0,0,0,0,0,0
ACC-10007635,0,0,0,0,0,0,0,0,0,0,0,0
ACC-10007636,0,0,0,0,0,0,0,0,0,0,0,0
ACC-10007637,0,0,0,0,0,0,0,0,0,0,0,0
ACC-10007638,0,0,0,0,0,0,0,0,0,0,0,0
ACC-10007639,0,0,0,0,0,0,0,0,0,0,0,0
ACC-10007640,0,0,0,0,0,0,0,0,0,0,0,0
ACC-10007641,0,0,0,0,0,0,0,0,0,0,0,0
ACC-10007642,0,0,0,0,0,0,0,0,0,0,0,0
ACC-10007643,0,0,0,0,0,0,0,0,0,0,0,0
ACC-10007644,0,0,0,0,0,0,0,0,0,0,0,0
ACC-10007645,0,0,0,0,0,0,0,0,0,0,0,0
ACC-10007646,0,0,0,0,0,0,0,0,0,0,0,0
ACC-10007647,0,0,0,0,0,0,0,0,0,0,0,0
ACC-10007648,0,0,0,0,0,0,0,0,0,0,0,0
ACC-10007649,0,0,0,0,0,0,0,0,0,0,0,0
ACC-10007650,0,0,0,0,0,0,0,0,0,0,0,0
ACC-10007651,0,0,0,0,0,0,0,0,0,0,0,0
ACC-10007652,0,0,0,0,0,0,0,0,0,0,0,0
ACC-10007653,0,0,0,0,0,0,0,0,0,0,0,0
ACC-10007654,0,0,0,0,0,0,0,0,0,0,0,0
ACC-10007655,0,0,0,0,0,0,0,0,0,0,0,0
ACC-10007656,0,0,0,0,0,0,0,0,0,0,0,0
ACC-10007657,0,0,0,0,0,0,0,0,0,0,0,0
ACC-10007658,0,0,0,0,0,0,0,0,0,0,0,0
ACC-10007659,0,0,0,0,0,0,0,0,0,0,0,0
ACC-10007660,0,0,0,0,0,0,0,0,0,0,0,0
ACC-10007661,0,0,0,0,0,0,0,0,0,0,0,0
ACC-10007662,0,0,0,0,0,0,0,0,0,0,0,0
ACC-10007663,0,0,0,0,0,0,0,0,0,0,0,0
ACC-10007664,0,0,0,0,0,0,0,0,0,0,0,0
ACC-10007665,0,0,0,0,0,0,0,0,0,0,0,0
ACC-10007666,0,0,0,0,0,0,0,0,0,0,1,0
ACC-10007667,0,0,0,0,0,0,0,0,0,0,0,0
ACC-10007668,0,0,0,0,0,0,0,0,0,0,0,0
ACC-10007669,0,0,0,1,1,0,0,0,0,1,1,1
ACC-10007670,0,0,0,0,0,0,0,0,0,0,0,0
ACC-10007671,0,0,0,0,0,0,0,0,0,0,0,0
ACC-10007672,0,0,0,0,0,0,0,0,0,0,0,0
ACC-10007673,0,0,0,0,0,0,0,0,0,0,0,0
ACC-10007674,0,0,0,0,0,0,0,0,0,0,0,0
ACC-10007675,0,0,0,0,0,0,0,0,0,0,0,0
ACC-10007676,0,0,0,0,0,0,0,0,0,0,0,0
ACC-10007677,0,0,0,0,0,0,0,0,0,0,0,0
ACC-10007678,0,0,0,0,0,0,0,0,0,0,0,0
ACC-10007679,0,0,0,0,0,0,0,0,0,0,0,0
ACC-10007680,0,0,0,0,0,0,0,0,0,0,0,0
ACC-10007681,0,0,0,0,0,0,0,0,0,0,0,0
ACC-10007682,0,0,0,0,0,0,0,0,0,0,0,0
ACC-10007683,0,0,0,0,0,0,0,0,0,0,0,0
ACC-10007684,0,0,0,0,0,0,0,0,0,0,0,0
ACC-10007685,0,0,0,0,0,0,0,0,0,0,0,0
ACC-10007686,0,0,0,0,0,0,0,0,0,0,0,0
ACC-10007687,0,0,0,0,0,0,0,0,0,0,0,0
ACC-10007688,0,1,0,0,0,0,1,0,0,1,0,0
ACC-10007689,0,0,0,0,0,0,0,0,0,0,0,0
ACC-10007690,0,0,0,0,0,0,0,0,0,0,0,0
ACC-10007691,1,1,0,0,0,0,1,0,0,0,1,1
ACC-10007692,0,0,0,0,0,0,0,0,0,0,0,0
ACC-10007693,0,0,0,0,0,0,0,0,0,0,0,0
ACC-10007694,0,0,0,0,0,0,0,0,0,0,0,0
ACC-10007695,0,0,0,0,0,0,0,0,0,0,0,0
ACC-10007696,0,0,0,0,0,0,0,0,0,0,0,0
ACC-10007697,0,0,0,0,0,0,0,0,0,0,0,0
ACC-10007698,0,0,0,0,0,0,0,0,0,0,0,0
ACC-10007699,0,0,0,0,0,0,0,0,0,0,0,0
ACC-10007700,0,0,0,0,0,0,0,0,0,0,0,0
ACC-10007701,0,0,0,0,0,0,0,0,0,0,0,0
ACC-10007702,0,0,0,0,0,0,0,0,0,0,0,0
ACC-10007703,0,0,0,0,0,0,0,0,0,0,0,0
ACC-10007704,0,0,0,0,0,0,0,0,0,0,0,0
ACC-10007705,0,0,0,0,0,0,0,0,0,0,0,0
ACC-10007706,0,0,0,0,0,0,0,0,0,0,0,0
ACC-10007707,0,0,0,0,0,0,0,0,0,0,0,0
ACC-10007708,0,0,0,0,0,0,0,0,0,0,0,0
ACC-10007709,0,1,1,0,0,1,1,1,1,0,0,0
ACC-10007710,0,0,0,0,0,0,0,0,0,0,0,0
ACC-10007711,0,0,0,0,0,0,0,0,0,0,0,0
ACC-10007712,0,1,0,0,0,0,0,0,0,1,0,0
ACC-10007713,0,0,0,0,0,0,0,0,0,0,0,0
ACC-10007714,0,0,0,0,0,0,0,0,0,0,0,0
ACC-10007715,0,0,0,0,0,0,0,0,0,0,0,0
ACC-10007716,0,0,0,0,0,0,0,0,0,0,0,0
ACC-10007717,0,0,0,0,0,0,0,0,0,0,0,0
ACC-10007718,0,0,0,0,0,0,0,0,0,0,0,0
ACC-10007719,0,0,0,0,0,0,0,0,0,0,0,0
ACC-10007720,0,0,0,0,0,0,0,0,0,0,0,0
ACC-10007721,0,0,0,0,0,0,0,0,0,0,0,0
ACC-10007722,0,0,0,0,0,0,0,0,0,0,0,0
ACC-10007723,0,0,0,0,0,0,0,0,0,0,0,0
ACC-10007724,0,0,0,0,0,0,0,0,0,0,0,0
ACC-10007725,0,0,0,0,0,0,0,0,0,0,0,0
ACC-10007726,0,0,0,0,0,0,0,0,0,0,0,0
ACC-10007727,0,0,0,0,0,0,0,0,0,0,0,0
ACC-10007728,0,0,0,0,0,0,0,0,0,0,0,0
ACC-10007729,0,0,0,0,0,0,0,0,0,0,0,0
ACC-10007730,0,0,0,0,0,0,0,0,0,0,0,0
ACC-10007731,0,0,0,0,0,0,0,0,0,0,0,0
ACC-10007732,0,0,0,0,0,0,0,0,0,0,0,0
ACC-10007733,0,0,0,0,0,0,0,0,0,0,0,0
ACC-10007734,0,0,0,0,0,0,0,0,0,0,0,0
ACC-10007735,0,0,0,0,0,0,0,0,0,0,0,0
ACC-10007736,0,0,0,0,0,0,0,0,0,0,0,0
ACC-10007737,0,0,0,0,0,0,0,0,0,0,0,0
ACC-10007738,0,0,0,0,0,0,0,0,0,0,0,0
ACC-10007739,0,0,0,0,0,0,0,0,0,0,0,0
ACC-10007740,0,0,0,0,0,0,0,0,0,0,0,0
ACC-10007741,0,0,0,0,0,0,0,0,0,0,0,0
ACC-10007742,0,0,0,0,0,0,0,0,0,0,0,0
ACC-10007743,0,0,0,0,0,0,0,0,0,0,0,0
ACC-10007744,0,0,0,0,0,0,0,0,0,0,0,0
ACC-10007745,1,1,0,1,0,0,0,0,1,1,1,1
ACC-10007746,0,0,0,0,0,0,0,0,0,0,0,0
ACC-10007747,0,0,0,0,0,0,0,0,0,0,0,0
ACC-10007748,0,0,0,0,0,0,0,0,0,0,0,0
ACC-10007749,1,1,1,0,1,0,1,0,0,1,0,0
ACC-10007750,0,0,0,0,0,0,0,0,0,0,0,0
ACC-10007751,0,0,0,0,0,0,0,0,0,0,0,0
ACC-10007752,0,0,0,0,0,0,0,0,0,0,0,0
ACC-10007753,0,0,0,0,0,0,0,0,0,0,0,0
ACC-10007754,0,0,0,0,0,0,0,0,0,0,0,0
ACC-10007755,0,0,0,0,0,0,0,0,0,0,0,0
ACC-10007756,0,0,0,0,0,0,0,0,0,0,0,0
ACC-10007757,0,0,0,0,0,0,0,0,0,0,0,0
ACC-10007758,0,0,0,0,0,0,0,0,0,0,0,0
ACC-10007759,0,0,0,0,0,0,0,0,0,0,0,0
ACC-10007760,0,0,0,0,0,0,0,0,0,0,0,0
ACC-10007761,0,0,0,0,0,0,0,0,0,0,0,0
ACC-10007762,0,0,0,0,0,0,0,0,0,0,0,0
ACC-10007763,0,0,0,0,0,0,0,0,0,0,0,0
ACC-10007764,0,0,0,0,0,0,0,0,0,0,0,0
ACC-10007765,0,0,0,0,0,0,0,0,0,0,0,0
ACC-10007766,0,0,0,0,0,0,0,0,0,0,0,0
ACC-10007767,0,0,0,0,0,0,0,0,0,0,0,0
ACC-10007768,0,0,0,0,0,0,0,0,0,0,0,0
ACC-10007769,0,0,0,0,0,0,0,0,0,0,0,0
ACC-10007770,0,0,0,0,0,0,0,0,0,0,0,0
ACC-10007771,0,0,0,0,0,0,0,0,0,0,0,0
ACC-10007772,0,0,0,0,0,0,0,0,0,0,0,0
ACC-10007773,0,0,1,1,1,0,0,1,0,1,0,1
ACC-10007774,0,0,0,0,0,0,0,0,0,0,0,0
ACC-10007775,0,0,0,0,0,0,0,0,0,0,0,0
ACC-10007776,0,0,0,0,0,0,0,0,0,0,0,0
ACC-10007777,0,0,0,0,0,0,0,0,0,0,0,0
ACC-10007778,0,0,0,0,0,0,0,0,0,0,0,0
ACC-10007779,0,0,0,0,0,0,0,0,0,0,0,0
ACC-10007780,0,0,0,0,0,0,0,0,0,0,0,0
ACC-10007781,0,0,0,0,0,0,0,0,0,0,0,0
ACC-10007782,0,0,0,0,0,0,0,0,0,0,0,0
ACC-10007783,0,0,0,0,0,0,0,0,0,0,0,0
ACC-10007784,0,0,0,0,0,0,0,0,0,0,0,0
ACC-10007785,0,0,0,0,0,0,0,0,0,0,0,0
ACC-10007786,0,0,0,0,0,0,0,0,0,0,0,0
ACC-10007787,0,0,0,0,0,0,0,0,0,0,0,0
ACC-10007788,0,0,0,0,0,0,0,0,0,0,0,0
ACC-10007789,0,0,0,0,0,0,0,0,0,0,0,0
ACC-10007790,0,0,0,0,0,0,0,0,0,0,0,0
ACC-10007791,0,0,0,0,0,0,0,0,0,0,0,0
ACC-10007792,1,0,0,0,0,0,0,0,0,0,0,0
ACC-10007793,0,0,0,0,0,0,0,0,1,0,0,0
ACC-10007794,0,0,0,0,0,0,0,0,0,0,0,0
ACC-10007795,0,0,0,0,0,0,0,0,0,0,0,0
ACC-10007796,0,0,0,0,0,0,0,0,0,0,0,0
ACC-10007797,0,0,0,0,0,0,0,0,0,0,0,0
ACC-10007798,0,0,0,0,0,0,0,0,0,0,0,0
ACC-10007799,0,0,0,0,0,0,0,0,0,0,0,0
ACC-10007800,0,0,0,0,0,0,0,0,0,0,0,0
ACC-10007801,0,0,0,0,0,0,0,0,0,0,0,0
ACC-10007802,0,0,0,0,0,0,0,0,0,0,0,0
ACC-10007803,0,0,0,0,0,0,0,0,0,0,0,0
ACC-10007804,0,0,0,0,0,0,0,0,0,0,0,0
ACC-10007805,0,0,0,0,0,0,0,0,0,0,0,0
ACC-10007806,0,0,1,0,1,0,1,0,1,0,0,0
ACC-10007807,0,0,0,0,0,0,0,0,0,0,0,0
ACC-10007808,0,0,0,0,0,0,0,0,0,0,0,0
ACC-10007809,0,0,0,0,0,0,0,0,0,0,0,0
ACC-10007810,0,0,0,0,0,0,0,0,0,0,0,0
ACC-10007811,0,0,0,0,0,1,0,0,0,0,1,0
ACC-10007812,0,0,0,0,0,0,0,0,0,0,0,0
ACC-10007813,0,0,0,0,0,0,0,0,0,0,0,0
ACC-10007814,0,0,0,0,0,0,0,0,0,0,0,0
ACC-10007815,0,0,0,0,0,0,0,0,0,0,0,0
ACC-10007816,0,0,0,0,0,0,0,0,0,0,0,0
ACC-10007817,0,0,0,0,0,0,0,0,0,0,0,0
ACC-10007818,0,0,0,0,0,0,0,0,0,0,0,0
ACC-10007819,0,0,0,0,0,0,0,0,0,0,0,0
ACC-10007820,0,0,0,0,0,0,0,0,0,0,0,0
ACC-10007821,0,0,0,0,0,0,0,0,0,0,0,0
ACC-10007822,0,0,0,0,0,0,0,0,0,0,0,0
ACC-10007823,0,0,0,0,0,0,0,0,0,0,0,0
ACC-10007824,0,0,0,0,0,0,0,0,0,0,0,0
ACC-10007825,0,0,0,0,0,0,0,0,0,0,0,0
ACC-10007826,0,0,0,0,0,0,0,0,0,0,0,0
ACC-10007827,0,0,0,0,0,0,0,0,0,0,0,0
ACC-10007828,0,0,0,1,0,1,0,0,0,0,1,0
ACC-10007829,0,0,0,0,0,0,0,0,0,0,0,0
ACC-10007830,0,0,0,0,0,0,0,0,0,0,0,0
ACC-10007831,0,0,0,0,0,0,0,0,0,0,0,0
ACC-10007832,0,0,0,0,0,0,0,0,0,0,0,0
ACC-10007833,0,0,0,0,0,0,0,0,0,0,0,0
ACC-10007834,0,0,0,0,0,0,0,0,0,0,0,0
ACC-10007835,0,0,0,0,0,0,0,0,0,0,0,0
ACC-10007836,0,0,0,0,0,0,0,0,0,0,0,0
ACC-10007837,0,0,0,0,0,0,0,0,0,0,0,0
ACC-10007838,0,0,0,0,0,0,0,0,0,0,0,0
ACC-10007839,0,0,1,0,1,1,0,0,1,0,0,1
ACC-10007840,0,0,0,0,0,0,0,0,0,0,0,0
ACC-10007841,0,0,0,0,0,0,0,0,0,0,0,0
ACC-10007842,0,0,0,0,0,0,0,0,0,0,0,0
ACC-10007843,0,0,0,0,0,0,0,0,0,0,0,0
ACC-10007844,0,0,0,0,0,0,0,0,0,0,0,0
ACC-10007845,0,0,0,0,0,0,0,0,0,0,0,0
ACC-10007846,0,0,0,0,0,0,0,0,0,0,0,0
ACC-10007847,0,0,0,0,0,0,0,0,0,0,0,0
ACC-10007848,0,0,0,0,0,0,0,0,0,0,0,0
ACC-10007849,0,0,0,0,0,0,0,0,0,0,0,0
ACC-10007850,0,0,0,0,0,0,0,0,0,0,0,0
ACC-10007851,0,0,0,0,0,0,0,0,0,0,0,0
ACC-10007852,0,0,0,0,1,0,0,0,1,0,0,0
ACC-10007853,0,0,0,0,0,0,0,0,0,0,0,0
ACC-10007854,0,0,0,0,0,0,0,0,0,0,0,0
ACC-10007855,1,0,1,0,0,0,0,0,0,0,1,0
ACC-10007856,0,0,0,0,0,0,0,0,0,0,0,0
ACC-10007857,0,0,0,0,0,0,0,0,0,0,0,0
ACC-10007858,0,0,0,1,0,0,1,0,0,0,0,0
ACC-10007859,0,0,0,0,0,0,0,0,0,0,0,0
ACC-10007860,0,0,0,0,0,0,0,0,0,0,0,0
ACC-10007861,0,0,0,0,0,0,0,0,0,0,0,0
ACC-10007862,0,0,0,0,0,0,0,0,0,0,0,0
ACC-10007863,0,0,0,0,0,0,0,0,0,0,0,0
ACC-10007864,0,0,0,0,0,0,0,0,0,0,0,0
ACC-10007865,0,0,0,0,0,0,0,0,0,0,0,0
ACC-10007866,0,0,0,0,0,0,0,0,0,0,0,0
ACC-10007867,0,0,0,0,0,0,0,0,0,0,0,0
ACC-10007868,0,0,0,0,0,0,0,0,0,0,0,0
ACC-10007869,0,0,0,0,0,0,0,0,0,0,0,0
ACC-10007870,0,0,0,0,0,0,0,0,0,0,0,0
ACC-10007871,0,0,0,0,0,0,0,0,0,0,0,0
ACC-10007872,0,0,0,0,0,0,0,0,0,0,0,0
ACC-10007873,0,0,0,0,0,0,0,0,0,0,0,0
ACC-10007874,0,0,0,0,0,0,0,0,0,0,0,0
ACC-10007875,0,0,0,0,0,0,0,0,0,0,0,0
ACC-10007876,0,0,0,0,0,0,0,0,0,0,0,0
ACC-10007877,0,0,0,0,0,0,0,0,0,0,0,0
ACC-10007878,0,0,0,0,0,0,0,0,0,0,0,0
ACC-10007879,0,0,0,0,0,0,0,0,0,0,0,0
ACC-10007880,0,0,0,0,0,0,0,0,0,0,0,0
ACC-10007881,0,0,0,0,0,0,0,0,0,0,0,0
ACC-10007882,0,0,0,0,1,1,0,0,0,0,0,0
ACC-10007883,0,0,0,0,0,0,0,0,0,0,0,0
ACC-10007884,0,0,0,0,0,0,0,0,0,0,0,0
ACC-10007885,0,0,0,0,0,0,0,0,0,0,0,0
ACC-10007886,0,0,0,0,0,0,0,0,0,0,0,0
ACC-10007887,0,0,0,0,0,0,0,0,0,0,0,0
ACC-10007888,0,0,0,0,0,0,0,0,0,0,0,0
ACC-10007889,0,0,0,0,0,0,0,0,0,0,0,0
ACC-10007890,0,0,0,0,0,0,0,0,0,0,0,0
ACC-10007891,0,0,0,0,0,0,0,0,0,0,0,0
ACC-10007892,0,0,0,0,0,0,0,0,0,0,0,0
ACC-10007893,0,0,0,0,0,0,0,0,0,0,0,0
ACC-10007894,0,0,0,0,0,0,0,0,0,0,0,0
ACC-10007895,0,0,0,0,0,0,0,0,0,0,0,0
ACC-10007896,0,0,0,0,0,0,0,0,0,0,0,0
ACC-10007897,0,0,0,0,0,0,0,0,0,0,0,0
ACC-10007898,0,1,1,0,0,0,0,0,0,0,1,1
ACC-10007899,0,0,0,0,0,0,0,0,0,0,0,0
ACC-10007900,0,0,0,0,0,0,0,0,0,0,0,0
ACC-10007901,0,0,1,0,1,1,0,0,1,1,0,0
ACC-10007902,0,0,0,0,0,0,0,0,0,0,0,0
ACC-10007903,0,0,0,0,0,0,0,0,0,0,0,0
ACC-10007904,0,0,0,0,0,0,0,0,0,0,0,0
ACC-10007905,0,0,0,0,0,0,0,0,0,0,0,0
ACC-10007906,0,0,0,0,0,0,0,0,0,0,0,0
ACC-10007907,0,0,0,0,0,0,0,0,0,0,0,0
ACC-10007908,1,0,0,0,0,1,0,0,0,0,0,0
ACC-10007909,0,0,0,0,0,0,0,0,0,0,0,0
ACC-10007910,0,0,0,0,0,0,0,0,0,0,0,0
ACC-10007911,0,0,0,0,0,0,0,0,0,0,0,0
ACC-10007912,0,0,0,0,0,0,0,0,0,0,0,0
ACC-10007913,0,0,0,0,0,0,0,0,0,0,0,0
ACC-10007914,0,0,0,0,0,0,0,0,0,0,0,0
ACC-10007915,0,0,0,0,0,0,0,0,0,0,0,0
ACC-10007916,0,0,0,0,0,0,0,0,0,0,0,0
ACC-10007917,0,0,0,0,0,0,0,0,0,0,0,0
ACC-10007918,0,0,0,0,0,0,0,0,0,0,0,0
ACC-10007919,0,0,0,0,0,0,0,0,0,0,0,0
ACC-10007920,0,0,0,0,0,0,0,0,0,0,0,0
ACC-10007921,0,0,0,0,0,0,0,0,0,0,0,0
ACC-10007922,0,0,0,0,0,0,0,0,0,0,0,0
ACC-10007923,0,0,0,0,0,0,0,0,0,0,0,0
ACC-10007924,0,0,0,0,0,0,0,0,0,0,0,0
ACC-10007925,0,0,0,0,0,0,0,0,0,0,0,0
ACC-10007926,0,0,0,0,0,0,0,0,0,0,0,0
ACC-10007927,0,0,0,0,0,0,0,0,0,0,0,0
ACC-10007928,0,0,0,0,0,0,0,0,0,0,0,0
ACC-10007929,0,0,0,0,0,0,0,0,0,0,0,0
ACC-10007930,0,0,0,0,0,0,0,0,0,0,0,0
ACC-10007931,0,0,0,0,0,0,0,0,0,0,0,0
ACC-10007932,0,0,0,0,0,0,0,0,0,0,0,0
ACC-10007933,0,0,0,0,0,0,0,0,0,0,0,0
ACC-10007934,0,0,0,0,0,0,0,0,0,0,0,0
ACC-10007935,0,0,0,0,0,0,0,0,0,0,0,0
ACC-10007936,0,0,0,0,0,0,0,0,0,0,0,0
ACC-10007937,0,0,0,0,0,0,0,0,0,0,0,0
ACC-10007938,0,0,0,0,0,0,0,0,0,0,0,0
ACC-10007939,0,0,0,0,0,0,0,0,0,0,0,0
ACC-10007940,0,0,0,0,0,0,0,0,0,0,0,0
ACC-10007941,0,0,0,0,0,0,0,0,0,0,0,0
ACC-10007942,0,0,0,0,0,0,0,0,0,0,0,0
ACC-10007943,0,0,0,0,0,0,0,0,0,0,0,0
ACC-10007944,0,0,0,0,0,0,0,0,0,0,0,0
ACC-10007945,0,0,0,0,0,0,0,0,0,0,0,0
ACC-10007946,0,0,0,0,0,0,0,0,0,0,0,0
ACC-10007947,0,1,0,0,1,0,1,0,0,0,0,0
ACC-10007948,0,0,0,0,0,0,0,0,0,0,0,0
ACC-10007949,0,0,0,0,0,0,0,0,0,0,0,0
ACC-10007950,0,0,0,0,0,0,0,0,0,0,0,0
ACC-10007951,0,0,0,0,0,0,0,0,0,0,0,0
ACC-10007952,0,0,0,0,0,0,0,0,0,0,0,0
ACC-10007953,0,0,0,0,0,0,0,0,0,0,0,0
ACC-10007954,0,0,0,0,0,0,0,0,0,0,0,0
,0,1,0,0,0,0,0,0,0,0,0,0
ACC-10007956,0,0,0,0,0,0,0,0,0,0,0,0
ACC-10007957,0,0,0,0,0,0,0,0,0,0,0,0
ACC-10007958,0,0,0,0,0,0,0,0,0,0,0,0
ACC-10007959,0,0,0,0,0,0,0,0,0,0,0,0
ACC-10007960,0,0,0,0,0,0,0,0,0,0,0,0
ACC-10007961,0,0,0,0,0,0,0,0,0,0,0,0
ACC-10007962,0,0,0,0,0,0,0,0,0,0,0,0
ACC-10007963,0,0,0,0,0,0,0,0,0,0,0,0
ACC-10007964,0,0,0,0,0,0,0,0,0,0,0,0
ACC-10007965,0,0,0,0,0,0,0,0,0,0,0,0
ACC-10007966,0,0,0,0,0,0,0,0,0,0,0,0
ACC-10007967,0,0,0,0,0,0,0,0,0,0,0,0
ACC-10007968,0,0,1,0,0,0,0,0,1,0,1,0
ACC-10007969,0,0,0,0,0,0,0,0,0,0,0,0
ACC-10007970,0,0,0,0,0,0,0,0,0,0,0,0
ACC-10007971,0,0,0,0,0,0,0,0,0,0,0,0
ACC-10007972,0,0,0,0,0,0,0,0,0,0,0,0
ACC-10007973,0,0,0,0,0,0,0,0,0,0,0,0
ACC-10007974,0,0,0,0,0,0,0,0,0,0,0,0
ACC-10007975,0,0,0,0,0,0,0,0,0,0,0,0
ACC-10007976,0,0,0,0,0,0,0,0,0,0,0,0
ACC-10007977,0,0,0,0,0,0,0,0,0,0,0,0
ACC-10007978,0,0,0,0,0,0,0,0,0,0,0,0
ACC-10007979,0,0,0,1,0,0,0,0,0,0,0,0
ACC-10007980,0,0,0,0,0,0,0,0,0,0,0,0
ACC-10007981,0,0,0,0,0,0,0,0,0,0,0,0
ACC-10007982,0,0,0,0,0,0,0,0,0,0,0,0
ACC-10007983,1,0,0,0,1,1,1,0,0,1,1,0
ACC-10007984,0,0,0,0,0,0,0,0,0,0,0,0
ACC-10007985,0,0,0,0,0,0,0,0,0,0,0,0
ACC-10007986,0,0,0,0,0,0,0,0,0,0,0,0
ACC-10007987,0,0,0,0,0,0,0,0,0,0,0,0
ACC-10007988,0,0,0,0,0,0,0,0,0,0,0,0
ACC-10007989,0,0,0,0,0,0,0,0,0,0,0,0
ACC-10007990,0,0,0,0,0,0,0,0,0,0,0,0
ACC-10007991,0,0,0,0,0,0,0,0,0,0,0,0
ACC-10007992,0,0,0,0,0,0,0,0,0,0,0,0
ACC-10007993,0,0,0,0,0,0,0,0,0,0,0,0
ACC-10007994,0,0,0,0,0,0,0,0,0,0,0,0
ACC-10007995,0,0,0,0,0,0,0,0,0,0,0,0
ACC-10007996,0,0,0,0,0,0,0,0,0,0,0,0
ACC-10007997,0,0,0,0,0,0,0,0,0,0,0,0
ACC-10007998,0,0,0,1,0,0,0,0,0,0,1,0
ACC-10007999,0,0,0,0,0,0,0,0,0,0,0,0
ACC-10008000,0,0,0,0,0,0,0,0,0,0,0,0
ACC-10008001,0,0,0,0,0,0,0,0,0,0,0,0
ACC-10008002,0,0,0,0,0,0,0,0,0,0,0,0
ACC-10008003,0,0,0,0,0,0,0,0,0,0,0,0
ACC-10008004,0,0,0,0,0,0,0,0,0,0,0,0
ACC-10008005,0,0,0,0,0,0,0,0,0,0,0,0
ACC-10008006,0,0,0,0,0,0,0,0,0,0,0,0
ACC-10008007,0,0,0,0,0,0,0,0,0,0,0,0
ACC-10008008,0,0,0,0,0,0,0,0,0,0,0,0
ACC-10008009,0,0,0,0,0,0,0,0,0,0,0,0
ACC-10008010,0,0,0,0,0,0,0,0,0,0,0,0
ACC-10008011,0,0,0,0,0,0,0,0,0,0,0,0
ACC-10008012,0,0,0,0,0,0,0,0,0,0,0,0
ACC-10008013,0,0,0,0,0,0,0,0,0,0,0,0
ACC-10008014,0,0,0,0,0,0,0,0,0,0,0,0
ACC-10008015,0,0,0,0,0,0,0,0,0,0,0,0
ACC-10008016,0,0,0,0,0,0,0,0,0,0,0,0
ACC-10008017,0,0,0,0,0,0,0,0,0,0,0,0
ACC-10008018,0,0,0,0,0,0,0,0,0,0,0,0
ACC-10008019,0,0,0,0,0,0,0,0,0,0,0,0
ACC-10008020,0,0,0,0,0,0,0,0,0,0,0,0
ACC-10008021,0,0,0,0,0,0,0,0,0,0,0,0
ACC-10008022,0,0,0,0,0,0,0,0,0,0,0,0
ACC-10008023,0,0,0,0,0,0,0,0,0,0,0,0
ACC-10008024,0,0,0,0,0,0,0,0,0,0,0,0
ACC-10008025,0,0,0,0,0,0,0,0,0,0,0,0
ACC-10008026,0,0,1,1,0,0,1,0,0,0,1,0
ACC-10008027,0,0,0,0,0,0,0,0,0,0,0,0
ACC-10008028,0,0,0,0,0,0,0,0,0,0,0,0
ACC-10008029,0,0,0,0,0,0,0,0,0,0,0,0
ACC-10008030,0,0,0,0,0,0,0,0,0,0,0,0
ACC-10008031,0,0,0,0,0,0,0,0,0,0,0,0
ACC-10008032,0,0,0,0,0,0,0,0,0,0,0,0
ACC-10008033,0,0,0,0,0,0,0,0,0,0,0,0
ACC-10008034,0,0,0,0,0,0,0,0,0,0,0,0
ACC-10008035,0,0,0,0,0,0,0,0,0,0,0,0
ACC-10008036,0,0,0,0,0,0,0,0,0,0,0,0
ACC-10008037,1,1,0,0,0,0,1,1,1,0,0,1
ACC-10008038,0,0,0,0,0,0,0,0,0,0,0,0
ACC-10008039,0,0,0,0,0,0,0,0,0,0,0,0
ACC-10008040,0,0,0,0,0,0,0,0,0,0,0,0
ACC-10008041,0,0,0,0,0,0,0,0,0,0,0,0
ACC-10008042,0,0,0,0,0,0,0,0,0,0,0,0
ACC-10008043,0,0,0,0,0,0,0,0,0,0,0,0
ACC-10008044,0,0,0,0,0,0,0,0,0,0,0,0
ACC-10008045,0,0,0,0,0,0,0,0,0,0,0,0
ACC-10008046,0,0,0,0,0,0,0,0,0,0,0,0
ACC-10008047,0,0,0,0,0,0,0,0,0,0,0,0
ACC-10008048,0,0,0,0,0,0,0,0,0,0,0,0
ACC-10008049,0,0,0,0,0,0,0,0,0,0,0,0
ACC-10008050,0,0,0,0,0,0,0,0,0,0,0,0
ACC-10008051,0,0,0,0,0,0,0,0,0,0,0,0
ACC-10008052,0,0,0,0,0,0,0,0,1,0,0,0
ACC-10008053,0,1,1,0,0,0,0,0,0,0,0,1
ACC-10008054,0,0,0,0,0,0,0,0,0,0,0,0
ACC-10008055,0,0,0,0,0,0,0,0,0,0,0,0
ACC-10008056,0,0,0,0,0,0,0,0,0,0,0,0
ACC-10008057,0,0,0,0,0,0,0,0,0,0,0,0
ACC-10008058,0,0,0,0,0,0,0,0,0,0,0,0
ACC-10008059,0,0,0,0,0,0,0,0,0,0,0,0
ACC-10008060,0,0,0,0,0,0,0,0,0,0,0,0
ACC-10008061,0,0,0,0,0,0,0,0,0,0,0,0
ACC-10008062,0,0,0,0,0,0,0,0,0,0,0,0
ACC-10008063,0,0,0,0,0,0,0,0,0,0,0,0
ACC-10008064,0,0,0,0,0,0,0,0,0,0,0,0
ACC-10008065,0,0,0,0,0,0,0,0,0,0,0,0
ACC-10008066,0,0,0,0,0,0,0,0,0,0,0,0
ACC-10008067,0,0,0,0,0,0,0,0,0,0,0,0
ACC-10008068,0,0,0,0,0,0,0,0,0,0,0,0
ACC-10008069,0,0,0,0,0,0,0,0,0,0,0,0
ACC-10008070,0,0,0,0,0,0,0,0,0,0,0,0
ACC-10008071,0,0,0,0,0,0,0,0,0,0,0,0
ACC-10008072,0,0,0,0,0,0,0,0,0,0,0,0
ACC-10008073,0,0,0,0,0,0,0,0,0,0,0,0
ACC-10008074,0,0,0,0,0,0,0,0,0,0,0,0
ACC-10008075,0,0,0,0,0,0,0,0,0,0,0,0
ACC-10008076,0,0,0,0,0,0,0,0,0,0,0,0
ACC-10008077,0,0,0,0,0,0,0,0,0,0,0,0
ACC-10008078,0,0,0,0,0,0,0,0,0,0,0,0
ACC-10008079,0,0,0,0,0,0,0,0,0,0,0,0
ACC-10008080,0,0,0,0,0,0,0,0,0,0,0,0
ACC-10008081,0,0,0,0,0,0,0,0,0,0,0,0
ACC-10008082,0,0,0,0,0,0,0,0,0,0,0,0
ACC-10008083,0,0,0,0,0,0,0,0,0,0,0,0
ACC-10008084,0,0,0,0,0,0,0,0,0,0,0,0
ACC-10008085,0,0,0,0,0,0,0,0,0,0,0,0
ACC-10008086,0,0,0,0,0,0,0,0,0,0,0,0
ACC-10008087,0,0,0,0,0,0,0,0,0,0,0,0
ACC-10008088,0,0,0,0,0,0,0,0,0,0,0,0
ACC-10008089,0,0,0,0,0,0,0,0,0,0,0,0
ACC-10008090,0,0,0,0,0,0,0,0,0,0,0,0
ACC-10008091,0,0,0,0,0,0,0,0,0,0,0,0
ACC-10008092,0,0,0,0,0,0,0,0,0,0,0,0
ACC-10008093,0,0,0,0,0,0,0,0,0,0,0,0
ACC-10008094,0,0,0,0,0,0,0,0,0,0,0,0
ACC-10008095,0,0,0,0,0,0,0,0,0,0,0,0
ACC-10008096,0,0,0,0,0,0,0,0,0,0,0,0
ACC-10008097,0,0,0,0,0,0,0,0,0,0,0,0
ACC-10008098,0,0,0,0,0,0,0,0,0,0,0,0
ACC-10008099,0,0,0,0,0,0,0,0,0,0,0,0
ACC-10008100,0,0,0,0,0,0,0,0,0,0,0,0
ACC-10008101,0,0,0,0,0,0,0,0,0,0,0,0
ACC-10008102,0,0,0,0,0,0,0,0,0,0,0,0
ACC-10008103,0,0,0,0,0,0,0,0,0,0,0,0
ACC-10008104,0,0,0,0,0,0,0,0,0,0,0,0
ACC-10008105,0,0,0,0,0,0,0,0,0,0,0,0
ACC-10008106,0,0,0,0,0,0,0,0,0,0,0,0
ACC-10008107,0,0,0,0,0,0,0,0,0,0,0,0
ACC-10008108,0,0,0,0,0,0,0,0,0,0,0,0
ACC-10008109,0,0,0,0,0,0,0,0,0,0,0,0
ACC-10008110,0,0,0,0,0,0,0,0,0,0,0,0
ACC-10008111,0,0,0,0,0,0,0,0,0,0,0,0
ACC-10008112,0,0,0,0,0,0,0,0,0,0,0,0
ACC-10008113,0,0,0,0,0,0,0,0,0,0,0,0
ACC-10008114,0,0,0,0,0,0,0,0,0,0,0,0
ACC-10008115,0,0,0,0,0,0,0,0,0,0,0,0
ACC-10008116,0,0,0,0,0,0,0,0,0,0,0,0
ACC-10008117,0,0,0,0,0,0,0,0,0,0,0,0
ACC-10008118,0,0,0,0,0,0,0,0,0,0,0,0
ACC-10008119,0,0,0,0,0,0,0,0,0,0,0,0
ACC-10008120,0,0,0,0,0,0,0,0,0,0,0,0
ACC-10008121,0,0,0,0,0,0,0,0,0,0,0,0
ACC-10008122,0,0,0,0,0,0,0,0,0,0,0,0
ACC-10008123,0,0,0,0,0,0,0,0,0,0,0,0
ACC-10008124,0,0,0,0,0,0,0,0,0,0,0,0
ACC-10008125,0,0,0,0,0,0,0,0,0,0,0,0
ACC-10008126,0,0,0,0,0,0,0,0,0,0,0,0
ACC-10008127,0,0,0,0,0,0,0,0,0,0,0,0
ACC-10008128,0,0,0,0,0,0,0,0,0,0,0,0
ACC-10008129,0,0,0,0,0,0,0,0,0,0,0,0
ACC-10008130,0,0,0,0,0,0,0,0,0,0,0,0
ACC-10008131,0,0,0,0,0,0,0,0,0,0,0,0
ACC-10008132,0,0,0,0,0,0,0,0,0,0,0,0
ACC-10008133,0,0,0,0,0,0,0,0,0,0,0,0
ACC-10008134,0,0,0,0,0,0,0,0,0,0,0,0
ACC-10008135,0,0,0,0,0,0,0,0,0,0,0,0
ACC-10008136,0,0,0,0,0,0,0,0,0,0,0,0
ACC-10008137,0,0,0,0,0,0,0,0,0,0,0,0
ACC-10008138,0,0,0,0,0,0,0,0,0,0,0,0
ACC-10008139,0,0,0,0,0,0,0,0,0,0,0,0
ACC-10008140,0,0,0,0,0,0,0,0,0,0,0,0
ACC-10008141,0,0,1,0,0,0,1,0,0,1,1,0
ACC-10008142,0,0,0,0,0,0,0,0,0,0,0,0
ACC-10008143,0,0,0,0,0,0,0,0,0,0,0,0
ACC-10008144,0,0,0,0,0,0,0,0,0,0,0,0
ACC-10008145,0,0,0,0,0,0,0,0,0,0,0,0
ACC-10008146,0,0,0,0,0,0,0,0,0,0,0,0
ACC-10008147,0,0,0,0,0,0,0,0,0,0,0,0
ACC-10008148,0,0,0,0,0,0,0,0,0,0,0,0
ACC-10008149,0,0,0,0,0,0,0,0,0,0,0,0
ACC-10008150,0,0,0,0,0,0,0,0,0,0,0,0
ACC-10008151,0,0,0,0,0,0,0,0,0,0,0,0
ACC-10008152,0,0,0,0,0,0,0,0,0,0,0,0
ACC-10008153,0,0,0,0,0,0,0,0,0,0,0,0
ACC-10008154,0,0,0,0,0,0,0,0,0,0,0,0
ACC-10008155,0,0,0,0,0,0,0,0,0,0,0,0
ACC-10008156,0,0,0,0,0,0,0,0,0,0,0,0
ACC-10008157,0,0,0,0,0,0,0,0,0,0,0,0
ACC-10008158,0,0,0,0,0,0,0,0,0,0,0,0
ACC-10008159,0,0,0,0,0,0,0,0,0,0,0,0
ACC-10008160,0,0,0,0,0,0,0,0,0,0,0,0
ACC-10008161,0,0,0,0,0,0,0,0,0,0,0,0
ACC-10008162,0,0,0,0,0,0,0,0,0,0,0,0
ACC-10008163,0,0,0,0,0,0,0,0,0,0,0,0
ACC-10008164,0,0,0,0,0,0,0,0,0,0,0,0
ACC-10008165,0,0,0,0,0,0,0,0,0,0,0,0
ACC-10008166,0,0,0,0,0,0,0,0,0,0,0,0
ACC-10008167,0,0,0,0,0,0,0,0,0,0,0,0
ACC-10008168,0,0,0,0,0,0,0,0,0,0,0,0
ACC-10008169,0,0,0,0,0,0,0,0,0,0,0,0
ACC-10008170,0,0,0,0,0,0,0,0,0,0,0,0
ACC-10008171,0,0,0,0,0,0,0,0,0,0,0,0
ACC-10008172,0,0,0,0,0,0,0,0,0,0,0,0
ACC-10008173,0,0,0,0,0,0,0,0,0,0,0,0
ACC-10008174,0,0,1,0,1,0,0,1,0,0,0,1
ACC-10008175,0,0,0,0,0,0,0,0,0,0,0,0
ACC-10008176,0,0,0,0,0,0,0,0,0,0,0,0
ACC-10008177,0,0,0,0,0,0,0,0,0,0,0,0
ACC-10008178,0,0,0,0,0,0,0,0,0,0,0,0
ACC-10008179,0,0,0,0,0,0,0,0,0,0,0,0
ACC-10008180,0,0,0,0,0,0,0,0,0,0,0,0
ACC-10008181,0,0,0,0,0,0,0,0,0,0,0,0
ACC-10008182,0,0,0,0,0,0,0,0,0,0,0,0
ACC-10008183,0,0,0,0,0,0,0,0,0,0,0,0
ACC-10008184,0,0,0,0,0,0,0,0,0,0,0,0
ACC-10008185,0,0,0,0,0,0,0,0,0,0,0,0
ACC-10008186,0,0,0,0,0,0,0,0,0,0,0,0
ACC-10008187,0,0,0,0,0,0,0,0,0,0,0,0
ACC-10008188,0,0,0,0,0,0,0,0,0,0,0,0
ACC-10008189,0,0,0,0,0,0,0,0,0,0,0,0
ACC-10008190,0,0,0,0,0,0,0,0,0,0,0,0
ACC-10008191,0,0,0,0,0,0,0,0,0,0,0,0
ACC-10008192,0,0,0,0,0,0,0,0,0,0,0,0
ACC-10008193,0,0,0,0,0,0,0,0,0,0,0,0
ACC-10008194,0,0,0,0,0,0,0,0,0,0,0,0
ACC-10008195,0,0,0,0,0,0,0,0,0,0,0,0
ACC-10008196,0,0,0,0,0,0,0,0,0,0,0,0
ACC-10008197,1,0,0,0,0,1,1,1,1,1,0,1
ACC-10008198,0,0,0,0,0,0,0,0,0,0,0,0
ACC-10008199,0,0,0,0,0,0,0,0,0,0,0,0
ACC-10008200,0,0,0,0,0,0,0,0,0,0,0,0
ACC-10008201,0,0,0,0,0,0,0,0,0,0,0,0
ACC-10008202,0,0,0,0,0,0,0,0,0,0,0,0
ACC-10008203,0,0,0,0,0,0,0,0,0,0,0,0
ACC-10008204,0,0,0,0,0,0,0,0,0,0,0,0
ACC-10008205,0,0,0,0,0,0,0,0,0,0,0,0
ACC-10008206,0,0,0,0,0,0,0,0,0,0,0,0
ACC-10008207,0,0,0,0,0,0,0,0,0,0,0,0
ACC-10008208,0,0,0,0,0,0,0,0,0,0,0,0
ACC-10008209,0,0,0,0,0,0,0,0,0,0,0,0
ACC-10008210,0,0,0,0,0,0,0,0,0,0,0,0
ACC-10008211,0,0,0,0,0,0,0,0,0,0,0,0
ACC-10008212,0,0,0,0,0,0,0,0,0,0,0,0
ACC-10008213,0,0,0,0,0,0,0,0,0,0,0,0
ACC-10008214,0,0,0,0,0,0,0,0,0,0,0,0
ACC-10008215,0,0,0,0,0,0,0,0,0,0,0,0
ACC-10008216,0,0,0,0,0,0,0,0,0,0,0,0
ACC-10008217,0,0,0,0,0,0,0,0,0,0,0,0
ACC-10008218,0,0,0,0,0,0,0,0,0,0,0,0
ACC-10008219,0,0,0,0,0,0,0,0,0,0,0,0
ACC-10008220,0,0,0,0,0,0,0,0,0,0,0,0
ACC-10008221,0,0,0,1,1,1,1,0,1,0,0,0
ACC-10008222,0,0,0,0,0,0,0,0,0,0,0,0
ACC-10008223,0,0,0,0,0,0,0,0,0,0,0,0
ACC-10008224,0,0,0,0,0,0,0,0,0,0,0,0
ACC-10008225,0,0,0,0,0,0,0,0,0,0,0,0
ACC-10008226,0,0,0,0,0,0,0,0,0,0,0,0
ACC-10008227,0,0,0,0,0,0,0,0,0,0,0,0
ACC-10008228,0,0,0,0,0,0,0,0,0,0,0,0
ACC-10008229,0,0,0,0,0,0,0,0,0,0,0,0
ACC-10008230,0,0,0,0,0,0,0,0,0,0,0,0
ACC-10008231,0,0,0,0,0,0,0,0,0,0,0,0
ACC-10008232,0,0,0,0,0,0,0,0,0,0,0,0
ACC-10008233,0,0,0,0,0,0,0,0,0,0,0,0
ACC-10008234,0,0,0,0,0,0,0,0,0,0,0,0
ACC-10008235,0,0,0,0,0,0,0,0,0,0,0,0
ACC-10008236,0,0,0,0,0,0,0,0,0,0,0,0
ACC-10008237,0,0,0,0,0,0,0,0,0,0,0,0
ACC-10008238,0,0,0,0,0,0,0,0,0,0,0,0
ACC-10008239,0,0,0,0,0,0,0,0,0,0,0,0
ACC-10008240,0,0,0,0,0,0,0,0,0,0,0,0
ACC-10008241,0,0,0,0,0,0,0,0,0,0,0,0
ACC-10008242,0,0,0,0,0,0,0,0,0,0,0,0
ACC-10008243,0,0,0,0,0,0,0,0,0,0,0,0
ACC-10008244,0,0,0,0,0,0,0,0,0,0,0,0
ACC-10008245,0,0,0,0,0,0,0,0,0,0,0,0
ACC-10008246,0,0,0,0,0,0,0,0,0,0,0,0
ACC-10008247,0,0,0,0,0,0,0,0,0,0,0,0
ACC-10008248,0,0,0,0,0,0,0,0,0,0,0,0
ACC-10008249,0,0,0,0,0,0,0,0,0,0,0,0
ACC-10008250,0,0,0,0,0,0,0,0,0,0,0,0
ACC-10008251,0,0,0,0,0,0,0,0,0,0,0,0
ACC-10008252,0,0,0,0,0,0,0,0,0,0,0,0
ACC-10008253,0,0,0,0,0,0,0,0,0,0,0,0
ACC-10008254,0,0,0,0,0,0,0,0,0,0,0,0
ACC-10008255,0,0,0,0,0,0,0,0,0,0,0,0
ACC-10008256,0,0,0,0,0,0,0,0,0,0,0,0
ACC-10008257,0,0,1,0,0,0,0,0,0,1,1,1
ACC-10008258,0,0,0,0,0,0,0,0,0,0,0,0
ACC-10008259,0,0,0,0,0,0,0,0,0,0,0,0
ACC-10008260,0,0,0,0,0,0,0,0,0,0,0,0
ACC-10008261,0,0,0,0,0,0,0,0,0,0,0,0
ACC-10008262,0,0,0,0,0,0,0,0,0,0,0,0
ACC-10008263,0,1,1,0,0,0,0,0,0,1,0,0
ACC-10008264,0,0,0,0,0,0,0,0,0,0,0,0
ACC-10008265,0,0,0,0,0,0,0,0,0,0,0,0
ACC-10008266,0,0,0,0,0,0,0,0,0,0,0,0
ACC-10008267,0,0,0,0,0,0,0,0,0,0,0,0
ACC-10008268,0,0,0,0,0,0,0,0,0,0,0,0
ACC-10008269,0,0,0,0,0,0,0,0,0,0,0,0
ACC-10008270,0,0,0,0,0,0,0,0,0,0,0,0
ACC-10008271,0,0,0,0,0,0,0,0,0,0,0,0
ACC-10008272,0,0,0,0,0,0,0,0,0,0,0,0
ACC-10008273,0,0,0,0,0,0,0,0,0,0,0,0
ACC-10008274,0,0,1,0,0,0,0,0,1,0,0,0
ACC-10008275,0,0,0,0,0,0,0,0,0,0,0,0
ACC-10008276,0,0,0,0,0,0,0,0,0,0,0,0
ACC-10008277,0,0,0,0,0,0,0,0,0,0,0,0
ACC-10008278,0,0,0,0,0,0,0,0,0,0,0,0
ACC-10008279,0,0,0,0,0,0,0,0,0,0,0,0
ACC-10008280,0,0,0,0,0,0,0,0,0,0,0,0
ACC-10008281,0,0,0,0,0,0,0,0,0,0,0,0
ACC-10008282,0,0,0,0,0,0,0,0,0,0,0,0
ACC-10008283,0,0,0,0,0,0,0,0,0,0,0,0
ACC-10008284,0,0,0,0,0,0,0,0,0,0,0,0
ACC-10008285,0,0,0,0,0,0,0,0,0,0,0,0
ACC-10008286,0,0,0,0,0,0,0,0,0,0,0,0
ACC-10008287,0,0,0,0,0,0,0,0,0,0,0,0
ACC-10008288,0,0,0,0,0,0,0,0,0,0,0,0
ACC-10008289,0,0,0,0,0,0,0,0,0,0,0,0
ACC-10008290,0,0,0,0,0,0,0,0,0,0,0,0
ACC-10008291,0,0,0,0,0,0,0,0,0,0,0,0
ACC-10008292,0,0,0,0,0,0,0,0,0,0,0,0
ACC-10008293,0,0,0,0,0,0,0,0,0,0,0,0
ACC-10008294,0,0,0,0,0,0,0,0,0,0,0,0
ACC-10008295,0,0,0,0,0,0,0,0,0,0,0,0
ACC-10008296,0,0,0,0,0,0,0,0,0,0,0,0
ACC-10008297,0,0,0,0,0,0,0,0,0,0,0,0
ACC-10008298,0,0,0,0,0,0,0,0,0,0,0,0
ACC-10008299,0,0,0,0,0,0,0,0,0,0,0,0
ACC-10008300,0,0,0,0,0,0,0,0,0,0,0,0
ACC-10008301,1,0,0,1,1,0,0,1,0,1,0,0
ACC-10008302,0,0,0,0,0,0,0,0,0,0,0,0
ACC-10008303,0,0,0,0,0,0,0,0,0,0,0,0
ACC-10008304,0,0,0,0,0,0,0,0,0,0,0,0
ACC-10008305,0,0,0,0,0,0,0,0,0,0,0,0
ACC-10008306,0,0,0,0,0,0,0,0,0,0,0,0
ACC-10008307,0,0,0,0,0,0,0,0,0,0,0,0
ACC-10008308,0,0,0,0,0,0,0,0,0,0,0,0
ACC-10008309,0,0,0,0,0,0,0,0,0,0,0,0
ACC-10008310,0,0,0,0,0,0,0,0,0,0,0,0
ACC-10008311,0,0,0,0,0,0,0,0,0,0,0,0
ACC-10008312,0,0,1,1,1,0,1,1,0,0,1,0
ACC-10008313,0,0,0,0,0,0,0,0,0,0,0,0
ACC-10008314,0,0,0,0,0,0,0,0,0,0,0,0
ACC-10008315,0,0,0,0,0,0,0,0,0,0,0,0
ACC-10008316,0,0,0,0,0,0,0,0,0,0,0,0
ACC-10008317,0,0,0,0,0,0,0,0,0,0,0,0
ACC-10008318,0,0,0,0,0,0,0,0,0,0,0,0
ACC-10008319,0,0,0,0,0,0,0,0,0,0,0,0
ACC-10008320,0,0,0,0,0,0,0,0,0,0,0,0
ACC-10008321,0,0,0,0,0,0,0,0,0,0,0,0
ACC-10008322,0,0,0,0,0,0,0,0,0,0,0,0
ACC-10008323,0,0,0,0,0,0,0,0,0,0,0,0
ACC-10008324,0,0,0,0,0,0,0,0,0,0,0,0
ACC-10008325,0,0,0,0,0,0,0,0,0,0,0,0
ACC-10008326,0,0,0,0,0,0,0,0,0,0,0,0
ACC-10008327,0,0,0,0,0,0,0,0,0,0,0,0
ACC-10008328,0,0,0,0,0,0,0,0,0,0,0,0
ACC-10008329,0,0,0,0,0,0,0,0,0,0,0,0
ACC-10008330,0,0,0,0,0,0,0,0,0,0,0,0
ACC-10008331,0,0,0,0,0,0,0,0,0,0,0,0
ACC-10008332,0,0,0,0,0,0,0,0,0,0,0,0
ACC-10008333,0,0,0,0,0,0,0,0,0,0,0,0
ACC-10008334,0,0,0,0,0,0,0,0,0,0,0,0
ACC-10008335,0,0,0,0,0,0,0,0,0,0,0,0
ACC-10008336,0,0,0,0,0,0,0,0,0,0,0,0
ACC-10008337,0,0,0,0,0,0,0,0,0,0,0,0
ACC-10008338,0,0,0,0,0,0,0,0,0,0,0,0
ACC-10008339,0,0,0,0,0,0,0,0,0,0,0,0
ACC-10008340,0,0,0,0,0,0,0,0,0,0,0,0
ACC-10008341,0,0,0,0,0,0,0,0,0,0,0,0
ACC-10008342,0,0,0,0,0,0,0,0,0,0,0,0
ACC-10008343,0,0,0,0,0,0,0,0,0,0,0,0
ACC-10008344,0,0,0,0,0,0,0,0,0,0,0,0
ACC-10008345,0,0,0,0,0,0,0,0,0,0,0,0
ACC-10008346,0,0,0,0,0,0,0,0,0,0,0,0
ACC-10008347,0,0,0,0,0,0,0,0,0,0,0,0
ACC-10008348,0,0,0,0,0,0,0,0,0,0,0,0
ACC-10008349,0,0,0,0,0,0,0,0,0,0,0,0
ACC-10008350,0,0,0,0,0,0,0,0,0,0,0,0
ACC-10008351,0,0,0,0,0,0,0,0,0,0,0,0
ACC-10008352,0,0,0,0,0,0,0,0,0,0,0,0
ACC-10008353,0,0,0,0,0,0,0,0,0,0,0,0
ACC-10008354,0,0,0,0,0,0,0,0,0,0,0,0
ACC-10008355,0,0,0,0,0,0,0,0,0,0,0,0
ACC-10008356,0,0,0,0,0,0,0,0,0,0,0,0
ACC-10008357,0,0,0,0,0,0,0,0,0,0,0,0
ACC-10008358,0,0,0,0,0,0,0,0,0,0,0,0
ACC-10008359,0,0,0,0,0,0,0,0,0,0,0,0
ACC-10008360,0,0,0,0,0,0,0,0,0,0,0,0
ACC-10008361,0,0,0,0,0,0,0,0,0,0,0,0
ACC-10008362,0,0,0,0,0,0,0,0,0,0,0,0
ACC-10008363,0,0,0,0,0,0,0,0,0,0,0,0
ACC-10008364,0,0,0,0,0,0,0,0,0,0,0,0
ACC-10008365,0,0,0,0,0,0,0,0,0,0,0,0
ACC-10008366,0,0,0,0,0,0,0,0,0,0,0,0
ACC-10008367,0,0,0,0,0,0,0,0,0,0,0,0
ACC-10008368,0,0,1,1,0,1,0,0,0,0,1,1
ACC-10008369,0,0,0,0,0,0,0,0,0,0,0,0
ACC-10008370,0,0,0,0,0,0,0,0,0,0,0,0
ACC-10008371,0,0,0,0,0,0,0,0,0,0,0,0
ACC-10008372,0,0,0,0,0,0,0,0,0,0,0,0
ACC-10008373,0,0,0,0,0,0,0,0,0,0,0,0
ACC-10008374,0,0,0,0,0,0,0,0,0,0,0,0
ACC-10008375,1,0,0,0,1,0,0,0,0,1,0,0
ACC-10008376,0,0,0,0,0,0,0,0,0,0,0,0
ACC-10008377,0,0,0,0,0,0,0,0,0,0,0,0
ACC-10008378,0,0,0,0,0,0,0,0,0,0,0,0
ACC-10008379,0,0,0,0,0,0,0,0,0,0,0,0
ACC-10008380,0,0,0,0,0,0,0,0,0,0,0,0
ACC-10008381,0,0,0,0,0,0,0,0,0,0,0,0
ACC-10008382,0,0,0,0,0,0,0,0,0,0,0,0
ACC-10008383,0,0,0,0,0,0,0,0,0,0,0,0
ACC-10008384,0,0,1,0,0,0,0,0,0,0,1,0
ACC-10008385,0,0,0,0,0,0,0,0,0,0,0,0
ACC-10008386,0,0,0,0,0,0,0,0,0,0,0,0
ACC-10008387,0,0,0,0,0,0,0,0,0,0,0,0
ACC-10008388,0,0,0,0,0,0,0,0,0,0,0,0
ACC-10008389,0,0,0,0,0,0,0,0,0,0,0,0
ACC-10008390,0,0,0,0,0,0,0,0,0,0,0,0
ACC-10008391,0,0,0,0,0,0,0,0,0,0,0,0
ACC-10008392,0,0,0,0,0,0,0,0,0,0,0,0
ACC-10008393,0,0,0,0,0,0,0,0,0,0,0,0
ACC-10008394,0,0,0,0,0,0,0,0,0,0,0,0
ACC-10008395,0,0,0,0,0,0,0,0,0,0,0,0
ACC-10008396,0,0,0,0,0,0,0,0,0,0,0,0
ACC-10008397,0,0,0,0,0,0,0,0,0,0,0,0
ACC-10008398,1,1,0,0,1,1,0,1,1,1,1,1
ACC-10008399,0,0,0,1,0,1,0,0,0,1,0,1
ACC-10008400,0,0,0,0,0,0,0,0,0,0,0,0
ACC-10008401,0,0,0,0,0,0,0,0,0,0,0,0
ACC-10008402,0,0,0,0,0,0,0,0,0,0,0,0
ACC-10008403,0,0,0,0,0,0,0,0,0,0,0,0
ACC-10008404,0,0,0,0,0,0,0,0,0,0,0,0
ACC-10008405,0,0,0,0,0,0,0,0,0,0,0,0
ACC-10008406,0,0,0,0,0,0,0,0,0,0,0,0
ACC-10008407,0,0,0,0,0,0,0,0,0,0,0,0
ACC-10008408,0,0,0,0,0,0,0,0,0,0,0,0
ACC-10008409,0,0,0,0,0,0,0,0,0,0,0,0
ACC-10008410,0,0,0,0,0,0,0,0,0,0,0,0
ACC-10008411,0,0,0,0,0,0,0,0,0,0,0,0
ACC-10008412,0,0,0,0,0,0,0,0,0,0,0,0
ACC-10008413,0,0,0,0,0,0,0,0,0,0,0,0
ACC-10008414,0,0,0,0,0,0,0,0,0,0,0,0
ACC-10008415,0,0,0,0,0,0,0,0,0,0,0,0
ACC-10008416,0,0,0,0,0,0,0,0,0,0,0,0
ACC-10008417,0,0,0,0,0,0,0,0,0,0,0,0
ACC-10008418,0,0,0,0,0,0,0,0,0,0,0,0
ACC-10008419,0,0,0,0,0,0,0,0,0,0,0,0
ACC-10008420,0,0,0,0,0,0,0,0,0,0,0,0
ACC-10008421,0,0,0,0,0,0,0,0,0,0,0,0
ACC-10008422,0,0,0,0,0,0,0,0,0,0,0,0
ACC-10008423,0,0,0,0,0,0,0,0,0,0,0,0
ACC-10008424,0,0,0,0,0,0,0,0,0,0,0,0
ACC-10008425,0,0,0,0,0,0,0,0,0,0,0,0
ACC-10008426,0,0,0,0,0,0,0,0,0,0,0,0
ACC-10008427,0,0,0,0,0,0,0,0,0,0,0,0
ACC-10008428,0,0,0,0,0,0,0,0,0,0,0,0
ACC-10008429,0,0,0,0,0,0,0,0,0,0,0,0
ACC-10008430,0,0,0,0,0,0,0,0,0,0,0,0
ACC-10008431,0,0,0,0,0,0,0,0,0,0,0,0
ACC-10008432,0,0,0,0,0,0,0,0,0,0,0,0
ACC-10008433,0,0,0,0,0,0,0,0,0,0,0,0
ACC-10008434,0,0,0,0,0,0,0,0,0,0,0,0
ACC-10008435,0,0,0,0,0,0,0,0,0,0,0,0
ACC-10008436,0,0,0,0,0,0,0,0,0,0,0,0
ACC-10008437,0,0,0,0,0,0,0,0,0,0,0,0
ACC-10008438,0,0,0,0,0,0,0,0,0,0,0,0
ACC-10008439,0,0,0,0,0,0,0,0,0,0,0,0
ACC-10008440,0,0,0,0,0,0,0,0,0,0,0,0
ACC-10008441,0,0,0,0,0,0,0,0,0,0,0,0
ACC-10008442,0,0,0,0,0,0,0,0,0,0,0,0
ACC-10008443,0,0,0,0,0,0,0,0,0,0,0,0
ACC-10008444,0,0,0,0,0,0,0,0,0,0,0,0
ACC-10008445,0,0,0,0,0,0,0,0,0,0,0,0
ACC-10008446,0,0,0,0,0,0,0,0,0,0,0,0
ACC-10008447,0,0,0,0,0,0,0,0,0,0,0,0
ACC-10008448,0,0,0,0,0,0,0,0,0,0,0,0
ACC-10008449,0,0,0,0,0,0,0,0,0,0,0,0
ACC-10008450,1,1,1,1,1,0,0,0,1,1,1,0
ACC-10008451,0,0,0,0,0,0,0,0,0,0,0,0
ACC-10008452,0,0,0,0,0,0,0,0,0,0,0,0
ACC-10008453,0,0,0,0,0,0,0,0,0,0,0,0
ACC-10008454,0,0,0,0,0,0,0,0,0,0,0,0
ACC-10008455,0,0,0,0,0,0,0,0,0,0,0,0
ACC-10008456,0,0,0,0,0,0,0,0,0,0,0,0
ACC-10008457,0,0,0,0,0,0,0,0,0,0,0,0
ACC-10008458,0,0,0,0,0,0,0,0,0,0,0,0
ACC-10008459,0,0,0,0,0,0,0,0,0,0,0,0
ACC-10008460,0,0,0,0,0,0,0,0,0,0,0,0
ACC-10008461,0,0,0,0,0,0,0,0,0,0,0,0
ACC-10008462,0,0,0,0,0,0,0,0,0,0,0,0
ACC-10008463,0,0,0,0,0,0,0,0,0,0,0,0
ACC-10008464,0,0,0,0,0,0,0,0,0,0,0,0
ACC-10008465,0,0,0,0,0,0,0,0,0,0,0,0
ACC-10008466,0,0,0,0,0,0,0,0,0,0,0,0
ACC-10008467,0,0,0,0,0,0,0,0,0,0,0,0
ACC-10008468,0,0,0,0,0,0,0,0,0,0,0,0
ACC-10008469,0,0,0,0,0,0,0,0,0,0,0,0
ACC-10008470,0,0,0,0,0,0,0,0,0,0,0,0
ACC-10008471,0,0,0,0,0,0,0,0,0,0,0,0
ACC-10008472,0,0,0,0,0,0,0,0,0,0,0,0
ACC-10008473,0,0,0,0,0,0,0,0,0,0,0,0
ACC-10008474,0,0,0,0,0,0,0,0,0,0,0,0
ACC-10008475,0,0,0,0,0,0,0,0,0,0,0,0
ACC-10008476,0,0,0,0,0,0,0,0,0,0,0,0
ACC-10008477,0,0,0,0,0,0,0,0,0,0,0,0
ACC-10008478,0,0,0,0,0,0,0,0,0,0,0,0
ACC-10008479,0,0,0,0,0,0,0,0,0,0,0,0
ACC-10008480,0,0,0,0,0,0,0,0,0,0,0,0
ACC-10008481,0,0,0,0,0,0,0,0,0,0,0,0
ACC-10008482,0,0,0,0,0,0,0,0,0,0,0,0
ACC-10008483,0,0,0,0,0,0,0,0,0,0,0,0
ACC-10008484,0,0,0,0,0,0,0,0,0,0,0,0
ACC-10008485,1,1,0,0,0,0,1,0,0,1,0,0
ACC-10008486,0,0,0,0,0,0,0,0,0,0,0,0
ACC-10008487,0,0,0,0,0,0,0,0,0,0,0,0
ACC-10008488,0,0,0,0,0,0,0,0,0,0,0,0
ACC-10008489,0,0,0,0,0,0,0,0,0,0,0,0
ACC-10008490,0,0,0,0,0,0,0,0,0,0,0,0
ACC-10008491,0,0,0,0,0,0,0,0,0,0,0,0
ACC-10008492,0,0,0,0,0,0,0,0,0,0,0,0
ACC-10008493,0,0,0,0,0,0,0,0,0,0,0,0
ACC-10008494,0,0,0,0,0,0,0,0,0,0,0,0
ACC-10008495,0,0,0,0,0,0,0,0,0,0,0,0
ACC-10008496,0,0,0,0,0,0,0,0,0,0,0,0
ACC-10008497,0,0,0,0,0,0,0,0,0,0,0,0
ACC-10008498,0,0,0,0,0,0,0,0,0,0,0,0
ACC-10008499,0,0,0,0,0,0,0,0,0,0,0,0
ACC-10008500,0,0,0,0,0,0,0,0,0,0,0,0
ACC-10008501,0,0,0,0,0,0,0,0,0,0,0,0
ACC-10008502,0,0,0,0,0,0,0,0,0,0,0,0
ACC-10008503,0,0,0,0,0,0,0,0,0,0,0,0
ACC-10008504,0,0,0,0,0,0,0,0,0,0,0,0
ACC-10008505,0,0,0,0,0,0,0,0,0,0,0,0
ACC-10008506,0,0,0,0,0,0,0,0,0,0,0,0
ACC-10008507,0,0,0,0,0,0,0,0,0,0,0,0
ACC-10008508,0,0,0,0,0,0,0,0,0,0,0,0
ACC-10008509,0,0,0,0,0,0,0,0,0,0,0,0
ACC-10008510,0,0,0,0,0,0,0,0,0,0,0,0
ACC-10008511,0,0,0,0,0,0,0,0,0,0,0,0
ACC-10008512,0,0,0,0,0,0,0,0,0,0,0,0
ACC-10008513,0,0,0,0,0,0,0,0,0,0,0,0
ACC-10008514,0,0,0,0,0,0,0,0,0,0,0,0
ACC-10008515,0,0,0,0,0,0,0,0,0,0,0,0
ACC-10008516,0,0,0,0,0,0,0,0,0,0,0,0
ACC-10008517,0,0,0,0,0,0,0,0,0,0,0,0
ACC-10008518,0,0,0,0,0,0,0,0,0,0,0,0
ACC-10008519,0,0,0,0,0,0,0,0,0,0,0,0
ACC-10008520,0,0,0,0,0,0,0,0,0,0,0,0
ACC-10008521,0,0,0,0,0,0,0,0,0,0,0,0
ACC-10008522,0,0,0,0,0,0,0,0,0,0,0,0
ACC-10008523,0,0,0,0,0,0,0,0,0,0,0,0
ACC-10008524,0,0,0,0,0,0,0,0,0,0,0,0
ACC-10008525,0,0,0,0,0,0,0,0,0,0,0,0
ACC-10008526,0,0,0,0,0,0,0,0,0,0,0,0
ACC-10008527,0,0,0,0,0,0,0,0,0,0,0,0
ACC-10008528,0,0,0,0,0,0,0,0,0,0,0,0
ACC-10008529,0,0,0,0,0,0,0,0,0,0,0,0
ACC-10008530,0,0,0,0,0,0,0,0,0,0,0,0
ACC-10008531,0,0,0,0,0,0,0,0,0,0,0,0
ACC-10008532,0,0,0,0,0,0,0,0,0,0,0,0
ACC-10008533,0,0,0,0,0,0,0,0,0,0,0,0
ACC-10008534,0,0,0,0,0,0,0,0,0,0,0,0
ACC-10008535,0,0,0,0,0,0,0,0,0,0,0,0
ACC-10008536,0,0,0,0,0,0,0,0,0,0,0,0
ACC-10008537,0,0,0,0,0,0,0,0,0,0,0,0
ACC-10008538,0,0,0,0,0,0,0,0,0,0,0,0
,0,0,0,0,0,0,0,0,0,0,0,0
ACC-10008540,0,0,0,0,0,0,0,0,0,0,0,0
ACC-10008541,0,0,0,0,0,0,0,0,0,0,0,0
ACC-10008542,0,0,0,0,0,0,0,0,0,0,0,0
ACC-10008543,0,0,0,0,0,0,0,0,0,0,0,0
ACC-10008544,0,0,0,0,0,0,0,0,0,0,0,0
ACC-10008545,0,0,0,0,0,0,0,0,0,0,0,0
ACC-10008546,0,0,0,0,0,0,0,0,0,0,0,0
ACC-10008547,0,0,0,0,0,0,0,0,0,0,0,0
ACC-10008548,0,0,0,0,0,0,0,0,0,0,0,0
ACC-10008549,0,0,0,0,0,0,0,0,0,0,0,0
ACC-10008550,0,0,0,0,0,0,0,0,0,0,0,0
ACC-10008551,0,0,0,0,0,0,0,0,0,0,0,0
ACC-10008552,0,0,0,0,0,0,0,0,0,0,0,0
ACC-10008553,0,0,0,0,0,0,0,0,0,0,0,0
ACC-10008554,0,0,0,0,0,0,0,0,0,0,0,0
ACC-10008555,0,0,0,0,0,0,0,0,0,0,0,0
ACC-10008556,0,0,0,0,0,0,0,0,0,0,0,0
ACC-10008557,0,0,0,0,0,0,0,0,0,0,0,0
ACC-10008558,0,0,0,0,0,0,0,0,0,0,0,0
ACC-10008559,0,0,0,0,0,0,0,0,0,0,0,0
ACC-10008560,0,0,0,0,0,0,0,0,0,0,0,0
ACC-10008561,0,0,0,0,0,0,0,0,0,0,0,0
ACC-10008562,0,0,0,0,0,0,0,0,0,0,0,0
ACC-10008563,0,0,0,0,0,0,0,0,0,0,0,0
ACC-10008564,0,0,0,0,0,0,0,0,0,0,0,0
ACC-10008565,0,0,0,0,0,0,0,0,0,0,0,0
ACC-10008566,0,0,0,0,0,0,0,0,0,0,0,0
ACC-10008567,0,0,0,0,0,0,0,0,0,0,0,0
ACC-10008568,0,0,0,0,0,0,0,0,0,0,0,0
ACC-10008569,0,0,0,0,0,0,0,0,0,0,0,0
ACC-10008570,0,0,0,0,0,0,0,0,0,0,0,0
ACC-10008571,0,0,0,0,0,0,0,0,0,0,0,0
ACC-10008572,0,0,0,0,0,0,0,0,0,0,0,0
ACC-10008573,0,0,0,0,0,0,0,0,0,0,0,0
ACC-10008574,0,0,0,0,0,0,0,0,0,0,0,0
ACC-10008575,0,0,1,1,0,0,0,0,0,0,0,0
ACC-10008576,0,0,0,0,0,0,0,0,0,0,0,0
ACC-10008577,0,0,0,0,0,0,0,0,0,0,0,0
ACC-10008578,0,0,0,0,0,0,0,0,0,0,0,0
ACC-10008579,0,0,0,0,0,0,1,0,0,1,1,1
ACC-10008580,0,0,0,0,0,0,0,0,0,0,0,0
ACC-10008581,0,0,0,0,0,0,0,0,0,0,0,0
ACC-10008582,0,0,0,0,0,0,0,0,0,0,0,0
ACC-10008583,0,0,0,0,0,0,0,0,0,0,0,0
ACC-10008584,0,0,0,0,0,0,0,0,0,0,0,0
ACC-10008585,0,0,0,0,0,0,0,0,0,0,0,0
ACC-10008586,0,0,0,0,0,0,0,0,0,0,0,0
ACC-10008587,0,0,0,0,0,0,0,0,0,0,0,0
ACC-10008588,0,1,0,0,0,1,1,0,1,0,0,1
ACC-10008589,0,0,0,0,0,0,0,0,0,0,0,0
ACC-10008590,0,0,0,0,0,0,0,0,0,0,0,0
ACC-10008591,0,0,0,0,0,0,0,0,0,0,0,0
ACC-10008592,0,0,0,0,0,0,0,0,0,0,0,0
ACC-10008593,0,0,0,0,0,0,0,0,0,0,0,0
ACC-10008594,0,0,0,0,0,0,0,0,0,0,0,0
ACC-10008595,0,0,0,0,0,0,0,0,0,0,0,0
ACC-10008596,0,0,0,0,0,0,0,0,0,0,0,0
ACC-10008597,0,0,0,0,0,0,0,0,0,0,0,0
ACC-10008598,0,0,0,0,0,0,0,0,0,0,0,0
ACC-10008599,1,0,1,0,1,0,1,0,1,1,1,0
ACC-10008600,0,0,0,0,0,0,0,0,0,0,0,0
ACC-10008601,0,0,0,0,0,0,0,0,0,0,0,0
ACC-10008602,0,0,0,0,0,0,0,0,0,0,0,0
ACC-10008603,0,0,0,0,0,0,0,0,0,0,0,0
ACC-10008604,0,0,0,0,0,0,0,0,0,0,0,0
ACC-10008605,0,0,0,0,0,0,0,0,0,0,0,0
ACC-10008606,0,0,0,0,0,0,0,0,0,0,0,0
ACC-10008607,0,0,0,0,0,0,0,0,0,0,0,0
ACC-10008608,0,0,0,0,0,0,0,0,0,0,0,0
ACC-10008609,0,0,0,0,0,0,0,0,0,0,0,0
ACC-10008610,0,0,0,0,0,0,0,0,0,0,0,0
ACC-10008611,0,0,0,0,0,0,0,0,0,0,0,0
ACC-10008612,0,0,1,1,0,1,0,0,0,1,1,1
ACC-10008613,0,0,0,0,0,0,0,0,0,0,0,0
ACC-10008614,0,0,0,0,0,0,0,0,0,0,0,0
ACC-10008615,0,0,0,0,0,0,0,0,0,0,0,0
ACC-10008616,0,0,0,0,0,0,0,0,0,0,0,0
ACC-10008617,0,0,0,0,0,0,0,0,0,0,0,0
ACC-10008618,0,0,0,0,0,0,0,0,0,0,0,0
ACC-10008619,0,0,0,0,0,0,0,0,0,0,0,0
ACC-10008620,0,0,0,0,0,0,0,0,0,0,0,0
ACC-10008621,0,0,0,0,0,0,0,0,0,0,0,0
ACC-10008622,0,0,0,0,0,0,0,0,0,0,0,0
ACC-10008623,0,0,0,0,0,0,0,0,0,0,0,0
ACC-10008624,0,0,0,0,0,0,0,0,0,0,0,0
ACC-10008625,0,0,0,0,0,0,0,0,0,0,0,0
ACC-10008626,0,0,0,0,0,0,0,0,0,0,0,0
ACC-10008627,0,0,0,0,0,0,0,0,0,0,0,0
ACC-10008628,0,0,0,0,0,0,0,0,0,0,0,0
ACC-10008629,0,0,0,0,0,0,0,0,0,0,0,0
ACC-10008630,0,0,0,0,0,0,0,0,0,0,0,0
ACC-10008631,0,0,0,0,0,0,0,0,0,0,0,0
ACC-10008632,0,0,0,0,0,0,0,0,0,0,0,0
ACC-10008633,0,0,0,0,0,0,0,0,0,0,0,0
ACC-10008634,0,0,0,0,0,0,0,0,0,0,0,0
ACC-10008635,0,0,0,1,0,0,0,1,0,0,0,0
ACC-10008636,0,0,0,0,0,0,0,0,0,0,0,0
ACC-10008637,0,0,0,0,0,0,0,0,0,0,0,0
ACC-10008638,0,0,0,0,0,0,0,0,0,0,0,0
ACC-10008639,0,0,0,0,0,0,0,0,0,0,0,0
ACC-10008640,0,0,0,0,0,0,0,0,0,0,0,0
ACC-10008641,0,0,0,0,0,0,0,0,0,0,0,0
ACC-10008642,0,0,0,0,0,0,0,0,0,0,0,0
ACC-10008643,0,0,0,0,0,0,0,0,0,0,0,0
ACC-10008644,0,0,0,0,0,0,0,0,0,0,0,0
ACC-10008645,0,0,0,0,0,0,0,0,0,0,0,0
ACC-10008646,0,0,0,0,0,0,0,0,0,0,0,0
ACC-10008647,0,0,0,0,0,0,0,0,0,0,0,0
ACC-10008648,0,0,0,0,0,0,0,0,0,0,0,0
ACC-10008649,0,0,0,0,0,0,0,0,0,0,0,0
ACC-10008650,0,1,0,1,1,0,0,0,1,0,0,1
ACC-10008651,0,0,0,0,0,0,0,0,0,0,0,0
ACC-10008652,0,0,0,0,0,0,0,0,0,0,0,0
ACC-10008653,0,0,0,0,0,0,0,0,0,0,0,0
ACC-10008654,0,0,0,0,0,0,0,0,0,0,0,0
ACC-10008655,0,0,0,0,0,0,0,0,0,0,0,0
ACC-10008656,0,0,0,0,0,0,0,0,0,0,0,0
ACC-10008657,0,0,0,0,0,0,1,0,1,0,1,1
ACC-10008658,0,0,0,0,0,0,0,0,0,0,0,0
ACC-10008659,0,0,0,0,0,0,0,0,1,1,0,0
ACC-10008660,0,0,0,0,0,0,0,0,0,0,0,0
ACC-10008661,0,0,0,0,0,0,0,0,0,0,0,0
ACC-10008662,0,0,0,0,0,0,0,0,0,0,0,0
ACC-10008663,0,0,0,0,0,0,0,0,0,0,0,0
ACC-10008664,0,0,0,0,0,0,0,0,0,0,0,0
ACC-10008665,0,0,0,0,0,0,0,0,0,0,0,0
ACC-10008666,0,0,0,0,0,0,0,0,0,0,0,0
ACC-10008667,0,0,0,0,0,0,0,0,0,0,0,0
ACC-10008668,0,0,0,0,0,0,0,0,0,0,0,0
ACC-10008669,0,0,0,0,0,0,0,0,0,0,0,0
ACC-10008670,0,0,0,0,0,0,0,0,0,0,0,0
ACC-10008671,0,1,1,1,0,0,0,0,0,0,1,0
ACC-10008672,0,0,0,0,0,0,0,0,0,0,0,0
ACC-10008673,0,0,0,0,0,0,0,0,0,0,0,0
ACC-10008674,0,0,0,0,0,0,0,0,0,0,0,0
ACC-10008675,0,0,0,0,0,0,0,0,0,0,0,0
ACC-10008676,0,0,0,0,0,0,0,0,0,0,0,0
ACC-10008677,0,0,0,0,0,0,0,0,0,0,0,0
ACC-10008678,0,0,0,0,0,0,0,0,0,0,0,0
ACC-10008679,0,0,0,0,0,0,0,0,0,0,0,0
ACC-10008680,0,0,0,0,0,0,0,0,0,0,0,0
ACC-10008681,0,0,0,0,0,0,0,0,0,0,0,0
ACC-10008682,0,0,0,0,0,0,0,0,0,0,0,0
ACC-10008683,0,0,0,0,0,0,0,0,0,0,0,0
ACC-10008684,0,0,0,0,0,0,0,0,0,0,0,0
ACC-10008685,0,0,0,0,0,0,0,0,0,0,0,0
ACC-10008686,0,0,0,0,0,0,0,0,0,0,0,0
ACC-10008687,0,0,0,0,0,0,0,0,0,0,0,0
ACC-10008688,0,0,0,0,0,0,0,0,0,0,0,0
ACC-10008689,0,0,0,0,0,0,0,0,0,0,0,0
ACC-10008690,0,0,0,0,0,0,0,0,0,0,0,0
ACC-10008691,0,0,0,0,0,0,0,0,0,0,0,0
ACC-10008692,0,0,0,0,0,0,0,0,0,0,0,0
ACC-10008693,0,0,0,0,0,0,0,0,0,0,0,0
ACC-10008694,0,0,0,0,0,0,0,0,0,0,0,0
ACC-10008695,0,0,0,0,0,0,0,0,0,0,0,0
ACC-10008696,0,0,0,0,0,0,0,0,0,0,0,0
ACC-10008697,0,0,0,0,0,0,0,0,0,0,0,0
ACC-10008698,0,0,0,0,0,0,0,0,0,0,0,0
ACC-10008699,0,0,0,0,0,0,0,0,0,0,0,0
ACC-10008700,0,0,0,0,0,0,0,0,0,0,0,0
ACC-10008701,0,0,0,0,0,0,0,0,0,0,0,0
ACC-10008702,0,0,0,0,0,0,0,0,0,0,0,0
ACC-10008703,1,0,1,0,0,0,1,0,0,1,0,0
ACC-10008704,0,0,0,0,0,0,0,0,0,0,0,0
ACC-10008705,0,0,0,0,0,0,0,0,0,0,0,0
ACC-10008706,0,0,0,0,0,0,0,0,0,0,0,0
ACC-10008707,0,0,0,0,0,0,0,0,0,0,0,0
ACC-10008708,0,0,0,0,0,0,0,0,0,0,0,0
ACC-10008709,0,0,0,0,0,0,0,0,0,0,0,0
ACC-10008710,0,0,0,0,0,0,0,0,0,0,0,0
ACC-10008711,0,1,0,0,1,1,1,0,0,0,0,0
ACC-10008712,0,0,0,0,0,0,0,0,0,0,0,0
ACC-10008713,0,0,0,0,0,0,0,0,0,0,0,0
ACC-10008714,0,0,0,0,0,0,0,0,0,0,0,0
ACC-10008715,0,0,0,0,0,0,0,0,0,0,0,0
ACC-10008716,0,0,0,0,0,0,0,0,0,0,0,0
ACC-10008717,0,0,0,0,0,0,0,0,0,0,0,0
ACC-10008718,0,0,0,0,0,0,0,0,0,0,0,0
ACC-10008719,0,0,0,0,0,0,0,0,0,0,0,0
ACC-10008720,0,0,0,0,0,0,0,0,0,0,0,0
ACC-10008721,0,0,0,0,0,0,0,0,0,0,0,0
ACC-100087XX,0,0,0,0,0,0,0,0,0,0,0,0
ACC-10008723,0,0,0,0,0,0,0,0,0,0,0,0
ACC-10008724,0,0,0,0,0,0,0,0,0,0,0,0
ACC-10008725,0,0,0,0,0,0,0,0,0,0,0,0
ACC-10008726,0,0,0,0,0,0,0,0,0,0,0,0
ACC-10008727,0,0,0,0,0,0,0,0,0,0,0,0
ACC-10008728,0,0,0,0,0,0,0,0,0,0,0,0
ACC-10008729,0,0,0,0,0,0,0,0,0,0,0,0
ACC-10008730,0,0,0,0,0,0,0,0,0,0,0,0
ACC-10008731,0,0,0,0,0,0,0,0,0,0,0,0
ACC-10008732,0,0,0,0,0,0,0,0,0,0,0,0
ACC-10008733,0,0,0,0,0,0,0,0,0,0,0,0
ACC-10008734,0,0,0,0,0,0,0,0,0,0,0,0
ACC-10008735,0,0,0,0,0,0,0,0,0,0,0,0
ACC-10008736,0,0,0,0,0,0,0,0,0,0,0,0
ACC-10008737,0,0,0,0,0,0,0,0,0,0,0,0
ACC-10008738,1,0,1,1,0,1,0,0,0,0,1,0
ACC-10008739,0,0,0,0,0,0,0,0,0,0,0,0
ACC-10008740,0,0,0,0,0,0,0,0,0,0,0,0
ACC-10008741,0,0,0,0,0,0,0,0,0,0,0,0
ACC-10008742,0,0,0,0,0,0,0,0,0,0,0,0
ACC-10008743,0,0,0,0,0,0,0,0,0,0,0,0
ACC-10008744,0,0,0,0,0,0,0,0,0,0,0,0
ACC-10008745,0,0,0,0,0,0,0,0,0,0,0,0
ACC-10008746,0,0,0,0,0,0,0,0,0,0,0,0
ACC-10008747,0,0,0,0,0,0,0,0,0,0,0,0
ACC-10008748,0,0,0,0,0,0,0,0,0,0,0,0
ACC-10008749,0,0,0,0,0,0,0,0,0,0,0,0
ACC-10008750,0,0,0,0,0,0,0,0,0,0,0,0
ACC-10008751,0,0,0,0,0,0,0,0,0,0,0,0
ACC-10008752,0,0,0,0,0,0,0,0,0,0,0,0
ACC-10008753,0,0,0,0,0,0,0,0,0,0,0,0
ACC-10008754,0,0,0,0,0,0,0,0,0,0,0,0
ACC-10008755,0,0,0,0,0,0,0,0,0,0,0,0
ACC-10008756,0,0,0,0,0,0,0,0,0,0,0,0
ACC-10008757,0,0,0,0,0,0,0,0,0,0,0,0
ACC-10008758,0,0,0,0,0,0,0,0,0,0,0,0
ACC-10008759,0,1,0,0,0,0,0,0,0,0,0,1
ACC-10008760,0,0,0,0,0,0,0,0,0,0,0,0
ACC-10008761,0,0,0,0,0,0,0,0,0,0,0,0
ACC-10008762,0,0,0,0,0,0,0,0,0,0,0,0
ACC-10008763,0,0,0,0,0,0,0,0,0,0,0,0
ACC-10008764,0,0,0,0,0,0,0,0,0,0,0,0
ACC-10008765,0,0,0,0,0,0,0,0,0,0,0,0
ACC-10008766,0,0,0,0,0,0,0,0,0,0,0,0
ACC-10008767,0,0,0,0,0,0,0,0,0,0,0,0
ACC-10008768,0,0,1,1,0,0,0,0,0,0,1,0
ACC-10008769,0,0,0,0,0,0,0,0,0,0,0,0
ACC-10008770,0,0,0,0,0,0,0,0,0,0,0,0
ACC-10008771,0,0,0,0,0,0,0,0,0,0,0,0
ACC-10008772,0,0,0,0,0,0,0,0,0,0,0,0
ACC-10008773,0,0,0,0,0,0,0,0,0,0,0,0
ACC-10008774,0,0,0,0,0,0,0,0,0,0,0,0
ACC-10008775,0,0,0,0,0,0,0,0,0,0,0,0
ACC-10008776,0,0,0,0,0,0,0,0,0,0,0,0
ACC-10008777,0,0,0,0,0,0,0,0,0,0,0,0
ACC-10008778,0,0,0,0,0,0,0,0,0,0,0,0
ACC-10008779,0,0,0,0,0,0,0,0,0,0,0,0
ACC-10008780,0,0,0,0,0,0,0,0,0,0,0,0
ACC-10008781,0,0,0,0,0,0,0,0,0,0,0,0
ACC-10008782,0,0,0,0,0,0,0,0,0,0,0,0
ACC-10008783,0,0,0,0,0,0,0,0,0,0,0,0
ACC-10008784,0,0,0,0,0,0,0,0,0,0,0,0
ACC-10008785,0,0,0,0,0,0,0,0,0,0,0,0
ACC-10008786,0,0,0,0,0,0,0,0,0,0,0,0
ACC-10008787,0,0,0,0,0,0,0,0,0,0,0,0
ACC-10008788,0,0,0,0,0,0,0,0,0,0,0,0
ACC-10008789,0,0,0,0,0,0,0,0,0,0,0,0
ACC-10008790,0,0,0,0,0,0,0,0,0,0,0,0
ACC-10008791,0,0,0,0,0,0,0,0,0,0,0,0
ACC-10008792,0,0,0,0,0,0,0,0,0,0,0,0
ACC-10008793,0,0,0,0,0,0,0,0,0,0,0,0
ACC-10008794,0,0,0,0,0,0,0,0,0,0,0,0
ACC-10008795,0,0,0,0,0,0,0,0,0,0,0,0
ACC-10008796,0,0,0,0,0,0,0,0,0,0,0,0
ACC-10008797,0,0,0,0,0,0,0,0,0,0,0,0
ACC-10008798,0,0,0,0,0,0,0,0,0,0,0,0
ACC-10008799,0,0,0,0,0,0,0,0,0,0,0,0
ACC-10008800,0,0,0,0,0,0,0,0,0,0,0,0
ACC-10008801,0,0,0,0,0,0,0,0,0,0,0,0
ACC-10008802,0,0,0,0,0,0,0,0,0,0,0,0
ACC-10008803,0,0,0,0,0,0,0,0,0,0,0,0
ACC-10008804,0,0,0,0,0,0,0,0,0,0,0,0
ACC-10008805,0,0,0,0,0,0,0,0,0,0,0,0
ACC-10008806,0,0,0,0,0,0,0,0,0,0,0,0
ACC-10008807,0,0,0,0,0,0,0,0,0,0,0,0
ACC-10008808,0,0,0,0,0,0,0,0,0,0,0,0
ACC-10008809,0,0,0,0,0,0,0,0,0,0,0,0
ACC-10008810,0,0,0,0,0,0,0,0,0,0,0,0
ACC-10008811,0,0,0,0,0,0,0,0,0,0,0,0
ACC-10008812,0,0,0,0,0,0,0,0,0,0,0,0
ACC-10008813,0,0,0,0,0,0,0,0,0,0,0,0
ACC-10008814,0,0,0,0,0,0,0,0,0,0,0,0
ACC-10008815,0,0,0,0,0,0,0,0,0,0,0,0
ACC-10008816,0,0,0,0,0,0,0,0,0,0,0,0
ACC-10008817,0,0,0,0,0,0,0,0,0,0,0,0
ACC-10008818,0,0,0,1,0,1,1,0,0,1,0,0
ACC-10008819,0,0,0,0,0,0,0,0,0,0,0,0
ACC-10008820,0,0,0,0,0,0,0,0,0,0,0,0
ACC-10008821,0,0,0,0,0,0,0,0,0,0,0,0
ACC-10008822,0,0,0,0,0,0,0,0,0,0,0,0
ACC-10008823,1,0,0,1,1,1,1,0,1,1,1,1
ACC-10008824,0,0,0,0,0,0,0,0,0,0,0,0
ACC-10008825,0,0,0,0,0,0,0,0,0,0,0,0
ACC-10008826,0,0,0,0,0,0,0,0,0,0,0,0
ACC-10008827,0,0,0,0,0,0,0,0,0,0,0,0
ACC-100088XX,0,0,0,0,0,0,0,0,0,0,0,0
ACC-10008829,0,0,0,0,0,0,0,0,0,0,0,0
ACC-10008830,0,0,0,0,0,0,0,0,0,0,0,0
ACC-10008831,1,0,0,0,1,0,0,0,0,0,0,0
ACC-10008832,0,0,0,0,0,0,0,0,0,0,0,0
ACC-10008833,0,0,0,0,0,0,0,0,0,0,0,0
ACC-10008834,0,0,0,0,0,0,0,0,0,0,0,0
ACC-10008835,0,0,0,1,0,0,0,0,1,0,0,0
ACC-10008836,0,0,0,0,0,0,0,0,0,0,0,0
ACC-10008837,0,0,0,0,0,0,0,0,0,0,0,0
ACC-10008838,0,0,0,0,0,0,0,0,0,0,0,0
ACC-10008839,0,0,0,0,0,0,0,0,0,0,0,0
ACC-10008840,0,0,0,0,0,0,0,0,0,0,0,0
ACC-10008841,0,0,0,0,0,0,0,0,0,0,0,0
ACC-10008842,0,0,0,0,0,0,0,0,0,0,0,0
ACC-10008843,0,0,0,0,0,0,0,0,0,0,0,0
ACC-10008844,0,0,0,0,0,0,0,0,0,0,0,0
ACC-10008845,0,0,0,0,0,0,0,0,0,0,0,0
ACC-10008846,0,0,0,0,0,0,0,0,0,0,0,0
ACC-10008847,0,0,0,0,0,0,0,0,0,0,0,0
ACC-10008848,0,0,0,0,0,0,0,0,0,0,0,0
ACC-10008849,0,0,0,0,0,0,0,0,0,0,0,0
ACC-10008850,0,0,1,0,0,1,0,1,0,0,0,0
ACC-10008851,0,0,0,0,0,0,0,0,0,0,0,0
ACC-10008852,0,0,0,0,0,0,0,0,0,0,0,0
ACC-10008853,0,0,0,0,0,0,0,0,0,0,0,0
ACC-10008854,0,0,0,0,0,0,0,0,0,0,0,0
ACC-10008855,0,0,0,0,0,0,0,0,0,0,0,0
ACC-10008856,0,0,0,0,0,0,0,0,0,0,0,0
ACC-10008857,0,0,0,0,0,0,0,0,0,0,0,0
ACC-10008858,0,0,0,0,0,0,0,0,0,0,0,0
ACC-10008859,0,0,0,0,0,0,0,0,0,0,0,0
ACC-10008860,0,0,0,0,0,0,0,0,0,0,0,0
ACC-10008861,0,0,0,0,0,0,0,0,0,0,0,0
ACC-10008862,0,0,0,0,0,0,0,0,0,0,0,0
ACC-10008863,0,0,0,0,0,0,0,0,0,0,0,0
ACC-10008864,0,0,0,0,0,0,0,0,0,0,0,0
ACC-10008865,0,0,0,0,0,0,0,0,0,0,0,0
ACC-10008866,0,0,0,0,0,0,0,0,0,0,0,0
ACC-10008867,0,0,0,0,0,0,0,0,0,0,0,0
ACC-10008868,0,0,0,0,0,0,0,0,0,0,0,0
ACC-10008869,0,0,0,0,0,0,0,0,0,0,0,0
ACC-10008870,0,0,0,0,0,0,0,0,0,0,0,0
ACC-10008871,0,0,0,0,0,0,0,0,0,0,0,0
ACC-10008872,0,0,0,0,0,0,0,0,0,0,0,0
ACC-10008873,0,0,0,0,0,0,0,0,0,0,0,0
ACC-10008874,0,0,0,0,0,0,0,0,0,0,0,0
ACC-10008875,0,0,0,0,0,0,0,0,0,0,0,0
ACC-10008876,0,0,0,0,0,0,0,0,0,0,0,0
ACC-10008877,0,0,0,0,0,0,0,0,0,0,0,0
ACC-10008878,0,0,0,0,0,0,0,0,0,0,0,0
ACC-10008879,0,1,0,0,0,0,0,0,1,0,0,0
ACC-10008880,0,0,0,0,0,0,0,0,0,0,0,0
ACC-100088XX,0,0,0,0,0,0,0,0,0,0,0,0
ACC-10008882,0,0,0,0,0,0,0,0,0,0,0,0
ACC-10008883,0,0,0,0,0,0,0,0,0,0,0,0
ACC-10008884,0,0,0,0,0,0,0,0,0,0,0,0
ACC-10008885,0,0,0,0,0,0,0,0,0,0,0,0
ACC-10008886,0,0,0,0,0,0,0,0,0,0,0,0
ACC-10008887,0,0,0,0,0,0,0,0,0,0,0,0
ACC-10008888,0,0,0,0,0,0,0,0,0,0,0,0
ACC-10008889,0,0,0,0,0,0,0,0,0,0,0,0
ACC-10008890,0,0,0,0,0,0,0,0,0,0,0,0
ACC-10008891,0,0,0,0,0,0,0,0,0,0,0,0
ACC-10008892,0,0,0,0,0,0,0,0,0,0,0,0
ACC-10008893,0,0,0,0,0,0,0,0,0,0,0,0
ACC-10008894,0,0,0,0,0,0,0,0,0,0,0,0
ACC-10008895,0,0,0,0,0,0,0,0,0,0,0,0
ACC-10008896,0,0,0,0,0,0,0,0,0,0,0,0
ACC-10008897,0,0,0,0,0,0,0,0,0,0,0,0
ACC-10008898,0,0,0,0,0,0,0,0,0,0,0,0
ACC-10008899,0,0,0,0,0,0,0,0,0,0,0,0
ACC-10008900,0,0,0,0,0,0,0,0,0,0,0,0
ACC-10008901,0,0,0,0,0,0,0,0,0,0,0,0
ACC-10008902,0,0,0,0,0,0,0,0,0,0,0,0
ACC-10008903,0,0,0,0,0,0,0,0,0,0,0,0
ACC-10008904,0,0,0,0,0,0,0,0,0,0,0,0
ACC-10008905,0,0,0,0,0,0,0,0,0,0,0,0
ACC-10008906,0,0,0,0,0,0,0,1,0,0,0,0
ACC-10008907,0,0,0,0,0,0,0,0,0,0,0,0
ACC-10008908,0,0,0,0,0,0,0,0,0,0,0,0
ACC-10008909,0,0,0,0,0,0,0,0,0,0,0,0
ACC-10008910,0,0,0,0,0,0,0,0,0,0,0,0
ACC-10008911,0,0,0,0,0,0,0,0,0,0,0,0
ACC-10008912,0,0,0,0,0,0,0,0,0,0,0,0
ACC-10008913,0,0,0,0,0,0,0,0,0,0,0,0
ACC-10008914,0,0,0,0,0,0,0,0,0,0,0,0
ACC-10008915,0,0,0,0,0,0,0,0,0,0,0,0
ACC-10008916,0,0,0,0,0,0,0,0,0,0,0,0
ACC-10008917,0,0,0,0,0,0,0,0,0,0,0,0
ACC-10008918,0,0,0,0,0,0,0,0,0,0,0,0
ACC-10008919,0,0,0,0,0,0,0,0,0,0,0,0
ACC-10008920,0,0,0,0,0,0,0,0,0,0,0,0
ACC-10008921,0,0,0,0,0,0,0,0,0,0,0,0
ACC-10008922,0,0,0,0,0,0,0,0,0,0,0,0
ACC-10008923,0,0,0,0,0,0,0,0,0,0,0,0
ACC-10008924,0,1,1,0,1,0,1,0,0,0,0,1
ACC-10008925,0,0,0,0,0,0,0,0,0,0,0,0
ACC-10008926,0,0,0,0,0,0,0,0,0,0,0,0
ACC-10008927,0,0,0,0,0,0,0,0,0,0,0,0
ACC-10008928,0,0,0,0,0,0,0,0,0,0,0,0
ACC-10008929,0,0,0,0,0,0,0,0,0,0,0,0
ACC-10008930,0,0,0,0,0,0,0,0,0,0,0,0
ACC-10008931,0,0,0,0,0,0,0,0,0,0,0,0
ACC-10008932,0,0,0,0,0,0,0,0,0,0,0,0
ACC-10008933,0,0,0,0,0,0,0,0,0,0,0,0
ACC-10008934,0,0,0,0,0,0,0,0,0,0,0,0
ACC-10008935,0,0,0,0,0,0,0,0,0,0,0,0
ACC-10008936,0,0,0,0,0,0,0,0,0,0,0,0
ACC-10008937,0,0,0,0,0,0,0,0,0,0,0,0
ACC-10008938,0,0,0,0,0,0,0,0,0,0,0,0
ACC-10008939,0,0,0,0,0,0,0,0,0,0,0,0
ACC-10008940,0,0,0,0,0,0,0,0,0,0,0,0
ACC-10008941,0,0,0,0,0,0,0,0,0,0,0,0
ACC-10008942,0,0,0,0,0,0,0,0,0,0,0,0
ACC-10008943,0,0,0,0,0,0,0,0,0,0,0,0
ACC-10008944,1,0,0,1,0,0,0,0,0,1,0,0
ACC-10008945,0,0,0,0,0,0,0,0,0,0,1,0
ACC-10008946,0,0,0,0,0,0,0,0,0,0,0,0
ACC-10008947,0,0,0,0,0,0,0,0,0,0,0,0
ACC-10008948,0,0,0,0,0,0,0,0,0,0,0,0
ACC-10008949,0,0,0,0,0,0,0,0,0,0,0,0
ACC-10008950,0,0,0,0,0,0,0,0,0,0,0,0
ACC-10008951,0,0,0,0,0,0,0,0,0,0,0,0
ACC-10008952,0,0,0,1,1,1,0,0,1,0,0,0
ACC-10008953,0,0,0,0,0,0,0,0,0,0,0,0
ACC-10008954,0,0,0,0,0,0,0,0,0,0,0,0
ACC-10008955,0,0,0,0,0,0,0,0,0,0,0,0
ACC-10008956,0,0,0,0,0,0,0,0,0,0,0,0
ACC-10008957,0,0,0,0,0,0,0,0,0,0,0,0
ACC-10008958,0,0,0,0,0,0,0,0,0,0,0,0
ACC-10008959,0,0,0,0,0,0,0,0,0,0,0,0
ACC-10008960,0,0,0,0,0,0,0,0,0,0,0,0
ACC-10008961,0,0,0,0,0,0,0,0,0,0,0,0
ACC-10008962,0,0,0,0,0,0,0,0,0,0,0,0
ACC-10008963,0,0,0,0,0,0,0,0,0,0,0,0
ACC-10008964,0,0,0,0,0,0,0,0,0,0,0,0
ACC-10008965,0,0,0,0,0,0,0,0,0,0,0,0
ACC-10008966,0,0,0,0,0,0,0,0,0,0,0,0
ACC-10008967,0,0,0,0,0,0,0,0,0,0,0,0
ACC-10008968,0,0,0,0,0,0,0,0,0,0,0,0
ACC-10008969,0,0,0,0,0,0,0,0,0,0,0,0
ACC-10008970,0,0,0,0,0,0,0,0,0,0,0,0
ACC-10008971,0,0,0,0,0,0,0,0,0,0,0,0
ACC-10008972,0,0,0,0,0,0,0,0,0,0,0,0
ACC-10008973,0,0,0,0,0,0,0,0,0,0,0,0
ACC-10008974,0,0,0,0,0,0,0,0,0,0,0,0
ACC-10008975,0,0,0,0,0,0,0,0,0,0,0,0
ACC-10008976,0,0,0,0,0,0,0,0,0,0,0,0
ACC-10008977,0,0,0,0,0,0,0,0,0,0,0,0
ACC-10008978,0,0,0,0,0,0,0,0,0,0,0,0
ACC-10008979,0,0,0,0,0,0,0,0,0,0,0,0
ACC-10008980,0,0,0,0,0,0,0,0,0,0,0,0
ACC-10008981,0,0,0,0,0,0,0,0,0,0,0,0
ACC-10008982,0,0,0,0,0,0,0,0,0,0,0,0
ACC-10008983,0,0,0,0,0,0,0,0,0,0,0,0
ACC-10008984,0,0,0,0,0,0,0,0,0,0,0,0
ACC-10008985,0,0,0,0,0,0,0,0,0,0,0,0
ACC-10008986,0,0,0,0,0,0,0,0,0,0,0,0
ACC-10008987,0,0,0,0,0,0,0,0,0,0,0,0
ACC-10008988,0,0,0,0,0,0,0,0,0,0,0,0
ACC-10008989,0,0,0,0,0,0,0,0,0,0,0,0
ACC-10008990,0,0,0,0,0,0,0,0,0,0,0,0
ACC-10008991,0,0,0,0,0,0,0,0,0,0,0,0
ACC-10008992,0,0,0,0,0,0,0,0,0,0,0,0
ACC-10008993,0,0,0,0,0,0,0,0,0,0,0,0
ACC-10008994,0,0,0,0,0,0,0,0,0,0,0,0
ACC-10008995,0,0,0,0,0,0,0,0,0,0,0,0
ACC-10008996,0,0,0,0,0,0,0,0,0,0,0,0
ACC-10008997,0,0,0,0,0,0,0,0,0,0,0,0
ACC-10008998,0,0,0,0,0,0,0,0,0,0,0,0
ACC-10008999,0,0,0,1,1,1,1,1,0,1,0,0
ACC-10009000,0,0,0,0,0,0,0,0,0,0,0,0
ACC-10009001,0,1,0,0,0,1,0,0,1,0,0,0
ACC-10009002,0,0,0,0,0,0,0,0,0,0,0,0
ACC-10009003,0,0,0,0,0,0,0,0,0,0,0,0
ACC-10009004,0,0,0,0,0,0,0,0,0,0,0,0
ACC-10009005,0,0,0,0,0,0,0,0,0,0,0,0
ACC-10009006,0,0,0,0,0,0,0,0,0,0,0,0
ACC-10009007,0,0,0,0,0,0,0,0,0,0,0,0
ACC-10009008,0,0,0,0,0,0,0,0,0,0,0,0
ACC-10009009,0,0,0,0,0,0,0,0,0,0,0,0
ACC-10009010,0,0,0,0,0,0,0,0,0,0,0,0
ACC-10009011,0,0,0,0,0,0,0,0,0,0,0,0
ACC-10009012,0,0,0,0,0,0,0,0,0,0,0,0
ACC-10009013,0,0,0,0,0,0,0,0,0,0,0,0
ACC-10009014,0,0,0,0,0,0,0,0,0,0,0,0
ACC-10009015,0,0,0,0,0,0,0,0,0,0,0,0
ACC-10009016,0,0,0,0,0,0,0,0,0,0,0,0
ACC-10009017,0,0,0,0,0,0,0,0,0,0,0,0
ACC-10009018,0,0,0,0,0,0,0,0,0,0,0,0
ACC-10009019,0,0,0,0,0,0,0,0,0,0,0,0
ACC-10009020,0,0,0,0,0,0,0,0,0,0,0,0
ACC-10009021,0,0,0,0,0,0,0,0,0,0,0,0
ACC-10009022,0,0,0,0,0,0,0,0,0,0,0,0
ACC-10009023,0,0,0,0,0,0,0,0,0,0,0,0
ACC-10009024,0,0,0,0,0,0,0,0,0,0,0,0
ACC-10009025,0,0,0,0,0,0,0,0,0,0,0,0
ACC-10009026,0,0,0,0,0,0,0,0,0,0,0,0
ACC-10009027,0,0,0,0,0,0,0,0,0,0,0,0
ACC-10009028,0,0,0,0,0,0,0,0,0,0,0,0
ACC-10009029,0,0,0,0,0,0,0,0,0,0,0,0
ACC-10009030,0,0,0,0,0,0,0,0,0,0,0,0
ACC-10009031,0,0,0,0,0,0,0,0,0,0,0,0
ACC-10009032,0,0,0,0,0,0,0,0,0,0,0,0
ACC-10009033,0,0,0,0,0,0,0,0,0,0,0,0
ACC-10009034,0,0,0,0,0,0,0,0,0,0,0,0
ACC-10009035,0,0,0,0,0,0,0,0,0,0,0,0
ACC-10009036,0,0,0,0,0,0,0,0,0,0,0,0
ACC-10009037,0,0,0,0,0,0,0,0,0,0,0,0
ACC-10009038,0,0,0,0,0,0,0,0,0,0,0,0
ACC-10009039,0,0,0,0,0,0,0,0,0,0,0,0
ACC-10009040,0,0,0,0,0,0,0,0,0,0,0,0
ACC-10009041,0,0,0,0,0,0,0,0,0,0,0,0
ACC-10009042,0,0,0,0,0,0,0,0,0,0,0,0
ACC-10009043,0,0,0,0,0,0,0,0,0,0,0,0
ACC-10009044,0,0,0,0,0,0,0,0,0,0,0,0
ACC-10009045,0,0,0,0,0,0,0,0,0,0,0,0
ACC-10009046,0,0,0,0,0,0,0,0,0,0,0,0
ACC-10009047,0,0,0,0,0,0,0,0,0,0,0,0
ACC-10009048,0,0,0,0,0,0,0,0,0,0,0,0
ACC-10009049,0,0,0,0,0,0,0,0,0,0,0,0
ACC-10009050,0,0,0,0,0,0,0,0,0,0,0,0
ACC-10009051,0,0,0,0,0,0,0,0,0,0,0,0
ACC-10009052,0,0,0,0,0,0,0,0,0,0,0,0
ACC-10009053,0,0,0,0,0,0,0,0,0,0,0,0
ACC-10009054,0,0,0,0,0,0,0,0,0,0,0,0
ACC-10009055,0,0,0,0,0,0,0,0,0,0,0,0
ACC-10009056,0,0,0,0,0,0,0,0,0,0,0,0
ACC-10009057,0,0,0,0,0,0,0,0,0,0,0,0
ACC-10009058,0,0,0,0,0,0,0,0,0,0,0,0
ACC-10009059,0,0,0,0,0,0,0,0,0,0,0,0
ACC-10009060,0,0,0,0,0,0,0,0,0,0,0,0
ACC-10009061,0,0,0,0,0,0,0,0,0,0,0,0
ACC-10009062,0,0,0,0,0,0,0,0,0,0,0,0
ACC-10009063,0,0,0,0,0,0,0,0,0,0,0,0
ACC-10009064,0,0,0,0,0,0,0,0,0,0,0,0
ACC-10009065,0,0,0,0,0,0,0,0,0,0,0,0
,0,0,0,0,0,0,0,0,0,0,0,0
ACC-10009067,0,0,0,0,0,0,0,0,0,0,0,0
ACC-10009068,0,0,0,0,0,0,0,0,0,0,0,0
ACC-10009069,0,0,0,0,0,0,0,0,0,0,0,0
ACC-10009070,0,0,0,0,0,0,0,0,0,0,0,0
ACC-10009071,0,0,0,0,0,0,0,0,0,0,0,0
ACC-10009072,0,0,0,0,0,0,0,0,0,0,0,0
ACC-10009073,0,0,0,0,0,0,0,0,0,0,0,0
ACC-10009074,0,0,0,0,0,0,0,0,0,0,0,0
ACC-10009075,0,0,0,0,0,0,0,0,0,0,0,0
ACC-10009076,0,0,0,0,0,0,0,0,0,0,0,0
ACC-10009077,0,0,0,0,0,0,0,0,0,0,0,0
ACC-10009078,0,0,0,0,0,0,0,0,0,0,0,0
ACC-10009079,0,0,0,0,0,0,0,0,0,0,0,0
ACC-10009080,0,0,0,0,0,0,0,0,0,0,0,0
ACC-10009081,0,0,0,0,0,0,0,0,0,0,0,0
ACC-10009082,0,0,0,0,0,0,0,0,0,0,0,0
ACC-10009083,0,0,0,0,0,0,0,0,0,0,0,0
ACC-10009084,0,0,0,0,0,0,0,0,0,0,0,0
ACC-10009085,0,0,0,0,0,0,0,0,0,0,0,0
ACC-10009086,0,0,0,0,0,0,0,0,0,0,0,0
ACC-10009087,0,0,0,0,0,0,0,0,0,0,0,0
ACC-10009088,0,0,0,0,0,0,0,0,0,0,0,0
ACC-10009089,0,0,0,0,0,0,0,0,0,0,0,0
ACC-10009090,0,0,0,0,0,0,0,0,0,0,0,0
ACC-10009091,1,0,1,0,0,0,0,1,0,1,0,0
ACC-10009092,0,0,0,0,0,0,0,0,0,0,0,0
ACC-10009093,0,0,0,0,0,0,0,0,0,0,0,0
ACC-10009094,0,0,0,0,0,0,0,0,0,0,0,0
ACC-10009095,0,0,0,0,0,0,0,0,0,0,0,0
ACC-10009096,0,0,0,0,0,0,0,0,0,0,0,0
ACC-10009097,0,0,0,0,0,0,0,0,0,0,0,0
ACC-10009098,0,0,0,0,0,0,0,0,0,0,0,0
ACC-10009099,0,0,0,0,0,0,0,0,0,0,0,0
ACC-10009100,0,0,0,0,0,0,0,0,0,0,0,0
ACC-10009101,0,0,0,0,0,0,0,0,0,0,0,0
ACC-10009102,0,0,0,0,0,0,0,0,0,0,0,0
ACC-10009103,0,0,0,0,0,0,0,0,0,0,0,0
ACC-10009104,0,0,0,0,0,0,0,0,0,0,0,0
ACC-10009105,0,0,0,0,0,0,0,0,0,0,0,0
ACC-10009106,0,0,0,0,0,0,0,0,0,0,0,0
ACC-10009107,0,0,0,0,0,0,0,0,0,0,0,0
ACC-10009108,0,0,0,0,0,0,0,0,0,0,0,0
ACC-10009109,0,0,0,0,0,0,0,0,0,0,0,0
ACC-10009110,0,0,0,0,0,0,0,0,0,0,0,0
ACC-10009111,0,0,0,0,0,0,0,0,0,0,0,0
ACC-10009112,0,0,0,0,0,0,0,0,0,0,0,0
ACC-10009113,0,0,0,0,0,0,0,0,0,0,0,0
ACC-10009114,0,0,0,0,0,0,0,0,0,0,0,0
ACC-10009115,0,0,0,0,0,0,0,0,0,0,0,0
ACC-10009116,0,0,0,0,0,0,0,0,0,0,0,0
ACC-10009117,0,0,0,0,0,0,0,0,0,0,0,0
ACC-10009118,0,0,0,0,0,0,0,0,0,0,0,0
ACC-10009119,0,0,0,0,0,0,0,0,0,0,0,0
ACC-10009120,0,0,0,0,0,0,0,0,0,0,0,0
ACC-10009121,0,0,0,0,0,0,0,0,0,0,0,0
ACC-10009122,0,0,0,0,0,0,0,0,0,0,0,0
ACC-10009123,0,0,0,0,0,0,0,0,0,0,0,0
ACC-10009124,0,0,0,0,0,0,0,0,0,0,0,0
ACC-10009125,0,0,0,0,0,0,0,0,0,0,0,0
ACC-10009126,0,0,0,0,0,0,0,0,0,0,0,0
ACC-10009127,0,1,0,1,0,0,1,0,0,1,1,1
ACC-10009128,0,0,1,0,0,1,1,0,1,0,0,0
ACC-10009129,0,0,0,0,0,0,0,0,0,0,0,0
ACC-10009130,0,0,0,0,0,0,0,0,0,0,0,0
ACC-10009131,0,0,0,0,0,0,0,0,0,0,0,0
ACC-10009132,0,0,0,0,0,0,0,0,0,0,0,0
ACC-10009133,0,0,0,0,0,0,0,0,0,0,0,0
ACC-10009134,0,0,0,0,0,0,0,0,0,0,0,0
ACC-10009135,0,0,0,0,0,0,0,0,0,0,0,0
ACC-10009136,0,0,0,0,0,0,0,0,0,0,0,0
ACC-10009137,1,0,0,1,1,0,0,1,0,1,1,1
ACC-10009138,0,0,0,0,0,0,0,0,0,0,0,0
ACC-10009139,0,0,0,0,0,0,0,0,0,0,0,0
ACC-10009140,0,0,0,0,0,0,0,0,0,0,0,0
ACC-10009141,0,0,0,0,0,0,0,0,0,0,0,0
ACC-10009142,0,0,0,0,0,0,0,0,0,0,0,0
ACC-10009143,0,0,0,0,0,0,0,0,0,0,0,0
ACC-10009144,0,0,0,0,0,0,0,0,0,0,0,0
ACC-10009145,0,0,0,0,0,0,0,0,0,0,0,0
ACC-10009146,0,0,0,0,0,0,0,0,0,0,0,0
ACC-10009147,0,0,0,0,0,0,0,0,0,0,0,0
ACC-10009148,0,0,0,0,0,0,0,0,0,0,0,0
ACC-10009149,0,0,0,0,0,0,0,0,0,0,0,0
ACC-10009150,0,0,0,0,0,0,0,0,0,0,0,0
ACC-10009151,0,0,0,0,0,0,0,0,0,0,0,0
ACC-10009152,0,0,0,0,0,0,0,0,0,0,0,0
ACC-10009153,0,0,0,0,0,0,0,0,0,0,0,0
ACC-10009154,0,0,0,0,1,1,1,0,1,1,0,0
ACC-10009155,0,0,0,0,0,0,0,0,0,0,0,0
ACC-10009156,0,0,0,0,0,0,0,0,0,0,0,0
ACC-10009157,0,0,0,0,0,0,0,0,0,0,0,0
ACC-10009158,0,0,0,0,0,0,0,0,0,0,0,0
ACC-10009159,0,0,0,0,0,0,0,0,0,0,0,0
ACC-10009160,0,0,0,0,0,0,0,0,0,0,0,0
ACC-10009161,0,0,0,0,0,0,0,0,0,0,0,0
ACC-10009162,0,0,0,0,0,0,0,0,0,0,0,0
ACC-10009163,0,0,0,0,0,0,0,0,0,0,0,0
ACC-10009164,0,0,0,0,0,0,0,0,0,0,0,0
ACC-10009165,0,0,0,0,0,0,0,0,0,0,0,0
ACC-10009166,0,0,0,0,0,0,0,0,0,0,0,0
ACC-10009167,0,0,0,0,0,0,0,0,0,0,0,0
ACC-10009168,0,0,0,0,0,0,0,0,0,0,0,0
ACC-10009169,0,0,0,0,0,0,0,0,0,0,0,0
ACC-10009170,0,0,0,0,0,0,0,0,0,0,0,0
ACC-10009171,0,0,0,0,0,0,0,0,0,0,0,0
ACC-10009172,0,0,0,0,0,0,0,0,0,0,0,0
ACC-10009173,0,0,0,0,0,0,0,0,0,0,0,0
ACC-10009174,0,0,0,0,0,0,0,0,0,0,0,0
ACC-10009175,0,0,0,0,0,0,0,0,0,0,0,0
ACC-10009176,0,0,0,0,0,0,0,0,0,0,0,0
ACC-10009177,0,0,0,0,0,0,0,0,0,0,1,1
ACC-10009178,0,0,0,0,0,0,0,0,0,0,0,0
ACC-10009179,0,0,0,0,0,0,0,0,1,0,1,0
ACC-10009180,0,0,0,0,0,0,0,0,0,0,0,0
ACC-10009181,0,0,0,0,0,0,0,0,0,0,0,0
ACC-10009182,0,0,0,0,0,0,0,0,0,0,0,0
ACC-10009183,0,0,0,0,0,0,0,0,0,0,0,0
ACC-10009184,0,0,0,0,0,0,0,0,0,0,0,0
ACC-10009185,0,0,0,0,0,0,0,0,0,0,0,0
ACC-10009186,0,0,0,0,0,0,0,0,0,0,0,0
ACC-10009187,0,0,0,0,0,0,0,0,0,0,0,0
ACC-10009188,0,0,0,0,0,0,0,0,0,0,0,0
ACC-10009189,0,0,0,0,0,0,0,0,0,0,0,0
ACC-10009190,0,0,0,0,0,0,0,0,0,0,0,0
ACC-10009191,0,0,0,0,0,0,0,0,0,0,0,0
ACC-10009192,0,1,0,1,0,1,0,0,0,0,0,0
ACC-10009193,0,0,0,0,0,0,0,0,0,0,0,0
ACC-10009194,0,0,0,0,0,0,0,0,0,0,0,0
ACC-10009195,0,0,0,0,0,0,0,0,0,0,0,0
ACC-10009196,0,0,0,0,0,0,0,0,0,0,0,0
ACC-10009197,0,0,0,0,0,0,0,0,0,0,0,0
ACC-10009198,0,0,0,0,0,0,0,0,0,0,0,0
ACC-10009199,0,0,0,0,0,0,0,0,0,0,0,0
ACC-10009200,0,0,0,0,0,0,0,0,0,0,0,0
ACC-10009201,0,0,0,0,0,0,0,0,0,0,0,0
ACC-10009202,0,0,0,0,0,0,0,0,0,0,0,0
ACC-10009203,0,0,0,0,0,0,0,0,0,0,0,0
ACC-10009204,0,0,0,0,0,0,0,0,0,0,0,0
ACC-10009205,0,0,0,0,0,0,0,0,0,0,0,0
ACC-10009206,0,0,0,0,0,0,0,0,0,0,0,0
ACC-10009207,0,0,0,0,0,0,0,0,0,0,0,0
ACC-10009208,0,0,0,0,0,0,0,0,0,0,0,0
ACC-10009209,0,0,0,0,0,0,0,0,0,0,0,0
ACC-10009210,0,0,0,0,0,0,0,0,0,0,0,0
ACC-10009211,0,0,0,0,0,0,0,0,0,0,0,0
ACC-10009212,0,0,0,0,0,0,0,0,0,0,0,0
ACC-10009213,0,0,0,0,0,0,0,0,0,0,0,0
ACC-10009214,0,0,0,0,0,0,0,0,0,0,0,0
ACC-10009215,0,0,0,0,0,0,0,0,0,0,0,0
ACC-10009216,0,0,0,0,0,0,0,0,0,0,0,0
ACC-10009217,0,0,0,0,0,0,0,0,0,0,0,0
ACC-10009218,0,0,0,0,0,0,0,0,0,0,0,0
ACC-10009219,0,0,0,0,0,0,0,0,0,0,0,0
ACC-10009220,0,0,0,0,0,0,0,0,0,0,0,0
ACC-10009221,0,0,0,0,0,0,0,0,0,0,0,0
ACC-10009222,0,0,1,0,0,0,1,1,1,0,1,0
ACC-10009223,0,0,0,0,0,0,0,0,0,0,0,0
ACC-10009224,0,0,0,0,0,0,0,0,0,0,0,0
ACC-10009225,0,0,0,0,0,0,0,0,0,0,0,0
ACC-10009226,0,0,0,0,0,0,0,0,0,0,0,0
ACC-10009227,0,0,0,0,0,0,0,0,0,0,0,0
ACC-10009228,0,0,0,0,0,0,0,0,0,0,0,0
ACC-10009229,0,0,0,0,0,0,0,0,0,0,0,0
ACC-10009230,0,0,0,0,0,0,0,0,0,0,0,0
ACC-10009231,0,0,0,0,0,0,0,0,0,0,0,0
ACC-10009232,0,0,0,0,0,0,0,0,0,0,0,0
ACC-10009233,0,0,0,0,0,0,0,0,0,0,0,0
ACC-10009234,0,0,0,0,0,0,0,0,0,0,0,0
ACC-10009235,0,0,0,0,0,0,0,0,0,0,0,0
ACC-10009236,0,0,0,0,0,0,0,0,0,0,0,0
ACC-10009237,0,0,0,0,0,0,0,0,0,0,0,0
ACC-10009238,0,0,0,0,0,0,0,0,0,0,0,0
ACC-10009239,0,0,0,0,0,0,0,0,0,0,0,0
ACC-10009240,0,0,0,0,0,0,0,0,0,0,0,0
ACC-10009241,0,0,0,0,0,0,0,0,0,0,0,0
ACC-10009242,0,0,0,0,0,0,0,0,0,0,0,0
ACC-10009243,0,0,0,0,0,0,0,0,0,0,0,0
ACC-10009244,0,0,0,0,0,0,0,0,0,0,0,0
ACC-10009245,0,0,0,0,0,0,0,0,0,0,0,0
ACC-10009246,0,0,0,0,0,0,0,0,0,0,0,0
ACC-10009247,0,0,0,0,0,0,0,0,0,0,0,0
ACC-10009248,0,0,0,0,0,0,0,0,0,0,0,0
ACC-10009249,0,0,0,0,0,0,0,0,0,0,0,0
ACC-10009250,0,0,0,0,0,0,0,0,0,0,0,0
ACC-10009251,0,0,0,0,0,0,0,0,0,0,0,0
ACC-10009252,0,0,0,0,0,0,0,0,0,0,0,0
ACC-10009253,0,0,0,0,0,0,0,0,0,0,0,0
ACC-10009254,0,0,0,0,0,0,0,0,0,0,0,0
ACC-10009255,0,0,0,0,0,0,0,0,0,0,0,0
ACC-10009256,0,0,0,0,0,0,0,0,0,0,0,0
ACC-10009257,0,0,0,0,0,0,0,0,0,0,0,0
ACC-10009258,0,0,0,0,0,0,0,0,0,0,0,0
ACC-10009259,0,0,0,0,0,0,0,0,0,0,0,0
ACC-10009260,0,0,0,0,0,0,0,0,0,0,0,0
ACC-10009261,0,0,0,0,0,0,0,0,0,0,0,0
ACC-100092XX,0,0,0,0,1,0,0,1,0,0,0,1
ACC-10009263,0,0,0,0,0,0,0,0,0,0,0,0
ACC-10009264,0,0,0,0,0,0,0,0,0,0,0,0
ACC-10009265,0,0,0,0,0,0,0,0,0,0,0,0
ACC-10009266,0,0,1,0,0,0,0,0,0,0,1,1
ACC-10009267,0,0,0,0,0,0,0,0,0,0,0,0
ACC-10009268,0,0,0,0,0,0,0,0,0,0,0,0
ACC-10009269,0,0,0,0,0,0,0,0,0,0,0,0
ACC-10009270,0,0,0,0,0,0,0,0,0,0,0,0
ACC-10009271,0,0,0,0,0,0,0,0,0,0,0,0
ACC-10009272,0,0,0,0,0,0,0,0,0,0,0,0
ACC-10009273,0,0,0,0,0,0,0,0,0,0,0,0
ACC-10009274,0,0,0,0,0,0,0,0,0,0,0,0
ACC-10009275,0,0,0,0,0,0,0,0,0,0,0,0
ACC-10009276,0,0,0,0,0,0,0,0,0,0,0,0
ACC-10009277,0,0,0,0,0,0,0,0,0,0,0,0
ACC-10009278,0,0,0,0,0,0,0,0,0,0,0,0
ACC-10009279,0,0,0,0,0,0,0,0,0,0,0,0
ACC-10009280,0,0,0,0,0,0,0,0,0,0,0,0
ACC-10009281,0,0,0,0,0,0,0,0,0,0,0,0
ACC-10009282,0,0,0,0,0,0,0,0,0,0,0,0
ACC-10009283,0,0,0,0,0,0,0,0,0,0,0,0
ACC-10009284,0,0,0,0,0,0,0,0,0,0,0,0
ACC-10009285,0,0,0,0,0,0,1,0,0,0,0,0
ACC-10009286,0,0,0,0,0,0,0,0,0,0,0,0
ACC-10009287,0,0,0,0,0,0,0,0,0,0,0,0
ACC-10009288,0,0,0,0,0,0,0,0,0,0,0,0
ACC-10009289,0,0,0,0,0,0,0,0,0,0,0,0
ACC-10009290,0,0,0,0,0,0,0,0,0,0,0,0
ACC-10009291,0,0,0,0,0,0,0,0,0,0,0,0
ACC-10009292,0,0,0,0,0,0,0,0,0,0,0,0
ACC-10009293,0,0,0,0,0,0,0,0,0,0,0,0
ACC-10009294,0,0,0,0,0,0,0,0,0,0,0,0
ACC-10009295,0,0,0,1,0,0,0,0,0,0,0,0
ACC-10009296,0,0,0,0,0,0,0,0,0,0,0,0
ACC-10009297,0,0,0,0,0,0,0,0,0,0,0,0
ACC-10009298,0,0,0,0,0,0,0,0,0,0,0,0
ACC-10009299,0,0,0,0,0,0,0,0,0,0,0,0
ACC-10009300,0,0,0,0,0,0,0,0,0,0,0,0
ACC-10009301,0,0,0,0,0,0,0,0,0,0,0,0
ACC-10009302,0,0,0,0,0,0,0,0,0,0,0,0
ACC-10009303,0,0,0,0,0,0,0,0,0,0,0,0
ACC-10009304,0,0,0,0,0,0,0,0,0,0,0,0
ACC-10009305,0,0,0,0,0,0,0,0,0,0,0,0
ACC-10009306,0,0,0,0,0,0,0,0,0,0,0,0
ACC-10009307,0,0,0,0,0,0,0,0,0,0,0,0
ACC-10009308,0,0,0,0,0,0,0,0,0,0,0,0
ACC-10009309,0,0,0,0,0,0,0,0,0,0,0,0
ACC-10009310,0,0,0,0,0,0,0,0,0,0,0,0
ACC-10009311,0,0,0,0,0,0,0,0,0,0,0,0
ACC-10009312,0,1,0,0,1,0,1,1,1,0,0,0
ACC-10009313,0,0,0,0,0,0,0,0,0,0,0,0
ACC-10009314,0,0,0,0,0,0,0,0,0,0,0,0
ACC-10009315,0,0,0,0,0,0,0,0,0,0,0,0
ACC-10009316,0,0,0,0,0,0,0,0,0,0,0,0
ACC-10009317,0,0,0,0,0,0,0,0,0,0,0,0
ACC-10009318,0,0,0,0,0,0,0,0,0,0,0,0
ACC-10009319,1,0,0,1,0,1,0,0,0,0,0,0
ACC-10009320,0,0,0,0,0,0,0,0,0,0,0,0
ACC-10009321,0,0,0,0,0,0,0,0,0,0,0,0
ACC-10009322,0,0,0,0,0,0,0,0,0,0,0,0
ACC-10009323,0,0,0,0,0,0,0,0,0,0,0,0
ACC-10009324,0,0,0,0,0,0,0,0,0,0,0,0
ACC-10009325,0,0,0,0,0,0,0,0,0,0,0,0
ACC-10009326,0,0,0,0,0,0,0,0,0,0,0,0
ACC-10009327,0,0,0,0,0,0,0,0,0,0,0,0
ACC-10009328,0,0,0,0,0,0,0,0,0,0,0,0
ACC-10009329,0,1,0,0,0,1,1,0,0,1,0,1
ACC-10009330,0,0,0,0,0,0,0,0,0,0,0,0
ACC-10009331,0,0,0,0,0,0,0,0,0,0,0,0
ACC-10009332,0,0,0,0,0,0,0,0,0,0,0,0
ACC-10009333,0,0,0,0,0,0,0,0,0,0,0,0
ACC-10009334,0,0,0,0,0,0,0,0,0,0,0,0
ACC-10009335,0,0,0,0,0,0,0,0,0,0,0,0
ACC-10009336,0,0,0,0,0,0,0,0,0,0,0,0
ACC-10009337,0,0,0,0,0,0,0,0,0,0,0,0
ACC-10009338,0,0,0,0,0,0,0,0,0,0,0,0
ACC-10009339,0,0,0,0,0,0,0,0,0,0,0,0
ACC-10009340,0,0,0,0,0,0,0,0,0,0,0,0
ACC-10009341,0,0,0,0,0,0,0,0,0,0,0,0
ACC-10009342,0,0,0,0,0,0,0,0,0,0,0,0
ACC-10009343,0,0,0,1,0,0,0,0,0,0,0,0
ACC-10009344,0,0,0,0,0,0,0,0,0,0,0,0
ACC-10009345,0,0,0,0,0,0,0,0,0,0,0,0
ACC-10009346,0,0,0,0,0,0,0,0,0,0,0,0
ACC-10009347,0,0,0,0,0,0,0,0,0,0,0,0
ACC-10009348,0,0,0,0,0,0,0,0,0,0,0,0
ACC-10009349,0,0,0,0,0,0,0,0,0,0,0,0
ACC-10009350,0,0,0,0,0,0,0,0,0,0,0,0
ACC-10009351,0,0,0,0,0,0,0,0,0,0,0,0
ACC-10009352,0,0,0,0,0,0,0,0,0,0,0,0
ACC-10009353,0,0,0,0,0,0,0,0,0,0,0,0
ACC-10009354,0,0,0,0,0,0,0,0,0,0,0,0
ACC-10009355,0,0,0,0,0,0,0,0,0,0,0,0
ACC-10009356,0,0,0,0,0,0,0,0,0,0,0,0
ACC-10009357,0,0,0,0,0,0,0,0,0,0,0,0
ACC-10009358,0,0,0,0,0,0,0,0,0,0,0,0
ACC-10009359,0,0,0,0,0,0,0,0,0,0,0,0
ACC-10009360,0,0,0,0,0,0,0,0,0,0,0,0
ACC-10009361,0,0,0,0,0,0,0,0,0,0,0,0
ACC-10009362,0,0,0,0,0,0,0,0,0,0,0,0
ACC-10009363,0,0,0,0,0,0,0,0,0,0,0,0
ACC-10009364,0,0,0,0,0,0,0,0,0,0,0,0
ACC-10009365,0,0,0,0,0,0,0,0,0,0,0,0
ACC-10009366,0,0,0,0,0,0,0,0,0,0,0,0
ACC-10009367,0,0,0,0,0,0,0,0,0,0,0,0
ACC-10009368,0,0,0,0,0,0,0,0,0,0,0,0
ACC-10009369,0,0,0,0,0,0,0,0,0,0,0,0
ACC-10009370,0,0,0,0,0,0,0,0,0,0,0,0
ACC-10009371,0,0,0,0,0,0,0,0,0,0,0,0
ACC-10009372,0,0,0,0,0,0,1,1,0,0,0,0
ACC-10009373,0,0,0,0,0,0,0,0,0,0,0,0
ACC-10009374,0,0,0,0,0,0,0,0,0,0,0,0
ACC-10009375,0,0,0,0,0,0,0,0,0,0,0,0
ACC-10009376,0,0,0,0,0,0,0,0,0,0,0,0
ACC-10009377,0,0,0,0,0,0,0,0,0,0,0,0
ACC-10009378,0,0,0,0,0,0,0,0,0,0,0,0
ACC-10009379,0,0,0,0,0,0,0,0,0,0,0,0
ACC-10009380,0,0,0,0,0,0,0,0,0,0,0,0
ACC-10009381,0,0,0,0,0,0,0,0,0,0,0,0
ACC-10009382,0,0,0,0,0,0,0,0,0,0,0,0
ACC-10009383,0,0,0,0,0,0,0,0,0,0,0,0
ACC-10009384,0,0,0,0,0,0,0,0,0,0,0,0
ACC-10009385,0,0,0,0,0,0,0,0,0,0,0,0
ACC-10009386,0,0,0,0,0,0,0,0,0,0,0,0
ACC-10009387,0,0,0,0,0,0,0,0,0,0,0,0
ACC-10009388,0,0,0,0,0,0,0,0,0,0,0,0
ACC-10009389,0,0,0,0,0,0,0,0,0,0,0,0
ACC-10009390,0,0,0,0,0,0,0,0,0,0,0,0
ACC-10009391,0,1,0,0,1,0,0,0,0,1,0,1
ACC-10009392,0,0,0,0,0,0,0,0,0,0,0,0
ACC-10009393,0,0,0,0,0,0,0,0,0,0,0,0
ACC-10009394,0,0,0,0,0,0,0,0,0,0,0,0
ACC-10009395,0,0,0,0,0,0,0,0,0,0,0,0
ACC-10009396,0,1,0,0,0,0,0,0,1,1,1,0
ACC-10009397,0,0,0,0,0,0,0,0,0,0,0,0
ACC-10009398,0,0,0,0,0,0,0,0,0,0,0,0
ACC-10009399,0,0,0,0,0,0,0,0,0,0,0,0
ACC-10009400,0,0,0,0,0,0,0,0,0,0,0,0
ACC-10009401,0,0,0,0,0,0,0,0,0,0,0,0
ACC-10009402,0,0,0,0,0,0,0,0,0,0,0,0
ACC-10009403,0,0,0,0,0,0,0,0,0,0,0,0
ACC-10009404,0,0,0,0,0,0,0,0,0,0,0,0
ACC-10009405,0,0,0,0,0,0,0,0,0,0,0,0
ACC-10009406,0,0,0,0,0,0,0,0,0,0,0,0
ACC-10009407,0,0,0,0,0,0,0,0,0,0,0,0
ACC-10009408,0,0,0,0,0,0,0,0,0,0,0,0
ACC-10009409,0,0,0,0,0,0,0,0,0,0,0,0
ACC-10009410,0,0,0,0,0,0,0,0,0,0,0,0
ACC-10009411,0,0,0,0,0,0,0,0,0,0,0,0
ACC-10009412,0,0,0,0,0,0,0,0,0,0,0,0
ACC-10009413,0,0,0,0,0,0,0,0,0,0,0,0
ACC-10009414,0,0,0,0,0,0,0,0,0,0,0,0
ACC-10009415,0,0,0,0,0,0,0,0,0,0,0,0
ACC-10009416,1,0,0,0,0,0,0,0,0,0,0,0
ACC-10009417,0,0,0,0,0,0,0,0,0,0,0,0
ACC-10009418,0,0,0,0,0,0,0,0,0,0,0,0
ACC-10009419,0,0,0,0,0,0,0,0,0,0,0,0
ACC-10009420,0,0,0,0,0,0,0,0,0,0,0,0
ACC-10009421,0,0,0,0,0,0,0,0,0,0,0,0
ACC-10009422,0,0,0,0,0,0,0,0,0,0,0,0
ACC-10009423,0,0,0,0,0,0,0,0,0,0,0,0
ACC-10009424,0,0,0,0,0,0,0,0,0,0,0,0
ACC-10009425,0,0,0,0,0,0,0,0,0,0,0,0
ACC-10009426,0,0,0,0,0,0,0,0,0,0,0,0
ACC-10009427,0,0,0,0,0,0,0,0,0,0,0,0
ACC-10009428,0,0,0,0,0,0,0,0,0,0,0,0
ACC-10009429,0,0,0,0,0,0,0,0,0,0,0,0
ACC-10009430,0,0,0,0,0,0,0,0,0,0,0,0
ACC-10009431,0,0,0,0,0,0,0,0,0,0,0,0
ACC-10009432,0,0,0,0,0,0,0,0,0,0,0,0
ACC-10009433,0,0,0,0,0,0,0,0,0,0,0,0
ACC-10009434,0,0,0,0,0,0,0,0,0,0,0,0
ACC-10009435,0,0,0,0,0,0,0,0,0,0,0,0
ACC-10009436,0,0,0,0,0,0,0,0,0,0,0,0
ACC-10009437,0,0,0,0,0,0,0,0,0,0,0,0
ACC-10009438,0,0,0,0,0,0,0,0,0,0,0,0
ACC-10009439,0,0,0,0,0,0,0,0,0,0,0,0
ACC-10009440,1,1,1,0,0,0,0,0,0,0,0,1
ACC-10009441,0,0,0,0,0,0,0,0,0,0,0,0
ACC-10009442,0,0,0,0,0,0,0,0,0,0,0,0
ACC-10009443,0,0,0,1,0,0,1,1,0,1,1,0
ACC-10009444,0,0,0,0,0,0,0,0,0,0,0,0
ACC-10009445,0,0,0,0,0,0,0,0,0,0,0,0
ACC-10009446,0,0,0,0,0,0,0,0,0,0,0,0
ACC-10009447,0,0,0,0,0,0,0,0,0,0,0,0
ACC-10009448,0,0,0,0,0,0,0,0,0,0,0,0
ACC-10009449,0,0,0,0,0,0,0,0,0,0,0,0
ACC-10009450,0,0,0,0,0,0,0,0,0,0,0,0
ACC-10009451,0,0,0,0,0,0,0,0,0,0,0,0
ACC-10009452,0,0,0,1,0,0,0,0,0,0,0,0
ACC-10009453,0,0,0,0,0,0,0,0,0,0,0,0
ACC-10009454,0,0,0,0,0,0,0,0,0,0,0,0
ACC-10009455,0,0,0,0,0,0,0,0,0,0,0,0
ACC-10009456,0,0,0,0,0,0,0,0,0,0,0,0
ACC-10009457,0,0,0,0,0,0,0,0,0,0,0,0
ACC-10009458,0,0,0,0,0,0,0,0,0,0,0,0
ACC-10009459,0,0,0,0,0,0,0,0,0,0,0,0
ACC-10009460,0,0,0,0,0,0,0,0,0,0,0,0
ACC-10009461,0,0,0,0,0,0,0,0,0,0,0,0
ACC-10009462,0,0,0,0,0,0,0,0,0,0,0,0
ACC-10009463,0,0,0,0,0,0,0,0,0,0,0,0
ACC-10009464,0,0,0,0,0,0,0,0,0,0,0,0
ACC-10009465,0,0,0,0,0,0,0,0,0,0,0,0
ACC-10009466,0,0,0,0,0,0,0,0,0,0,0,0
ACC-10009467,0,0,0,0,0,0,0,0,0,0,0,0
ACC-10009468,0,0,0,0,0,0,0,0,0,0,0,0
ACC-10009469,0,0,0,0,0,0,0,0,0,0,0,0
ACC-10009470,0,0,0,0,0,0,0,0,0,0,0,0
ACC-10009471,0,0,0,0,0,0,0,0,0,0,0,0
ACC-10009472,0,0,0,0,0,0,0,0,0,0,0,0
ACC-10009473,0,0,0,0,0,0,0,0,0,0,0,0
ACC-10009474,0,0,0,0,0,0,0,0,0,0,0,0
ACC-10009475,0,0,0,0,0,0,0,0,0,0,0,0
ACC-10009476,0,0,0,0,0,0,0,0,0,0,0,0
ACC-10009477,0,0,0,0,0,0,0,0,0,0,0,0
ACC-10009478,0,0,0,0,0,0,0,0,0,0,0,0
ACC-10009479,0,0,0,0,0,0,0,0,0,0,0,0
ACC-10009480,0,0,0,0,0,0,0,0,0,0,0,0
ACC-10009481,0,0,0,0,0,0,0,0,0,0,0,0
ACC-10009482,0,0,0,0,0,0,0,0,0,0,0,0
ACC-10009483,0,0,0,0,0,0,0,0,0,0,0,0
ACC-10009484,0,0,0,0,0,0,0,0,0,0,0,0
ACC-10009485,0,0,0,0,0,0,0,0,0,0,0,0
ACC-10009486,0,0,0,0,0,0,0,0,0,0,0,0
ACC-10009487,0,0,0,0,0,0,0,0,0,0,0,0
ACC-10009488,0,0,0,0,0,0,0,0,0,0,0,0
ACC-10009489,0,0,0,0,0,0,0,0,0,0,0,0
ACC-10009490,0,0,0,0,0,0,0,0,0,0,0,0
ACC-10009491,0,0,0,0,0,0,0,0,0,0,0,0
ACC-10009492,0,0,0,0,0,0,0,0,0,0,0,0
ACC-10009493,0,0,0,0,0,0,0,0,0,0,0,0
ACC-10009494,0,0,0,0,0,0,0,0,0,0,0,0
ACC-10009495,0,0,0,0,0,0,0,0,0,0,0,0
ACC-10009496,0,0,0,0,0,0,0,0,0,0,0,0
ACC-10009497,0,0,0,0,0,0,0,0,0,0,0,0
ACC-10009498,0,0,0,0,0,0,0,0,0,0,0,0
ACC-10009499,0,0,0,0,0,0,0,0,0,0,0,0
ACC-10009500,0,0,0,0,0,0,0,0,0,0,0,0
ACC-10009501,0,0,0,0,0,0,0,0,0,0,0,0
ACC-10009502,0,0,0,0,0,0,0,0,0,0,0,0
ACC-10009503,0,0,0,0,0,0,0,0,0,0,0,0
ACC-10009504,0,0,0,0,0,0,0,0,0,0,0,0
ACC-10009505,0,0,0,0,0,0,0,0,0,0,0,0
ACC-10009506,0,0,0,0,0,0,0,0,0,0,0,0
ACC-10009507,0,0,0,0,0,0,0,0,0,0,0,0
ACC-10009508,0,0,0,0,0,0,0,0,0,0,0,0
ACC-10009509,0,0,0,0,0,0,0,0,0,0,0,0
ACC-10009510,0,0,0,0,0,0,0,0,0,0,0,0
ACC-10009511,0,0,0,0,0,0,0,0,0,0,0,0
ACC-10009512,0,0,0,0,0,0,0,0,0,0,0,0
ACC-10009513,0,0,0,0,0,0,0,0,0,0,0,0
ACC-10009514,0,0,0,0,0,0,0,0,0,0,0,0
ACC-10009515,0,0,0,0,0,0,0,0,0,0,0,0
ACC-10009516,0,0,0,0,0,0,0,0,0,0,0,0
ACC-10009517,0,0,0,0,0,0,0,0,0,0,0,0
ACC-10009518,0,0,0,0,0,0,0,0,0,0,0,0
ACC-10009519,0,0,0,0,0,0,0,0,0,0,0,0
ACC-10009520,0,0,0,0,0,0,0,0,0,0,0,0
ACC-10009521,0,0,0,0,0,0,0,0,0,0,0,0
ACC-10009522,0,0,0,0,0,0,0,0,0,0,0,0
ACC-10009523,0,0,0,0,0,0,0,0,0,0,0,0
ACC-10009524,0,0,0,0,0,0,0,0,0,0,0,0
ACC-10009525,0,0,0,0,0,0,0,0,0,0,0,0
ACC-10009526,0,0,0,0,0,0,0,0,0,0,0,0
ACC-10009527,0,0,0,0,0,0,0,0,0,0,0,0
ACC-10009528,0,0,0,0,0,0,0,0,0,0,0,0
ACC-10009529,0,0,0,0,0,0,0,0,0,0,0,0
ACC-10009530,0,0,0,0,0,0,0,0,0,0,0,0
ACC-10009531,0,0,0,0,0,0,0,0,0,0,0,0
ACC-10009532,0,0,0,0,0,0,0,0,0,0,0,0
ACC-10009533,0,0,0,0,0,0,0,0,0,0,0,0
ACC-10009534,0,0,0,0,0,0,0,0,0,0,0,0
ACC-10009535,0,0,0,0,0,0,0,0,0,0,0,0
ACC-10009536,0,0,0,0,0,0,0,0,0,0,0,0
ACC-10009537,0,0,0,0,0,0,0,0,0,0,0,0
ACC-10009538,0,0,0,0,0,0,0,0,0,0,0,0
ACC-10009539,0,0,0,0,0,0,0,0,0,0,0,0
ACC-10009540,0,0,0,0,0,0,0,0,0,0,0,0
ACC-10009541,0,0,0,0,0,0,0,0,0,0,0,0
ACC-10009542,0,0,0,0,0,0,0,0,0,0,0,0
ACC-10009543,0,0,0,0,0,0,0,0,0,0,0,0
ACC-10009544,0,0,0,0,0,0,0,0,0,0,0,0
ACC-10009545,0,0,0,0,0,0,0,0,0,0,0,0
ACC-10009546,0,0,0,0,0,0,0,0,0,0,0,0
ACC-10009547,0,0,0,0,0,1,0,0,0,0,0,0
ACC-10009548,0,0,0,0,0,0,0,0,0,0,0,0
ACC-10009549,0,0,0,0,0,0,0,0,0,0,0,0
ACC-10009550,0,0,0,0,0,0,0,0,0,0,0,0
ACC-10009551,0,0,0,0,0,0,0,0,0,0,0,0
ACC-10009552,0,0,0,0,0,0,0,0,0,0,0,0
ACC-10009553,0,0,0,0,0,0,0,0,0,0,0,0
ACC-10009554,0,0,0,0,0,0,0,0,0,0,0,0
ACC-10009555,0,0,0,0,0,0,0,0,0,0,0,0
ACC-10009556,0,0,0,0,0,0,0,0,0,0,0,0
ACC-10009557,0,0,0,1,0,1,0,1,1,0,0,0
ACC-10009558,0,0,0,0,0,0,0,0,0,0,0,0
ACC-10009559,0,0,0,0,0,0,0,0,0,0,0,0
ACC-10009560,0,0,0,0,0,0,0,0,0,0,0,0
ACC-10009561,0,0,0,0,0,0,0,0,0,0,0,0
ACC-10009562,0,0,0,0,0,0,0,0,0,0,0,0
ACC-10009563,0,0,0,0,0,0,0,0,0,0,0,0
ACC-10009564,0,0,0,0,0,0,0,0,0,0,0,0
ACC-10009565,0,0,0,0,0,0,0,0,0,0,0,0
ACC-10009566,0,0,0,0,0,0,0,0,0,0,0,0
ACC-10009567,0,0,0,0,0,0,0,0,0,0,0,0
ACC-10009568,0,0,0,0,0,0,0,0,0,0,0,0
ACC-10009569,1,0,0,1,1,0,0,0,0,0,1,0
ACC-10009570,0,0,0,1,0,0,1,0,1,0,1,0
ACC-10009571,0,0,0,0,0,0,0,0,0,0,0,0
ACC-10009572,0,0,0,0,0,0,0,0,0,0,0,0
ACC-10009573,0,0,0,0,0,0,0,0,0,0,0,0
ACC-10009574,0,0,0,0,0,0,0,0,0,0,0,0
ACC-10009575,0,0,0,0,0,0,0,0,0,0,0,0
ACC-10009576,0,0,0,0,0,0,0,0,0,0,0,0
ACC-10009577,0,0,0,0,0,0,0,0,0,0,0,0
ACC-10009578,1,0,0,1,1,0,1,0,0,0,0,1
ACC-10009579,0,0,0,0,0,0,0,0,0,0,0,0
ACC-10009580,0,0,0,0,0,0,0,0,0,0,0,0
ACC-10009581,0,0,0,0,0,0,0,0,0,0,0,0
ACC-10009582,0,0,0,0,0,0,0,0,0,0,0,0
ACC-10009583,0,0,0,0,0,0,0,0,0,0,0,0
ACC-10009584,0,0,0,0,0,0,0,0,0,0,0,0
ACC-10009585,0,0,0,0,0,0,0,0,0,0,0,0
ACC-10009586,0,0,0,0,0,0,0,0,0,0,0,0
ACC-10009587,0,0,0,0,0,0,0,0,0,0,0,0
ACC-10009588,0,0,0,0,0,0,0,0,0,0,0,0
ACC-10009589,0,0,0,0,0,0,0,0,0,0,0,0
ACC-10009590,0,0,0,0,0,0,0,0,0,0,0,0
ACC-10009591,0,0,0,0,0,0,0,0,0,0,0,0
ACC-10009592,0,0,0,0,0,0,0,0,0,0,0,0
ACC-10009593,0,0,0,0,0,0,0,0,0,0,0,0
ACC-10009594,0,0,0,0,0,0,0,0,0,0,0,0
ACC-10009595,0,0,0,0,0,0,0,0,0,0,0,0
ACC-10009596,0,0,0,0,0,0,0,0,0,0,0,0
ACC-10009597,0,0,0,0,0,0,0,0,0,0,0,0
ACC-10009598,0,0,1,0,0,1,0,1,0,0,1,0
ACC-10009599,0,0,0,0,0,0,0,0,0,0,0,0
ACC-10009600,0,0,0,0,0,0,0,0,0,0,0,0
ACC-10009601,0,1,0,0,1,0,1,0,0,0,0,0
ACC-10009602,0,0,0,0,0,0,0,0,0,0,0,0
ACC-10009603,0,0,0,0,0,0,0,0,0,0,0,0
ACC-10009604,0,0,0,0,0,0,0,0,0,0,0,0
ACC-10009605,0,0,0,0,0,0,0,0,0,0,0,0
ACC-10009606,0,0,0,0,0,0,0,0,0,0,0,0
ACC-10009607,0,0,0,0,0,0,0,0,0,0,0,0
ACC-10009608,0,0,0,0,0,0,0,0,0,0,0,0
ACC-10009609,1,1,0,1,0,0,0,1,0,0,0,0
ACC-10009610,0,0,0,0,0,0,0,0,0,0,0,0
ACC-10009611,0,0,0,0,0,0,0,0,0,0,0,0
ACC-10009612,0,0,0,0,0,0,0,0,0,0,0,0
ACC-10009613,0,0,0,0,0,0,0,0,0,0,0,0
ACC-10009614,0,0,0,0,0,0,0,0,0,0,0,0
ACC-10009615,0,0,0,0,0,0,0,0,0,0,0,0
ACC-10009616,0,0,0,0,0,0,0,0,0,0,0,0
ACC-10009617,0,0,0,0,0,0,0,0,0,0,0,0
ACC-10009618,0,0,0,0,0,0,0,0,0,0,0,0
ACC-10009619,0,0,0,0,0,0,0,0,0,0,0,0
ACC-10009620,0,0,0,0,0,0,0,0,0,0,0,0
ACC-10009621,0,0,0,0,0,0,0,0,0,0,0,0
ACC-10009622,0,0,0,0,0,0,0,0,0,0,0,0
ACC-10009623,0,0,0,0,0,0,0,0,0,0,0,0
ACC-10009624,0,0,0,0,0,0,0,0,0,0,0,0
ACC-10009625,0,0,0,0,0,0,0,0,0,0,0,0
ACC-10009626,0,0,0,0,0,0,0,0,0,0,0,0
ACC-10009627,0,0,0,0,0,0,0,0,0,0,0,0
ACC-10009628,0,0,0,0,0,0,0,0,0,0,0,0
ACC-10009629,0,0,0,0,0,0,0,0,0,0,0,0
ACC-10009630,0,0,0,0,0,0,0,0,0,0,0,0
ACC-10009631,0,0,0,0,0,0,0,0,0,0,0,0
ACC-10009632,0,0,0,0,0,0,0,0,0,0,0,0
ACC-10009633,0,0,0,0,0,0,0,0,0,0,0,0
ACC-10009634,0,0,0,0,0,0,0,0,0,0,0,0
ACC-10009635,0,0,0,0,0,0,0,0,0,0,0,0
ACC-10009636,0,0,0,0,0,0,0,0,0,0,0,0
ACC-10009637,0,0,0,0,0,0,0,0,0,0,0,0
ACC-10009638,0,0,0,0,0,0,0,0,0,0,0,0
ACC-10009639,0,0,0,0,0,0,0,0,0,0,0,0
ACC-10009640,0,0,0,0,0,0,0,0,0,0,0,0
ACC-10009641,0,0,0,0,0,0,0,0,0,0,0,0
ACC-10009642,0,0,0,0,0,0,0,0,0,0,0,0
ACC-10009643,0,0,0,0,0,0,0,0,0,0,0,0
ACC-10009644,0,0,0,0,0,0,0,0,0,0,0,0
ACC-10009645,0,0,0,0,0,0,0,0,1,0,0,0
ACC-10009646,0,0,0,0,0,0,0,0,0,0,0,0
ACC-10009647,0,0,1,0,1,1,1,1,0,0,1,0
ACC-10009648,0,0,0,0,0,0,0,0,0,0,0,0
ACC-10009649,0,0,0,0,0,0,0,0,0,0,0,0
ACC-10009650,0,0,0,0,0,0,0,0,0,0,0,0
ACC-10009651,0,0,0,0,0,0,0,0,0,0,0,0
ACC-10009652,0,0,0,0,0,0,0,0,0,0,0,0
ACC-10009653,0,0,0,0,0,0,0,0,0,0,0,0
ACC-10009654,0,0,0,0,0,0,0,0,0,0,0,0
ACC-10009655,0,0,0,0,0,0,0,0,0,0,0,0
ACC-10009656,0,0,0,0,0,0,0,0,0,0,0,0
ACC-10009657,0,0,0,0,0,0,0,0,0,0,0,0
ACC-10009658,0,0,0,0,0,0,0,0,0,0,0,0
ACC-10009659,0,0,0,0,0,0,0,0,0,0,0,0
ACC-10009660,0,0,0,0,0,0,0,0,0,0,0,0
ACC-10009661,0,0,0,0,0,0,0,0,0,0,0,0
ACC-10009662,0,0,0,0,0,0,0,0,0,0,0,0
ACC-10009663,0,0,0,0,0,0,1,0,0,0,0,0
ACC-10009664,0,0,0,0,0,0,0,0,0,0,0,0
ACC-10009665,0,0,0,0,0,0,0,0,0,0,0,0
ACC-10009666,0,0,0,0,0,0,0,0,0,0,0,0
ACC-10009667,0,0,0,0,0,0,0,0,0,0,0,0
ACC-10009668,0,0,0,0,0,0,0,0,0,0,0,0
ACC-10009669,0,0,0,0,0,0,0,0,0,0,0,0
ACC-10009670,0,0,0,0,0,0,0,0,0,0,0,0
ACC-10009671,0,0,1,0,0,0,0,0,0,0,0,0
ACC-10009672,0,0,0,0,0,0,0,0,0,0,0,0
ACC-10009673,0,0,0,0,0,0,0,0,0,0,0,0
ACC-10009674,0,0,0,0,0,0,0,0,0,0,0,0
ACC-10009675,0,0,0,0,0,0,0,0,0,0,0,0
ACC-10009676,0,0,0,0,0,0,0,0,0,0,0,0
ACC-10009677,0,0,0,0,0,0,0,0,0,0,0,0
ACC-10009678,0,0,0,0,0,0,0,0,0,0,0,0
ACC-10009679,0,0,0,0,0,0,0,0,0,0,0,0
ACC-10009680,0,0,0,0,0,0,0,0,0,0,0,0
ACC-10009681,0,0,0,0,0,0,0,0,0,0,0,0
ACC-10009682,0,0,0,0,0,0,0,0,0,0,0,0
ACC-10009683,0,0,0,0,0,0,0,0,0,0,0,0
ACC-10009684,0,0,0,0,0,0,0,0,0,0,0,0
ACC-10009685,0,0,0,0,0,0,0,0,0,0,0,0
ACC-10009686,0,0,0,0,0,0,0,0,0,0,0,0
ACC-10009687,0,0,0,0,0,0,0,0,0,0,0,0
ACC-10009688,0,0,0,0,0,0,0,0,0,0,0,0
ACC-10009689,0,0,0,0,0,0,0,0,0,0,0,0
ACC-10009690,0,0,0,0,0,0,0,0,0,0,0,0
ACC-10009691,0,0,0,0,0,0,0,0,0,0,0,0
ACC-10009692,0,0,0,0,0,0,0,0,0,0,0,0
ACC-10009693,0,0,0,0,0,0,0,0,0,0,0,0
ACC-10009694,0,0,0,0,0,0,0,0,0,0,0,0
ACC-10009695,0,0,0,0,0,0,0,0,0,0,0,0
ACC-10009696,1,1,0,1,0,0,0,0,0,1,0,0
ACC-10009697,0,0,0,0,0,0,0,0,0,0,0,0
ACC-10009698,0,0,0,0,0,0,0,0,0,0,0,0
ACC-10009699,0,0,0,0,0,0,0,0,0,0,0,0
ACC-10009700,0,0,0,0,0,0,0,0,0,0,0,0
ACC-10009701,0,0,0,0,0,0,0,0,0,0,0,0
ACC-10009702,0,0,0,0,0,0,0,0,0,0,0,0
ACC-10009703,0,0,0,0,0,0,0,0,0,0,0,0
ACC-10009704,0,0,0,0,0,0,0,0,0,0,0,0
ACC-10009705,0,0,0,0,0,0,0,0,0,0,0,0
ACC-10009706,0,0,0,0,0,0,0,0,0,0,0,0
ACC-10009707,0,0,0,0,0,0,0,0,0,0,0,0
ACC-10009708,0,0,0,0,0,0,0,0,0,0,0,0
ACC-10009709,0,0,0,0,0,0,0,0,0,0,0,0
ACC-10009710,0,0,0,0,0,0,0,0,0,0,0,0
ACC-10009711,0,0,0,0,0,0,0,0,0,0,0,0
ACC-10009712,0,0,0,0,0,0,0,0,0,0,0,0
ACC-10009713,0,0,0,0,0,0,0,0,0,0,0,0
ACC-10009714,0,0,0,0,0,0,0,0,0,0,0,0
ACC-10009715,0,0,0,0,0,0,0,0,0,0,0,0
ACC-10009716,0,0,0,0,0,0,0,0,0,0,0,0
ACC-10009717,0,0,0,0,0,0,0,0,0,0,0,0
ACC-10009718,0,0,0,0,0,0,0,0,0,0,0,0
ACC-10009719,0,0,0,0,0,0,0,0,0,0,0,0
ACC-10009720,0,0,0,0,0,0,0,0,0,0,0,0
ACC-10009721,0,0,0,0,0,0,0,0,0,0,0,0
ACC-10009722,0,0,0,0,0,0,0,0,0,0,0,0
ACC-10009723,0,0,0,0,0,0,0,0,0,0,0,0
ACC-10009724,0,0,0,0,0,0,0,0,0,0,0,0
ACC-10009725,0,0,0,0,0,0,0,0,0,0,0,0
ACC-10009726,0,0,0,0,0,0,0,0,0,0,0,0
ACC-10009727,0,0,0,0,0,0,0,0,0,0,0,0
ACC-10009728,0,0,0,0,0,0,0,0,0,0,0,0
ACC-10009729,0,0,0,0,0,0,0,0,0,0,0,0
ACC-10009730,0,0,0,0,0,0,0,0,0,0,0,0
ACC-100097XX,0,0,0,0,0,0,0,0,0,0,0,0
ACC-10009732,0,0,0,0,0,0,0,0,0,0,0,0
ACC-10009733,1,1,0,0,1,0,0,1,0,0,0,0
ACC-10009734,0,0,0,0,0,0,0,0,0,0,0,0
ACC-10009735,0,0,0,0,0,0,0,0,0,0,0,0
ACC-10009736,0,0,0,0,0,0,0,0,0,0,0,0
ACC-10009737,0,0,0,0,0,0,0,0,0,0,0,0
ACC-10009738,0,0,0,0,0,0,0,0,0,0,0,0
ACC-10009739,0,0,0,0,0,0,0,0,0,0,0,0
ACC-10009740,0,0,0,0,0,0,0,0,0,0,0,0
ACC-10009741,0,0,0,0,0,0,0,0,0,0,0,0
ACC-10009742,0,0,0,0,0,1,0,0,0,0,0,0
ACC-10009743,1,1,1,0,1,1,0,0,0,0,0,0
ACC-10009744,0,0,0,0,0,0,0,0,0,0,0,0
ACC-10009745,0,0,0,0,0,0,0,0,0,0,0,0
ACC-10009746,0,0,0,0,0,0,0,0,0,0,0,0
ACC-10009747,0,0,0,0,0,0,0,0,0,0,0,0
ACC-10009748,0,0,0,0,0,0,0,0,0,0,0,0
ACC-10009749,0,0,0,0,0,0,0,0,0,0,0,0
ACC-10009750,0,0,0,0,0,0,0,0,0,0,0,0
ACC-10009751,0,0,0,0,0,0,0,0,0,0,0,0
ACC-10009752,0,0,0,0,0,0,0,0,0,0,0,0
ACC-10009753,0,0,0,0,0,0,0,0,0,0,0,0
ACC-10009754,0,0,0,0,0,0,0,0,0,0,0,0
ACC-10009755,0,0,0,0,0,0,0,0,0,0,0,0
ACC-10009756,0,0,0,0,0,0,0,0,0,0,0,0
ACC-10009757,0,0,0,0,0,0,0,0,0,0,0,0
ACC-10009758,0,0,0,0,0,0,0,0,0,0,0,0
ACC-10009759,0,0,0,0,0,0,0,0,0,0,0,0
ACC-10009760,0,0,0,0,0,0,0,0,0,0,0,0
ACC-10009761,0,0,0,0,0,0,0,0,0,0,0,0
ACC-10009762,0,0,0,0,0,0,0,0,0,0,0,0
ACC-10009763,0,0,0,0,0,0,0,0,0,0,0,0
ACC-10009764,0,0,0,0,0,0,0,0,0,0,0,0
ACC-10009765,0,0,0,0,0,0,0,0,0,0,0,0
ACC-10009766,0,0,0,0,0,0,0,0,0,0,0,0
ACC-10009767,0,0,0,0,0,0,0,0,0,0,0,0
ACC-10009768,0,0,0,0,0,0,0,0,0,0,0,0
ACC-10009769,0,0,0,0,0,1,1,0,0,0,0,0
ACC-10009770,0,0,0,0,0,0,0,0,0,0,0,0
ACC-10009771,0,0,0,0,1,1,1,0,1,1,0,0
ACC-10009772,0,0,0,0,0,0,0,0,0,0,0,0
ACC-10009773,0,0,0,0,0,0,0,0,0,0,0,0
ACC-10009774,0,0,0,0,1,0,0,0,0,0,1,0
ACC-10009775,0,0,0,0,0,0,0,0,0,0,0,0
ACC-10009776,0,0,0,0,0,0,0,0,0,0,0,0
ACC-10009777,0,0,0,0,0,0,0,0,0,0,0,0
ACC-10009778,0,0,0,0,0,0,0,0,0,0,0,0
ACC-10009779,0,0,0,0,0,0,0,0,0,0,0,0
ACC-10009780,0,0,0,0,0,0,0,0,0,0,0,0
ACC-10009781,0,0,0,0,0,0,0,0,0,0,0,0
ACC-10009782,0,0,0,0,0,0,0,0,0,0,0,0
ACC-10009783,0,0,0,0,0,0,0,0,0,0,0,0
ACC-10009784,0,0,0,0,0,0,0,0,0,0,0,0
ACC-10009785,0,0,0,0,0,0,0,0,0,0,0,0
ACC-10009786,0,0,0,0,0,0,0,0,0,0,0,0
ACC-10009787,0,0,0,0,0,0,0,0,0,0,0,0
ACC-10009788,0,0,0,0,0,0,0,0,0,0,0,0
ACC-10009789,0,0,0,0,0,0,0,0,0,0,0,0
ACC-10009790,0,0,0,0,0,0,0,0,0,0,0,0
ACC-10009791,0,0,0,0,0,0,0,0,0,0,0,0
ACC-10009792,0,0,0,0,0,0,0,0,0,0,0,0
ACC-10009793,0,0,0,0,0,0,0,0,0,0,0,0
ACC-10009794,0,0,0,0,0,0,0,0,0,0,0,0
ACC-10009795,0,0,0,0,0,0,0,0,0,0,0,0
ACC-10009796,0,0,0,0,0,0,0,0,0,0,0,0
ACC-10009797,0,0,0,0,0,0,0,0,0,0,0,0
ACC-10009798,0,0,0,0,0,0,0,0,0,0,0,0
ACC-10009799,0,0,0,0,0,0,0,0,0,0,0,0
ACC-10009800,0,0,0,0,0,0,0,0,0,0,0,0
ACC-10009801,0,0,0,0,0,0,0,0,0,0,0,0
ACC-10009802,0,0,0,0,0,0,0,0,0,0,0,0
ACC-10009803,0,0,0,0,0,0,0,0,0,0,0,0
ACC-10009804,0,0,0,0,0,0,0,0,0,0,0,0
ACC-10009805,0,0,0,0,0,0,0,0,0,0,0,0
ACC-10009806,0,0,0,0,0,0,0,0,0,0,0,0
ACC-10009807,0,0,0,0,0,0,0,0,0,0,0,0
ACC-10009808,0,0,0,0,0,0,0,0,0,0,0,0
ACC-10009809,0,0,0,0,0,0,0,0,0,0,0,0
ACC-10009810,0,0,0,0,0,0,0,0,0,0,0,0
ACC-10009811,0,0,0,0,0,0,0,0,0,0,0,0
ACC-10009812,0,0,0,0,0,0,0,0,0,0,0,0
ACC-10009813,0,0,0,0,0,0,0,0,0,0,0,0
ACC-10009814,0,0,0,0,0,0,0,0,0,0,0,0
ACC-10009815,0,0,0,0,0,0,0,0,0,0,0,0
ACC-10009816,0,0,0,0,0,0,0,0,0,0,0,0
ACC-10009817,0,0,0,0,0,0,0,0,0,0,0,0
ACC-10009818,0,0,0,0,0,0,0,0,0,0,0,0
ACC-10009819,0,1,0,0,0,1,0,1,1,1,0,0
ACC-10009820,0,0,0,0,0,0,0,0,0,0,0,0
ACC-10009821,0,0,0,0,0,0,0,0,0,0,0,0
ACC-10009822,0,0,0,0,0,0,0,0,0,0,0,0
ACC-10009823,0,0,0,0,0,0,0,0,0,0,0,0
ACC-10009824,0,0,0,0,0,0,0,0,0,0,0,0
ACC-10009825,0,0,0,0,0,0,0,0,0,0,0,0
ACC-10009826,0,0,0,0,0,0,0,0,0,0,0,0
ACC-10009827,0,0,0,0,0,0,0,0,0,0,0,0
ACC-10009828,0,0,0,0,0,0,0,0,0,0,0,0
ACC-10009829,0,0,0,0,0,0,0,0,0,0,0,0
ACC-10009830,0,0,0,0,0,0,0,0,0,0,0,0
ACC-10009831,0,0,0,0,0,0,0,0,0,0,0,0
ACC-10009832,0,0,0,0,0,0,0,0,0,0,0,0
ACC-10009833,0,0,0,0,0,0,0,0,0,0,0,0
ACC-10009834,0,0,0,0,0,0,0,0,0,0,0,0
ACC-10009835,0,0,0,0,0,0,0,0,0,0,0,0
ACC-10009836,0,0,0,0,0,0,0,0,0,0,0,0
ACC-10009837,0,0,0,0,0,0,0,0,0,0,0,0
ACC-10009838,1,1,0,0,0,1,0,1,0,1,0,0
ACC-10009839,0,0,0,0,0,0,0,0,0,0,0,0
ACC-10009840,0,0,0,0,0,0,0,0,0,0,0,0
ACC-10009841,0,0,0,0,0,0,0,0,0,0,0,0
ACC-10009842,0,0,0,0,0,0,0,0,0,0,0,0
ACC-10009843,0,0,0,0,0,0,0,0,0,0,0,0
ACC-10009844,0,0,0,0,0,0,0,0,0,0,0,0
ACC-10009845,0,0,0,0,0,0,0,0,0,0,0,0
ACC-10009846,0,0,0,0,0,0,0,0,0,0,0,0
ACC-10009847,0,0,0,0,0,0,0,0,0,0,0,0
ACC-10009848,0,0,0,0,0,0,0,0,0,0,0,0
ACC-10009849,0,0,0,0,0,0,0,0,0,0,0,0
ACC-10009850,0,0,0,0,0,0,0,0,0,0,0,0
ACC-10009851,0,0,0,0,0,0,0,0,0,0,0,0
ACC-10009852,0,0,0,0,0,0,0,0,0,0,0,0
ACC-10009853,0,0,0,0,0,0,0,0,0,0,0,0
ACC-10009854,0,0,0,0,0,0,0,0,0,0,0,0
ACC-10009855,0,0,0,0,0,0,0,0,0,0,0,0
ACC-10009856,0,0,0,0,0,0,0,0,0,0,0,0
ACC-10009857,0,0,0,0,0,0,0,0,0,0,0,0
ACC-10009858,0,0,0,0,0,0,0,0,0,0,0,0
ACC-10009859,0,0,0,0,0,0,0,0,0,0,0,0
ACC-10009860,0,0,0,0,0,0,0,0,0,0,0,0
ACC-10009861,0,0,0,0,0,0,0,0,0,0,0,0
ACC-10009862,0,0,0,0,0,0,0,0,0,0,0,0
ACC-10009863,0,0,0,0,0,0,0,0,0,0,0,0
ACC-10009864,0,0,0,0,0,0,0,0,0,0,0,0
ACC-10009865,0,0,0,0,0,0,0,0,0,0,0,0
ACC-10009866,0,0,0,0,0,0,0,0,0,0,0,0
ACC-10009867,0,0,0,0,0,0,0,0,0,0,0,0
ACC-10009868,0,0,0,0,0,0,0,0,0,0,0,0
ACC-10009869,0,0,0,0,0,0,0,0,0,0,0,0
ACC-10009870,0,0,0,0,0,0,0,0,0,0,0,0
ACC-10009871,0,0,0,0,0,0,0,0,0,0,0,0
ACC-10009872,0,0,0,0,0,0,0,0,0,0,0,0
ACC-10009873,0,0,0,0,0,0,0,0,0,0,0,0
ACC-10009874,0,0,0,0,0,0,0,0,0,0,0,0
ACC-10009875,0,0,0,0,0,0,0,0,0,0,0,0
ACC-10009876,0,0,0,0,0,0,0,0,0,0,0,0
ACC-10009877,0,0,0,0,0,0,0,0,0,0,0,0
ACC-10009878,0,0,0,0,0,0,0,0,0,0,0,0
ACC-10009879,0,0,0,0,0,0,0,0,0,0,0,0
ACC-10009880,0,0,0,0,0,0,0,0,0,0,0,0
ACC-10009881,0,0,0,0,0,0,0,0,0,0,0,0
ACC-10009882,0,0,0,0,0,0,0,0,0,0,0,0
ACC-10009883,0,0,0,0,0,0,0,0,0,0,0,0
ACC-10009884,0,0,0,0,0,0,0,0,0,0,0,0
ACC-10009885,0,0,0,0,0,0,0,0,0,0,0,0
ACC-10009886,0,0,0,0,0,0,0,0,0,0,0,0
ACC-10009887,0,0,0,0,0,0,0,0,0,0,0,0
ACC-10009888,0,0,0,0,0,0,0,0,0,0,0,0
ACC-10009889,0,0,0,0,0,0,0,0,0,0,0,0
ACC-10009890,0,0,0,0,0,0,0,0,0,0,0,0
ACC-10009891,0,0,0,0,0,0,0,0,0,0,0,0
ACC-10009892,1,1,1,0,0,0,1,0,1,0,0,0
ACC-10009893,0,0,0,0,0,0,0,0,0,0,0,0
ACC-10009894,0,0,0,0,0,0,0,0,0,0,0,0
ACC-10009895,0,0,0,0,0,0,0,0,0,0,0,0
ACC-10009896,0,0,0,0,0,0,0,0,0,0,0,0
ACC-10009897,0,0,0,0,0,0,0,0,0,0,0,0
ACC-10009898,0,0,0,0,0,0,0,0,0,0,0,0
ACC-10009899,0,0,0,0,0,0,0,0,0,0,0,0
ACC-10009900,0,0,0,0,0,0,0,0,0,0,0,0
ACC-10009901,0,0,0,0,0,0,0,0,0,0,0,0
ACC-10009902,1,1,0,0,0,0,0,0,0,1,1,0
ACC-10009903,0,0,0,0,0,0,0,0,0,0,0,0
ACC-10009904,0,0,0,0,0,0,0,0,0,0,0,0
ACC-10009905,0,0,0,0,0,0,0,0,0,0,0,0
ACC-10009906,0,0,0,0,0,0,0,0,0,0,0,0
ACC-10009907,0,0,0,0,0,0,0,0,0,0,0,0
ACC-10009908,0,0,0,0,0,0,0,0,0,0,0,0
ACC-10009909,0,0,0,1,0,0,0,0,1,0,0,0
ACC-10009910,0,0,0,0,0,0,0,0,0,0,0,0
ACC-10009911,0,0,0,0,0,0,0,0,0,0,0,0
ACC-10009912,0,0,0,0,0,0,0,0,0,0,0,0
ACC-10009913,0,0,0,0,0,0,0,0,0,0,0,0
ACC-10009914,0,0,0,0,0,0,0,0,0,0,0,0
ACC-10009915,0,0,0,0,0,0,0,0,0,0,0,0
ACC-10009916,0,0,0,0,0,0,0,0,0,0,0,0
ACC-10009917,0,0,0,0,0,0,0,0,0,0,0,0
ACC-10009918,0,0,0,0,0,0,0,0,0,0,0,0
ACC-10009919,0,0,0,0,0,0,0,0,0,0,0,0
ACC-10009920,0,0,0,0,0,0,0,0,0,0,0,0
ACC-10009921,0,0,0,0,0,0,0,0,0,0,0,0
ACC-10009922,0,0,0,0,0,0,0,0,0,0,0,0
ACC-10009923,0,0,0,0,0,0,0,0,0,0,0,0
ACC-10009924,0,0,0,0,0,0,0,0,0,0,0,0
ACC-10009925,0,0,0,0,0,0,0,0,0,0,0,0
ACC-10009926,0,0,0,0,0,0,0,0,0,0,0,0
ACC-10009927,0,0,0,0,0,0,0,0,0,0,0,0
ACC-10009928,0,0,0,0,0,0,0,0,0,0,0,0
ACC-10009929,0,0,0,0,0,0,0,0,0,0,0,0
ACC-10009930,0,0,0,0,0,0,0,0,0,0,0,0
ACC-10009931,0,0,0,0,0,0,0,0,0,0,0,0
ACC-10009932,0,0,0,0,0,0,0,0,0,0,0,0
ACC-10009933,0,0,0,0,0,0,0,0,0,0,0,0
ACC-10009934,0,0,0,0,0,0,0,0,0,0,0,0
ACC-10009935,0,0,0,0,0,0,0,0,0,0,0,0
ACC-10009936,0,0,0,0,0,0,0,0,0,0,0,0
ACC-10009937,0,0,0,0,0,0,0,0,0,0,0,0
ACC-10009938,0,0,0,0,0,1,0,1,0,0,0,0
ACC-10009939,0,0,0,0,0,0,0,0,0,0,0,0
ACC-10009940,0,0,0,0,0,0,0,0,0,0,0,0
ACC-10009941,0,0,0,0,0,0,0,0,0,0,0,0
ACC-10009942,0,0,0,0,0,0,0,0,0,0,0,0
ACC-10009943,0,0,0,0,0,0,0,0,0,0,0,0
ACC-10009944,1,0,0,0,1,0,0,0,1,0,0,0
ACC-10009945,0,0,0,0,0,0,0,0,0,0,0,0
ACC-10009946,0,0,0,0,0,0,0,0,0,0,0,0
ACC-10009947,0,0,0,0,0,0,0,0,0,0,0,0
ACC-10009948,0,0,0,0,0,0,0,0,0,0,0,0
ACC-10009949,0,0,0,0,0,0,1,1,0,0,0,0
ACC-10009950,0,0,0,0,0,0,0,0,0,0,0,0
ACC-10009951,0,0,0,0,0,0,0,0,0,0,0,0
ACC-10009952,0,0,0,0,0,0,0,0,0,0,0,0
ACC-10009953,0,0,0,0,0,0,0,0,0,0,0,0
ACC-10009954,0,0,1,1,0,0,1,1,1,0,0,1
ACC-10009955,0,0,0,0,0,0,0,0,0,0,0,0
ACC-10009956,0,0,0,0,0,0,0,0,0,0,0,0
ACC-10009957,0,0,0,0,0,0,0,0,0,0,0,0
ACC-10009958,0,0,0,0,0,0,0,0,0,0,0,0
ACC-10009959,1,0,1,0,1,0,1,1,1,1,0,0
ACC-10009960,0,0,0,0,0,0,0,0,0,0,0,0
ACC-10009961,0,0,0,0,0,0,0,0,0,0,0,0
ACC-10009962,0,0,0,0,0,0,0,0,0,0,0,0
ACC-10009963,0,0,0,0,0,0,0,0,0,0,0,0
ACC-10009964,0,0,0,0,0,0,0,0,0,0,0,0
ACC-10009965,0,1,1,0,1,1,0,0,0,1,1,1
ACC-10009966,0,0,0,0,0,0,0,0,0,0,0,0
ACC-10009967,0,0,0,0,0,0,0,0,0,0,0,0
ACC-10009968,0,0,0,0,0,0,0,0,0,0,0,0
ACC-10009969,0,0,1,1,0,0,1,0,0,0,1,1
ACC-10009970,0,0,0,0,0,0,0,0,0,0,0,0
ACC-10009971,0,0,0,0,0,0,0,0,0,0,0,0
ACC-10009972,0,0,0,0,0,0,0,0,0,0,0,0
ACC-10009973,0,0,0,0,0,0,0,0,0,0,0,0
ACC-10009974,0,0,0,0,0,0,0,0,0,0,0,0
ACC-10009975,0,0,0,0,0,0,0,0,0,0,0,0
ACC-10009976,0,0,0,0,0,0,0,0,0,0,0,0
ACC-10009977,0,0,0,0,0,0,0,0,0,0,0,0
ACC-10009978,0,0,0,0,0,0,0,0,0,0,0,0
ACC-10009979,0,0,0,0,0,0,0,0,0,0,0,0
ACC-10009980,0,0,0,0,0,0,0,0,0,0,0,0
ACC-10009981,0,0,0,0,0,0,0,0,0,0,0,0
ACC-10009982,0,0,0,0,0,0,0,0,0,0,0,0
ACC-10009983,0,0,0,0,0,0,0,0,0,0,0,0
ACC-10009984,0,0,0,0,1,0,1,0,1,0,1,0
ACC-10009985,0,0,0,0,0,0,0,0,0,0,0,0
ACC-10009986,0,0,0,0,0,0,1,0,0,0,0,0
ACC-10009987,0,0,0,0,0,0,0,0,0,0,0,0
ACC-10009988,0,0,0,0,0,0,0,0,0,0,0,0
ACC-10009989,0,0,0,0,0,0,0,0,0,0,0,0
ACC-10009990,0,0,0,0,0,0,0,0,0,0,0,0
ACC-10009991,0,0,0,0,0,0,0,0,0,0,0,0
ACC-10009992,0,0,0,0,0,0,0,0,0,0,0,0
ACC-10009993,0,0,0,0,0,0,0,0,0,0,0,0
ACC-10009994,0,0,0,0,0,0,0,0,0,0,0,0
ACC-10009995,0,0,0,0,0,0,0,0,0,0,0,0
ACC-10009996,0,0,0,0,0,0,0,0,0,0,0,0
ACC-10009997,1,0,1,1,0,0,0,1,1,0,0,0
ACC-10009998,0,0,0,0,0,0,0,0,0,0,0,0
ACC-10009999,0,0,0,0,0,0,0,0,0,0,0,0
ACC-ORPHAN-0000,0,0,0,0,0,0,0,0,0,0,0,0
ACC-ORPHAN-0001,0,0,0,0,0,0,0,0,0,0,0,0
ACC-ORPHAN-0002,0,0,0,0,0,0,0,0,0,0,0,0
ACC-ORPHAN-0003,0,0,0,0,0,0,0,0,0,0,0,0
ACC-ORPHAN-0004,0,0,0,0,0,0,0,0,0,0,0,0
ACC-ORPHAN-0005,0,0,0,0,0,0,0,0,0,0,0,0
ACC-ORPHAN-0006,0,0,0,0,0,0,0,0,0,0,0,0
ACC-ORPHAN-0007,0,0,0,0,0,0,0,0,0,0,0,0
ACC-ORPHAN-0008,0,0,0,0,0,0,0,0,0,0,0,0
ACC-ORPHAN-0009,0,0,0,0,0,0,0,0,0,0,0,0
ACC-ORPHAN-0010,0,0,0,0,0,0,0,0,0,0,0,0
ACC-ORPHAN-0011,0,0,0,0,0,0,0,0,0,0,0,0
