row_index,const,committed_monthly_outgoings,debt_to_income_ratio,recent_application_count,revolving_utilisation,historic_defaults,loan_purpose=education,target_bad
0,1.0,-1.1237752732549202,-0.7447373245311566,-0.22585497996212162,0.9972655025654393,-0.3362948217714412,0.0,0
1,1.0,-0.37067936572705446,-0.2896014649318002,0.6708930750515975,-0.7292813992211925,-0.3362948217714412,0.0,0
2,1.0,-0.8407004678357053,-0.6639989381344105,0.6708930750515975,-1.4675658629877,-0.3362948217714412,0.0,0
3,1.0,1.7450850123463433,0.7342755944180865,-1.1226030349758407,1.676817277235466,-0.3362948217714412,0.0,0
4,1.0,-0.4582839444812589,-0.37033985132854624,0.6708930750515975,-0.24922660982929518,-0.3362948217714412,0.0,0
5,1.0,0.021823064300061448,-0.497520672378288,-0.22585497996212162,-0.6254070565216314,-0.3362948217714412,0.0,0
6,1.0,-1.0317079039375878,-0.7776042782855842,0.6708930750515975,-1.0777943808019632,-0.3362948217714412,0.0,0
7,1.0,-1.3345082436458289,-0.9948119726626712,-0.22585497996212162,-0.8719872719018982,-0.3362948217714412,0.0,0
8,1.0,-0.0698426538665897,-0.7704592883389695,0.6708930750515975,1.6166284057646925,-0.3362948217714412,0.0,0
9,1.0,0.4960838174436839,1.5009330156898442,-1.1226030349758407,1.6734195183621157,-0.3362948217714412,0.0,0
10,1.0,0.49032681761724856,1.0636596309570243,-0.22585497996212162,-0.29291208105808264,-0.3362948217714412,0.0,0
11,1.0,-0.29972099577331773,-0.39606181513635924,0.6708930750515975,0.9851306494463319,-0.3362948217714412,0.0,0
12,1.0,1.6781431538994218,0.5635103346939951,0.6708930750515975,1.09094656864495,-0.3362948217714412,0.0,0
13,1.0,1.6294541088556944,2.2511569600843875,-0.22585497996212162,0.39052284661005865,2.833611433315728,0.0,0
14,1.0,-0.5863660336430353,-0.13169718711161535,-1.1226030349758407,1.324906536781345,-0.3362948217714412,0.0,0
15,1.0,2.4770719205106135,0.6471067170693873,0.6708930750515975,-0.2967952340561969,-0.3362948217714412,0.0,0
16,1.0,-0.9416487903736628,-0.6582829461771188,-0.22585497996212162,0.6366176678655613,-0.3362948217714412,0.0,0
17,1.0,0.7393505310397962,0.7507090712953003,-0.22585497996212162,1.1069645747621726,-0.3362948217714412,0.0,0
18,1.0,-0.2418386021695465,-0.3539063744513325,0.6708930750515975,0.49148482456103393,2.833611433315728,0.0,0
19,1.0,-0.9724866731648779,-0.809042234050689,0.6708930750515975,-1.3501004847947384,-0.3362948217714412,0.0,0
20,1.0,-0.9357132789247024,-0.7361633365952189,-0.22585497996212162,-0.18127143236229243,-0.3362948217714412,0.0,0
21,1.0,-0.4297667127828705,-0.5846895497269873,-1.1226030349758407,1.6850689773564593,-0.3362948217714412,0.0,0
22,1.0,-0.47060124643549245,-0.44607674476266207,0.6708930750515975,0.5599253961528009,2.833611433315728,0.0,0
23,1.0,-0.5172820357258123,-0.5546805919512056,-0.22585497996212162,-0.2429164862073591,2.833611433315728,1.0,0
24,1.0,-0.8881845594273883,-0.7625997993976934,-0.22585497996212162,-0.9952773795920316,-0.3362948217714412,0.0,0
25,1.0,-0.16784553463288254,-0.43535925984274004,1.5676411300653166,-1.3141813195621797,-0.3362948217714412,0.0,1
26,1.0,-0.05516007291389817,-0.2288690503855752,0.6708930750515975,0.45944881232658985,-0.3362948217714412,0.0,0
27,1.0,-0.1624009301458664,-0.4210692799495107,0.6708930750515975,-0.09147351928089598,-0.3362948217714412,0.0,0
28,1.0,0.593952814493083,0.34916063629555405,-0.22585497996212162,1.2885019774240225,-0.3362948217714412,0.0,0
29,1.0,4.234875867515507,2.9420774879220293,-0.22585497996212162,-1.0418752155694049,2.833611433315728,0.0,0
30,1.0,-0.7302464013982849,-0.6239869944333682,-0.22585497996212162,-0.4084358827519871,-0.3362948217714412,0.0,0
31,1.0,-0.6029676145378718,-0.796895751141444,1.5676411300653166,1.327818901529931,-0.3362948217714412,0.0,0
32,1.0,-0.7123059833345101,-0.5746865638017268,-1.1226030349758407,0.5065320424287274,-0.3362948217714412,0.0,0
33,1.0,1.3214323041885936,0.6278152442135275,-1.1226030349758407,-1.4675658629877,-0.3362948217714412,0.0,0
34,1.0,-0.32734566935908066,-0.3417598915420875,1.5676411300653166,-0.31621099904676914,-0.3362948217714412,0.0,0
35,1.0,2.6629025195592675,0.05764504647367442,0.6708930750515975,2.0966831951565896,-0.3362948217714412,0.0,0
36,1.0,1.1854510757300805,1.3730376956454409,-1.1226030349758407,0.694379568712513,-0.3362948217714412,0.0,0
37,1.0,-0.38250576071934395,-0.4639392196291989,0.6708930750515975,0.7705864463005091,-0.3362948217714412,0.0,0
38,1.0,-0.34934722683530217,-0.25244751720940367,-1.1226030349758407,-1.3933005618987613,-0.3362948217714412,0.0,0
39,1.0,-0.8619879788218263,-0.5625400808924818,-1.1226030349758407,0.02793343541112277,-0.3362948217714412,0.0,0
40,1.0,0.24201715068480148,-0.4224982779388336,-0.22585497996212162,0.7967977290377815,2.833611433315728,0.0,0
41,1.0,0.15606380443895443,0.0819380122921643,-0.22585497996212162,-0.835097318419811,2.833611433315728,0.0,0
42,1.0,-0.3617984125064295,-0.12669569414898502,0.6708930750515975,1.9476671988539485,-0.3362948217714412,0.0,0
43,1.0,-0.4362823870050374,-0.2988899518623993,1.5676411300653166,-1.389417408900647,-0.3362948217714412,0.0,0
44,1.0,-0.39857180674660503,-0.6347044793532902,-0.22585497996212162,-0.10554994889906089,-0.3362948217714412,0.0,0
45,1.0,-0.8687267925721497,-0.6418494692999049,0.6708930750515975,-0.4904674898371547,-0.3362948217714412,0.0,0
46,1.0,-1.1339950636444835,-0.6218434974493838,0.6708930750515975,-0.6982161752362769,-0.3362948217714412,0.0,0
47,1.0,-1.0458995779283349,-0.918360580233894,-1.1226030349758407,-1.510765940091723,-0.3362948217714412,0.0,0
48,1.0,1.6477961780701509,3.411503327414615,1.5676411300653166,-0.16962197336794907,-0.3362948217714412,0.0,0
49,1.0,1.938056076296002,1.6109658608677104,-0.22585497996212162,0.11724595436775498,-0.3362948217714412,0.0,0
50,1.0,-1.3345082436458289,-0.951942032982983,-0.22585497996212162,2.121438295519569,-0.3362948217714412,0.0,0
51,1.0,0.607296558276836,-0.2124355735083614,-0.22585497996212162,-0.9753762204766951,-0.3362948217714412,0.0,0
52,1.0,2.0797943045809504,-0.2838854729745084,-0.22585497996212162,1.5176080043127744,-0.3362948217714412,0.0,0
53,1.0,-0.9137563493541122,-0.5861185477163103,-0.22585497996212162,1.4414011267247782,-0.3362948217714412,0.0,0
54,1.0,-0.8393170027611355,-0.6339899803586287,-1.1226030349758407,-0.1380713552582695,-0.3362948217714412,0.0,0
55,1.0,2.898180838047381,0.6728286808772,-0.22585497996212162,-0.48173039559139713,-0.3362948217714412,0.0,0
56,1.0,-1.1429206447707398,-0.7625997993976934,-1.1226030349758407,-0.5924002560376586,-0.3362948217714412,0.0,0
57,1.0,1.0849490322484359,1.0165026973093672,-1.1226030349758407,-0.28271880443803227,-0.3362948217714412,0.0,0
58,1.0,1.1959832614590626,-0.10883321928244824,-0.22585497996212162,-0.9331469316222005,-0.3362948217714412,0.0,1
59,1.0,-0.921834000273374,-0.7254458516752968,-0.22585497996212162,0.3434396165079209,-0.3362948217714412,0.0,0
60,1.0,0.8169138310269625,1.2765803313661424,-1.1226030349758407,0.6089502027539957,-0.3362948217714412,0.0,0
61,1.0,-0.26004678766710904,0.03406657964984572,2.464389185079036,-1.0210032682045398,-0.3362948217714412,0.0,0
62,1.0,0.37219675141124803,-0.05095880071486918,-1.1226030349758407,0.4749814243190475,-0.3362948217714412,0.0,0
63,1.0,-0.2564319273109753,-0.30889293778765986,-1.1226030349758407,0.3599430167499073,-0.3362948217714412,0.0,0
64,1.0,-1.2591317110345954,-0.9440825440417069,-1.1226030349758407,-0.613757597527288,2.833611433315728,0.0,0
65,1.0,-0.5073300127700368,-0.7597418034190475,1.5676411300653166,1.643325082626729,2.833611433315728,0.0,0
66,1.0,-1.2248128516041403,-0.9340795581164462,-0.22585497996212162,1.30403458941648,-0.3362948217714412,0.0,0
67,1.0,0.9474058270928283,1.8217430642928445,0.6708930750515975,0.7429189811889436,-0.3362948217714412,0.0,0
68,1.0,-1.1941088525298191,-0.8476251797624084,1.5676411300653166,0.24975855042841014,-0.3362948217714412,0.0,0
69,1.0,-0.7883073066245815,0.28699922376000625,-0.22585497996212162,1.709824077719439,-0.3362948217714412,0.0,1
70,1.0,-0.5286175237561577,-0.6818614130009473,0.6708930750515975,0.6167165087502242,-0.3362948217714412,1.0,0
71,1.0,-0.9956931840931439,-0.43393026185341715,-1.1226030349758407,0.8011662761606602,-0.3362948217714412,0.0,1
72,1.0,0.3933950065861065,0.08979750123344041,-1.1226030349758407,0.8705776360019557,-0.3362948217714412,1.0,0
73,1.0,-0.7592991679642489,-0.2124355735083614,0.6708930750515975,-1.7374449963566534,-0.3362948217714412,0.0,0
74,1.0,-1.3135777559047581,-0.9998134656253016,-0.22585497996212162,0.058027871146509855,-0.3362948217714412,1.0,0
75,1.0,-0.8500723280182743,0.21269132831521342,0.6708930750515975,-0.5462878141850496,-0.3362948217714412,0.0,0
76,1.0,2.1158536523310256,2.051811740573838,-1.1226030349758407,-1.545228922949989,-0.3362948217714412,0.0,0
77,1.0,0.949771106091286,1.1772649711081982,1.5676411300653166,-0.14729384362879108,-0.3362948217714412,0.0,0
78,1.0,0.2596451734091574,1.3180212730565077,-1.1226030349758407,0.10171334237529706,-0.3362948217714412,0.0,0
79,1.0,-0.7901816786610952,-0.1974310946204705,2.464389185079036,-0.8700456954028408,-0.3362948217714412,0.0,0
80,1.0,-0.25777076447991376,-0.5754010627963883,-1.1226030349758407,-1.6651212717667723,-0.3362948217714412,0.0,0
81,1.0,-0.9099629773754533,-0.6054100205721701,-0.22585497996212162,0.1604460314717779,-0.3362948217714412,0.0,0
82,1.0,-0.7165456343694817,-0.511096153276856,1.5676411300653166,-0.7802477823214445,-0.3362948217714412,0.0,0
83,1.0,-1.3345082436458289,-0.9733770028228271,0.6708930750515975,0.9720250080776955,-0.3362948217714412,0.0,0
84,1.0,-0.03338165496583309,0.4341860166602692,1.5676411300653166,1.77875004343597,-0.3362948217714412,0.0,1
85,1.0,-0.5018854082830204,-0.6354189783479517,0.6708930750515975,-0.6108452327787023,-0.3362948217714412,0.0,0
86,1.0,-0.8220013753761986,-0.6561394491931344,-1.1226030349758407,0.3681947168709004,-0.3362948217714412,0.0,0
87,1.0,0.0016958788603537848,0.12980944493448288,-0.22585497996212162,-1.486496233853508,-0.3362948217714412,0.0,0
88,1.0,-0.6949457280439417,0.5477913568114429,-0.22585497996212162,0.9608609432081167,2.833611433315728,0.0,0
89,1.0,-1.0072518116516458,-0.7633142983923548,-1.1226030349758407,-0.22350072121678688,-0.3362948217714412,0.0,0
90,1.0,0.19631817531836976,-0.4089227970402657,0.6708930750515975,1.398201049620755,2.833611433315728,0.0,0
91,1.0,-0.2399196022274014,-0.6554249501984729,-0.22585497996212162,-0.25553673345123123,-0.3362948217714412,0.0,0
92,1.0,-0.26125174111915356,0.023349094729923855,1.5676411300653166,-0.8151961593044745,-0.3362948217714412,0.0,0
93,1.0,4.087425267309755,2.32546485552918,-0.22585497996212162,0.28130916853808996,-0.3362948217714412,0.0,0
94,1.0,1.3692734190253268,0.07193502636690363,-1.1226030349758407,-0.41474600637392317,-0.3362948217714412,0.0,0
95,1.0,3.9407333414997345,1.6173963518196637,0.6708930750515975,-1.2452553538456486,-0.3362948217714412,0.0,0
96,1.0,0.03530069180070821,-0.2974609538730763,-1.1226030349758407,1.3977156554959909,-0.3362948217714412,0.0,0
97,1.0,1.1107885896089473,-0.20743408054573106,0.6708930750515975,0.25655406817511045,-0.3362948217714412,0.0,0
98,1.0,-0.7700098653157562,-0.737592334584542,0.6708930750515975,-0.36717738214702117,-0.3362948217714412,0.0,0
99,1.0,0.2446055692114157,1.7374321829227906,-0.22585497996212162,-0.1443814788802053,-0.3362948217714412,0.0,0
100,1.0,0.17694966427439393,-0.36248036238727016,-0.22585497996212162,-0.32980203454016976,-0.3362948217714412,0.0,0
101,1.0,-0.009952004509410601,-0.16027714689807407,-0.22585497996212162,-0.7933534236900808,-0.3362948217714412,0.0,0
102,1.0,-0.15958937209109572,0.5413608658594896,-0.22585497996212162,-0.9632413673575875,-0.3362948217714412,0.0,0
103,1.0,-1.2384689907273123,-0.9355085561057692,0.6708930750515975,-0.8050028826844241,-0.3362948217714412,0.0,0
104,1.0,-0.017672632183622285,2.0796772013656346,-1.1226030349758407,0.5395388429127002,-0.3362948217714412,0.0,0
105,1.0,0.7327456010063669,1.035794170165227,0.6708930750515975,-1.4331028801294345,-0.3362948217714412,0.0,0
106,1.0,-0.9187993026904469,-0.7618853004030319,-1.1226030349758407,0.15656287847366365,-0.3362948217714412,0.0,0
107,1.0,-0.8920225593116783,-0.7747462823069384,-0.22585497996212162,1.1380297987470878,-0.3362948217714412,0.0,0
108,1.0,-1.0031906722391992,-0.7976102501361054,-1.1226030349758407,0.668653680100005,-0.3362948217714412,0.0,0
109,1.0,-0.4633268978175937,-0.2052905835617467,-0.22585497996212162,1.1521062283652528,-0.3362948217714412,0.0,0
110,1.0,-0.29686480981291585,-0.4224982779388336,-1.1226030349758407,-0.7040409047334487,2.833611433315728,0.0,0
111,1.0,0.32716719462928545,-0.21100657551903843,-0.22585497996212162,2.2680273211983892,-0.3362948217714412,0.0,0
112,1.0,-0.9319199069460437,-0.8876371234634507,-1.1226030349758407,-1.0224594505788327,-0.3362948217714412,0.0,0
113,1.0,-1.3345082436458289,-0.9969554696466556,-0.22585497996212162,0.010459246919607838,-0.3362948217714412,0.0,0
114,1.0,-1.3345082436458289,-0.9555145279562903,-1.1226030349758407,-0.35649871140220657,-0.3362948217714412,0.0,0
115,1.0,-0.5343298956769617,0.39846106692719563,0.6708930750515975,0.3711070816194864,-0.3362948217714412,0.0,0
116,1.0,3.61445872342944,0.5820873085551934,0.6708930750515975,-0.08176563678561015,-0.3362948217714412,0.0,0
117,1.0,3.370210195909439,1.312305281099216,-1.1226030349758407,-1.5049412105945514,-0.3362948217714412,0.0,0
118,1.0,0.10590203850939461,-0.18814260768987143,-1.1226030349758407,0.22985739131307367,-0.3362948217714412,0.0,0
119,1.0,0.33207626424872644,0.22841030619776562,0.6708930750515975,-0.09535667227901053,-0.3362948217714412,0.0,0
120,1.0,0.036103994102071296,-0.29674645487841494,0.6708930750515975,-0.09098812515613172,2.833611433315728,1.0,0
121,1.0,-0.17636946460845732,-0.09311424139989584,-1.1226030349758407,-1.225354194730312,-0.3362948217714412,0.0,0
122,1.0,-0.051589840463395646,-0.06310528362411423,-0.22585497996212162,-0.3482470112812132,-0.3362948217714412,0.0,0
123,1.0,-0.4691285255496602,-0.08025325949598941,-0.22585497996212162,-0.6147283857768165,-0.3362948217714412,0.0,0
124,1.0,-0.31819694870466814,0.4699109663933427,-1.1226030349758407,1.0831802626487215,2.833611433315728,0.0,0
125,1.0,-0.46047071185719174,-0.04095581478960852,-0.22585497996212162,-1.3452465435470953,-0.3362948217714412,0.0,0
126,1.0,0.12857301457008527,0.0669335334042735,0.6708930750515975,0.17452246108994282,-0.3362948217714412,0.0,0
127,1.0,-0.08916653700493427,0.6285297432081891,0.6708930750515975,-0.42154152412062323,2.833611433315728,0.0,0
128,1.0,-0.7593437958698802,-0.7690302903496467,1.5676411300653166,-0.20796810922432923,-0.3362948217714412,0.0,0
129,1.0,-0.41579817832027943,0.08122351329750291,-1.1226030349758407,0.49585337168391275,-0.3362948217714412,1.0,0
130,1.0,-0.4263303640492618,-0.7926087571734752,0.6708930750515975,-1.152059681890902,-0.3362948217714412,0.0,0
131,1.0,0.2896797538990096,0.6206702542669128,-0.22585497996212162,-0.22641308596537293,2.833611433315728,0.0,0
132,1.0,-0.6268881719562384,-0.47680020153310537,0.6708930750515975,-1.1724462351310028,-0.3362948217714412,0.0,0
133,1.0,-1.3230388718985897,-0.9748060008121501,-1.1226030349758407,-1.8214181799408784,-0.3362948217714412,0.0,1
134,1.0,1.6944323394548397,1.0836656028075455,0.6708930750515975,-0.9792593734748095,-0.3362948217714412,0.0,0
135,1.0,-1.2170475960242975,-0.9126445882766021,-0.22585497996212162,0.6065232321301739,-0.3362948217714412,0.0,0
136,1.0,-0.5761908711591033,-0.7197298597180052,-0.22585497996212162,0.6157457205006958,-0.3362948217714412,0.0,0
137,1.0,-0.8761796528125737,-0.7740317833122768,-1.1226030349758407,0.10511110124864735,-0.3362948217714412,0.0,0
138,1.0,0.578377675427766,-0.2274400523962523,-1.1226030349758407,2.18696650236275,-0.3362948217714412,0.0,0
139,1.0,-1.0367062293682912,-0.6575684471824573,0.6708930750515975,0.6550626446066045,-0.3362948217714412,0.0,0
140,1.0,-0.11625567572312176,0.22412331222979687,-0.22585497996212162,1.8539861327744371,-0.3362948217714412,1.0,0
141,1.0,0.6355460225414368,0.8493099325585834,0.6708930750515975,1.37732910225589,-0.3362948217714412,0.0,0
142,1.0,-1.0902597161258283,-0.6654279361237335,1.5676411300653166,-1.0510977039399265,-0.3362948217714412,0.0,0
143,1.0,0.9485661526392415,2.1839940545862095,-1.1226030349758407,2.1898788671113363,-0.3362948217714412,0.0,0
144,1.0,-0.9421843252412382,-0.7054398798247757,0.6708930750515975,-0.8355827125445753,2.833611433315728,0.0,0
145,1.0,2.3064594372822262,1.7960211004850313,-0.22585497996212162,-1.3345678728022805,2.833611433315728,0.0,0
146,1.0,-1.1731783647887484,-0.9319360611324619,-0.22585497996212162,0.9220294132269723,-0.3362948217714412,0.0,0
147,1.0,-0.6637508220076763,-0.7090123747980831,-1.1226030349758407,2.339380257538742,-0.3362948217714412,0.0,0
148,1.0,-0.2566104389335005,0.02692158970323101,-1.1226030349758407,0.27063049779327536,-0.3362948217714412,0.0,0
149,1.0,0.6334485109767667,-0.11883620520770871,0.6708930750515975,-1.145749558268966,-0.3362948217714412,0.0,0
150,1.0,-0.4194130386764132,-0.6275594894066756,-1.1226030349758407,0.7123391513287926,-0.3362948217714412,0.0,0
151,1.0,0.36327117028499184,-0.40392130407763543,0.6708930750515975,0.21238320282155873,-0.3362948217714412,0.0,0
152,1.0,-0.5460670348579886,-0.7168718637393593,1.5676411300653166,-0.45066517160648156,-0.3362948217714412,0.0,1
153,1.0,-1.000289858373166,-0.6189855014707378,-1.1226030349758407,1.374416737507304,-0.3362948217714412,0.0,0
154,1.0,-0.3312282971490021,-0.23029804837489817,0.6708930750515975,0.37693181111665797,-0.3362948217714412,0.0,0
155,1.0,3.1780424342611435,1.247285872585022,-1.1226030349758407,1.2389917766980634,-0.3362948217714412,0.0,0
156,1.0,2.506035431265315,7.271226896575878,0.6708930750515975,-0.9870256794710384,-0.3362948217714412,0.0,0
157,1.0,-0.8443599560974703,-0.8869226244687892,0.6708930750515975,0.12112910736586925,2.833611433315728,0.0,1
158,1.0,-0.6874482398978865,-0.7997537471200898,0.6708930750515975,-0.5603642438032145,-0.3362948217714412,0.0,0
159,1.0,0.02159992477190499,-0.49180468042099623,-0.22585497996212162,1.2341378354504202,-0.3362948217714412,0.0,0
160,1.0,0.014057808720218523,-0.06310528362411423,-1.1226030349758407,-1.124877610904101,-0.3362948217714412,1.0,0
161,1.0,0.4297221217699691,1.3487447298269508,-1.1226030349758407,1.30403458941648,-0.3362948217714412,0.0,0
162,1.0,-1.0502731126802005,-0.8869226244687892,-0.22585497996212162,0.2604372211732247,-0.3362948217714412,0.0,0
163,1.0,-0.9615528362852142,-0.8147582260079808,-1.1226030349758407,-0.05409817167404459,-0.3362948217714412,0.0,0
164,1.0,-0.58618752202051,-0.7275893486592814,1.5676411300653166,-0.20359956210145042,-0.3362948217714412,0.0,0
165,1.0,-0.4208411316566143,-0.02738033389104069,0.6708930750515975,-0.7147195754782634,-0.3362948217714412,0.0,0
166,1.0,-0.8631036764626083,-0.39534731614169777,-0.22585497996212162,1.6549745416210726,-0.3362948217714412,0.0,0
167,1.0,-0.6183642419806636,-0.43250126386409415,1.5676411300653166,-0.2967952340561969,-0.3362948217714412,0.0,0
168,1.0,-0.9779759055575256,-0.7947522541574596,-0.22585497996212162,-0.25602212757599546,-0.3362948217714412,0.0,0
169,1.0,-0.21568664946961583,-0.6354189783479517,-1.1226030349758407,-1.3170936843107657,-0.3362948217714412,0.0,0
170,1.0,3.4432214495222144,3.129990723517996,-0.22585497996212162,0.8623259358809628,-0.3362948217714412,0.0,0
171,1.0,0.15619768815584814,-0.2960319558837534,-1.1226030349758407,-0.49532143108479776,-0.3362948217714412,0.0,0
172,1.0,1.4359921379440914,0.8957523672115786,0.6708930750515975,-0.45648990110365334,-0.3362948217714412,0.0,1
173,1.0,-0.41062134126705085,-0.3874878272004216,-0.22585497996212162,-0.9122749842573354,-0.3362948217714412,0.0,0
174,1.0,-1.0078766023304837,-0.6997238878674841,-1.1226030349758407,-0.9117895901325712,-0.3362948217714412,0.0,0
175,1.0,0.880865619796588,0.5906612964911312,-1.1226030349758407,-0.9972189560910887,-0.3362948217714412,0.0,0
176,1.0,1.7865443366778035,0.14267042683838932,-1.1226030349758407,1.4938236921993233,-0.3362948217714412,0.0,0
177,1.0,-0.7170811692370571,-0.6904354009368849,0.6708930750515975,-0.09098812515613172,-0.3362948217714412,0.0,0
178,1.0,-1.0096617185557348,-0.9012126043620187,-0.22585497996212162,0.7802943287957953,2.833611433315728,0.0,0
179,1.0,-1.2160211541947779,-0.7697447893443081,-1.1226030349758407,1.473922533083987,-0.3362948217714412,0.0,0
180,1.0,0.13374985162331396,-0.4146387889975574,-1.1226030349758407,-0.10215219002571085,-0.3362948217714412,0.0,0
181,1.0,0.1365167817724534,1.7502931648266973,-1.1226030349758407,0.7992246996616033,-0.3362948217714412,0.0,0
182,1.0,0.8043287616389413,-0.3689108533392234,-1.1226030349758407,-1.5864874235549549,-0.3362948217714412,0.0,0
183,1.0,0.6057345815797411,1.2415698806277307,-1.1226030349758407,-1.1627383526357167,-0.3362948217714412,0.0,0
184,1.0,-1.246234246307155,-0.8662021536236065,1.5676411300653166,-0.9049940723858708,-0.3362948217714412,0.0,0
185,1.0,1.676893572541746,0.3284401654503715,2.464389185079036,0.15656287847366365,-0.3362948217714412,0.0,0
186,1.0,-0.20868006828550476,1.8924784647643293,-0.22585497996212162,0.6230266323721606,-0.3362948217714412,0.0,0
187,1.0,-0.11148048982057474,-0.32746991164885814,-0.22585497996212162,1.0627937094086208,-0.3362948217714412,0.0,0
188,1.0,-0.4794821996561174,-0.652566954219827,-0.22585497996212162,1.173948963979646,-0.3362948217714412,0.0,0
189,1.0,-1.0289409737884483,-0.8969256103940498,-0.22585497996212162,-0.17107815574224208,2.833611433315728,0.0,0
190,1.0,0.20470822157705054,-0.3131799317556287,-1.1226030349758407,-0.15554554374978444,-0.3362948217714412,0.0,0
191,1.0,-0.2140354169612584,1.087238097780853,0.6708930750515975,-0.23709175671018753,-0.3362948217714412,0.0,0
192,1.0,0.08140131831782134,0.16481989567289484,-1.1226030349758407,-0.2817480161885035,-0.3362948217714412,0.0,0
193,1.0,1.2674771662803748,0.5463623588221199,0.6708930750515975,-1.5670716585643827,-0.3362948217714412,0.0,0
194,1.0,0.13589199109361552,0.47276896237198845,1.5676411300653166,1.1433691341194951,2.833611433315728,0.0,0
195,1.0,-0.8644425136315468,-0.3967763141310207,1.5676411300653166,-1.022944844703597,2.833611433315728,0.0,0
196,1.0,-0.9631594408879403,-0.50823815729821,0.6708930750515975,0.6671974977257124,2.833611433315728,0.0,0
197,1.0,-0.7854511206641794,-0.7625997993976934,0.6708930750515975,1.308403136539359,-0.3362948217714412,0.0,0
198,1.0,-0.6455426365101138,-0.2996044508570608,-0.22585497996212162,0.6002131085082381,-0.3362948217714412,0.0,0
199,1.0,-1.180943620368591,-0.8247612119332414,-1.1226030349758407,0.8225236176502899,-0.3362948217714412,0.0,0
200,1.0,-1.1821485738206359,-0.9119300892819407,1.5676411300653166,0.17694943171376434,-0.3362948217714412,0.0,0
201,1.0,-0.24786336942976928,-0.3982053121203436,0.6708930750515975,1.477805686082101,-0.3362948217714412,0.0,0
202,1.0,1.7644535233903194,2.5776830006446794,-1.1226030349758407,0.760878563805223,-0.3362948217714412,0.0,0
203,1.0,-1.0527722753955524,-0.8919241174314195,-0.22585497996212162,-1.094783175168714,-0.3362948217714412,0.0,0
204,1.0,-0.5057234081673105,0.3527331312688614,-0.22585497996212162,0.23956527380835976,-0.3362948217714412,0.0,1
205,1.0,0.20952803538522907,-0.1731381288019805,0.6708930750515975,-0.3103862695495976,-0.3362948217714412,0.0,0
206,1.0,-1.0856630418458064,-0.8662021536236065,-0.22585497996212162,1.0948297216430645,-0.3362948217714412,0.0,0
207,1.0,-0.5514670114393735,0.18911286149138493,0.6708930750515975,2.020961711693358,-0.3362948217714412,0.0,0
208,1.0,-0.3686264820680155,-0.3188959237129204,2.464389185079036,-0.5424046611869353,-0.3362948217714412,0.0,0
209,1.0,-0.4292311779152951,-0.520384640207455,0.6708930750515975,-1.3462173317966237,-0.3362948217714412,0.0,0
210,1.0,-0.19917432438604193,-0.3589078674139628,0.6708930750515975,1.3404391487738028,-0.3362948217714412,0.0,0
211,1.0,-1.3345082436458289,-0.9619450189082437,-0.22585497996212162,-0.9326615374974363,2.833611433315728,0.0,0
212,1.0,-0.5095614080516008,-0.33390040260081133,1.5676411300653166,-0.7496679524612934,-0.3362948217714412,0.0,0
213,1.0,-1.2748853617224374,-0.8819211315061589,-0.22585497996212162,0.31431596902206255,-0.3362948217714412,0.0,0
214,1.0,0.332968822361352,-0.2753114850385708,1.5676411300653166,0.6613727682285407,2.833611433315728,0.0,0
215,1.0,0.5771727219757214,0.10194398414268545,2.464389185079036,-1.4136871151388624,-0.3362948217714412,0.0,0
216,1.0,-0.5565992205869709,-0.5453921050206065,-0.22585497996212162,0.017740158791072415,-0.3362948217714412,1.0,0
217,1.0,-0.62938733467159,-0.520384640207455,-1.1226030349758407,0.20413150270056538,2.833611433315728,0.0,1
218,1.0,1.97804267974163,2.687715845822546,-0.22585497996212162,-0.19340628548140007,-0.3362948217714412,0.0,0
219,1.0,0.35184642644338393,1.1615459932256456,0.6708930750515975,-0.18661076773469973,-0.3362948217714412,0.0,0
220,1.0,1.3355793502737094,0.4934894332171712,-0.22585497996212162,1.2758817301801502,-0.3362948217714412,0.0,0
221,1.0,-0.5778421036674605,-0.06381978261877562,-1.1226030349758407,-0.10797691952288241,-0.3362948217714412,0.0,0
222,1.0,0.32846140389259265,-0.1902861046738558,-0.22585497996212162,-0.9399424493689008,-0.3362948217714412,0.0,0
223,1.0,-0.05850716583624424,-0.3617658633926087,-0.22585497996212162,1.1030814217640579,-0.3362948217714412,0.0,0
224,1.0,-0.6120270793810219,-0.7961812521467826,-1.1226030349758407,-1.3292285374298731,-0.3362948217714412,0.0,0
225,1.0,-0.4885416644992674,-0.09454323938921882,0.6708930750515975,-1.5835750588063688,2.833611433315728,0.0,0
226,1.0,-0.9115249540725481,-0.5210991392021165,0.6708930750515975,-0.446296624483603,-0.3362948217714412,0.0,0
227,1.0,-1.2804638499263477,-0.8890661214527736,-1.1226030349758407,-0.6967599928619842,-0.3362948217714412,0.0,0
228,1.0,-0.7038713091701979,-0.6797179160169629,-1.1226030349758407,1.571486752161612,-0.3362948217714412,0.0,0
229,1.0,-0.4718508277931683,0.9407658038752514,1.5676411300653166,-0.8302433771721679,-0.3362948217714412,0.0,0
230,1.0,-0.6294765904828526,-0.39749081312568213,-1.1226030349758407,0.6239974206216891,2.833611433315728,0.0,0
231,1.0,-0.18605372013044533,-0.6482799602518582,1.5676411300653166,-0.49532143108479776,-0.3362948217714412,0.0,0
232,1.0,0.8861763405667107,0.8007240009216032,0.6708930750515975,1.369562796259661,-0.3362948217714412,0.0,0
233,1.0,-0.9147827911836316,-0.6740019240596712,0.6708930750515975,-1.2171024946093187,-0.3362948217714412,0.0,0
234,1.0,0.07086913258883924,-0.3110364347716442,-1.1226030349758407,-0.4404718949864312,2.833611433315728,1.0,0
235,1.0,-0.1510208142098897,0.30343270063722005,0.6708930750515975,0.7171930925764356,-0.3362948217714412,0.0,0
236,1.0,-1.3345082436458289,-0.9933829746733482,-0.22585497996212162,-0.36038186440032083,-0.3362948217714412,0.0,0
237,1.0,1.3495925126419321,-0.14741616499416765,-0.22585497996212162,1.1419129517452022,-0.3362948217714412,0.0,0
238,1.0,0.6229163252477844,-0.18528461171122557,0.6708930750515975,-0.4972630075838548,-0.3362948217714412,0.0,0
239,1.0,-0.520405989120002,-0.7654577953763393,-1.1226030349758407,-1.4525186451200067,-0.3362948217714412,0.0,0
240,1.0,-0.3387257852950573,-0.6940078959101923,0.6708930750515975,2.0219324999428867,-0.3362948217714412,0.0,1
241,1.0,-0.3468034362143192,-0.10597522330380228,1.5676411300653166,0.45799262995229684,-0.3362948217714412,0.0,1
242,1.0,0.5780206521827157,-0.07810976251200503,-0.22585497996212162,0.7487437106861151,-0.3362948217714412,0.0,0
243,1.0,0.020573482942385448,0.11623396403591486,-0.22585497996212162,-0.02254755356436475,-0.3362948217714412,0.0,0
244,1.0,-0.729934006058866,-0.5511080969778982,-1.1226030349758407,-1.2379744419741838,2.833611433315728,0.0,0
245,1.0,0.34568777546626717,2.1818505576022256,1.5676411300653166,1.4642146505887008,-0.3362948217714412,0.0,0
246,1.0,-0.9993080444492777,-0.8476251797624084,0.6708930750515975,2.6558572268850686,-0.3362948217714412,0.0,0
247,1.0,0.9688718497014741,1.847465028100657,2.464389185079036,1.3603403078891392,-0.3362948217714412,0.0,0
248,1.0,-0.08693514172337022,-0.3389018955634416,-0.22585497996212162,1.3520886077681464,-0.3362948217714412,0.0,0
249,1.0,0.43744274944418077,-0.3160379277342746,-0.22585497996212162,-1.261758754087635,-0.3362948217714412,0.0,0
250,1.0,-0.6388038227597904,-0.555395090945867,-0.22585497996212162,0.6545772504818401,-0.3362948217714412,0.0,0
251,1.0,0.0144148319652687,-0.533960121106023,-0.22585497996212162,1.3647088550120179,2.833611433315728,0.0,0
252,1.0,0.7559521119346329,-0.10097373034117214,-1.1226030349758407,1.6010957937722348,-0.3362948217714412,0.0,0
253,1.0,-0.566952894693428,-0.6382769743265976,-1.1226030349758407,0.9904699848187393,-0.3362948217714412,0.0,0
254,1.0,-0.659064891916392,-0.6654279361237335,-0.22585497996212162,0.19830677320339382,-0.3362948217714412,0.0,0
255,1.0,-1.135824807775366,-0.8704891475915755,-0.22585497996212162,0.1507381489764921,-0.3362948217714412,0.0,0
256,1.0,-0.30373750728013305,0.05550154948968984,1.5676411300653166,2.384036517017058,-0.3362948217714412,0.0,0
257,1.0,0.38442479755421904,-0.0816822574853124,0.6708930750515975,-0.002646394449028294,-0.3362948217714412,0.0,0
258,1.0,-0.25067492748453996,-0.18457011271656407,-0.22585497996212162,-0.15797251437360596,-0.3362948217714412,0.0,0
259,1.0,3.880619552614399,1.1022425766687438,-1.1226030349758407,-0.6404542743893248,-0.3362948217714412,0.0,0
260,1.0,0.2661162197256933,0.6742576788665231,-0.22585497996212162,0.005119911547200535,-0.3362948217714412,0.0,1
261,1.0,-0.40240980663089515,-0.7168718637393593,1.5676411300653166,0.8254359823988755,-0.3362948217714412,0.0,0
262,1.0,-0.40468582981809054,1.3051602911526012,-1.1226030349758407,-1.435529850753256,-0.3362948217714412,0.0,0
263,1.0,-0.6364385437613325,-0.7397358315685263,0.6708930750515975,-0.5084270724534339,-0.3362948217714412,0.0,0
264,1.0,-0.8065601200277753,-0.7418793285525108,-1.1226030349758407,1.5855631817797766,-0.3362948217714412,0.0,0
265,1.0,-0.6055114051588548,-0.4253562739174795,-0.22585497996212162,-1.1098303930364075,-0.3362948217714412,0.0,0
266,1.0,0.09911859685344,0.3041471996318814,-0.22585497996212162,-0.9782885852252808,-0.3362948217714412,0.0,0
267,1.0,-0.11772839660895422,-0.35462087344599397,-0.22585497996212162,-1.7359888139823607,-0.3362948217714412,0.0,0
268,1.0,0.23527833693447808,-0.2367285393268514,-1.1226030349758407,0.8773731537486563,-0.3362948217714412,0.0,0
269,1.0,0.029499064068641636,2.464792159488167,2.464389185079036,0.17597864346423586,-0.3362948217714412,0.0,0
270,1.0,-0.8191451894157966,-0.8976401093887113,-0.22585497996212162,1.2292838942027773,-0.3362948217714412,0.0,0
271,1.0,-0.11531848970486495,1.8638985049778705,-1.1226030349758407,-1.1161405166583436,-0.3362948217714412,0.0,0
272,1.0,0.5476736763534447,0.047642060548413745,-1.1226030349758407,1.9301930103624332,2.833611433315728,0.0,0
273,1.0,-0.8523037232998383,-0.5982650306255554,0.6708930750515975,-1.4806715043563363,-0.3362948217714412,0.0,0
274,1.0,-0.5851164522853595,-0.3839153322271142,2.464389185079036,-1.2117631592369116,-0.3362948217714412,0.0,0
275,1.0,0.13174159586990639,-0.20028909059911637,-1.1226030349758407,0.7176784867011998,2.833611433315728,0.0,0
276,1.0,-1.0721854143451595,-0.8290482059012102,3.361137240092755,0.5346849016650571,-0.3362948217714412,0.0,0
277,1.0,5.453931737739577,5.327075132102016,-0.22585497996212162,0.10316952474959007,-0.3362948217714412,0.0,0
278,1.0,0.1057681547925009,0.6070947733683449,-1.1226030349758407,1.3719897668834828,-0.3362948217714412,0.0,0
279,1.0,-0.2515674855971655,-0.13169718711161535,-1.1226030349758407,-0.23660636258542328,-0.3362948217714412,0.0,0
280,1.0,0.7422067170001981,0.7014086406636589,0.6708930750515975,1.012798114557897,-0.3362948217714412,0.0,0
281,1.0,0.568202512943834,-0.5353891190953459,-0.22585497996212162,-1.043816792068462,-0.3362948217714412,0.0,0
282,1.0,-0.3800512259096234,-0.5653980768711276,0.6708930750515975,-0.5991957737843588,-0.3362948217714412,0.0,0
283,1.0,0.3320316363430952,-0.10383172631981791,-0.22585497996212162,1.3909201377492908,-0.3362948217714412,1.0,0
284,1.0,-0.9927477423214796,-0.7018673848514684,1.5676411300653166,1.2579221475638713,-0.3362948217714412,0.0,0
285,1.0,-0.8449847467763083,-0.7075833768087603,-1.1226030349758407,-1.328743143305109,-0.3362948217714412,0.0,0
286,1.0,-0.20716271949404105,-0.6297029863906599,4.257885295106474,-0.9020817076372851,-0.3362948217714412,0.0,0
287,1.0,0.26825835919599467,1.0186461942933518,-0.22585497996212162,-0.9394570552441365,-0.3362948217714412,0.0,0
288,1.0,-0.4071849925334423,-0.8490541777517313,1.5676411300653166,0.07307508901420326,-0.3362948217714412,0.0,0
289,1.0,-0.22885188163084363,0.8407359446226456,0.6708930750515975,0.1153043778686977,-0.3362948217714412,0.0,0
290,1.0,0.21050984930911712,-0.5225281371914394,-0.22585497996212162,1.539936134051932,-0.3362948217714412,0.0,0
291,1.0,-0.7030233789632035,-0.5875475457056333,-0.22585497996212162,0.7395212223155938,-0.3362948217714412,0.0,0
292,1.0,-1.1139125061104072,-0.8161872239973037,0.6708930750515975,1.3977156554959909,-0.3362948217714412,0.0,0
293,1.0,0.3527389845560095,1.502362013679167,-0.22585497996212162,1.5418777105509895,-0.3362948217714412,0.0,0
294,1.0,1.0524599169488633,0.14910091779034243,0.6708930750515975,-1.25108008334282,-0.3362948217714412,0.0,0
295,1.0,1.248064027330768,1.2158479168199172,-0.22585497996212162,0.04298065327881618,-0.3362948217714412,0.0,0
296,1.0,-1.214280665875158,-0.9526565319776443,0.6708930750515975,0.4832331244400406,2.833611433315728,0.0,0
297,1.0,0.10782103845153973,-0.007374362040519547,-0.22585497996212162,0.7050582394573283,-0.3362948217714412,0.0,0
298,1.0,0.0183420876608214,2.1589865897730576,0.6708930750515975,-0.6690925277504188,-0.3362948217714412,0.0,0
299,1.0,1.6196805975224442,2.3740507871661602,-0.22585497996212162,-0.395330241383351,-0.3362948217714412,0.0,0
300,1.0,-0.07082446779047774,-0.11955070420237031,0.6708930750515975,0.741948192939415,-0.3362948217714412,0.0,0
301,1.0,0.2620997082188779,-0.17099463181799615,-0.22585497996212162,0.6244828147464534,-0.3362948217714412,0.0,0
302,1.0,-0.5732454293874386,-0.6868629059635776,-1.1226030349758407,-0.42154152412062323,-0.3362948217714412,1.0,0
303,1.0,1.1046299386318306,1.428054118234374,-0.22585497996212162,-0.8986839487639349,-0.3362948217714412,0.0,0
304,1.0,-0.7095390531853707,-0.461081223650553,-0.22585497996212162,-1.0938123869191854,-0.3362948217714412,0.0,1
305,1.0,-0.8286955612208907,-0.6611409421557647,0.6708930750515975,-1.1690484762576527,-0.3362948217714412,0.0,1
306,1.0,-0.47470701375357033,-0.7740317833122768,0.6708930750515975,0.6837008979676985,-0.3362948217714412,0.0,0
307,1.0,-0.6748631705098653,-0.3860588292110987,-0.22585497996212162,-0.08030945441131712,-0.3362948217714412,0.0,0
308,1.0,0.18159096646004724,0.7571395622472537,-0.22585497996212162,1.2855896126754363,-0.3362948217714412,1.0,0
309,1.0,0.5191564446550562,1.0479406530744722,-0.22585497996212162,-1.010324597459725,-0.3362948217714412,1.0,0
310,1.0,-0.18346530160383087,-0.16242064388205846,-1.1226030349758407,-0.9113041960078068,-0.3362948217714412,0.0,0
311,1.0,-0.7488562380465291,-0.40249230608831243,0.6708930750515975,-1.7636562790939259,-0.3362948217714412,0.0,0
312,1.0,-0.000580144326841756,-0.4710842095758136,-1.1226030349758407,0.5866220730148375,-0.3362948217714412,0.0,0
313,1.0,-0.5429430814637989,-0.4253562739174795,-1.1226030349758407,-1.3214622314336442,-0.3362948217714412,0.0,0
314,1.0,0.24875596443512485,-0.08311125547463537,1.5676411300653166,-0.23612096846065903,-0.3362948217714412,0.0,0
315,1.0,-0.8499384443013804,-0.7976102501361054,2.464389185079036,1.2025872173407401,-0.3362948217714412,0.0,0
316,1.0,0.37674879778563863,0.27985423381339153,1.5676411300653166,0.4609049947008826,-0.3362948217714412,0.0,0
317,1.0,-0.29449953081445795,0.15338791175831137,0.6708930750515975,-1.7636562790939259,-0.3362948217714412,0.0,0
318,1.0,-1.1325223427586513,-0.9190750792285554,0.6708930750515975,1.6671093947401798,-0.3362948217714412,0.0,0
319,1.0,-0.18431323181082518,0.3748826001033671,-1.1226030349758407,0.02744804128635852,-0.3362948217714412,0.0,0
320,1.0,0.1156309219370139,-0.1831411147272411,-0.22585497996212162,-0.9210120785030929,-0.3362948217714412,0.0,0
321,1.0,0.5523596064447293,-0.16456414086604293,-1.1226030349758407,-0.5132810137010769,-0.3362948217714412,0.0,0
322,1.0,-0.8443153281918391,-0.8633441576449608,-0.22585497996212162,-1.3913589853997044,-0.3362948217714412,0.0,0
323,1.0,0.9240208045420369,0.7857195220337124,-1.1226030349758407,0.713309939578321,-0.3362948217714412,0.0,0
324,1.0,1.192234517386035,0.5749423186085787,-0.22585497996212162,-1.5316378874565884,2.833611433315728,0.0,0
325,1.0,0.9847593841062104,0.0505000565270597,-1.1226030349758407,0.7812651170453238,-0.3362948217714412,0.0,0
326,1.0,1.1351554260836267,1.4452020941062493,-0.22585497996212162,1.554012563670097,-0.3362948217714412,0.0,0
327,1.0,-0.47131529292559304,-0.4132097910082345,0.6708930750515975,1.3875223788759405,-0.3362948217714412,0.0,0
328,1.0,2.9156749770548425,7.658485351682395,0.6708930750515975,-1.8189912093170568,-0.3362948217714412,0.0,0
329,1.0,0.1719067109380592,0.18125337255010862,0.6708930750515975,1.2224883764560768,-0.3362948217714412,0.0,0
330,1.0,0.2611625222006211,2.117545648082693,0.6708930750515975,1.913689610120447,-0.3362948217714412,0.0,0
331,1.0,-1.246502013740943,-0.8847791274848048,1.5676411300653166,0.6851570803419912,-0.3362948217714412,0.0,0
332,1.0,-1.0028782768997802,-0.7325908416219116,0.6708930750515975,-0.9336323257469648,-0.3362948217714412,0.0,0
333,1.0,0.07832199282926297,-0.5696850708390965,1.5676411300653166,1.1254095515032156,-0.3362948217714412,0.0,0
334,1.0,1.5385470650847752,0.3691666081460754,-1.1226030349758407,-1.7408427552300036,-0.3362948217714412,0.0,0
335,1.0,1.1076200083091268,1.1265355424872339,0.6708930750515975,-0.4623146306008249,-0.3362948217714412,0.0,0
336,1.0,-0.2699541827172533,-0.5060946603142257,0.6708930750515975,0.8885372186182352,-0.3362948217714412,0.0,0
337,1.0,1.660961410231379,0.6113817673363137,0.6708930750515975,-0.43804492436260967,-0.3362948217714412,0.0,0
338,1.0,-0.13714153555856126,-0.25530551318804956,-0.22585497996212162,-1.4889232044773295,-0.3362948217714412,0.0,0
339,1.0,0.8398972024270723,-0.413924290002896,-0.22585497996212162,-0.5200765314477773,-0.3362948217714412,0.0,0
340,1.0,-0.22492462593529094,0.4227540327456855,0.6708930750515975,0.8943619481154067,-0.3362948217714412,0.0,0
341,1.0,-0.174093441421262,-0.46751171460250623,-1.1226030349758407,-1.1020640870401786,-0.3362948217714412,0.0,0
342,1.0,1.6092822955103556,1.3723231966507794,4.257885295106474,-0.16573882036983478,-0.3362948217714412,0.0,0
343,1.0,-0.8307930727855609,-0.6282739884013371,1.5676411300653166,0.614289538126403,-0.3362948217714412,0.0,1
344,1.0,0.09264755053690431,-0.4789436985170898,0.6708930750515975,0.8647529065047841,-0.3362948217714412,0.0,1
345,1.0,0.4318196333346394,-0.25744901017203403,1.5676411300653166,0.12015831911634076,-0.3362948217714412,0.0,0
346,1.0,0.30574579992627077,0.29271521571729797,-0.22585497996212162,-0.40018418263099403,-0.3362948217714412,0.0,0
347,1.0,0.6226039299083654,0.35844912322615335,-0.22585497996212162,-1.0593494040609197,-0.3362948217714412,0.0,0
348,1.0,-1.3345082436458289,-0.9862379847267335,-1.1226030349758407,0.2725720742923324,-0.3362948217714412,0.0,0
349,1.0,-0.49358461783560215,-0.13169718711161535,1.5676411300653166,-1.3190352608098228,-0.3362948217714412,0.0,0
350,1.0,0.15267208361097712,0.8214444717667859,1.5676411300653166,-1.9350004051357255,-0.3362948217714412,1.0,0
351,1.0,-0.2821822288602243,-0.2531620162040652,0.6708930750515975,-1.2005990943673326,-0.3362948217714412,0.0,1
352,1.0,0.5106325146794815,0.42061053576170115,-1.1226030349758407,-1.2981633134449577,2.833611433315728,0.0,0
353,1.0,-0.23108327691240768,0.6721141818825387,-0.22585497996212162,-0.8695603012780766,-0.3362948217714412,0.0,0
354,1.0,0.427624610205299,-0.1581336499140897,0.6708930750515975,-1.9350004051357255,-0.3362948217714412,1.0,0
355,1.0,0.3706794026197843,0.3370141533863092,-0.22585497996212162,0.8390270178922762,-0.3362948217714412,0.0,0
356,1.0,-0.07559965369302502,0.760712057220561,0.6708930750515975,-1.8461732803038577,-0.3362948217714412,0.0,0
357,1.0,1.0733457767843027,2.4762241434027503,-0.22585497996212162,-1.445237733248542,-0.3362948217714412,0.0,1
358,1.0,-0.9719065103916712,-0.857628165687669,-1.1226030349758407,-0.5768676440452009,-0.3362948217714412,0.0,0
359,1.0,0.632377441241616,1.3544607217842428,-0.22585497996212162,0.44731395920748224,-0.3362948217714412,0.0,0
360,1.0,-0.482115246088363,-0.5160976462394862,-0.22585497996212162,0.47158366544569746,-0.3362948217714412,0.0,0
361,1.0,-0.5101861987304387,-0.8040407410880587,-0.22585497996212162,-0.9316907492479076,-0.3362948217714412,0.0,0
362,1.0,0.2859756377316133,-0.2753114850385708,-0.22585497996212162,-0.9710076733538163,-0.3362948217714412,0.0,0
363,1.0,2.2904380191605966,0.8621709144624896,-0.22585497996212162,-0.7394746758412429,-0.3362948217714412,0.0,0
364,1.0,-1.0138567416850754,-0.5425341090419606,-1.1226030349758407,2.363164569652193,-0.3362948217714412,0.0,0
365,1.0,1.299296862995478,0.34058664835961655,-0.22585497996212162,0.12743923098780532,-0.3362948217714412,0.0,0
366,1.0,-0.5088473615615002,-0.31675242672893605,1.5676411300653166,0.3089766336496553,-0.3362948217714412,0.0,0
367,1.0,-0.930893465116524,-0.70258188384613,2.464389185079036,1.2986952540440728,-0.3362948217714412,0.0,0
368,1.0,0.19337273354670537,1.7481496678427126,-0.22585497996212162,-0.9375154787450793,-0.3362948217714412,0.0,0
369,1.0,-0.1669976044258882,-0.7625997993976934,-1.1226030349758407,-1.5238715814603594,-0.3362948217714412,0.0,0
370,1.0,-0.2671872525681139,-0.6454219642732123,1.5676411300653166,0.4123655822244521,-0.3362948217714412,0.0,0
371,1.0,-0.20868006828550476,-0.5746865638017268,0.6708930750515975,-1.1418664052708516,-0.3362948217714412,0.0,0
372,1.0,0.05457994703342154,0.014775106793986166,-1.1226030349758407,0.34052725175933507,-0.3362948217714412,0.0,0
373,1.0,-0.874171397059166,-0.6675714331077178,1.5676411300653166,-0.7681129292023369,2.833611433315728,0.0,0
374,1.0,0.30962842771619226,-0.7297328456432658,-1.1226030349758407,-1.1127427577849933,2.833611433315728,0.0,0
375,1.0,-0.44610052624391927,-0.32746991164885814,0.6708930750515975,0.5807973435176659,-0.3362948217714412,0.0,0
376,1.0,-0.2132321146598953,-0.10597522330380228,-1.1226030349758407,-0.5093978607029624,-0.3362948217714412,0.0,0
377,1.0,0.5494141646730646,0.2598482619628704,-0.22585497996212162,1.23753559432377,-0.3362948217714412,0.0,0
378,1.0,-0.20671644043772838,-0.5039511633302413,0.6708930750515975,0.5521590901565718,-0.3362948217714412,0.0,0
379,1.0,-0.13986383780206946,-0.3767703422804995,0.6708930750515975,0.621085055873103,-0.3362948217714412,0.0,0
380,1.0,-1.3182190580904114,-0.965517513881551,-1.1226030349758407,1.986984122959857,-0.3362948217714412,0.0,0
381,1.0,-1.193617945567875,-0.6232724954387067,-0.22585497996212162,-1.4777591396077505,-0.3362948217714412,0.0,1
382,1.0,-0.833649258745963,0.34058664835961655,-1.1226030349758407,-0.5851193441661939,-0.3362948217714412,0.0,0
383,1.0,-0.2502286484282273,-0.6632844391397491,-1.1226030349758407,0.044922229777873454,-0.3362948217714412,0.0,0
384,1.0,0.0816244578459778,1.4895010317752604,0.6708930750515975,1.8268040617876364,-0.3362948217714412,0.0,0
385,1.0,-0.3065044374292725,0.06979152938291926,1.5676411300653166,-0.24146030383306633,-0.3362948217714412,0.0,0
386,1.0,2.068324932833711,3.247883057637138,0.6708930750515975,-0.8506299304122688,-0.3362948217714412,0.0,0
387,1.0,-0.7278364944941959,-0.7447373245311566,2.464389185079036,-0.7040409047334487,-0.3362948217714412,0.0,0
388,1.0,0.65272776620948,0.6942636507170442,-0.22585497996212162,0.789516817166317,2.833611433315728,0.0,0
389,1.0,-0.9217893723677427,-0.8233322139439184,-0.22585497996212162,-0.6249216623968672,-0.3362948217714412,0.0,0
390,1.0,-0.6035924052167096,-0.6325609823693059,-1.1226030349758407,0.9429013605918373,-0.3362948217714412,0.0,0
391,1.0,0.7421620890945669,0.6942636507170442,0.6708930750515975,-1.0700280748057345,-0.3362948217714412,0.0,0
392,1.0,-0.2749525081479568,-0.48751768645302734,-1.1226030349758407,-0.8904322486429417,-0.3362948217714412,0.0,0
393,1.0,-0.26977567109472833,-0.061676285634791245,0.6708930750515975,0.2206349029425518,-0.3362948217714412,0.0,0
394,1.0,-0.8643978857259155,-0.7447373245311566,-1.1226030349758407,0.450226323956068,-0.3362948217714412,0.0,0
395,1.0,-1.0466582523240668,-0.30103344884638367,-1.1226030349758407,-0.36086725852508533,-0.3362948217714412,0.0,0
396,1.0,5.398459251039895,3.162143178277762,-1.1226030349758407,-0.162826455621249,-0.3362948217714412,0.0,0
397,1.0,0.6367956038991128,0.33487065640232483,3.361137240092755,-0.8084006415577742,-0.3362948217714412,0.0,0
398,1.0,-1.0684812981777632,-0.906214097324649,-0.22585497996212162,-0.7729668704499799,-0.3362948217714412,0.0,0
399,1.0,-1.0466582523240668,-0.7425938275471723,-0.22585497996212162,-0.9845987088472168,-0.3362948217714412,0.0,0
400,1.0,-1.0213542298311304,-0.3917748211683904,-0.22585497996212162,1.5705159639120831,-0.3362948217714412,0.0,0
401,1.0,-0.9193794654636537,-0.6625699401450876,0.6708930750515975,-0.052641989299751835,-0.3362948217714412,0.0,0
402,1.0,-0.47729543228018456,0.12552245096651393,0.6708930750515975,-1.2423429890970628,-0.3362948217714412,0.0,0
403,1.0,0.017360273736933354,-0.5653980768711276,0.6708930750515975,1.4278100912313776,-0.3362948217714412,0.0,0
404,1.0,-0.8029452596716415,-0.6111260125294617,-1.1226030349758407,2.3471465635349706,-0.3362948217714412,0.0,0
405,1.0,1.6640407357199372,4.678310044949401,-0.22585497996212162,-0.5715283086727936,-0.3362948217714412,0.0,1
406,1.0,-0.9673544640172806,-0.6961513928941767,0.6708930750515975,-0.2977660223057257,-0.3362948217714412,0.0,0
407,1.0,0.6611178124681608,0.43632951364425354,-1.1226030349758407,-0.040992530305408455,-0.3362948217714412,0.0,0
408,1.0,-0.3325671343179406,0.6928346527277213,0.6708930750515975,1.142883739994731,-0.3362948217714412,0.0,0
409,1.0,0.07216334185214622,0.8907508742489485,1.5676411300653166,2.6014930849114664,-0.3362948217714412,0.0,1
410,1.0,1.0829407764950285,1.680272263349873,-0.22585497996212162,-1.260787965838106,-0.3362948217714412,0.0,0
411,1.0,-0.5419612675399107,-0.6797179160169629,-1.1226030349758407,-1.1700192645071814,-0.3362948217714412,0.0,0
412,1.0,3.2287397350582783,3.6301400197810247,-0.22585497996212162,-1.3636915202881388,-0.3362948217714412,0.0,0
413,1.0,-0.7719288652579014,-0.6825759119956087,-1.1226030349758407,-1.2758351837057995,-0.3362948217714412,0.0,0
414,1.0,-0.1273233963196795,-0.5718285678230809,2.464389185079036,-0.20893889747385772,-0.3362948217714412,0.0,0
415,1.0,-0.5785561501575611,-0.7440228255364952,2.464389185079036,-1.426307362382734,-0.3362948217714412,0.0,0
416,1.0,0.09179962032990999,-0.24887502223609634,-1.1226030349758407,0.28179456266285424,-0.3362948217714412,0.0,0
417,1.0,-0.5548587322673509,-0.6289884873959986,-0.22585497996212162,-0.5346383551907065,-0.3362948217714412,0.0,0
418,1.0,-0.3254712973225669,-0.24958952123075784,3.361137240092755,-0.8283018006731107,-0.3362948217714412,0.0,0
419,1.0,0.17708354799128767,-0.30889293778765986,-1.1226030349758407,0.6104063851282885,-0.3362948217714412,0.0,0
420,1.0,-0.8588193975220053,-0.16384964187138143,-1.1226030349758407,-0.6656947688770686,-0.3362948217714412,0.0,0
421,1.0,-0.25375425297309834,-0.4632247206345374,1.5676411300653166,-0.03274083018441511,-0.3362948217714412,0.0,0
422,1.0,1.397567511195559,2.9599399627885656,-0.22585497996212162,0.01968173529012969,2.833611433315728,0.0,0
423,1.0,-0.3198035533073942,0.014060607799324576,-1.1226030349758407,-0.2162198093453223,-0.3362948217714412,0.0,0
424,1.0,-0.17976118543643463,-0.4632247206345374,0.6708930750515975,-1.400581473770226,-0.3362948217714412,0.0,0
425,1.0,-0.9046968845109622,-0.33318590360614986,-1.1226030349758407,0.24927315630364588,-0.3362948217714412,0.0,0
426,1.0,1.6974670370377667,1.5259404805029952,-0.22585497996212162,1.1040522100135863,-0.3362948217714412,0.0,0
427,1.0,0.7386811124553271,-0.486803187458366,-0.22585497996212162,-0.373002111644193,-0.3362948217714412,0.0,0
428,1.0,-0.01312058580923171,0.012631609810001795,-1.1226030349758407,-0.1992310149785719,2.833611433315728,0.0,0
429,1.0,-1.0201046484734546,-0.7861782662215219,-0.22585497996212162,-0.0041025768233213175,-0.3362948217714412,0.0,0
430,1.0,-0.7020415650393155,-0.6168420044867535,-1.1226030349758407,0.47983536556669054,-0.3362948217714412,0.0,0
431,1.0,-0.5473166162156645,-0.6625699401450876,-1.1226030349758407,-1.8024878090750704,-0.3362948217714412,0.0,0
432,1.0,0.6893226488271303,-0.05453129568817654,-1.1226030349758407,2.1879372906122794,-0.3362948217714412,1.0,0
433,1.0,-0.9407562322610371,-0.7918942581788136,0.6708930750515975,-0.04147792443017271,-0.3362948217714412,0.0,0
434,1.0,-0.46783431628635314,0.1826823705394316,-0.22585497996212162,-1.179241752877703,-0.3362948217714412,0.0,0
435,1.0,-0.8451186304932021,-0.3131799317556287,-1.1226030349758407,-0.5530833319317499,-0.3362948217714412,0.0,0
436,1.0,-1.2104426659908678,-0.9312215621378005,0.6708930750515975,-1.0457583685675191,-0.3362948217714412,0.0,0
437,1.0,2.1447725351800955,1.1579734982523382,-1.1226030349758407,1.0555127975371559,-0.3362948217714412,0.0,0
438,1.0,0.4930491198607567,-0.08596925145328113,1.5676411300653166,1.6093474938932275,-0.3362948217714412,0.0,1
439,1.0,-0.9509313947449692,-0.7383068335792035,4.257885295106474,-0.5579372731793929,-0.3362948217714412,0.0,0
440,1.0,1.2905944213973786,1.3130197800938772,-0.22585497996212162,1.2710277889325072,-0.3362948217714412,0.0,0
441,1.0,-0.16570339516258123,1.0229331882613206,-1.1226030349758407,1.1773467228529964,-0.3362948217714412,0.0,0
442,1.0,-0.8815350014883273,-0.8612006606609763,0.6708930750515975,0.004149123297672032,2.833611433315728,0.0,0
443,1.0,-1.2345417350317596,-0.9590870229295977,1.5676411300653166,-0.8016051238110738,2.833611433315728,1.0,0
444,1.0,-0.9948452538861496,-0.7082978758034217,-1.1226030349758407,0.8987304952382855,-0.3362948217714412,0.0,0
445,1.0,-1.0445161128537652,-0.8226177149492568,-0.22585497996212162,-0.18466919123564274,-0.3362948217714412,0.0,0
446,1.0,2.337297320073442,0.47705595633995723,-0.22585497996212162,1.1123039101345797,-0.3362948217714412,0.0,0
447,1.0,0.6546021382459937,-0.23458504234286692,1.5676411300653166,-1.3641769144129032,-0.3362948217714412,0.0,0
448,1.0,-0.5705677550495617,-0.6289884873959986,-1.1226030349758407,-1.1816687235015246,-0.3362948217714412,0.0,0
449,1.0,1.908110751617413,1.01293020233606,-0.22585497996212162,-0.3094154813000691,-0.3362948217714412,0.0,0
450,1.0,-1.2070509451628906,-0.8862081254741278,-0.22585497996212162,-0.17447591461559211,2.833611433315728,0.0,0
451,1.0,-0.8219121195649359,-0.5096671552875329,-1.1226030349758407,-0.3472762230316847,-0.3362948217714412,0.0,0
452,1.0,-0.7266761689477825,-0.49180468042099623,-0.22585497996212162,1.9719369050921631,-0.3362948217714412,0.0,0
453,1.0,1.6854621304229522,0.5842308055391778,-1.1226030349758407,-0.49580682520956204,-0.3362948217714412,0.0,0
454,1.0,-0.02740151561124156,-0.37891383926448396,1.5676411300653166,-1.0307111506998259,-0.3362948217714412,0.0,0
455,1.0,-0.029588282987174364,0.6485357150587102,-0.22585497996212162,-1.876753110164009,-0.3362948217714412,0.0,0
456,1.0,0.2153296631172954,-0.6725729260703481,-1.1226030349758407,0.28859008040955453,-0.3362948217714412,0.0,0
457,1.0,-0.09608386237778285,0.0505000565270597,0.6708930750515975,0.28859008040955453,-0.3362948217714412,0.0,0
458,1.0,-0.924065395554938,-0.47394220555445943,0.6708930750515975,-0.8739288484009554,-0.3362948217714412,0.0,0
459,1.0,-0.7490347496690543,-0.5782590587750341,-1.1226030349758407,1.6870105538555165,-0.3362948217714412,0.0,0
460,1.0,-0.8982704661000577,-0.6904354009368849,-0.22585497996212162,-0.35649871140220657,-0.3362948217714412,0.0,0
461,1.0,0.1395068514497493,-0.6368479763372746,-0.22585497996212162,-0.15748712024884143,-0.3362948217714412,0.0,0
462,1.0,-0.5126853614457904,-0.8461961817730854,-0.22585497996212162,0.666712103600948,-0.3362948217714412,0.0,0
463,1.0,-0.5214324309495215,0.990066234506893,-1.1226030349758407,-1.2976779193201935,-0.3362948217714412,0.0,0
464,1.0,-0.5866784289824543,-0.748309819504464,0.6708930750515975,0.8142719175292966,2.833611433315728,0.0,0
465,1.0,-0.13848037272749975,-0.37748484127516096,-0.22585497996212162,-0.05167120105022306,-0.3362948217714412,0.0,0
466,1.0,0.8619880157145561,0.25484676900024006,2.464389185079036,1.9685391462188133,-0.3362948217714412,0.0,0
467,1.0,-0.7656363305638908,-0.40249230608831243,0.6708930750515975,-0.5623058203022717,-0.3362948217714412,0.0,0
468,1.0,-0.011558609112136775,-0.28602896995849286,0.6708930750515975,0.258981038798932,-0.3362948217714412,0.0,0
469,1.0,-1.0149724393258575,-0.5582530869245129,-0.22585497996212162,-0.35213016427932775,-0.3362948217714412,0.0,0
470,1.0,-0.6345195438191874,-0.5146686482501633,-0.22585497996212162,-1.532608675706117,-0.3362948217714412,0.0,0
471,1.0,-0.48581936225575933,-0.21743706647099165,0.6708930750515975,0.37450484049283644,-0.3362948217714412,0.0,0
472,1.0,-0.7264084015139949,-0.3417598915420875,1.5676411300653166,-0.5283282315687704,-0.3362948217714412,0.0,0
473,1.0,-1.08369941399803,-0.5782590587750341,-0.22585497996212162,-0.42591007124350205,-0.3362948217714412,0.0,0
474,1.0,-0.09130867647523583,-0.6075535175561544,2.464389185079036,-1.3913589853997044,2.833611433315728,0.0,0
475,1.0,-0.059801375099551475,-0.05524579468283793,0.6708930750515975,-1.2738936072067426,2.833611433315728,0.0,0
476,1.0,0.3273010783461794,-0.2910304629211231,0.6708930750515975,-0.1725343381165351,-0.3362948217714412,0.0,0
477,1.0,0.05779315623887389,0.2862847247653449,-1.1226030349758407,0.9827036788225101,-0.3362948217714412,0.0,0
478,1.0,-0.020528818144024203,0.21126233032589042,-1.1226030349758407,1.202101823215976,-0.3362948217714412,0.0,0
479,1.0,-0.5161663380850303,-0.05167329970953058,-0.22585497996212162,-0.8360681066693396,-0.3362948217714412,0.0,0
480,1.0,-0.871315211098764,-0.5639690788818047,-0.22585497996212162,-0.3516447701545635,2.833611433315728,0.0,0
481,1.0,1.4780762529543896,0.07622202033487258,-0.22585497996212162,1.2530682063162282,-0.3362948217714412,0.0,0
482,1.0,-1.1001671111759728,-0.6875774049582389,-0.22585497996212162,1.6185699822637494,2.833611433315728,0.0,0
483,1.0,1.19901795904199,0.32915466444503294,-0.22585497996212162,-1.6345414419066209,-0.3362948217714412,0.0,0
484,1.0,0.8939862240521849,0.28056873280805295,-0.22585497996212162,-0.7496679524612934,-0.3362948217714412,0.0,0
485,1.0,0.2874483586174455,-0.8004682461147513,-0.22585497996212162,-1.3568960025414387,-0.3362948217714412,0.0,0
486,1.0,-1.125024854612596,-0.9262200691751701,0.6708930750515975,-1.7544337907234042,-0.3362948217714412,0.0,0
487,1.0,-1.328349592668712,-0.9783784957854574,-0.22585497996212162,1.2952974951707223,-0.3362948217714412,0.0,0
488,1.0,-0.4197700619214635,-0.3389018955634416,0.6708930750515975,0.5007073129315558,-0.3362948217714412,0.0,0
489,1.0,-0.5318753608672412,-0.582546052743003,-1.1226030349758407,-1.3840780735282396,-0.3362948217714412,0.0,0
490,1.0,-1.1679122719242572,-0.8119002300293349,-0.22585497996212162,1.5079001218174883,-0.3362948217714412,0.0,0
491,1.0,-0.073234374694567,-0.3767703422804995,-0.22585497996212162,1.4069381438665127,-0.3362948217714412,0.0,0
492,1.0,-1.2318194327882515,-0.9462260410256913,0.6708930750515975,-0.4268808594930308,-0.3362948217714412,0.0,0
493,1.0,-0.8664953972905857,-0.8590571636769919,-0.22585497996212162,0.3458665871317424,-0.3362948217714412,0.0,0
494,1.0,-0.5185762449891195,-0.5261006321647468,-0.22585497996212162,-1.0307111506998259,2.833611433315728,0.0,0
495,1.0,-0.7318530060010111,-0.6511379562305041,0.6708930750515975,-0.04002174205587968,-0.3362948217714412,0.0,0
496,1.0,-0.09568221122710144,-0.6247014934280297,-0.22585497996212162,0.013857005792958135,-0.3362948217714412,0.0,0
497,1.0,0.41432549432717725,1.0515131480477795,0.6708930750515975,1.30403458941648,-0.3362948217714412,0.0,0
498,1.0,0.25156752248989556,0.5292143829502446,-1.1226030349758407,1.1933647289702183,-0.3362948217714412,0.0,0
499,1.0,-0.16842569740608918,-0.3160379277342746,-0.22585497996212162,-0.5506563613079284,-0.3362948217714412,0.0,0
500,1.0,1.2090592378090284,0.7006941416689976,0.6708930750515975,-0.41086285337580863,-0.3362948217714412,0.0,0
501,1.0,0.09483431791283686,0.08836850324411762,0.6708930750515975,-1.3117543489383585,2.833611433315728,0.0,0
502,1.0,-0.17895788313507152,-0.5132396502608403,-0.22585497996212162,0.22548884419019488,-0.3362948217714412,0.0,0
503,1.0,-0.3195357858736065,-0.15599015293010524,0.6708930750515975,0.21675174994443755,-0.3362948217714412,0.0,0
504,1.0,-0.39910734161418043,0.09265549721208637,-0.22585497996212162,-0.164768032120306,-0.3362948217714412,0.0,0
505,1.0,0.417940354683311,-0.2267255534015908,-1.1226030349758407,1.1637556873595958,-0.3362948217714412,0.0,0
506,1.0,0.6091263024077184,-0.0731082695493747,0.6708930750515975,0.5987569261339454,-0.3362948217714412,0.0,0
507,1.0,-1.3345082436458289,-0.9683755098601967,-0.22585497996212162,-0.6831689573685835,-0.3362948217714412,0.0,0
508,1.0,-1.2107550613302867,-0.9783784957854574,-0.22585497996212162,-1.2044822473654468,-0.3362948217714412,0.0,0
509,1.0,0.8139683892552981,2.712723310635697,0.6708930750515975,-0.6535599157579609,-0.3362948217714412,0.0,0
510,1.0,-1.0604929030697638,-0.8590571636769919,0.6708930750515975,0.09637400700288974,-0.3362948217714412,0.0,0
511,1.0,-0.43177496853627806,0.04549856356442937,-1.1226030349758407,0.9647440962062312,-0.3362948217714412,0.0,0
512,1.0,-1.1763915739942004,-0.8169017229919651,-1.1226030349758407,-0.10652073714858966,-0.3362948217714412,1.0,0
513,1.0,-0.36884962159617196,-0.4775147005277668,-1.1226030349758407,-0.43901571261213845,2.833611433315728,0.0,0
514,1.0,-0.6785672866772617,0.03478107864450731,0.6708930750515975,-0.0011902120747355402,2.833611433315728,0.0,0
515,1.0,-0.4013833648013757,-0.6182710024760765,0.6708930750515975,0.32645082214117016,-0.3362948217714412,1.0,0
516,1.0,0.28874256788075275,-0.40963729603492716,0.6708930750515975,1.0511442504142772,-0.3362948217714412,0.0,0
517,1.0,2.2113573703819664,0.46705297041469673,-1.1226030349758407,0.9773643434501028,-0.3362948217714412,0.0,0
518,1.0,0.061006365444325986,-0.41749678497620335,-1.1226030349758407,-1.252536265717113,-0.3362948217714412,0.0,0
519,1.0,0.10634831756570753,-0.3681963543445619,0.6708930750515975,1.2477288709438203,-0.3362948217714412,0.0,0
520,1.0,-0.8554723045996593,-0.7647432963816778,-1.1226030349758407,-1.8461732803038577,2.833611433315728,0.0,0
521,1.0,1.732276803430166,3.3679188887402653,-0.22585497996212162,-1.3777679499063036,-0.3362948217714412,0.0,0
522,1.0,-0.4342741312516298,-0.3767703422804995,-0.22585497996212162,-0.46377081297511796,-0.3362948217714412,0.0,0
523,1.0,-0.9578040922121864,-0.8697746485969139,0.6708930750515975,-0.38756393538712214,-0.3362948217714412,0.0,0
524,1.0,0.7600578792527105,-0.06310528362411423,-1.1226030349758407,2.1156135660223976,-0.3362948217714412,0.0,0
525,1.0,0.7119043690765585,0.1605329017049261,-0.22585497996212162,-0.8050028826844241,-0.3362948217714412,0.0,0
526,1.0,-0.03534528281360944,0.23269730016573456,-1.1226030349758407,0.40023072910534474,2.833611433315728,0.0,0
527,1.0,-1.1918774572482551,-0.8762051395488671,-0.22585497996212162,0.7977685172873099,-0.3362948217714412,0.0,0
528,1.0,-0.49081768768646267,-0.8176162219866266,1.5676411300653166,0.2876192921600258,-0.3362948217714412,0.0,0
529,1.0,0.7469819029027455,0.3741681011087055,-0.22585497996212162,-0.05749593054739489,2.833611433315728,0.0,0
530,1.0,-0.9055894426235878,-0.568970571844435,-1.1226030349758407,0.12889541336209837,-0.3362948217714412,0.0,0
531,1.0,-0.19082890603299238,-0.20314708657776231,-0.22585497996212162,0.6948649628372773,-0.3362948217714412,0.0,0
532,1.0,-1.2467251532690993,-0.9362230551004306,-0.22585497996212162,-0.9622705791080588,-0.3362948217714412,0.0,0
533,1.0,0.6172039533269803,0.9157583390620999,-0.22585497996212162,-0.2943682634323754,-0.3362948217714412,0.0,0
534,1.0,-0.7150729134836494,0.05478705049502845,-0.22585497996212162,-1.3078711959402438,-0.3362948217714412,0.0,0
535,1.0,-0.5908288242061633,-0.7290183466486042,-0.22585497996212162,-0.9865402853462741,-0.3362948217714412,0.0,0
536,1.0,-1.2471268044197807,-0.7868927652161835,0.6708930750515975,1.0385240031704055,-0.3362948217714412,0.0,0
537,1.0,1.2946109329041937,-0.1202652031970317,-1.1226030349758407,-0.8151961593044745,-0.3362948217714412,0.0,0
538,1.0,0.38482644870490046,-0.18385561372190257,-1.1226030349758407,-0.3579548937764993,-0.3362948217714412,0.0,0
539,1.0,-0.2634385084950864,-0.1902861046738558,-0.22585497996212162,-0.6768588337466477,-0.3362948217714412,0.0,1
540,1.0,0.3874148672315147,1.1093875666153585,-1.1226030349758407,-0.32980203454016976,-0.3362948217714412,0.0,0
541,1.0,3.1387698773056156,2.5376710569436374,1.5676411300653166,1.2986952540440728,-0.3362948217714412,1.0,0
542,1.0,1.2367731672060533,0.2984312076745897,0.6708930750515975,1.7321522074585967,2.833611433315728,0.0,0
543,1.0,-0.5071068732418803,0.06836253139359648,0.6708930750515975,-1.8214181799408784,-0.3362948217714412,0.0,0
544,1.0,-1.2631928504470418,-0.7683157913549852,-1.1226030349758407,2.3816095463932365,-0.3362948217714412,0.0,0
545,1.0,2.640186915592945,2.429067209755094,-0.22585497996212162,-1.864132862920137,-0.3362948217714412,0.0,0
546,1.0,0.3239093575182021,0.1912563584753693,0.6708930750515975,1.285104218550672,-0.3362948217714412,0.0,0
547,1.0,0.25884187110779433,-0.2681664950919561,-0.22585497996212162,0.7395212223155938,-0.3362948217714412,0.0,0
548,1.0,-0.8397632818174483,-0.8833501294954819,-0.22585497996212162,0.24247763855694554,-0.3362948217714412,0.0,0
549,1.0,-0.08805083936415224,-0.1817121167379182,-0.22585497996212162,1.2666592418096283,-0.3362948217714412,0.0,0
550,1.0,-0.3206514835143885,-0.5375326160793303,0.6708930750515975,-0.8909176427677059,-0.3362948217714412,0.0,0
551,1.0,-0.1495480933240575,1.283725321312757,-0.22585497996212162,-0.5254158668201846,-0.3362948217714412,0.0,0
552,1.0,0.036594901064015445,0.23841329212302628,0.6708930750515975,-0.24922660982929518,-0.3362948217714412,1.0,0
553,1.0,0.8420393418973736,-0.20743408054573106,1.5676411300653166,0.32645082214117016,2.833611433315728,0.0,0
554,1.0,-0.9449958832960088,-0.714728366755375,-0.22585497996212162,-0.49240906633621173,-0.3362948217714412,0.0,0
555,1.0,-0.7036035417364103,-0.07810976251200503,1.5676411300653166,-0.2710693454436889,-0.3362948217714412,0.0,0
556,1.0,-0.9257612559689268,-0.7047253808301144,0.6708930750515975,-0.8384950772931612,-0.3362948217714412,0.0,0
557,1.0,-1.288630756656872,-0.880492133516836,-1.1226030349758407,-0.8346119242950466,-0.3362948217714412,0.0,0
558,1.0,0.147093595407067,0.21626382328852078,0.6708930750515975,-0.8448052009150971,-0.3362948217714412,0.0,0
559,1.0,-1.064821809915998,-0.8169017229919651,-1.1226030349758407,-1.3452465435470953,-0.3362948217714412,0.0,0
560,1.0,-0.6277807300688639,-0.3038914448250295,-0.22585497996212162,-0.6763734396218835,-0.3362948217714412,1.0,0
561,1.0,-0.8926473499905163,-0.6532814532144884,-1.1226030349758407,2.017078558695244,-0.3362948217714412,0.0,0
562,1.0,-1.1632709697386039,-0.915502584255248,1.5676411300653166,-1.5432873464509316,-0.3362948217714412,0.0,0
563,1.0,-1.0874035301654263,-0.7397358315685263,0.6708930750515975,0.2735428625418611,-0.3362948217714412,0.0,0
564,1.0,-1.0403210897244248,-0.9040706003406646,1.5676411300653166,-1.1229360344050436,-0.3362948217714412,0.0,0
565,1.0,-0.6194799396214457,0.9057553531368393,0.6708930750515975,0.35217671075367846,-0.3362948217714412,0.0,0
566,1.0,-0.5403546629371846,-0.47251320756513654,-1.1226030349758407,1.3098593189136516,-0.3362948217714412,0.0,0
567,1.0,-0.1047863039758826,0.39774656793253405,0.6708930750515975,-0.6792858043704693,-0.3362948217714412,0.0,0
568,1.0,1.578712180152928,0.07765101832419556,-1.1226030349758407,-0.7972365766881953,-0.3362948217714412,0.0,0
569,1.0,0.9529843152967383,0.5170679000409997,3.361137240092755,0.8482495062627979,-0.3362948217714412,0.0,0
570,1.0,-0.6048866144800168,-0.4253562739174795,-1.1226030349758407,-0.12836347276298338,-0.3362948217714412,0.0,0
571,1.0,-1.0010485327688976,-0.4239272759281566,-0.22585497996212162,-0.35115937602979924,-0.3362948217714412,0.0,0
572,1.0,-0.036460980454391466,0.6721141818825387,0.6708930750515975,0.6337053031169751,-0.3362948217714412,0.0,0
573,1.0,-0.42204608510865876,-0.649708958241181,2.464389185079036,-1.599593064923591,-0.3362948217714412,0.0,0
574,1.0,0.8038824825826286,0.5535073487687346,-1.1226030349758407,1.6656532123658871,-0.3362948217714412,0.0,0
575,1.0,1.2626127245665655,2.9756589406711185,0.6708930750515975,0.9385328134689584,-0.3362948217714412,0.0,0
576,1.0,0.47698307383349575,-0.013804852992472664,0.6708930750515975,1.7879725318064918,-0.3362948217714412,1.0,0
577,1.0,2.817270445137868,2.949222477868644,-0.22585497996212162,-0.25844909819981704,-0.3362948217714412,0.0,0
578,1.0,-0.4147271085851288,-0.5418196100472992,0.6708930750515975,1.289472765673551,-0.3362948217714412,0.0,0
579,1.0,0.08657815537105004,0.21983631826182812,-0.22585497996212162,0.15850445497272092,-0.3362948217714412,0.0,0
580,1.0,-0.8564987464291787,-0.8097567330453505,-0.22585497996212162,0.9992070790644968,-0.3362948217714412,0.0,0
581,1.0,0.11295324759913694,-0.582546052743003,-1.1226030349758407,-0.39484484725858643,-0.3362948217714412,0.0,0
582,1.0,-0.06935174690464553,-0.36676735635523894,2.464389185079036,0.8108741586559464,-0.3362948217714412,0.0,0
583,1.0,1.0119824065412915,0.04264056758578341,1.5676411300653166,0.17986179646235012,-0.3362948217714412,0.0,0
584,1.0,0.0027669485955043142,-0.0966867363732032,2.464389185079036,0.37450484049283644,-0.3362948217714412,0.0,0
585,1.0,-0.9289298372687477,-0.5989795296202167,-0.22585497996212162,1.7695275550654483,-0.3362948217714412,0.0,0
586,1.0,0.2542898247334037,2.7234407955556197,-1.1226030349758407,-0.19097931485757855,-0.3362948217714412,0.0,0
587,1.0,-0.7136448205034485,-0.48823218544768887,-0.22585497996212162,-0.4084358827519871,-0.3362948217714412,0.0,0
588,1.0,-0.7149390297667556,-0.6475654612571967,-0.22585497996212162,0.6128333557521103,-0.3362948217714412,0.0,0
589,1.0,-0.5651677784681769,-0.4360737588374015,-0.22585497996212162,-0.5734698851718506,-0.3362948217714412,0.0,0
590,1.0,-0.5988172193141627,-0.7254458516752968,0.6708930750515975,1.3448076958966815,-0.3362948217714412,0.0,0
591,1.0,1.6829183398019691,1.914627933598835,0.6708930750515975,-0.5307552021925919,-0.3362948217714412,0.0,1
592,1.0,-0.7776412371787054,-0.6325609823693059,0.6708930750515975,-0.4763910602189898,-0.3362948217714412,0.0,0
593,1.0,-0.09295990898359324,-0.5232426361861009,-1.1226030349758407,0.15850445497272092,-0.3362948217714412,0.0,0
594,1.0,-0.656521101295409,-0.35533537244065544,-0.22585497996212162,-0.3666919880222569,-0.3362948217714412,0.0,0
595,1.0,-0.6676334497975978,-0.7797477752695687,2.464389185079036,-1.3554398201671456,-0.3362948217714412,0.0,0
596,1.0,-0.7588975168135674,-0.23244154535888253,0.6708930750515975,-0.7739376586995086,-0.3362948217714412,0.0,0
597,1.0,-1.1942873641523442,-0.9276490671644931,-0.22585497996212162,-1.383107285278711,-0.3362948217714412,0.0,0
598,1.0,-0.91054314014866,-0.8704891475915755,2.464389185079036,1.5676035991634976,-0.3362948217714412,0.0,0
599,1.0,0.24005352283702514,-0.07167927156005172,-0.22585497996212162,0.5652647315252082,-0.3362948217714412,0.0,0
600,1.0,-1.2382458511991559,-0.8983546083833727,0.6708930750515975,1.799621990800835,-0.3362948217714412,0.0,0
601,1.0,0.5494587925786958,0.1519589137689884,-0.22585497996212162,-0.7200589108506706,-0.3362948217714412,0.0,0
602,1.0,-0.88894323382312,-0.6940078959101923,-0.22585497996212162,-0.15748712024884143,-0.3362948217714412,0.0,0
603,1.0,-1.1767039693336194,-0.9262200691751701,2.464389185079036,-0.541919267062171,-0.3362948217714412,0.0,0
604,1.0,0.23666180200904782,0.13481093789711301,-0.22585497996212162,0.09637400700288974,-0.3362948217714412,0.0,1
605,1.0,-0.20336934751538233,0.5070649141157391,-0.22585497996212162,1.6379857472543216,2.833611433315728,0.0,0
606,1.0,-0.8317302588038178,-0.8190452199759496,-1.1226030349758407,0.021623311789186965,-0.3362948217714412,0.0,0
607,1.0,2.625816729979672,3.0906932788116146,-0.22585497996212162,-1.39087359127494,2.833611433315728,0.0,0
608,1.0,-0.49278131553423904,-0.6182710024760765,0.6708930750515975,1.8539861327744371,-0.3362948217714412,0.0,0
609,1.0,-0.973289975466241,-0.7868927652161835,-1.1226030349758407,0.7720426286748019,-0.3362948217714412,0.0,0
610,1.0,0.5840900473485701,0.07693651932953396,-0.22585497996212162,0.7235032161983714,2.833611433315728,0.0,0
611,1.0,0.5963627213971723,1.4001886574425768,-0.22585497996212162,-0.8428636244160398,-0.3362948217714412,0.0,0
612,1.0,0.8327121096204361,0.5006344231637859,0.6708930750515975,-0.9049940723858708,-0.3362948217714412,0.0,0
613,1.0,0.28347647501626155,0.9743472566243404,-1.1226030349758407,-0.8156815534292388,2.833611433315728,0.0,0
614,1.0,0.3347539385866034,-0.6882919039529005,-0.22585497996212162,-0.4807596073418686,-0.3362948217714412,0.0,0
615,1.0,0.4752425855138756,-0.22172406043896048,-0.22585497996212162,-0.20602653272527194,-0.3362948217714412,0.0,0
616,1.0,1.6195020858999187,1.9424933943906324,-0.22585497996212162,1.667594788864944,-0.3362948217714412,0.0,0
617,1.0,-0.3025325538280884,0.31272118756781914,0.6708930750515975,0.2279158148140164,-0.3362948217714412,0.0,0
618,1.0,1.3270554202981348,0.3763115980926901,-0.22585497996212162,-1.5102805459669588,-0.3362948217714412,0.0,0
619,1.0,-0.34769599432694476,-0.3267554126541966,2.464389185079036,2.4947063774633196,-0.3362948217714412,0.0,1
620,1.0,-1.0857076697514376,-0.8676311516129295,-1.1226030349758407,0.5516736960318076,-0.3362948217714412,0.0,0
621,1.0,-1.0964629950085762,-0.8954966124047269,1.5676411300653166,1.2477288709438203,-0.3362948217714412,0.0,0
622,1.0,-1.167733760301732,-0.7933232561681366,-1.1226030349758407,-0.9365446904955507,-0.3362948217714412,0.0,0
623,1.0,0.9528950594854754,1.0686611239196548,1.5676411300653166,0.2803383802885612,-0.3362948217714412,1.0,0
624,1.0,-0.776168516292873,-0.5068091593088871,0.6708930750515975,0.7375796458165363,2.833611433315728,0.0,0
625,1.0,-0.4230725269381783,-0.7233023546913125,0.6708930750515975,-1.0316819389493546,-0.3362948217714412,0.0,0
626,1.0,-1.2024096429772373,-0.8719181455808984,-1.1226030349758407,-1.3583521849157314,-0.3362948217714412,0.0,0
627,1.0,-0.20533297536315867,-0.5018076663462567,0.6708930750515975,0.8419393826408622,-0.3362948217714412,0.0,0
628,1.0,-0.782996585854459,-0.6068390185614929,-0.22585497996212162,0.07647284788755329,-0.3362948217714412,1.0,0
629,1.0,0.22769159297716038,0.3362996543916476,1.5676411300653166,-0.014781247568135923,-0.3362948217714412,0.0,0
630,1.0,-0.35162325002249745,-0.030238329869686453,-0.22585497996212162,-0.6909352633648126,-0.3362948217714412,0.0,0
631,1.0,-0.5775297083280416,0.35201863227420005,-0.22585497996212162,-1.334082478677516,-0.3362948217714412,0.0,0
632,1.0,-0.12433332664238363,-0.5075236583035486,2.464389185079036,1.1394859811213804,-0.3362948217714412,0.0,0
633,1.0,-0.4355683405149369,-0.34247439053674894,1.5676411300653166,1.7010869834736813,2.833611433315728,0.0,0
634,1.0,3.406626566904564,2.06753071845639,0.6708930750515975,1.8709749271411882,-0.3362948217714412,0.0,0
635,1.0,2.061407607460863,0.8393069466333227,0.6708930750515975,-0.7909264530662593,-0.3362948217714412,0.0,0
636,1.0,-0.5739148479719078,0.07050602837758085,0.6708930750515975,-0.7923826354405522,-0.3362948217714412,0.0,0
637,1.0,-0.2574137412348633,0.41060754983644066,0.6708930750515975,-0.6788004102457049,-0.3362948217714412,0.0,0
638,1.0,1.41885502218168,1.6917042472644568,1.5676411300653166,-0.8370388949188682,-0.3362948217714412,0.0,0
639,1.0,-0.056677421705361865,-0.40177780709365096,-0.22585497996212162,0.15219433135078483,2.833611433315728,0.0,0
640,1.0,-0.6359922647050196,-0.6211289984547224,-1.1226030349758407,-0.12981965513727614,-0.3362948217714412,0.0,0
641,1.0,-0.8850159781275673,-0.7997537471200898,0.6708930750515975,0.25703946229987473,-0.3362948217714412,0.0,0
642,1.0,-1.2572127110924503,-0.962659517902905,0.6708930750515975,0.7676740815519231,-0.3362948217714412,0.0,0
643,1.0,0.9052770841768988,1.5609509312414074,0.6708930750515975,0.6395300326141468,-0.3362948217714412,0.0,0
644,1.0,0.6167576742706676,-0.5518225959725598,-0.22585497996212162,0.5764287963947871,-0.3362948217714412,0.0,0
645,1.0,2.871939629536187,0.9300483189553294,0.6708930750515975,-0.4749348778446968,2.833611433315728,0.0,0
646,1.0,1.4732118112405799,-0.3689108533392234,-1.1226030349758407,-0.1972894384795146,-0.3362948217714412,0.0,0
647,1.0,-0.58966849865975,-0.03666882082163977,-1.1226030349758407,-0.08661957803325293,-0.3362948217714412,0.0,0
648,1.0,3.5506854462823396,0.3777405960820129,-0.22585497996212162,-0.965668337981409,-0.3362948217714412,0.0,0
649,1.0,-0.044717142996178544,-0.42464177492281807,-0.22585497996212162,0.13714711348309144,-0.3362948217714412,0.0,0
650,1.0,-1.1498825980492196,-0.7425938275471723,2.464389185079036,-1.9350004051357255,-0.3362948217714412,0.0,0
651,1.0,0.71230602022724,1.8045950884209687,-0.22585497996212162,-1.2836014897020287,2.833611433315728,0.0,1
652,1.0,-1.2283830840546426,-0.759027304424386,-0.22585497996212162,-1.1462349523937303,-0.3362948217714412,0.0,0
653,1.0,-0.618408869886295,-0.6811469140062859,1.5676411300653166,-0.6428812450131464,-0.3362948217714412,0.0,0
654,1.0,-0.3054333676941217,-0.2974609538730763,-0.22585497996212162,0.380329569990008,-0.3362948217714412,0.0,0
655,1.0,-0.6860647748233168,-0.6447074652785508,-1.1226030349758407,-1.2772913660800926,-0.3362948217714412,0.0,0
656,1.0,-0.3728215051973559,-0.05453129568817654,-1.1226030349758407,-1.303502648817365,2.833611433315728,0.0,0
657,1.0,2.832622444675029,0.6399617271227726,-0.22585497996212162,-0.43804492436260967,-0.3362948217714412,0.0,0
658,1.0,-0.790137050755464,-0.6475654612571967,-1.1226030349758407,-1.2753497895810353,-0.3362948217714412,0.0,0
659,1.0,-0.17833309245623366,0.45133399253214435,0.6708930750515975,-1.0273133918264756,-0.3362948217714412,0.0,0
660,1.0,-0.37652562136475226,-0.47251320756513654,-0.22585497996212162,0.02696264716159427,-0.3362948217714412,0.0,0
661,1.0,1.236862423017316,1.4323411122023426,-0.22585497996212162,0.19976295557768686,-0.3362948217714412,0.0,0
662,1.0,-0.2413923231132336,-0.2281545513909137,-0.22585497996212162,1.5690597815377905,-0.3362948217714412,0.0,0
663,1.0,-0.7742048884450966,-0.4989496703676109,-0.22585497996212162,-1.4190264505112695,-0.3362948217714412,0.0,0
664,1.0,-1.1759006670322563,-0.4517927367199539,0.6708930750515975,0.01482779404248664,-0.3362948217714412,0.0,0
665,1.0,-0.6208187767903842,-0.03666882082163977,2.464389185079036,2.0408628708086947,-0.3362948217714412,0.0,0
666,1.0,-0.7651454236019466,-0.6146985075027691,-0.22585497996212162,1.724385901462368,-0.3362948217714412,0.0,0
667,1.0,-0.6222468697705851,-0.6532814532144884,0.6708930750515975,1.1059937865126435,-0.3362948217714412,0.0,0
668,1.0,-0.053508840405540756,-0.013090353997811274,0.6708930750515975,0.947269907714716,2.833611433315728,1.0,0
669,1.0,-0.9433000228820202,-0.8361931958478249,-0.22585497996212162,0.06239641826938838,-0.3362948217714412,0.0,0
670,1.0,-1.0475508104366924,-0.8190452199759496,0.6708930750515975,1.1220117926298658,-0.3362948217714412,0.0,0
671,1.0,-0.2783442289759341,-0.6111260125294617,0.6708930750515975,1.7782646493112058,-0.3362948217714412,0.0,0
672,1.0,0.5254043514434354,0.8564549225051982,2.464389185079036,0.17015391396706403,2.833611433315728,0.0,1
673,1.0,-0.7817470044967831,-0.8083277350560275,-1.1226030349758407,-0.8734434542761911,-0.3362948217714412,0.0,0
674,1.0,0.38861982068355944,0.15052991577966543,-0.22585497996212162,-1.2850576720763214,-0.3362948217714412,0.0,0
675,1.0,-0.7082002160164321,-0.6261304914173526,-0.22585497996212162,-0.06526223654362372,-0.3362948217714412,0.0,0
676,1.0,0.638268324784945,-0.13741317906890707,-1.1226030349758407,0.18908428483287198,-0.3362948217714412,0.0,0
677,1.0,0.13482092135846474,0.08765400424945603,2.464389185079036,-0.562791214427036,-0.3362948217714412,0.0,0
678,1.0,-0.8970208847423818,-0.676859920038317,-1.1226030349758407,-0.3943594531338222,-0.3362948217714412,0.0,0
679,1.0,0.3459109149944236,-0.1352696820849226,-0.22585497996212162,-1.7393865728557107,-0.3362948217714412,0.0,0
680,1.0,-0.46506738613721366,-0.12240870018101607,0.6708930750515975,-0.02254755356436475,-0.3362948217714412,0.0,0
681,1.0,-0.23925018364293205,-0.48608868846370445,-1.1226030349758407,-1.0069268385863748,-0.3362948217714412,0.0,1
682,1.0,-0.37331241215930006,-0.4439332477786777,1.5676411300653166,-1.7631708849691616,2.833611433315728,0.0,0
683,1.0,-1.0447838802875529,-0.7504533164884484,-0.22585497996212162,-1.9350004051357255,-0.3362948217714412,0.0,0
684,1.0,-0.8874258850316564,-0.8226177149492568,-0.22585497996212162,0.42789819421691,-0.3362948217714412,0.0,0
685,1.0,0.013879297097693309,-0.5461066040152679,0.6708930750515975,-0.06477684241885946,2.833611433315728,0.0,0
686,1.0,-0.6372418460626954,-0.7940377551627981,-1.1226030349758407,-1.117111304907872,-0.3362948217714412,0.0,0
687,1.0,-1.063215205313272,-0.7797477752695687,-1.1226030349758407,0.7278717633212501,-0.3362948217714412,0.0,0
688,1.0,2.456230688580805,0.6385327291334495,-0.22585497996212162,0.1259830486135123,-0.3362948217714412,0.0,0
689,1.0,-1.1606379233063584,-0.8490541777517313,0.6708930750515975,0.4351791060883746,-0.3362948217714412,0.0,0
690,1.0,-0.3863883885092654,-0.5282441291487312,-0.22585497996212162,-0.5394922964383495,2.833611433315728,0.0,0
691,1.0,-0.3480976454776263,-0.5468211030099294,-0.22585497996212162,0.7089413924554422,2.833611433315728,0.0,0
692,1.0,0.0673881559495992,-0.31818142471825894,0.6708930750515975,2.2190025145971943,-0.3362948217714412,0.0,0
693,1.0,-0.24946997403249546,-0.5525370949672213,-1.1226030349758407,1.5991542172731772,-0.3362948217714412,0.0,0
694,1.0,0.7537653445587,-0.5010931673515953,0.6708930750515975,-0.618611538774931,-0.3362948217714412,0.0,0
695,1.0,-0.8383798167428788,-0.4925191794156577,-1.1226030349758407,0.8001954879111317,-0.3362948217714412,0.0,0
696,1.0,1.3171926531536216,-0.0009438710885662301,-0.22585497996212162,-0.9977043502158531,-0.3362948217714412,0.0,0
697,1.0,2.647014985154531,2.331180847486472,0.6708930750515975,-0.12302413739057581,-0.3362948217714412,0.0,0
698,1.0,-0.8683697693270995,-0.5246716341754238,-1.1226030349758407,0.6584604034799547,-0.3362948217714412,0.0,0
699,1.0,-0.7151175413892807,-0.8754906405542057,-1.1226030349758407,0.5977861378844168,-0.3362948217714412,0.0,0
700,1.0,-0.9464239762762099,-0.7976102501361054,-0.22585497996212162,-0.46037305410176765,-0.3362948217714412,0.0,0
701,1.0,-0.6593772872558108,-0.4360737588374015,-1.1226030349758407,1.9903818818332069,-0.3362948217714412,0.0,0
702,1.0,0.6901259511284935,1.513079498599089,2.464389185079036,0.4511971122055965,-0.3362948217714412,0.0,0
703,1.0,0.8511880625517863,0.7728585401298058,-1.1226030349758407,-1.5908559706778334,-0.3362948217714412,0.0,0
704,1.0,1.2376657253186794,0.6078092723630063,-0.22585497996212162,1.0011486555635538,-0.3362948217714412,0.0,0
705,1.0,1.9048975424119605,1.0107867053520754,-0.22585497996212162,-0.7433578288393574,-0.3362948217714412,0.0,0
706,1.0,-0.43150720110249036,0.27128024587745386,-0.22585497996212162,0.94435754296613,-0.3362948217714412,0.0,0
707,1.0,0.04525271475648394,-0.5425341090419606,0.6708930750515975,0.1978213790786296,-0.3362948217714412,0.0,0
708,1.0,-0.3343968784488231,-0.570399569833758,2.464389185079036,1.1157016690079296,-0.3362948217714412,0.0,0
709,1.0,0.9561082686909277,-0.011661356008488291,-0.22585497996212162,-0.4628000247255892,-0.3362948217714412,1.0,0
710,1.0,1.0068055694880629,1.9675008592037841,0.6708930750515975,0.5235208367954778,-0.3362948217714412,0.0,0
711,1.0,-0.18605372013044533,-0.28031297800120103,-0.22585497996212162,0.9147485013555074,-0.3362948217714412,0.0,0
712,1.0,0.18810664068221417,-0.128124692138308,0.6708930750515975,0.9550362137109452,-0.3362948217714412,0.0,0
713,1.0,-0.9150505586174192,-0.5368181170846689,-1.1226030349758407,-0.45600450697888884,-0.3362948217714412,0.0,0
714,1.0,-1.183308899367049,-0.9326505601271232,1.5676411300653166,0.9594047608338239,-0.3362948217714412,0.0,0
715,1.0,-0.5952916147692915,-0.7268748496646199,-0.22585497996212162,1.6734195183621157,-0.3362948217714412,0.0,0
716,1.0,-0.7381009127893905,-0.03523982283231679,-1.1226030349758407,-1.0841045044238993,-0.3362948217714412,0.0,0
717,1.0,0.43797828431175617,0.11337596805726889,1.5676411300653166,-1.1719608410062385,-0.3362948217714412,0.0,0
718,1.0,-0.33827950623874453,0.3377286523809706,-1.1226030349758407,0.5424512076612857,-0.3362948217714412,0.0,0
719,1.0,-0.7521140751576126,-0.49466267639964207,0.6708930750515975,-0.4055235180034013,-0.3362948217714412,0.0,0
720,1.0,-1.3120604071132944,-0.9676610108655354,-0.22585497996212162,0.04298065327881618,-0.3362948217714412,0.0,0
721,1.0,1.3513776288671833,0.3077196946051888,-0.22585497996212162,0.22743042068925215,-0.3362948217714412,0.0,0
722,1.0,-0.9307149534939989,-0.8390511918264707,1.5676411300653166,-0.09487127815424627,-0.3362948217714412,0.0,0
723,1.0,1.1093158687231153,0.02549259171390823,1.5676411300653166,0.5016781011810842,2.833611433315728,0.0,0
724,1.0,-0.8158427243990818,-0.5653980768711276,-0.22585497996212162,0.1978213790786296,-0.3362948217714412,0.0,0
725,1.0,0.15673322302342355,0.09479899419607074,0.6708930750515975,-0.5608496379279787,-0.3362948217714412,0.0,0
726,1.0,-0.4971548502861047,0.868601405414443,-0.22585497996212162,1.2370502001990058,-0.3362948217714412,0.0,0
727,1.0,-0.728818308418084,-0.8254757109279028,-0.22585497996212162,0.11578977199346195,-0.3362948217714412,0.0,0
728,1.0,-0.266562461889276,-0.10311722732515652,1.5676411300653166,1.4229561499837347,2.833611433315728,0.0,0
729,1.0,0.435255982068248,-0.5603965839084973,-0.22585497996212162,-0.3094154813000691,-0.3362948217714412,0.0,0
730,1.0,-1.001896462975892,-0.28174197599052403,-0.22585497996212162,-0.16865118511842056,-0.3362948217714412,0.0,1
731,1.0,-0.7297108665307096,-0.6725729260703481,-0.22585497996212162,-1.056437039312334,-0.3362948217714412,1.0,0
732,1.0,1.0151509878411125,-0.033096325848332414,-0.22585497996212162,-0.6812273808695265,2.833611433315728,0.0,0
733,1.0,-1.2414144324989766,-0.9676610108655354,0.6708930750515975,0.2759698331656827,-0.3362948217714412,0.0,0
734,1.0,0.1719959667493217,0.8100124878522025,-0.22585497996212162,-0.38804932951188637,2.833611433315728,0.0,0
735,1.0,-1.2123170380273818,-0.7976102501361054,0.6708930750515975,-0.18855234423375702,-0.3362948217714412,0.0,1
736,1.0,-0.950752883122444,-0.7697447893443081,-1.1226030349758407,-1.6107571297931702,-0.3362948217714412,0.0,0
737,1.0,-0.04677002665521737,-0.30889293778765986,2.464389185079036,2.3685039050246006,-0.3362948217714412,0.0,0
738,1.0,0.1156309219370139,-0.4603667246558915,-1.1226030349758407,-0.994306591342503,-0.3362948217714412,0.0,0
739,1.0,0.8888540149045876,0.7442785803433472,0.6708930750515975,-1.7010404369993306,-0.3362948217714412,0.0,0
740,1.0,-0.5835098476826333,0.05764504647367442,1.5676411300653166,-0.6841397456181123,-0.3362948217714412,0.0,0
741,1.0,-0.75724628430521,-0.6418494692999049,-1.1226030349758407,1.5841069994054837,-0.3362948217714412,0.0,0
742,1.0,-0.6715607054931505,-0.8354786968531633,0.6708930750515975,-0.7535511054594077,-0.3362948217714412,0.0,0
743,1.0,1.4845026713652938,0.9986402224428305,2.464389185079036,1.624394711760921,-0.3362948217714412,0.0,0
744,1.0,-0.6259063580323502,-0.328898909638181,-0.22585497996212162,1.5773114816587837,-0.3362948217714412,0.0,0
745,1.0,0.8220014122689286,0.3527331312688614,-0.22585497996212162,-1.2268103771046048,-0.3362948217714412,0.0,0
746,1.0,-0.9572685573446111,-0.8333351998691789,-0.22585497996212162,-0.8651917541551978,-0.3362948217714412,0.0,0
747,1.0,-0.12214655926645082,-0.37462684529651513,1.5676411300653166,0.2866485039104973,-0.3362948217714412,0.0,0
748,1.0,-0.48372185069108914,-0.6297029863906599,-1.1226030349758407,0.20704386744915143,-0.3362948217714412,0.0,0
749,1.0,0.8265534586433193,4.311772060688067,-0.22585497996212162,-1.1641945350100096,-0.3362948217714412,0.0,0
750,1.0,-0.40633706232644795,-0.5068091593088871,-0.22585497996212162,-0.0788532720370241,2.833611433315728,0.0,1
751,1.0,-0.6013610099351456,-0.7204443587126667,-0.22585497996212162,0.6633143447275978,-0.3362948217714412,0.0,0
752,1.0,0.3134664276004822,0.5342158759128749,-0.22585497996212162,-0.41183364162533714,-0.3362948217714412,0.0,0
753,1.0,0.7428761355846675,-0.10025923134651055,1.5676411300653166,0.3249946397668774,-0.3362948217714412,0.0,0
754,1.0,-0.9281265349673846,-0.6168420044867535,-1.1226030349758407,-1.471934410110579,2.833611433315728,0.0,0
755,1.0,-1.0672317168200873,-0.6725729260703481,-1.1226030349758407,1.355486366641496,-0.3362948217714412,0.0,0
756,1.0,1.0017626161517281,0.965773268688403,0.6708930750515975,-1.3666038850367248,-0.3362948217714412,0.0,0
757,1.0,-0.73390588966005,-0.6818614130009473,-0.22585497996212162,-0.8875198838943559,-0.3362948217714412,0.0,0
758,1.0,-0.3495703663634586,-0.49466267639964207,-0.22585497996212162,-0.10846231364764666,-0.3362948217714412,0.0,0
759,1.0,0.16409682745258505,-0.16384964187138143,-1.1226030349758407,-0.3555279231526778,-0.3362948217714412,0.0,0
760,1.0,0.535981165078049,0.2862847247653449,0.6708930750515975,0.43663528846266736,-0.3362948217714412,0.0,0
761,1.0,-1.3345082436458289,-0.8862081254741278,-0.22585497996212162,-0.06526223654362372,-0.3362948217714412,0.0,0
762,1.0,2.2499158808473934,0.27199474487211545,0.6708930750515975,-0.34048070528498436,-0.3362948217714412,0.0,0
763,1.0,-0.2620104155148854,-0.5168121452341476,-0.22585497996212162,0.11918753086681225,-0.3362948217714412,0.0,0
764,1.0,-1.282873756830437,-0.9219330752072011,2.464389185079036,1.6957476481012739,2.833611433315728,0.0,1
765,1.0,0.7147159271313293,-0.03523982283231679,-1.1226030349758407,-0.5739552792966152,-0.3362948217714412,0.0,0
766,1.0,0.03971885445820506,1.1208195505299419,-1.1226030349758407,-1.1258483991536297,-0.3362948217714412,0.0,0
767,1.0,-0.12402093130296468,-0.14598716700484465,0.6708930750515975,-0.3666919880222569,2.833611433315728,0.0,0
768,1.0,-0.6343856601022936,0.07336402435622662,-0.22585497996212162,-1.469022045361993,-0.3362948217714412,0.0,0
769,1.0,0.16695301341298696,0.8264459647294161,-1.1226030349758407,-1.8981104516536385,-0.3362948217714412,0.0,0
770,1.0,-0.6950796117608355,-0.7433083265418337,0.6708930750515975,-0.11768480201816851,-0.3362948217714412,0.0,0
771,1.0,0.7915651806283949,1.6852737563125035,-1.1226030349758407,2.368018510899836,2.833611433315728,0.0,0
772,1.0,-0.8523037232998383,-0.6468509622625354,-0.22585497996212162,-0.36620659389749266,-0.3362948217714412,0.0,0
773,1.0,-0.20894783571929243,-0.5010931673515953,0.6708930750515975,1.9117480336213895,2.833611433315728,0.0,0
774,1.0,0.5175052121466988,-0.05667479267216091,0.6708930750515975,1.6156576175151638,-0.3362948217714412,0.0,0
775,1.0,-0.7799172603659006,-0.7268748496646199,-0.22585497996212162,-0.28126262206373925,-0.3362948217714412,0.0,0
776,1.0,-0.2766483685619454,0.9964967254588459,-0.22585497996212162,-1.129731552151744,-0.3362948217714412,0.0,0
777,1.0,-0.03864774783032427,0.03478107864450731,-0.22585497996212162,-0.07399933078938105,-0.3362948217714412,0.0,0
778,1.0,-0.8988952567788956,-0.6904354009368849,-0.22585497996212162,-1.24768232446947,-0.3362948217714412,0.0,0
779,1.0,-1.2457879672508423,-0.9297925641484774,-0.22585497996212162,-0.4064943062529298,-0.3362948217714412,0.0,0
780,1.0,4.346267119971185,3.9016496377523833,-0.22585497996212162,-1.9126722753965675,-0.3362948217714412,0.0,0
781,1.0,0.9645429428552398,1.7724426336612027,0.6708930750515975,0.4696420889466402,-0.3362948217714412,0.0,0
782,1.0,-0.9684255337524313,-0.39606181513635924,1.5676411300653166,0.35363289312797125,-0.3362948217714412,0.0,0
783,1.0,-0.39933048114233677,0.5363593728968592,-0.22585497996212162,-0.0628352659198022,-0.3362948217714412,0.0,0
784,1.0,0.23826840661177398,0.4063205558684717,-1.1226030349758407,-1.5918267589273623,-0.3362948217714412,0.0,0
785,1.0,0.8440922255564127,-0.2674519960972946,-1.1226030349758407,-0.7734522645747443,-0.3362948217714412,0.0,1
786,1.0,-0.11344411766835108,-0.038097818810962754,-1.1226030349758407,-0.4793034249675756,-0.3362948217714412,0.0,0
787,1.0,2.1280816984739963,1.4652080659567708,-1.1226030349758407,0.25558327992558166,-0.3362948217714412,0.0,0
788,1.0,0.14905722325484336,-0.35533537244065544,0.6708930750515975,-1.5321232815813526,-0.3362948217714412,0.0,0
789,1.0,-1.028271555203979,-0.07596626552802066,0.6708930750515975,-0.6909352633648126,-0.3362948217714412,0.0,0
790,1.0,-0.4628806187612809,-0.821188716959934,-0.22585497996212162,0.7511706813099369,2.833611433315728,0.0,0
791,1.0,-0.2634385084950864,0.5899467974964696,1.5676411300653166,-0.1337028081353907,-0.3362948217714412,0.0,0
792,1.0,1.1642528205552218,1.5245114825136725,-0.22585497996212162,-1.2039968532406826,2.833611433315728,0.0,0
793,1.0,0.39620656464087717,0.24127128810167225,0.6708930750515975,1.8316580030352794,-0.3362948217714412,0.0,0
794,1.0,0.03489904065002679,0.10908897408930016,-1.1226030349758407,1.3025784070421873,2.833611433315728,0.0,0
795,1.0,0.04199487764540035,0.6213847532615744,-0.22585497996212162,-1.2336058948513053,-0.3362948217714412,0.0,0
796,1.0,1.9008810309051454,0.3748826001033671,-0.22585497996212162,0.3181991220201771,-0.3362948217714412,0.0,0
797,1.0,0.06056008638801333,-0.42035478095484924,-1.1226030349758407,-0.4050381238786371,-0.3362948217714412,0.0,0
798,1.0,-0.4335154568558981,-0.4789436985170898,0.6708930750515975,0.5254624132945354,-0.3362948217714412,0.0,0
799,1.0,0.65656576609377,0.7049811356369663,-1.1226030349758407,-1.6796830955097013,-0.3362948217714412,0.0,0
800,1.0,-0.0712261189411594,-0.04524280875757746,-0.22585497996212162,-1.096239357543007,-0.3362948217714412,0.0,0
801,1.0,0.4061139596910214,0.7957225079589731,-1.1226030349758407,0.05511550639792381,-0.3362948217714412,0.0,0
802,1.0,0.2513890108673706,0.35559112724750735,0.6708930750515975,0.38761048186147257,-0.3362948217714412,0.0,0
803,1.0,0.023340413091524886,-0.2360140403321899,-0.22585497996212162,-0.41037745925104435,-0.3362948217714412,0.0,0
804,1.0,1.1684924715901939,1.5416594583855479,-0.22585497996212162,-0.04050713618064421,-0.3362948217714412,0.0,0
805,1.0,-0.7513554007618809,-0.7018673848514684,-0.22585497996212162,-1.0729404395543203,-0.3362948217714412,0.0,1
806,1.0,-1.2146823170258394,-0.9419390470577225,-0.22585497996212162,0.5298309604174141,-0.3362948217714412,0.0,0
807,1.0,1.647617666447626,0.627100745218866,-0.22585497996212162,-0.9011109193877564,-0.3362948217714412,0.0,0
808,1.0,4.400266885785034,3.118558739603412,-0.22585497996212162,0.7225324279488429,-0.3362948217714412,0.0,0
809,1.0,1.063215242206002,-0.5060946603142257,-1.1226030349758407,-0.45648990110365334,2.833611433315728,0.0,0
810,1.0,-0.8688160483834123,-0.5368181170846689,0.6708930750515975,-1.2098215827378542,-0.3362948217714412,0.0,0
811,1.0,-0.5047415942434224,0.5649393326833181,-1.1226030349758407,0.6914672039639276,-0.3362948217714412,0.0,0
812,1.0,2.0697976537195437,1.9310614104760493,-0.22585497996212162,0.923485595601265,-0.3362948217714412,0.0,0
813,1.0,-0.557090127548915,-0.7325908416219116,0.6708930750515975,1.2385063825732991,2.833611433315728,1.0,0
814,1.0,-0.3166349720075732,0.0276360886978926,-0.22585497996212162,1.7515679724491688,-0.3362948217714412,0.0,0
815,1.0,1.430815300890863,0.20983333233656745,-0.22585497996212162,0.9064968012345146,-0.3362948217714412,0.0,0
816,1.0,-1.0605375309753953,-0.831906201879856,-0.22585497996212162,1.069589227155321,-0.3362948217714412,0.0,0
817,1.0,-0.7700098653157562,-0.6504234572358427,-0.22585497996212162,0.9894991965692107,-0.3362948217714412,0.0,0
818,1.0,0.7558182282177389,0.5485058558061043,-0.22585497996212162,2.019020135194301,2.833611433315728,0.0,0
819,1.0,0.3851834719499507,0.054072551500367064,-0.22585497996212162,0.12112910736586925,-0.3362948217714412,0.0,0
820,1.0,-0.062434421531796944,0.3956030709485497,-1.1226030349758407,-1.9039351811508098,-0.3362948217714412,0.0,0
821,1.0,-0.36898350531306584,-0.5839750507323259,-1.1226030349758407,-0.9977043502158531,-0.3362948217714412,0.0,0
822,1.0,-0.7108332624486777,-0.7833202702428761,-0.22585497996212162,-1.4680512571124644,-0.3362948217714412,0.0,0
823,1.0,-0.8229385613944555,-0.8347641978585019,0.6708930750515975,0.4458577768331892,-0.3362948217714412,0.0,0
824,1.0,-0.8595334440121059,-0.8904951194420966,1.5676411300653166,-0.05021501867593031,-0.3362948217714412,0.0,0
825,1.0,-0.9840006728177483,-0.5253861331700853,-0.22585497996212162,-0.15263317900119838,-0.3362948217714412,0.0,0
826,1.0,-0.8625681415950329,-0.5289586281433927,-0.22585497996212162,-1.9350004051357255,-0.3362948217714412,0.0,0
827,1.0,-0.766484260770885,-0.8254757109279028,-0.22585497996212162,-1.026342603576947,-0.3362948217714412,0.0,0
828,1.0,0.703425067006615,0.35987812121547613,-1.1226030349758407,0.7453459518127654,-0.3362948217714412,0.0,0
829,1.0,0.007586762403682838,-0.12097970219169328,-1.1226030349758407,0.309947421899184,2.833611433315728,0.0,0
830,1.0,0.1890884546061022,2.8477636206267154,0.6708930750515975,-1.4704782277362858,-0.3362948217714412,0.0,0
831,1.0,-0.3817470863236121,-0.3839153322271142,0.6708930750515975,-1.253992448091406,-0.3362948217714412,0.0,0
832,1.0,-1.268458943311533,-0.9576580249402747,-1.1226030349758407,-1.227295771229369,-0.3362948217714412,0.0,0
833,1.0,-0.8205732823959976,-0.24244453128414312,-0.22585497996212162,-0.8574254481589689,-0.3362948217714412,0.0,0
834,1.0,1.3667296284043435,2.4555036725575685,-0.22585497996212162,0.6963211452115706,-0.3362948217714412,0.0,0
835,1.0,-0.7691173072031307,-0.7718882863282925,0.6708930750515975,1.176375934603468,-0.3362948217714412,0.0,0
836,1.0,1.908512402768094,4.901948230278442,0.6708930750515975,-0.3598964702755566,-0.3362948217714412,0.0,0
837,1.0,0.2115809190442679,2.7598802442833548,-0.22585497996212162,0.7506852871851727,-0.3362948217714412,0.0,0
838,1.0,-0.20832304504045432,-0.10954771827710963,-0.22585497996212162,-0.8215062829264105,-0.3362948217714412,1.0,0
839,1.0,0.9492355712237106,1.6252558407609399,-1.1226030349758407,-1.4054354150178692,-0.3362948217714412,0.0,0
840,1.0,0.5629810479849741,0.3777405960820129,-1.1226030349758407,-1.9350004051357255,-0.3362948217714412,0.0,0
841,1.0,-0.6143477304738484,-0.6118405115241231,-1.1226030349758407,0.8254359823988755,-0.3362948217714412,0.0,0
842,1.0,1.3989063483644972,1.9217729235454497,-1.1226030349758407,2.012224617447601,-0.3362948217714412,0.0,0
843,1.0,0.46551370208625636,0.1926853564646923,-1.1226030349758407,-1.7529776083491113,-0.3362948217714412,0.0,0
844,1.0,-0.6380005204584273,-0.7225878556966512,-0.22585497996212162,0.017254764666308164,-0.3362948217714412,0.0,0
845,1.0,0.3144482415243705,-0.14241467203153732,-1.1226030349758407,-0.14098372000685527,-0.3362948217714412,0.0,0
846,1.0,-0.9636503478498843,-0.9426535460523839,-0.22585497996212162,0.6108917792530527,-0.3362948217714412,0.0,0
847,1.0,1.9577816105850285,1.9010524527002677,3.361137240092755,2.1369709075120267,-0.3362948217714412,0.0,0
848,1.0,0.7741602974321954,0.8593129184838437,0.6708930750515975,-0.8617939952818477,-0.3362948217714412,0.0,0
849,1.0,-0.5929709636764648,-0.23958653530549726,-1.1226030349758407,-0.5055147077048482,-0.3362948217714412,0.0,0
850,1.0,-0.9931940213777922,-0.854770169709023,0.6708930750515975,0.4172195234720951,-0.3362948217714412,0.0,0
851,1.0,-1.2571234552811879,-0.8569136666930075,0.6708930750515975,0.36479695799755035,2.833611433315728,0.0,0
852,1.0,0.3968759832253463,-0.01737734796578002,-0.22585497996212162,-0.04002174205587968,-0.3362948217714412,0.0,0
853,1.0,-0.3740710865550318,0.5878033005124852,-0.22585497996212162,-0.8715018777771338,-0.3362948217714412,1.0,0
854,1.0,-0.9724420452592466,-0.8526266727250387,-0.22585497996212162,-0.7186027284763778,-0.3362948217714412,0.0,0
855,1.0,-1.2280260608095925,-0.7747462823069384,-1.1226030349758407,-0.7962657884386666,2.833611433315728,0.0,0
856,1.0,-0.12241432670023851,0.35559112724750735,0.6708930750515975,1.1579309578624242,-0.3362948217714412,0.0,0
857,1.0,-0.4770722927520282,-0.39606181513635924,2.464389185079036,-1.9350004051357255,-0.3362948217714412,0.0,0
858,1.0,2.5213428028968443,1.3358837479230445,0.6708930750515975,1.5671182050387333,-0.3362948217714412,0.0,0
859,1.0,1.2375764695074167,0.09336999620674775,0.6708930750515975,0.6390446384893825,-0.3362948217714412,1.0,0
860,1.0,0.6586186497528091,0.7449930793380085,-1.1226030349758407,-1.5029996340954945,-0.3362948217714412,0.0,0
861,1.0,-0.4608277351022419,-0.49537717539430354,-0.22585497996212162,-1.7869551970826127,-0.3362948217714412,0.0,0
862,1.0,-0.9334818836431383,-0.6711439280810252,-0.22585497996212162,0.45847802407706106,-0.3362948217714412,0.0,0
863,1.0,-0.2976681121142788,-0.5796880567643571,1.5676411300653166,-1.1836103000005818,-0.3362948217714412,0.0,0
864,1.0,0.4581054697514638,-0.15456115494078235,-1.1226030349758407,0.8662090888790769,-0.3362948217714412,0.0,0
865,1.0,-0.14767372128754364,-0.5325311231167,2.464389185079036,0.5482759371584578,-0.3362948217714412,0.0,0
866,1.0,-0.8518574442435255,-0.7926087571734752,0.6708930750515975,0.18034719058711465,-0.3362948217714412,0.0,1
867,1.0,-1.0251029739041582,-0.6482799602518582,-1.1226030349758407,-0.3977572120071725,-0.3362948217714412,0.0,0
868,1.0,0.030168482653111003,-0.2981754528677378,-0.22585497996212162,-1.011780779834018,6.003517688402897,0.0,0
869,1.0,-0.0865334905726888,0.402033561900503,-0.22585497996212162,1.29723907166978,-0.3362948217714412,0.0,0
870,1.0,0.380943820914979,-0.26030700615067986,1.5676411300653166,-1.1734170233805312,-0.3362948217714412,0.0,0
871,1.0,-0.23367169543902191,0.047642060548413745,-0.22585497996212162,-0.5623058203022717,-0.3362948217714412,0.0,0
872,1.0,0.722302671088647,0.10408748112666982,0.6708930750515975,-0.4749348778446968,-0.3362948217714412,1.0,0
873,1.0,-0.7290414479462405,-0.29245946091044606,-0.22585497996212162,-0.15554554374978444,-0.3362948217714412,0.0,0
874,1.0,-0.7155638204455935,-0.6482799602518582,-0.22585497996212162,0.011915429293900862,-0.3362948217714412,0.0,0
875,1.0,0.7755437625067652,0.06621903440961191,-1.1226030349758407,1.2423895355714132,-0.3362948217714412,0.0,0
876,1.0,3.120517063902422,4.02097096986085,-1.1226030349758407,-1.3685454615357817,-0.3362948217714412,0.0,0
877,1.0,1.6810439677654554,0.028350587692553993,-0.22585497996212162,0.5050758600544346,-0.3362948217714412,0.0,0
878,1.0,-0.13955144246265053,0.45204849152680593,-0.22585497996212162,-0.5161933784496627,-0.3362948217714412,0.0,0
879,1.0,0.4280708892616117,0.11837746101989924,0.6708930750515975,-1.6500740538990788,2.833611433315728,0.0,1
880,1.0,-0.9698982546382636,-0.591834539673602,-1.1226030349758407,-0.31621099904676914,-0.3362948217714412,0.0,0
881,1.0,-0.6834763562967026,-0.08382575446929676,0.6708930750515975,-0.6666655571265974,-0.3362948217714412,0.0,0
882,1.0,0.7533636934080183,0.9850647415442625,0.6708930750515975,0.3502351342546212,-0.3362948217714412,1.0,0
883,1.0,1.1568892161260607,0.7907210149963426,-0.22585497996212162,-0.9132457725068641,-0.3362948217714412,0.0,0
884,1.0,-0.6975341465705561,-0.3767703422804995,1.5676411300653166,1.012798114557897,-0.3362948217714412,0.0,0
885,1.0,0.6532633010770554,0.2062608373632601,-1.1226030349758407,-1.0001313208396747,-0.3362948217714412,0.0,0
886,1.0,-0.2503179042394898,-0.37748484127516096,-0.22585497996212162,0.6841862920924627,-0.3362948217714412,0.0,0
887,1.0,0.3592992866838079,0.23412629815505753,2.464389185079036,0.6909818098391634,-0.3362948217714412,0.0,0
888,1.0,0.47100293447890396,-0.3224684186862278,-0.22585497996212162,-1.867530621793487,-0.3362948217714412,0.0,0
889,1.0,-0.5316522213390847,-0.4560797306879228,-1.1226030349758407,-0.49629221933432627,-0.3362948217714412,0.0,0
890,1.0,-0.964409022245616,-0.9040706003406646,-1.1226030349758407,-0.5448316318107568,-0.3362948217714412,0.0,0
891,1.0,-0.9228604421028934,-0.638991473321259,-0.22585497996212162,-0.40164036500528677,-0.3362948217714412,0.0,0
892,1.0,-0.854311979053246,-0.7518823144777713,0.6708930750515975,1.1991894584673906,-0.3362948217714412,0.0,0
893,1.0,-1.0699540190635954,-0.8040407410880587,0.6708930750515975,0.8909641892420569,-0.3362948217714412,0.0,0
894,1.0,-1.191832829342624,-0.918360580233894,1.5676411300653166,0.16627076096894974,-0.3362948217714412,0.0,0
895,1.0,-0.6832085888629149,-0.4982351713729494,0.6708930750515975,1.232681653076127,-0.3362948217714412,0.0,0
896,1.0,1.8798612873528118,0.4170380407883938,-0.22585497996212162,0.6773907743457627,-0.3362948217714412,1.0,0
897,1.0,-0.49010364119636224,-0.28459997196916986,-0.22585497996212162,-0.9821717382233953,-0.3362948217714412,0.0,0
898,1.0,-0.8917101639722594,-0.7647432963816778,1.5676411300653166,1.4365471854771352,-0.3362948217714412,0.0,0
899,1.0,-0.3271225298309243,-0.10526072430914088,-0.22585497996212162,1.7821478023093205,-0.3362948217714412,0.0,0
900,1.0,-0.13258948918417068,1.2094174258679644,-0.22585497996212162,-1.385048861777768,-0.3362948217714412,0.0,0
901,1.0,-0.30199701896051306,-0.6668569341130565,0.6708930750515975,-0.5186203490734843,-0.3362948217714412,0.0,0
902,1.0,0.4802409109445791,-0.5361036180900073,0.6708930750515975,2.3384094692892132,-0.3362948217714412,1.0,0
903,1.0,-0.5616421739233055,-0.6261304914173526,-1.1226030349758407,-1.8670452276687228,-0.3362948217714412,0.0,0
904,1.0,0.44743940030558776,-0.42749977090146396,-1.1226030349758407,-1.3418487846737452,2.833611433315728,0.0,0
905,1.0,-0.7903601902836204,-0.8119002300293349,-0.22585497996212162,-0.6069620797805877,-0.3362948217714412,0.0,0
906,1.0,-0.9161662562582014,-0.5353891190953459,-0.22585497996212162,-1.0700280748057345,-0.3362948217714412,0.0,0
907,1.0,-0.42650887567178686,-0.5332456221113615,-0.22585497996212162,1.8700041388916595,2.833611433315728,0.0,0
908,1.0,-0.8788573271504505,-0.5096671552875329,-1.1226030349758407,-1.371943220409132,-0.3362948217714412,0.0,0
909,1.0,-1.3265198485378296,-0.891209618436758,-0.22585497996212162,0.18908428483287198,-0.3362948217714412,0.0,0
910,1.0,1.8820480547287446,0.41132204883110207,-0.22585497996212162,-0.35310095252885626,-0.3362948217714412,0.0,0
911,1.0,1.3906501858227103,0.2291248051924272,0.6708930750515975,0.9783351316996314,-0.3362948217714412,0.0,0
912,1.0,0.014861111021581611,-0.22458205641760634,-1.1226030349758407,1.1433691341194951,2.833611433315728,0.0,0
913,1.0,-0.9571793015333485,-0.4117807930189115,-0.22585497996212162,0.779808934671031,2.833611433315728,0.0,0
914,1.0,0.636840231804744,1.4180511323091136,-0.22585497996212162,0.3900374524852941,-0.3362948217714412,0.0,0
915,1.0,0.006649576385425776,-0.37891383926448396,-0.22585497996212162,-1.4233949976341485,-0.3362948217714412,0.0,0
916,1.0,-1.0039047187292998,-0.7704592883389695,-1.1226030349758407,-1.8884025691583524,-0.3362948217714412,0.0,0
917,1.0,-1.1305587149108751,-0.8676311516129295,-1.1226030349758407,-0.5860901324157227,2.833611433315728,0.0,0
918,1.0,0.28793926557938965,-0.5139541492555019,0.6708930750515975,0.3589722285003788,-0.3362948217714412,0.0,0
919,1.0,-0.6781210076209487,-0.23387054334820553,-1.1226030349758407,-0.8316995595464608,-0.3362948217714412,0.0,0
920,1.0,-0.23264525360950264,0.00048512690075675115,0.6708930750515975,0.311888998398241,-0.3362948217714412,0.0,0
921,1.0,-0.2280932072351118,0.5806583105658705,-0.22585497996212162,0.2322843619368952,-0.3362948217714412,0.0,0
922,1.0,-0.4404774101343778,-0.28174197599052403,-0.22585497996212162,1.16424108148436,-0.3362948217714412,0.0,0
923,1.0,-0.817940235963752,-0.70258188384613,-1.1226030349758407,-1.9301464638880825,-0.3362948217714412,0.0,0
924,1.0,-1.1866559922893951,-0.918360580233894,-1.1226030349758407,-1.258360995214285,-0.3362948217714412,0.0,0
925,1.0,-0.4601136886121414,-0.4539362337039383,-1.1226030349758407,-0.03419701255870813,-0.3362948217714412,0.0,0
926,1.0,-1.0801738094531588,-0.8419091878051166,1.5676411300653166,0.1657853668441855,-0.3362948217714412,0.0,0
927,1.0,0.604931279278378,0.01691860377797054,0.6708930750515975,-1.9350004051357255,-0.3362948217714412,0.0,0
928,1.0,-0.5563314531531831,-0.436788257832063,-1.1226030349758407,-0.01283967106907865,-0.3362948217714412,0.0,0
929,1.0,-0.15093155839862724,-0.2867434689531542,-0.22585497996212162,-0.9011109193877564,-0.3362948217714412,0.0,1
930,1.0,-0.5412472210498102,-0.3860588292110987,-1.1226030349758407,0.12452686623921956,2.833611433315728,0.0,0
931,1.0,1.166930494893099,3.582983086133368,-0.22585497996212162,-0.2506827922035882,-0.3362948217714412,0.0,1
932,1.0,-0.23103864900677645,-0.559682084913836,0.6708930750515975,-0.22884005658919446,-0.3362948217714412,0.0,0
933,1.0,0.8980473634646312,0.16410539667823346,-1.1226030349758407,-0.8326703477959895,-0.3362948217714412,0.0,0
934,1.0,-0.9645875338681412,-0.8276192079118871,-1.1226030349758407,0.9662002785805239,2.833611433315728,0.0,0
935,1.0,0.5117035844146323,-0.14455816901552168,-0.22585497996212162,0.4220734647197382,-0.3362948217714412,0.0,0
936,1.0,-1.0531292986406025,-0.8812066325114974,1.5676411300653166,-0.00895651807096437,-0.3362948217714412,0.0,0
937,1.0,-0.8877829082767067,-0.6368479763372746,1.5676411300653166,-1.078765169051492,-0.3362948217714412,0.0,0
938,1.0,-0.27562192673242614,1.3987596594532536,-0.22585497996212162,2.515578324828185,-0.3362948217714412,0.0,0
939,1.0,0.36983147241279,-0.5868330467109717,-1.1226030349758407,-1.9350004051357255,2.833611433315728,1.0,0
940,1.0,0.20751977963182122,0.011917110815340205,0.6708930750515975,-0.42591007124350205,2.833611433315728,1.0,0
941,1.0,0.11339952665544985,-0.04095581478960852,0.6708930750515975,1.2622906946867496,-0.3362948217714412,0.0,0
942,1.0,0.3600579610795395,-0.06810677658674437,1.5676411300653166,-0.7613174114556367,-0.3362948217714412,0.0,0
943,1.0,0.36911742592268965,-0.6439929662838894,-0.22585497996212162,-0.14777923775355534,-0.3362948217714412,0.0,0
944,1.0,0.10188552700257944,-0.08596925145328113,-0.22585497996212162,-0.7244274579735495,-0.3362948217714412,0.0,0
945,1.0,-0.41990394563835737,-0.4410752518000319,-1.1226030349758407,1.4676124094620506,2.833611433315728,0.0,0
946,1.0,0.15383240915739038,1.360891212736196,0.6708930750515975,0.2968417805305476,2.833611433315728,0.0,0
947,1.0,2.875420606175427,3.980244527165145,-0.22585497996212162,-1.0302257565750614,-0.3362948217714412,0.0,0
948,1.0,-0.7922345623201342,-0.7761752802962614,-1.1226030349758407,0.7366088575670078,-0.3362948217714412,0.0,0
949,1.0,1.0802184742515202,-0.12669569414898502,0.6708930750515975,-1.1821541176262889,-0.3362948217714412,0.0,0
950,1.0,-0.5887759405471245,-0.3403308935527646,-0.22585497996212162,1.4161606322370346,-0.3362948217714412,0.0,0
951,1.0,-0.40432880657304027,-0.39391831815237477,0.6708930750515975,-1.2103069768626187,-0.3362948217714412,0.0,0
952,1.0,-1.0578152287318872,-0.649708958241181,-0.22585497996212162,-1.1273045815279226,-0.3362948217714412,0.0,0
953,1.0,0.7988395292462936,0.724272608492826,0.6708930750515975,-1.047214550941812,-0.3362948217714412,0.0,0
954,1.0,-0.7675107026004045,-0.7090123747980831,-0.22585497996212162,1.7175903837156674,-0.3362948217714412,0.0,0
955,1.0,-0.3573802498489328,1.108673067620697,-1.1226030349758407,0.0007513644243217345,-0.3362948217714412,0.0,0
956,1.0,-0.7352447268289884,-0.7004383868621455,-0.22585497996212162,0.9880430141949175,-0.3362948217714412,0.0,0
957,1.0,-1.08369941399803,-0.8854936264794663,-0.22585497996212162,-1.2345766831008338,-0.3362948217714412,0.0,0
958,1.0,1.1079770315541766,0.5234983909929528,0.6708930750515975,-0.3589256820260281,2.833611433315728,0.0,0
959,1.0,0.09626241089303808,-0.4575087286772456,0.6708930750515975,-0.35649871140220657,-0.3362948217714412,0.0,0
960,1.0,-0.9563759992319854,-0.5939780366575864,-0.22585497996212162,0.3351879163869278,-0.3362948217714412,0.0,0
961,1.0,0.11250696854282428,-0.45679422968258415,-1.1226030349758407,-1.6073593709198197,2.833611433315728,0.0,0
962,1.0,-0.621755962808641,-0.8233322139439184,-1.1226030349758407,-0.7506387407108219,-0.3362948217714412,0.0,0
963,1.0,0.36715379807491333,0.5242128899876144,-0.22585497996212162,-0.11622861964387576,-0.3362948217714412,0.0,0
964,1.0,0.9752536402067471,1.3023022951739551,-0.22585497996212162,-1.7539483965986398,-0.3362948217714412,0.0,0
965,1.0,-0.6744168914535525,-0.8154727250026422,0.6708930750515975,0.41090939985015934,-0.3362948217714412,0.0,0
966,1.0,-0.46770043256945926,-0.5796880567643571,2.464389185079036,-0.5098832548277267,2.833611433315728,0.0,0
967,1.0,-0.8705565367030323,-0.5711140688284194,-0.22585497996212162,0.018710947040601188,-0.3362948217714412,0.0,0
968,1.0,-0.6761127518675412,-0.2731679880545863,1.5676411300653166,-0.7884994824424377,-0.3362948217714412,0.0,0
969,1.0,0.4068726340867532,0.558508841731365,-0.22585497996212162,1.0433779444180487,-0.3362948217714412,0.0,0
970,1.0,1.5223917632462514,0.6692561859038927,-0.22585497996212162,-1.1622529585109522,-0.3362948217714412,0.0,0
971,1.0,-1.3089810816247363,-0.962659517902905,-0.22585497996212162,-0.9632413673575875,6.003517688402897,0.0,1
972,1.0,0.021019761998698358,-0.6897209019422235,-1.1226030349758407,-1.5418311640766387,-0.3362948217714412,0.0,0
973,1.0,-1.0140352533076005,-0.8283337069065486,-0.22585497996212162,0.7832066935443813,-0.3362948217714412,0.0,0
974,1.0,0.15735801370226168,0.5006344231637859,-0.22585497996212162,-0.12205334914104732,-0.3362948217714412,0.0,0
975,1.0,-1.2059352475221086,-0.9040706003406646,1.5676411300653166,-0.024974524188186277,-0.3362948217714412,0.0,0
976,1.0,-0.26093934577973465,-0.44822024174664654,-1.1226030349758407,-1.9350004051357255,-0.3362948217714412,0.0,0
977,1.0,-0.3789355282688414,-0.5475356020045908,1.5676411300653166,1.49236750982503,-0.3362948217714412,0.0,0
978,1.0,-0.0594443518545013,0.5349303749075365,1.5676411300653166,-0.008471123946200117,-0.3362948217714412,0.0,1
979,1.0,-0.102778048222475,0.6013787814110532,2.464389185079036,0.1958798025795723,-0.3362948217714412,1.0,0
980,1.0,-0.8544458627701399,-0.8119002300293349,-0.22585497996212162,0.10899425424676162,-0.3362948217714412,0.0,0
981,1.0,1.342809070985977,-0.20243258758310084,-0.22585497996212162,0.06433799476844566,2.833611433315728,0.0,0
982,1.0,0.2103759655922234,0.021205597745939286,1.5676411300653166,1.8413658855305655,-0.3362948217714412,0.0,0
983,1.0,-0.9707908127508892,-0.8511976747357157,-0.22585497996212162,-1.9350004051357255,-0.3362948217714412,0.0,0
984,1.0,-0.2681690664920022,-0.3910603221737289,0.6708930750515975,0.38663969361194406,-0.3362948217714412,1.0,0
985,1.0,0.1301349912671802,0.09265549721208637,1.5676411300653166,0.23519672668548097,-0.3362948217714412,0.0,0
986,1.0,0.017360273736933354,0.7378480893913939,1.5676411300653166,-0.2958244458066684,2.833611433315728,0.0,0
987,1.0,-0.9855626495148432,-0.6775744190329785,-1.1226030349758407,0.33810028113551355,-0.3362948217714412,0.0,0
988,1.0,-0.46546903728789524,-0.14455816901552168,-0.22585497996212162,1.1220117926298658,-0.3362948217714412,0.0,0
989,1.0,0.5586967690443712,0.8414504436173069,-0.22585497996212162,-0.3361121581621056,2.833611433315728,0.0,0
990,1.0,-0.7702330048439127,-0.6597119441664417,0.6708930750515975,-0.03371161843394388,-0.3362948217714412,0.0,0
991,1.0,-0.26071620625157815,-0.15241765795679788,-0.22585497996212162,0.3492643460050927,-0.3362948217714412,0.0,0
992,1.0,-0.8417715375708561,-0.7926087571734752,0.6708930750515975,0.7273863691964859,-0.3362948217714412,0.0,0
993,1.0,-0.26232281085430437,0.14267042683838932,-1.1226030349758407,0.8827124891210636,-0.3362948217714412,0.0,0
994,1.0,-0.3407786689540963,-0.015233850981795647,-0.22585497996212162,0.05754247702174533,-0.3362948217714412,0.0,0
995,1.0,0.4486443537576323,0.14624292181169668,1.5676411300653166,0.6065232321301739,-0.3362948217714412,0.0,0
996,1.0,-0.8012493992576529,-0.7718882863282925,-0.22585497996212162,-0.06137908354550917,-0.3362948217714412,0.0,0
997,1.0,-0.7268100526646764,-0.5854040487216488,0.6708930750515975,0.32645082214117016,-0.3362948217714412,0.0,0
998,1.0,-0.002365260552092892,-0.4467912437573236,-1.1226030349758407,-0.707924057731563,-0.3362948217714412,0.0,0
999,1.0,-0.9822601844981284,-0.8976401093887113,-0.22585497996212162,0.5963299555101236,-0.3362948217714412,0.0,0
1000,1.0,-1.2290078747334807,-0.8869226244687892,-0.22585497996212162,-0.7899556648167306,-0.3362948217714412,0.0,0
1001,1.0,-0.9927477423214796,-0.5046656623249026,-1.1226030349758407,-0.9346031139964934,-0.3362948217714412,0.0,0
1002,1.0,-1.0572796938643116,-0.8333351998691789,-0.22585497996212162,-0.52153271382207,2.833611433315728,0.0,0
1003,1.0,-0.8847482106937796,-0.7761752802962614,-0.22585497996212162,0.6642851329771262,-0.3362948217714412,0.0,0
1004,1.0,0.7537653445587,0.2619917589468548,-1.1226030349758407,0.5521590901565718,-0.3362948217714412,0.0,0
1005,1.0,1.0834763113626034,0.8557404235105364,1.5676411300653166,-0.12739268451345462,-0.3362948217714412,0.0,0
1006,1.0,-0.5306704074151966,-0.4439332477786777,-1.1226030349758407,0.928339536848908,-0.3362948217714412,0.0,0
1007,1.0,-0.3565323196419385,0.459907980468082,0.6708930750515975,-1.9350004051357255,2.833611433315728,0.0,0
1008,1.0,0.9527165478629503,-0.48108719550107415,0.6708930750515975,-1.5267839462089452,2.833611433315728,0.0,0
1009,1.0,0.44480635387334205,-0.6618554411504262,0.6708930750515975,-0.21913217409390834,-0.3362948217714412,0.0,0
1010,1.0,-0.5541893136828817,-0.15527565393544374,0.6708930750515975,-1.5661008703148538,2.833611433315728,0.0,0
1011,1.0,-0.36929590065248474,-0.1595626479034126,1.5676411300653166,0.5851658906405447,-0.3362948217714412,0.0,0
1012,1.0,-0.8658706066117478,-0.7297328456432658,-0.22585497996212162,1.0511442504142772,-0.3362948217714412,0.0,0
1013,1.0,-0.7249803085337938,-0.5475356020045908,0.6708930750515975,0.5541006666556294,-0.3362948217714412,0.0,0
1014,1.0,-0.1638736510316986,-0.3510483784726866,0.6708930750515975,-0.08564878978372442,-0.3362948217714412,1.0,0
1015,1.0,1.0555838703430527,0.354876628252846,-1.1226030349758407,0.6749638037219409,-0.3362948217714412,0.0,0
1016,1.0,-0.6532186362786941,-0.7940377551627981,-0.22585497996212162,0.061911024144624134,-0.3362948217714412,0.0,0
1017,1.0,0.7550595538220073,0.32915466444503294,-1.1226030349758407,-0.18709616185946426,2.833611433315728,0.0,0
1018,1.0,-0.1690504880849273,0.031923082665861344,-0.22585497996212162,1.278308700803972,-0.3362948217714412,0.0,0
1019,1.0,-0.24282041609343455,-0.462510221639876,-1.1226030349758407,0.3890666642357656,-0.3362948217714412,0.0,0
1020,1.0,-0.5726206387086007,-0.55682408893519,-1.1226030349758407,-0.304561540052426,-0.3362948217714412,0.0,0
1021,1.0,-0.23750969532331215,-0.31532342873961305,0.6708930750515975,-0.8443198067903327,2.833611433315728,0.0,0
1022,1.0,2.2678116710055374,1.0479406530744722,-0.22585497996212162,-0.8938300075162918,-0.3362948217714412,0.0,0
1023,1.0,-1.1343074589839026,-0.8169017229919651,0.6708930750515975,-1.043816792068462,-0.3362948217714412,0.0,0
1024,1.0,-0.1743165809494182,-0.3067494408036755,-0.22585497996212162,-0.3453346465326274,-0.3362948217714412,1.0,0
1025,1.0,-0.5001449199634004,-0.05024430172020759,-0.22585497996212162,1.9738784815912207,-0.3362948217714412,0.0,0
1026,1.0,1.0717838000872082,0.5513638517847502,-0.22585497996212162,1.9219413102414398,2.833611433315728,0.0,1
1027,1.0,-0.7296216107194471,-0.4982351713729494,1.5676411300653166,0.6647705271018906,-0.3362948217714412,0.0,0
1028,1.0,3.3515557313555635,2.3726217891768377,-0.22585497996212162,1.8161253910428217,-0.3362948217714412,0.0,0
1029,1.0,2.114202419822668,2.858481105546637,-1.1226030349758407,0.10753807187246887,-0.3362948217714412,0.0,0
1030,1.0,-0.8756441179449983,-0.5718285678230809,0.6708930750515975,-1.9350004051357255,-0.3362948217714412,0.0,0
1031,1.0,0.1589646183049876,0.31986617751443386,0.6708930750515975,-0.162826455621249,-0.3362948217714412,0.0,0
1032,1.0,-0.034899003757296786,0.16553439466755623,0.6708930750515975,-0.8899468545181775,-0.3362948217714412,0.0,0
1033,1.0,0.477206213361652,-0.3367583985794572,-0.22585497996212162,0.5225500485459492,-0.3362948217714412,0.0,0
1034,1.0,0.11772843350168422,0.16839239064620218,0.6708930750515975,1.216178252834141,-0.3362948217714412,1.0,0
1035,1.0,0.7609504373653363,1.7724426336612027,1.5676411300653166,0.7832066935443813,-0.3362948217714412,0.0,0
1036,1.0,0.4790359574925346,-0.5475356020045908,-0.22585497996212162,0.760878563805223,-0.3362948217714412,0.0,0
1037,1.0,-1.0284946947321354,-0.7311618436325887,0.6708930750515975,-1.2117631592369116,-0.3362948217714412,0.0,0
1038,1.0,0.27571121943641863,0.6485357150587102,0.6708930750515975,-1.0316819389493546,-0.3362948217714412,1.0,0
1039,1.0,-0.7003903325309581,-0.7204443587126667,0.6708930750515975,0.9171754719793292,-0.3362948217714412,0.0,0
1040,1.0,0.007676018214945319,-0.6761454210436555,-1.1226030349758407,-0.031770041934886604,-0.3362948217714412,0.0,0
1041,1.0,-0.6778532401871612,-0.6261304914173526,-0.22585497996212162,1.036582426671348,-0.3362948217714412,0.0,0
1042,1.0,-0.513890314897835,-0.15170315896213638,-1.1226030349758407,-1.043816792068462,2.833611433315728,0.0,0
1043,1.0,-0.165524883540056,0.45776448348409765,0.6708930750515975,-0.8705310895276053,-0.3362948217714412,0.0,0
1044,1.0,-1.2788572453236215,-0.9490840370043372,-0.22585497996212162,0.7501998930604085,-0.3362948217714412,0.0,0
1045,1.0,0.8982258750871562,2.5148070891144703,-0.22585497996212162,2.1908496553608647,-0.3362948217714412,0.0,0
1046,1.0,-0.7870577252669057,-0.749738817493787,-0.22585497996212162,-0.35649871140220657,2.833611433315728,0.0,0
1047,1.0,-0.21479409135699026,-0.28602896995849286,-0.22585497996212162,1.355971760766261,-0.3362948217714412,0.0,0
1048,1.0,0.9630255940637765,0.42989902269230024,-1.1226030349758407,0.6186580852492818,2.833611433315728,0.0,0
1049,1.0,0.9243778277870869,-0.1338406840955997,-1.1226030349758407,0.3249946397668774,-0.3362948217714412,0.0,0
1050,1.0,-0.45756989799115844,-0.11097671626643262,-1.1226030349758407,1.2933559186716654,-0.3362948217714412,0.0,0
1051,1.0,-0.8694854669678815,-0.6740019240596712,0.6708930750515975,2.6961449392405057,-0.3362948217714412,0.0,0
1052,1.0,-0.3768826446098025,-0.0345253238376554,-0.22585497996212162,0.7710718404252734,-0.3362948217714412,0.0,0
1053,1.0,3.498872447844422,2.3761942841501456,-0.22585497996212162,0.005119911547200535,-0.3362948217714412,0.0,0
1054,1.0,-0.5297332213969397,-0.7847492682321989,-1.1226030349758407,1.4729517448344578,-0.3362948217714412,0.0,0
1055,1.0,1.3503958149432949,0.710697127594258,0.6708930750515975,-0.9690660968547591,-0.3362948217714412,0.0,0
1056,1.0,-0.5275910819266382,-0.7218733567019895,1.5676411300653166,1.001634049688318,-0.3362948217714412,0.0,0
1057,1.0,0.02726766878707759,0.11694846303057625,-0.22585497996212162,1.404511173242691,-0.3362948217714412,0.0,0
1058,1.0,-0.8433335142679509,-0.8233322139439184,0.6708930750515975,1.9564042930997054,-0.3362948217714412,0.0,0
1059,1.0,-0.07019967711163987,-0.1438436700208603,-1.1226030349758407,-0.9714930674785806,2.833611433315728,0.0,0
1060,1.0,-0.6367063111951201,-0.37962833825914544,-1.1226030349758407,-1.2675834835848065,-0.3362948217714412,0.0,0
1061,1.0,0.4332477263148404,-0.17813962176461084,1.5676411300653166,-0.14098372000685527,2.833611433315728,0.0,0
1062,1.0,-0.36425294731615004,-0.09597223737854181,0.6708930750515975,-0.8778120013990698,-0.3362948217714412,0.0,0
1063,1.0,-0.7877271438513748,-0.8447671837837625,-1.1226030349758407,-0.7385038875917144,-0.3362948217714412,0.0,0
1064,1.0,-0.15552823267864904,0.3591636222208147,-1.1226030349758407,-1.9175262166442106,-0.3362948217714412,0.0,0
1065,1.0,-0.4353005730811492,-0.5361036180900073,-1.1226030349758407,-0.284174986812325,-0.3362948217714412,0.0,0
1066,1.0,-0.8834540014304725,-0.19528759763648612,0.6708930750515975,-0.3545571349031493,2.833611433315728,0.0,0
1067,1.0,-0.28713592638529656,-0.033096325848332414,0.6708930750515975,-1.2549632363409347,-0.3362948217714412,0.0,0
1068,1.0,-0.6417938924370862,-0.6082680165508159,-0.22585497996212162,0.9137777131059789,-0.3362948217714412,0.0,0
1069,1.0,-0.6386253111372652,-0.759027304424386,-1.1226030349758407,-0.8574254481589689,-0.3362948217714412,0.0,0
1070,1.0,0.35126626367017727,-0.461081223650553,1.5676411300653166,0.5089590130525486,-0.3362948217714412,0.0,0
1071,1.0,-0.16820255787793295,-0.015948349976457037,-1.1226030349758407,0.35800144025085,-0.3362948217714412,0.0,0
1072,1.0,1.1566660765979044,1.465922564951432,0.6708930750515975,1.461787679964879,-0.3362948217714412,0.0,0
1073,1.0,-1.1723750624873852,-0.7447373245311566,-0.22585497996212162,-1.5826042705568404,-0.3362948217714412,0.0,0
1074,1.0,-1.131362017212238,-0.8583426646823303,-0.22585497996212162,0.2483023680541171,-0.3362948217714412,0.0,0
1075,1.0,-0.2611624853078911,-0.08739824944260412,-1.1226030349758407,1.2341378354504202,-0.3362948217714412,0.0,0
1076,1.0,-0.6687045195327486,-0.7583128054297246,-0.22585497996212162,0.1774348258385286,-0.3362948217714412,0.0,0
1077,1.0,-0.734709191961413,-0.7704592883389695,-0.22585497996212162,0.6487525209846686,-0.3362948217714412,0.0,0
1078,1.0,0.04703783098173508,-0.5361036180900073,0.6708930750515975,0.23179896781213094,-0.3362948217714412,0.0,0
1079,1.0,-0.02084121348344314,-0.16170614488739707,2.464389185079036,1.6928352833526878,-0.3362948217714412,0.0,1
1080,1.0,0.22197922105635629,0.8450229385906143,-0.22585497996212162,-0.569101338048972,-0.3362948217714412,0.0,0
1081,1.0,-0.8356575144993705,-0.7654577953763393,0.6708930750515975,-1.303502648817365,-0.3362948217714412,0.0,0
1082,1.0,-0.026910608649297407,0.151244414774327,-0.22585497996212162,-1.0593494040609197,-0.3362948217714412,0.0,0
1083,1.0,-0.08425746738549351,0.5249273889822758,-1.1226030349758407,-0.10991849602193969,-0.3362948217714412,0.0,0
1084,1.0,0.3269440551011292,-0.5796880567643571,1.5676411300653166,0.3376148870107493,-0.3362948217714412,0.0,1
1085,1.0,1.4767820436910828,0.8893218762596257,-1.1226030349758407,1.0899757803954215,-0.3362948217714412,0.0,0
1086,1.0,-1.055405321827798,-0.9012126043620187,1.5676411300653166,1.2302546824523057,-0.3362948217714412,0.0,0
1087,1.0,-0.6539326827687946,-0.5175266442288092,0.6708930750515975,1.0773555331515499,-0.3362948217714412,1.0,0
1088,1.0,-0.6246567766746742,-0.7154428657500365,0.6708930750515975,0.0861807303828394,-0.3362948217714412,0.0,0
1089,1.0,-1.0350103689543024,-0.7347343386058961,-0.22585497996212162,-1.522900793210831,-0.3362948217714412,0.0,0
1090,1.0,0.04373536596502024,0.8293039607080621,-0.22585497996212162,-1.3039880429421293,-0.3362948217714412,0.0,0
1091,1.0,-1.0817804140558849,-0.8554846687036846,0.6708930750515975,-0.0822510309103744,-0.3362948217714412,0.0,0
1092,1.0,0.30418382322917586,-0.37748484127516096,-0.22585497996212162,-1.9350004051357255,-0.3362948217714412,0.0,0
1093,1.0,-0.6208187767903842,-0.5496790989885753,-1.1226030349758407,0.5531298784061003,-0.3362948217714412,0.0,0
1094,1.0,0.16864887382697563,-0.1359841810795841,1.5676411300653166,-0.4162021887482159,-0.3362948217714412,0.0,0
1095,1.0,0.6622335101089429,0.2755672398454228,-1.1226030349758407,1.3409245428985674,2.833611433315728,0.0,0
1096,1.0,-0.05364272412243473,-0.043099311773592885,-1.1226030349758407,1.6942914657269812,2.833611433315728,0.0,0
1097,1.0,-0.588731312641493,-0.8354786968531633,-1.1226030349758407,0.4303251648407315,-0.3362948217714412,0.0,0
1098,1.0,-0.5701661038988802,-0.46751171460250623,-0.22585497996212162,0.7730134169243305,-0.3362948217714412,0.0,0
1099,1.0,-0.5589198716797975,-0.8461961817730854,-0.22585497996212162,1.2312254707018342,-0.3362948217714412,0.0,0
1100,1.0,-0.5769049176492037,-0.462510221639876,0.6708930750515975,-1.1933181824958679,-0.3362948217714412,0.0,0
1101,1.0,-1.140421482055388,-0.9119300892819407,-0.22585497996212162,-0.3346559757878128,-0.3362948217714412,1.0,0
1102,1.0,-1.1309157381559252,-0.951942032982983,-1.1226030349758407,0.9589193667090591,-0.3362948217714412,0.0,0
1103,1.0,-0.7582727261347294,-0.7454518235258182,-0.22585497996212162,0.8710630301267199,-0.3362948217714412,0.0,0
1104,1.0,1.5438131579492667,-0.3453323865153948,-0.22585497996212162,-1.7956922913283702,-0.3362948217714412,0.0,0
1105,1.0,1.1779535875840255,0.10765997609997717,-0.22585497996212162,-1.593282941301655,-0.3362948217714412,0.0,0
1106,1.0,0.6709359517070427,0.43775851163357654,0.6708930750515975,1.0453195209171056,-0.3362948217714412,0.0,0
1107,1.0,-0.8728771877958589,-0.857628165687669,-1.1226030349758407,-1.4432961567494849,-0.3362948217714412,0.0,1
1108,1.0,-0.28352106602916277,-0.10097373034117214,0.6708930750515975,0.008517670420550563,-0.3362948217714412,0.0,0
1109,1.0,1.695771176623778,2.841333129674762,-0.22585497996212162,-0.6860813221171695,-0.3362948217714412,0.0,0
1110,1.0,0.42476842424489686,-0.3224684186862278,-0.22585497996212162,-0.06526223654362372,-0.3362948217714412,0.0,0
1111,1.0,-0.6392054739104718,-0.7818912722535531,0.6708930750515975,1.6714779418630588,-0.3362948217714412,0.0,0
1112,1.0,-0.28102190331381105,-0.00880336002984233,-1.1226030349758407,-1.3661184909119606,2.833611433315728,0.0,0
1113,1.0,-0.3615306450726418,-0.7233023546913125,1.5676411300653166,-0.349217799530742,-0.3362948217714412,0.0,0
1114,1.0,-0.45623106082222,0.08122351329750291,0.6708930750515975,0.9501822724633021,-0.3362948217714412,0.0,0
1115,1.0,0.6349658597682302,0.34773163830623127,-1.1226030349758407,1.5870193641540697,-0.3362948217714412,0.0,0
1116,1.0,-0.7698759815988624,-0.6482799602518582,-0.22585497996212162,0.18277416121093618,-0.3362948217714412,0.0,0
1117,1.0,-0.8718061180607081,0.2076898353525831,-0.22585497996212162,-1.2171024946093187,-0.3362948217714412,0.0,0
1118,1.0,2.1187544661970588,1.1844099610548129,0.6708930750515975,0.16918312571753552,-0.3362948217714412,0.0,0
1119,1.0,0.11661273586090219,0.6556807050053249,0.6708930750515975,-0.48270118384092564,-0.3362948217714412,0.0,0
1120,1.0,0.09447729466778669,-0.3860588292110987,0.6708930750515975,-0.4875551250885687,-0.3362948217714412,1.0,0
1121,1.0,1.936315587976382,1.2315668947024698,0.6708930750515975,0.06627957126750293,-0.3362948217714412,0.0,0
1122,1.0,-0.13272337290106442,-0.3589078674139628,-0.22585497996212162,-0.6317171801435673,-0.3362948217714412,0.0,0
1123,1.0,1.8514779393713172,1.5323709714549487,0.6708930750515975,0.2905316569086118,-0.3362948217714412,0.0,0
1124,1.0,1.1548363324670217,0.3898870789912579,-1.1226030349758407,-0.4972630075838548,-0.3362948217714412,0.0,0
1125,1.0,2.6995420300825486,1.389471172522655,0.6708930750515975,-1.2753497895810353,-0.3362948217714412,0.0,0
1126,1.0,0.10367064322783057,1.6666967824513053,-0.22585497996212162,0.28470692741144,2.833611433315728,0.0,0
1127,1.0,0.6487112547026647,0.3148646845518035,0.6708930750515975,1.8583546798973158,-0.3362948217714412,0.0,0
1128,1.0,-0.6909738444427578,-0.3353294005901342,-1.1226030349758407,-0.07011617779126676,-0.3362948217714412,0.0,0
1129,1.0,-1.2263302003956038,-0.8926386164260809,-1.1226030349758407,1.7438016664529403,-0.3362948217714412,0.0,0
1130,1.0,-1.043355787307352,-0.857628165687669,-0.22585497996212162,1.575369905159726,-0.3362948217714412,0.0,0
1131,1.0,-1.1115918550175807,-0.807613236061366,-1.1226030349758407,-0.5856047382909583,-0.3362948217714412,0.0,0
1132,1.0,-0.3906726674498683,-0.5768300607857112,-0.22585497996212162,-0.12399492564010459,-0.3362948217714412,0.0,0
1133,1.0,-0.12460109407617131,0.616383260298944,-1.1226030349758407,0.7230178220736071,-0.3362948217714412,0.0,1
1134,1.0,-1.2451631765720046,-0.9905249786947025,0.6708930750515975,0.5948737731358308,-0.3362948217714412,0.0,0
1135,1.0,0.07979471371509543,0.2584192639735474,-0.22585497996212162,0.20607307919962267,-0.3362948217714412,0.0,0
1136,1.0,-0.5704338713326679,-0.462510221639876,-0.22585497996212162,-0.9307199609983791,-0.3362948217714412,0.0,0
1137,1.0,0.773758646281514,1.4287686172290357,0.6708930750515975,-0.777820811697623,-0.3362948217714412,1.0,0
1138,1.0,-0.44766250294101406,-0.11097671626643262,0.6708930750515975,-0.6351149390169175,-0.3362948217714412,0.0,0
1139,1.0,0.9319199438387736,0.31772268053044944,-1.1226030349758407,-0.22981084483872297,-0.3362948217714412,0.0,0
1140,1.0,0.4839003992063441,0.21269132831521342,0.6708930750515975,-0.15845790849837021,-0.3362948217714412,0.0,0
1141,1.0,0.7584066467443533,0.532786877923552,0.6708930750515975,1.023476785302712,-0.3362948217714412,0.0,0
1142,1.0,0.9063035260064183,0.13409643890245163,-0.22585497996212162,-1.3996106855206973,-0.3362948217714412,0.0,0
1143,1.0,-0.23282376523202758,-0.3810573362484683,-0.22585497996212162,0.7036020570830349,-0.3362948217714412,0.0,1
1144,1.0,-0.5121051986725838,-0.5296731271380541,-1.1226030349758407,0.4157633410978024,-0.3362948217714412,0.0,0
1145,1.0,0.14294320018335785,2.7370162764541868,-0.22585497996212162,0.6885548392153416,-0.3362948217714412,0.0,0
1146,1.0,-0.9581164875516054,-0.4332157628587557,0.6708930750515975,0.6065232321301739,-0.3362948217714412,0.0,0
1147,1.0,-0.758852888907936,-0.795466753152121,-0.22585497996212162,-0.2880581398104396,-0.3362948217714412,0.0,0
1148,1.0,-0.5299117330194649,-0.6139840085081076,0.6708930750515975,0.3225676691430559,2.833611433315728,0.0,0
1149,1.0,3.9304689232045398,1.7853036155651094,-1.1226030349758407,-0.8753850307752483,-0.3362948217714412,0.0,0
1150,1.0,0.13156308424738117,-0.2731679880545863,-1.1226030349758407,-1.0011021090892032,2.833611433315728,0.0,0
1151,1.0,0.15512661842069764,-0.34961938048336366,-1.1226030349758407,1.1453107106185527,-0.3362948217714412,0.0,0
1152,1.0,1.1958940056478002,0.6864041617757681,-0.22585497996212162,-0.7346207345935999,-0.3362948217714412,0.0,0
1153,1.0,1.0360368476765518,1.7059942271576858,1.5676411300653166,-0.15991409087266295,-0.3362948217714412,0.0,0
1154,1.0,-0.19886192904662273,-0.34747588349937925,-1.1226030349758407,0.7696156580509806,-0.3362948217714412,0.0,0
1155,1.0,0.6421063246692352,0.338443151375632,0.6708930750515975,-0.5394922964383495,-0.3362948217714412,0.0,0
1156,1.0,1.1587635881625744,0.2369842941337033,1.5676411300653166,-0.373002111644193,-0.3362948217714412,0.0,0
1157,1.0,-1.1260959243477469,-0.9383665520844151,-0.22585497996212162,-1.1161405166583436,-0.3362948217714412,0.0,0
1158,1.0,-0.7160993553131689,0.04478406456976778,0.6708930750515975,0.5783703728938446,2.833611433315728,0.0,0
1159,1.0,-0.0166015624484715,0.07336402435622662,0.6708930750515975,-0.610359838653938,-0.3362948217714412,0.0,0
1160,1.0,-0.789824655416045,-0.7583128054297246,-1.1226030349758407,0.08909309513142517,-0.3362948217714412,0.0,0
1161,1.0,-1.2003567593181983,-0.8969256103940498,-0.22585497996212162,-1.8155934504437066,-0.3362948217714412,0.0,0
1162,1.0,-0.9306256976827364,-0.7933232561681366,-1.1226030349758407,-0.04439028917875849,-0.3362948217714412,0.0,0
1163,1.0,0.7854511575569094,4.279619605928302,-1.1226030349758407,-0.06574763066838797,-0.3362948217714412,0.0,0
1164,1.0,-1.0882068324667893,-0.8511976747357157,-1.1226030349758407,-0.8287871947978751,-0.3362948217714412,0.0,0
1165,1.0,-0.06944100271590802,-0.48894668444235034,0.6708930750515975,-0.19874562085380737,2.833611433315728,0.0,0
1166,1.0,0.6218452555126336,-0.3210394206969049,-0.22585497996212162,-0.4647416012246465,-0.3362948217714412,0.0,0
1167,1.0,0.6347873481457049,-0.05596029367749952,-1.1226030349758407,0.1162751661182262,-0.3362948217714412,1.0,0
1168,1.0,-0.06332697964442276,-0.27888398001187814,-0.22585497996212162,0.690496415714399,-0.3362948217714412,0.0,0
1169,1.0,0.07118152792825817,-0.44036075280537035,-1.1226030349758407,-0.6962745987372199,-0.3362948217714412,0.0,0
1170,1.0,-0.5587413600572723,-0.5282441291487312,0.6708930750515975,2.471407459474633,-0.3362948217714412,0.0,0
1171,1.0,-0.9272339768547591,-0.759027304424386,0.6708930750515975,0.31431596902206255,-0.3362948217714412,0.0,0
1172,1.0,0.8601582715836736,0.5642248336886567,-1.1226030349758407,1.476349503707808,-0.3362948217714412,0.0,0
1173,1.0,0.2407229414214945,0.8228734697561088,3.361137240092755,-0.13952753763256226,-0.3362948217714412,0.0,0
1174,1.0,0.6618764868638924,1.8781884848711,-1.1226030349758407,-0.6744318631228262,-0.3362948217714412,0.0,0
1175,1.0,0.20234294257859278,-0.24673152525211195,-0.22585497996212162,0.6181726911245176,-0.3362948217714412,0.0,0
1176,1.0,0.5448621182986739,-0.16813663583935026,-1.1226030349758407,1.4229561499837347,-0.3362948217714412,0.0,1
1177,1.0,-0.26544676424849395,-0.13169718711161535,-1.1226030349758407,-1.029254968325533,-0.3362948217714412,0.0,0
1178,1.0,-0.7233290760254365,-0.7933232561681366,-0.22585497996212162,0.2881046862847903,-0.3362948217714412,0.0,0
1179,1.0,2.044672142849133,0.9457672968378815,-1.1226030349758407,-1.4287343330065556,-0.3362948217714412,0.0,0
1180,1.0,1.8916876823451012,1.5638089272200535,-0.22585497996212162,-1.2496239009685273,-0.3362948217714412,0.0,0
1181,1.0,-1.1026216459856932,-0.9012126043620187,-0.22585497996212162,1.7836039846836131,2.833611433315728,0.0,1
1182,1.0,-0.5553496392292949,-0.4296432678854483,1.5676411300653166,-1.276320577830564,2.833611433315728,0.0,0
1183,1.0,-1.0611623216542332,-0.9226475742018627,-1.1226030349758407,-1.316122896061237,-0.3362948217714412,0.0,0
1184,1.0,-0.14722744223123072,-0.14955966197815201,-1.1226030349758407,-0.7792769940719159,-0.3362948217714412,0.0,0
1185,1.0,-0.042084096563932825,-0.17456712679130348,2.464389185079036,-0.1550601496250199,-0.3362948217714412,0.0,0
1186,1.0,-0.14080102382032628,-0.4932336784103192,-0.22585497996212162,1.3190818072841735,-0.3362948217714412,0.0,0
1187,1.0,-0.5511099881943233,-0.5160976462394862,-0.22585497996212162,1.584592393530248,-0.3362948217714412,0.0,0
1188,1.0,-1.1568445513276995,-0.7275893486592814,-0.22585497996212162,-0.8035467003101312,-0.3362948217714412,1.0,0
1189,1.0,-0.9917659283975913,-0.41106629402425016,-1.1226030349758407,1.69866001284986,-0.3362948217714412,0.0,0
1190,1.0,0.9456653387732078,0.4384730106282379,3.361137240092755,-0.20408495622621495,-0.3362948217714412,0.0,0
1191,1.0,-0.8700656297410881,-0.8026117430987357,-0.22585497996212162,-0.8195647064273532,-0.3362948217714412,0.0,0
1192,1.0,2.2118036494382793,2.9427919869166907,2.464389185079036,-0.7899556648167306,-0.3362948217714412,0.0,0
1193,1.0,0.6932052766170519,0.7428495823540242,-1.1226030349758407,-0.11331625489528971,-0.3362948217714412,0.0,0
1194,1.0,1.7805195694175806,2.0218027827980554,0.6708930750515975,-0.38659314713759335,-0.3362948217714412,0.0,0
1195,1.0,-1.0193013461720917,-0.3724833483125307,-1.1226030349758407,0.40751164097680903,2.833611433315728,0.0,0
1196,1.0,-0.6905721932920763,-0.5039511633302413,-1.1226030349758407,-0.3099008754248333,-0.3362948217714412,0.0,0
1197,1.0,0.9297331764628408,0.7199856145248571,1.5676411300653166,-0.9059648606353995,-0.3362948217714412,1.0,0
1198,1.0,0.6841458117739017,2.1139731531093853,-0.22585497996212162,-0.09050273103136748,6.003517688402897,0.0,1
1199,1.0,0.9857858259357294,-0.1731381288019805,0.6708930750515975,-0.3817392058899503,-0.3362948217714412,0.0,0
1200,1.0,-1.1324330869473889,-0.9362230551004306,-1.1226030349758407,1.7146780189670818,-0.3362948217714412,0.0,0
1201,1.0,1.1113687523821538,-0.29674645487841494,-0.22585497996212162,-1.188464241248225,2.833611433315728,0.0,0
1202,1.0,-0.5516901509675299,-0.5032366643355798,-1.1226030349758407,-0.6919060516143412,-0.3362948217714412,0.0,0
1203,1.0,0.9689164776071053,0.3848855860286276,-0.22585497996212162,1.1817152699758753,-0.3362948217714412,0.0,0
1204,1.0,-0.6361707763275448,-0.6261304914173526,0.6708930750515975,1.0404655796694624,-0.3362948217714412,0.0,1
1205,1.0,4.397410699824633,7.921420981717815,-0.22585497996212162,-1.3913589853997044,-0.3362948217714412,0.0,0
1206,1.0,0.632065045902197,0.20125934440062976,-0.22585497996212162,-1.489893992726858,-0.3362948217714412,0.0,0
1207,1.0,-1.3246008485956846,-0.965517513881551,-0.22585497996212162,0.142971842980263,2.833611433315728,0.0,0
1208,1.0,-0.8037039340673734,-0.6782889180276399,0.6708930750515975,-0.18466919123564274,-0.3362948217714412,0.0,0
1209,1.0,0.8699764108225557,0.7228436105035031,2.464389185079036,-1.1908912118720465,2.833611433315728,0.0,0
1210,1.0,-0.6558963106165709,-0.6454219642732123,-1.1226030349758407,-0.22641308596537293,-0.3362948217714412,0.0,0
1211,1.0,0.4125403781019261,0.030494084676538365,0.6708930750515975,0.7191346690754926,-0.3362948217714412,0.0,1
1212,1.0,0.08796162044561977,0.054072551500367064,0.6708930750515975,-0.12690729038869036,2.833611433315728,0.0,0
1213,1.0,0.34091258956372017,-0.07882426150666642,0.6708930750515975,-0.9399424493689008,-0.3362948217714412,0.0,0
1214,1.0,-0.29735571677485984,-0.7704592883389695,1.5676411300653166,-1.440383792000899,-0.3362948217714412,0.0,0
1215,1.0,-1.186968387628814,-0.9755204998068114,-0.22585497996212162,-0.5123102254515481,-0.3362948217714412,0.0,0
1216,1.0,1.1075307524978641,0.3641651151834451,0.6708930750515975,-0.9593582143594729,-0.3362948217714412,0.0,0
1217,1.0,-0.9962287189607193,-0.689006402947562,0.6708930750515975,-0.7773354175728587,-0.3362948217714412,0.0,0
1218,1.0,-0.7560859587587966,-0.7504533164884484,1.5676411300653166,-0.3793122352661288,-0.3362948217714412,0.0,0
1219,1.0,-1.0998100879309225,-0.5025221653409183,-0.22585497996212162,0.4429454120846034,-0.3362948217714412,0.0,1
1220,1.0,-0.24540883462004878,-0.17099463181799615,-1.1226030349758407,-0.6690925277504188,-0.3362948217714412,0.0,0
1221,1.0,-0.7635388189992206,-0.27959847900653956,-0.22585497996212162,-1.2826307014525,2.833611433315728,0.0,0
1222,1.0,-0.8616309555767762,-0.5904055416842791,-0.22585497996212162,0.22112029706731606,-0.3362948217714412,0.0,0
1223,1.0,2.101751234151541,1.0908105927541603,4.257885295106474,0.18956967895763624,-0.3362948217714412,0.0,0
1224,1.0,2.9898465562140317,1.4394861021489573,-1.1226030349758407,-0.20408495622621495,-0.3362948217714412,0.0,0
1225,1.0,0.11732678235100255,0.05478705049502845,0.6708930750515975,0.3589722285003788,-0.3362948217714412,0.0,0
1226,1.0,-1.018587299681991,-0.304605943819691,0.6708930750515975,-0.38562235888806484,-0.3362948217714412,0.0,0
1227,1.0,1.4178732082577916,1.8481795270953183,0.6708930750515975,2.879138524276649,-0.3362948217714412,0.0,0
1228,1.0,0.06649559783697362,0.35773462423149177,-0.22585497996212162,-1.7947215030788415,2.833611433315728,0.0,0
1229,1.0,-1.2174046192693477,-0.8754906405542057,0.6708930750515975,-0.7695691115766298,-0.3362948217714412,0.0,0
1230,1.0,-0.4903714086301499,-0.22529655541226784,-0.22585497996212162,-1.1064326341630575,-0.3362948217714412,0.0,0
1231,1.0,-0.3778644585336906,-0.7540258114617557,0.6708930750515975,1.0856072332725428,-0.3362948217714412,0.0,0
1232,1.0,-0.10353672261820684,-0.08596925145328113,3.361137240092755,1.2914143421726079,-0.3362948217714412,0.0,0
1233,1.0,0.7147605550369605,0.6049512763843604,-0.22585497996212162,-0.3021345694286045,-0.3362948217714412,0.0,0
1234,1.0,-1.0071625558403832,-0.6818614130009473,1.5676411300653166,0.7967977290377815,-0.3362948217714412,0.0,0
1235,1.0,-0.8360591656500521,-0.8826356305008204,-0.22585497996212162,-0.682198169119055,2.833611433315728,0.0,0
1236,1.0,-0.2739706942240687,-0.6654279361237335,-1.1226030349758407,-0.4569752952284176,-0.3362948217714412,0.0,0
1237,1.0,-0.9527611388758517,-0.7911797591841523,-1.1226030349758407,0.06627957126750293,-0.3362948217714412,0.0,0
1238,1.0,0.7730892276970446,0.35844912322615335,-1.1226030349758407,-0.13321741401062645,-0.3362948217714412,0.0,0
1239,1.0,0.21291975621320638,-0.6461364632678738,-0.22585497996212162,-0.6967599928619842,-0.3362948217714412,0.0,0
1240,1.0,-0.4470377122621761,-0.35319187545667097,-0.22585497996212162,-0.2511681863283524,-0.3362948217714412,1.0,0
1241,1.0,0.41004121538657434,-0.33175690561682686,-1.1226030349758407,-0.15894330262313444,-0.3362948217714412,1.0,0
1242,1.0,-1.3345082436458289,-0.9340795581164462,1.5676411300653166,0.8929057657411139,2.833611433315728,0.0,0
1243,1.0,-0.6973556349480309,-0.0423848127789315,0.6708930750515975,-0.12302413739057581,-0.3362948217714412,1.0,0
1244,1.0,-0.350418296570453,-0.2202950624496376,-0.22585497996212162,-0.49532143108479776,2.833611433315728,0.0,0
1245,1.0,0.34957040325618866,-0.39891981111500513,-1.1226030349758407,0.12695383686304107,2.833611433315728,0.0,0
1246,1.0,-0.8559632115616033,-0.6897209019422235,0.6708930750515975,-1.6258043476608635,-0.3362948217714412,0.0,0
1247,1.0,-0.6441145435299128,-0.7333053406165732,1.5676411300653166,1.1885107877225753,-0.3362948217714412,0.0,0
1248,1.0,0.6240320228885664,0.4992054251744629,-1.1226030349758407,-1.2505946892180557,-0.3362948217714412,0.0,0
1249,1.0,-1.1897353177779535,-0.7390213325738649,1.5676411300653166,1.3535447901424391,-0.3362948217714412,0.0,0
1250,1.0,-0.16847032531172065,-0.5232426361861009,-0.22585497996212162,-0.7409308582155358,-0.3362948217714412,0.0,0
1251,1.0,0.64714927800557,1.136538528412494,0.6708930750515975,0.11384819549440468,-0.3362948217714412,0.0,0
1252,1.0,-1.2267318515462855,-0.9576580249402747,-0.22585497996212162,-0.7011285399848629,-0.3362948217714412,1.0,0
1253,1.0,0.30280035815460615,-0.18814260768987143,-1.1226030349758407,-1.3724286145338964,-0.3362948217714412,0.0,0
1254,1.0,-0.6500054270732418,-0.6339899803586287,-1.1226030349758407,0.7929145760396674,-0.3362948217714412,0.0,0
1255,1.0,-0.06225590990927198,0.06907703038825787,0.6708930750515975,1.0200790264293618,-0.3362948217714412,0.0,0
1256,1.0,-0.5001449199634004,-0.44964923973596943,-1.1226030349758407,0.2526709151769959,-0.3362948217714412,0.0,0
1257,1.0,-0.018922213541298027,0.7621410552098837,-1.1226030349758407,-0.06671841891791647,-0.3362948217714412,0.0,0
1258,1.0,-0.6638847057245701,-0.8476251797624084,-1.1226030349758407,0.4545948710789468,2.833611433315728,0.0,0
1259,1.0,-0.4432443402835172,0.5442188618381355,-1.1226030349758407,-1.2947655545716075,-0.3362948217714412,0.0,0
1260,1.0,-0.15856293026157617,-0.2588780081613569,-0.22585497996212162,-0.5579372731793929,-0.3362948217714412,0.0,0
1261,1.0,-0.06421953775704833,-0.5496790989885753,-0.22585497996212162,-0.10991849602193969,-0.3362948217714412,0.0,0
1262,1.0,-1.1745172019576866,-0.7883217632055063,2.464389185079036,-0.3579548937764993,-0.3362948217714412,0.0,0
1263,1.0,-0.8405219562131802,-0.5718285678230809,-1.1226030349758407,0.8608697535066696,-0.3362948217714412,1.0,0
1264,1.0,-0.46993182785102333,-0.29531745688909194,0.6708930750515975,-1.113713546034522,-0.3362948217714412,0.0,0
1265,1.0,-1.0200600205678234,-0.904785099335326,1.5676411300653166,-1.2772913660800926,-0.3362948217714412,0.0,0
1266,1.0,-0.9806089519897709,-0.6104115135348003,0.6708930750515975,0.10559649537341159,-0.3362948217714412,0.0,0
1267,1.0,-0.08492688596996263,0.5427898638488126,0.6708930750515975,1.1021106335145294,-0.3362948217714412,0.0,0
1268,1.0,-0.2684814618314211,-0.44178975079469335,4.257885295106474,0.3366440987612208,-0.3362948217714412,0.0,0
1269,1.0,-0.09117479275834185,-0.4575087286772456,-1.1226030349758407,-0.3074739048010118,-0.3362948217714412,0.0,0
1270,1.0,-0.7080663322995383,-0.7454518235258182,-0.22585497996212162,-0.14923542012784835,-0.3362948217714412,1.0,0
1271,1.0,-0.3397968550302081,1.1901259530121044,0.6708930750515975,-0.8273310124235822,-0.3362948217714412,0.0,0
1272,1.0,-0.9833312542332792,-0.6125550105187848,-0.22585497996212162,-0.6530745216331967,2.833611433315728,0.0,0
1273,1.0,-0.9077315820938893,-0.3467613845047178,0.6708930750515975,-1.7054089841222093,-0.3362948217714412,0.0,0
1274,1.0,-0.7527388658364506,-0.43393026185341715,-0.22585497996212162,0.25752485642463896,-0.3362948217714412,0.0,0
1275,1.0,-0.4547137120307565,-0.3903458231790674,-0.22585497996212162,0.899701283487814,2.833611433315728,0.0,0
1276,1.0,-0.2957044842665024,-0.5875475457056333,-0.22585497996212162,-0.6074474739053519,-0.3362948217714412,0.0,0
1277,1.0,-0.7848263299853416,-0.39891981111500513,-1.1226030349758407,-0.5399776905631137,-0.3362948217714412,0.0,0
1278,1.0,-0.8398079097230797,-0.5482501009992524,-0.22585497996212162,-0.025459918312950528,2.833611433315728,0.0,0
1279,1.0,0.31761682282419135,1.092239590743483,-1.1226030349758407,1.1302634927508588,2.833611433315728,0.0,0
1280,1.0,0.09675331785498198,0.6628256949519397,-1.1226030349758407,-1.117111304907872,-0.3362948217714412,0.0,0
1281,1.0,1.3334372108034083,0.27270924386677686,-0.22585497996212162,-1.6641504835172434,-0.3362948217714412,0.0,0
1282,1.0,-0.6917771467441207,-0.6118405115241231,-1.1226030349758407,-0.4438696538597815,2.833611433315728,0.0,0
1283,1.0,-0.44516334022566234,-0.5318166241220386,1.5676411300653166,-1.150603499516609,-0.3362948217714412,1.0,0
1284,1.0,-1.038268206065386,-0.7711737873336311,-0.22585497996212162,0.4172195234720951,-0.3362948217714412,0.0,0
1285,1.0,-0.8194129568495844,-0.0816822574853124,-0.22585497996212162,-0.32980203454016976,-0.3362948217714412,0.0,0
1286,1.0,0.9551264547670394,1.5280839774869799,-0.22585497996212162,1.5962418525245916,-0.3362948217714412,0.0,0
1287,1.0,0.5384803277934008,-0.02023534394442598,0.6708930750515975,0.038612106155937645,-0.3362948217714412,0.0,0
1288,1.0,1.7069281530315983,0.8478809345692603,-1.1226030349758407,-1.2738936072067426,-0.3362948217714412,0.0,0
1289,1.0,-0.5110787568430644,-0.09311424139989584,-1.1226030349758407,-1.2379744419741838,-0.3362948217714412,0.0,0
1290,1.0,-1.2691283618960023,-0.9690900088548584,0.6708930750515975,-0.5574518790546287,-0.3362948217714412,0.0,0
1291,1.0,-0.329934087885695,-0.23529954133752842,-0.22585497996212162,0.1754932493394716,-0.3362948217714412,0.0,0
1292,1.0,-0.9251364652900887,-0.7368778355898805,-0.22585497996212162,0.4410038355855462,-0.3362948217714412,0.0,0
1293,1.0,-0.10434002491956994,-0.0966867363732032,-0.22585497996212162,1.2700570006829788,-0.3362948217714412,0.0,0
1294,1.0,-0.459087246782622,-0.39749081312568213,-0.22585497996212162,-0.18563997948517125,-0.3362948217714412,0.0,0
1295,1.0,-0.5516455230618987,-0.6961513928941767,-0.22585497996212162,0.5181815014230705,-0.3362948217714412,0.0,0
1296,1.0,0.1495481302167875,0.7421350833593628,-0.22585497996212162,-1.1374978581479729,-0.3362948217714412,0.0,0
1297,1.0,-0.1549480699054424,-0.28459997196916986,-0.22585497996212162,-0.5365799316897635,-0.3362948217714412,0.0,0
1298,1.0,2.0923347460633406,0.6549662060106634,1.5676411300653166,-1.3554398201671456,-0.3362948217714412,0.0,0
1299,1.0,0.44172702838478367,0.9993547214374919,-0.22585497996212162,0.40023072910534474,-0.3362948217714412,0.0,0
1300,1.0,0.5643198851539125,0.14981541678500404,0.6708930750515975,-0.4288224359920878,-0.3362948217714412,0.0,0
1301,1.0,-0.14892330264521939,-0.20671958155106968,1.5676411300653166,0.19879216732815808,-0.3362948217714412,0.0,0
1302,1.0,-0.7878163996626374,-0.5646835778764662,-0.22585497996212162,-1.0200324799550111,2.833611433315728,0.0,0
1303,1.0,-1.1120827619795246,-0.7897507611948292,0.6708930750515975,1.4399449443504855,-0.3362948217714412,0.0,0
1304,1.0,-0.9472719064832043,-0.486803187458366,-0.22585497996212162,-0.06332066004456643,2.833611433315728,0.0,0
1305,1.0,0.5680240013213088,0.517782399035661,-1.1226030349758407,-1.1195382755316936,-0.3362948217714412,0.0,0
1306,1.0,-1.1524710165758338,-0.6368479763372746,0.6708930750515975,-0.8574254481589689,-0.3362948217714412,0.0,0
1307,1.0,-0.3607719706769101,-0.3689108533392234,0.6708930750515975,-0.5346383551907065,-0.3362948217714412,0.0,0
1308,1.0,1.071025125691476,0.7364190914020711,-1.1226030349758407,1.7433162723281759,-0.3362948217714412,0.0,1
1309,1.0,1.7214322223617646,0.6671126889199084,0.6708930750515975,1.4117920851141557,-0.3362948217714412,0.0,0
1310,1.0,-0.4662723395892582,-0.2624505031346643,1.5676411300653166,0.6405008208636752,-0.3362948217714412,0.0,0
1311,1.0,0.1875711058146388,-0.0266658348963791,0.6708930750515975,0.012886217543429364,-0.3362948217714412,0.0,0
1312,1.0,0.28512770752461897,0.06550453541495051,-0.22585497996212162,-1.466109680613407,2.833611433315728,0.0,0
1313,1.0,1.613164923300277,0.0354955776391687,0.6708930750515975,-0.2501973980788237,-0.3362948217714412,0.0,0
1314,1.0,-0.7616198190570754,-0.8683456506075911,0.6708930750515975,-0.2885435339352038,2.833611433315728,0.0,0
1315,1.0,0.5356687697386301,-0.07953876050132802,-0.22585497996212162,0.21481017344538025,2.833611433315728,0.0,0
1316,1.0,-0.7366728198091894,-0.8640586566396222,-0.22585497996212162,0.9433867547166015,-0.3362948217714412,0.0,0
1317,1.0,2.1760566970276236,1.797450098474354,1.5676411300653166,-0.7962657884386666,-0.3362948217714412,0.0,0
1318,1.0,0.30404993951228215,-0.4132097910082345,-0.22585497996212162,0.45799262995229684,-0.3362948217714412,0.0,0
1319,1.0,-0.9860981843824186,-0.5632545798871433,-1.1226030349758407,-0.6826835632438193,-0.3362948217714412,0.0,0
1320,1.0,0.6576368358289209,0.5127809060730307,-0.22585497996212162,-0.6501621568846109,-0.3362948217714412,0.0,0
1321,1.0,0.40111563426031815,0.06336103843096615,-1.1226030349758407,-1.2874846427001432,-0.3362948217714412,0.0,0
1322,1.0,-0.5620884529796183,-0.5989795296202167,-0.22585497996212162,0.7953415466634887,-0.3362948217714412,0.0,0
1323,1.0,-1.2318194327882515,-0.9755204998068114,-0.22585497996212162,-0.7729668704499799,-0.3362948217714412,0.0,0
1324,1.0,-0.4215105502410834,-0.70258188384613,0.6708930750515975,2.017078558695244,-0.3362948217714412,0.0,0
1325,1.0,-0.06341623545568524,-0.2038615855724237,1.5676411300653166,1.2535536004409926,-0.3362948217714412,0.0,0
1326,1.0,-0.509606035957232,0.5013489221584473,-1.1226030349758407,-0.08176563678561015,2.833611433315728,0.0,0
1327,1.0,-0.623674962750786,-0.7411648295578493,-0.22585497996212162,-0.5205619255725416,-0.3362948217714412,0.0,0
1328,1.0,-0.13374981473058395,-0.33318590360614986,0.6708930750515975,-0.953048090737537,-0.3362948217714412,0.0,0
1329,1.0,1.062278056187745,1.9975098169795658,0.6708930750515975,-1.908789122398453,-0.3362948217714412,0.0,0
1330,1.0,-1.0875820417879516,-0.903356101346003,-0.22585497996212162,-0.4152314004986874,-0.3362948217714412,0.0,0
1331,1.0,0.024679250260463366,-0.42607077291214096,2.464389185079036,0.40362848797869477,-0.3362948217714412,0.0,0
1332,1.0,-0.6352335903092878,0.02620709070856962,-0.22585497996212162,-0.526386655069713,-0.3362948217714412,0.0,0
1333,1.0,-0.9139348609766372,-0.9054995983299874,0.6708930750515975,-0.14583766125449832,-0.3362948217714412,0.0,0
1334,1.0,-0.3978577602565046,-0.5125251512661788,-1.1226030349758407,-0.7661713527032797,-0.3362948217714412,0.0,0
1335,1.0,0.9242885719758244,0.4534774895161287,-0.22585497996212162,0.36285538149849306,-0.3362948217714412,0.0,0
1336,1.0,0.5015284219307002,0.022634595735262265,-0.22585497996212162,-0.044875683303522734,-0.3362948217714412,0.0,0
1337,1.0,1.7833757553779825,3.94380507843741,-1.1226030349758407,-0.5758968557956721,-0.3362948217714412,0.0,0
1338,1.0,-0.5266092680027501,-0.13241168610627674,-0.22585497996212162,1.7447724547024688,-0.3362948217714412,0.0,0
1339,1.0,1.1595222625583064,0.4470469985641756,-1.1226030349758407,0.875916971374363,-0.3362948217714412,0.0,0
1340,1.0,1.2831861890625855,1.1872679570334586,-0.22585497996212162,0.332275551638342,-0.3362948217714412,0.0,0
1341,1.0,-0.07006579339474614,1.0222186892666592,0.6708930750515975,-0.22155914471772986,-0.3362948217714412,0.0,0
1342,1.0,0.1982818031661461,1.2494293695690066,-1.1226030349758407,-0.9875110735958026,-0.3362948217714412,0.0,0
1343,1.0,0.9130423397567416,0.21126233032589042,-0.22585497996212162,-0.9059648606353995,-0.3362948217714412,0.0,0
1344,1.0,-0.19622888261437726,-0.17099463181799615,0.6708930750515975,-1.5195030343374807,-0.3362948217714412,0.0,0
1345,1.0,1.9999103535009575,1.6266848387502626,-0.22585497996212162,0.008517670420550563,-0.3362948217714412,0.0,0
1346,1.0,-0.5624454762246687,-0.2595925071560184,-0.22585497996212162,-0.3467908289069204,-0.3362948217714412,1.0,0
1347,1.0,-1.0376434153865481,-0.8054697390773816,-1.1226030349758407,0.472554453695226,-0.3362948217714412,0.0,0
1348,1.0,1.5198479726252687,0.5992352844270686,-0.22585497996212162,0.1764640375890001,-0.3362948217714412,0.0,0
1349,1.0,-0.36492236590061927,-0.2367285393268514,-1.1226030349758407,-0.8312141654216966,-0.3362948217714412,1.0,0
1350,1.0,-0.7777304929899679,-0.6375624753319361,-0.22585497996212162,1.0113419321836041,-0.3362948217714412,0.0,0
1351,1.0,-0.5616421739233055,-0.29245946091044606,-0.22585497996212162,0.25946643292369626,-0.3362948217714412,1.0,0
1352,1.0,-0.4557847817659072,-0.3446178875207334,-1.1226030349758407,-0.4084358827519871,-0.3362948217714412,0.0,0
1353,1.0,-0.41691387596106144,-0.14598716700484465,-0.22585497996212162,-1.177300176378646,2.833611433315728,0.0,1
1354,1.0,-0.19471153382291384,-0.7297328456432658,-1.1226030349758407,1.3948032907474053,-0.3362948217714412,0.0,0
1355,1.0,-1.175186620542156,-0.7290183466486042,0.6708930750515975,-1.099637116416357,-0.3362948217714412,0.0,0
1356,1.0,-0.468459106965191,-0.3603368654032857,0.6708930750515975,-0.5040585253305551,2.833611433315728,0.0,0
1357,1.0,-1.3345082436458289,-0.9698045078495198,-1.1226030349758407,-0.8962569781401134,-0.3362948217714412,0.0,0
1358,1.0,-0.6568781245404591,-0.8326207008745176,4.257885295106474,-0.3385391287859271,-0.3362948217714412,0.0,0
1359,1.0,1.4269326731009415,3.2871805023435194,-1.1226030349758407,-0.27932104556468196,-0.3362948217714412,0.0,0
1360,1.0,1.7589196630920405,5.620734218907881,-1.1226030349758407,0.13714711348309144,2.833611433315728,0.0,0
1361,1.0,-0.2587079504981706,-0.6018375255988627,0.6708930750515975,1.1754051463539394,-0.3362948217714412,0.0,0
1362,1.0,-0.2518798809365847,-0.759027304424386,-0.22585497996212162,-0.25796370407505276,-0.3362948217714412,0.0,0
1363,1.0,-0.2553608575758245,-0.13812767806356846,0.6708930750515975,2.0835775537879533,-0.3362948217714412,0.0,0
1364,1.0,-0.934374441755764,-0.568970571844435,2.464389185079036,-1.8063709620731847,2.833611433315728,0.0,0
1365,1.0,0.4234742149815899,0.15338791175831137,-0.22585497996212162,-1.5258131579594167,2.833611433315728,0.0,0
1366,1.0,0.47488556226882545,-0.6868629059635776,0.6708930750515975,0.37547562874236495,2.833611433315728,0.0,0
1367,1.0,-0.8980473265719012,-0.6368479763372746,1.5676411300653166,0.8812563067467708,-0.3362948217714412,0.0,0
1368,1.0,0.4234295870759586,-0.20814857954039256,-1.1226030349758407,1.5006192099460234,2.833611433315728,0.0,0
1369,1.0,1.1397967282692798,0.5377883708861823,-1.1226030349758407,0.7725280227995661,-0.3362948217714412,0.0,0
1370,1.0,-0.21399078905562716,0.35773462423149177,-1.1226030349758407,-1.067601104181913,-0.3362948217714412,0.0,0
1371,1.0,-0.9915874167750661,-0.7718882863282925,0.6708930750515975,0.35217671075367846,-0.3362948217714412,0.0,0
1372,1.0,1.5762576453432078,-0.0881127484372655,-1.1226030349758407,1.1666680521081818,-0.3362948217714412,0.0,0
1373,1.0,-0.9413363950342438,-0.7661722943710008,-1.1226030349758407,-1.3549544260423814,2.833611433315728,0.0,0
1374,1.0,-0.398884202086024,-0.7090123747980831,-1.1226030349758407,-0.5108540430772555,-0.3362948217714412,0.0,0
1375,1.0,-0.7736693535775214,-0.21958056345497612,-0.22585497996212162,-0.18563997948517125,-0.3362948217714412,0.0,0
1376,1.0,2.349927017367094,1.6895607502804721,-0.22585497996212162,0.10802346599723313,-0.3362948217714412,0.0,0
1377,1.0,-0.9682470221299062,-0.7940377551627981,0.6708930750515975,1.2438457179457065,-0.3362948217714412,0.0,0
1378,1.0,3.7605258585606225,3.5644061122721693,1.5676411300653166,0.8278629530226973,-0.3362948217714412,0.0,0
1379,1.0,-0.9049646519447498,-0.7175863627340208,0.6708930750515975,0.31625754552111984,-0.3362948217714412,0.0,0
1380,1.0,-0.43021299183918327,-0.07096477256539033,-0.22585497996212162,-0.5127956195763127,-0.3362948217714412,0.0,0
1381,1.0,-0.513890314897835,-0.5546805919512056,-1.1226030349758407,0.40120151735487325,-0.3362948217714412,0.0,0
1382,1.0,-0.9063481170193196,-0.6061245195668314,-1.1226030349758407,-1.0802213514257848,-0.3362948217714412,0.0,0
1383,1.0,-0.41396843418939694,-0.5353891190953459,-1.1226030349758407,-0.49580682520956204,-0.3362948217714412,0.0,0
1384,1.0,0.03373871510361327,0.42561202872433146,0.6708930750515975,-1.2263249829798406,2.833611433315728,0.0,0
1385,1.0,0.048912203018248945,-0.30889293778765986,1.5676411300653166,-1.0617763746847413,-0.3362948217714412,0.0,0
1386,1.0,1.2933613515465179,2.0275187747553476,-1.1226030349758407,-1.3651477026624317,-0.3362948217714412,0.0,0
1387,1.0,0.9114357351540155,0.6799736708238148,2.464389185079036,1.4302370618551994,-0.3362948217714412,0.0,0
1388,1.0,-1.1952691780762323,-0.8640586566396222,-1.1226030349758407,-1.435529850753256,-0.3362948217714412,0.0,0
1389,1.0,1.328215745844548,2.1218326420506615,-1.1226030349758407,-0.7923826354405522,-0.3362948217714412,0.0,0
1390,1.0,1.4786117878219651,1.8338895472020889,-1.1226030349758407,0.4031430938539305,-0.3362948217714412,0.0,0
1391,1.0,1.798192220047568,0.9972112244535077,-1.1226030349758407,-0.6487059745103179,-0.3362948217714412,0.0,0
1392,1.0,0.683074742038751,0.8485954335639216,-0.22585497996212162,-1.4874670221030366,-0.3362948217714412,0.0,0
1393,1.0,0.27218561489154736,-0.2531620162040652,-0.22585497996212162,-0.1443814788802053,-0.3362948217714412,0.0,0
1394,1.0,0.21109001208232375,0.8893218762596257,-0.22585497996212162,-0.1016667959009466,-0.3362948217714412,0.0,0
1395,1.0,0.1329911772275821,0.054072551500367064,-1.1226030349758407,0.7506852871851727,-0.3362948217714412,0.0,0
1396,1.0,0.6067610234092606,0.6556807050053249,0.6708930750515975,1.031728485423705,-0.3362948217714412,0.0,0
1397,1.0,-1.2523482693786405,-0.8676311516129295,-0.22585497996212162,-1.6170672534151058,-0.3362948217714412,0.0,0
1398,1.0,0.1904272917750407,-0.2202950624496376,0.6708930750515975,1.5734283286606692,-0.3362948217714412,0.0,0
1399,1.0,-0.049626212615619295,-0.3324714046114884,0.6708930750515975,-0.3011637811790757,-0.3362948217714412,0.0,0
1400,1.0,-0.9426752322031822,-0.5896910426896177,-1.1226030349758407,0.4778937890676333,-0.3362948217714412,0.0,0
1401,1.0,-0.1327680008066959,-0.13026818912229238,0.6708930750515975,-1.5559075936948035,-0.3362948217714412,0.0,0
1402,1.0,0.7540331119924878,0.43775851163357654,0.6708930750515975,-0.8263602241740535,-0.3362948217714412,0.0,0
1403,1.0,0.07662613241527431,-0.7068688778140987,-0.22585497996212162,0.2012191379519796,2.833611433315728,0.0,0
1404,1.0,-0.5035366407913778,-0.33461490159547286,-0.22585497996212162,0.7773819640472092,-0.3362948217714412,0.0,0
1405,1.0,-0.2886086472711288,0.09837148916937809,-0.22585497996212162,-1.147205740643259,-0.3362948217714412,0.0,0
1406,1.0,-0.031061003873006563,0.10837447509463877,-0.22585497996212162,-0.42348310061968053,-0.3362948217714412,0.0,0
1407,1.0,0.2083677098388158,0.8978958641955632,1.5676411300653166,-1.1549720466394877,-0.3362948217714412,0.0,0
1408,1.0,-1.2795266639080907,-0.9533710309723059,-0.22585497996212162,0.7953415466634887,-0.3362948217714412,0.0,0
1409,1.0,0.2958384048761263,1.8724724929138088,-1.1226030349758407,0.6681682859752408,-0.3362948217714412,0.0,0
1410,1.0,-0.03851386411343055,-0.24958952123075784,0.6708930750515975,-0.028857677186300827,-0.3362948217714412,0.0,0
1411,1.0,-0.8959051871015998,-0.6840049099849316,-1.1226030349758407,-1.322433019683173,-0.3362948217714412,1.0,0
1412,1.0,-0.010666050999511206,-0.08311125547463537,0.6708930750515975,-1.056437039312334,-0.3362948217714412,0.0,0
1413,1.0,2.1706567204462384,1.6716982754139353,-1.1226030349758407,-0.8326703477959895,-0.3362948217714412,0.0,0
1414,1.0,-0.5438802674820558,-0.6504234572358427,-1.1226030349758407,1.8578692857725516,-0.3362948217714412,0.0,0
1415,1.0,-0.8835878851473662,-0.8147582260079808,-0.22585497996212162,-0.4137752181243944,-0.3362948217714412,0.0,0
1416,1.0,-1.0931159020862302,-0.8040407410880587,-1.1226030349758407,-1.8651036511696655,-0.3362948217714412,0.0,0
1417,1.0,0.018431343472084135,-0.22458205641760634,-0.22585497996212162,1.0574543740362135,-0.3362948217714412,0.0,0
1418,1.0,-0.3586298312066087,-0.1802831187485952,-1.1226030349758407,2.0350381413115226,-0.3362948217714412,0.0,0
1419,1.0,0.600156093375831,0.5677973286619641,-0.22585497996212162,1.7156488072166105,-0.3362948217714412,0.0,0
1420,1.0,1.0205509644224977,0.5349303749075365,-1.1226030349758407,1.606435129144642,-0.3362948217714412,0.0,0
1421,1.0,0.1638736879244286,-0.26316500212932575,-0.22585497996212162,-0.49240906633621173,-0.3362948217714412,0.0,0
1422,1.0,0.6481757198350893,-0.5368181170846689,-1.1226030349758407,-0.9006255252629921,-0.3362948217714412,0.0,0
1423,1.0,-0.831596375086924,-0.6868629059635776,0.6708930750515975,-1.1559428348890164,-0.3362948217714412,0.0,0
1424,1.0,-0.6246567766746742,-0.6547104512038114,1.5676411300653166,-0.25553673345123123,-0.3362948217714412,0.0,0
1425,1.0,-0.5201382216862144,-0.5446776060259451,-0.22585497996212162,-1.2039968532406826,-0.3362948217714412,0.0,0
1426,1.0,-0.48622101340644075,-0.25244751720940367,-0.22585497996212162,-0.5225035020715988,-0.3362948217714412,0.0,0
1427,1.0,0.18435789660918644,1.3880421745333318,0.6708930750515975,1.0385240031704055,-0.3362948217714412,0.0,0
1428,1.0,-0.09001446721192859,0.5563653447473806,0.6708930750515975,-0.3919324825100007,-0.3362948217714412,0.0,0
1429,1.0,0.3880842858159841,0.14267042683838932,1.5676411300653166,-1.3136959254374154,2.833611433315728,0.0,0
1430,1.0,0.00486446016017464,-0.3446178875207334,-0.22585497996212162,-1.2661273012105134,-0.3362948217714412,0.0,1
1431,1.0,-0.8387368399879289,-0.8740616425648828,-1.1226030349758407,-0.09729824877806781,-0.3362948217714412,0.0,0
1432,1.0,-0.8426640956834817,-0.8326207008745176,1.5676411300653166,-0.5234742903211274,-0.3362948217714412,0.0,0
1433,1.0,-0.8498045605844865,-0.8154727250026422,0.6708930750515975,-1.3486443024204453,-0.3362948217714412,0.0,0
1434,1.0,-0.7804081673278448,-0.821188716959934,-0.22585497996212162,-0.139042143507798,-0.3362948217714412,0.0,0
1435,1.0,3.0726313211600575,1.4009031564372383,0.6708930750515975,-1.8762677160392447,-0.3362948217714412,0.0,0
1436,1.0,0.2405890577046005,0.1290949459398213,-1.1226030349758407,-1.2044822473654468,-0.3362948217714412,0.0,1
1437,1.0,-0.03021307366601224,0.004057621874064105,-1.1226030349758407,0.055600900522688325,-0.3362948217714412,0.0,0
1438,1.0,0.5474951647309194,-0.06882127558140595,3.361137240092755,-0.20020180322810038,-0.3362948217714412,0.0,0
1439,1.0,-0.7281042619279835,-0.5268151311594083,-1.1226030349758407,-0.7909264530662593,-0.3362948217714412,0.0,0
1440,1.0,0.5271894676686868,0.06121754144698177,-0.22585497996212162,-1.631629077158035,-0.3362948217714412,0.0,0
1441,1.0,0.3637174493413045,3.267174530492998,-0.22585497996212162,-0.682198169119055,-0.3362948217714412,0.0,0
1442,1.0,0.8884523637539059,-0.09597223737854181,-1.1226030349758407,-0.36038186440032083,-0.3362948217714412,0.0,0
1443,1.0,0.40147265750536837,-0.33390040260081133,-0.22585497996212162,-0.3467908289069204,-0.3362948217714412,0.0,0
1444,1.0,-0.7215885877058165,-0.5975505316308938,-1.1226030349758407,0.15170893722602058,-0.3362948217714412,0.0,0
1445,1.0,-0.9929708818496359,-0.4775147005277668,-0.22585497996212162,-1.9350004051357255,-0.3362948217714412,0.0,0
1446,1.0,-0.3015507399042003,-0.34961938048336366,-1.1226030349758407,0.5783703728938446,-0.3362948217714412,0.0,0
1447,1.0,-0.41798494569621225,-0.5775445597803726,2.464389185079036,-0.6050205032815305,-0.3362948217714412,0.0,0
1448,1.0,1.4089029992259043,1.436628106170312,-0.22585497996212162,0.072589694889439,-0.3362948217714412,1.0,0
1449,1.0,-0.3970544579551415,-0.6697149300917024,-0.22585497996212162,-1.6796830955097013,-0.3362948217714412,0.0,1
1450,1.0,-0.6762020076788038,-0.5575385879298514,-1.1226030349758407,0.09928637175147552,-0.3362948217714412,0.0,0
1451,1.0,0.5024656079489571,-0.3403308935527646,-0.22585497996212162,-1.5787211175587257,-0.3362948217714412,0.0,0
1452,1.0,-1.0829853675079295,-0.6790034170223014,0.6708930750515975,-1.3107835606888296,-0.3362948217714412,1.0,0
1453,1.0,1.7598568491102975,0.21483482529919778,1.5676411300653166,-0.9380008728698436,-0.3362948217714412,0.0,0
1454,1.0,-1.0558069729784794,-0.8061842380720431,-0.22585497996212162,0.0779290302618463,-0.3362948217714412,0.0,0
1455,1.0,-0.32194569277769575,-0.5153831472448247,-1.1226030349758407,-0.06574763066838797,-0.3362948217714412,0.0,0
1456,1.0,-0.41762792245116204,-0.4060648010616198,-0.22585497996212162,0.8336876825198688,-0.3362948217714412,0.0,0
1457,1.0,0.039763482363836304,-0.10668972229846387,1.5676411300653166,0.15462130197460636,-0.3362948217714412,1.0,0
1458,1.0,-0.13781095414303063,-0.30746393979833686,-1.1226030349758407,0.522064654421185,2.833611433315728,0.0,1
1459,1.0,-0.9205397910100669,-0.6790034170223014,-0.22585497996212162,-1.3534982436680885,-0.3362948217714412,0.0,0
1460,1.0,-1.2087021776712479,-0.9312215621378005,-0.22585497996212162,1.0618229211590917,-0.3362948217714412,0.0,0
1461,1.0,-0.45056331680704736,-0.2745969860439093,-0.22585497996212162,0.025021070662536993,-0.3362948217714412,0.0,0
1462,1.0,-0.1637843952204361,-0.40177780709365096,-1.1226030349758407,-0.2390333332092448,-0.3362948217714412,0.0,0
1463,1.0,-0.5883296614908117,-0.06453428161343701,1.5676411300653166,-0.640939668514089,-0.3362948217714412,0.0,0
1464,1.0,0.5450852578268305,0.016204104783309147,-0.22585497996212162,-0.7253982462230781,-0.3362948217714412,0.0,0
1465,1.0,-1.0611623216542332,-0.8983546083833727,-1.1226030349758407,-0.8185939181778246,-0.3362948217714412,0.0,0
1466,1.0,1.4593325325892514,1.181551965076167,-0.22585497996212162,-1.6379392007799711,-0.3362948217714412,0.0,0
1467,1.0,0.22331805822529477,-0.6225579964440452,0.6708930750515975,1.086092627397307,-0.3362948217714412,0.0,0
1468,1.0,-0.6968201000804556,-0.8040407410880587,-1.1226030349758407,1.1069645747621726,-0.3362948217714412,0.0,0
1469,1.0,-0.6782102634322114,-0.7554548094510787,-0.22585497996212162,-0.0264307065624793,-0.3362948217714412,0.0,0
1470,1.0,-1.2972439424437092,-0.918360580233894,2.464389185079036,0.5113859836763704,-0.3362948217714412,0.0,0
1471,1.0,-0.35086457562676576,-0.48894668444235034,-1.1226030349758407,-0.9190705020040356,-0.3362948217714412,0.0,0
1472,1.0,0.7335489033077297,0.8164429788041554,-1.1226030349758407,-0.6991869634858057,-0.3362948217714412,0.0,0
1473,1.0,-0.8515004209984753,-0.7404503305631879,4.257885295106474,0.9331934780965511,-0.3362948217714412,0.0,0
1474,1.0,-1.1551486909137108,-0.7161573647446978,0.6708930750515975,1.1278365221270374,-0.3362948217714412,0.0,0
1475,1.0,-0.26071620625157815,-0.21600806848166876,1.5676411300653166,-1.5466851053242816,-0.3362948217714412,0.0,0
1476,1.0,-0.2488451833536576,0.19482885344867665,1.5676411300653166,-0.3773706587670715,-0.3362948217714412,0.0,0
1477,1.0,-0.6778978680927924,-0.1352696820849226,-1.1226030349758407,0.6769053802209984,-0.3362948217714412,0.0,0
1478,1.0,-0.841593025948331,-0.5939780366575864,-1.1226030349758407,-1.0909000221705996,-0.3362948217714412,0.0,0
1479,1.0,-0.8199038638115284,-0.30960743678232133,-0.22585497996212162,-1.0253718153274183,-0.3362948217714412,0.0,0
1480,1.0,-0.8469930025297159,-0.9147880852605866,-0.22585497996212162,0.42304425296926695,-0.3362948217714412,0.0,0
1481,1.0,-0.289278065855598,1.1115310635993427,-0.22585497996212162,-0.11428704314481848,-0.3362948217714412,0.0,0
1482,1.0,0.26276912680334724,-0.37462684529651513,-0.22585497996212162,0.2643203741713393,2.833611433315728,0.0,0
1483,1.0,0.49983256151671135,-0.12383769817033904,0.6708930750515975,0.8079617939073608,-0.3362948217714412,0.0,0
1484,1.0,0.6895904162609181,0.45633548549477465,-0.22585497996212162,1.8161253910428217,-0.3362948217714412,0.0,0
1485,1.0,-0.8133881895893613,-0.48751768645302734,-1.1226030349758407,0.4647881476989972,-0.3362948217714412,0.0,0
1486,1.0,0.8227154587590291,3.0463943411426033,1.5676411300653166,0.28227995678761847,-0.3362948217714412,0.0,0
1487,1.0,-0.8039270735955298,-0.714728366755375,-1.1226030349758407,-1.2316643183522478,-0.3362948217714412,0.0,0
1488,1.0,-0.955037162063047,-0.8397656908211322,0.6708930750515975,-1.6359976242809138,-0.3362948217714412,0.0,0
1489,1.0,0.0934508528382674,0.15481690974763437,-1.1226030349758407,1.3472346665205033,-0.3362948217714412,0.0,0
1490,1.0,-0.7819255161193083,-0.4546507326985998,0.6708930750515975,-0.8423782302912756,-0.3362948217714412,0.0,0
1491,1.0,-0.4835879669741953,-0.0109468570138269,-0.22585497996212162,2.767497875580859,-0.3362948217714412,0.0,0
1492,1.0,-1.3345082436458289,-0.9669465118708738,-0.22585497996212162,-0.8384950772931612,-0.3362948217714412,0.0,0
1493,1.0,1.693539781342214,0.41060754983644066,0.6708930750515975,1.012798114557897,-0.3362948217714412,0.0,0
1494,1.0,-0.3392613201626327,-0.16099164589273557,2.464389185079036,-1.092841598669657,-0.3362948217714412,0.0,0
1495,1.0,-0.9436570461270705,-0.6082680165508159,-1.1226030349758407,-1.7020112252488593,-0.3362948217714412,0.0,0
1496,1.0,-0.9732453475606098,-0.7661722943710008,-0.22585497996212162,-0.3899909060109434,-0.3362948217714412,0.0,0
1497,1.0,0.19172150103834795,-0.5125251512661788,-1.1226030349758407,0.12986620161162685,-0.3362948217714412,0.0,0
1498,1.0,-0.6662499847230281,-0.3324714046114884,-1.1226030349758407,1.039494791419934,-0.3362948217714412,0.0,0
1499,1.0,-0.22041720746653162,0.3927450749699039,-1.1226030349758407,-0.8321849536712251,-0.3362948217714412,0.0,0
1500,1.0,-1.1032910645701623,-0.8533411717197001,-0.22585497996212162,-0.8598524187827905,2.833611433315728,0.0,0
1501,1.0,-0.991408905152541,-0.8133292280186578,-0.22585497996212162,-1.7976338678274273,-0.3362948217714412,0.0,0
1502,1.0,3.1243996916923433,4.368217481266323,1.5676411300653166,1.2462726885695277,-0.3362948217714412,0.0,1
1503,1.0,0.3879504020990901,0.14267042683838932,-1.1226030349758407,-1.2180732828588474,-0.3362948217714412,0.0,0
1504,1.0,-0.17186204613969797,0.05764504647367442,-0.22585497996212162,1.0438633385428129,-0.3362948217714412,0.0,0
1505,1.0,1.5632709248045051,-0.2510185192200808,0.6708930750515975,-0.19971640910333613,-0.3362948217714412,0.0,0
1506,1.0,0.2760236147758376,1.3237372650137993,-0.22585497996212162,-0.5331821728164134,-0.3362948217714412,0.0,0
1507,1.0,-0.5462455464805137,-0.5368181170846689,-1.1226030349758407,1.9199997337423829,-0.3362948217714412,0.0,0
1508,1.0,-1.044471484948134,-0.9262200691751701,0.6708930750515975,0.3900374524852941,-0.3362948217714412,0.0,0
1509,1.0,0.1998884077688723,1.0965265847114518,0.6708930750515975,1.046290309166634,6.003517688402897,0.0,0
1510,1.0,1.3098290487244604,-0.05095880071486918,0.6708930750515975,0.7841774817939098,-0.3362948217714412,0.0,0
1511,1.0,2.506437082415996,2.3454708273797014,-1.1226030349758407,-0.8996547370134635,-0.3362948217714412,0.0,0
1512,1.0,1.5692510641590964,0.34344464433826233,-1.1226030349758407,-0.9744054322271665,-0.3362948217714412,0.0,0
1513,1.0,-0.2737475546959123,-0.27674048302789367,-0.22585497996212162,-0.7113218166049133,-0.3362948217714412,0.0,0
1514,1.0,-0.30913748386151807,0.00905911483669444,-1.1226030349758407,-0.1667096086193633,2.833611433315728,0.0,1
1515,1.0,0.33711921758506114,0.402033561900503,0.6708930750515975,-0.035653194933001155,-0.3362948217714412,0.0,0
1516,1.0,0.09724422481692613,2.1854230525755325,-0.22585497996212162,0.7050582394573283,-0.3362948217714412,0.0,0
1517,1.0,-0.42445599201274803,-0.44036075280537035,-0.22585497996212162,-0.6045351091567662,2.833611433315728,0.0,0
1518,1.0,1.1293091704459293,0.3148646845518035,-1.1226030349758407,0.028418829535887292,-0.3362948217714412,0.0,0
1519,1.0,-0.7344860524332567,-0.4153532879922189,-1.1226030349758407,-0.3103862695495976,-0.3362948217714412,0.0,0
1520,1.0,1.1039158921417302,-0.6318464833746443,0.6708930750515975,-0.3700897468956069,-0.3362948217714412,0.0,0
1521,1.0,0.5276803746306307,1.0229331882613206,-0.22585497996212162,-0.9535334848623014,-0.3362948217714412,0.0,0
1522,1.0,-0.2117593937740631,-0.7261603506699584,-0.22585497996212162,0.38712508773670834,-0.3362948217714412,0.0,0
1523,1.0,-0.42119815490166446,-0.47179870857047507,1.5676411300653166,1.9991189760789645,-0.3362948217714412,0.0,0
1524,1.0,-0.35907611026292147,-0.09597223737854181,-1.1226030349758407,-0.4060089121281656,-0.3362948217714412,0.0,0
1525,1.0,-0.9612404409457952,-0.4253562739174795,-0.22585497996212162,0.716222304326907,-0.3362948217714412,0.0,0
1526,1.0,-0.766618144487779,-0.7425938275471723,0.6708930750515975,1.0734723801534354,-0.3362948217714412,0.0,0
1527,1.0,-0.8970208847423818,-0.6054100205721701,0.6708930750515975,-1.3835926794034752,-0.3362948217714412,0.0,0
1528,1.0,-1.080352321075684,-0.6354189783479517,-0.22585497996212162,0.7584515931814012,2.833611433315728,0.0,0
1529,1.0,-0.6169361490004627,-0.7533113124670944,-0.22585497996212162,0.2580102505494032,2.833611433315728,0.0,0
1530,1.0,0.1318754795868001,0.0197765997566165,-1.1226030349758407,-1.3966983207721115,-0.3362948217714412,0.0,0
1531,1.0,-0.3689388774074345,-0.2638795011239872,-1.1226030349758407,0.07064811839038174,2.833611433315728,0.0,0
1532,1.0,-0.4182080852243687,-0.7318763426272502,0.6708930750515975,-0.9341177198717292,-0.3362948217714412,0.0,0
1533,1.0,0.1133548987498186,0.06407553742562754,-0.22585497996212162,-0.9564458496108872,-0.3362948217714412,0.0,0
1534,1.0,-0.9733346033718722,-0.7132993687660519,0.6708930750515975,0.5856512847653089,-0.3362948217714412,0.0,0
1535,1.0,-1.1161439013919712,-0.9197895782232168,-1.1226030349758407,0.7710718404252734,-0.3362948217714412,1.0,0
1536,1.0,-0.6341178926685058,-0.6411349703052435,-0.22585497996212162,0.1313223839859199,-0.3362948217714412,0.0,0
1537,1.0,-0.09251362992728034,1.3644637077095034,0.6708930750515975,-0.3812538117651861,-0.3362948217714412,0.0,0
1538,1.0,-0.6582615896150288,-0.844052684789101,1.5676411300653166,-0.3220357285439409,-0.3362948217714412,0.0,0
1539,1.0,-0.17726202272108288,-0.16384964187138143,0.6708930750515975,-0.45794608347794613,-0.3362948217714412,0.0,0
1540,1.0,1.576927063927677,1.8145980743462298,-1.1226030349758407,0.4672151183228187,-0.3362948217714412,0.0,0
1541,1.0,-0.4632822699119624,-0.05953278865080688,0.6708930750515975,-1.4233949976341485,-0.3362948217714412,0.0,0
1542,1.0,0.6288072087911134,-0.3138944307502902,0.6708930750515975,1.5108124865660737,-0.3362948217714412,1.0,0
1543,1.0,-0.8080774688192389,-0.6489944592465197,0.6708930750515975,0.9375620252194299,-0.3362948217714412,0.0,0
1544,1.0,-0.5382125234668831,-0.8190452199759496,-1.1226030349758407,0.39489139373293713,-0.3362948217714412,0.0,0
1545,1.0,-0.19890655695225423,-0.2638795011239872,-1.1226030349758407,1.0380386090456413,-0.3362948217714412,0.0,0
1546,1.0,-0.5097399196741259,-0.6011230266042011,0.6708930750515975,-1.242828383221827,-0.3362948217714412,0.0,0
1547,1.0,-0.12763579165909844,-0.5225281371914394,0.6708930750515975,0.9958093201911465,-0.3362948217714412,0.0,0
1548,1.0,0.027490808315234046,-0.5582530869245129,-0.22585497996212162,0.5045904659296704,-0.3362948217714412,0.0,0
1549,1.0,-0.5070176174306178,-0.710441372787406,-0.22585497996212162,-0.8540276892856188,-0.3362948217714412,0.0,0
1550,1.0,-0.07095835150737172,0.4856299442758949,-1.1226030349758407,-0.33271439928875557,-0.3362948217714412,0.0,0
1551,1.0,0.5475844205421821,0.5142099040623538,0.6708930750515975,0.7535976519337582,-0.3362948217714412,0.0,0
1552,1.0,-0.08425746738549351,-0.5832605517376644,-0.22585497996212162,-0.18272761473658547,-0.3362948217714412,0.0,0
1553,1.0,-0.8412806306089119,-0.6154130064974305,-1.1226030349758407,-0.10700613127335391,-0.3362948217714412,0.0,0
1554,1.0,-0.8426194677778504,-0.7868927652161835,-1.1226030349758407,1.260834512312457,-0.3362948217714412,0.0,0
1555,1.0,-0.040298980338681685,0.07264952536156521,1.5676411300653166,-0.9612997908585302,-0.3362948217714412,0.0,0
1556,1.0,-0.4496707586944217,-0.04595730775223885,0.6708930750515975,-1.1540012583899593,-0.3362948217714412,0.0,0
1557,1.0,-0.8395847701949233,-0.8469106807677469,1.5676411300653166,-1.749579849475761,-0.3362948217714412,0.0,0
1558,1.0,-0.5066159662799362,0.26985124788813086,0.6708930750515975,0.2191787205682588,-0.3362948217714412,0.0,0
1559,1.0,0.9699429194366249,2.000367812958211,-0.22585497996212162,-0.03225543605965086,-0.3362948217714412,0.0,0
1560,1.0,2.0817133045230958,1.125821043492572,2.464389185079036,-0.4996899782076763,-0.3362948217714412,0.0,0
1561,1.0,-0.3871916908106284,-0.7175863627340208,-0.22585497996212162,1.190452364221633,-0.3362948217714412,0.0,0
1562,1.0,-0.028874236497073758,-0.01809184696044161,-0.22585497996212162,0.9230002014765007,-0.3362948217714412,0.0,0
1563,1.0,1.4834762295357748,0.34344464433826233,0.6708930750515975,-0.7952950001891379,-0.3362948217714412,0.0,0
1564,1.0,0.7150729503763794,0.3305836624343559,-1.1226030349758407,1.0011486555635538,-0.3362948217714412,0.0,0
1565,1.0,0.5245564212364411,0.660682197967955,0.6708930750515975,-1.1336147051498584,-0.3362948217714412,0.0,0
1566,1.0,0.9192009907338584,-0.6368479763372746,-0.22585497996212162,-0.210880473972915,-0.3362948217714412,1.0,0
1567,1.0,1.0345194988850885,0.3755970990980285,2.464389185079036,-0.8836367308962415,2.833611433315728,0.0,0
1568,1.0,0.7333703916852047,0.5442188618381355,0.6708930750515975,-0.9807155558491024,-0.3362948217714412,0.0,0
1569,1.0,-0.902777884568817,-0.7283038476539428,-0.22585497996212162,1.2453019003199992,-0.3362948217714412,0.0,0
1570,1.0,-0.701015123209796,-0.14098567404221443,2.464389185079036,-0.06623302479315221,-0.3362948217714412,0.0,0
1571,1.0,0.8078543661838126,0.11480496604659188,-0.22585497996212162,-1.305444225316422,-0.3362948217714412,0.0,0
1572,1.0,0.07912529513062606,-0.23458504234286692,-0.22585497996212162,1.2787940949287362,-0.3362948217714412,0.0,0
1573,1.0,0.5819925357838996,-0.5675415738551121,-0.22585497996212162,0.6366176678655613,-0.3362948217714412,0.0,0
1574,1.0,-0.7535421681378136,-0.8604861616663149,-0.22585497996212162,-0.20796810922432923,-0.3362948217714412,0.0,0
1575,1.0,-1.3243330811618967,-0.9533710309723059,0.6708930750515975,-1.605903188545527,-0.3362948217714412,0.0,0
1576,1.0,1.7049645251838221,1.0329361741865812,-0.22585497996212162,-1.335053266927045,-0.3362948217714412,0.0,0
1577,1.0,0.5654802107003258,0.0819380122921643,-1.1226030349758407,-0.1036083724000036,-0.3362948217714412,0.0,0
1578,1.0,-0.8865779548246621,-0.2988899518623993,2.464389185079036,2.4927648009642622,-0.3362948217714412,0.0,0
1579,1.0,-0.8510987698477938,-0.5804025557590186,0.6708930750515975,-1.6199796181636916,-0.3362948217714412,0.0,0
1580,1.0,0.11750529397352777,-0.2624505031346643,-0.22585497996212162,0.18228876708617164,-0.3362948217714412,0.0,0
1581,1.0,-0.23634936977689888,-0.5525370949672213,-1.1226030349758407,1.0259037559265334,-0.3362948217714412,0.0,0
1582,1.0,-0.7164563785582191,0.04478406456976778,-0.22585497996212162,1.350632425393853,-0.3362948217714412,0.0,0
1583,1.0,0.781880925106407,0.6170977592936054,-0.22585497996212162,-0.4191145534968017,-0.3362948217714412,0.0,0
1584,1.0,-0.20091481270566183,-0.5246716341754238,1.5676411300653166,-0.7030701164839199,2.833611433315728,0.0,0
1585,1.0,-0.2505856716732775,-0.5754010627963883,-1.1226030349758407,-1.3782533440310678,-0.3362948217714412,0.0,0
1586,1.0,-1.0896349254469904,-0.5861185477163103,-0.22585497996212162,1.0729869860286712,-0.3362948217714412,0.0,1
1587,1.0,1.4177839524465292,0.012631609810001795,-0.22585497996212162,0.26626195067039654,-0.3362948217714412,0.0,0
1588,1.0,-0.7221687504790231,0.1669633926568792,0.6708930750515975,1.4302370618551994,-0.3362948217714412,0.0,0
1589,1.0,-0.19484541753980755,-0.2588780081613569,0.6708930750515975,0.7856336641682026,-0.3362948217714412,0.0,0
1590,1.0,0.0022760416335604167,-0.48823218544768887,1.5676411300653166,0.7438897694384721,-0.3362948217714412,0.0,0
1591,1.0,0.7711702277548995,0.5720843226299328,-0.22585497996212162,-1.0845898985486637,2.833611433315728,0.0,0
1592,1.0,0.10317973626588642,0.06907703038825787,-1.1226030349758407,0.7341818869431865,-0.3362948217714412,0.0,0
1593,1.0,-0.8281600263533153,-0.7833202702428761,-0.22585497996212162,-0.7273398227221354,-0.3362948217714412,0.0,0
1594,1.0,-0.7822379114587272,-0.7297328456432658,-0.22585497996212162,-0.6220092976482811,-0.3362948217714412,0.0,0
1595,1.0,1.1812560526007403,0.37273910311938274,-0.22585497996212162,0.8841686714953564,-0.3362948217714412,0.0,0
1596,1.0,-0.6977126581930811,-0.13169718711161535,-0.22585497996212162,0.025991858912065766,-0.3362948217714412,0.0,0
1597,1.0,-0.008122260378528224,1.5895308910278663,0.6708930750515975,-1.3801949205301252,-0.3362948217714412,0.0,0
1598,1.0,-0.5454868720847819,-0.05024430172020759,-1.1226030349758407,-0.48173039559139713,-0.3362948217714412,0.0,0
1599,1.0,1.293584491074674,1.5337999694442719,-0.22585497996212162,0.06676496539226719,2.833611433315728,0.0,0
1600,1.0,-0.3027556933562449,-0.26459400011864875,-0.22585497996212162,1.9568896872244697,-0.3362948217714412,0.0,0
1601,1.0,1.957424587339978,-0.19171510266317876,-0.22585497996212162,1.1948209113445116,-0.3362948217714412,0.0,0
1602,1.0,0.9431661760578564,2.294026899764076,0.6708930750515975,-0.9603290026090016,-0.3362948217714412,0.0,0
1603,1.0,-1.2008922941857738,-0.6561394491931344,-1.1226030349758407,-0.8185939181778246,-0.3362948217714412,0.0,0
1604,1.0,-0.41535189926396665,-0.4653682176185219,-0.22585497996212162,-0.06963078366650252,-0.3362948217714412,0.0,0
1605,1.0,-0.8730110715127527,-0.6947223949048537,0.6708930750515975,-0.9428548141174866,-0.3362948217714412,0.0,0
1606,1.0,-0.786789957833118,-0.09811573436252617,0.6708930750515975,-0.971978461603345,-0.3362948217714412,0.0,0
1607,1.0,-0.16400753474859256,-0.01737734796578002,0.6708930750515975,1.1467668929928454,-0.3362948217714412,0.0,0
1608,1.0,-0.6428203342666056,-0.5396761130633146,-1.1226030349758407,-0.5234742903211274,-0.3362948217714412,0.0,0
1609,1.0,1.4631705324735418,0.675686676855846,0.6708930750515975,-0.7642297762042225,-0.3362948217714412,0.0,0
1610,1.0,-0.2692401362271529,-0.17599612478062637,-0.22585497996212162,1.209868129212205,-0.3362948217714412,0.0,0
1611,1.0,-0.28557394968820177,-0.6154130064974305,-0.22585497996212162,0.03181658840923732,-0.3362948217714412,0.0,0
1612,1.0,0.1528952231391336,-0.5353891190953459,-0.22585497996212162,0.9797913140739246,-0.3362948217714412,0.0,0
1613,1.0,-0.315162251121741,0.0505000565270597,-1.1226030349758407,-0.8244186476749963,-0.3362948217714412,0.0,0
1614,1.0,-0.5997544053324195,0.029779585681876976,0.6708930750515975,0.6521502798580189,-0.3362948217714412,0.0,0
1615,1.0,-0.8104873757233282,-0.4617957226452145,-0.22585497996212162,0.359457622625143,-0.3362948217714412,0.0,0
1616,1.0,-1.169161853281933,-0.904785099335326,0.6708930750515975,-0.12593650213916185,-0.3362948217714412,1.0,0
1617,1.0,-0.9810106031404526,-0.8433381857944395,-0.22585497996212162,-0.3205795461696479,-0.3362948217714412,0.0,0
1618,1.0,2.112149536163629,0.8721739003877503,1.5676411300653166,0.2696597095437466,-0.3362948217714412,0.0,0
1619,1.0,0.9074638515528316,-0.5368181170846689,-0.22585497996212162,-0.05458356579880884,-0.3362948217714412,0.0,0
1620,1.0,-0.286243368272671,0.8914653732436099,-0.22585497996212162,0.40362848797869477,-0.3362948217714412,0.0,0
1621,1.0,-1.0706234376480648,-0.8190452199759496,-1.1226030349758407,1.3661650373863112,-0.3362948217714412,1.0,0
1622,1.0,2.3920111323773923,4.404656929994059,0.6708930750515975,-1.2132193416112045,-0.3362948217714412,0.0,0
1623,1.0,0.22666515114764085,-0.1802831187485952,-0.22585497996212162,-1.0302257565750614,-0.3362948217714412,0.0,0
1624,1.0,0.20011154729702874,0.0354955776391687,-0.22585497996212162,-0.8642209659056693,-0.3362948217714412,0.0,0
1625,1.0,-0.15249353509572192,-0.5418196100472992,2.464389185079036,-1.129731552151744,-0.3362948217714412,0.0,0
1626,1.0,0.5874371402709161,0.24127128810167225,-1.1226030349758407,0.5317725369164711,-0.3362948217714412,0.0,0
1627,1.0,-1.3140686628667022,-0.9683755098601967,-1.1226030349758407,-1.0656595276828558,-0.3362948217714412,0.0,0
1628,1.0,-0.07082446779047774,-0.13241168610627674,-0.22585497996212162,0.2191787205682588,-0.3362948217714412,0.0,0
1629,1.0,-0.7413587499004739,-0.5811170547536799,-1.1226030349758407,1.6884667362298096,-0.3362948217714412,0.0,0
1630,1.0,2.0587745610286174,1.250143868563668,-1.1226030349758407,-0.06720381304268098,-0.3362948217714412,0.0,0
1631,1.0,-1.047640066247955,-0.8762051395488671,1.5676411300653166,2.652459468011719,-0.3362948217714412,0.0,0
1632,1.0,-0.31083334427550674,-0.5789735577696956,-1.1226030349758407,0.20655847332438693,-0.3362948217714412,0.0,0
1633,1.0,0.9411579203044484,-0.2881724669424772,1.5676411300653166,0.4890578539372124,-0.3362948217714412,0.0,0
1634,1.0,-0.952493371442064,-0.9190750792285554,-1.1226030349758407,-1.3180644725602944,2.833611433315728,0.0,0
1635,1.0,0.17770833867012578,0.19554335244333804,-1.1226030349758407,-0.004587970948085569,-0.3362948217714412,0.0,0
1636,1.0,-0.3117259023881323,-0.6840049099849316,0.6708930750515975,-1.0617763746847413,-0.3362948217714412,0.0,0
1637,1.0,0.5922569540790944,0.10694547710531578,-0.22585497996212162,1.027845332425591,-0.3362948217714412,0.0,0
1638,1.0,-0.8294542356166226,-0.23815753731617428,-0.22585497996212162,0.11142122487058315,-0.3362948217714412,0.0,0
1639,1.0,-0.78442467883466,-0.570399569833758,-1.1226030349758407,-0.45988765997700337,-0.3362948217714412,0.0,0
1640,1.0,2.391787992849236,5.404955522520117,-0.22585497996212162,0.5099298013020777,-0.3362948217714412,1.0,0
1641,1.0,0.7844693436330213,0.38845808100193496,0.6708930750515975,1.023476785302712,-0.3362948217714412,0.0,0
1642,1.0,0.6263973018870241,-0.32746991164885814,-1.1226030349758407,-0.5161933784496627,-0.3362948217714412,0.0,0
1643,1.0,0.880687108174063,0.44061650761222226,-0.22585497996212162,0.3973183643567587,-0.3362948217714412,0.0,0
1644,1.0,0.4901483059947236,0.6849751637864452,-1.1226030349758407,0.8909641892420569,-0.3362948217714412,0.0,0
1645,1.0,-0.8562756069010223,-0.27888398001187814,-1.1226030349758407,-0.8156815534292388,-0.3362948217714412,0.0,0
1646,1.0,1.0449178008971767,0.6992651436796745,-1.1226030349758407,-1.585516635305426,2.833611433315728,0.0,0
1647,1.0,-1.3345082436458289,-0.9669465118708738,-0.22585497996212162,-1.6753145483868226,-0.3362948217714412,0.0,0
1648,1.0,-0.7878163996626374,-0.5625400808924818,-1.1226030349758407,-0.4676539659732322,-0.3362948217714412,0.0,0
1649,1.0,1.7545907562458065,0.7192711155301957,0.6708930750515975,-0.2846603809370893,-0.3362948217714412,0.0,0
1650,1.0,-0.5347761747332745,-0.3367583985794572,-0.22585497996212162,-0.7516095289603506,-0.3362948217714412,0.0,0
1651,1.0,0.431462610089589,0.031923082665861344,-0.22585497996212162,-0.6438520332626748,2.833611433315728,0.0,0
1652,1.0,-0.4993862455676687,-0.7461663225204797,-0.22585497996212162,-0.28126262206373925,-0.3362948217714412,0.0,0
1653,1.0,-0.9642751385287223,0.03835357361781466,-0.22585497996212162,-0.7224858814744923,-0.3362948217714412,0.0,0
1654,1.0,0.5212985841253575,1.1729779771402291,-0.22585497996212162,-1.6146402827912845,-0.3362948217714412,1.0,0
1655,1.0,-0.5702107318045115,-0.2996044508570608,-0.22585497996212162,-0.19631865022998585,-0.3362948217714412,0.0,0
1656,1.0,1.8002451037066065,2.8213271578242405,-1.1226030349758407,-1.4010668678949905,2.833611433315728,1.0,0
1657,1.0,0.5346423279091106,0.0054866198633870865,-1.1226030349758407,1.850102979776323,-0.3362948217714412,0.0,0
1658,1.0,0.033604831386719554,0.4720544633773271,0.6708930750515975,0.1735516728404143,-0.3362948217714412,0.0,0
1659,1.0,-0.33198697154473394,-0.7411648295578493,-0.22585497996212162,0.6201142676235746,-0.3362948217714412,0.0,0
1660,1.0,-0.9416934182792941,-0.6761454210436555,-1.1226030349758407,0.7516560754347011,2.833611433315728,0.0,0
1661,1.0,-0.8437351654186324,-0.7668867933656621,2.464389185079036,-0.9030524958868136,-0.3362948217714412,0.0,0
1662,1.0,1.465446555660737,0.11694846303057625,-1.1226030349758407,-1.064688739433327,-0.3362948217714412,0.0,0
1663,1.0,0.4779648877573838,0.09194099821742498,-1.1226030349758407,-0.2336939978368375,2.833611433315728,0.0,0
1664,1.0,-0.5503513137985915,-0.4467912437573236,-0.22585497996212162,-0.28077722793897497,-0.3362948217714412,0.0,0
1665,1.0,-1.024612066942214,-0.8812066325114974,-1.1226030349758407,1.008914961559783,-0.3362948217714412,0.0,0
1666,1.0,-0.5605264762825235,-0.6132695095134462,0.6708930750515975,-0.04390489505399423,-0.3362948217714412,0.0,0
1667,1.0,0.1909628266426161,0.365594113172768,-1.1226030349758407,-1.2471969303447057,-0.3362948217714412,0.0,0
1668,1.0,0.0668526210820238,0.07193502636690363,-0.22585497996212162,1.917572763118561,-0.3362948217714412,0.0,0
1669,1.0,-0.7118150763725659,-0.7361633365952189,0.6708930750515975,0.8390270178922762,-0.3362948217714412,0.0,0
1670,1.0,-0.28758220544160934,-0.35819336841930133,-1.1226030349758407,-0.17301973224129935,2.833611433315728,0.0,0
1671,1.0,0.21568668636234584,-0.2281545513909137,-0.22585497996212162,-0.9593582143594729,-0.3362948217714412,0.0,0
1672,1.0,-0.021644515784806227,-0.42821426989612543,-0.22585497996212162,1.8991277863775178,-0.3362948217714412,0.0,0
1673,1.0,0.13343745628389503,-0.0966867363732032,0.6708930750515975,1.0195936323045975,-0.3362948217714412,0.0,0
1674,1.0,3.455047844514504,0.40346255988982593,0.6708930750515975,-1.1374978581479729,-0.3362948217714412,0.0,0
1675,1.0,-0.5056787802616793,-0.08739824944260412,-1.1226030349758407,0.06336720651891715,-0.3362948217714412,0.0,1
1676,1.0,-0.11647881525127822,-0.28031297800120103,-1.1226030349758407,-1.147205740643259,-0.3362948217714412,0.0,0
1677,1.0,-0.3586744591122399,-0.4910901814263347,1.5676411300653166,-0.26767158657033857,-0.3362948217714412,0.0,0
1678,1.0,-0.3949569463904713,-0.20886307853505406,0.6708930750515975,-0.3244626991677625,-0.3362948217714412,0.0,0
1679,1.0,0.6352782551076491,0.009773613831355832,-1.1226030349758407,-0.1958332561052216,-0.3362948217714412,0.0,0
1680,1.0,1.7318751522794844,-0.05381679669351495,-1.1226030349758407,0.6016692908825308,-0.3362948217714412,0.0,0
1681,1.0,1.1344860074991576,0.05693054747901283,0.6708930750515975,-0.5399776905631137,-0.3362948217714412,0.0,0
1682,1.0,1.2347202835470148,3.8387737262221737,-1.1226030349758407,0.8929057657411139,-0.3362948217714412,0.0,0
1683,1.0,1.1306926355204987,-0.21600806848166876,0.6708930750515975,0.8317461060208112,-0.3362948217714412,0.0,0
1684,1.0,-0.9881510680414575,-0.7990392481254284,0.6708930750515975,0.7108829689544998,-0.3362948217714412,0.0,0
1685,1.0,-0.6568334966348278,-0.6154130064974305,0.6708930750515975,-0.10118140177618208,-0.3362948217714412,0.0,0
1686,1.0,1.2503400505179632,0.6106672683416523,-0.22585497996212162,1.206955764463619,-0.3362948217714412,0.0,0
1687,1.0,-0.41963617820456967,-0.2688809940866176,-0.22585497996212162,2.894671136269107,-0.3362948217714412,0.0,0
1688,1.0,-0.4488674563930587,-0.5468211030099294,-1.1226030349758407,-0.0007048179499710194,-0.3362948217714412,0.0,0
1689,1.0,1.9697418892942116,0.5492203548007659,-1.1226030349758407,-0.569101338048972,-0.3362948217714412,0.0,0
1690,1.0,3.2798833149117264,1.889620468785684,-0.22585497996212162,-1.1273045815279226,-0.3362948217714412,0.0,0
1691,1.0,0.2328238021247576,0.3463026403169083,-0.22585497996212162,-0.6943330222381626,-0.3362948217714412,0.0,1
1692,1.0,-1.0423293454778326,-0.8747761415595442,1.5676411300653166,-1.1141989401592862,-0.3362948217714412,0.0,0
1693,1.0,-0.9767263241998495,-0.8876371234634507,-0.22585497996212162,-0.9093626195087496,-0.3362948217714412,0.0,0
1694,1.0,-0.9412917671286125,-0.5453921050206065,-0.22585497996212162,-0.7812185705709732,-0.3362948217714412,0.0,0
1695,1.0,0.8309269933951848,-0.0016583700832276216,0.6708930750515975,0.713309939578321,-0.3362948217714412,0.0,0
1696,1.0,0.5036259334953703,-0.18385561372190257,2.464389185079036,-1.9350004051357255,-0.3362948217714412,0.0,0
1697,1.0,2.3131982510325497,2.3769087831448066,-0.22585497996212162,0.13617632523356293,2.833611433315728,1.0,0
1698,1.0,0.06274685376394588,-0.4253562739174795,1.5676411300653166,-0.6487059745103179,-0.3362948217714412,0.0,0
1699,1.0,-0.40437343447867163,0.1912563584753693,-1.1226030349758407,-0.4535775363550673,-0.3362948217714412,0.0,0
1700,1.0,0.17534305967166777,-0.5954070346469094,-1.1226030349758407,-0.6142429916520523,-0.3362948217714412,1.0,0
1701,1.0,-1.169652760243877,-0.9176460812392324,-0.22585497996212162,0.09200545988001121,-0.3362948217714412,0.0,0
1702,1.0,0.8022312500742712,0.34487364232758533,-0.22585497996212162,0.7477729224365867,-0.3362948217714412,0.0,0
1703,1.0,-0.6031014982547657,-0.45250723571461543,3.361137240092755,1.7714691315645053,2.833611433315728,0.0,0
1704,1.0,-0.4444046658299306,-0.5911200406789406,-1.1226030349758407,-1.379709526405361,-0.3362948217714412,0.0,0
1705,1.0,0.3531852636123224,-0.5796880567643571,-1.1226030349758407,-0.4545483246045961,-0.3362948217714412,0.0,0
1706,1.0,1.8867786127256603,0.29700220968526675,0.6708930750515975,-0.07108696604079527,-0.3362948217714412,0.0,0
1707,1.0,-0.007899120850371769,-0.2638795011239872,-0.22585497996212162,0.1337493546097414,-0.3362948217714412,0.0,0
1708,1.0,1.0584400563034553,0.306290696615866,1.5676411300653166,0.9026136482364,-0.3362948217714412,0.0,0
1709,1.0,0.8731003642167451,0.2462727810643024,-0.22585497996212162,0.19830677320339382,-0.3362948217714412,0.0,0
1710,1.0,-0.07783104897458906,0.19411435445401506,-0.22585497996212162,0.8686360595028987,2.833611433315728,0.0,0
1711,1.0,-1.0013609281083167,-0.7961812521467826,-1.1226030349758407,1.1661826579834176,-0.3362948217714412,0.0,0
1712,1.0,-0.3295324367350134,-0.5696850708390965,-0.22585497996212162,0.23616751493500948,-0.3362948217714412,0.0,0
1713,1.0,-1.160280900061308,-0.9083575943086334,-1.1226030349758407,0.9613463373328809,-0.3362948217714412,0.0,0
1714,1.0,0.12241436359296852,-0.17956861975393373,0.6708930750515975,0.43129595309026003,-0.3362948217714412,0.0,0
1715,1.0,-1.1692064811875642,-0.8483396787570698,-0.22585497996212162,-0.13273201988586192,-0.3362948217714412,0.0,0
1716,1.0,0.24598903428598543,0.18482586752341598,-0.22585497996212162,0.9259125662250868,-0.3362948217714412,0.0,0
1717,1.0,-0.625727846409825,-0.34747588349937925,1.5676411300653166,1.0069733850607254,-0.3362948217714412,0.0,0
1718,1.0,-0.36983143552006015,-0.45036373873063096,-0.22585497996212162,1.1962770937188043,-0.3362948217714412,0.0,0
1719,1.0,1.6000443190446803,1.6395458206541693,-0.22585497996212162,-1.6238627711618063,-0.3362948217714412,0.0,0
1720,1.0,-0.18837437122327186,-0.42464177492281807,0.6708930750515975,0.6958357510868064,-0.3362948217714412,0.0,0
1721,1.0,0.5461116996563498,0.1283804469451599,-0.22585497996212162,-1.5161052754641307,-0.3362948217714412,0.0,0
1722,1.0,-1.2261963166787102,-0.915502584255248,-1.1226030349758407,-1.2214710417321974,-0.3362948217714412,0.0,0
1723,1.0,0.07127078373952066,0.41060754983644066,-0.22585497996212162,-0.45746068935318185,-0.3362948217714412,0.0,0
1724,1.0,2.3846029000425992,1.3044457921579398,0.6708930750515975,0.685642474466756,-0.3362948217714412,0.0,0
1725,1.0,-0.08238309534897964,-0.30174794784104514,0.6708930750515975,-0.7414162523403002,-0.3362948217714412,0.0,0
1726,1.0,1.1398413561749117,0.4063205558684717,-0.22585497996212162,1.4185876028608557,-0.3362948217714412,0.0,0
1727,1.0,-0.9022423497012416,-0.5482501009992524,-0.22585497996212162,-0.2667007983208101,-0.3362948217714412,0.0,0
1728,1.0,0.6637508589004063,1.63025733372357,-0.22585497996212162,1.396259473121698,-0.3362948217714412,0.0,0
1729,1.0,0.29333924216077456,1.1308225364552027,-0.22585497996212162,-1.0768235925524348,-0.3362948217714412,0.0,0
1730,1.0,-0.7714825862015886,-0.7197298597180052,-0.22585497996212162,1.0826948685239572,-0.3362948217714412,0.0,0
1731,1.0,-0.267678159530058,-0.39463281714703624,-0.22585497996212162,-0.8176231299282961,-0.3362948217714412,0.0,0
1732,1.0,-0.5328571747911294,0.14695742080635807,-0.22585497996212162,1.4156752381122701,-0.3362948217714412,0.0,0
1733,1.0,0.8621218994314503,-0.2438735292734661,0.6708930750515975,-0.9996459267149103,-0.3362948217714412,0.0,0
1734,1.0,0.5005019801011807,-0.21815156546565312,-0.22585497996212162,-0.011383488694785894,-0.3362948217714412,0.0,0
1735,1.0,-0.304049902619552,-0.6997238878674841,-0.22585497996212162,-0.009441912195728621,-0.3362948217714412,0.0,0
1736,1.0,-0.5993081262761066,-0.7697447893443081,-1.1226030349758407,-1.015178538707368,-0.3362948217714412,0.0,0
1737,1.0,-0.3326117622235718,-0.50823815729821,1.5676411300653166,-0.9845987088472168,-0.3362948217714412,0.0,0
1738,1.0,0.08398973684443582,0.4449035015801912,-0.22585497996212162,-1.021488662329304,-0.3362948217714412,0.0,0
1739,1.0,0.5981478376224234,0.38702908301261196,0.6708930750515975,-1.1593405937623666,2.833611433315728,0.0,1
1740,1.0,-0.19618425470874604,-0.24744602424677345,-0.22585497996212162,0.03084580015970882,-0.3362948217714412,0.0,0
1741,1.0,0.6577707195458148,0.5613668377100107,0.6708930750515975,-0.7618028055804009,-0.3362948217714412,0.0,0
1742,1.0,1.298270421165959,0.962915272709757,-0.22585497996212162,0.9176608661040935,-0.3362948217714412,0.0,1
1743,1.0,0.4064263550304406,0.7685715461618371,-0.22585497996212162,-0.9244098373764431,-0.3362948217714412,0.0,0
1744,1.0,0.3450183568817978,0.6735431798718616,0.6708930750515975,1.1938501230949827,-0.3362948217714412,0.0,0
1745,1.0,-0.16048193020372128,0.6599676989732937,0.6708930750515975,1.355971760766261,2.833611433315728,0.0,0
1746,1.0,-1.257346594809344,-0.9662320128762124,-0.22585497996212162,-0.3560133172774423,-0.3362948217714412,0.0,0
1747,1.0,1.0858862182666928,-0.3360438995847957,-0.22585497996212162,0.02696264716159427,-0.3362948217714412,0.0,0
1748,1.0,0.878455712892499,-0.06810677658674437,-0.22585497996212162,-1.0336235154484117,-0.3362948217714412,0.0,0
1749,1.0,-0.6867341934077861,-0.23458504234286692,-0.22585497996212162,-0.5273574433192418,-0.3362948217714412,0.0,0
1750,1.0,0.1780207340095447,-0.033096325848332414,-0.22585497996212162,0.5264332015440638,-0.3362948217714412,0.0,0
1751,1.0,1.6967976184532976,1.344457735858982,-0.22585497996212162,-0.16719500274412755,-0.3362948217714412,0.0,0
1752,1.0,-0.24250802075401562,0.9650587696937415,-0.22585497996212162,1.0540566151628632,-0.3362948217714412,0.0,0
1753,1.0,-0.5026440826787522,-0.05881828965614529,0.6708930750515975,-1.1874934529986962,-0.3362948217714412,1.0,0
1754,1.0,-0.41316513188803394,-0.7397358315685263,-1.1226030349758407,0.06627957126750293,-0.3362948217714412,0.0,0
1755,1.0,-1.3258504299533604,-0.9998134656253016,-1.1226030349758407,-0.44484044210931,-0.3362948217714412,0.0,0
1756,1.0,-0.9349546045289706,-0.7183008617286822,1.5676411300653166,1.316654836660352,-0.3362948217714412,0.0,0
1757,1.0,-0.08876488585425285,0.05693054747901283,0.6708930750515975,1.566632810913969,-0.3362948217714412,0.0,0
1758,1.0,-0.9121051168457548,-0.4910901814263347,-0.22585497996212162,0.09928637175147552,-0.3362948217714412,0.0,0
1759,1.0,0.1435679908621957,-0.28174197599052403,-1.1226030349758407,-0.8054882768091884,-0.3362948217714412,0.0,0
1760,1.0,0.06511213276240391,-0.21958056345497612,0.6708930750515975,0.3808149641147725,-0.3362948217714412,0.0,0
1761,1.0,-0.5554835229461889,-0.15670465192476674,0.6708930750515975,0.4895432480619767,-0.3362948217714412,0.0,0
1762,1.0,-0.857480560353067,-0.6690004310970408,-1.1226030349758407,1.4710101683354009,-0.3362948217714412,0.0,0
1763,1.0,0.13504406088662121,0.1676778916515408,-1.1226030349758407,-0.8909176427677059,-0.3362948217714412,0.0,0
1764,1.0,-0.8343633052360634,-0.6811469140062859,1.5676411300653166,0.12258528974016228,-0.3362948217714412,0.0,0
1765,1.0,-0.626843544050607,0.20911883334190606,-1.1226030349758407,0.15413590784984213,-0.3362948217714412,0.0,1
1766,1.0,0.5354010023048424,-0.5475356020045908,-0.22585497996212162,0.4317813472150243,-0.3362948217714412,0.0,0
1767,1.0,-0.492290408572295,0.23484079714971892,0.6708930750515975,1.285104218550672,-0.3362948217714412,0.0,0
1768,1.0,-1.0995423204971346,-0.7290183466486042,0.6708930750515975,-0.3108716636743618,-0.3362948217714412,0.0,0
1769,1.0,0.042575040418606984,0.33558515539698625,1.5676411300653166,1.1778321169777608,-0.3362948217714412,1.0,0
1770,1.0,-0.5755214525746339,-0.7361633365952189,-0.22585497996212162,0.9137777131059789,-0.3362948217714412,1.0,0
1771,1.0,-0.16191002318392225,-0.37033985132854624,0.6708930750515975,0.051717747524573775,-0.3362948217714412,0.0,0
1772,1.0,2.8597115833932163,2.7670252342299695,2.464389185079036,2.108332654150933,-0.3362948217714412,0.0,0
1773,1.0,2.9020634658373017,2.78703120608049,-0.22585497996212162,-0.5098832548277267,-0.3362948217714412,0.0,0
1774,1.0,-1.1279702963842606,-0.6932933969155308,0.6708930750515975,-0.22204453884249412,-0.3362948217714412,0.0,0
1775,1.0,0.23041389522066857,0.03406657964984572,-0.22585497996212162,-0.03808016555682268,-0.3362948217714412,0.0,0
1776,1.0,-0.8556954441278156,-0.7082978758034217,-1.1226030349758407,1.0754139566524923,-0.3362948217714412,0.0,0
1777,1.0,0.7757222741292903,-0.2881724669424772,-1.1226030349758407,0.14005947823167722,-0.3362948217714412,0.0,0
1778,1.0,-0.5566438484926021,0.09980048715870107,0.6708930750515975,-0.12059716676675429,-0.3362948217714412,0.0,0
1779,1.0,-0.3554166220011564,0.6435342220960799,-1.1226030349758407,-1.305444225316422,-0.3362948217714412,0.0,0
1780,1.0,-0.7788015627251186,-0.7754607813015999,-0.22585497996212162,1.8297164265362218,-0.3362948217714412,0.0,0
1781,1.0,-0.5039382919420593,-0.582546052743003,1.5676411300653166,-0.05943750704645189,-0.3362948217714412,0.0,0
1782,1.0,0.8066940406373994,-0.01737734796578002,-0.22585497996212162,0.2322843619368952,-0.3362948217714412,0.0,0
1783,1.0,-1.2188327122495486,-0.6504234572358427,-1.1226030349758407,-0.5448316318107568,-0.3362948217714412,0.0,0
1784,1.0,1.021086499290073,0.3763115980926901,1.5676411300653166,-0.006044153322378592,-0.3362948217714412,0.0,0
1785,1.0,-0.8104873757233282,-0.5653980768711276,1.5676411300653166,1.6195407705132778,-0.3362948217714412,0.0,0
1786,1.0,-1.1260512964421157,-0.6168420044867535,-1.1226030349758407,1.415189843987506,-0.3362948217714412,1.0,0
1787,1.0,-0.7900031670385702,-0.37105435032320777,-1.1226030349758407,-1.4219388152598553,-0.3362948217714412,0.0,0
1788,1.0,-0.17030006944260304,-0.5811170547536799,-0.22585497996212162,-0.16865118511842056,-0.3362948217714412,0.0,0
1789,1.0,-0.16141911622197808,1.0300781782079353,-0.22585497996212162,1.9855279405855637,-0.3362948217714412,0.0,0
1790,1.0,3.675598954144295,1.3294532569710913,-0.22585497996212162,-0.4768764543437541,-0.3362948217714412,0.0,0
1791,1.0,1.9788906099486245,0.4534774895161287,1.5676411300653166,1.8035051437989496,-0.3362948217714412,0.0,0
1792,1.0,0.2268882906757973,-0.3067494408036755,0.6708930750515975,-0.4069797003776941,-0.3362948217714412,0.0,0
1793,1.0,-1.1848708760641438,-0.9233620731965242,-1.1226030349758407,-0.8268456182988178,-0.3362948217714412,0.0,0
1794,1.0,-0.3353786923727113,-0.1359841810795841,-0.22585497996212162,-0.5525979378069856,-0.3362948217714412,1.0,0
1795,1.0,-0.3507306919098719,-0.4846596904743815,-0.22585497996212162,0.32402385151734864,-0.3362948217714412,0.0,0
1796,1.0,1.219189772387329,0.28985721973865225,0.6708930750515975,0.7943707584139602,-0.3362948217714412,0.0,0
1797,1.0,-0.18681239452617693,-0.10811872028778685,-1.1226030349758407,1.359854913764375,-0.3362948217714412,0.0,0
1798,1.0,-1.3345082436458289,-0.9240765721911858,0.6708930750515975,1.3176256249098808,-0.3362948217714412,0.0,0
1799,1.0,-0.5647661273174953,-0.5361036180900073,-1.1226030349758407,-0.3696043527708427,-0.3362948217714412,0.0,0
1800,1.0,-1.1287735986856238,-0.8226177149492568,-1.1226030349758407,-0.4992045840829121,-0.3362948217714412,0.0,0
1801,1.0,0.665580603031289,-0.10883321928244824,1.5676411300653166,1.1516208342404886,-0.3362948217714412,0.0,0
1802,1.0,-0.2962846470397092,-0.5032366643355798,-0.22585497996212162,-0.5841485559166655,-0.3362948217714412,0.0,0
1803,1.0,-0.4359253637599872,-0.5232426361861009,0.6708930750515975,-0.7433578288393574,-0.3362948217714412,0.0,0
1804,1.0,0.3157424507876775,0.13481093789711301,-0.22585497996212162,1.0744431684029638,2.833611433315728,0.0,0
1805,1.0,-0.9570007899108234,-0.5746865638017268,0.6708930750515975,-0.5127956195763127,-0.3362948217714412,0.0,0
1806,1.0,-0.9826172077431787,-0.9054995983299874,-0.22585497996212162,0.5550714549051579,-0.3362948217714412,0.0,0
1807,1.0,-0.8055336781982559,-0.6840049099849316,-0.22585497996212162,-0.9462525729908368,-0.3362948217714412,0.0,0
1808,1.0,-0.7987948644479326,-0.5103816542821945,-0.22585497996212162,1.7520533665739335,-0.3362948217714412,1.0,0
1809,1.0,-0.06823604926386351,-0.4760857025384439,-1.1226030349758407,1.313742471911766,-0.3362948217714412,0.0,0
1810,1.0,0.7859420645188535,-0.21386457149768429,-0.22585497996212162,-0.18661076773469973,-0.3362948217714412,0.0,0
1811,1.0,0.2657145685750117,1.8467505291059956,-0.22585497996212162,1.1899669700968687,-0.3362948217714412,0.0,0
1812,1.0,-0.6927589606680089,-0.2624505031346643,-0.22585497996212162,1.240447959072356,-0.3362948217714412,0.0,0
1813,1.0,-0.967086696583493,-0.8633441576449608,-1.1226030349758407,-0.44338425973501694,-0.3362948217714412,0.0,0
1814,1.0,-1.0414367873652068,-0.8554846687036846,0.6708930750515975,0.666712103600948,-0.3362948217714412,0.0,0
1815,1.0,-1.2420392231778148,-0.9319360611324619,-1.1226030349758407,1.1356028281232666,-0.3362948217714412,0.0,0
1816,1.0,1.5328793210696026,1.1343950314285098,-0.22585497996212162,-0.19971640910333613,-0.3362948217714412,0.0,0
1817,1.0,-0.8614970718598821,-0.6425639682945664,-0.22585497996212162,-0.9103334077582782,-0.3362948217714412,0.0,1
1818,1.0,-0.12379779177480824,-0.22529655541226784,0.6708930750515975,-0.7351061287183642,2.833611433315728,0.0,0
1819,1.0,-0.7245786573831123,-0.7540258114617557,-0.22585497996212162,-1.8243305446894642,-0.3362948217714412,0.0,0
1820,1.0,-0.6980250535325001,-0.7175863627340208,1.5676411300653166,-0.8782973955238341,-0.3362948217714412,0.0,0
1821,1.0,-0.8581499789375361,-0.5053801613195641,0.6708930750515975,0.12986620161162685,-0.3362948217714412,0.0,0
1822,1.0,1.2112460051849612,0.04692756155375235,-1.1226030349758407,-0.19680404435475035,-0.3362948217714412,0.0,0
1823,1.0,-0.9549925341574157,-0.7868927652161835,-1.1226030349758407,-0.3720313233946642,-0.3362948217714412,0.0,0
1824,1.0,2.565122778321131,7.214781475997621,0.6708930750515975,1.1841422405996964,-0.3362948217714412,0.0,0
1825,1.0,-0.31484985578232205,0.5527928497740733,-0.22585497996212162,0.3910082407348229,-0.3362948217714412,0.0,0
1826,1.0,4.179537264532718,2.188281048554178,-1.1226030349758407,-0.8283018006731107,-0.3362948217714412,1.0,0
1827,1.0,1.2125848423538994,-0.40249230608831243,0.6708930750515975,-0.8870344897695915,-0.3362948217714412,0.0,0
1828,1.0,0.06636171412007964,-0.568970571844435,0.6708930750515975,-1.328743143305109,-0.3362948217714412,0.0,0
1829,1.0,0.9016622238207652,-0.48823218544768887,0.6708930750515975,-1.2151609181102616,-0.3362948217714412,0.0,0
1830,1.0,0.10081445726742866,-0.4253562739174795,0.6708930750515975,-0.3205795461696479,-0.3362948217714412,0.0,0
1831,1.0,-0.01508421365700806,-0.6625699401450876,1.5676411300653166,-1.126333793278394,-0.3362948217714412,0.0,0
1832,1.0,-0.2502286484282273,-0.15170315896213638,-0.22585497996212162,0.15462130197460636,-0.3362948217714412,0.0,0
1833,1.0,-1.1541222490841911,-0.9054995983299874,-1.1226030349758407,0.23276975606165945,-0.3362948217714412,1.0,0
1834,1.0,-0.15445716294349826,-0.32461191567021214,-1.1226030349758407,2.18696650236275,-0.3362948217714412,0.0,0
1835,1.0,2.981010230899038,1.635973325680862,1.5676411300653166,-0.5142518019506055,-0.3362948217714412,0.0,0
1836,1.0,-1.125962040630853,-0.9333650591217848,-0.22585497996212162,-0.892373825141999,-0.3362948217714412,0.0,0
1837,1.0,-0.053508840405540756,0.5142099040623538,-0.22585497996212162,0.6948649628372773,-0.3362948217714412,0.0,0
1838,1.0,-0.9506636273111816,-0.7461663225204797,-1.1226030349758407,-0.9748908263519307,-0.3362948217714412,0.0,0
1839,1.0,-0.4761351067337713,-0.7318763426272502,-1.1226030349758407,-0.4278516477425593,-0.3362948217714412,0.0,0
1840,1.0,-0.41298662026550875,-0.5210991392021165,-1.1226030349758407,-1.040419033195112,2.833611433315728,1.0,0
1841,1.0,-0.10121607152538006,-0.2974609538730763,-1.1226030349758407,-1.9286902815137894,-0.3362948217714412,0.0,0
1842,1.0,-0.7370744709598709,-0.7111558717820676,3.361137240092755,-0.4050381238786371,-0.3362948217714412,0.0,0
1843,1.0,-1.1101637620373797,-0.8590571636769919,-1.1226030349758407,1.4632438623391717,-0.3362948217714412,0.0,0
1844,1.0,0.6886086023370298,-0.15313215695145938,-1.1226030349758407,0.807476399782596,-0.3362948217714412,0.0,0
1845,1.0,-1.3345082436458289,-0.9790929947801188,-0.22585497996212162,0.7967977290377815,-0.3362948217714412,0.0,0
1846,1.0,-0.8349880959149013,-0.6261304914173526,1.5676411300653166,0.25703946229987473,-0.3362948217714412,0.0,0
1847,1.0,-1.1461784818818233,-0.8068987370667046,1.5676411300653166,1.447711250346714,-0.3362948217714412,1.0,0
1848,1.0,-0.48595324597265316,-0.23887203631083576,0.6708930750515975,1.6637116358668296,-0.3362948217714412,0.0,0
1849,1.0,0.18779424534279524,-0.2517330182147423,-0.22585497996212162,-0.6909352633648126,-0.3362948217714412,0.0,0
1850,1.0,2.0323102129892674,0.6263862462242045,0.6708930750515975,0.1303515957363911,-0.3362948217714412,0.0,0
1851,1.0,-0.3621108078458486,-0.4253562739174795,-0.22585497996212162,1.5384799516776393,-0.3362948217714412,0.0,0
1852,1.0,-0.41187092262472674,-0.4932336784103192,-0.22585497996212162,0.6841862920924627,-0.3362948217714412,0.0,0
1853,1.0,-0.44819803780858947,-0.7961812521467826,-0.22585497996212162,0.588563649513895,-0.3362948217714412,0.0,0
1854,1.0,-0.09148718809776105,-0.27745498202255514,-1.1226030349758407,-1.456401798118121,2.833611433315728,0.0,0
1855,1.0,1.43210951015417,0.7271306044714718,1.5676411300653166,-0.13661517288397648,-0.3362948217714412,0.0,0
1856,1.0,-0.35479183132231845,0.7149841215622269,1.5676411300653166,-0.33902452291069163,-0.3362948217714412,0.0,0
1857,1.0,-0.29244664715541896,1.1701199811615834,-0.22585497996212162,1.109876939510758,-0.3362948217714412,0.0,0
1858,1.0,-1.0529507870180774,-0.8497686767463928,0.6708930750515975,0.5482759371584578,-0.3362948217714412,0.0,0
1859,1.0,-0.10014500179022953,0.2212653162511509,-1.1226030349758407,0.4822623361905121,-0.3362948217714412,0.0,0
1860,1.0,-1.2542226414151545,-0.9126445882766021,-0.22585497996212162,-0.2628176453226958,-0.3362948217714412,0.0,0
1861,1.0,1.6176277138634052,0.3755970990980285,-0.22585497996212162,-1.0399336390703475,-0.3362948217714412,0.0,0
1862,1.0,-0.5297332213969397,-0.4746567045491209,0.6708930750515975,-0.6550160981322539,2.833611433315728,0.0,0
1863,1.0,1.6289185739881191,2.0453812496218844,0.6708930750515975,-0.8215062829264105,-0.3362948217714412,0.0,0
1864,1.0,-0.633359218272774,-0.5682560728497735,-1.1226030349758407,1.0268745441760618,-0.3362948217714412,0.0,0
1865,1.0,-1.1626908069653972,-0.8919241174314195,-0.22585497996212162,0.4167341293473309,-0.3362948217714412,0.0,0
1866,1.0,-0.06765588649065689,-0.413924290002896,-0.22585497996212162,1.6375003531295573,-0.3362948217714412,0.0,0
1867,1.0,1.8162218939226054,0.12266445498786818,0.6708930750515975,0.30654966302583375,2.833611433315728,0.0,0
1868,1.0,2.118665210385796,2.6934318377798374,-0.22585497996212162,-0.2259276918406084,-0.3362948217714412,0.0,0
1869,1.0,-0.26486660147528734,0.2691367488934695,-0.22585497996212162,0.5021634953058486,-0.3362948217714412,0.0,0
1870,1.0,1.4118484409975687,3.795903786542486,-0.22585497996212162,1.0360970325465837,-0.3362948217714412,0.0,1
1871,1.0,0.12772508436309093,-0.11383471224507857,-0.22585497996212162,0.1337493546097414,-0.3362948217714412,0.0,0
1872,1.0,0.6303245575825769,-0.19457309864182465,-0.22585497996212162,-0.2904851104342611,-0.3362948217714412,0.0,0
1873,1.0,0.8788573640431806,0.4541919885107903,0.6708930750515975,0.474010636069519,-0.3362948217714412,0.0,0
1874,1.0,0.013075994796330221,0.43490051565493054,-1.1226030349758407,-0.6724902866237689,2.833611433315728,0.0,0
1875,1.0,-0.34028776199215216,-0.6247014934280297,0.6708930750515975,-1.4777591396077505,-0.3362948217714412,0.0,0
1876,1.0,0.057168365560035767,-0.5210991392021165,-1.1226030349758407,-1.3394218140499234,-0.3362948217714412,0.0,0
1877,1.0,-0.14945883751279476,-0.4439332477786777,0.6708930750515975,-0.8185939181778246,2.833611433315728,0.0,0
1878,1.0,-0.319937437024288,-0.42678527190680243,1.5676411300653166,-0.27883565143991773,2.833611433315728,0.0,0
1879,1.0,-0.08229383953771716,-0.11812170621304732,-0.22585497996212162,0.11481898374393346,-0.3362948217714412,0.0,0
1880,1.0,-1.0321541829939005,-0.7640287973870163,-1.1226030349758407,-0.8734434542761911,2.833611433315728,0.0,0
1881,1.0,-0.726765424759045,-0.5403906120579762,0.6708930750515975,-0.2817480161885035,-0.3362948217714412,0.0,0
1882,1.0,1.4286731614205614,0.6249572482348817,-1.1226030349758407,0.2866485039104973,-0.3362948217714412,0.0,0
1883,1.0,-1.110699296904955,-0.8347641978585019,-1.1226030349758407,-1.554936805445275,-0.3362948217714412,0.0,0
1884,1.0,-0.4500724098451032,-0.2653084991133102,0.6708930750515975,-0.7914118471910235,-0.3362948217714412,0.0,0
1885,1.0,-0.10041276922401723,-0.1274101931436464,-0.22585497996212162,0.22937199718830942,2.833611433315728,0.0,0
1886,1.0,0.8412360395960106,0.7221291115088416,2.464389185079036,-0.15020620837737686,-0.3362948217714412,0.0,0
1887,1.0,1.6117368303200759,4.228175678312675,3.361137240092755,2.166094554997885,-0.3362948217714412,0.0,1
1888,1.0,0.017226390020039378,-0.060961786640129655,0.6708930750515975,-0.8656771482799622,-0.3362948217714412,0.0,0
1889,1.0,0.09858306198586461,0.04549856356442937,-1.1226030349758407,-0.5186203490734843,-0.3362948217714412,0.0,0
1890,1.0,-1.1605040395894644,-0.7790332762749073,-0.22585497996212162,0.37353405224330793,-0.3362948217714412,0.0,0
1891,1.0,-0.7353786105458823,-0.7847492682321989,0.6708930750515975,-0.2982514164304899,-0.3362948217714412,0.0,0
1892,1.0,0.5913197680608373,0.5742278196139171,2.464389185079036,-1.315152107811708,-0.3362948217714412,0.0,0
1893,1.0,0.6504517430222845,-0.2517330182147423,-1.1226030349758407,-1.191862000121575,-0.3362948217714412,0.0,0
1894,1.0,-0.6245228929577804,-0.35176287746734813,1.5676411300653166,0.30606426890106947,-0.3362948217714412,0.0,0
1895,1.0,-0.7251588201563189,-0.4239272759281566,0.6708930750515975,-0.9496503318641868,-0.3362948217714412,0.0,0
1896,1.0,0.3148945205806832,0.4334715176656076,-0.22585497996212162,0.588563649513895,-0.3362948217714412,0.0,0
1897,1.0,-0.5098291754853884,-0.5196701412127935,0.6708930750515975,-1.2918531898230217,-0.3362948217714412,1.0,0
1898,1.0,-0.9835097658558043,-0.8947821134100653,0.6708930750515975,-0.32834585216587675,-0.3362948217714412,0.0,0
1899,1.0,-1.3268322438772486,-0.9462260410256913,-1.1226030349758407,-0.052156595174987316,-0.3362948217714412,0.0,0
1900,1.0,2.151377465213525,5.218471284913473,-1.1226030349758407,0.06094023589509563,-0.3362948217714412,0.0,1
1901,1.0,-0.1621331627120787,-0.7561693084457402,-0.22585497996212162,-0.7574342584575222,-0.3362948217714412,0.0,0
1902,1.0,1.3250471645447275,1.3858986775493476,0.6708930750515975,1.0210498146788902,-0.3362948217714412,0.0,0
1903,1.0,-0.6833424725798087,-0.4989496703676109,-0.22585497996212162,0.18568652595952195,2.833611433315728,0.0,0
1904,1.0,-0.4034362484604147,-0.4074937990509428,-1.1226030349758407,-1.2039968532406826,-0.3362948217714412,0.0,0
1905,1.0,0.17846701306585738,-0.39463281714703624,-0.22585497996212162,0.05996944764556686,-0.3362948217714412,0.0,0
1906,1.0,-0.14352332606383447,-0.1888571066845329,-0.22585497996212162,0.19830677320339382,-0.3362948217714412,0.0,0
1907,1.0,-0.756621493626372,-0.8047552400827201,-0.22585497996212162,-0.46182923647606067,-0.3362948217714412,0.0,0
1908,1.0,-0.5610620111500989,0.14981541678500404,-0.22585497996212162,-0.25893449232458127,-0.3362948217714412,0.0,0
1909,1.0,0.3687604026776395,0.12266445498786818,-0.22585497996212162,0.9744519787015173,-0.3362948217714412,0.0,0
1910,1.0,-0.3274795530759745,-0.5311021251273771,1.5676411300653166,-0.14486687300496956,6.003517688402897,0.0,0
1911,1.0,-0.09202272296533619,0.01906210076195491,-0.22585497996212162,0.904555224735457,-0.3362948217714412,0.0,0
1912,1.0,-0.08943430443872195,-0.1652786398607044,-1.1226030349758407,0.5244916250450068,-0.3362948217714412,0.0,0
1913,1.0,0.592524721512882,0.338443151375632,-0.22585497996212162,1.8078736909218285,-0.3362948217714412,0.0,0
1914,1.0,0.3261407527997661,0.17053588763018657,-0.22585497996212162,-0.41037745925104435,-0.3362948217714412,0.0,0
1915,1.0,-1.1958939687550703,-0.9362230551004306,-0.22585497996212162,-1.582118876432076,-0.3362948217714412,0.0,0
1916,1.0,-0.9490570227084554,-0.7140138677607134,-0.22585497996212162,-0.08030945441131712,2.833611433315728,0.0,0
1917,1.0,3.619635560482668,2.350472320342332,-1.1226030349758407,0.07064811839038174,-0.3362948217714412,0.0,0
1918,1.0,-0.5827065453812702,-0.594692535652248,0.6708930750515975,-0.9161581372554498,-0.3362948217714412,0.0,0
1919,1.0,1.56206597135246,-0.11526371023440136,1.5676411300653166,0.32790700451546323,-0.3362948217714412,0.0,0
1920,1.0,-0.07555502578739352,0.42132503475636274,-0.22585497996212162,0.9060114071097504,-0.3362948217714412,0.0,0
1921,1.0,-0.024009794783264246,-0.16885113483401168,0.6708930750515975,0.36479695799755035,-0.3362948217714412,0.0,0
1922,1.0,-0.46529052566537,-0.7032963828407914,-1.1226030349758407,1.5768260875340194,-0.3362948217714412,0.0,0
1923,1.0,-0.8154857011540315,-0.7904652601894907,0.6708930750515975,0.6793323508448197,-0.3362948217714412,0.0,0
1924,1.0,1.539618134819926,1.9396353984119867,-0.22585497996212162,0.826406770648404,-0.3362948217714412,0.0,0
1925,1.0,0.34961503116181986,-0.5589675859191744,1.5676411300653166,-0.10797691952288241,-0.3362948217714412,0.0,0
1926,1.0,0.6433112781212798,-0.5839750507323259,-0.22585497996212162,-1.3787387381558325,-0.3362948217714412,0.0,0
1927,1.0,0.13004573545591772,-0.2438735292734661,-1.1226030349758407,-0.9870256794710384,-0.3362948217714412,0.0,0
1928,1.0,0.660805417128742,0.8114414858415253,-0.22585497996212162,-0.3196087579201194,-0.3362948217714412,0.0,0
1929,1.0,-0.5688718946355731,-0.6697149300917024,0.6708930750515975,-1.1370124640232087,-0.3362948217714412,0.0,0
1930,1.0,0.03962959864694258,-0.6547104512038114,-0.22585497996212162,-0.6700633159999474,2.833611433315728,0.0,0
1931,1.0,1.8590200554230039,0.868601405414443,-1.1226030349758407,0.3570306520013215,-0.3362948217714412,0.0,0
1932,1.0,0.03637176153585899,-0.3003189498517222,1.5676411300653166,-0.20845350334909346,-0.3362948217714412,0.0,0
1933,1.0,-0.6876267515204117,-0.45965222566123004,-1.1226030349758407,0.8492202945123265,-0.3362948217714412,0.0,0
1934,1.0,-0.12589530333947854,-0.39749081312568213,-1.1226030349758407,1.1477376812423739,-0.3362948217714412,0.0,0
1935,1.0,-0.4523038051266673,-0.37033985132854624,-1.1226030349758407,-0.7064678753572703,2.833611433315728,0.0,0
1936,1.0,-0.3535868778702738,0.22841030619776562,-1.1226030349758407,0.31674293964588407,-0.3362948217714412,0.0,1
1937,1.0,-0.4257502012760552,-0.5439631070312836,0.6708930750515975,-1.4476647038723636,-0.3362948217714412,0.0,0
1938,1.0,-0.004953679078707115,-0.048815303730884815,-1.1226030349758407,-0.3225211226687052,-0.3362948217714412,0.0,0
1939,1.0,-0.45475833993638776,-0.7082978758034217,-1.1226030349758407,-1.7520068200995826,-0.3362948217714412,0.0,0
1940,1.0,2.365859179677461,0.4077495538577947,-0.22585497996212162,1.2234591647056052,-0.3362948217714412,0.0,0
1941,1.0,-0.24920220659870776,-0.3224684186862278,-0.22585497996212162,-0.41862915937203743,-0.3362948217714412,0.0,0
1942,1.0,0.506571375267035,0.06836253139359648,-1.1226030349758407,-1.7961776854531344,2.833611433315728,0.0,0
1943,1.0,0.7255158802940993,0.2569902659842244,0.6708930750515975,0.7210762455745501,-0.3362948217714412,0.0,1
1944,1.0,1.641592899187403,3.15142569335784,-1.1226030349758407,-0.03468240668347238,-0.3362948217714412,0.0,0
1945,1.0,2.8888536057704424,1.613109357851695,-1.1226030349758407,2.582077319920894,-0.3362948217714412,0.0,1
1946,1.0,-1.3345082436458289,-0.9290780651538159,-0.22585497996212162,0.4414892297103104,-0.3362948217714412,0.0,0
1947,1.0,-0.24143695101886484,-0.43535925984274004,-1.1226030349758407,-0.4375595302378454,-0.3362948217714412,0.0,0
1948,1.0,-0.7066828672249686,-0.6604264431611031,-0.22585497996212162,-1.2850576720763214,-0.3362948217714412,0.0,0
1949,1.0,-0.6932944955355843,-0.5896910426896177,-0.22585497996212162,-1.2370036537246552,-0.3362948217714412,0.0,1
1950,1.0,0.8880507126032243,2.16970407469298,2.464389185079036,-0.1317612316363334,-0.3362948217714412,0.0,0
1951,1.0,-1.3345082436458289,-0.9112155902872793,1.5676411300653166,-0.5822069794176082,-0.3362948217714412,0.0,0
1952,1.0,0.004328925292599249,0.02549259171390823,-1.1226030349758407,-0.35407174077838505,-0.3362948217714412,0.0,0
1953,1.0,0.06069397010490705,-0.16885113483401168,-0.22585497996212162,0.49682415993344126,-0.3362948217714412,0.0,0
1954,1.0,1.4234516964617019,0.5599378397206878,-1.1226030349758407,0.6822447155934057,-0.3362948217714412,0.0,0
1955,1.0,-0.6764697751125915,-0.6254159924226912,-1.1226030349758407,0.4147925528482736,-0.3362948217714412,0.0,0
1956,1.0,-0.42494689897469207,-0.461081223650553,-0.22585497996212162,-1.2268103771046048,-0.3362948217714412,0.0,0
1957,1.0,1.2341847486794395,-0.04524280875757746,2.464389185079036,-1.1302169462765081,2.833611433315728,0.0,0
1958,1.0,-0.4394955962104896,-0.5861185477163103,-1.1226030349758407,-0.6525891275084325,-0.3362948217714412,0.0,0
1959,1.0,0.18672317560764445,-0.6154130064974305,0.6708930750515975,1.2520974180666993,-0.3362948217714412,0.0,0
1960,1.0,1.1244893566377507,1.0143592003253827,-1.1226030349758407,0.7468021341870581,-0.3362948217714412,0.0,0
1961,1.0,-0.45890873516009695,-0.5439631070312836,-0.22585497996212162,-0.44969438335695305,-0.3362948217714412,0.0,0
1962,1.0,0.1744505015590422,1.57666990912396,-1.1226030349758407,-0.6035643209072377,-0.3362948217714412,0.0,0
1963,1.0,0.40415033184324506,-0.4253562739174795,3.361137240092755,-0.6608408276294255,-0.3362948217714412,0.0,0
1964,1.0,1.8736580084700638,1.6252558407609399,-0.22585497996212162,-0.4642562070998822,-0.3362948217714412,0.0,0
1965,1.0,-1.0185426717763597,-0.906214097324649,-0.22585497996212162,-0.8875198838943559,-0.3362948217714412,0.0,0
1966,1.0,-0.4825168972390445,-0.020949842939087374,-1.1226030349758407,0.8298045295217543,-0.3362948217714412,0.0,1
1967,1.0,0.3517571706321214,-0.5296731271380541,-1.1226030349758407,-0.23078163308825145,-0.3362948217714412,0.0,0
1968,1.0,-0.8816242572995898,-0.6840049099849316,0.6708930750515975,1.4569337387172359,6.003517688402897,0.0,0
1969,1.0,0.21229496553436852,0.9764907536083249,-0.22585497996212162,0.9535800313366518,-0.3362948217714412,0.0,0
1970,1.0,-0.9780205334631568,-0.7654577953763393,-1.1226030349758407,1.171521993355825,-0.3362948217714412,1.0,0
1971,1.0,-0.3601918079037035,-0.3231829176808893,-1.1226030349758407,-0.8045174885596598,-0.3362948217714412,0.0,0
1972,1.0,-0.7634049352823267,-0.7090123747980831,2.464389185079036,-1.3467027259213884,-0.3362948217714412,0.0,0
1973,1.0,-0.9391942555639424,-0.7933232561681366,-0.22585497996212162,-0.09584206640377478,-0.3362948217714412,0.0,0
1974,1.0,2.867476838973059,1.2901558122647103,1.5676411300653166,1.9195143396176186,-0.3362948217714412,0.0,0
1975,1.0,2.2064929286681574,1.8210285652981824,1.5676411300653166,-1.2069092179892684,-0.3362948217714412,0.0,0
1976,1.0,3.414659589918195,0.9607717757257728,1.5676411300653166,0.621085055873103,-0.3362948217714412,0.0,0
1977,1.0,0.4073189131430662,0.6335312361708192,-1.1226030349758407,2.2209440910962517,-0.3362948217714412,0.0,0
1978,1.0,1.2994753746180034,1.259432355494267,-1.1226030349758407,-0.8807243661476556,-0.3362948217714412,1.0,0
1979,1.0,1.4913307409268803,0.42561202872433146,-0.22585497996212162,-1.3389364199251592,-0.3362948217714412,0.0,0
1980,1.0,0.16249022284985887,-0.06739227759208298,-0.22585497996212162,-0.5802654029185509,-0.3362948217714412,0.0,0
1981,1.0,0.41597672683553466,-0.038097818810962754,1.5676411300653166,-0.6967599928619842,-0.3362948217714412,1.0,0
1982,1.0,-0.11098958285863059,-0.3131799317556287,0.6708930750515975,1.0084295674350188,-0.3362948217714412,0.0,0
1983,1.0,-0.5452191046509941,-0.5961215336415708,0.6708930750515975,-1.0680864983066771,-0.3362948217714412,0.0,0
1984,1.0,-0.4966193154185293,-0.10240272833049492,-0.22585497996212162,-1.8884025691583524,-0.3362948217714412,0.0,0
1985,1.0,-0.9279926512504908,-0.49609167438896506,0.6708930750515975,0.142971842980263,-0.3362948217714412,0.0,0
1986,1.0,0.21167017485553039,0.7399915863753782,-0.22585497996212162,0.6006985026330023,-0.3362948217714412,0.0,0
1987,1.0,0.6679458820297467,0.399175565921857,0.6708930750515975,-0.6482205803855536,2.833611433315728,0.0,0
1988,1.0,-0.8199484917171596,-0.6790034170223014,-1.1226030349758407,-0.6618116158789543,-0.3362948217714412,0.0,0
1989,1.0,-0.16320423244722948,0.17910987556612426,0.6708930750515975,0.5541006666556294,-0.3362948217714412,0.0,1
1990,1.0,-0.7244894015718497,-0.5603965839084973,-0.22585497996212162,-1.5029996340954945,-0.3362948217714412,0.0,0
1991,1.0,0.9407116412481361,1.5552349392841158,-0.22585497996212162,-0.6802565926199977,-0.3362948217714412,0.0,0
1992,1.0,1.0744614744250847,0.15338791175831137,-1.1226030349758407,-0.04147792443017271,-0.3362948217714412,0.0,0
1993,1.0,0.21573131426797706,-0.18814260768987143,-0.22585497996212162,0.35363289312797125,-0.3362948217714412,0.0,0
1994,1.0,-0.20622553347578423,-0.28031297800120103,-0.22585497996212162,-0.3361121581621056,-0.3362948217714412,0.0,1
1995,1.0,-0.2740153221297,-0.03952681680028553,-1.1226030349758407,-1.7777327087120909,-0.3362948217714412,0.0,0
1996,1.0,-0.8973779079874321,-0.6589974451717803,-0.22585497996212162,-1.0462437626922836,-0.3362948217714412,0.0,0
1997,1.0,-0.6900812863301321,-0.40177780709365096,-1.1226030349758407,-0.9316907492479076,-0.3362948217714412,0.0,0
1998,1.0,2.6332249623144652,0.6435342220960799,-0.22585497996212162,-0.04827344217687304,-0.3362948217714412,0.0,0
1999,1.0,-0.3767041329872774,-0.43393026185341715,0.6708930750515975,-0.3021345694286045,-0.3362948217714412,0.0,0
2000,1.0,-0.6082783353079942,-0.4253562739174795,-0.22585497996212162,-0.15214778487643413,-0.3362948217714412,0.0,0
2001,1.0,-0.8246344218084442,-0.7090123747980831,0.6708930750515975,-0.7860725118186163,-0.3362948217714412,0.0,0
2002,1.0,-0.12897462882803692,-0.2202950624496376,-0.22585497996212162,1.2210321940817839,-0.3362948217714412,0.0,0
2003,1.0,-0.7353786105458823,-0.172423629807319,3.361137240092755,-1.599593064923591,-0.3362948217714412,0.0,0
2004,1.0,-0.389512341903455,-0.701152885856807,1.5676411300653166,0.4434308062093677,-0.3362948217714412,0.0,0
2005,1.0,-0.2929375541173631,0.09980048715870107,-1.1226030349758407,-0.21039507984815076,-0.3362948217714412,0.0,0
2006,1.0,0.048912203018248945,0.011202611820678813,-0.22585497996212162,-0.9841133147224526,-0.3362948217714412,0.0,0
2007,1.0,-0.7587636330966735,-0.6332754813639673,-0.22585497996212162,1.941357075232012,-0.3362948217714412,0.0,0
2008,1.0,0.4883631897694722,-0.23387054334820553,-0.22585497996212162,-0.17156354986700634,-0.3362948217714412,0.0,0
2009,1.0,-0.3665735984089767,-0.45822322767190715,0.6708930750515975,1.1210410043803374,-0.3362948217714412,0.0,0
2010,1.0,-1.2715382688000914,-0.7647432963816778,0.6708930750515975,-1.471934410110579,-0.3362948217714412,0.0,0
2011,1.0,-1.2190112238720738,-0.8683456506075911,0.6708930750515975,0.8200966470264681,-0.3362948217714412,0.0,0
2012,1.0,0.1638736879244286,0.34201564634893933,-1.1226030349758407,0.31674293964588407,-0.3362948217714412,0.0,0
2013,1.0,-0.8866672106359247,-0.30889293778765986,-0.22585497996212162,1.9301930103624332,-0.3362948217714412,0.0,0
2014,1.0,1.5468924834378248,2.217575507335299,0.6708930750515975,-1.835494609559043,-0.3362948217714412,0.0,0
2015,1.0,0.045698993812796594,0.4220395337510241,-0.22585497996212162,-0.8127691886806531,-0.3362948217714412,0.0,0
2016,1.0,-0.6898135188963445,-0.2588780081613569,-0.22585497996212162,-0.056525142297866114,-0.3362948217714412,0.0,0
2017,1.0,0.5708801872817106,0.835019952665354,0.6708930750515975,-0.16573882036983478,-0.3362948217714412,0.0,0
2018,1.0,-1.0078766023304837,-0.8683456506075911,1.5676411300653166,0.8366000472684544,-0.3362948217714412,0.0,0
2019,1.0,-0.6762912634900663,-0.5218136381967781,-1.1226030349758407,1.015710479306483,-0.3362948217714412,0.0,0
2020,1.0,0.14066717699616257,0.21626382328852078,1.5676411300653166,1.6860397656059878,-0.3362948217714412,0.0,0
2021,1.0,-0.42695515472809964,0.7314175984394408,0.6708930750515975,-0.44726741273313153,-0.3362948217714412,0.0,0
2022,1.0,-0.2787012522209845,-0.34890488148870213,-0.22585497996212162,0.0002659702995574831,-0.3362948217714412,0.0,0
2023,1.0,-0.1710587438383349,-0.7754607813015999,-1.1226030349758407,0.19539440845480804,-0.3362948217714412,0.0,0
2024,1.0,-0.6071626376672122,-0.27816948101721667,-0.22585497996212162,1.01765205580554,-0.3362948217714412,0.0,0
2025,1.0,-0.5352224537895873,-0.02738033389104069,3.361137240092755,-0.7423870405898287,-0.3362948217714412,0.0,0
2026,1.0,-0.4860871296895469,-0.32746991164885814,-0.22585497996212162,-1.0574078275618626,-0.3362948217714412,0.0,0
2027,1.0,0.024232971204150456,-0.29531745688909194,-1.1226030349758407,-1.9350004051357255,-0.3362948217714412,0.0,0
2028,1.0,1.7123281296129833,0.5435043628434739,2.464389185079036,-0.8399512596674541,-0.3362948217714412,0.0,0
2029,1.0,-0.6438467760961252,-0.3353294005901342,-0.22585497996212162,-1.2826307014525,2.833611433315728,0.0,0
2030,1.0,0.3411357290918766,-0.30103344884638367,0.6708930750515975,1.1394859811213804,-0.3362948217714412,0.0,0
2031,1.0,3.9139119702153344,2.0446667506272234,-1.1226030349758407,-0.8588816305332618,-0.3362948217714412,0.0,0
2032,1.0,0.2686153824410451,0.616383260298944,-0.22585497996212162,1.7981658084265424,-0.3362948217714412,0.0,0
2033,1.0,0.5638736060975996,0.004057621874064105,1.5676411300653166,-1.073911227803849,-0.3362948217714412,0.0,0
2034,1.0,0.06314850491462755,0.34773163830623127,-0.22585497996212162,-1.3947567442730544,2.833611433315728,0.0,0
2035,1.0,0.3859421463456825,0.9386223068912669,0.6708930750515975,0.47109827132093296,-0.3362948217714412,0.0,0
2036,1.0,0.18752647790900753,0.07193502636690363,-0.22585497996212162,1.5938148819007698,-0.3362948217714412,0.0,0
2037,1.0,1.788552592431211,0.021920096740600876,0.6708930750515975,0.14248644885549874,-0.3362948217714412,0.0,0
2038,1.0,-0.041727073318882646,-0.40963729603492716,-0.22585497996212162,0.03133119428447307,-0.3362948217714412,0.0,0
2039,1.0,0.5513777925208408,0.11409046705193049,-1.1226030349758407,-0.3977572120071725,-0.3362948217714412,0.0,0
2040,1.0,-0.4805978972968994,-0.7518823144777713,-1.1226030349758407,0.45993420645135413,-0.3362948217714412,0.0,0
2041,1.0,-0.7965188412607371,-0.7868927652161835,-1.1226030349758407,-1.4457231273733064,-0.3362948217714412,0.0,0
2042,1.0,-0.8974225358930634,-0.7704592883389695,-1.1226030349758407,0.569633278648087,-0.3362948217714412,0.0,0
2043,1.0,-0.7673321909778794,-0.6354189783479517,-0.22585497996212162,2.06513257704691,-0.3362948217714412,0.0,0
2044,1.0,-1.3158091511863221,-0.9326505601271232,0.6708930750515975,0.43420831783884584,-0.3362948217714412,0.0,0
2045,1.0,-0.8407004678357053,-0.7540258114617557,-0.22585497996212162,1.7277836603357184,-0.3362948217714412,0.0,0
2046,1.0,1.4259954870826845,2.0853931933229264,-1.1226030349758407,-0.12593650213916185,-0.3362948217714412,0.0,1
2047,1.0,0.5079548403416048,0.8678869064197816,0.6708930750515975,0.8108741586559464,-0.3362948217714412,0.0,0
2048,1.0,0.1562869439671109,-0.2052905835617467,-1.1226030349758407,-0.19389167960616432,-0.3362948217714412,0.0,0
2049,1.0,-0.8901035593695333,-0.7054398798247757,-0.22585497996212162,-1.0831337161743708,-0.3362948217714412,0.0,0
2050,1.0,-0.4298113406885017,-0.2588780081613569,-1.1226030349758407,1.29723907166978,-0.3362948217714412,0.0,0
2051,1.0,-0.7708577955227506,-0.652566954219827,-1.1226030349758407,1.2064703703388548,2.833611433315728,0.0,0
2052,1.0,-0.739305866241435,-0.6247014934280297,-0.22585497996212162,0.9414451782175445,-0.3362948217714412,0.0,0
2053,1.0,1.6103533652455064,1.7238567020242226,2.464389185079036,0.977849737574867,-0.3362948217714412,0.0,0
2054,1.0,-0.1403547447640136,0.032637581660522934,1.5676411300653166,0.4351791060883746,-0.3362948217714412,0.0,0
2055,1.0,-0.5507975928549043,-0.04452830976291587,-1.1226030349758407,0.5977861378844168,-0.3362948217714412,0.0,0
2056,1.0,-0.08635497895016359,0.0019141248900797323,-1.1226030349758407,-0.5370653258145279,-0.3362948217714412,0.0,0
2057,1.0,-0.13865888435002496,-0.05381679669351495,-1.1226030349758407,1.1841422405996964,-0.3362948217714412,0.0,0
2058,1.0,-0.6924911932342213,-0.4932336784103192,-0.22585497996212162,0.6948649628372773,-0.3362948217714412,0.0,0
2059,1.0,-0.42927580582092634,-0.6018375255988627,-0.22585497996212162,-0.20845350334909346,-0.3362948217714412,0.0,0
2060,1.0,-1.3345082436458289,-0.9755204998068114,-1.1226030349758407,2.1898788671113363,-0.3362948217714412,0.0,0
2061,1.0,-1.0168021834567398,-0.5489645999939139,0.6708930750515975,1.3952886848721695,-0.3362948217714412,0.0,0
2062,1.0,0.19837105897740884,0.11623396403591486,-0.22585497996212162,-1.5864874235549549,2.833611433315728,1.0,0
2063,1.0,-0.36956366808627245,0.520640395014307,-1.1226030349758407,-0.9646975497318804,-0.3362948217714412,0.0,0
2064,1.0,0.9443265016042696,0.38274208904464324,-1.1226030349758407,1.7661297961920979,-0.3362948217714412,0.0,0
2065,1.0,-0.13370518682495272,-0.4396462538107089,1.5676411300653166,1.2520974180666993,2.833611433315728,0.0,0
2066,1.0,-0.22653123053801713,-0.5332456221113615,-1.1226030349758407,-0.7724814763252157,-0.3362948217714412,0.0,0
2067,1.0,0.01905613415092201,2.4397846946750157,-0.22585497996212162,0.1915112554566935,-0.3362948217714412,0.0,0
2068,1.0,-0.9493694180478743,-0.8204742179652724,-1.1226030349758407,-1.1641945350100096,2.833611433315728,0.0,0
2069,1.0,-0.21019741707696818,0.7678570471671756,-1.1226030349758407,-0.2613614629484028,-0.3362948217714412,0.0,0
2070,1.0,1.066830102562136,0.2855702257706833,0.6708930750515975,2.166094554997885,-0.3362948217714412,1.0,0
2071,1.0,0.8382013420130836,0.3541621292581844,0.6708930750515975,0.6390446384893825,-0.3362948217714412,0.0,0
2072,1.0,0.11237308482593031,-0.5311021251273771,1.5676411300653166,-0.7307375815954855,-0.3362948217714412,1.0,0
2073,1.0,1.1631371229144398,0.14695742080635807,-1.1226030349758407,-0.7419016464650645,-0.3362948217714412,0.0,0
2074,1.0,2.223987067675619,2.2190045053246217,-1.1226030349758407,0.9370766310946657,-0.3362948217714412,0.0,0
2075,1.0,-0.6699987287960557,-0.626844990412014,-0.22585497996212162,-0.43561795373878814,-0.3362948217714412,0.0,0
2076,1.0,0.055918784202360024,-0.26959549308127895,-1.1226030349758407,-0.6744318631228262,2.833611433315728,0.0,0
2077,1.0,0.3310498224192069,-0.27102449107060195,-1.1226030349758407,-0.14243990238114804,-0.3362948217714412,0.0,0
2078,1.0,-0.49358461783560215,0.2598482619628704,-0.22585497996212162,0.3288777927649917,-0.3362948217714412,0.0,0
2079,1.0,0.1940867800368057,1.1329660334391867,0.6708930750515975,0.6579750093551905,-0.3362948217714412,0.0,0
2080,1.0,0.13669529339497863,1.280867325334111,1.5676411300653166,-0.7909264530662593,-0.3362948217714412,0.0,0
2081,1.0,0.4095503084246302,-0.3210394206969049,-0.22585497996212162,-0.5239596844458916,-0.3362948217714412,0.0,0
2082,1.0,-0.6126518700598597,-0.8833501294954819,1.5676411300653166,-0.8336411360455181,-0.3362948217714412,0.0,0
2083,1.0,0.04016513351451772,0.0011996258954181426,0.6708930750515975,0.5735164316462016,-0.3362948217714412,0.0,0
2084,1.0,1.6245896671418847,0.3270111674610485,-1.1226030349758407,0.4123655822244521,-0.3362948217714412,0.0,0
2085,1.0,1.2617201664539397,0.6828316668024608,-1.1226030349758407,1.1540478048643097,2.833611433315728,0.0,0
2086,1.0,0.5827065822740003,-0.2838854729745084,-0.22585497996212162,-1.7301640844851889,-0.3362948217714412,0.0,0
2087,1.0,-0.24621213692141186,-0.08668375044794273,-0.22585497996212162,-0.24388727445688785,2.833611433315728,0.0,0
2088,1.0,0.3322994037768829,-0.31961042270758194,-0.22585497996212162,0.47109827132093296,-0.3362948217714412,0.0,0
2089,1.0,-0.6255939626929312,-0.5089526562928715,-0.22585497996212162,2.442283811988775,-0.3362948217714412,0.0,0
2090,1.0,-0.3000333911127367,-0.5561095899405286,0.6708930750515975,-0.9137311666316283,-0.3362948217714412,0.0,0
2091,1.0,0.7576479723486215,0.30486169862654305,0.6708930750515975,-0.1036083724000036,-0.3362948217714412,0.0,0
2092,1.0,3.390158869726622,0.23626979513904192,-0.22585497996212162,0.7103975748297355,2.833611433315728,0.0,0
2093,1.0,-1.1446165051847284,-0.9397955500737379,0.6708930750515975,-0.38028302351565757,-0.3362948217714412,0.0,0
2094,1.0,-0.631931125292573,-0.7911797591841523,-1.1226030349758407,1.4297516677304352,-0.3362948217714412,1.0,0
2095,1.0,-0.41856510846941886,0.053358052505705474,-0.22585497996212162,1.2554951769400495,-0.3362948217714412,0.0,0
2096,1.0,-0.36693062165402685,-0.7347343386058961,0.6708930750515975,-0.31863796967059066,-0.3362948217714412,0.0,0
2097,1.0,1.053218591344595,0.5985207854324073,0.6708930750515975,0.16287300209559946,-0.3362948217714412,0.0,0
2098,1.0,0.09014838782155257,-0.43107226587477127,0.6708930750515975,1.7137072307175534,2.833611433315728,0.0,0
2099,1.0,-1.3345082436458289,-0.9440825440417069,1.5676411300653166,2.0088268585742504,-0.3362948217714412,0.0,0
2100,1.0,-0.5974783821452242,-0.6304174853853214,-1.1226030349758407,-1.050126915690398,-0.3362948217714412,0.0,0
2101,1.0,2.1361593493932585,1.2615758524782514,-1.1226030349758407,1.473922533083987,-0.3362948217714412,0.0,0
2102,1.0,-0.7304695409264415,-0.5661125758657891,0.6708930750515975,-0.43513255961402386,-0.3362948217714412,0.0,0
2103,1.0,0.13656140967808464,-0.5632545798871433,0.6708930750515975,-1.2103069768626187,2.833611433315728,0.0,0
2104,1.0,-0.7824610509868837,-0.6811469140062859,-0.22585497996212162,0.39294981723388017,-0.3362948217714412,0.0,0
2105,1.0,-1.191743573531361,-0.9212185762125398,-1.1226030349758407,1.0467757032913982,-0.3362948217714412,0.0,0
2106,1.0,-0.8945663499326615,-0.7690302903496467,-0.22585497996212162,-0.01817900644148622,-0.3362948217714412,0.0,0
2107,1.0,-0.4482426657142207,-0.5582530869245129,0.6708930750515975,-0.9462525729908368,-0.3362948217714412,0.0,0
2108,1.0,-0.18734792939375233,-0.27388248704924784,1.5676411300653166,1.0511442504142772,-0.3362948217714412,0.0,0
2109,1.0,-1.0107774161965168,-0.8497686767463928,-1.1226030349758407,-0.9195558961288001,-0.3362948217714412,0.0,0
2110,1.0,-0.7722412605973203,-0.6204144994600609,0.6708930750515975,0.7584515931814012,-0.3362948217714412,0.0,0
2111,1.0,0.25116587133921414,0.10765997609997717,-1.1226030349758407,-0.22155914471772986,-0.3362948217714412,0.0,0
2112,1.0,-0.1495480933240575,-0.3053204428143525,-0.22585497996212162,-0.613757597527288,-0.3362948217714412,0.0,0
2113,1.0,0.007988413554364256,-0.33961639455810305,-1.1226030349758407,0.010944641044372089,-0.3362948217714412,0.0,0
2114,1.0,-0.91960260499181,-0.5618255818978203,-0.22585497996212162,0.038612106155937645,-0.3362948217714412,0.0,0
2115,1.0,-1.210487293896499,-0.7075833768087603,1.5676411300653166,0.3434396165079209,-0.3362948217714412,0.0,0
2116,1.0,-0.3391274364457389,-0.21457907049234579,-0.22585497996212162,-1.1035202694144715,-0.3362948217714412,0.0,0
2117,1.0,-0.6758449844337535,0.6849751637864452,-0.22585497996212162,1.9816447875874492,2.833611433315728,0.0,0
2118,1.0,1.2869349331356132,1.578098907113283,-0.22585497996212162,0.37887338761571526,-0.3362948217714412,0.0,0
2119,1.0,-1.0872696464485325,-0.8369076948424863,0.6708930750515975,0.8652383006295484,-0.3362948217714412,0.0,0
2120,1.0,0.6368848597103753,-0.172423629807319,-1.1226030349758407,0.20024834970245112,-0.3362948217714412,0.0,0
2121,1.0,-0.15396625598155436,0.054072551500367064,-1.1226030349758407,-1.0379920625712904,2.833611433315728,0.0,0
2122,1.0,-0.9682470221299062,-0.6418494692999049,-1.1226030349758407,-0.05555435404833761,-0.3362948217714412,0.0,0
2123,1.0,-0.22278248646498938,-0.06810677658674437,-0.22585497996212162,-0.39290327075952947,-0.3362948217714412,0.0,0
2124,1.0,2.7717499813939614,1.7252857000135458,0.6708930750515975,-0.663267798253247,2.833611433315728,0.0,0
2125,1.0,-0.22452297478460928,-0.6854339079742546,-0.22585497996212162,-0.5283282315687704,-0.3362948217714412,0.0,0
2126,1.0,0.1845810361373429,-0.09454323938921882,0.6708930750515975,0.03812671203117313,-0.3362948217714412,0.0,0
2127,1.0,-0.8349880959149013,-0.9190750792285554,-0.22585497996212162,0.4633319653247041,-0.3362948217714412,0.0,0
2128,1.0,-0.36188766831769215,-0.15384665594612085,0.6708930750515975,0.07016272426561748,-0.3362948217714412,0.0,0
2129,1.0,-1.1025770180800618,-0.8461961817730854,-1.1226030349758407,-0.20020180322810038,-0.3362948217714412,0.0,0
2130,1.0,-0.37166117965094264,-0.5546805919512056,0.6708930750515975,-0.5540541201812786,-0.3362948217714412,0.0,0
2131,1.0,-0.4670756418906213,-0.7647432963816778,-1.1226030349758407,0.08860770100666092,-0.3362948217714412,0.0,0
2132,1.0,-0.355193482473,-0.593263537662925,-0.22585497996212162,0.5176961072983062,-0.3362948217714412,0.0,0
2133,1.0,-0.9000109544196776,-0.6847194089795933,-0.22585497996212162,-0.30504693417719025,-0.3362948217714412,0.0,0
2134,1.0,-0.5879726382457613,-0.42607077291214096,-0.22585497996212162,0.5851658906405447,-0.3362948217714412,0.0,0
2135,1.0,-0.10103755990285511,1.0572291400050708,0.6708930750515975,-0.0011902120747355402,-0.3362948217714412,0.0,0
2136,1.0,-0.7792924696870628,-0.37748484127516096,1.5676411300653166,-0.17932985586323516,-0.3362948217714412,0.0,0
2137,1.0,-0.6523260781660684,-0.5754010627963883,1.5676411300653166,0.8419393826408622,-0.3362948217714412,0.0,0
2138,1.0,-0.18498265039529455,-0.35319187545667097,0.6708930750515975,-0.7409308582155358,-0.3362948217714412,0.0,0
2139,1.0,-0.6241212418070988,-0.4689407125918292,-0.22585497996212162,-1.2719520307076853,2.833611433315728,0.0,0
2140,1.0,0.9225480836562046,-0.35747886942463986,-1.1226030349758407,0.32645082214117016,-0.3362948217714412,0.0,0
2141,1.0,-0.37036697038763555,-0.6647134371290719,1.5676411300653166,1.3176256249098808,-0.3362948217714412,0.0,1
2142,1.0,-0.7034696580195163,-0.7818912722535531,-1.1226030349758407,-1.0540100686885125,-0.3362948217714412,0.0,0
2143,1.0,-0.8372194911964653,-0.7990392481254284,0.6708930750515975,-0.9253806256259717,-0.3362948217714412,0.0,0
2144,1.0,-0.4633268978175937,-0.23387054334820553,-0.22585497996212162,0.540995025286993,-0.3362948217714412,0.0,0
2145,1.0,0.029499064068641636,-0.5832605517376644,-1.1226030349758407,-1.6913325545040445,-0.3362948217714412,0.0,0
2146,1.0,-0.7492578891972107,-0.7197298597180052,-1.1226030349758407,-0.11380164902005423,-0.3362948217714412,0.0,0
2147,1.0,-0.09295990898359324,-0.5561095899405286,2.464389185079036,0.6312783324931533,2.833611433315728,0.0,0
2148,1.0,-1.1425189936200584,-0.8783486365328516,0.6708930750515975,0.7545684401832873,-0.3362948217714412,0.0,0
2149,1.0,-0.6826730539953395,-0.6968658918888382,1.5676411300653166,-1.2884554309496716,-0.3362948217714412,0.0,0
2150,1.0,-0.7323439129629551,-0.5496790989885753,3.361137240092755,-0.6846251397428765,2.833611433315728,0.0,0
2151,1.0,-0.7073522858094379,-0.6732874250650097,-0.22585497996212162,0.4672151183228187,-0.3362948217714412,0.0,0
2152,1.0,1.917036332743669,4.323204044602651,1.5676411300653166,-1.681139277883994,-0.3362948217714412,0.0,0
2153,1.0,-0.5288406632843141,-0.6925788979208694,-1.1226030349758407,0.12889541336209837,-0.3362948217714412,0.0,0
2154,1.0,0.3752760768998064,-0.10383172631981791,0.6708930750515975,0.8065056115330675,-0.3362948217714412,0.0,0
2155,1.0,0.7933949247592775,0.7492800733059775,0.6708930750515975,-1.797148473702663,-0.3362948217714412,0.0,0
2156,1.0,-0.05587411940399878,-0.09025624542125008,-0.22585497996212162,1.0826948685239572,-0.3362948217714412,0.0,0
2157,1.0,1.0224699643646424,2.0868221913122493,-1.1226030349758407,0.45168250633036106,-0.3362948217714412,0.0,0
2158,1.0,-0.355684389434944,-0.7175863627340208,-0.22585497996212162,0.7637909285538091,2.833611433315728,0.0,0
2159,1.0,2.1536534884007206,1.680272263349873,-1.1226030349758407,1.141427557620438,-0.3362948217714412,0.0,0
2160,1.0,-0.45484759574765027,-0.7683157913549852,-1.1226030349758407,0.1366617193583272,-0.3362948217714412,0.0,0
2161,1.0,-0.8165567708891823,-0.5025221653409183,-0.22585497996212162,-0.6962745987372199,-0.3362948217714412,0.0,0
2162,1.0,-0.5743164991225893,-0.6604264431611031,-0.22585497996212162,-1.1525450760156661,-0.3362948217714412,0.0,0
2163,1.0,0.8365947374103575,0.879318890334365,0.6708930750515975,1.216178252834141,-0.3362948217714412,0.0,0
2164,1.0,-0.3770165283266963,-0.4667972156078447,0.6708930750515975,0.7875752406672596,-0.3362948217714412,0.0,0
2165,1.0,0.30811107892472855,0.0276360886978926,2.464389185079036,1.1152162748831653,-0.3362948217714412,0.0,0
2166,1.0,-0.06444267728520478,-0.8762051395488671,-1.1226030349758407,1.8122422380447072,-0.3362948217714412,0.0,0
2167,1.0,-0.050652654445138834,-0.07668076452268205,-0.22585497996212162,-1.9350004051357255,-0.3362948217714412,0.0,0
2168,1.0,1.3800733721880967,0.6956926487063672,-0.22585497996212162,-1.6423077479028496,-0.3362948217714412,0.0,0
2169,1.0,1.1682247041564058,0.40560605687381035,-0.22585497996212162,-0.7006431458600985,-0.3362948217714412,0.0,0
2170,1.0,-0.8577483277868547,-0.7290183466486042,-0.22585497996212162,-0.13321741401062645,-0.3362948217714412,0.0,0
2171,1.0,0.36884965848890194,0.3148646845518035,-0.22585497996212162,0.0958886128781255,2.833611433315728,0.0,0
2172,1.0,0.592837116852301,0.33415615740766325,-1.1226030349758407,0.8040786409092463,-0.3362948217714412,0.0,0
2173,1.0,-0.8530177697899389,-0.7490243184991255,-0.22585497996212162,0.8914495833668212,2.833611433315728,0.0,0
2174,1.0,-0.6886531933499311,-0.4925191794156577,-0.22585497996212162,-0.9632413673575875,-0.3362948217714412,0.0,0
2175,1.0,-0.28128967074759875,-0.44321874878401624,-0.22585497996212162,0.4992511305572625,-0.3362948217714412,0.0,0
2176,1.0,-0.33591422724028663,-0.0966867363732032,-0.22585497996212162,-0.06963078366650252,-0.3362948217714412,0.0,0
2177,1.0,0.13334820047263254,0.15696040673161873,-0.22585497996212162,1.3190818072841735,-0.3362948217714412,0.0,0
2178,1.0,-0.1827512551137305,0.09908598816403968,-0.22585497996212162,-0.2943682634323754,-0.3362948217714412,0.0,0
2179,1.0,-0.045252677863753935,2.090394686285557,-0.22585497996212162,1.117157851382223,-0.3362948217714412,0.0,0
2180,1.0,-0.7808544463841576,-0.7361633365952189,-1.1226030349758407,-0.44144268323596,-0.3362948217714412,1.0,0
2181,1.0,-0.2125180681697947,-0.6061245195668314,-1.1226030349758407,1.965141387345463,-0.3362948217714412,0.0,0
2182,1.0,0.27736245194477605,0.1455284228170351,-0.22585497996212162,0.6205996617483388,-0.3362948217714412,0.0,0
2183,1.0,-0.5478967789888711,-0.5189556422181321,-0.22585497996212162,-0.9151873490059212,-0.3362948217714412,0.0,0
2184,1.0,-0.4461451541495505,-0.6811469140062859,-0.22585497996212162,-1.3559252142919098,-0.3362948217714412,0.0,0
2185,1.0,1.2154856562199325,5.312785152208787,1.5676411300653166,2.0578516651754453,-0.3362948217714412,0.0,0
2186,1.0,1.7986384991038804,0.5535073487687346,1.5676411300653166,2.401510705508573,-0.3362948217714412,0.0,0
2187,1.0,-1.14675864465503,-0.7804622742642302,-0.22585497996212162,1.0040610203121398,-0.3362948217714412,0.0,0
2188,1.0,0.09398638770584254,0.03478107864450731,1.5676411300653166,-0.3584402879012638,-0.3362948217714412,0.0,0
2189,1.0,-0.03788907343459243,0.3834565880393046,0.6708930750515975,1.939415498732955,-0.3362948217714412,0.0,0
2190,1.0,0.21546354683418936,-0.7611708014083705,0.6708930750515975,-0.05846671879692339,-0.3362948217714412,0.0,1
2191,1.0,-0.5766817781210473,-0.4682262135971677,0.6708930750515975,-0.2196175682186726,-0.3362948217714412,0.0,0
2192,1.0,3.391274567367404,1.0029272164107992,-0.22585497996212162,0.5803119493929016,-0.3362948217714412,0.0,0
2193,1.0,2.2283606024274847,0.3162936825411265,2.464389185079036,-0.25602212757599546,-0.3362948217714412,0.0,0
2194,1.0,0.488140050241316,-0.111691215261094,-0.22585497996212162,-1.3408779964242166,-0.3362948217714412,1.0,0
2195,1.0,1.2254376791757082,1.095097586722129,-0.22585497996212162,0.1250122603639838,-0.3362948217714412,0.0,0
2196,1.0,0.27722856822788206,-0.16099164589273557,-1.1226030349758407,0.7739842051738595,-0.3362948217714412,0.0,0
2197,1.0,-1.248599525305613,-0.8290482059012102,-0.22585497996212162,-1.4962041163487942,-0.3362948217714412,0.0,0
2198,1.0,-0.5032242454519588,-0.4439332477786777,-0.22585497996212162,-1.3544690319176171,-0.3362948217714412,0.0,0
2199,1.0,-0.5904718009611131,-0.5282441291487312,-1.1226030349758407,0.6584604034799547,-0.3362948217714412,0.0,0
2200,1.0,-1.023808764640851,-0.8997836063726956,-0.22585497996212162,-0.16865118511842056,-0.3362948217714412,0.0,0
2201,1.0,0.506571375267035,0.810726986846864,-0.22585497996212162,-1.6452201126514356,-0.3362948217714412,0.0,0
2202,1.0,-0.44654680530023205,-0.5125251512661788,-1.1226030349758407,1.1491938636166668,-0.3362948217714412,0.0,0
2203,1.0,-0.7082448439220634,-0.5761155617910497,-0.22585497996212162,1.4569337387172359,-0.3362948217714412,0.0,0
2204,1.0,-0.5827511732869015,-0.8690601496022524,-0.22585497996212162,-0.7307375815954855,-0.3362948217714412,0.0,0
2205,1.0,0.5729776988463811,2.198284034479439,-1.1226030349758407,0.47983536556669054,-0.3362948217714412,0.0,0
2206,1.0,-0.2807987637856546,-0.24673152525211195,1.5676411300653166,-0.027401494812007803,-0.3362948217714412,0.0,0
2207,1.0,-0.7689834234862368,-0.6547104512038114,0.6708930750515975,-0.7249128520983138,-0.3362948217714412,0.0,0
2208,1.0,1.5395288790086634,1.1722634781455676,-0.22585497996212162,-0.05021501867593031,-0.3362948217714412,0.0,0
2209,1.0,1.7074190599935424,-0.28174197599052403,-0.22585497996212162,-1.0743966219286132,-0.3362948217714412,0.0,0
2210,1.0,-0.7555504238912213,-0.1338406840955997,-0.22585497996212162,0.14539881360408452,-0.3362948217714412,0.0,0
2211,1.0,-0.13330353567427106,-0.6611409421557647,-0.22585497996212162,-0.5113394372020197,-0.3362948217714412,0.0,0
2212,1.0,-0.6583062175206601,-0.3967763141310207,-0.22585497996212162,-0.00895651807096437,2.833611433315728,0.0,0
2213,1.0,-0.6057791725926425,-0.8676311516129295,-0.22585497996212162,1.1822006641006395,-0.3362948217714412,0.0,0
2214,1.0,-0.7998659341830832,-0.7561693084457402,1.5676411300653166,-1.117111304907872,-0.3362948217714412,0.0,0
2215,1.0,-0.7729553070874208,-0.00880336002984233,0.6708930750515975,-0.3307728227896983,-0.3362948217714412,0.0,0
2216,1.0,-0.799196515598614,-0.2517330182147423,0.6708930750515975,-0.8137399769301815,-0.3362948217714412,0.0,0
2217,1.0,0.8650673412031147,0.27913973481873017,-1.1226030349758407,-0.3331997934135198,-0.3362948217714412,0.0,0
2218,1.0,-1.0361706945007159,-0.7997537471200898,-1.1226030349758407,-1.3724286145338964,-0.3362948217714412,0.0,0
2219,1.0,-1.2322657118445641,-0.9798074937747804,0.6708930750515975,-0.7506387407108219,-0.3362948217714412,0.0,0
2220,1.0,0.043289086908707586,-0.0009438710885662301,1.5676411300653166,2.3432634105368564,-0.3362948217714412,0.0,0
2221,1.0,-0.26044843881779045,0.244129284080318,1.5676411300653166,-0.6370565155159745,-0.3362948217714412,0.0,0
2222,1.0,2.3708128772025336,0.4177525397830554,-0.22585497996212162,-0.2870873515609108,-0.3362948217714412,0.0,0
2223,1.0,1.1231951473744437,-0.15456115494078235,-0.22585497996212162,-1.2355474713503625,-0.3362948217714412,0.0,0
2224,1.0,1.0751308930095542,0.02477809271924664,-0.22585497996212162,-0.8506299304122688,-0.3362948217714412,0.0,0
2225,1.0,-0.048778282408624966,-0.438217255821386,0.6708930750515975,1.1161870631326942,-0.3362948217714412,0.0,0
2226,1.0,1.4871357177975397,0.7221291115088416,-1.1226030349758407,1.8175815734171146,-0.3362948217714412,1.0,0
2227,1.0,1.736159431220087,1.1579734982523382,1.5676411300653166,-0.012354276944314398,-0.3362948217714412,1.0,0
2228,1.0,1.0720515675209956,-0.3389018955634416,-1.1226030349758407,-0.8268456182988178,-0.3362948217714412,0.0,0
2229,1.0,0.14758450236901116,-0.37891383926448396,0.6708930750515975,0.9861014376958604,-0.3362948217714412,0.0,0
2230,1.0,0.5431662578846853,0.8000095019269419,-1.1226030349758407,0.10219873650006157,-0.3362948217714412,0.0,0
2231,1.0,1.8938298218154028,1.9253454185187573,0.6708930750515975,0.4414892297103104,-0.3362948217714412,0.0,0
2232,1.0,-0.2836995776516879,-0.559682084913836,-1.1226030349758407,1.0006632614387896,-0.3362948217714412,0.0,0
2233,1.0,-0.7648776561681591,-0.8054697390773816,0.6708930750515975,-0.07399933078938105,-0.3362948217714412,0.0,0
2234,1.0,0.38357686734722474,-0.45536523169326126,0.6708930750515975,-0.9263514138755002,-0.3362948217714412,0.0,0
2235,1.0,0.6376881620117384,0.1676778916515408,-1.1226030349758407,0.26820352716945384,-0.3362948217714412,0.0,0
2236,1.0,0.767599995304397,0.09694249118005512,-1.1226030349758407,-1.2981633134449577,-0.3362948217714412,0.0,0
2237,1.0,1.896552124058911,1.136538528412494,-0.22585497996212162,-0.44872359510742427,-0.3362948217714412,0.0,0
2238,1.0,1.0214881504407543,1.8217430642928445,1.5676411300653166,-0.9433402082422508,-0.3362948217714412,0.0,0
2239,1.0,1.4309045567021255,0.6885476587597524,-0.22585497996212162,-0.9821717382233953,-0.3362948217714412,0.0,0
2240,1.0,2.79750028294321,2.130406629986599,-0.22585497996212162,-1.5224153990860665,-0.3362948217714412,0.0,0
2241,1.0,0.9363827344019017,0.4856299442758949,-0.22585497996212162,-0.5744406734213794,-0.3362948217714412,0.0,0
2242,1.0,0.31850938093681697,0.11694846303057625,-0.22585497996212162,-1.0287695742007685,-0.3362948217714412,0.0,0
2243,1.0,-0.39393050456095186,-0.7668867933656621,-0.22585497996212162,1.2700570006829788,-0.3362948217714412,0.0,0
2244,1.0,0.11536315450322619,-0.30103344884638367,2.464389185079036,0.7201054573250216,-0.3362948217714412,0.0,0
2245,1.0,-0.6797722401293061,-0.7068688778140987,-1.1226030349758407,-0.6220092976482811,-0.3362948217714412,0.0,0
2246,1.0,-0.1331250240517461,-0.3481903824940408,-0.22585497996212162,-1.4185410563865053,-0.3362948217714412,0.0,0
2247,1.0,0.5586967690443712,-0.24030103430015876,1.5676411300653166,-1.1942889707453965,-0.3362948217714412,0.0,0
2248,1.0,2.5932829867744687,2.1375516199332134,-1.1226030349758407,0.35266210487844274,-0.3362948217714412,0.0,0
2249,1.0,-1.0071179279347517,-0.7840347692375376,-1.1226030349758407,-0.8491737480379757,-0.3362948217714412,0.0,0
2250,1.0,0.9010820610475586,-0.26602299810797164,0.6708930750515975,-0.6326879683930959,-0.3362948217714412,0.0,0
2251,1.0,1.7743609184404638,4.771194914255393,-0.22585497996212162,1.316654836660352,-0.3362948217714412,0.0,1
2252,1.0,-0.053464212499909514,-0.5261006321647468,-1.1226030349758407,0.15559209022413514,-0.3362948217714412,0.0,0
2253,1.0,0.3411803569975078,-0.24244453128414312,1.5676411300653166,1.7656444020673336,-0.3362948217714412,0.0,0
2254,1.0,-0.0404774919612069,-0.38820232619508305,-1.1226030349758407,0.2648057682961035,-0.3362948217714412,0.0,0
2255,1.0,-0.7543454704391767,-0.3110364347716442,-0.22585497996212162,-0.03905095380635118,-0.3362948217714412,0.0,0
2256,1.0,-0.8494029094338051,-0.6354189783479517,1.5676411300653166,1.4015988084941053,-0.3362948217714412,0.0,0
2257,1.0,-1.1237752732549202,-0.8797776345221745,-1.1226030349758407,0.012400823418665113,-0.3362948217714412,0.0,0
2258,1.0,-1.0908845068046662,-0.7361633365952189,-1.1226030349758407,-0.4695955424722895,-0.3362948217714412,0.0,0
2259,1.0,1.2393169578270367,0.6685416869092313,-1.1226030349758407,-0.06380605416933069,-0.3362948217714412,0.0,0
2260,1.0,-0.0009371675718919325,0.0019141248900797323,-0.22585497996212162,-0.9472233612403654,-0.3362948217714412,0.0,0
2261,1.0,0.2882962888244398,0.306290696615866,2.464389185079036,-0.10069600765141783,-0.3362948217714412,0.0,0
2262,1.0,0.40053547148711127,0.965773268688403,-0.22585497996212162,0.7011750864592137,-0.3362948217714412,0.0,0
2263,1.0,0.4992077708378735,0.27985423381339153,-0.22585497996212162,0.36188459324896455,2.833611433315728,0.0,0
2264,1.0,0.04735022632115401,-0.7697447893443081,-0.22585497996212162,0.36236998737372883,-0.3362948217714412,0.0,0
2265,1.0,-0.9619098595302643,-0.8383366928318092,-1.1226030349758407,1.098227480516415,-0.3362948217714412,0.0,0
2266,1.0,-0.9470487669550478,-0.5718285678230809,-0.22585497996212162,-1.4161140857626837,-0.3362948217714412,0.0,0
2267,1.0,0.04967087741398079,-0.39391831815237477,-0.22585497996212162,-1.7913237442054912,-0.3362948217714412,0.0,0
2268,1.0,2.7807201904258485,1.0943830877274676,-0.22585497996212162,-0.6656947688770686,-0.3362948217714412,0.0,0
2269,1.0,-0.5374538490711513,-0.49180468042099623,-1.1226030349758407,-0.3598964702755566,-0.3362948217714412,1.0,0
2270,1.0,0.25241545269688986,1.2587178564996055,-0.22585497996212162,-0.10312297827523936,-0.3362948217714412,0.0,0
2271,1.0,-0.4156642946033857,-0.5439631070312836,-1.1226030349758407,2.743713563467408,-0.3362948217714412,0.0,0
2272,1.0,-0.7790693301589062,0.20054484540596837,-0.22585497996212162,-0.41426061224915867,-0.3362948217714412,0.0,0
2273,1.0,0.8029006686587403,2.0082273018994874,0.6708930750515975,0.7992246996616033,-0.3362948217714412,0.0,0
2274,1.0,-0.31529613483863483,-0.35176287746734813,0.6708930750515975,-0.09244430753042475,-0.3362948217714412,0.0,0
2275,1.0,0.3173490553904037,-0.1431291710261988,-0.22585497996212162,0.5055612541791988,-0.3362948217714412,0.0,0
2276,1.0,-0.4620773164599178,-0.5518225959725598,-1.1226030349758407,-0.7482117700870005,-0.3362948217714412,0.0,0
2277,1.0,0.5839115357260448,1.3265952609924452,0.6708930750515975,-1.8714137747916015,-0.3362948217714412,0.0,0
2278,1.0,-0.8377996539696719,-0.5139541492555019,0.6708930750515975,-0.5108540430772555,-0.3362948217714412,0.0,0
2279,1.0,-0.6000221727662072,-0.2931739599051076,0.6708930750515975,1.5889609406531269,-0.3362948217714412,0.0,0
2280,1.0,-0.8423517003440627,-0.4803726965064127,-0.22585497996212162,-0.23951872733400906,-0.3362948217714412,0.0,0
2281,1.0,2.2482646483390356,0.6785446728344918,-0.22585497996212162,0.3109182101487125,-0.3362948217714412,0.0,0
2282,1.0,0.4643533765398431,0.07336402435622662,-1.1226030349758407,-0.4322201948654381,-0.3362948217714412,0.0,0
2283,1.0,1.0893671949059327,-0.0881127484372655,0.6708930750515975,-0.04196331855493696,2.833611433315728,0.0,0
2284,1.0,2.4973329896672145,0.8257314657347548,-1.1226030349758407,-0.47978881909233984,-0.3362948217714412,0.0,0
2285,1.0,-0.04217335237519556,-0.3996343101096666,-1.1226030349758407,-0.27980643968944624,-0.3362948217714412,0.0,0
2286,1.0,-0.08381118832918061,-0.015948349976457037,-1.1226030349758407,1.0802678979001354,-0.3362948217714412,0.0,0
2287,1.0,-0.051545212557764404,-0.748309819504464,0.6708930750515975,-0.15360396725072714,-0.3362948217714412,0.0,0
2288,1.0,-0.6931159839130593,-0.23244154535888253,1.5676411300653166,0.875916971374363,-0.3362948217714412,0.0,0
2289,1.0,-0.6221129860536913,-0.7132993687660519,0.6708930750515975,0.3429542223831566,-0.3362948217714412,0.0,0
2290,1.0,2.125984186909326,2.367620296214207,0.6708930750515975,-0.569101338048972,-0.3362948217714412,0.0,0
2291,1.0,-0.39767924863397947,-0.4760857025384439,-0.22585497996212162,-0.6982161752362769,-0.3362948217714412,0.0,0
2292,1.0,1.6556060615556252,2.207572521410038,-0.22585497996212162,-1.088473051546778,-0.3362948217714412,0.0,0
2293,1.0,-1.04781857787048,-0.8533411717197001,-1.1226030349758407,1.6729341242373514,-0.3362948217714412,0.0,0
2294,1.0,2.240142369514143,1.2094174258679644,0.6708930750515975,0.9123215307316862,-0.3362948217714412,0.0,0
2295,1.0,1.1248463798828012,-0.03666882082163977,-0.22585497996212162,-1.021488662329304,-0.3362948217714412,0.0,0
2296,1.0,0.5011267707800187,-0.2517330182147423,-1.1226030349758407,-0.14243990238114804,-0.3362948217714412,0.0,0
2297,1.0,0.30119375355187994,0.16624889366221782,-0.22585497996212162,-0.5754114616709078,-0.3362948217714412,0.0,0
2298,1.0,-1.038580601404805,-0.8247612119332414,-1.1226030349758407,-1.604447006171234,-0.3362948217714412,0.0,0
2299,1.0,-0.18417934809393147,-0.4832306924850586,-1.1226030349758407,-0.2637884335722243,-0.3362948217714412,0.0,0
2300,1.0,0.2661608476313246,0.014775106793986166,-1.1226030349758407,2.019505529319065,-0.3362948217714412,0.0,0
2301,1.0,0.13334820047263254,-0.34890488148870213,-0.22585497996212162,0.08860770100666092,-0.3362948217714412,0.0,0
2302,1.0,1.145642983906978,-0.3138944307502902,0.6708930750515975,-1.1656507173843025,-0.3362948217714412,0.0,0
2303,1.0,2.489612361993003,2.331180847486472,1.5676411300653166,-0.7064678753572703,-0.3362948217714412,0.0,0
2304,1.0,1.344861954645016,3.0978382687582293,-0.22585497996212162,1.1618141108605389,-0.3362948217714412,0.0,0
2305,1.0,1.5567106226767067,2.0532407385631606,1.5676411300653166,1.1190994278812798,-0.3362948217714412,1.0,0
2306,1.0,0.2563873362980741,-0.3281844106435195,-0.22585497996212162,-0.49629221933432627,-0.3362948217714412,0.0,0
2307,1.0,0.5542786063868743,1.4101916433678372,-0.22585497996212162,0.27985298616379695,-0.3362948217714412,0.0,1
2308,1.0,-1.3345082436458289,-0.9912394776893638,-0.22585497996212162,-0.26087606882363856,-0.3362948217714412,0.0,0
2309,1.0,-0.19511318497359526,-0.3996343101096666,1.5676411300653166,0.15898984909748518,-0.3362948217714412,0.0,0
2310,1.0,-0.5932387311102525,-0.5389616140686533,-1.1226030349758407,-0.28077722793897497,-0.3362948217714412,0.0,0
2311,1.0,-0.25879720630943304,-0.27674048302789367,-0.22585497996212162,-1.883063233785945,-0.3362948217714412,0.0,0
2312,1.0,1.46589283471705,2.700576827726452,-1.1226030349758407,1.0569689799114486,-0.3362948217714412,1.0,0
2313,1.0,-1.2705564548762034,-0.857628165687669,2.464389185079036,1.4452842797228929,-0.3362948217714412,1.0,0
2314,1.0,-0.2726764849607615,-0.497520672378288,1.5676411300653166,-1.5559075936948035,-0.3362948217714412,0.0,0
2315,1.0,-0.32725641354781815,-0.4989496703676109,-1.1226030349758407,1.6438104767514932,-0.3362948217714412,0.0,0
2316,1.0,0.9193795023563834,1.7024217321843784,1.5676411300653166,-1.260787965838106,-0.3362948217714412,0.0,0
2317,1.0,-0.9478520692564109,-0.11097671626643262,-0.22585497996212162,-0.5598788496784503,-0.3362948217714412,0.0,0
2318,1.0,-0.5355348491290063,-0.2903159639264616,-1.1226030349758407,0.6589457976047189,-0.3362948217714412,0.0,0
2319,1.0,-0.5594554065473729,-0.4060648010616198,-0.22585497996212162,-1.1549720466394877,-0.3362948217714412,0.0,0
2320,1.0,-0.5469149650649829,-0.28031297800120103,1.5676411300653166,0.44682856508271795,-0.3362948217714412,0.0,0
2321,1.0,-1.257792873865657,-0.9562290269509517,-0.22585497996212162,1.8098152674208854,-0.3362948217714412,0.0,1
2322,1.0,-0.4969763386635796,0.8485954335639216,-0.22585497996212162,-1.120509063781222,-0.3362948217714412,0.0,0
2323,1.0,2.2368845324030593,3.03996385019065,-1.1226030349758407,0.3351879163869278,-0.3362948217714412,0.0,0
2324,1.0,-0.9611065572289011,-0.6997238878674841,-0.22585497996212162,0.5939029848863023,-0.3362948217714412,0.0,0
2325,1.0,-0.8376211423471469,-0.5582530869245129,-0.22585497996212162,1.5787676640330766,-0.3362948217714412,0.0,1
2326,1.0,-0.8754209784168419,-0.6918643989262079,-0.22585497996212162,-1.2564194187152273,-0.3362948217714412,0.0,0
2327,1.0,-0.35983478465865315,-0.25744901017203403,-1.1226030349758407,1.7093386835946747,-0.3362948217714412,0.0,0
2328,1.0,0.3572017751191376,-0.3067494408036755,-1.1226030349758407,-0.6574430687560755,-0.3362948217714412,0.0,0
2329,1.0,-0.16717611604841343,-0.08596925145328113,-0.22585497996212162,-0.12205334914104732,-0.3362948217714412,0.0,0
2330,1.0,0.13669529339497863,-0.20671958155106968,0.6708930750515975,0.5720602492719082,-0.3362948217714412,0.0,0
2331,1.0,-0.416824620149799,-0.4053503020669583,0.6708930750515975,0.5312871427917069,-0.3362948217714412,0.0,0
2332,1.0,-0.5636058017710819,-0.7383068335792035,-0.22585497996212162,1.6588576946191866,-0.3362948217714412,0.0,0
2333,1.0,-0.028070934195710672,0.05550154948968984,-0.22585497996212162,0.5851658906405447,-0.3362948217714412,0.0,0
2334,1.0,-0.6245675208634116,-0.4546507326985998,-0.22585497996212162,-0.6603554335046613,-0.3362948217714412,0.0,0
2335,1.0,0.5776636289376655,0.41489454380440943,-1.1226030349758407,0.6608873741037765,-0.3362948217714412,0.0,0
2336,1.0,0.5579827225542706,0.2784252358240686,-0.22585497996212162,-1.038962850820819,-0.3362948217714412,0.0,0
2337,1.0,-0.911971233128861,-0.8390511918264707,-1.1226030349758407,-1.2374890478494196,-0.3362948217714412,0.0,0
2338,1.0,1.252214422554477,1.494502524737891,0.6708930750515975,-0.9836279205976882,-0.3362948217714412,0.0,0
2339,1.0,0.06649559783697362,-0.6347044793532902,-1.1226030349758407,1.512268668940367,-0.3362948217714412,0.0,0
2340,1.0,-0.3346646458826108,0.3691666081460754,-1.1226030349758407,-1.295736342821136,-0.3362948217714412,0.0,0
2341,1.0,0.8459665975929264,-0.3910603221737289,-0.22585497996212162,0.8458225356389761,-0.3362948217714412,0.0,0
2342,1.0,0.1721744783718469,-0.16885113483401168,-0.22585497996212162,-1.6835662485078156,-0.3362948217714412,0.0,0
2343,1.0,-0.06886083994270138,0.5242128899876144,-1.1226030349758407,-0.8482029597884473,-0.3362948217714412,0.0,0
2344,1.0,-0.9676222314510684,-0.7275893486592814,-0.22585497996212162,-0.5385215081888207,-0.3362948217714412,0.0,0
2345,1.0,-0.7012828906435837,0.3763115980926901,1.5676411300653166,-0.23078163308825145,-0.3362948217714412,0.0,1
2346,1.0,-0.18587520850792014,-0.12455219716500064,-0.22585497996212162,-1.3166082901860012,-0.3362948217714412,0.0,0
2347,1.0,1.1728660063420595,-0.543248608036622,1.5676411300653166,-0.8545130834103832,-0.3362948217714412,0.0,0
2348,1.0,0.7185539270156195,0.1605329017049261,-0.22585497996212162,1.726327477961425,-0.3362948217714412,0.0,1
2349,1.0,0.7943767386831656,1.7595816517572962,-1.1226030349758407,-1.1442933758946732,-0.3362948217714412,0.0,0
2350,1.0,0.9854288026906795,0.7078391316156122,-1.1226030349758407,0.20218992620150839,-0.3362948217714412,0.0,0
2351,1.0,-0.7762577721041356,-0.47251320756513654,-1.1226030349758407,1.0050318085616683,-0.3362948217714412,0.0,0
2352,1.0,-0.3192233905341875,0.6721141818825387,-0.22585497996212162,-0.9812009499738666,-0.3362948217714412,0.0,0
2353,1.0,-0.7551487727405398,-0.591834539673602,-0.22585497996212162,0.17403706696517857,-0.3362948217714412,0.0,0
2354,1.0,-0.07229718867631019,-0.4410752518000319,-1.1226030349758407,0.6657413153514196,-0.3362948217714412,0.0,0
2355,1.0,0.03632713363022775,-0.6247014934280297,-0.22585497996212162,1.9598020519730557,-0.3362948217714412,0.0,0
2356,1.0,-0.5891329637921746,-0.6104115135348003,1.5676411300653166,0.19636519670433655,-0.3362948217714412,0.0,0
2357,1.0,1.586120412487721,1.0107867053520754,0.6708930750515975,2.2073530556028516,-0.3362948217714412,0.0,0
2358,1.0,-0.9327678371530379,-0.8754906405542057,-1.1226030349758407,0.21286859694632299,2.833611433315728,0.0,1
2359,1.0,-0.8184311429256962,-0.7268748496646199,-1.1226030349758407,-0.10749152539811815,-0.3362948217714412,0.0,0
2360,1.0,0.711993624887821,0.414180044809748,0.6708930750515975,-1.6272605300351564,-0.3362948217714412,0.0,0
2361,1.0,0.29507973048039443,-0.1588481489087511,-0.22585497996212162,0.10608188949817585,-0.3362948217714412,0.0,0
2362,1.0,-0.2732566477339681,0.011917110815340205,0.6708930750515975,-0.9705222792290521,-0.3362948217714412,0.0,0
2363,1.0,0.7283720662545012,-0.21672256747633026,-1.1226030349758407,1.1608433226110102,-0.3362948217714412,0.0,0
2364,1.0,-0.9417380461849254,-0.6282739884013371,-0.22585497996212162,-1.517076063713659,-0.3362948217714412,0.0,0
2365,1.0,1.2137005399946814,0.7842905240443897,-0.22585497996212162,-0.4297932242416166,-0.3362948217714412,0.0,0
2366,1.0,1.3988170925532348,2.003940307931519,-0.22585497996212162,0.13277856636021262,-0.3362948217714412,0.0,0
2367,1.0,-0.5015730129436015,-0.6668569341130565,-1.1226030349758407,-0.8574254481589689,2.833611433315728,0.0,0
2368,1.0,-0.9908287423793344,-0.7640287973870163,-1.1226030349758407,-1.6015346414226483,-0.3362948217714412,0.0,0
2369,1.0,-0.9922122074539041,-0.48394519147972,-0.22585497996212162,0.5075028306782559,-0.3362948217714412,0.0,0
2370,1.0,-1.050808647547776,-0.3431888895314104,0.6708930750515975,-0.6035643209072377,-0.3362948217714412,0.0,0
2371,1.0,-0.13370518682495272,-0.37176884931786924,-0.22585497996212162,-0.7904410589414949,-0.3362948217714412,0.0,0
2372,1.0,-0.5091597569009192,-0.6639989381344105,-0.22585497996212162,0.4672151183228187,-0.3362948217714412,0.0,0
2373,1.0,2.2363043696298526,1.880331981855085,-0.22585497996212162,-0.3089300871753045,-0.3362948217714412,0.0,0
2374,1.0,1.2285170046642664,0.7499945723006389,-1.1226030349758407,0.5730310375214374,-0.3362948217714412,0.0,0
2375,1.0,0.336628310623117,2.0210882838033943,0.6708930750515975,1.6501206003734294,-0.3362948217714412,0.0,0
2376,1.0,-1.0886977394287336,-0.8026117430987357,-0.22585497996212162,0.5380826605384069,-0.3362948217714412,0.0,0
2377,1.0,-0.8304360495405108,-0.5939780366575864,-0.22585497996212162,0.621085055873103,-0.3362948217714412,0.0,0
2378,1.0,3.1991068057191074,2.0160867908407645,-0.22585497996212162,-0.07108696604079527,-0.3362948217714412,0.0,0
2379,1.0,0.38005126280235346,0.9779197515976478,1.5676411300653166,-1.2632149364619278,2.833611433315728,0.0,1
2380,1.0,-0.656387217578515,-0.5632545798871433,1.5676411300653166,0.3104328160239483,-0.3362948217714412,0.0,0
2381,1.0,-0.3842462490389638,-0.24530252726278898,0.6708930750515975,-0.10118140177618208,-0.3362948217714412,0.0,0
2382,1.0,-0.10554497837161443,-0.5125251512661788,-0.22585497996212162,-0.27009855719416015,-0.3362948217714412,0.0,0
2383,1.0,-0.49523585034395956,-0.8483396787570698,-1.1226030349758407,-0.9457671788660724,-0.3362948217714412,0.0,0
2384,1.0,0.4912193757298744,-0.00951785902450392,0.6708930750515975,0.012400823418665113,-0.3362948217714412,0.0,0
2385,1.0,-0.8365500726119961,-0.6089825155454774,2.464389185079036,-0.9326615374974363,-0.3362948217714412,0.0,0
2386,1.0,-0.48693505989654134,-0.6561394491931344,-1.1226030349758407,0.14636960185361328,-0.3362948217714412,0.0,0
2387,1.0,-0.5069283616193552,-0.5611110829031588,0.6708930750515975,0.57448721989573,-0.3362948217714412,0.0,0
2388,1.0,-0.34001999455836446,-0.5039511633302413,-0.22585497996212162,1.483630415579273,-0.3362948217714412,0.0,0
2389,1.0,0.3887537044004532,0.5427898638488126,0.6708930750515975,-1.39766910902164,-0.3362948217714412,0.0,0
2390,1.0,-1.1056117156629888,-0.6411349703052435,-1.1226030349758407,-0.06234987179503794,-0.3362948217714412,0.0,0
2391,1.0,-0.14254151213994642,-0.4546507326985998,0.6708930750515975,-0.9244098373764431,-0.3362948217714412,0.0,0
2392,1.0,-1.1473834353338679,-0.798324749130767,1.5676411300653166,-0.7705398998261584,-0.3362948217714412,0.0,0
2393,1.0,-1.0592879496177192,-0.8754906405542057,0.6708930750515975,-1.3437903611728022,-0.3362948217714412,0.0,0
2394,1.0,0.8058907383360362,0.27270924386677686,-1.1226030349758407,1.958345869598763,-0.3362948217714412,0.0,0
2395,1.0,0.3087358696035664,-0.36248036238727016,-0.22585497996212162,-0.4608584482265319,-0.3362948217714412,0.0,0
2396,1.0,0.04632378449163472,-0.4332157628587557,-1.1226030349758407,1.3967448672464622,-0.3362948217714412,0.0,0
2397,1.0,-0.37322315634803743,-0.5811170547536799,2.464389185079036,-0.7681129292023369,-0.3362948217714412,0.0,0
2398,1.0,-1.0415260431764695,-0.5010931673515953,-1.1226030349758407,0.0958886128781255,-0.3362948217714412,0.0,1
2399,1.0,-0.013879260204963302,0.27056574688279245,-0.22585497996212162,0.4283835883416743,-0.3362948217714412,0.0,0
2400,1.0,0.28303019595994866,-0.3810573362484683,-0.22585497996212162,-1.3253453844317589,-0.3362948217714412,0.0,0
2401,1.0,-0.8749746993605291,-0.6475654612571967,-0.22585497996212162,1.431693244229492,-0.3362948217714412,0.0,0
2402,1.0,-0.7544347262504393,-0.676859920038317,0.6708930750515975,-0.2977660223057257,-0.3362948217714412,0.0,0
2403,1.0,-0.8333814913121752,-0.8733471435702213,0.6708930750515975,-0.32640427566681973,-0.3362948217714412,0.0,0
2404,1.0,0.0225371107901618,-0.19886009260979348,-1.1226030349758407,0.5681770962737943,-0.3362948217714412,0.0,0
2405,1.0,-1.1404661099610194,-0.856199167698346,0.6708930750515975,-1.7956922913283702,-0.3362948217714412,0.0,0
2406,1.0,2.5706566386194094,0.8786043913397036,-0.22585497996212162,1.350632425393853,-0.3362948217714412,0.0,0
2407,1.0,4.200333868556896,2.6748548639186396,-0.22585497996212162,0.41527794697303816,2.833611433315728,0.0,0
2408,1.0,-0.46439796755274443,-0.07025027357072874,0.6708930750515975,-0.38756393538712214,-0.3362948217714412,0.0,0
2409,1.0,-0.1332589077686398,-0.4982351713729494,2.464389185079036,-0.6666655571265974,-0.3362948217714412,0.0,0
2410,1.0,0.2966417071774894,-0.4925191794156577,-0.22585497996212162,-1.6753145483868226,-0.3362948217714412,0.0,0
2411,1.0,-1.3343743599289348,-0.8447671837837625,-0.22585497996212162,-0.5458024200602853,-0.3362948217714412,0.0,0
2412,1.0,0.3790694488784654,0.44204550560154526,-1.1226030349758407,-0.6263778447711599,-0.3362948217714412,0.0,0
2413,1.0,1.5794262266430288,0.7664280491778529,0.6708930750515975,0.718163880825964,-0.3362948217714412,0.0,0
2414,1.0,0.3716165886380414,-0.043099311773592885,-1.1226030349758407,-0.7865579059433805,-0.3362948217714412,0.0,0
2415,1.0,-0.14227374470615872,-0.6139840085081076,-0.22585497996212162,1.1744343581044103,-0.3362948217714412,0.0,0
2416,1.0,0.6858863000935218,-0.6504234572358427,-0.22585497996212162,0.8730046066257775,-0.3362948217714412,0.0,0
2417,1.0,0.39384128564241916,-0.2581635091666955,-0.22585497996212162,0.2502439445531744,-0.3362948217714412,1.0,0
2418,1.0,-1.0551821822996414,-0.8104712320400119,-1.1226030349758407,-1.462711921740057,-0.3362948217714412,0.0,0
2419,1.0,0.8559632484543332,0.9743472566243404,0.6708930750515975,-1.3180644725602944,-0.3362948217714412,1.0,0
2420,1.0,1.5891551100706478,0.06050304245232018,-1.1226030349758407,-0.2599052805741098,-0.3362948217714412,0.0,0
2421,1.0,0.5335712581739598,1.3544607217842428,-0.22585497996212162,0.9632879138319379,2.833611433315728,0.0,0
2422,1.0,0.04346759853123255,-0.17099463181799615,-0.22585497996212162,0.6128333557521103,-0.3362948217714412,0.0,0
2423,1.0,0.9773957796770486,0.24198578709633364,-1.1226030349758407,-0.43464716548925963,-0.3362948217714412,0.0,0
2424,1.0,-0.5150952683498795,-0.5253861331700853,-0.22585497996212162,1.1419129517452022,-0.3362948217714412,0.0,0
2425,1.0,-0.23233285827008343,-0.2360140403321899,-0.22585497996212162,0.44682856508271795,-0.3362948217714412,0.0,0
2426,1.0,0.41798498258894223,-0.21386457149768429,0.6708930750515975,-0.8268456182988178,-0.3362948217714412,0.0,0
2427,1.0,-0.8170476778511264,-0.15599015293010524,-1.1226030349758407,0.6414716091132043,-0.3362948217714412,0.0,0
2428,1.0,-0.2959722517002901,-0.35676437042997833,2.464389185079036,0.21335399107108724,-0.3362948217714412,0.0,0
2429,1.0,-0.9764585567660619,-0.5396761130633146,-1.1226030349758407,-0.9321761433726719,2.833611433315728,0.0,0
2430,1.0,-0.6181857303581386,-0.3832008332324528,1.5676411300653166,0.09977176587624005,-0.3362948217714412,0.0,0
2431,1.0,-0.4487782005817961,-0.37319784730719213,-0.22585497996212162,0.383241934738594,-0.3362948217714412,0.0,0
2432,1.0,-0.8067832595559318,-0.20814857954039256,-0.22585497996212162,1.3016076187926582,-0.3362948217714412,0.0,0
2433,1.0,-0.9241100234605695,-0.5911200406789406,-0.22585497996212162,-0.9239244432516787,-0.3362948217714412,0.0,0
2434,1.0,-1.2931828030312627,-0.8933531154207426,-0.22585497996212162,-0.07060157191603102,-0.3362948217714412,0.0,0
2435,1.0,1.9102528910877143,1.190840452006766,0.6708930750515975,0.2152955675701445,-0.3362948217714412,0.0,0
2436,1.0,1.8691952179069358,1.7252857000135458,3.361137240092755,0.04977617102551651,2.833611433315728,0.0,0
2437,1.0,-0.9648999292075602,-0.497520672378288,-1.1226030349758407,0.35266210487844274,-0.3362948217714412,1.0,0
2438,1.0,1.191877494140985,2.3247503565345187,-0.22585497996212162,0.6696244683495336,-0.3362948217714412,0.0,0
2439,1.0,-0.021466004162281012,-0.060247287645468266,1.5676411300653166,-0.8394658655426896,-0.3362948217714412,1.0,0
2440,1.0,0.16525715299899832,0.4077495538577947,-0.22585497996212162,-0.13564438463444797,-0.3362948217714412,0.0,0
2441,1.0,-0.2226932306537269,-0.2638795011239872,-1.1226030349758407,-0.12739268451345462,-0.3362948217714412,0.0,0
2442,1.0,-0.01994865537081757,-0.11740720721838593,-1.1226030349758407,0.12452686623921956,2.833611433315728,0.0,0
2443,1.0,0.6370633713329003,2.043952251632561,0.6708930750515975,1.5088709100670168,-0.3362948217714412,0.0,0
2444,1.0,-1.1054778319460952,-0.9197895782232168,-1.1226030349758407,1.1933647289702183,6.003517688402897,1.0,0
2445,1.0,0.5357580255498926,-0.6354189783479517,-0.22585497996212162,-0.18466919123564274,-0.3362948217714412,0.0,0
2446,1.0,1.4793258343120654,0.7678570471671756,-1.1226030349758407,0.020652523539658192,-0.3362948217714412,0.0,0
2447,1.0,-1.0122501370823493,-0.7004383868621455,-0.22585497996212162,-0.14583766125449832,-0.3362948217714412,0.0,0
2448,1.0,-1.3345082436458289,-0.9212185762125398,-0.22585497996212162,-0.6506475510093752,-0.3362948217714412,0.0,0
2449,1.0,-0.25161211350279705,-0.2988899518623993,1.5676411300653166,-0.8137399769301815,-0.3362948217714412,0.0,0
2450,1.0,-0.731540610661592,-0.6697149300917024,0.6708930750515975,0.810388764531182,-0.3362948217714412,0.0,0
2451,1.0,0.27499717294631804,0.81858647578814,1.5676411300653166,-0.8792681837733627,-0.3362948217714412,0.0,0
2452,1.0,0.5239762584632345,-0.0030873680725506027,-1.1226030349758407,-0.24194569795783058,2.833611433315728,0.0,0
2453,1.0,1.1033803572741547,0.41060754983644066,-1.1226030349758407,-1.1098303930364075,-0.3362948217714412,0.0,0
2454,1.0,-0.8339616540853819,-0.6075535175561544,0.6708930750515975,-1.2214710417321974,-0.3362948217714412,0.0,0
2455,1.0,0.21733791887070325,0.151244414774327,-1.1226030349758407,-0.8384950772931612,-0.3362948217714412,0.0,0
2456,1.0,-0.33890429691758245,-0.16813663583935026,-1.1226030349758407,-0.03808016555682268,-0.3362948217714412,0.0,0
2457,1.0,-0.753140516987132,-0.7447373245311566,0.6708930750515975,0.168212337468007,-0.3362948217714412,1.0,0
2458,1.0,-0.6677673335144916,-0.7533113124670944,0.6708930750515975,-0.28029183381421074,-0.3362948217714412,0.0,0
2459,1.0,0.20109336122091678,-0.3453323865153948,-0.22585497996212162,0.263834980046575,2.833611433315728,0.0,0
2460,1.0,-0.9573578131558736,-0.7275893486592814,0.6708930750515975,-1.348158908295681,-0.3362948217714412,0.0,0
2461,1.0,-0.8377103981584095,-0.3389018955634416,1.5676411300653166,-1.6141548886665202,-0.3362948217714412,0.0,0
2462,1.0,-0.775677609330929,-0.08954174642658849,-0.22585497996212162,0.1337493546097414,-0.3362948217714412,0.0,0
2463,1.0,-0.3749190167620261,-0.07025027357072874,-0.22585497996212162,-0.6700633159999474,-0.3362948217714412,0.0,0
2464,1.0,-0.9424967205806571,-0.6554249501984729,-1.1226030349758407,0.5390534487879359,-0.3362948217714412,1.0,1
2465,1.0,-0.5738702200662765,-0.3481903824940408,-0.22585497996212162,-1.145749558268966,-0.3362948217714412,0.0,1
2466,1.0,1.4253260684982154,-0.008088861035180937,-0.22585497996212162,0.8929057657411139,-0.3362948217714412,0.0,0
2467,1.0,-0.19596111518058956,0.11409046705193049,0.6708930750515975,0.566720913899501,-0.3362948217714412,1.0,0
2468,1.0,-0.06689721209492504,-0.4303577668801098,-1.1226030349758407,1.753024154823462,-0.3362948217714412,0.0,0
2469,1.0,0.9262968277292323,1.496646021721875,-0.22585497996212162,1.027845332425591,-0.3362948217714412,0.0,0
2470,1.0,-0.4052659925912972,0.11194697006794611,-1.1226030349758407,-1.532608675706117,-0.3362948217714412,1.0,0
2471,1.0,0.09929710847596496,-0.05953278865080688,-1.1226030349758407,0.01579858229201514,-0.3362948217714412,0.0,0
2472,1.0,0.2673658010833691,-0.172423629807319,-0.22585497996212162,-0.6690925277504188,-0.3362948217714412,0.0,0
2473,1.0,-0.19538095240738296,1.4073336473891915,0.6708930750515975,0.030360406034944297,-0.3362948217714412,0.0,0
2474,1.0,-0.6901259142357634,-0.4939481774049807,-0.22585497996212162,0.4812915479409836,-0.3362948217714412,0.0,0
2475,1.0,-0.7709916792396444,-0.9340795581164462,-1.1226030349758407,0.8060202174083033,-0.3362948217714412,1.0,0
2476,1.0,-0.1734686507424239,-0.20314708657776231,0.6708930750515975,-0.20942429159862225,2.833611433315728,0.0,0
2477,1.0,0.7615752280441742,0.2741382418560998,0.6708930750515975,0.07598745376278904,-0.3362948217714412,0.0,0
2478,1.0,0.39000328575812915,0.45133399253214435,-0.22585497996212162,0.29198783928290456,-0.3362948217714412,0.0,0
2479,1.0,-0.5779313594787231,-0.5239571351807624,1.5676411300653166,0.5453635724098718,-0.3362948217714412,0.0,0
2480,1.0,-0.5872585917556609,-0.7861782662215219,-1.1226030349758407,-0.24194569795783058,-0.3362948217714412,0.0,0
2481,1.0,1.9446163784238004,1.6374023236701847,-1.1226030349758407,-0.3652358056479639,-0.3362948217714412,0.0,0
2482,1.0,-0.557581034510859,-0.5375326160793303,0.6708930750515975,2.638868432518318,-0.3362948217714412,0.0,0
2483,1.0,-0.12013830351304322,-0.38677332820576016,-0.22585497996212162,0.5662355197747367,-0.3362948217714412,0.0,0
2484,1.0,-0.47060124643549245,-0.7454518235258182,0.6708930750515975,-0.5356091434402349,-0.3362948217714412,0.0,0
2485,1.0,0.7929932736085961,1.408048146383853,-0.22585497996212162,-0.009441912195728621,-0.3362948217714412,0.0,0
2486,1.0,0.01570904122857594,1.2044159329053339,-0.22585497996212162,-0.5788092205442582,2.833611433315728,0.0,0
2487,1.0,-0.21555276575272184,-0.676859920038317,-0.22585497996212162,-0.9020817076372851,-0.3362948217714412,0.0,0
2488,1.0,2.4324440148793323,0.5020634211531086,-1.1226030349758407,-1.3136959254374154,-0.3362948217714412,0.0,0
2489,1.0,-1.0909737626159288,-0.593263537662925,1.5676411300653166,1.3821830435035332,-0.3362948217714412,0.0,0
2490,1.0,0.6410352549340844,-0.14598716700484465,0.6708930750515975,-1.2515654774675842,-0.3362948217714412,0.0,0
2491,1.0,-0.25290632276610403,-0.24744602424677345,-0.22585497996212162,2.0588224534249737,-0.3362948217714412,0.0,1
2492,1.0,0.18788350115405772,0.8743173973717349,-1.1226030349758407,-1.5724109939367898,-0.3362948217714412,0.0,0
2493,1.0,0.8183419240071634,0.725701606482149,2.464389185079036,0.7924291819149026,-0.3362948217714412,1.0,0
2494,1.0,-0.38616524898110893,-0.5168121452341476,-1.1226030349758407,-0.5977395914100658,-0.3362948217714412,0.0,0
2495,1.0,-0.9773064869730561,-0.689006402947562,0.6708930750515975,-0.0264307065624793,-0.3362948217714412,0.0,0
2496,1.0,-0.03030232947727472,-0.3610513643979472,-0.22585497996212162,-0.5414338729374065,-0.3362948217714412,0.0,0
2497,1.0,-0.13499939608825995,-0.4639392196291989,-0.22585497996212162,-0.21185126222244377,-0.3362948217714412,0.0,0
2498,1.0,-0.7828627021375651,-0.45250723571461543,-0.22585497996212162,-0.33271439928875557,-0.3362948217714412,0.0,0
2499,1.0,-0.2238089282945089,-0.10311722732515652,-1.1226030349758407,-1.2894262191992,2.833611433315728,0.0,0
2500,1.0,0.9592322220851176,-0.06381978261877562,-0.22585497996212162,-0.1919501031071073,-0.3362948217714412,0.0,0
2501,1.0,-0.7928593529989721,-0.7525968134724328,-0.22585497996212162,-1.319520654934587,-0.3362948217714412,0.0,0
2502,1.0,0.06613857459192345,-0.4153532879922189,-1.1226030349758407,0.5104151954268419,2.833611433315728,0.0,0
2503,1.0,0.6168915579875613,-0.20171808858843934,-0.22585497996212162,1.608376705643699,-0.3362948217714412,0.0,0
2504,1.0,-0.6779871239040549,-0.00951785902450392,-0.22585497996212162,-0.3569841055269708,-0.3362948217714412,0.0,0
2505,1.0,0.7875486691215797,0.2205508172564895,-1.1226030349758407,0.11676056024299072,2.833611433315728,0.0,0
2506,1.0,1.2114691447131174,2.992806916542994,-0.22585497996212162,1.1608433226110102,-0.3362948217714412,0.0,0
2507,1.0,0.9040275028192231,-0.05953278865080688,-1.1226030349758407,0.7832066935443813,-0.3362948217714412,0.0,0
2508,1.0,-0.007274330171533896,0.12266445498786818,0.6708930750515975,-1.4763029572334574,-0.3362948217714412,0.0,0
2509,1.0,-0.6447839621143819,0.7564250632525922,-0.22585497996212162,-0.6564722805065467,2.833611433315728,0.0,0
2510,1.0,-0.17935953428575319,-0.4575087286772456,0.6708930750515975,-0.8831513367714772,-0.3362948217714412,0.0,0
2511,1.0,1.3626684889918972,0.17982437456078565,-0.22585497996212162,0.378387993490951,-0.3362948217714412,0.0,0
2512,1.0,-0.7215439598001853,0.660682197967955,2.464389185079036,-0.6982161752362769,-0.3362948217714412,0.0,1
2513,1.0,-0.5765478944041534,-0.23172704636422106,-1.1226030349758407,0.43566450021313885,-0.3362948217714412,0.0,0
2514,1.0,1.2683697243930006,4.786199393143284,-1.1226030349758407,-1.8049147796988918,-0.3362948217714412,0.0,0
2515,1.0,-1.0691507167622325,-0.8704891475915755,-0.22585497996212162,-0.11283086077052547,-0.3362948217714412,0.0,0
2516,1.0,-0.13129527992086346,-0.4003488091043281,-1.1226030349758407,-1.3282577491803447,-0.3362948217714412,0.0,0
2517,1.0,0.08157982994034656,-0.5868330467109717,-0.22585497996212162,0.08423915388378211,-0.3362948217714412,0.0,0
2518,1.0,-1.0575920892037305,-0.8640586566396222,-0.22585497996212162,0.1852011318347577,-0.3362948217714412,0.0,0
2519,1.0,-1.1505073887280575,-0.8311917028851945,-0.22585497996212162,-0.8219916770511747,-0.3362948217714412,0.0,0
2520,1.0,-0.4666293628343085,0.03763907462315307,0.6708930750515975,0.20752926157391569,-0.3362948217714412,0.0,0
2521,1.0,0.4721632600253172,0.9979257234481691,0.6708930750515975,1.627307076509507,-0.3362948217714412,0.0,0
2522,1.0,-0.3700099471425852,-0.33961639455810305,-1.1226030349758407,-1.2263249829798406,-0.3362948217714412,0.0,0
2523,1.0,-0.11701435011885361,0.21697832228318217,-1.1226030349758407,0.13180777811068414,-0.3362948217714412,0.0,0
2524,1.0,0.2424634297411144,0.868601405414443,-1.1226030349758407,1.5088709100670168,-0.3362948217714412,0.0,0
2525,1.0,2.1427642794266877,0.932191815939314,-1.1226030349758407,0.6604019799790117,-0.3362948217714412,1.0,0
2526,1.0,2.20310120784018,1.6338298286968773,1.5676411300653166,1.291899736297372,-0.3362948217714412,0.0,0
2527,1.0,-0.19136444090056776,-0.35462087344599397,-1.1226030349758407,0.11481898374393346,-0.3362948217714412,0.0,0
2528,1.0,-0.5960056612593919,-0.3739123463018536,-0.22585497996212162,-1.39766910902164,-0.3362948217714412,0.0,0
2529,1.0,-0.7486330985183727,-0.11240571425575559,0.6708930750515975,1.240447959072356,-0.3362948217714412,0.0,0
2530,1.0,0.1465580605394916,0.07979451530817992,-0.22585497996212162,-0.5205619255725416,-0.3362948217714412,0.0,0
2531,1.0,0.36590421671723733,1.1644039892042914,-0.22585497996212162,0.10705267774770462,-0.3362948217714412,0.0,0
2532,1.0,-0.12125400115382524,-0.43535925984274004,0.6708930750515975,-0.7787915999471516,2.833611433315728,0.0,0
2533,1.0,-1.3163000581482662,-0.9147880852605866,-1.1226030349758407,-0.11283086077052547,2.833611433315728,0.0,0
2534,1.0,-0.1321432101278578,-0.1581336499140897,-0.22585497996212162,-0.46037305410176765,-0.3362948217714412,0.0,0
2535,1.0,-0.7013721464548461,-0.5039511633302413,2.464389185079036,-0.7273398227221354,-0.3362948217714412,0.0,1
2536,1.0,0.21122389579921774,-0.5189556422181321,-1.1226030349758407,0.9249417779755578,-0.3362948217714412,0.0,0
2537,1.0,-0.520539872836896,-0.41892578296552624,0.6708930750515975,-0.3589256820260281,-0.3362948217714412,0.0,0
2538,1.0,-0.117549884986429,-0.34890488148870213,-0.22585497996212162,0.9894991965692107,-0.3362948217714412,0.0,0
2539,1.0,-0.446859200639651,-0.4653682176185219,0.6708930750515975,-1.408347779766455,-0.3362948217714412,0.0,0
2540,1.0,-0.3381456225218507,-0.15670465192476674,-1.1226030349758407,-0.7457847994631789,-0.3362948217714412,0.0,0
2541,1.0,-1.2667630828975445,-0.9312215621378005,0.6708930750515975,0.47206905957046175,-0.3362948217714412,0.0,0
2542,1.0,0.5632488154187617,0.1905418594807077,1.5676411300653166,-1.1224506402802794,-0.3362948217714412,0.0,1
2543,1.0,0.9557958733515091,0.14052692985440496,-0.22585497996212162,1.8636940152697232,2.833611433315728,0.0,0
2544,1.0,-0.0518129799915521,-0.6118405115241231,-0.22585497996212162,-1.20933618861309,-0.3362948217714412,0.0,0
2545,1.0,1.259578026983638,1.645261812611461,0.6708930750515975,-0.0041025768233213175,-0.3362948217714412,0.0,0
2546,1.0,-0.9661048826596047,-0.643278467289228,-0.22585497996212162,-0.3846515706385361,-0.3362948217714412,0.0,0
2547,1.0,1.4363045332835107,1.7360031849334678,0.6708930750515975,-1.3180644725602944,-0.3362948217714412,0.0,0
2548,1.0,0.644471603667693,0.6656836909305854,0.6708930750515975,-0.08710497215801745,-0.3362948217714412,0.0,0
2549,1.0,-0.5457546395185695,-0.7283038476539428,-0.22585497996212162,-0.06768920716744524,-0.3362948217714412,0.0,0
2550,1.0,-0.6179625908299822,-0.7054398798247757,-0.22585497996212162,-0.8302433771721679,2.833611433315728,0.0,0
2551,1.0,-1.2097286195007675,-0.9083575943086334,0.6708930750515975,-0.019149794691014722,-0.3362948217714412,1.0,0
2552,1.0,-1.1905386200793167,-0.6697149300917024,1.5676411300653166,-0.7923826354405522,-0.3362948217714412,0.0,0
2553,1.0,0.1781099898208072,-0.5318166241220386,0.6708930750515975,-1.2457407479704128,-0.3362948217714412,0.0,0
2554,1.0,0.48764914327937187,0.41989603676703974,-0.22585497996212162,0.02405028241300849,-0.3362948217714412,0.0,0
2555,1.0,-0.7987948644479326,-0.48251619349039715,-1.1226030349758407,1.7379769369557687,-0.3362948217714412,0.0,0
2556,1.0,0.17485215270972362,-0.4317867648694328,2.464389185079036,-1.3758263734072467,2.833611433315728,0.0,0
2557,1.0,1.1069505897246577,1.6752707703872427,2.464389185079036,2.142310242884434,-0.3362948217714412,0.0,0
2558,1.0,-0.8408343515525991,-0.4539362337039383,-1.1226030349758407,0.6283659677445679,-0.3362948217714412,0.0,0
2559,1.0,-1.1284612033462047,-0.4639392196291989,-1.1226030349758407,-0.32786045804111247,-0.3362948217714412,0.0,0
2560,1.0,1.0461227543492218,-0.2438735292734661,1.5676411300653166,1.339468360524274,-0.3362948217714412,0.0,0
2561,1.0,0.41597672683553466,1.0172171963040286,1.5676411300653166,-0.7365623110926571,-0.3362948217714412,0.0,0
2562,1.0,-0.6706681473805249,-0.23887203631083576,-1.1226030349758407,-0.2293254507139587,-0.3362948217714412,0.0,0
2563,1.0,-0.23567995119242952,-0.3824863342377913,0.6708930750515975,2.2835599331908467,-0.3362948217714412,0.0,0
2564,1.0,0.07493027200128566,-0.31961042270758194,-1.1226030349758407,0.09394703637906822,-0.3362948217714412,0.0,0
2565,1.0,-0.3073969955418981,-0.3674818553499004,-1.1226030349758407,1.086092627397307,-0.3362948217714412,0.0,0
2566,1.0,-0.501349873415445,-0.32532641466487366,-0.22585497996212162,2.059793241674502,2.833611433315728,0.0,0
2567,1.0,-0.13200932641096405,0.08765400424945603,0.6708930750515975,-0.5331821728164134,-0.3362948217714412,0.0,0
2568,1.0,0.3673769376030698,0.3241531714824028,-1.1226030349758407,2.335497104540628,-0.3362948217714412,0.0,0
2569,1.0,-0.827936886825159,-0.6790034170223014,-1.1226030349758407,1.1030814217640579,-0.3362948217714412,0.0,0
2570,1.0,-0.38500492343469567,0.3320126604236789,-1.1226030349758407,-1.2389452302237127,-0.3362948217714412,0.0,0
2571,1.0,0.21126852370484897,-0.31675242672893605,-0.22585497996212162,-0.06623302479315221,-0.3362948217714412,0.0,0
2572,1.0,-1.2553829669615677,-0.9540855299669674,2.464389185079036,-1.2209856476074332,-0.3362948217714412,0.0,0
2573,1.0,-1.003503067578618,-0.6790034170223014,0.6708930750515975,0.6337053031169751,-0.3362948217714412,0.0,0
2574,1.0,0.48599791077101445,2.877772578402497,-0.22585497996212162,-1.0239156329531256,-0.3362948217714412,0.0,0
2575,1.0,-0.9428983717313386,-0.2981754528677378,-1.1226030349758407,0.878829336122949,-0.3362948217714412,1.0,0
2576,1.0,0.4335154937486281,0.3105776905838348,-1.1226030349758407,-0.6059912915310592,-0.3362948217714412,0.0,0
2577,1.0,-0.41994857354398857,-0.6468509622625354,0.6708930750515975,0.37693181111665797,-0.3362948217714412,1.0,0
2578,1.0,-0.10581274580540213,0.5377883708861823,-0.22585497996212162,1.7370061487062396,-0.3362948217714412,0.0,0
2579,1.0,0.35854061228807604,0.3170081815357881,-1.1226030349758407,1.7107948659689673,-0.3362948217714412,1.0,0
2580,1.0,0.09876157360838982,-0.15527565393544374,-0.22585497996212162,2.1816271669903426,2.833611433315728,0.0,1
2581,1.0,-0.8893448849738015,-0.8104712320400119,2.464389185079036,-0.37639987051754303,-0.3362948217714412,0.0,0
2582,1.0,0.017003250491882924,-0.4696552115864907,1.5676411300653166,-0.19243549723187156,-0.3362948217714412,0.0,0
2583,1.0,0.8068725522599243,-0.111691215261094,0.6708930750515975,2.171919284495057,-0.3362948217714412,0.0,0
2584,1.0,0.3052995208699579,0.8621709144624896,1.5676411300653166,1.4870281744526228,-0.3362948217714412,0.0,0
2585,1.0,-0.5927924520539397,-0.8133292280186578,2.464389185079036,-1.8384069743076288,-0.3362948217714412,1.0,0
2586,1.0,1.5148942751001966,0.41132204883110207,-0.22585497996212162,-1.7359888139823607,-0.3362948217714412,0.0,0
2587,1.0,0.2175164304932282,-0.04024131579494712,-1.1226030349758407,-0.2633030394474601,-0.3362948217714412,0.0,0
2588,1.0,-1.0488896476056309,-0.796895751141444,1.5676411300653166,0.7667032933023946,-0.3362948217714412,0.0,0
2589,1.0,0.25451296426156017,0.6192412562775897,-0.22585497996212162,-0.20311416797668616,-0.3362948217714412,0.0,0
2590,1.0,-0.4353005730811492,-0.49180468042099623,-0.22585497996212162,0.5968153496348878,-0.3362948217714412,0.0,0
2591,1.0,-1.3336156855332033,-0.9919539766840253,-0.22585497996212162,-1.7748203439635049,2.833611433315728,0.0,0
2592,1.0,-0.7988394923535638,-0.6254159924226912,-1.1226030349758407,-1.1083742106621146,2.833611433315728,0.0,0
2593,1.0,0.657815347451446,0.21269132831521342,-1.1226030349758407,1.0482318856656916,2.833611433315728,1.0,0
2594,1.0,-0.1145598153091331,-0.18742810869520993,-1.1226030349758407,0.05899865939603836,2.833611433315728,0.0,0
2595,1.0,1.0056006160360185,-0.00880336002984233,1.5676411300653166,-0.2302962389634872,-0.3362948217714412,0.0,0
2596,1.0,-1.2328012467121394,-0.7740317833122768,0.6708930750515975,-0.9845987088472168,2.833611433315728,0.0,0
2597,1.0,1.529219832807838,-0.023093339923071745,-0.22585497996212162,-0.7360769169678928,-0.3362948217714412,0.0,0
2598,1.0,0.6782995561362039,-0.023093339923071745,-1.1226030349758407,0.3327609457631063,-0.3362948217714412,0.0,0
2599,1.0,0.15927701364440677,0.20054484540596837,0.6708930750515975,-0.19971640910333613,-0.3362948217714412,0.0,0
2600,1.0,0.40892551774579233,0.06764803239893488,1.5676411300653166,0.22014950881778755,-0.3362948217714412,0.0,0
2601,1.0,-0.5303580120757777,-0.6847194089795933,1.5676411300653166,0.6312783324931533,-0.3362948217714412,0.0,0
2602,1.0,0.416690773325635,-0.09239974240523445,-1.1226030349758407,0.6045816556311169,-0.3362948217714412,1.0,0
2603,1.0,3.0709354607460684,0.19554335244333804,1.5676411300653166,0.9079529836088074,-0.3362948217714412,1.0,0
2604,1.0,-0.7472942613494342,-0.40392130407763543,0.6708930750515975,-0.6996723576105699,-0.3362948217714412,0.0,0
2605,1.0,-1.1003902507041292,-0.830477203890533,-0.22585497996212162,-0.15603093787454866,-0.3362948217714412,0.0,1
2606,1.0,-0.12745728003657322,-0.16384964187138143,-0.22585497996212162,1.5321698280557035,-0.3362948217714412,0.0,0
2607,1.0,-1.2027666662222876,-0.8340496988638404,0.6708930750515975,-0.17641749111464938,-0.3362948217714412,0.0,0
2608,1.0,0.1690058970720258,0.5435043628434739,-0.22585497996212162,1.1448253164937878,2.833611433315728,0.0,0
2609,1.0,3.0431769034434115,0.7185566165355343,-1.1226030349758407,-0.9748908263519307,-0.3362948217714412,0.0,0
2610,1.0,-1.1031571808532685,-0.8733471435702213,-0.22585497996212162,0.008032276295786312,-0.3362948217714412,1.0,0
2611,1.0,0.18029675719674002,0.8764608943557191,-1.1226030349758407,-0.4191145534968017,-0.3362948217714412,0.0,0
2612,1.0,-0.09171032762591724,-0.1888571066845329,-1.1226030349758407,-1.0001313208396747,-0.3362948217714412,0.0,0
2613,1.0,-0.37179506336783646,-0.02023534394442598,-0.22585497996212162,-0.9210120785030929,-0.3362948217714412,0.0,0
2614,1.0,3.24029836261678,2.837046135706793,-0.22585497996212162,0.3696508992451934,-0.3362948217714412,0.0,1
2615,1.0,0.07930380675315127,0.2519887730215941,4.257885295106474,-0.8045174885596598,-0.3362948217714412,0.0,1
2616,1.0,-0.02740151561124156,0.9329063149339754,-0.22585497996212162,0.5385680546631717,-0.3362948217714412,0.0,1
2617,1.0,-1.1226595756141382,-0.9769494977961345,-1.1226030349758407,-0.27835025731515345,-0.3362948217714412,0.0,0
2618,1.0,-0.46743266513567155,-0.39606181513635924,-0.22585497996212162,-1.5830896646816046,-0.3362948217714412,0.0,0
2619,1.0,-1.1273901336110541,-0.6947223949048537,-0.22585497996212162,0.021623311789186965,-0.3362948217714412,0.0,0
2620,1.0,-1.213968270535739,-0.8954966124047269,-1.1226030349758407,0.1366617193583272,-0.3362948217714412,1.0,0
2621,1.0,0.06194355146258305,-0.6318464833746443,0.6708930750515975,0.7142807278278496,-0.3362948217714412,0.0,0
2622,1.0,0.49911851502661103,0.05478705049502845,-0.22585497996212162,-0.5220181079468343,-0.3362948217714412,0.0,0
2623,1.0,-0.08131202561382886,0.14124142884906635,-1.1226030349758407,-0.8477175656636828,-0.3362948217714412,0.0,1
2624,1.0,-0.29815901907622294,-0.6104115135348003,-1.1226030349758407,-0.8283018006731107,-0.3362948217714412,0.0,0
2625,1.0,-1.145642947014248,-0.8683456506075911,1.5676411300653166,0.2046168968253299,-0.3362948217714412,0.0,0
2626,1.0,0.38438016964858784,0.1283804469451599,1.5676411300653166,0.9467845135899517,2.833611433315728,0.0,0
2627,1.0,-1.2489565485506633,-0.9126445882766021,0.6708930750515975,-0.5074562842039054,-0.3362948217714412,0.0,0
2628,1.0,0.8033915756206844,-0.12097970219169328,0.6708930750515975,-0.5292990198182989,-0.3362948217714412,0.0,0
2629,1.0,1.2693961662225202,0.07050602837758085,-0.22585497996212162,1.1108477277602864,2.833611433315728,0.0,0
2630,1.0,-0.5117035475219022,-0.6025520245935241,-0.22585497996212162,-0.44678201860836725,2.833611433315728,0.0,0
2631,1.0,1.056074777304997,2.108971660146755,0.6708930750515975,-0.24340188033212362,-0.3362948217714412,0.0,0
2632,1.0,0.24647994124792957,0.942909300859236,0.6708930750515975,-0.7025847223591557,-0.3362948217714412,0.0,0
2633,1.0,-1.0923125997848673,-0.8204742179652724,-0.22585497996212162,-0.4972630075838548,-0.3362948217714412,0.0,0
2634,1.0,-0.4086577134192745,-0.4239272759281566,-1.1226030349758407,0.13277856636021262,-0.3362948217714412,0.0,0
2635,1.0,0.8780540617418173,-0.6089825155454774,-0.22585497996212162,0.0002659702995574831,-0.3362948217714412,0.0,0
2636,1.0,0.5465579787126627,-0.06739227759208298,-0.22585497996212162,1.2268569235789555,-0.3362948217714412,0.0,0
2637,1.0,0.10121610841811007,-0.27245348905992495,-1.1226030349758407,-0.44581123035883846,-0.3362948217714412,0.0,0
2638,1.0,-0.010532167282617232,-0.3224684186862278,0.6708930750515975,-0.7423870405898287,-0.3362948217714412,0.0,0
2639,1.0,0.36782321665938245,1.4687805609300781,2.464389185079036,-0.9632413673575875,-0.3362948217714412,0.0,0
2640,1.0,0.5516455599546286,-0.2681664950919561,-0.22585497996212162,0.402657699729166,-0.3362948217714412,0.0,0
2641,1.0,0.8727433409716951,0.09408449520140935,0.6708930750515975,-0.9108188018830425,-0.3362948217714412,0.0,0
2642,1.0,0.27553270781389344,0.46490947343071237,0.6708930750515975,-1.8364653978085717,-0.3362948217714412,0.0,0
2643,1.0,-0.05886418908129467,0.5356448739021978,-0.22585497996212162,2.4500501179850036,2.833611433315728,0.0,0
2644,1.0,-1.0310384853531185,-0.5089526562928715,-0.22585497996212162,-1.3811657087796538,-0.3362948217714412,0.0,0
2645,1.0,0.9696751520028369,0.5713698236352714,-0.22585497996212162,-0.047302653927344264,-0.3362948217714412,1.0,0
2646,1.0,-1.1859419457992946,-0.9197895782232168,0.6708930750515975,0.2774260155399754,-0.3362948217714412,0.0,0
2647,1.0,-0.5694966853144111,-0.6511379562305041,-0.22585497996212162,-0.3239773050429982,-0.3362948217714412,0.0,0
2648,1.0,-1.0849489953557059,-0.8261902099225642,1.5676411300653166,-0.6059912915310592,-0.3362948217714412,0.0,0
2649,1.0,-1.0769159723420754,-0.6611409421557647,0.6708930750515975,-0.8326703477959895,-0.3362948217714412,0.0,0
2650,1.0,1.8394730327565028,0.1355254368917746,0.6708930750515975,0.1196729249915765,-0.3362948217714412,0.0,0
2651,1.0,0.6673210913509089,0.414180044809748,-1.1226030349758407,-0.8477175656636828,-0.3362948217714412,0.0,0
2652,1.0,-1.1095389713585417,-0.8161872239973037,3.361137240092755,0.7026312688335065,-0.3362948217714412,0.0,0
2653,1.0,-0.6762020076788038,-0.6118405115241231,0.6708930750515975,0.5075028306782559,-0.3362948217714412,0.0,0
2654,1.0,-0.5613744064895179,-0.6782889180276399,0.6708930750515975,-0.27980643968944624,-0.3362948217714412,0.0,1
2655,1.0,-0.5028225943012773,-0.3203249217022434,-1.1226030349758407,-0.9214974726278572,-0.3362948217714412,0.0,0
2656,1.0,2.488675175974746,0.13409643890245163,-0.22585497996212162,-1.6675482423905936,-0.3362948217714412,0.0,0
2657,1.0,-0.24161546264139006,-0.3689108533392234,0.6708930750515975,-0.6423958508883821,-0.3362948217714412,0.0,0
2658,1.0,-1.15233713285894,-0.8461961817730854,-0.22585497996212162,0.22209108531684485,2.833611433315728,0.0,0
2659,1.0,-0.8022312131815411,-0.4253562739174795,-0.22585497996212162,1.1550185931138388,-0.3362948217714412,0.0,0
2660,1.0,-1.1638957604174418,-0.8497686767463928,-0.22585497996212162,0.3813003582395368,-0.3362948217714412,0.0,0
2661,1.0,-0.07171702590310355,-0.3889168251897445,-1.1226030349758407,0.1240414721144553,-0.3362948217714412,0.0,0
2662,1.0,-0.5967643356551237,-0.21100657551903843,1.5676411300653166,-0.19437707373092883,-0.3362948217714412,0.0,0
2663,1.0,-0.2359477186262172,-0.05453129568817654,-1.1226030349758407,-1.8170496328179995,-0.3362948217714412,0.0,0
2664,1.0,-0.6807986819588258,-0.5046656623249026,0.6708930750515975,1.024932967677005,-0.3362948217714412,0.0,0
2665,1.0,-1.0520136009998204,-0.8397656908211322,-1.1226030349758407,-1.833553033059986,-0.3362948217714412,0.0,0
2666,1.0,1.7781542904191228,0.41203654782576343,-1.1226030349758407,-0.5758968557956721,-0.3362948217714412,0.0,0
2667,1.0,-0.7545239820617018,-0.7111558717820676,-0.22585497996212162,0.897759706988757,2.833611433315728,1.0,0
2668,1.0,-0.33060350647016423,-0.5446776060259451,3.361137240092755,-1.5010580575964372,-0.3362948217714412,0.0,0
2669,1.0,0.13620438643303448,0.16410539667823346,0.6708930750515975,2.484027706718505,-0.3362948217714412,0.0,0
2670,1.0,0.5630703037962366,2.2090015193993606,-0.22585497996212162,-0.1371005670087407,-0.3362948217714412,1.0,0
2671,1.0,-0.5863214057374039,-0.40463580307229685,-0.22585497996212162,1.4748933213335154,-0.3362948217714412,0.0,0
2672,1.0,0.7321654382331599,0.5377883708861823,-1.1226030349758407,0.01919634116536544,-0.3362948217714412,0.0,0
2673,1.0,0.9706569659267252,1.1343950314285098,-1.1226030349758407,-0.9904234383443885,-0.3362948217714412,0.0,0
2674,1.0,-0.09554832751020746,-0.5532515939618826,-0.22585497996212162,-1.6719167895134723,-0.3362948217714412,0.0,0
2675,1.0,-0.5815908477404881,-0.5961215336415708,-0.22585497996212162,1.288016583299258,-0.3362948217714412,0.0,1
2676,1.0,1.2401648880340308,0.7642845521938683,0.6708930750515975,1.2773379125544435,-0.3362948217714412,0.0,0
2677,1.0,0.14535310708744711,0.48920243924920226,0.6708930750515975,0.8031078526597177,2.833611433315728,0.0,0
2678,1.0,-0.34823152919452016,-0.06882127558140595,-0.22585497996212162,0.5929321966367738,-0.3362948217714412,0.0,0
2679,1.0,-1.127524017327948,-0.746880821515141,1.5676411300653166,-0.11477243726958274,-0.3362948217714412,0.0,0
2680,1.0,-0.5290638028124706,-0.6918643989262079,1.5676411300653166,-1.2166171004845545,-0.3362948217714412,0.0,0
2681,1.0,1.045899614821065,1.610251361873049,-1.1226030349758407,-1.309812772439301,-0.3362948217714412,0.0,0
2682,1.0,-0.24116918358507713,-0.6882919039529005,-0.22585497996212162,-0.3196087579201194,-0.3362948217714412,0.0,0
2683,1.0,0.1373200840738165,0.8493099325585834,-1.1226030349758407,0.08812230688189666,-0.3362948217714412,0.0,0
2684,1.0,1.125649682184164,2.196855036490116,0.6708930750515975,-0.3482470112812132,-0.3362948217714412,0.0,0
2685,1.0,-0.9006357450985156,-0.9112155902872793,0.6708930750515975,-0.6676363453761258,-0.3362948217714412,0.0,0
2686,1.0,-1.3345082436458289,-0.9440825440417069,-1.1226030349758407,-0.36475041152319965,-0.3362948217714412,0.0,0
2687,1.0,2.0071847021188565,2.6984333307424677,1.5676411300653166,0.2628641917970463,-0.3362948217714412,0.0,0
2688,1.0,0.9910519188002208,-0.22958354938023667,-1.1226030349758407,0.9807621023234532,-0.3362948217714412,0.0,0
2689,1.0,-0.767733842128561,0.5499348537954273,2.464389185079036,-1.6112425239179344,-0.3362948217714412,0.0,0
2690,1.0,0.054669202844684024,-0.06239078462945264,0.6708930750515975,0.16966851984229978,-0.3362948217714412,0.0,0
2691,1.0,-1.1361372031147852,-0.8704891475915755,1.5676411300653166,-0.1972894384795146,-0.3362948217714412,0.0,0
2692,1.0,0.026508994391345995,-0.29245946091044606,0.6708930750515975,-0.22010296234343685,-0.3362948217714412,0.0,0
2693,1.0,-0.10706232716307788,0.041926068591122016,-1.1226030349758407,-0.6414250626388533,-0.3362948217714412,0.0,0
2694,1.0,-0.9788238357645198,-0.8340496988638404,-1.1226030349758407,0.5871074671396017,2.833611433315728,0.0,0
2695,1.0,1.2240095861955071,-0.2760259840332323,0.6708930750515975,-1.2967071310706648,-0.3362948217714412,0.0,0
2696,1.0,-0.007765237133477794,-0.25673451117737256,-1.1226030349758407,0.4618757829504114,-0.3362948217714412,0.0,0
2697,1.0,-0.4766706416013467,-0.6732874250650097,-0.22585497996212162,-1.7976338678274273,-0.3362948217714412,0.0,0
2698,1.0,0.9391050366454099,0.2748527408507612,-1.1226030349758407,1.1108477277602864,-0.3362948217714412,0.0,0
2699,1.0,-0.17659260413661376,0.196972350432661,-0.22585497996212162,1.5603226872920328,-0.3362948217714412,0.0,0
2700,1.0,-0.23268988151513387,-0.08382575446929676,-1.1226030349758407,0.7307841280698363,-0.3362948217714412,0.0,0
2701,1.0,-1.156621411799543,-0.7997537471200898,0.6708930750515975,-1.233120500726541,-0.3362948217714412,0.0,0
2702,1.0,-0.6847259376543784,-0.485374189469043,-1.1226030349758407,-0.6797711984952335,-0.3362948217714412,0.0,0
2703,1.0,-0.34167122706672187,-0.36533835836591605,-1.1226030349758407,0.6016692908825308,-0.3362948217714412,0.0,0
2704,1.0,0.5141134913187214,0.8264459647294161,2.464389185079036,-0.14777923775355534,-0.3362948217714412,0.0,1
2705,1.0,-0.8606045137472565,-0.5961215336415708,-0.22585497996212162,-0.6894790809905196,-0.3362948217714412,0.0,0
2706,1.0,-0.4103089459276319,0.3455881413222467,-0.22585497996212162,-0.6831689573685835,-0.3362948217714412,0.0,0
2707,1.0,1.2920225143775792,0.5463623588221199,1.5676411300653166,-0.7443286170888861,-0.3362948217714412,0.0,0
2708,1.0,-0.09461114149195066,-0.5861185477163103,0.6708930750515975,0.7584515931814012,-0.3362948217714412,0.0,0
2709,1.0,0.010755343703503693,0.8621709144624896,-0.22585497996212162,-0.30795929892577606,-0.3362948217714412,0.0,0
2710,1.0,-0.7773734697449176,-0.39534731614169777,-0.22585497996212162,-0.0007048179499710194,2.833611433315728,0.0,0
2711,1.0,-0.9291976047025354,-0.6882919039529005,-1.1226030349758407,-1.2899116133239645,-0.3362948217714412,0.0,0
2712,1.0,0.2649112662736486,-0.6397059723159206,-0.22585497996212162,-0.7001577517353342,2.833611433315728,0.0,0
2713,1.0,-0.8302129100123543,-0.5046656623249026,0.6708930750515975,0.8351438648941616,2.833611433315728,0.0,0
2714,1.0,-0.6698648450791619,-0.17885412075927234,0.6708930750515975,-0.06380605416933069,-0.3362948217714412,0.0,0
2715,1.0,-0.15240427928445943,-0.6918643989262079,0.6708930750515975,-0.4933798545857405,-0.3362948217714412,0.0,0
2716,1.0,-0.6149725211526863,-0.4803726965064127,-1.1226030349758407,-0.3686335645213142,-0.3362948217714412,0.0,0
2717,1.0,-0.4030345973097331,0.5184968980303225,0.6708930750515975,-1.2452553538456486,2.833611433315728,0.0,0
2718,1.0,-1.3133546163766017,-0.9905249786947025,-0.22585497996212162,-1.4622265276152928,2.833611433315728,0.0,0
2719,1.0,0.7630925768356377,-0.26173600414000286,-0.22585497996212162,-1.6874494015059303,-0.3362948217714412,0.0,1
2720,1.0,4.13531101005212,2.3647623002355616,1.5676411300653166,-1.365633096787196,-0.3362948217714412,0.0,0
2721,1.0,-0.5405331745597097,-0.20957757752971554,-0.22585497996212162,1.8413658855305655,-0.3362948217714412,0.0,0
2722,1.0,0.004418181103861729,0.09908598816403968,-0.22585497996212162,-0.02982846543582933,-0.3362948217714412,0.0,0
2723,1.0,-0.7791585859701688,-0.41249529201357304,-1.1226030349758407,0.25218552105223163,-0.3362948217714412,0.0,0
2724,1.0,-0.6896350072738193,-0.809042234050689,0.6708930750515975,1.133661251624209,-0.3362948217714412,0.0,0
2725,1.0,-0.7650561677906841,-0.737592334584542,-0.22585497996212162,0.29392941578196186,-0.3362948217714412,0.0,0
2726,1.0,2.5573575227412877,1.4987895187058597,-0.22585497996212162,1.6476936297496076,-0.3362948217714412,0.0,0
2727,1.0,-0.48635489712333463,-0.008088861035180937,2.464389185079036,0.08957848925618969,-0.3362948217714412,0.0,0
2728,1.0,0.36309265866246665,0.44133100660688385,-1.1226030349758407,-0.7943242119396094,-0.3362948217714412,0.0,0
2729,1.0,2.6223803812460638,2.842047628669423,-1.1226030349758407,0.020652523539658192,-0.3362948217714412,0.0,0
2730,1.0,0.1921677800946606,-0.5032366643355798,-0.22585497996212162,-0.47978881909233984,-0.3362948217714412,0.0,0
2731,1.0,0.6314848831289901,0.37988409306599746,-1.1226030349758407,-0.3458200406573917,-0.3362948217714412,0.0,0
2732,1.0,-0.33408448310940414,-0.21100657551903843,1.5676411300653166,1.0817240802744288,2.833611433315728,0.0,0
2733,1.0,0.2620997082188779,0.3070051956105274,2.464389185079036,-0.09341509577995326,-0.3362948217714412,0.0,0
2734,1.0,0.7292646243671268,-0.06381978261877562,0.6708930750515975,0.7011750864592137,-0.3362948217714412,0.0,0
2735,1.0,1.0926250320170163,0.049071058537736724,-0.22585497996212162,2.1335731486386766,-0.3362948217714412,0.0,0
2736,1.0,-0.77884619063075,-0.45965222566123004,-0.22585497996212162,1.3918909259988193,-0.3362948217714412,0.0,0
2737,1.0,-0.8494921652450677,-0.7554548094510787,-0.22585497996212162,-1.2175878887340832,-0.3362948217714412,0.0,0
2738,1.0,0.5860983031019776,-0.02809483288570208,-0.22585497996212162,-0.056525142297866114,-0.3362948217714412,0.0,0
2739,1.0,-1.1724196903930166,-0.9197895782232168,0.6708930750515975,1.0943443275183002,-0.3362948217714412,0.0,0
2740,1.0,0.9810998958444451,0.29485871270128233,-1.1226030349758407,1.1744343581044103,-0.3362948217714412,0.0,0
2741,1.0,0.9589644546513296,0.0197765997566165,2.464389185079036,-1.3010756781935435,-0.3362948217714412,0.0,0
2742,1.0,1.7114801994059887,0.1669633926568792,-0.22585497996212162,-0.5783238264194936,-0.3362948217714412,0.0,0
2743,1.0,-0.6434004970398122,-0.5625400808924818,0.6708930750515975,-0.23320860371207297,-0.3362948217714412,0.0,0
2744,1.0,-0.8413252585145433,-0.7154428657500365,-0.22585497996212162,-0.30359075180289724,-0.3362948217714412,0.0,0
2745,1.0,0.31003007886687367,0.011917110815340205,1.5676411300653166,-0.6642385865027758,-0.3362948217714412,0.0,0
2746,1.0,0.8640408993735952,-0.2988899518623993,-1.1226030349758407,1.5200349749365956,-0.3362948217714412,0.0,0
2747,1.0,-0.5033581291688527,-0.41821128397086477,-1.1226030349758407,0.1012279482505328,-0.3362948217714412,0.0,0
2748,1.0,-0.7170811692370571,-0.44036075280537035,0.6708930750515975,1.549644016547218,-0.3362948217714412,0.0,0
2749,1.0,-0.09608386237778285,-0.5182411432234707,0.6708930750515975,1.142883739994731,-0.3362948217714412,0.0,0
2750,1.0,0.2619658245019842,0.07264952536156521,1.5676411300653166,-1.7437551199785895,-0.3362948217714412,0.0,0
2751,1.0,0.5866784658751842,0.48348644729191054,1.5676411300653166,0.24441921505600284,-0.3362948217714412,0.0,0
2752,1.0,-0.785852771814861,0.4334715176656076,0.6708930750515975,0.26626195067039654,-0.3362948217714412,0.0,0
2753,1.0,-1.0890547626737836,-0.8354786968531633,-0.22585497996212162,0.12112910736586925,-0.3362948217714412,0.0,0
2754,1.0,0.227022174392691,-0.25744901017203403,0.6708930750515975,-0.15457475550025565,-0.3362948217714412,0.0,0
2755,1.0,-1.0135889742512876,-0.7847492682321989,-1.1226030349758407,0.5293455662926498,2.833611433315728,0.0,1
2756,1.0,0.6711144633295678,1.1858389590441356,-1.1226030349758407,1.4651854388382293,-0.3362948217714412,0.0,0
2757,1.0,0.47225251583657996,0.30843419359985036,2.464389185079036,-0.3924178766347649,2.833611433315728,0.0,0
2758,1.0,-0.5874817312838173,-0.594692535652248,1.5676411300653166,1.0195936323045975,-0.3362948217714412,0.0,0
2759,1.0,1.4657589510001563,1.1772649711081982,-0.22585497996212162,-0.32786045804111247,-0.3362948217714412,0.0,0
2760,1.0,-1.328349592668712,-0.9748060008121501,-0.22585497996212162,0.37596102286712946,-0.3362948217714412,0.0,0
2761,1.0,0.23661717410341657,-0.5225281371914394,-0.22585497996212162,-1.3821364970291825,-0.3362948217714412,0.0,0
2762,1.0,-0.31498373949921593,-0.31818142471825894,-1.1226030349758407,-1.7660832497177474,-0.3362948217714412,0.0,0
2763,1.0,0.5104986309625877,2.097539676232172,-0.22585497996212162,-1.9029643929012814,-0.3362948217714412,0.0,0
2764,1.0,-1.1046299017391008,-0.8869226244687892,-1.1226030349758407,-0.3196087579201194,-0.3362948217714412,0.0,0
2765,1.0,-0.3088697164277304,-0.40820829804560416,3.361137240092755,-1.9350004051357255,-0.3362948217714412,0.0,0
2766,1.0,-0.5687826388243105,-0.4303577668801098,-0.22585497996212162,0.03764131790640887,-0.3362948217714412,0.0,1
2767,1.0,-0.297846623736804,-0.033096325848332414,-1.1226030349758407,1.85884007402208,-0.3362948217714412,0.0,0
2768,1.0,0.20158426818286093,-0.6354189783479517,0.6708930750515975,1.216178252834141,-0.3362948217714412,0.0,0
2769,1.0,0.13169696796427513,-0.42035478095484924,-1.1226030349758407,0.9390182075937227,-0.3362948217714412,0.0,0
2770,1.0,-0.8781879085659813,-0.8133292280186578,-1.1226030349758407,1.117157851382223,-0.3362948217714412,0.0,0
2771,1.0,-0.7088696346009015,-0.2624505031346643,-0.22585497996212162,0.34004185763457084,-0.3362948217714412,0.0,0
2772,1.0,2.786209422818496,1.2722933373981735,-0.22585497996212162,-1.3136959254374154,-0.3362948217714412,0.0,0
2773,1.0,-0.736137284941614,-0.6732874250650097,-1.1226030349758407,1.512268668940367,-0.3362948217714412,0.0,0
2774,1.0,-0.6834317283910714,-0.7668867933656621,1.5676411300653166,-0.9855694970967455,-0.3362948217714412,0.0,0
2775,1.0,2.0143697949254924,2.1046846661787866,-1.1226030349758407,-1.6330852595323282,-0.3362948217714412,1.0,0
2776,1.0,-0.6379112646471647,-0.543248608036622,0.6708930750515975,-0.7370477052174215,2.833611433315728,0.0,0
2777,1.0,1.1122166825891484,-0.0016583700832276216,-0.22585497996212162,-0.9195558961288001,-0.3362948217714412,0.0,0
2778,1.0,-1.077987042077226,-0.9262200691751701,0.6708930750515975,0.8768877596238921,-0.3362948217714412,0.0,0
2779,1.0,-1.103067925042006,-0.7490243184991255,-1.1226030349758407,0.48711627743815517,-0.3362948217714412,0.0,0
2780,1.0,-0.758361981945992,-0.5482501009992524,-1.1226030349758407,-0.9860548912215097,-0.3362948217714412,1.0,0
2781,1.0,-0.06792365392444458,1.1093875666153585,-0.22585497996212162,1.697689224600331,-0.3362948217714412,0.0,0
2782,1.0,-0.4748408974704642,-0.5639690788818047,-0.22585497996212162,-1.7505506377252897,-0.3362948217714412,0.0,0
2783,1.0,0.1780207340095447,-0.07882426150666642,0.6708930750515975,-1.570954811562497,-0.3362948217714412,0.0,0
2784,1.0,-0.3694744122750098,-0.5861185477163103,0.6708930750515975,0.1240414721144553,-0.3362948217714412,0.0,0
2785,1.0,-1.3345082436458289,-0.9712335058388427,-0.22585497996212162,-0.3128132401734191,-0.3362948217714412,1.0,0
2786,1.0,1.218922004953541,3.1707171662137,-1.1226030349758407,-1.9350004051357255,-0.3362948217714412,1.0,0
2787,1.0,0.29615080021554524,-0.030238329869686453,-0.22585497996212162,-0.2992222046800184,2.833611433315728,0.0,0
2788,1.0,-0.20488669630684575,-0.6811469140062859,-1.1226030349758407,-1.6510448421486073,-0.3362948217714412,0.0,0
2789,1.0,0.8390939001257092,0.39488857195388827,-1.1226030349758407,0.09880097762671128,-0.3362948217714412,0.0,0
2790,1.0,-1.1989732942436286,-0.6654279361237335,-0.22585497996212162,0.7686448698014522,-0.3362948217714412,0.0,0
2791,1.0,-0.40187427176331986,0.520640395014307,0.6708930750515975,1.748170213575819,-0.3362948217714412,0.0,1
2792,1.0,0.4325336798247398,0.7485655743113159,0.6708930750515975,-1.7787034969616193,-0.3362948217714412,0.0,0
2793,1.0,-1.0029675327110428,-0.6511379562305041,-0.22585497996212162,2.5684862844274936,-0.3362948217714412,0.0,0
2794,1.0,0.248131173756287,1.3187357720511692,0.6708930750515975,-1.3602937614147887,-0.3362948217714412,0.0,0
2795,1.0,-0.4465021773946008,-0.413924290002896,0.6708930750515975,-0.07448472491414557,-0.3362948217714412,0.0,0
2796,1.0,-1.2764473384195325,-0.9333650591217848,-1.1226030349758407,1.8243770911638146,-0.3362948217714412,0.0,0
2797,1.0,-0.8331583517840188,-0.6354189783479517,0.6708930750515975,-0.7559780760832293,-0.3362948217714412,0.0,0
2798,1.0,0.17735131542507537,0.1355254368917746,-0.22585497996212162,1.29723907166978,-0.3362948217714412,0.0,0
2799,1.0,4.6652673894235805,3.4222208123345377,0.6708930750515975,-0.8559692657846761,-0.3362948217714412,0.0,0
2800,1.0,0.13727545616818526,0.973632757629679,-0.22585497996212162,1.23753559432377,-0.3362948217714412,0.0,0
2801,1.0,-0.5310720585658781,0.1819678715447702,-0.22585497996212162,2.3301577691682205,-0.3362948217714412,0.0,0
2802,1.0,-0.48760447848101046,-0.520384640207455,-1.1226030349758407,-1.4432961567494849,-0.3362948217714412,0.0,0
2803,1.0,-0.06283607268247861,0.44347450359086826,-0.22585497996212162,0.5521590901565718,-0.3362948217714412,0.0,0
2804,1.0,-0.11978128026799305,-0.5003786683569339,-1.1226030349758407,-0.41231903575010165,-0.3362948217714412,0.0,0
2805,1.0,0.09800289921265798,-0.47680020153310537,-0.22585497996212162,2.0374651119353446,-0.3362948217714412,0.0,0
2806,1.0,-0.6123394747204408,-0.2903159639264616,0.6708930750515975,0.8992158893630497,-0.3362948217714412,0.0,0
2807,1.0,-0.3107887163698755,-0.31532342873961305,0.6708930750515975,0.8933911598658782,-0.3362948217714412,0.0,0
2808,1.0,0.41280814553571354,-0.638991473321259,-0.22585497996212162,0.42061728234544543,-0.3362948217714412,0.0,0
2809,1.0,-0.015307353185164262,-0.09597223737854181,0.6708930750515975,-1.6796830955097013,-0.3362948217714412,0.0,0
2810,1.0,1.79372942948444,3.453658768099642,1.5676411300653166,0.16918312571753552,-0.3362948217714412,0.0,0
2811,1.0,-1.327100011311036,-0.9483695380096756,0.6708930750515975,-0.8855783073952986,-0.3362948217714412,0.0,0
2812,1.0,-0.7908064693399331,-0.8133292280186578,2.464389185079036,1.4195583911103848,-0.3362948217714412,0.0,0
2813,1.0,-0.5009482222647635,-0.3353294005901342,-1.1226030349758407,0.9006720717373431,-0.3362948217714412,0.0,0
2814,1.0,1.9588080524145481,0.6070947733683449,0.6708930750515975,0.741948192939415,-0.3362948217714412,0.0,0
2815,1.0,-0.6153741723033679,0.10837447509463877,-1.1226030349758407,-0.11914098439246154,-0.3362948217714412,0.0,0
2816,1.0,-0.5716834526903438,0.03763907462315307,-1.1226030349758407,1.301122224667894,-0.3362948217714412,0.0,1
2817,1.0,-1.0685705539890258,-0.6397059723159206,0.6708930750515975,-1.381651102904418,-0.3362948217714412,0.0,0
2818,1.0,0.7921453434016015,0.08336701028148728,-1.1226030349758407,-1.0845898985486637,-0.3362948217714412,0.0,0
2819,1.0,-0.17752979015487058,-0.5361036180900073,-1.1226030349758407,0.06870654189132445,-0.3362948217714412,0.0,0
2820,1.0,-1.3345082436458289,-0.9812364917641032,-0.22585497996212162,-0.35649871140220657,-0.3362948217714412,0.0,0
2821,1.0,-0.7797833766490068,-0.3874878272004216,-1.1226030349758407,0.5521590901565718,-0.3362948217714412,0.0,1
2822,1.0,-1.1204281803325742,-0.891209618436758,1.5676411300653166,-0.467168571848468,-0.3362948217714412,0.0,0
2823,1.0,0.4066494945585968,-0.40963729603492716,-1.1226030349758407,0.8443663532646835,-0.3362948217714412,0.0,0
2824,1.0,-0.5308489190377217,0.08122351329750291,-0.22585497996212162,0.6337053031169751,-0.3362948217714412,0.0,0
2825,1.0,-0.526118361040806,-0.7783187772802458,-0.22585497996212162,0.3094620277744195,-0.3362948217714412,0.0,0
2826,1.0,0.8901482241678946,1.543802955369532,-0.22585497996212162,0.6837008979676985,-0.3362948217714412,0.0,1
2827,1.0,-1.1811221319911163,-0.844052684789101,1.5676411300653166,-0.42299770649491625,-0.3362948217714412,0.0,0
2828,1.0,-0.03521139909671572,1.108673067620697,-1.1226030349758407,-1.422909603509384,-0.3362948217714412,0.0,0
2829,1.0,-0.6773177053195858,-0.4539362337039383,-1.1226030349758407,-0.23272320958730874,-0.3362948217714412,0.0,0
2830,1.0,7.501817071347797,5.519275361665953,1.5676411300653166,0.15850445497272092,2.833611433315728,0.0,0
2831,1.0,0.1524935719884519,-0.07025027357072874,0.6708930750515975,0.9453283312156591,-0.3362948217714412,0.0,0
2832,1.0,5.537341293364441,2.774170224176584,0.6708930750515975,0.9890138024444465,-0.3362948217714412,0.0,0
2833,1.0,0.8941201077690786,1.7753006296398486,2.464389185079036,-0.8734434542761911,-0.3362948217714412,1.0,0
2834,1.0,0.23068166265445628,1.5380869634122405,-0.22585497996212162,-0.7593758349565795,-0.3362948217714412,0.0,0
2835,1.0,-0.12205730345518834,0.043355066580444995,-0.22585497996212162,0.14588420772884902,-0.3362948217714412,0.0,0
2836,1.0,-0.9221017677071617,-0.5182411432234707,1.5676411300653166,0.590505226012952,-0.3362948217714412,0.0,0
2837,1.0,-0.785049469513498,-0.5661125758657891,0.6708930750515975,-1.5355210404547028,-0.3362948217714412,0.0,0
2838,1.0,-1.3345082436458289,-0.9855234857320722,0.6708930750515975,-0.3924178766347649,-0.3362948217714412,0.0,0
2839,1.0,-0.49541436196648464,-0.19957459160445498,0.6708930750515975,1.1210410043803374,-0.3362948217714412,0.0,0
2840,1.0,0.599843698036412,1.75172216281602,1.5676411300653166,0.7438897694384721,-0.3362948217714412,0.0,0
2841,1.0,0.6673210913509089,0.06336103843096615,2.464389185079036,-0.6220092976482811,-0.3362948217714412,0.0,0
2842,1.0,0.17449512946467344,-0.33390040260081133,-1.1226030349758407,2.2054114791037938,-0.3362948217714412,0.0,0
2843,1.0,0.07568894639701751,2.038950758669931,-0.22585497996212162,1.8180669675418788,-0.3362948217714412,0.0,0
2844,1.0,-0.9824386961206536,-0.7940377551627981,0.6708930750515975,-0.9646975497318804,-0.3362948217714412,0.0,0
2845,1.0,-0.1576703721489506,-0.2581635091666955,-0.22585497996212162,-0.040992530305408455,-0.3362948217714412,0.0,0
2846,1.0,-0.4895234784231556,-0.4832306924850586,-1.1226030349758407,-1.5641592938157967,-0.3362948217714412,0.0,0
2847,1.0,-0.32506964617188533,-0.3739123463018536,-0.22585497996212162,-0.23515018021113027,-0.3362948217714412,0.0,0
2848,1.0,-0.19475616172854507,-0.4396462538107089,-0.22585497996212162,2.545672760563572,-0.3362948217714412,1.0,0
2849,1.0,-0.800937003918234,-0.8619151596556377,-0.22585497996212162,0.04395144152834495,-0.3362948217714412,0.0,0
2850,1.0,1.1783552387347072,0.2627062579415162,1.5676411300653166,0.061911024144624134,-0.3362948217714412,0.0,0
2851,1.0,1.9887533770931372,2.285452911828138,0.6708930750515975,-1.2171024946093187,-0.3362948217714412,0.0,0
2852,1.0,-0.7802742836109509,-0.5389616140686533,-0.22585497996212162,-0.6525891275084325,-0.3362948217714412,0.0,0
2853,1.0,-0.04141467797946371,-0.10668972229846387,0.6708930750515975,-0.5157079843248985,-0.3362948217714412,0.0,0
2854,1.0,0.8089254359189634,2.6098354554044456,-0.22585497996212162,-0.37639987051754303,-0.3362948217714412,0.0,0
2855,1.0,-0.2853954380656765,-0.42821426989612543,-0.22585497996212162,-1.4699928336115216,-0.3362948217714412,0.0,0
2856,1.0,1.2899250028129094,1.1836954620601512,-1.1226030349758407,0.526918595668828,-0.3362948217714412,0.0,0
2857,1.0,-0.12901925673366818,-0.2281545513909137,-0.22585497996212162,-0.9234390491269144,-0.3362948217714412,0.0,0
2858,1.0,0.1711926644479586,0.13981243085974335,0.6708930750515975,1.4598461034658219,-0.3362948217714412,0.0,0
2859,1.0,-1.0367062293682912,-0.8290482059012102,0.6708930750515975,-0.7030701164839199,-0.3362948217714412,0.0,0
2860,1.0,0.6093494419358749,0.41060754983644066,0.6708930750515975,-0.20359956210145042,-0.3362948217714412,0.0,0
2861,1.0,-1.2707349664987284,-0.9798074937747804,-0.22585497996212162,-1.0112953857092537,-0.3362948217714412,0.0,0
2862,1.0,1.4698647183182338,2.16970407469298,-0.22585497996212162,-0.5482293906841068,-0.3362948217714412,0.0,0
2863,1.0,0.20122724493781077,-0.17956861975393373,-0.22585497996212162,0.7458313459375296,-0.3362948217714412,0.0,0
2864,1.0,-1.1718841555254411,-0.8640586566396222,-0.22585497996212162,-1.2869992485753787,-0.3362948217714412,0.0,0
2865,1.0,-0.7166348901807443,-0.31032193577698286,-0.22585497996212162,-1.1001225105411214,-0.3362948217714412,0.0,0
2866,1.0,0.15597454862769194,0.27128024587745386,0.6708930750515975,-0.0011902120747355402,-0.3362948217714412,0.0,0
2867,1.0,-0.31984818121302544,-0.5389616140686533,-1.1226030349758407,0.8006808820358959,2.833611433315728,0.0,0
2868,1.0,0.8037485988657347,0.22555231021911984,-0.22585497996212162,-1.3428195729232737,-0.3362948217714412,1.0,0
2869,1.0,0.21024208187532942,-0.35462087344599397,1.5676411300653166,0.41624873522256667,-0.3362948217714412,0.0,0
2870,1.0,-0.5276357098322695,-0.5511080969778982,-1.1226030349758407,-1.681139277883994,-0.3362948217714412,0.0,0
2871,1.0,-0.004819795361813394,-0.004516366061873584,0.6708930750515975,-0.5904586795386013,-0.3362948217714412,0.0,0
2872,1.0,-0.7885750740583691,-0.6397059723159206,-0.22585497996212162,0.9691126433291101,-0.3362948217714412,0.0,0
2873,1.0,-0.13615972163467321,0.18125337255010862,-0.22585497996212162,1.2710277889325072,-0.3362948217714412,0.0,0
2874,1.0,1.8885637289509118,0.9207598320247301,0.6708930750515975,0.971054219828167,-0.3362948217714412,0.0,0
2875,1.0,-0.8021865852759098,-0.8190452199759496,0.6708930750515975,0.8914495833668212,-0.3362948217714412,0.0,0
2876,1.0,0.2032801285968496,-0.24030103430015876,1.5676411300653166,1.4744079272087511,-0.3362948217714412,0.0,0
2877,1.0,-0.8094163059881774,-0.8054697390773816,-0.22585497996212162,-0.5103686489524912,-0.3362948217714412,0.0,0
2878,1.0,-0.7857188880979672,-0.5232426361861009,0.6708930750515975,1.2554951769400495,-0.3362948217714412,0.0,0
2879,1.0,0.7771057392038601,0.2998602056639127,-0.22585497996212162,-0.8414074420417469,-0.3362948217714412,0.0,0
2880,1.0,-0.3873255745275222,-0.44321874878401624,-0.22585497996212162,-1.9350004051357255,-0.3362948217714412,0.0,0
2881,1.0,0.37563310014485657,0.20911883334190606,0.6708930750515975,-0.7705398998261584,-0.3362948217714412,0.0,0
2882,1.0,0.8240542959279675,1.011501204346737,-1.1226030349758407,1.7239005073376037,2.833611433315728,0.0,0
2883,1.0,-0.18931155724152868,-0.19314410065250165,1.5676411300653166,-1.1554574407642522,-0.3362948217714412,0.0,0
2884,1.0,-0.3670645053709207,-0.6454219642732123,1.5676411300653166,-0.21864677996914383,-0.3362948217714412,0.0,0
2885,1.0,1.613164923300277,2.7634527392566617,-0.22585497996212162,-0.2099096857233865,-0.3362948217714412,0.0,0
2886,1.0,-0.7996874225605581,-0.7047253808301144,-1.1226030349758407,1.0579397681609777,-0.3362948217714412,1.0,0
2887,1.0,-0.63286831131083,-0.649708958241181,0.6708930750515975,0.3492643460050927,-0.3362948217714412,0.0,0
2888,1.0,-0.2807095079743921,1.0658031279410087,-0.22585497996212162,0.4385768649617246,-0.3362948217714412,0.0,0
2889,1.0,-0.649068241054985,-0.6339899803586287,1.5676411300653166,-0.24048951558353757,-0.3362948217714412,0.0,0
2890,1.0,0.04440478454948961,0.45133399253214435,-0.22585497996212162,-1.2112777651121471,-0.3362948217714412,0.0,0
2891,1.0,-1.0172484625130527,-0.9112155902872793,0.6708930750515975,-1.1588551996376024,-0.3362948217714412,0.0,0
2892,1.0,0.05864108644586822,-0.23029804837489817,-1.1226030349758407,-0.261846857073167,-0.3362948217714412,0.0,0
2893,1.0,-1.0813787629052034,-0.8283337069065486,-1.1226030349758407,1.050658856289513,-0.3362948217714412,0.0,0
2894,1.0,1.3610172564835397,0.8064399928788951,-1.1226030349758407,0.09540321875336125,-0.3362948217714412,0.0,0
2895,1.0,-1.1492578073703816,-0.8962111113993882,1.5676411300653166,-0.7457847994631789,-0.3362948217714412,0.0,0
2896,1.0,-0.0247238412733646,-0.6775744190329785,0.6708930750515975,-0.10409376652476814,-0.3362948217714412,0.0,0
2897,1.0,-1.0517012056604016,-0.8690601496022524,-1.1226030349758407,1.4452842797228929,-0.3362948217714412,0.0,0
2898,1.0,-0.644293055152438,-0.5732575658124038,0.6708930750515975,-0.731708369845014,-0.3362948217714412,0.0,0
2899,1.0,0.5166126540340732,0.496347429195817,0.6708930750515975,1.8243770911638146,-0.3362948217714412,0.0,0
2900,1.0,-0.4112461319458889,-0.4925191794156577,4.257885295106474,-0.8491737480379757,-0.3362948217714412,0.0,0
2901,1.0,1.224768260591239,0.7535670672739463,-1.1226030349758407,0.9268833544746153,-0.3362948217714412,0.0,0
2902,1.0,0.2775855914729325,0.03906807261247605,-0.22585497996212162,0.28859008040955453,-0.3362948217714412,0.0,0
2903,1.0,-0.34702657574247553,0.6428197231014184,0.6708930750515975,1.9161165807442684,-0.3362948217714412,0.0,0
2904,1.0,2.884658582641102,2.6048339624418153,1.5676411300653166,1.0268745441760618,-0.3362948217714412,0.0,0
2905,1.0,-0.982974230988229,-0.4532217347092768,-1.1226030349758407,-0.4846427603399829,-0.3362948217714412,0.0,0
2906,1.0,0.1874818500033763,0.6749721778611845,-1.1226030349758407,0.3453811930069781,-0.3362948217714412,1.0,0
2907,1.0,1.104986961876881,3.057111826062526,-0.22585497996212162,0.8137865234045324,-0.3362948217714412,0.0,1
2908,1.0,-0.21800730056244236,-0.7604563024137091,0.6708930750515975,0.5026488894306128,-0.3362948217714412,0.0,0
2909,1.0,-0.9079100937164144,-0.07239377055471331,-1.1226030349758407,-1.7403573611052392,2.833611433315728,0.0,0
2910,1.0,-1.2034807127123879,-0.7783187772802458,-1.1226030349758407,-0.9748908263519307,-0.3362948217714412,0.0,0
2911,1.0,-0.7241770062324308,0.032637581660522934,-0.22585497996212162,-0.014781247568135923,-0.3362948217714412,0.0,0
2912,1.0,-0.7536760518547074,-0.4560797306879228,1.5676411300653166,-1.128275369777451,-0.3362948217714412,0.0,0
2913,1.0,-0.8726094203620711,-0.16456414086604293,0.6708930750515975,-0.8889760662686488,-0.3362948217714412,0.0,0
2914,1.0,-0.6634830545738887,-0.5018076663462567,-0.22585497996212162,-0.7171465461020848,-0.3362948217714412,0.0,0
2915,1.0,0.7174382293748375,0.2134058273098748,-1.1226030349758407,0.43760607671219615,-0.3362948217714412,0.0,0
2916,1.0,1.7148719202339662,1.6309718327182317,-0.22585497996212162,-0.6676363453761258,-0.3362948217714412,0.0,0
2917,1.0,0.05373201682642721,-0.4632247206345374,-1.1226030349758407,0.03569974140735187,-0.3362948217714412,0.0,0
2918,1.0,-0.5730222898592823,-0.48823218544768887,-1.1226030349758407,-0.18758155598422852,-0.3362948217714412,0.0,0
2919,1.0,0.6682582773691657,0.10337298213200842,-0.22585497996212162,1.6142014351408707,-0.3362948217714412,0.0,0
2920,1.0,-0.07131537475242189,-0.4010633080989895,0.6708930750515975,1.818552361666643,-0.3362948217714412,0.0,0
2921,1.0,-0.771393330390326,-0.6804324150116243,-1.1226030349758407,-0.7200589108506706,-0.3362948217714412,0.0,0
2922,1.0,3.0029671604696273,2.8227561558135634,0.6708930750515975,0.8283483471474615,-0.3362948217714412,0.0,1
2923,1.0,-0.19007023163726053,-0.5925490386682635,0.6708930750515975,-1.1612821702614238,-0.3362948217714412,0.0,0
2924,1.0,-0.28941194957249183,-0.6225579964440452,2.464389185079036,-1.037506668446526,-0.3362948217714412,0.0,0
2925,1.0,0.9146935722650991,-0.7061543788194373,-1.1226030349758407,2.0442606296820447,-0.3362948217714412,0.0,0
2926,1.0,-1.1575585978178,-0.8890661214527736,1.5676411300653166,1.709824077719439,-0.3362948217714412,0.0,0
2927,1.0,0.33912747333846877,-0.2810274769958625,-1.1226030349758407,1.9593166578482915,-0.3362948217714412,0.0,0
2928,1.0,-0.14548695391161082,-0.6461364632678738,0.6708930750515975,-0.5414338729374065,-0.3362948217714412,0.0,0
2929,1.0,-0.813968352362568,-0.5696850708390965,0.6708930750515975,-1.4729051983601074,-0.3362948217714412,0.0,0
2930,1.0,-1.255918501829143,-0.6961513928941767,0.6708930750515975,-0.7860725118186163,2.833611433315728,0.0,0
2931,1.0,-1.2299004328461063,-0.8647731556342837,0.6708930750515975,0.7997100937863675,-0.3362948217714412,0.0,0
2932,1.0,-1.2308822467699947,-0.9247910711858471,0.6708930750515975,-0.3851369647633006,-0.3362948217714412,0.0,0
2933,1.0,-1.0405888571582125,-0.8183307209812881,0.6708930750515975,-0.12059716676675429,-0.3362948217714412,0.0,0
2934,1.0,-0.9671313244891242,-0.6247014934280297,-1.1226030349758407,1.2142366763350838,-0.3362948217714412,0.0,0
2935,1.0,1.402208813381212,0.7428495823540242,-1.1226030349758407,-0.38028302351565757,-0.3362948217714412,1.0,0
2936,1.0,0.28847480044696505,-0.043813810768254476,3.361137240092755,0.24927315630364588,-0.3362948217714412,1.0,0
2937,1.0,0.25129975505610785,-0.26459400011864875,-0.22585497996212162,-1.3588375790404956,-0.3362948217714412,0.0,0
2938,1.0,-0.17079097640454718,-0.17456712679130348,0.6708930750515975,-0.14777923775355534,-0.3362948217714412,0.0,0
2939,1.0,-1.0962844833860512,-0.8769196385435286,-0.22585497996212162,1.4598461034658219,-0.3362948217714412,0.0,0
2940,1.0,-0.8292757239940973,-0.7790332762749073,3.361137240092755,-0.3754290822680145,-0.3362948217714412,0.0,0
2941,1.0,-1.0056898349545509,-0.4939481774049807,-0.22585497996212162,-1.2632149364619278,-0.3362948217714412,0.0,0
2942,1.0,-1.0819589256784101,-0.8583426646823303,-1.1226030349758407,0.08569533625807514,-0.3362948217714412,0.0,0
2943,1.0,-1.2269103631688105,-0.959801521924259,-0.22585497996212162,-1.3918443795244686,-0.3362948217714412,0.0,0
2944,1.0,0.35854061228807604,1.3858986775493476,0.6708930750515975,-1.252536265717113,-0.3362948217714412,0.0,0
2945,1.0,-1.323128127709852,-0.9726625038281657,-0.22585497996212162,-1.6447347185266712,-0.3362948217714412,0.0,0
2946,1.0,0.2523261968856274,-0.41249529201357304,-0.22585497996212162,-0.21136586809767924,-0.3362948217714412,0.0,0
2947,1.0,-0.6728549147564578,-0.5382471150739918,-0.22585497996212162,0.7861190582929668,6.003517688402897,0.0,0
2948,1.0,0.6986945090096992,1.0336506731812427,-0.22585497996212162,0.6312783324931533,-0.3362948217714412,1.0,0
2949,1.0,1.6842571769709074,1.3823261825760402,0.6708930750515975,0.547790543033693,-0.3362948217714412,0.0,0
2950,1.0,0.17556619919982422,-0.30960743678232133,-0.22585497996212162,-1.290882401573493,-0.3362948217714412,0.0,0
2951,1.0,-0.38152394679545576,-0.7132993687660519,0.6708930750515975,-0.9384862669946078,-0.3362948217714412,0.0,0
2952,1.0,2.0012491906698964,4.2810486039176245,0.6708930750515975,-1.6534718127724288,-0.3362948217714412,0.0,0
2953,1.0,0.12112015432966153,-0.3646238593712545,-0.22585497996212162,-0.8816951543971843,-0.3362948217714412,0.0,0
2954,1.0,0.1865892918907505,-0.1659931388553658,-0.22585497996212162,-0.398728000256701,-0.3362948217714412,0.0,0
2955,1.0,-0.21568664946961583,-0.3660528573605775,-0.22585497996212162,0.6235120264969248,-0.3362948217714412,0.0,0
2956,1.0,0.5307150722135578,0.3012892036532357,-0.22585497996212162,-1.123421428529808,-0.3362948217714412,0.0,0
2957,1.0,-0.09130867647523583,1.0729481178876235,0.6708930750515975,1.830201820660986,-0.3362948217714412,0.0,0
2958,1.0,0.729621647612177,0.5592233407260263,-0.22585497996212162,0.12695383686304107,-0.3362948217714412,1.0,0
2959,1.0,-1.297199314538078,-0.9826654897534262,1.5676411300653166,1.7700129491902126,-0.3362948217714412,0.0,0
2960,1.0,0.7007473926687383,0.1926853564646923,-1.1226030349758407,1.5598372931672686,-0.3362948217714412,0.0,0
2961,1.0,2.5302683840231004,1.4816415428339842,-0.22585497996212162,-0.7292813992211925,2.833611433315728,0.0,0
2962,1.0,-0.8245005380915503,-0.6482799602518582,0.6708930750515975,1.6942914657269812,-0.3362948217714412,0.0,0
2963,1.0,0.5430323741677914,0.015489605788647559,-1.1226030349758407,-0.3249480932925267,-0.3362948217714412,0.0,0
2964,1.0,1.9737137728953955,1.1143890595779886,-1.1226030349758407,-0.6569576746313113,2.833611433315728,0.0,0
2965,1.0,-1.126765342932216,-0.7740317833122768,-0.22585497996212162,0.4172195234720951,2.833611433315728,0.0,0
2966,1.0,-0.7015506580773713,0.04978555753239812,-1.1226030349758407,-1.6180380416646345,-0.3362948217714412,0.0,0
2967,1.0,3.024388555172643,1.335169248928383,-1.1226030349758407,-0.8142253710549459,-0.3362948217714412,0.0,0
2968,1.0,-0.033292399154570614,0.2905717187333136,-0.22585497996212162,0.3575160461260858,-0.3362948217714412,0.0,0
2969,1.0,-0.6583062175206601,-0.8404801898157936,-1.1226030349758407,0.4749814243190475,-0.3362948217714412,0.0,1
2970,1.0,1.0693738931831187,0.1598184027102645,0.6708930750515975,-0.6176407505254026,2.833611433315728,0.0,0
2971,1.0,1.9061917516752676,2.080391700360296,-0.22585497996212162,1.2715131830572715,-0.3362948217714412,0.0,0
2972,1.0,-0.5190225240454324,-0.2131500725030229,3.361137240092755,0.34198343413362814,-0.3362948217714412,0.0,0
2973,1.0,-0.1166126989681722,0.4427600045962067,0.6708930750515975,-1.1180820931574007,-0.3362948217714412,0.0,0
2974,1.0,-0.39169910927938784,-0.06739227759208298,-0.22585497996212162,0.04589301802740223,2.833611433315728,0.0,0
2975,1.0,1.166305704214261,0.8957523672115786,-1.1226030349758407,-1.015178538707368,-0.3362948217714412,0.0,0
2976,1.0,0.6717392540084057,0.8385924476386614,1.5676411300653166,-0.22884005658919446,-0.3362948217714412,0.0,0
2977,1.0,-1.0160881369666395,-0.914073586265925,0.6708930750515975,0.5181815014230705,-0.3362948217714412,0.0,0
2978,1.0,1.385517976675113,-0.09311424139989584,-0.22585497996212162,-1.5127075165907806,-0.3362948217714412,1.0,0
2979,1.0,1.289567979567859,2.3161763685985814,-1.1226030349758407,-0.8782973955238341,-0.3362948217714412,0.0,0
2980,1.0,0.4244560289054779,0.1583894047209415,0.6708930750515975,-0.333685187538284,-0.3362948217714412,0.0,0
2981,1.0,0.2832533354881051,0.012631609810001795,0.6708930750515975,-0.19437707373092883,-0.3362948217714412,0.0,0
2982,1.0,-0.18739255729938356,0.07908001631351834,-0.22585497996212162,0.2982979629048406,-0.3362948217714412,0.0,0
2983,1.0,-0.8516343047153692,-0.8840646284901433,-0.22585497996212162,-1.2889408250744359,-0.3362948217714412,1.0,0
2984,1.0,-1.3157198953750597,-0.906214097324649,-1.1226030349758407,1.355486366641496,-0.3362948217714412,0.0,0
2985,1.0,-0.31221680935007645,0.1676778916515408,-1.1226030349758407,-0.08661957803325293,2.833611433315728,0.0,0
2986,1.0,1.0832531718344471,0.21554932429385917,-0.22585497996212162,-0.01817900644148622,2.833611433315728,0.0,0
2987,1.0,0.25794931299516877,0.8000095019269419,0.6708930750515975,0.4317813472150243,-0.3362948217714412,0.0,0
2988,1.0,0.4203948894930315,-0.3810573362484683,-0.22585497996212162,-0.17690288523941364,-0.3362948217714412,0.0,0
2989,1.0,-1.1106546689993237,-0.6947223949048537,0.6708930750515975,1.4015988084941053,-0.3362948217714412,0.0,0
2990,1.0,0.3364497990005921,0.14838641879568104,-1.1226030349758407,-1.1273045815279226,-0.3362948217714412,0.0,0
2991,1.0,-1.0659821354624115,-0.9340795581164462,-0.22585497996212162,-0.33174361103922706,-0.3362948217714412,0.0,0
2992,1.0,-0.2744169732803814,-0.3481903824940408,-0.22585497996212162,1.5651766285396758,-0.3362948217714412,0.0,0
2993,1.0,0.3455985196550047,-0.023093339923071745,1.5676411300653166,1.5530417754205685,-0.3362948217714412,0.0,0
2994,1.0,0.3216333343310068,0.5713698236352714,-0.22585497996212162,0.9210586249774437,-0.3362948217714412,0.0,0
2995,1.0,-0.7016845417942651,-0.7668867933656621,0.6708930750515975,-0.07642630141320257,2.833611433315728,0.0,0
2996,1.0,0.280218637905178,0.0069156178527098695,-1.1226030349758407,-0.6142429916520523,-0.3362948217714412,0.0,0
2997,1.0,-0.013031329997968974,-0.6675714331077178,1.5676411300653166,1.0598813446600348,-0.3362948217714412,0.0,0
2998,1.0,-0.590784196300532,-0.4167822859815419,0.6708930750515975,-0.13515899050968344,-0.3362948217714412,0.0,0
2999,1.0,2.206983835630101,3.9931055090690517,-1.1226030349758407,0.9831890729472744,-0.3362948217714412,0.0,0
3000,1.0,-0.11259618746135676,-0.42749977090146396,-1.1226030349758407,-0.26718619244557434,-0.3362948217714412,0.0,0
3001,1.0,-0.8707796762311887,-0.7911797591841523,-1.1226030349758407,0.021137917664422714,2.833611433315728,0.0,0
3002,1.0,-0.31431432091474665,-0.48894668444235034,-1.1226030349758407,-1.3059296194411867,-0.3362948217714412,0.0,0
3003,1.0,-1.1177951339003287,-0.6875774049582389,-0.22585497996212162,0.716222304326907,-0.3362948217714412,0.0,0
3004,1.0,-0.19631813842563975,-0.4989496703676109,-0.22585497996212162,0.7264155809469575,-0.3362948217714412,0.0,0
3005,1.0,-0.013923888110594543,0.6263862462242045,0.6708930750515975,-0.5758968557956721,-0.3362948217714412,0.0,0
3006,1.0,0.018565227188977858,-0.3238974166755508,-0.22585497996212162,1.8083590850465927,-0.3362948217714412,0.0,0
3007,1.0,-0.6880730305767245,-0.7183008617286822,-0.22585497996212162,-0.5569664849298644,-0.3362948217714412,0.0,0
3008,1.0,-0.20194125453518136,-0.36248036238727016,1.5676411300653166,-1.0457583685675191,-0.3362948217714412,0.0,0
3009,1.0,-0.10456316444772613,-0.7790332762749073,-0.22585497996212162,0.06676496539226719,-0.3362948217714412,0.0,0
3010,1.0,1.4072071388119156,0.291286217727975,0.6708930750515975,0.6744784095971766,-0.3362948217714412,0.0,0
3011,1.0,-0.5571793833601775,-0.8147582260079808,-0.22585497996212162,-0.15894330262313444,-0.3362948217714412,0.0,0
3012,1.0,0.9573578500486034,3.549401633384279,-0.22585497996212162,-1.6753145483868226,-0.3362948217714412,0.0,0
3013,1.0,1.9351998903356,4.586139674638072,-0.22585497996212162,-1.1253630050288652,-0.3362948217714412,1.0,0
3014,1.0,0.7128861830004466,0.616383260298944,0.6708930750515975,0.40751164097680903,-0.3362948217714412,0.0,0
3015,1.0,-0.5401761513146595,-0.8826356305008204,1.5676411300653166,0.24344842680647405,-0.3362948217714412,0.0,0
3016,1.0,0.48577477124285795,1.6917042472644568,-0.22585497996212162,0.6502087033589614,-0.3362948217714412,0.0,0
3017,1.0,-0.5794487082701867,-0.17599612478062637,0.6708930750515975,0.9632879138319379,-0.3362948217714412,0.0,0
3018,1.0,-0.6998101697577513,-0.6004085276095397,0.6708930750515975,0.5866220730148375,-0.3362948217714412,1.0,0
3019,1.0,-0.4638178047795378,-0.4210692799495107,0.6708930750515975,1.49236750982503,-0.3362948217714412,0.0,0
3020,1.0,0.04587750543532181,0.12194995599320659,-0.22585497996212162,0.13472014285926992,-0.3362948217714412,0.0,0
3021,1.0,-0.7681801211848738,-0.640420471310582,-0.22585497996212162,-0.4666831777237037,-0.3362948217714412,1.0,0
3022,1.0,-0.29923008881137375,-0.497520672378288,-0.22585497996212162,-1.489893992726858,-0.3362948217714412,0.0,0
3023,1.0,-1.1247570871788084,-0.9162170832499095,-0.22585497996212162,-1.7029820134983877,-0.3362948217714412,0.0,0
3024,1.0,0.5920784424565692,1.200128938937365,-1.1226030349758407,1.1710365992310607,-0.3362948217714412,0.0,0
3025,1.0,-0.9324554418136188,-0.7933232561681366,-0.22585497996212162,-0.7656859585785154,2.833611433315728,1.0,0
3026,1.0,-0.6693293102115865,-0.8719181455808984,-0.22585497996212162,-1.2515654774675842,-0.3362948217714412,0.0,0
3027,1.0,1.0168914761607324,-0.3824863342377913,-0.22585497996212162,-1.6233773770370419,2.833611433315728,0.0,0
3028,1.0,-0.5990849867479503,-0.30174794784104514,-1.1226030349758407,0.7434043753137078,-0.3362948217714412,0.0,0
3029,1.0,-0.5345084072994868,-0.3224684186862278,0.6708930750515975,0.18665731420905046,-0.3362948217714412,0.0,0
3030,1.0,-1.2019633639209246,-0.965517513881551,-0.22585497996212162,-0.9841133147224526,-0.3362948217714412,0.0,0
3031,1.0,-0.4751086649042519,-0.3481903824940408,-0.22585497996212162,-0.6035643209072377,-0.3362948217714412,0.0,0
3032,1.0,-0.2662054386442258,0.3391576503702936,1.5676411300653166,-0.6385126978902675,-0.3362948217714412,0.0,0
3033,1.0,-1.240521874386351,-0.9605160209189206,0.6708930750515975,1.6899229186041025,-0.3362948217714412,0.0,0
3034,1.0,-0.35746950566019525,-0.11526371023440136,-0.22585497996212162,1.2443311120704708,2.833611433315728,0.0,0
3035,1.0,0.7275687639531381,0.34273014534360097,-0.22585497996212162,0.8802855184972418,-0.3362948217714412,0.0,0
3036,1.0,0.3032020093052878,0.517782399035661,-1.1226030349758407,-1.0709988630552632,-0.3362948217714412,0.0,0
3037,1.0,0.4639517253891617,0.1369544348810976,0.6708930750515975,-1.3214622314336442,-0.3362948217714412,1.0,0
3038,1.0,-0.28936732166686063,0.14624292181169668,-0.22585497996212162,0.8584427828828484,-0.3362948217714412,0.0,0
3039,1.0,2.2036813706133866,2.3904842640433746,0.6708930750515975,0.740006616440358,-0.3362948217714412,0.0,1
3040,1.0,-0.3408232968597275,-0.36533835836591605,-0.22585497996212162,1.3496616371443246,-0.3362948217714412,0.0,0
3041,1.0,0.1790025479334328,0.5142099040623538,0.6708930750515975,1.240447959072356,-0.3362948217714412,0.0,0
3042,1.0,-0.34684806411995045,-0.8140437270133193,-0.22585497996212162,1.2506412356924066,2.833611433315728,0.0,0
3043,1.0,1.8593770786680537,0.660682197967955,-0.22585497996212162,-0.8748996366504839,-0.3362948217714412,0.0,0
3044,1.0,-0.8066940037446692,-0.9083575943086334,-0.22585497996212162,-0.953048090737537,-0.3362948217714412,0.0,0
3045,1.0,1.7503064773052035,2.419778722824495,-1.1226030349758407,-0.3783414470166003,-0.3362948217714412,0.0,0
3046,1.0,1.0133212437102301,0.5506493527900886,-0.22585497996212162,1.3016076187926582,-0.3362948217714412,0.0,0
3047,1.0,0.9587859430288047,-0.5389616140686533,-0.22585497996212162,-1.271466636582921,-0.3362948217714412,0.0,1
3048,1.0,-0.07042281663979633,1.683130259328519,0.6708930750515975,0.6176872969997533,-0.3362948217714412,0.0,0
3049,1.0,-0.893896931348192,-0.8926386164260809,-0.22585497996212162,0.8511618710113835,-0.3362948217714412,0.0,0
3050,1.0,2.010130143890521,0.5606523387153494,0.6708930750515975,-0.3225211226687052,-0.3362948217714412,0.0,1
3051,1.0,1.1730445179645843,-0.0009438710885662301,-0.22585497996212162,0.873975394875306,-0.3362948217714412,0.0,1
3052,1.0,0.32221349710421343,0.151244414774327,-1.1226030349758407,-1.1748732057548243,2.833611433315728,0.0,0
3053,1.0,-0.7252480759675815,-0.676859920038317,1.5676411300653166,0.6011838967577666,-0.3362948217714412,1.0,0
3054,1.0,-0.26330462477819266,-0.543248608036622,0.6708930750515975,-0.09778364290283205,-0.3362948217714412,0.0,0
3055,1.0,-0.5285282679448952,-0.8219032159545955,-0.22585497996212162,-1.0578932216866268,-0.3362948217714412,0.0,0
3056,1.0,0.19475619862127508,0.5606523387153494,-1.1226030349758407,-1.0059560503368463,-0.3362948217714412,0.0,0
3057,1.0,-0.1835545574150936,-0.16242064388205846,-1.1226030349758407,1.7894287141807848,-0.3362948217714412,0.0,0
3058,1.0,-0.24616750901578063,-0.07525176653335908,1.5676411300653166,1.141427557620438,-0.3362948217714412,0.0,0
3059,1.0,1.7381230590678636,2.5476740428688975,-0.22585497996212162,0.7065144218316209,-0.3362948217714412,0.0,0
3060,1.0,-0.8565880022404413,-0.6632844391397491,-0.22585497996212162,-1.5830896646816046,-0.3362948217714412,0.0,0
3061,1.0,-1.3137116396216517,-0.9812364917641032,-1.1226030349758407,-0.3720313233946642,-0.3362948217714412,0.0,0
3062,1.0,0.22336268613092602,0.5256418879769372,0.6708930750515975,0.25509788580081744,-0.3362948217714412,0.0,0
3063,1.0,-0.3842016211333326,0.27985423381339153,-1.1226030349758407,-0.9214974726278572,-0.3362948217714412,0.0,0
3064,1.0,-0.9195579770861786,-0.807613236061366,0.6708930750515975,1.1817152699758753,2.833611433315728,0.0,0
3065,1.0,1.6148161558086345,0.338443151375632,-0.22585497996212162,-1.2928239780725506,-0.3362948217714412,0.0,0
3066,1.0,-0.6944994489876289,-0.35819336841930133,0.6708930750515975,-1.0161493269568966,2.833611433315728,0.0,0
3067,1.0,-0.24786336942976928,-0.5839750507323259,-0.22585497996212162,-1.0210032682045398,-0.3362948217714412,0.0,0
3068,1.0,0.049938644847768485,1.5959613819798195,-1.1226030349758407,1.6239093176361568,-0.3362948217714412,0.0,0
3069,1.0,1.4100633247723176,1.683130259328519,-0.22585497996212162,-0.8598524187827905,-0.3362948217714412,0.0,0
3070,1.0,1.637978038831269,-0.07525176653335908,-0.22585497996212162,-0.9214974726278572,-0.3362948217714412,0.0,0
3071,1.0,0.12968871221086728,0.06336103843096615,3.361137240092755,0.19345283195575078,-0.3362948217714412,0.0,1
3072,1.0,0.7631372047412689,-0.02738033389104069,-0.22585497996212162,0.03375816490829459,2.833611433315728,0.0,0
3073,1.0,1.7234851060208036,-0.10668972229846387,-0.22585497996212162,0.6866132627162845,-0.3362948217714412,0.0,0
3074,1.0,-0.9869014866837817,-0.7647432963816778,-0.22585497996212162,-0.3705751410203715,-0.3362948217714412,0.0,0
3075,1.0,3.0294761364146088,1.5752409111346368,-1.1226030349758407,0.14248644885549874,-0.3362948217714412,0.0,0
3076,1.0,0.17784222238701952,-0.5789735577696956,2.464389185079036,2.1112450188995187,-0.3362948217714412,0.0,0
3077,1.0,-0.16896123227366455,-0.30603494180901397,-0.22585497996212162,-1.0447875803179907,-0.3362948217714412,0.0,0
3078,1.0,-0.5877048708119736,-0.6118405115241231,-0.22585497996212162,-1.2860284603258498,-0.3362948217714412,0.0,0
3079,1.0,-0.8240988869408687,-0.8704891475915755,1.5676411300653166,-1.0132369622083108,2.833611433315728,0.0,0
3080,1.0,0.3542563333474732,0.32486767047706416,-1.1226030349758407,-1.1350708875241513,-0.3362948217714412,0.0,0
3081,1.0,-0.6693293102115865,-0.3453323865153948,-0.22585497996212162,-0.010898094570021643,-0.3362948217714412,0.0,0
3082,1.0,-0.06863770041454519,-0.5639690788818047,-0.22585497996212162,0.7249593985726647,-0.3362948217714412,0.0,0
3083,1.0,0.24326673204247748,-0.2838854729745084,-0.22585497996212162,0.8448517473894477,-0.3362948217714412,0.0,0
3084,1.0,-0.09394172290748129,-0.4603667246558915,0.6708930750515975,1.8389389149067437,-0.3362948217714412,0.0,0
3085,1.0,2.4211085268489874,1.1408255223804633,-1.1226030349758407,-1.0923562045448925,-0.3362948217714412,0.0,0
3086,1.0,-0.9455314181635842,-0.8269047089172258,0.6708930750515975,-1.2768059719553284,-0.3362948217714412,1.0,0
3087,1.0,-0.15686706984758753,-0.617556503481415,-0.22585497996212162,-0.5817215852928439,-0.3362948217714412,0.0,0
3088,1.0,-1.0101972534233101,-0.9054995983299874,-1.1226030349758407,-1.5049412105945514,-0.3362948217714412,0.0,0
3089,1.0,-0.4888094319330551,-0.34747588349937925,1.5676411300653166,-0.3652358056479639,-0.3362948217714412,0.0,0
3090,1.0,-1.1579602489684815,-0.8704891475915755,-1.1226030349758407,1.0783263214010783,-0.3362948217714412,0.0,0
3091,1.0,-1.0607160425979203,-0.8933531154207426,0.6708930750515975,0.8099033704064178,-0.3362948217714412,0.0,0
3092,1.0,-1.005377439615132,-0.5811170547536799,0.6708930750515975,-0.6501621568846109,-0.3362948217714412,0.0,0
3093,1.0,-0.41673536433853636,-0.3631948613819316,0.6708930750515975,2.0161077704457147,2.833611433315728,0.0,0
3094,1.0,0.38384463478101244,0.27985423381339153,-1.1226030349758407,-0.7652005644537512,-0.3362948217714412,0.0,0
3095,1.0,1.0681689397310743,0.447761497558837,-0.22585497996212162,-0.3467908289069204,-0.3362948217714412,0.0,0
3096,1.0,-0.37112564478336724,0.6742576788665231,0.6708930750515975,-1.4156286916379195,-0.3362948217714412,0.0,0
3097,1.0,1.2501615388954377,0.7835760250497279,-0.22585497996212162,0.20655847332438693,-0.3362948217714412,0.0,0
3098,1.0,-0.09389709500185005,-0.6054100205721701,0.6708930750515975,1.9403862869824835,-0.3362948217714412,0.0,0
3099,1.0,1.6540440848585303,1.0350796711705654,-0.22585497996212162,-1.4292197271313198,-0.3362948217714412,1.0,0
3100,1.0,-1.0206848112466613,-0.5353891190953459,0.6708930750515975,-0.37494368814324996,-0.3362948217714412,0.0,0
3101,1.0,2.647818287455894,6.643182280268444,-1.1226030349758407,0.05511550639792381,-0.3362948217714412,0.0,0
3102,1.0,0.24991628998153811,0.9964967254588459,-1.1226030349758407,-0.7132633931039706,-0.3362948217714412,0.0,0
3103,1.0,0.6262634181701304,0.35630562624216877,-1.1226030349758407,-0.37639987051754303,-0.3362948217714412,0.0,0
3104,1.0,-0.5810553128729128,-0.40249230608831243,-1.1226030349758407,-1.107403422412586,-0.3362948217714412,0.0,0
3105,1.0,-0.2718731826593984,-0.2996044508570608,2.464389185079036,-0.08176563678561015,-0.3362948217714412,0.0,0
3106,1.0,-0.10759786203065327,0.10337298213200842,0.6708930750515975,-0.8569400540342047,-0.3362948217714412,0.0,1
3107,1.0,0.09536985278041225,-0.39391831815237477,0.6708930750515975,-1.1622529585109522,-0.3362948217714412,0.0,0
3108,1.0,-0.5731115456705448,0.11766296202523784,-1.1226030349758407,0.05511550639792381,-0.3362948217714412,0.0,0
3109,1.0,0.2362601508583664,0.06264653943630455,-0.22585497996212162,0.5604107902775651,-0.3362948217714412,0.0,0
3110,1.0,-0.10541109465472047,-0.5961215336415708,-0.22585497996212162,-0.539006902313585,-0.3362948217714412,1.0,0
3111,1.0,3.9881728051857865,6.245206340242006,-0.22585497996212162,-1.9350004051357255,-0.3362948217714412,0.0,0
3112,1.0,-0.4990292223226184,-0.4132097910082345,-1.1226030349758407,0.6604019799790117,-0.3362948217714412,0.0,0
3113,1.0,-0.39767924863397947,-0.4439332477786777,-1.1226030349758407,-0.7613174114556367,-0.3362948217714412,0.0,1
3114,1.0,1.2737250730687544,0.5892322985018081,-0.22585497996212162,-0.6909352633648126,-0.3362948217714412,0.0,0
3115,1.0,0.21782882583264715,0.5435043628434739,-0.22585497996212162,-1.3510712730442669,-0.3362948217714412,0.0,0
3116,1.0,0.09715496900566364,0.22841030619776562,-0.22585497996212162,-0.6744318631228262,-0.3362948217714412,0.0,0
3117,1.0,-0.4198593177327261,-0.40963729603492716,-1.1226030349758407,0.17937640233758587,-0.3362948217714412,0.0,0
3118,1.0,0.5991296515463115,0.14481392382237368,-1.1226030349758407,2.57819416692278,-0.3362948217714412,0.0,0
3119,1.0,-1.0936068090481743,-0.7947522541574596,0.6708930750515975,-1.152059681890902,-0.3362948217714412,0.0,0
3120,1.0,1.1277918216544656,0.5256418879769372,1.5676411300653166,0.8137865234045324,-0.3362948217714412,0.0,0
3121,1.0,0.30471935809675127,-0.34747588349937925,-1.1226030349758407,-0.6545307040074897,-0.3362948217714412,0.0,0
3122,1.0,-0.30645980952364116,-0.25602001218271103,0.6708930750515975,0.09346164225430396,-0.3362948217714412,0.0,1
3123,1.0,-0.5527612207026807,-0.44464774677333924,-1.1226030349758407,-1.3971837148968758,-0.3362948217714412,0.0,0
3124,1.0,-0.7179290994440515,-0.7390213325738649,0.6708930750515975,-1.4534894333695352,-0.3362948217714412,0.0,0
3125,1.0,-0.17212981357348567,0.496347429195817,0.6708930750515975,-0.024003735938657775,-0.3362948217714412,0.0,0
3126,1.0,-0.3891553186584047,-0.33032790762750397,1.5676411300653166,-0.3676627762717854,2.833611433315728,0.0,0
3127,1.0,-0.6489343573380911,0.2920007167226366,-1.1226030349758407,2.170463102120764,-0.3362948217714412,0.0,0
3128,1.0,0.22037261645363038,-0.21529356948700726,0.6708930750515975,0.6788469567200555,-0.3362948217714412,0.0,0
3129,1.0,1.1491239605462178,0.30343270063722005,-0.22585497996212162,0.6249682088712176,-0.3362948217714412,0.0,0
3130,1.0,-0.965970998942711,-0.8590571636769919,0.6708930750515975,0.6599165858542475,-0.3362948217714412,0.0,0
3131,1.0,0.5921676982678319,-0.33390040260081133,-1.1226030349758407,0.54293660178605,2.833611433315728,0.0,0
3132,1.0,-1.1541668769898226,-0.951942032982983,0.6708930750515975,-0.7846163294443234,-0.3362948217714412,0.0,0
3133,1.0,0.0754211789632298,-0.2595925071560184,-1.1226030349758407,1.7078825012203813,-0.3362948217714412,0.0,0
3134,1.0,-0.950574371499919,-0.5418196100472992,-1.1226030349758407,-0.636085727266446,-0.3362948217714412,0.0,0
3135,1.0,1.798370731670093,0.9457672968378815,-0.22585497996212162,-1.2442845655961199,-0.3362948217714412,0.0,0
3136,1.0,-0.9005911171928842,-0.5603965839084973,-1.1226030349758407,-1.9350004051357255,-0.3362948217714412,0.0,0
3137,1.0,-0.7794263534039566,-0.759027304424386,-1.1226030349758407,0.39149363485958716,-0.3362948217714412,0.0,0
3138,1.0,-0.7145373786160741,-0.5303876261327156,-1.1226030349758407,-0.03225543605965086,-0.3362948217714412,0.0,0
3139,1.0,0.7842908320104961,1.1958419449693964,0.6708930750515975,0.4609049947008826,-0.3362948217714412,0.0,0
3140,1.0,0.564409140965175,0.6499647130480329,-0.22585497996212162,-0.5477439965593426,-0.3362948217714412,0.0,0
3141,1.0,1.5800063894162355,4.470390837502913,0.6708930750515975,0.4866308833133909,-0.3362948217714412,0.0,0
3142,1.0,-0.19444376638912614,-0.42464177492281807,-1.1226030349758407,-1.32437459618223,-0.3362948217714412,0.0,1
3143,1.0,-0.009014818491153792,-0.5046656623249026,-0.22585497996212162,1.922426704366204,-0.3362948217714412,0.0,0
3144,1.0,-1.0494698103788376,-0.9312215621378005,-1.1226030349758407,0.8861102479944138,-0.3362948217714412,0.0,0
3145,1.0,1.9990624232939633,1.7845891165704475,1.5676411300653166,0.6861278685915203,-0.3362948217714412,0.0,0
3146,1.0,0.5101416077175372,2.804893680947027,-1.1226030349758407,-0.9802301617243381,-0.3362948217714412,1.0,0
3147,1.0,0.6500500918716031,-0.39320381915771335,1.5676411300653166,0.765732505052866,-0.3362948217714412,0.0,0
3148,1.0,0.12062924736771738,0.7407060853700398,-0.22585497996212162,-1.1132281519097575,-0.3362948217714412,0.0,0
3149,1.0,1.1926361685367166,2.0968251772375104,1.5676411300653166,-1.17438781163006,-0.3362948217714412,0.0,0
3150,1.0,-0.35198027326754777,-0.3224684186862278,0.6708930750515975,0.68952562746487,2.833611433315728,0.0,0
3151,1.0,1.3873477208059954,3.260744039541045,-1.1226030349758407,-0.09487127815424627,-0.3362948217714412,0.0,0
3152,1.0,0.5642752572482813,-0.22958354938023667,-1.1226030349758407,0.22500345006543063,-0.3362948217714412,0.0,0
3153,1.0,1.1295323099740855,-0.07453726753869769,-0.22585497996212162,-0.35358634665362076,-0.3362948217714412,0.0,0
3154,1.0,1.035724452337133,-0.33961639455810305,-1.1226030349758407,-1.2316643183522478,-0.3362948217714412,0.0,0
3155,1.0,0.044315528738226875,1.344457735858982,-1.1226030349758407,0.786604452417731,-0.3362948217714412,0.0,0
3156,1.0,-1.210978200858443,-0.8526266727250387,1.5676411300653166,-0.7409308582155358,2.833611433315728,0.0,0
3157,1.0,-1.0397409269512181,-0.7676012923603237,0.6708930750515975,-0.31912336379535516,-0.3362948217714412,0.0,0
3158,1.0,1.7726650580264751,1.1601169952363228,1.5676411300653166,0.20413150270056538,-0.3362948217714412,0.0,0
3159,1.0,1.1600131695202505,1.262290351472913,-0.22585497996212162,-0.2162198093453223,-0.3362948217714412,0.0,0
3160,1.0,-0.32872913443365037,-0.37033985132854624,-0.22585497996212162,1.4147044498627417,-0.3362948217714412,0.0,0
3161,1.0,-0.5254043145507055,-0.3889168251897445,1.5676411300653166,0.28325074503714726,-0.3362948217714412,0.0,0
3162,1.0,0.21782882583264715,0.12552245096651393,-0.22585497996212162,-0.24825582157976667,-0.3362948217714412,0.0,0
3163,1.0,2.7764805393908767,2.762738240262,-0.22585497996212162,-1.0821629279248421,-0.3362948217714412,0.0,0
3164,1.0,1.428092998647355,0.049071058537736724,0.6708930750515975,0.40120151735487325,-0.3362948217714412,0.0,0
3165,1.0,-0.4030345973097331,-0.5611110829031588,0.6708930750515975,-0.5754114616709078,-0.3362948217714412,0.0,0
3166,1.0,-0.441459224058266,0.6442487210907413,-0.22585497996212162,-0.3322290051639913,-0.3362948217714412,0.0,0
3167,1.0,-0.1771727669098204,-0.19957459160445498,-1.1226030349758407,0.1313223839859199,-0.3362948217714412,0.0,0
3168,1.0,-0.12674323354647288,1.9060539456628973,-0.22585497996212162,-0.18903773835852128,-0.3362948217714412,0.0,0
3169,1.0,0.006292553140375599,-0.17528162578596498,1.5676411300653166,-0.8025759120606025,-0.3362948217714412,1.0,0
3170,1.0,-0.7701883769382815,-0.05238779870419217,-0.22585497996212162,-1.905391363525103,-0.3362948217714412,0.0,0
3171,1.0,0.3864330533076267,-0.19171510266317876,-1.1226030349758407,0.7477729224365867,-0.3362948217714412,0.0,0
3172,1.0,-0.47787559505339133,1.190840452006766,-0.22585497996212162,1.0448341267923413,-0.3362948217714412,0.0,0
3173,1.0,-0.5359365002796878,0.089083002238779,3.361137240092755,1.6287632588837997,-0.3362948217714412,0.0,0
3174,1.0,1.0369294057891776,-0.24173003228948162,-0.22585497996212162,-0.38416617651377183,-0.3362948217714412,0.0,0
3175,1.0,-1.171393248563497,-0.965517513881551,0.6708930750515975,0.8982451011135213,-0.3362948217714412,0.0,0
3176,1.0,-0.33310266918551595,0.5620813367046723,-1.1226030349758407,-1.2865138544506145,-0.3362948217714412,0.0,0
3177,1.0,-0.2118486495853256,-0.6782889180276399,-1.1226030349758407,0.44828474745701075,-0.3362948217714412,0.0,0
3178,1.0,-1.2094608520669798,-0.9119300892819407,-1.1226030349758407,-0.9545042731118298,-0.3362948217714412,0.0,0
3179,1.0,-0.9329017208699316,-0.8197597189706111,-0.22585497996212162,-0.7190881226011422,-0.3362948217714412,0.0,0
3180,1.0,-1.2341847117867093,-0.7904652601894907,-0.22585497996212162,0.44440159445889643,-0.3362948217714412,0.0,0
3181,1.0,-0.3827289002475003,-0.34961938048336366,1.5676411300653166,-0.8695603012780766,2.833611433315728,1.0,0
3182,1.0,0.511525072792107,0.11480496604659188,-0.22585497996212162,-0.0628352659198022,-0.3362948217714412,0.0,0
3183,1.0,0.2664286150651123,1.680272263349873,0.6708930750515975,2.0282426235648225,-0.3362948217714412,0.0,0
3184,1.0,0.18364385011908607,0.1905418594807077,0.6708930750515975,-1.2404014125980054,-0.3362948217714412,0.0,0
3185,1.0,-1.0013609281083167,-0.6632844391397491,-1.1226030349758407,0.3846981171128868,-0.3362948217714412,0.0,0
3186,1.0,0.554546373820662,0.5985207854324073,-1.1226030349758407,-0.003617182698557066,-0.3362948217714412,0.0,0
3187,1.0,2.2418828578337626,1.7252857000135458,-1.1226030349758407,-0.5754114616709078,-0.3362948217714412,0.0,0
3188,1.0,2.528438639892218,1.6109658608677104,-0.22585497996212162,-0.11622861964387576,-0.3362948217714412,0.0,0
3189,1.0,-1.3345082436458289,-0.906214097324649,-0.22585497996212162,-0.7962657884386666,-0.3362948217714412,0.0,0
3190,1.0,1.1249356356940636,0.07264952536156521,-1.1226030349758407,0.8332022883951046,-0.3362948217714412,0.0,0
3191,1.0,-0.21291971932047637,-0.798324749130767,-0.22585497996212162,-0.03856555968158693,-0.3362948217714412,0.0,0
3192,1.0,-0.5561975694362893,-0.582546052743003,-0.22585497996212162,0.7904876054158456,-0.3362948217714412,0.0,0
3193,1.0,-0.47702766484639697,-0.48108719550107415,-0.22585497996212162,-0.5069708900791409,-0.3362948217714412,0.0,0
3194,1.0,0.17413810621962325,-0.32746991164885814,-0.22585497996212162,-0.24777042745500213,-0.3362948217714412,0.0,0
3195,1.0,1.4835654853470372,0.12623694996117554,-1.1226030349758407,1.8384535207819794,2.833611433315728,0.0,0
3196,1.0,-0.19346195246523784,0.11623396403591486,-0.22585497996212162,1.103566815888822,-0.3362948217714412,0.0,0
3197,1.0,-0.41526264345270414,-0.7283038476539428,-0.22585497996212162,0.09685940112765427,-0.3362948217714412,0.0,0
3198,1.0,-0.41450396905697234,-0.6718584270756867,2.464389185079036,-1.4597995569914712,-0.3362948217714412,0.0,0
3199,1.0,0.39790242505486584,-0.26602299810797164,-0.22585497996212162,0.36479695799755035,-0.3362948217714412,0.0,0
3200,1.0,0.7240431594082668,-0.23029804837489817,-0.22585497996212162,-1.168077688008124,-0.3362948217714412,1.0,0
3201,1.0,-1.1605486674950958,-0.9026416023513416,1.5676411300653166,-0.8792681837733627,-0.3362948217714412,0.0,0
3202,1.0,0.07412696969992258,-0.28602896995849286,-0.22585497996212162,-1.1277899756526868,2.833611433315728,0.0,0
3203,1.0,2.600914358637418,-0.2688809940866176,-0.22585497996212162,0.18374494946046468,-0.3362948217714412,0.0,0
3204,1.0,-0.815396445342769,-0.7247313526806355,-1.1226030349758407,-1.3112689548135938,-0.3362948217714412,0.0,0
3205,1.0,0.1953363613944817,0.25484676900024006,-1.1226030349758407,-0.3584402879012638,-0.3362948217714412,0.0,0
3206,1.0,-0.20394951028858896,-0.37962833825914544,0.6708930750515975,-0.3773706587670715,-0.3362948217714412,0.0,0
3207,1.0,-0.12964404741250604,-0.2653084991133102,-0.22585497996212162,-0.6938476281133984,-0.3362948217714412,0.0,0
3208,1.0,-1.3345082436458289,-0.9390810510790766,-0.22585497996212162,1.946211016479655,-0.3362948217714412,0.0,0
3209,1.0,1.7224140362856528,0.7735730391244676,-0.22585497996212162,-0.6778296219961762,-0.3362948217714412,0.0,0
3210,1.0,0.8399418303327035,1.263719349462236,-1.1226030349758407,0.593417590761538,-0.3362948217714412,0.0,0
3211,1.0,-0.6769606820745355,-0.6668569341130565,-0.22585497996212162,0.1390886899821487,-0.3362948217714412,0.0,0
3212,1.0,2.177038510951512,3.271461524460967,0.6708930750515975,0.31868451614494137,-0.3362948217714412,0.0,0
3213,1.0,0.26678563831016244,-0.17528162578596498,-0.22585497996212162,0.9205732308526795,2.833611433315728,0.0,0
3214,1.0,-0.06801290973570706,-0.2595925071560184,-0.22585497996212162,0.7157369102021428,-0.3362948217714412,0.0,0
3215,1.0,0.01642308771867629,-0.03381082484299381,-1.1226030349758407,2.4573310298564683,2.833611433315728,0.0,0
3216,1.0,-1.104986924984151,-0.9262200691751701,-1.1226030349758407,-0.9307199609983791,-0.3362948217714412,0.0,0
3217,1.0,0.10527724783055675,-0.44250424978935476,1.5676411300653166,-1.1083742106621146,-0.3362948217714412,0.0,0
3218,1.0,3.4755320531992617,5.998704187083798,1.5676411300653166,1.5544979577948612,-0.3362948217714412,0.0,0
3219,1.0,-0.07751865363516988,-0.060247287645468266,-0.22585497996212162,1.8933030568803457,-0.3362948217714412,0.0,0
3220,1.0,-0.9416041624680314,-0.8511976747357157,-0.22585497996212162,0.6555480387313687,-0.3362948217714412,0.0,0
3221,1.0,-1.0070286721234893,-0.7425938275471723,-0.22585497996212162,-0.09244430753042475,6.003517688402897,0.0,0
3222,1.0,1.2804192589134467,4.561132209824921,-0.22585497996212162,1.7268128720861893,-0.3362948217714412,0.0,0
3223,1.0,0.07676001613216829,0.45276299052146735,0.6708930750515975,0.20267532032627264,-0.3362948217714412,0.0,0
3224,1.0,-0.5674438016553721,-0.37748484127516096,-1.1226030349758407,-0.13855674938303375,-0.3362948217714412,0.0,0
3225,1.0,-0.0193238646919797,-0.2202950624496376,-0.22585497996212162,0.4050846703529875,-0.3362948217714412,0.0,0
3226,1.0,-0.1622670464289724,-0.28459997196916986,-0.22585497996212162,-0.14049832588209102,2.833611433315728,0.0,0
3227,1.0,0.5456207926944058,0.11051797207862313,-1.1226030349758407,1.3244211426565808,-0.3362948217714412,1.0,0
3228,1.0,-0.5611512669613615,-0.2888869659371387,0.6708930750515975,-0.15263317900119838,-0.3362948217714412,0.0,0
3229,1.0,-1.3345082436458289,-0.9805219927694419,-1.1226030349758407,0.24247763855694554,-0.3362948217714412,0.0,0
3230,1.0,1.7913641504859816,0.5999497834217302,1.5676411300653166,1.4443134914733644,-0.3362948217714412,0.0,0
3231,1.0,0.27508642875758077,-0.44607674476266207,-0.22585497996212162,-0.21864677996914383,-0.3362948217714412,0.0,0
3232,1.0,-0.5303133841701464,-0.7918942581788136,-0.22585497996212162,0.3822711464890653,-0.3362948217714412,0.0,0
3233,1.0,-0.5044738268096347,-0.4467912437573236,0.6708930750515975,-0.13515899050968344,-0.3362948217714412,0.0,0
3234,1.0,-0.3832644351150757,-0.6611409421557647,-1.1226030349758407,-1.0496415215656336,-0.3362948217714412,0.0,0
3235,1.0,-0.7007919836816395,-0.7568838074404017,1.5676411300653166,-1.2627295423371634,-0.3362948217714412,0.0,0
3236,1.0,-0.14816462824948778,-0.6275594894066756,-1.1226030349758407,0.5706040668976156,-0.3362948217714412,0.0,0
3237,1.0,-0.6675888218919666,-0.7397358315685263,-0.22585497996212162,0.30557887477630524,-0.3362948217714412,0.0,0
3238,1.0,-1.1459553423536668,-0.8647731556342837,-0.22585497996212162,-0.8782973955238341,-0.3362948217714412,0.0,0
3239,1.0,-0.9071067914150514,-0.710441372787406,0.6708930750515975,0.8802855184972418,-0.3362948217714412,0.0,0
3240,1.0,0.10175164328568546,1.3766101906187482,-0.22585497996212162,-1.0855606867981922,-0.3362948217714412,0.0,0
3241,1.0,0.5129531657723082,0.011202611820678813,2.464389185079036,1.020564420554126,-0.3362948217714412,0.0,0
3242,1.0,-0.09777972279177151,-0.3903458231790674,0.6708930750515975,0.9928969554425605,-0.3362948217714412,0.0,0
3243,1.0,-1.0205509275297675,-0.9397955500737379,-1.1226030349758407,-0.9841133147224526,-0.3362948217714412,0.0,0
3244,1.0,3.449469356310594,2.6748548639186396,0.6708930750515975,-1.64910326564955,-0.3362948217714412,0.0,0
3245,1.0,0.6737028818561821,3.261458538535706,-0.22585497996212162,-1.1224506402802794,2.833611433315728,0.0,0
3246,1.0,-1.0324219504276881,-0.7647432963816778,1.5676411300653166,2.101537136404233,-0.3362948217714412,0.0,0
3247,1.0,-0.7839783997783472,-0.3110364347716442,-0.22585497996212162,-0.8326703477959895,-0.3362948217714412,0.0,0
3248,1.0,-0.8397186539118171,-0.36533835836591605,0.6708930750515975,-0.0007048179499710194,-0.3362948217714412,0.0,0
3249,1.0,-0.3300679716025888,-0.5511080969778982,0.6708930750515975,-0.10312297827523936,-0.3362948217714412,0.0,0
3250,1.0,1.1026216828784232,-0.11669270822372434,-1.1226030349758407,0.31771372789541286,-0.3362948217714412,0.0,0
3251,1.0,-0.00325781866471846,-0.1338406840955997,-0.22585497996212162,1.8981569981279889,-0.3362948217714412,0.0,0
3252,1.0,-1.1328347380980703,-0.8347641978585019,-1.1226030349758407,-1.179241752877703,2.833611433315728,0.0,0
3253,1.0,0.1375878515076042,-0.1588481489087511,1.5676411300653166,0.3225676691430559,-0.3362948217714412,0.0,0
3254,1.0,-0.24808650895792575,-0.0345253238376554,0.6708930750515975,-1.3321409021784592,-0.3362948217714412,0.0,0
3255,1.0,-0.23487664889106669,-0.2510185192200808,-0.22585497996212162,-0.5545395143060429,2.833611433315728,0.0,0
3256,1.0,-0.9741379056732353,-0.6197000004653993,-1.1226030349758407,0.6065232321301739,-0.3362948217714412,0.0,0
3257,1.0,-0.21421392858378363,-0.568970571844435,-0.22585497996212162,1.5879901524035984,-0.3362948217714412,0.0,0
3258,1.0,-0.7434562614651441,-0.90192710335668,-1.1226030349758407,-1.688905583880223,-0.3362948217714412,0.0,0
3259,1.0,-0.2404551370949768,-0.10883321928244824,-1.1226030349758407,1.1273511280022732,-0.3362948217714412,0.0,0
3260,1.0,0.7372530194751261,0.04978555753239812,-1.1226030349758407,0.16432918446989248,-0.3362948217714412,0.0,0
3261,1.0,1.4184979989366295,1.0908105927541603,-0.22585497996212162,-0.5045439194553194,2.833611433315728,0.0,0
3262,1.0,-1.1563536443657554,-0.8511976747357157,-0.22585497996212162,0.765732505052866,2.833611433315728,0.0,0
3263,1.0,0.17520917595477406,-0.1674221368446888,-1.1226030349758407,1.5219765514356531,-0.3362948217714412,0.0,0
3264,1.0,-0.1269217451689981,-0.20028909059911637,-1.1226030349758407,-0.092929701655189,-0.3362948217714412,1.0,0
3265,1.0,-0.0581947704968253,-0.5189556422181321,-1.1226030349758407,0.9098945601078644,-0.3362948217714412,0.0,0
3266,1.0,-0.06185425875859031,0.24484378307497962,-0.22585497996212162,0.7244740044479004,-0.3362948217714412,0.0,0
3267,1.0,0.39580491349019575,0.8335909546760308,-1.1226030349758407,-1.0409044273198762,-0.3362948217714412,0.0,0
3268,1.0,-0.649693031733823,-0.70258188384613,0.6708930750515975,-0.6836543514933481,-0.3362948217714412,1.0,0
3269,1.0,-0.8868457222584498,-0.5296731271380541,-0.22585497996212162,0.588563649513895,-0.3362948217714412,0.0,0
3270,1.0,-1.156309016460124,-0.7990392481254284,0.6708930750515975,0.46236117707517566,-0.3362948217714412,0.0,0
3271,1.0,-0.9638288594724094,-0.6947223949048537,-1.1226030349758407,-1.0355650919474688,-0.3362948217714412,0.0,0
3272,1.0,1.2540887945909904,3.226448087797294,0.6708930750515975,0.26092261529798927,-0.3362948217714412,1.0,0
3273,1.0,-1.2343632234092345,-0.9712335058388427,0.6708930750515975,1.9054379099994536,2.833611433315728,0.0,0
3274,1.0,0.9013052005757148,-0.221009561444299,-1.1226030349758407,1.0467757032913982,-0.3362948217714412,0.0,0
3275,1.0,-0.9296885116644795,-0.6146985075027691,-0.22585497996212162,1.9884403053341497,-0.3362948217714412,0.0,0
3276,1.0,-1.0773176234927568,-0.4710842095758136,-1.1226030349758407,-0.3710605351451357,-0.3362948217714412,0.0,0
3277,1.0,-0.10746397831375955,-0.23529954133752842,1.5676411300653166,0.8715484242514847,-0.3362948217714412,0.0,0
3278,1.0,1.0744614744250847,1.0257911842399665,-0.22585497996212162,0.5084736189277843,-0.3362948217714412,0.0,0
3279,1.0,-0.02789242257318571,-0.5389616140686533,-0.22585497996212162,-0.21476362697102955,-0.3362948217714412,0.0,0
3280,1.0,0.17882403631090782,0.07050602837758085,0.6708930750515975,0.07695824201231755,-0.3362948217714412,0.0,0
3281,1.0,0.7040498576854531,0.011917110815340205,0.6708930750515975,-1.6864786132564014,-0.3362948217714412,0.0,0
3282,1.0,0.39808093667739103,-0.13026818912229238,-0.22585497996212162,-0.6987015693610414,-0.3362948217714412,0.0,0
3283,1.0,-1.1146265526005077,-0.796895751141444,0.6708930750515975,-0.9889672559700956,-0.3362948217714412,0.0,0
3284,1.0,1.8670977063422654,0.06050304245232018,0.6708930750515975,1.3118008954127092,2.833611433315728,0.0,0
3285,1.0,0.4539550745277547,2.6555633910627794,4.257885295106474,2.0534831180525663,-0.3362948217714412,0.0,0
3286,1.0,-1.0032799280504618,-0.8326207008745176,1.5676411300653166,-0.9545042731118298,-0.3362948217714412,0.0,0
3287,1.0,-0.32498039036062276,-0.6347044793532902,0.6708930750515975,0.8487349003875623,-0.3362948217714412,0.0,0
3288,1.0,-0.17021081363134055,0.35058963428487705,1.5676411300653166,-0.22301532709202262,-0.3362948217714412,0.0,0
3289,1.0,-0.6491128689606162,-0.31675242672893605,2.464389185079036,-1.2413722008475339,-0.3362948217714412,0.0,0
3290,1.0,-0.013611492771175607,-0.17885412075927234,-1.1226030349758407,0.6040962615063526,-0.3362948217714412,0.0,0
3291,1.0,-0.5745842665563771,-0.845481682778424,-1.1226030349758407,-0.8035467003101312,-0.3362948217714412,0.0,0
3292,1.0,-0.7481868194620599,-0.7175863627340208,-0.22585497996212162,1.6404127178781434,-0.3362948217714412,0.0,0
3293,1.0,-0.8423963282496939,-0.7704592883389695,-1.1226030349758407,-0.01817900644148622,-0.3362948217714412,0.0,0
3294,1.0,1.4068501155668651,3.2564570455730766,-1.1226030349758407,-1.265156512960985,-0.3362948217714412,0.0,0
3295,1.0,-0.4794375717504861,-0.55682408893519,-0.22585497996212162,0.15025275485172757,-0.3362948217714412,0.0,0
3296,1.0,-0.7763024000097668,-0.6382769743265976,1.5676411300653166,-0.941884025867958,-0.3362948217714412,0.0,0
3297,1.0,-0.6324220322545172,-0.6168420044867535,1.5676411300653166,-0.5288136256935346,-0.3362948217714412,0.0,0
3298,1.0,0.792189971307233,0.2648497549255007,-0.22585497996212162,-0.5540541201812786,-0.3362948217714412,0.0,1
3299,1.0,-1.0740597863816732,-0.7161573647446978,-0.22585497996212162,0.12889541336209837,-0.3362948217714412,0.0,0
3300,1.0,0.42173372666196973,1.5623799292307305,0.6708930750515975,-1.1947743648701608,-0.3362948217714412,0.0,0
3301,1.0,-0.5336604770924925,-0.6647134371290719,-1.1226030349758407,-0.36086725852508533,-0.3362948217714412,0.0,0
3302,1.0,0.1825727803839353,-0.5196701412127935,-0.22585497996212162,-0.6686071336256544,-0.3362948217714412,1.0,0
3303,1.0,0.3501951939350265,0.01691860377797054,1.5676411300653166,-0.024003735938657775,-0.3362948217714412,0.0,0
3304,1.0,-0.6356352414599694,0.6571097029946477,-0.22585497996212162,2.136000119262498,-0.3362948217714412,0.0,0
3305,1.0,-0.7673321909778794,-0.38534433021643716,2.464389185079036,0.18034719058711465,-0.3362948217714412,0.0,1
3306,1.0,-0.2829855311615874,-0.6247014934280297,-1.1226030349758407,-1.1860372706244033,-0.3362948217714412,0.0,0
3307,1.0,3.0447835080461383,2.912783029140909,1.5676411300653166,-1.3806803146548896,-0.3362948217714412,0.0,0
3308,1.0,-0.3542116685491118,-0.35176287746734813,-1.1226030349758407,-0.7156903637277922,-0.3362948217714412,0.0,0
3309,1.0,1.1153852638889696,-0.47965819751175126,-1.1226030349758407,0.06142563001985988,-0.3362948217714412,0.0,0
3310,1.0,-1.0592879496177192,-0.9219330752072011,-0.22585497996212162,1.850102979776323,-0.3362948217714412,0.0,0
3311,1.0,-0.7109225182599404,0.08765400424945603,-0.22585497996212162,1.436061791352371,-0.3362948217714412,0.0,0
3312,1.0,-0.8930043732355665,-0.7254458516752968,-1.1226030349758407,-0.8171377358035317,-0.3362948217714412,0.0,0
3313,1.0,-0.779024702253275,-0.43535925984274004,-0.22585497996212162,0.5308017486669426,-0.3362948217714412,0.0,0
3314,1.0,-0.6969986117029807,-0.6347044793532902,-0.22585497996212162,-0.5919148619128943,-0.3362948217714412,0.0,0
3315,1.0,-1.1286843428743611,-0.9262200691751701,0.6708930750515975,0.3089766336496553,-0.3362948217714412,0.0,0
3316,1.0,-0.7732230745212084,-0.3353294005901342,0.6708930750515975,0.1153043778686977,-0.3362948217714412,0.0,0
3317,1.0,-0.29869455394379835,-0.41821128397086477,-1.1226030349758407,1.3501470312690889,-0.3362948217714412,0.0,0
3318,1.0,-1.1250694825182275,-0.8704891475915755,-0.22585497996212162,0.9220294132269723,-0.3362948217714412,0.0,0
3319,1.0,-0.002811539608405803,-0.5868330467109717,-0.22585497996212162,0.03667052965688037,-0.3362948217714412,0.0,0
3320,1.0,-0.18525041782908225,-0.1902861046738558,2.464389185079036,-0.3249480932925267,-0.3362948217714412,0.0,0
3321,1.0,-0.45283933999424264,-0.3824863342377913,-0.22585497996212162,-0.2846603809370893,-0.3362948217714412,0.0,0
3322,1.0,0.5851164891780893,-0.42749977090146396,-1.1226030349758407,1.7336083898328898,-0.3362948217714412,0.0,0
3323,1.0,-0.6666516358737096,-0.649708958241181,0.6708930750515975,1.2739401536810933,-0.3362948217714412,0.0,0
3324,1.0,-1.0383128339710173,-0.666142435118395,-0.22585497996212162,-1.456401798118121,2.833611433315728,0.0,0
3325,1.0,-0.9169695585595644,-0.14027117504755293,0.6708930750515975,-0.5322113845668849,-0.3362948217714412,0.0,0
3326,1.0,-0.30065818179157466,0.04264056758578341,0.6708930750515975,-0.21039507984815076,2.833611433315728,0.0,0
3327,1.0,-0.8363269330838398,-0.7861782662215219,-1.1226030349758407,0.5142983484249565,-0.3362948217714412,0.0,0
3328,1.0,-0.7854064927585482,-0.8569136666930075,0.6708930750515975,-1.21613170635979,-0.3362948217714412,0.0,0
3329,1.0,-0.2608947178741034,-0.0009438710885662301,-0.22585497996212162,0.9016428599868715,-0.3362948217714412,0.0,0
3330,1.0,-0.05899807279818839,0.32629666846638716,-1.1226030349758407,1.8447636444039153,-0.3362948217714412,0.0,0
3331,1.0,0.5885528379116981,2.5212375800664235,1.5676411300653166,0.4526532945798895,-0.3362948217714412,0.0,0
3332,1.0,-0.6841457748811718,-0.5718285678230809,1.5676411300653166,-1.5947391236759478,2.833611433315728,0.0,0
3333,1.0,0.17431661784214822,-0.22386755742294495,-1.1226030349758407,0.4293543765912028,-0.3362948217714412,0.0,0
3334,1.0,-1.3345082436458289,-0.9676610108655354,0.6708930750515975,-0.006529547447142843,-0.3362948217714412,0.0,0
3335,1.0,1.5829072032822686,0.02692158970323101,-1.1226030349758407,1.1822006641006395,-0.3362948217714412,0.0,0
3336,1.0,-1.239852455801882,-0.9419390470577225,-1.1226030349758407,0.1968505908291008,-0.3362948217714412,0.0,0
3337,1.0,-0.08323102555597398,-0.6111260125294617,1.5676411300653166,0.5803119493929016,-0.3362948217714412,0.0,0
3338,1.0,-0.3917883650906503,-0.24173003228948162,-0.22585497996212162,1.286560400924965,-0.3362948217714412,0.0,0
3339,1.0,0.3865669370245204,-0.08525475245861974,-0.22585497996212162,0.03521434728258735,2.833611433315728,0.0,0
3340,1.0,1.8051988012316789,1.5702394181720067,-0.22585497996212162,-0.06914538954173799,-0.3362948217714412,0.0,1
3341,1.0,-0.09295990898359324,-0.24101553329482023,0.6708930750515975,-0.7467555877127076,-0.3362948217714412,1.0,0
3342,1.0,1.0932944506014854,0.3255821694717256,-0.22585497996212162,1.6773026713602301,-0.3362948217714412,0.0,0
3343,1.0,-0.9690503244312694,-0.8040407410880587,1.5676411300653166,0.6710806507238268,-0.3362948217714412,0.0,0
3344,1.0,-1.2838555707543249,-0.9748060008121501,0.6708930750515975,-0.18224222061182122,-0.3362948217714412,0.0,0
3345,1.0,0.7806759716543623,1.6552647985367215,-0.22585497996212162,0.3599430167499073,2.833611433315728,0.0,0
3346,1.0,0.5564653737628071,-0.50823815729821,-1.1226030349758407,-1.3282577491803447,-0.3362948217714412,0.0,0
3347,1.0,-0.7993750272211392,-0.35533537244065544,-0.22585497996212162,1.0380386090456413,-0.3362948217714412,0.0,0
3348,1.0,-0.8888093501062261,-0.7876072642108449,-0.22585497996212162,1.4040257791179267,-0.3362948217714412,0.0,0
3349,1.0,-0.42619648033236796,0.4156090427990708,-1.1226030349758407,-0.6064766856558235,-0.3362948217714412,0.0,0
3350,1.0,-0.5878387545288675,-0.4696552115864907,-0.22585497996212162,-0.7593758349565795,2.833611433315728,0.0,0
3351,1.0,-0.6096171724769326,-0.15670465192476674,-0.22585497996212162,-1.094783175168714,-0.3362948217714412,0.0,0
3352,1.0,-0.24960385774938917,-0.5525370949672213,0.6708930750515975,0.8992158893630497,2.833611433315728,0.0,0
3353,1.0,-0.7851387253247606,-0.5289586281433927,0.6708930750515975,0.5443927841603433,-0.3362948217714412,0.0,0
3354,1.0,-0.4736359440184196,0.24198578709633364,-0.22585497996212162,1.6185699822637494,-0.3362948217714412,0.0,0
3355,1.0,-0.6939639141200535,-0.5875475457056333,-0.22585497996212162,0.49245561281056244,-0.3362948217714412,0.0,0
3356,1.0,0.1997991519576098,-0.22601105440692934,-1.1226030349758407,0.7759257816729165,-0.3362948217714412,0.0,0
3357,1.0,1.3794485815092588,0.8000095019269419,1.5676411300653166,-1.268068877709571,-0.3362948217714412,0.0,0
3358,1.0,0.18127857112062806,-0.6032665235881856,1.5676411300653166,-0.09778364290283205,-0.3362948217714412,0.0,0
3359,1.0,0.49322763148328197,0.12552245096651393,1.5676411300653166,0.7914583936653741,-0.3362948217714412,1.0,0
3360,1.0,-0.6938746583087909,-0.4925191794156577,-0.22585497996212162,0.3114036042734768,2.833611433315728,0.0,0
3361,1.0,-0.9913196493412785,-0.7211588577073281,-1.1226030349758407,-1.128275369777451,-0.3362948217714412,0.0,1
3362,1.0,1.23003435345573,0.2848557267760219,-0.22585497996212162,-0.21864677996914383,-0.3362948217714412,0.0,0
3363,1.0,-0.0045966558336569385,-0.41035179502958863,-1.1226030349758407,-1.370487038034839,-0.3362948217714412,0.0,0
3364,1.0,-0.5773511967055165,-0.7890362622001679,0.6708930750515975,-1.06614492180762,-0.3362948217714412,0.0,0
3365,1.0,-1.0491574150394185,-0.7711737873336311,-1.1226030349758407,1.0326992736732339,-0.3362948217714412,0.0,0
3366,1.0,-0.875287094699948,-0.7032963828407914,-1.1226030349758407,0.2783968037895042,2.833611433315728,0.0,0
3367,1.0,-0.13267874499543317,-0.3003189498517222,-0.22585497996212162,0.83611465314369,2.833611433315728,0.0,0
3368,1.0,0.654334370812206,1.155830001268354,0.6708930750515975,0.03084580015970882,-0.3362948217714412,0.0,0
3369,1.0,-0.00017849317616008552,0.49420393221183256,-1.1226030349758407,-0.23126702721301598,-0.3362948217714412,0.0,0
3370,1.0,-1.229855804940475,-0.9376520530897535,2.464389185079036,-1.434073668378963,-0.3362948217714412,1.0,0
3371,1.0,-1.1079323667558156,-0.7883217632055063,0.6708930750515975,1.0564835857866843,-0.3362948217714412,0.0,1
3372,1.0,-0.911658837789442,-0.8990691073780342,-1.1226030349758407,-0.29242668693331836,-0.3362948217714412,0.0,0
3373,1.0,-0.1787793715125463,-0.04095581478960852,1.5676411300653166,1.5336260104299961,2.833611433315728,0.0,0
3374,1.0,-0.6724532636057762,-0.5103816542821945,1.5676411300653166,-0.5705575204232648,-0.3362948217714412,0.0,0
3375,1.0,-0.561240522772624,-0.6004085276095397,-0.22585497996212162,1.0734723801534354,-0.3362948217714412,0.0,0
3376,1.0,0.4680128648016081,0.41132204883110207,-1.1226030349758407,0.8827124891210636,-0.3362948217714412,0.0,0
3377,1.0,-0.29414250756940763,0.07622202033487258,0.6708930750515975,-0.10991849602193969,-0.3362948217714412,0.0,0
3378,1.0,1.9640295173734077,3.2850370053595346,0.6708930750515975,-1.7568607613472256,-0.3362948217714412,0.0,0
3379,1.0,-1.2990736865745918,-0.976234998801473,-1.1226030349758407,0.32645082214117016,-0.3362948217714412,0.0,0
3380,1.0,-0.8407450957413366,-0.7811767732588916,1.5676411300653166,-0.8117984004311244,-0.3362948217714412,0.0,0
3381,1.0,-0.6607161244247494,-0.36533835836591605,-1.1226030349758407,-1.9350004051357255,-0.3362948217714412,0.0,0
3382,1.0,-0.38277352815313165,0.09837148916937809,0.6708930750515975,-0.6254070565216314,-0.3362948217714412,0.0,0
3383,1.0,-0.4796160833730112,-0.42321277693349507,-0.22585497996212162,0.8099033704064178,-0.3362948217714412,0.0,0
3384,1.0,-0.8555615604109219,-0.7154428657500365,-0.22585497996212162,1.920485127867147,-0.3362948217714412,0.0,0
3385,1.0,-0.1540108838871856,0.21912181926716653,-1.1226030349758407,1.4637292564639366,-0.3362948217714412,0.0,1
3386,1.0,0.8861317126610794,-0.025951335901717706,0.6708930750515975,-0.2293254507139587,-0.3362948217714412,0.0,0
3387,1.0,0.6572798125838707,-0.14455816901552168,-1.1226030349758407,0.593417590761538,-0.3362948217714412,0.0,0
3388,1.0,0.8182080402902697,-0.08739824944260412,-1.1226030349758407,-0.7710252939509227,-0.3362948217714412,1.0,0
3389,1.0,1.0427756614268755,1.7138537160989622,-1.1226030349758407,-0.6181261446501668,-0.3362948217714412,0.0,0
3390,1.0,2.1947557894871306,0.5263563869715988,-0.22585497996212162,-1.0399336390703475,-0.3362948217714412,0.0,0
3391,1.0,0.3365836827174858,0.4384730106282379,1.5676411300653166,0.7667032933023946,-0.3362948217714412,0.0,0
3392,1.0,-0.4366394102500877,-0.05810379066148389,-0.22585497996212162,2.2665711388240966,-0.3362948217714412,0.0,0
3393,1.0,-0.2223362074086767,-0.2374430383215129,-1.1226030349758407,-0.4589168717274749,-0.3362948217714412,0.0,0
3394,1.0,-0.8712259552875015,-0.4575087286772456,-1.1226030349758407,-0.9535334848623014,-0.3362948217714412,0.0,0
3395,1.0,0.1545018277418595,-0.3281844106435195,-1.1226030349758407,-1.418055662261741,-0.3362948217714412,0.0,0
3396,1.0,0.06645096993134238,-0.3610513643979472,-1.1226030349758407,0.14491341947932027,-0.3362948217714412,0.0,0
3397,1.0,1.6095054350385118,1.587387394043882,-1.1226030349758407,0.8108741586559464,-0.3362948217714412,1.0,0
3398,1.0,-0.44195013102021014,-0.2588780081613569,0.6708930750515975,-1.9350004051357255,-0.3362948217714412,0.0,0
3399,1.0,0.2130536399301001,0.9279048219713448,-1.1226030349758407,-1.4617411334905281,-0.3362948217714412,0.0,0
3400,1.0,-0.7650115398850528,-0.7711737873336311,0.6708930750515975,-0.8404366537922183,-0.3362948217714412,0.0,0
3401,1.0,-1.043355787307352,-0.8933531154207426,-0.22585497996212162,-1.0307111506998259,-0.3362948217714412,0.0,0
3402,1.0,0.6051990467121657,-0.07025027357072874,-1.1226030349758407,-0.8899468545181775,-0.3362948217714412,1.0,0
3403,1.0,0.244337801777628,0.10694547710531578,0.6708930750515975,-1.1559428348890164,-0.3362948217714412,0.0,0
3404,1.0,-0.3363158783909682,-0.328898909638181,-1.1226030349758407,0.4167341293473309,2.833611433315728,0.0,0
3405,1.0,-0.5631148948091379,-0.23815753731617428,-0.22585497996212162,-1.1928327883711036,-0.3362948217714412,0.0,0
3406,1.0,-0.7289075642293465,-0.795466753152121,0.6708930750515975,-1.7374449963566534,-0.3362948217714412,0.0,0
3407,1.0,-0.3190895068172937,-0.4517927367199539,2.464389185079036,0.668653680100005,-0.3362948217714412,0.0,0
3408,1.0,-0.256878206367288,-0.0016583700832276216,-1.1226030349758407,-0.2521389745778809,-0.3362948217714412,0.0,0
3409,1.0,0.4166461454200038,-0.4146387889975574,-0.22585497996212162,-0.46813936009799645,-0.3362948217714412,0.0,0
3410,1.0,2.970433417264424,3.2164451018720337,0.6708930750515975,-1.0899292339210709,2.833611433315728,0.0,0
3411,1.0,0.019859436452285096,-0.00951785902450392,0.6708930750515975,-1.0913854162953638,-0.3362948217714412,0.0,0
3412,1.0,-0.5210754077044711,-0.7018673848514684,1.5676411300653166,0.6705952565990626,-0.3362948217714412,0.0,0
3413,1.0,-0.8818473968277463,-0.7883217632055063,1.5676411300653166,1.282677247926851,-0.3362948217714412,0.0,0
3414,1.0,1.454601974592336,0.008344615842032851,-1.1226030349758407,-0.4511505657312458,-0.3362948217714412,0.0,0
3415,1.0,-0.966461905904655,-0.8590571636769919,-1.1226030349758407,1.5909025171521844,-0.3362948217714412,0.0,0
3416,1.0,-0.6969986117029807,0.10980347308396174,1.5676411300653166,1.0545420092876274,-0.3362948217714412,0.0,0
3417,1.0,-0.18118927841663557,-0.5311021251273771,-0.22585497996212162,-0.5768676440452009,-0.3362948217714412,0.0,0
3418,1.0,-0.9993080444492777,-0.7833202702428761,-1.1226030349758407,-0.6491913686350821,-0.3362948217714412,0.0,0
3419,1.0,-1.3345082436458289,-0.9405100490683995,-1.1226030349758407,0.7438897694384721,-0.3362948217714412,0.0,0
3420,1.0,-1.2461896184015238,-0.9555145279562903,-1.1226030349758407,-0.18030064411276395,-0.3362948217714412,0.0,0
3421,1.0,-0.365190133334407,-0.11383471224507857,0.6708930750515975,0.5142983484249565,-0.3362948217714412,0.0,0
3422,1.0,-0.7061473323573932,-0.7976102501361054,0.6708930750515975,0.9618317314576452,-0.3362948217714412,1.0,0
3423,1.0,2.0194573761674586,1.6745562713925815,-1.1226030349758407,-0.7190881226011422,-0.3362948217714412,1.0,0
3424,1.0,-0.10317969937315642,-0.47394220555445943,0.6708930750515975,0.5016781011810842,2.833611433315728,0.0,0
3425,1.0,1.4118038130919375,0.3856000850232892,0.6708930750515975,0.28227995678761847,-0.3362948217714412,0.0,0
3426,1.0,-0.28155743818138645,-0.5739720648070652,1.5676411300653166,-1.1782709646281744,-0.3362948217714412,0.0,0
3427,1.0,-0.0973334437354586,-0.17599612478062637,-1.1226030349758407,0.4895432480619767,-0.3362948217714412,0.0,0
3428,1.0,0.04552048219027163,-0.6668569341130565,-0.22585497996212162,-0.7365623110926571,2.833611433315728,0.0,0
3429,1.0,-1.0836547860923988,-0.8047552400827201,0.6708930750515975,-0.7249128520983138,-0.3362948217714412,0.0,0
3430,1.0,-1.2014724569589803,-0.7290183466486042,0.6708930750515975,-1.0554662510628052,-0.3362948217714412,0.0,0
3431,1.0,-0.010398283565723511,0.38845808100193496,1.5676411300653166,-1.1748732057548243,-0.3362948217714412,0.0,0
3432,1.0,0.7597454839132916,1.205844930894657,-0.22585497996212162,0.6375884561150897,-0.3362948217714412,0.0,0
3433,1.0,-0.934374441755764,-0.8597716626716534,-0.22585497996212162,-0.4632854188503534,-0.3362948217714412,1.0,0
3434,1.0,-0.91960260499181,-0.5832605517376644,-1.1226030349758407,0.43663528846266736,-0.3362948217714412,0.0,1
3435,1.0,-1.1590759466092635,-0.7811767732588916,-0.22585497996212162,0.1153043778686977,-0.3362948217714412,0.0,0
3436,1.0,1.606693876983741,3.522965170581805,0.6708930750515975,0.3910082407348229,-0.3362948217714412,0.0,0
3437,1.0,0.27611287058710005,1.108673067620697,0.6708930750515975,1.5899317289026553,-0.3362948217714412,0.0,0
3438,1.0,2.1084007920906016,1.801737092442323,0.6708930750515975,0.1711247022165928,-0.3362948217714412,0.0,1
3439,1.0,-0.03467586422914033,-0.4517927367199539,-0.22585497996212162,0.6303075442436249,2.833611433315728,0.0,0
3440,1.0,-0.19444376638912614,0.35559112724750735,-1.1226030349758407,-0.38416617651377183,-0.3362948217714412,0.0,0
3441,1.0,-0.8685036530439932,-0.6897209019422235,-0.22585497996212162,0.45993420645135413,-0.3362948217714412,0.0,0
3442,1.0,3.782259648603056,1.7295726939815144,2.464389185079036,1.438974156100957,-0.3362948217714412,0.0,0
3443,1.0,-0.9065266286418446,-0.8419091878051166,-0.22585497996212162,0.49439718930961946,-0.3362948217714412,0.0,0
3444,1.0,-0.7786230511025934,-0.30889293778765986,2.464389185079036,0.8628113300057272,-0.3362948217714412,0.0,0
3445,1.0,-0.4681020837201408,0.029779585681876976,-0.22585497996212162,0.17258088459088555,-0.3362948217714412,0.0,0
3446,1.0,-0.36876036578490934,-0.2910304629211231,0.6708930750515975,0.08715151863236817,-0.3362948217714412,0.0,0
3447,1.0,0.15459108355312223,0.17768087757680126,-0.22585497996212162,-1.737930390481418,-0.3362948217714412,0.0,0
3448,1.0,-0.005578469757545241,-0.7418793285525108,-0.22585497996212162,-0.20408495622621495,-0.3362948217714412,0.0,0
3449,1.0,1.6821596654062374,2.2711629319349087,0.6708930750515975,-1.300590284068779,-0.3362948217714412,0.0,0
3450,1.0,2.834541444617173,1.5152229955830736,-1.1226030349758407,-0.914701954881157,2.833611433315728,0.0,0
3451,1.0,0.16664061807356803,0.30843419359985036,-1.1226030349758407,-0.7511241348355863,-0.3362948217714412,0.0,0
3452,1.0,-0.9781097892744193,-0.4803726965064127,0.6708930750515975,1.3423807252728601,2.833611433315728,0.0,0
3453,1.0,-0.510543221975489,-0.3967763141310207,-1.1226030349758407,1.1647264756091242,-0.3362948217714412,0.0,0
3454,1.0,0.852571527626356,0.2998602056639127,-0.22585497996212162,0.6332199089922109,-0.3362948217714412,0.0,0
3455,1.0,-0.2449625555637361,-0.30889293778765986,-1.1226030349758407,0.9030990423611643,-0.3362948217714412,0.0,0
3456,1.0,3.660916373191603,6.488850497421567,-0.22585497996212162,-1.1239068226545723,-0.3362948217714412,0.0,0
3457,1.0,-1.2088360613881417,-0.8083277350560275,-0.22585497996212162,-1.098180934042064,-0.3362948217714412,0.0,0
3458,1.0,-0.998236974714127,-0.7640287973870163,0.6708930750515975,-0.7263690344726067,-0.3362948217714412,0.0,0
3459,1.0,0.0011157160871468994,-0.30103344884638367,-1.1226030349758407,-1.06274716293427,2.833611433315728,0.0,0
3460,1.0,-0.0744393281466115,0.028350587692553993,-1.1226030349758407,-0.5273574433192418,-0.3362948217714412,0.0,0
3461,1.0,-0.15726872099826894,-0.6318464833746443,-0.22585497996212162,-0.7414162523403002,2.833611433315728,0.0,1
3462,1.0,-0.1468257910805493,-0.6397059723159206,-1.1226030349758407,-0.3453346465326274,-0.3362948217714412,0.0,0
3463,1.0,-0.5076870360150869,-0.10883321928244824,0.6708930750515975,-0.6564722805065467,-0.3362948217714412,0.0,0
3464,1.0,-0.3686711099736469,-0.2274400523962523,-1.1226030349758407,1.856413103398259,-0.3362948217714412,0.0,0
3465,1.0,0.4816243760191488,-0.35747886942463986,0.6708930750515975,0.7477729224365867,-0.3362948217714412,0.0,0
3466,1.0,-0.2953920889270835,0.3377286523809706,-0.22585497996212162,0.4672151183228187,-0.3362948217714412,0.0,0
3467,1.0,-1.232221083938933,-0.9669465118708738,-0.22585497996212162,0.6434131856122614,-0.3362948217714412,0.0,0
3468,1.0,4.978599914860803,2.429781708749755,1.5676411300653166,0.9560070019604736,-0.3362948217714412,0.0,0
3469,1.0,-0.7984378412028822,-0.436788257832063,-0.22585497996212162,-0.6875375044914623,-0.3362948217714412,0.0,0
3470,1.0,-1.057502833392468,-0.6704294290863638,-0.22585497996212162,-0.43901571261213845,2.833611433315728,0.0,0
3471,1.0,1.952470889814906,2.538385555938299,0.6708930750515975,-0.7642297762042225,-0.3362948217714412,0.0,0
3472,1.0,-0.37706115623232767,-0.6947223949048537,-1.1226030349758407,-1.5947391236759478,-0.3362948217714412,0.0,0
3473,1.0,0.536115048794943,-0.1438436700208603,-0.22585497996212162,-1.032652727198883,-0.3362948217714412,0.0,0
3474,1.0,0.9912304304227458,-0.048815303730884815,-1.1226030349758407,1.423926938233263,-0.3362948217714412,0.0,0
3475,1.0,-0.9040274659264931,-0.8683456506075911,0.6708930750515975,-1.0122661739587822,-0.3362948217714412,0.0,0
3476,1.0,-0.9187100468791843,-0.6597119441664417,-1.1226030349758407,-0.5579372731793929,-0.3362948217714412,0.0,0
3477,1.0,0.3744281466928121,-0.3846298312217757,-1.1226030349758407,0.3215968808935271,-0.3362948217714412,0.0,0
3478,1.0,-0.7073522858094379,-0.6668569341130565,1.5676411300653166,0.21044162632250146,-0.3362948217714412,0.0,0
3479,1.0,-1.1523817607645714,-0.7676012923603237,-1.1226030349758407,0.6720514389733554,-0.3362948217714412,0.0,0
3480,1.0,-0.1424522563286837,-0.12383769817033904,1.5676411300653166,-0.41862915937203743,-0.3362948217714412,0.0,0
3481,1.0,0.09135334127359708,0.40846405285245607,0.6708930750515975,-1.5457143170747532,-0.3362948217714412,0.0,1
3482,1.0,0.10965078258242236,1.9803618411076909,-1.1226030349758407,1.0637644976581493,2.833611433315728,0.0,0
3483,1.0,-0.4930937108736581,-0.701152885856807,-0.22585497996212162,0.31480136314682705,-0.3362948217714412,0.0,0
3484,1.0,-0.4275353175013064,-0.7783187772802458,-0.22585497996212162,-0.9821717382233953,-0.3362948217714412,0.0,0
3485,1.0,0.4947449802747454,-0.2674519960972946,-1.1226030349758407,0.29926875115436913,-0.3362948217714412,0.0,0
3486,1.0,1.7776187555515475,1.349459228821612,-0.22585497996212162,0.1313223839859199,-0.3362948217714412,0.0,0
3487,1.0,-0.8049981433306805,-0.8204742179652724,0.6708930750515975,1.8593254681468445,2.833611433315728,0.0,0
3488,1.0,1.5820146451696429,0.6678271879145697,-1.1226030349758407,0.6239974206216891,-0.3362948217714412,0.0,0
3489,1.0,-1.0535309497912841,-0.9105010912926177,1.5676411300653166,-0.3589256820260281,-0.3362948217714412,0.0,0
3490,1.0,-0.5114804079937458,0.7099826285995966,-0.22585497996212162,0.038612106155937645,-0.3362948217714412,0.0,0
3491,1.0,-0.8110229105909034,-0.6168420044867535,1.5676411300653166,-0.9535334848623014,-0.3362948217714412,0.0,0
3492,1.0,-0.9676668593566996,-0.35176287746734813,0.6708930750515975,-1.6379392007799711,-0.3362948217714412,0.0,0
3493,1.0,-1.1413140401680137,-0.6325609823693059,-1.1226030349758407,0.16529997271942098,-0.3362948217714412,1.0,0
3494,1.0,2.193997115091398,0.8786043913397036,-1.1226030349758407,0.5414804194117572,-0.3362948217714412,0.0,0
3495,1.0,2.373267412012254,1.8131690763569062,-0.22585497996212162,0.1958798025795723,-0.3362948217714412,0.0,0
3496,1.0,0.14325559552277678,0.12766594795049832,-0.22585497996212162,1.2084119468379118,-0.3362948217714412,0.0,0
3497,1.0,-0.389824737242874,-0.5768300607857112,-0.22585497996212162,-0.12108256089151881,-0.3362948217714412,0.0,0
3498,1.0,0.6629475565990433,-0.3110364347716442,-1.1226030349758407,-1.5748379645606114,-0.3362948217714412,0.0,0
3499,1.0,-0.1896685804865791,1.0365086691598886,0.6708930750515975,0.5322579310412353,-0.3362948217714412,0.0,0
3500,1.0,0.4581500976570951,0.5463623588221199,0.6708930750515975,-1.5282401285832383,-0.3362948217714412,0.0,0
3501,1.0,-0.5715049410678187,-0.8740616425648828,-0.22585497996212162,-1.048670733316105,-0.3362948217714412,0.0,0
3502,1.0,-0.7523818425914003,-0.01023235801916531,0.6708930750515975,-0.2526243687026452,-0.3362948217714412,1.0,0
3503,1.0,-1.0935175532369117,-0.9083575943086334,-0.22585497996212162,2.368018510899836,2.833611433315728,0.0,1
3504,1.0,1.213165005127106,-0.34890488148870213,-0.22585497996212162,0.83611465314369,-0.3362948217714412,0.0,0
3505,1.0,0.0262412269575583,-0.27674048302789367,2.464389185079036,-0.2914558986837896,2.833611433315728,0.0,0
3506,1.0,-1.2205285726635373,-0.9105010912926177,-1.1226030349758407,0.6288513618693321,-0.3362948217714412,0.0,0
3507,1.0,-0.26151950855294126,0.21483482529919778,-0.22585497996212162,0.6055524438806454,-0.3362948217714412,0.0,0
3508,1.0,-0.649693031733823,0.09265549721208637,0.6708930750515975,-1.6398807772790283,-0.3362948217714412,1.0,0
3509,1.0,-0.8058014456320436,-0.4760857025384439,-0.22585497996212162,-0.639483486139796,-0.3362948217714412,0.0,0
3510,1.0,5.344905764282358,3.0006664054842695,0.6708930750515975,-0.4540629304798318,-0.3362948217714412,0.0,0
3511,1.0,-0.8670309321581611,-0.41749678497620335,-1.1226030349758407,-0.9695514909795234,-0.3362948217714412,0.0,0
3512,1.0,-0.9954254166593562,-0.710441372787406,0.6708930750515975,0.6472963386103758,2.833611433315728,0.0,0
3513,1.0,-0.8579714673150111,-0.6139840085081076,-0.22585497996212162,0.7637909285538091,-0.3362948217714412,0.0,0
3514,1.0,-1.0455425546832848,-0.6847194089795933,-0.22585497996212162,-0.008471123946200117,-0.3362948217714412,0.0,0
3515,1.0,-0.4613632699698173,-0.13669868007424557,-0.22585497996212162,-1.158369805512838,-0.3362948217714412,0.0,1
3516,1.0,0.18739259419211357,-0.4710842095758136,-1.1226030349758407,0.13180777811068414,-0.3362948217714412,0.0,0
3517,1.0,-1.026977345940672,-0.7533113124670944,0.6708930750515975,1.8525299504001445,-0.3362948217714412,0.0,1
3518,1.0,0.7070845552683803,2.22329149929259,-1.1226030349758407,1.0564835857866843,-0.3362948217714412,0.0,0
3519,1.0,0.2896797538990096,-0.22243855943362198,-1.1226030349758407,-1.1564282290137808,-0.3362948217714412,0.0,0
3520,1.0,1.7541444771894936,1.572382915155991,3.361137240092755,-1.0544954628132768,-0.3362948217714412,0.0,0
3521,1.0,2.018252422715414,0.5563653447473806,0.6708930750515975,-1.8752969277897162,-0.3362948217714412,0.0,0
3522,1.0,0.6266650693208119,2.3997727509739737,-0.22585497996212162,1.770983737439741,-0.3362948217714412,0.0,1
3523,1.0,-0.27490788024232554,-0.4239272759281566,0.6708930750515975,-1.4568871922428852,2.833611433315728,0.0,0
3524,1.0,0.44672535381548717,0.9379078078966054,0.6708930750515975,1.334129025151867,-0.3362948217714412,0.0,0
3525,1.0,0.5178176074861177,1.1686909831722603,-0.22585497996212162,0.5016781011810842,-0.3362948217714412,0.0,1
3526,1.0,0.09501282953536208,-0.09311424139989584,-1.1226030349758407,-0.5924002560376586,-0.3362948217714412,0.0,0
3527,1.0,-0.8932275127637229,-0.8290482059012102,0.6708930750515975,0.4541094769541826,-0.3362948217714412,0.0,0
3528,1.0,-0.16681909280336324,-0.46751171460250623,-0.22585497996212162,0.029875011910180046,-0.3362948217714412,0.0,0
3529,1.0,0.1832421989684044,0.27199474487211545,-0.22585497996212162,-0.5647327909260933,-0.3362948217714412,0.0,0
3530,1.0,0.0653799001961916,-0.3739123463018536,-1.1226030349758407,0.36479695799755035,-0.3362948217714412,1.0,0
3531,1.0,-0.5084457104108188,-0.5696850708390965,-0.22585497996212162,-0.7666567468280441,-0.3362948217714412,1.0,0
3532,1.0,-0.09983260645081035,-0.30317694583036814,-1.1226030349758407,-0.4331909831149666,-0.3362948217714412,0.0,0
3533,1.0,2.4535976421485595,-0.014519351987134254,-1.1226030349758407,-0.5225035020715988,-0.3362948217714412,0.0,0
3534,1.0,-0.6578599384643473,0.4313280206816232,0.6708930750515975,0.7157369102021428,-0.3362948217714412,0.0,0
3535,1.0,1.0948117993929491,1.7238567020242226,-1.1226030349758407,-0.8593670246580263,-0.3362948217714412,0.0,0
3536,1.0,0.31440361361873925,0.21126233032589042,-0.22585497996212162,0.19830677320339382,-0.3362948217714412,0.0,0
3537,1.0,2.5354452210763285,1.9339194064546947,-0.22585497996212162,-1.2836014897020287,-0.3362948217714412,0.0,0
3538,1.0,-0.5318753608672412,-0.23244154535888253,1.5676411300653166,0.34441040475744966,-0.3362948217714412,0.0,0
3539,1.0,-1.2296772933179498,-0.9455115420310298,-1.1226030349758407,1.7627320373187483,-0.3362948217714412,0.0,0
3540,1.0,0.8940308519578161,0.15553140874229576,-1.1226030349758407,-0.422512312370152,-0.3362948217714412,0.0,0
3541,1.0,-0.21425855648941486,-0.10740422129312525,0.6708930750515975,-1.6592965422696004,-0.3362948217714412,0.0,0
3542,1.0,-0.5184423612722255,0.9286193209660066,-1.1226030349758407,-0.12399492564010459,-0.3362948217714412,0.0,0
3543,1.0,0.22055112807615534,0.5306433809395675,-0.22585497996212162,-0.4759056660942256,-0.3362948217714412,0.0,0
3544,1.0,-0.6435790086623374,-0.5632545798871433,-1.1226030349758407,0.5322579310412353,-0.3362948217714412,0.0,1
3545,1.0,0.21635610494681493,-0.643278467289228,0.6708930750515975,-0.6438520332626748,-0.3362948217714412,0.0,0
3546,1.0,-0.7978130505240444,-0.6411349703052435,-0.22585497996212162,-0.6487059745103179,-0.3362948217714412,0.0,0
3547,1.0,0.689233393015868,0.4399020086175609,-0.22585497996212162,-0.2501973980788237,-0.3362948217714412,0.0,0
3548,1.0,3.686889814269009,2.336896839443764,1.5676411300653166,-0.5593934555536859,2.833611433315728,0.0,0
3549,1.0,0.7452860424887565,2.4469296846216304,0.6708930750515975,-0.5186203490734843,-0.3362948217714412,0.0,0
3550,1.0,-1.1822824575375295,-0.9126445882766021,-0.22585497996212162,-1.1049764517887644,-0.3362948217714412,0.0,0
3551,1.0,0.7414034146988353,-0.21172107451369993,-0.22585497996212162,-1.3612645496643174,-0.3362948217714412,0.0,0
3552,1.0,-0.6026552191984528,-0.7340198396112346,-0.22585497996212162,0.1711247022165928,-0.3362948217714412,0.0,0
3553,1.0,-0.9530289063096393,-0.7897507611948292,-0.22585497996212162,-0.05749593054739489,-0.3362948217714412,0.0,0
3554,1.0,-0.4423964100765229,-0.43250126386409415,-0.22585497996212162,-0.7224858814744923,-0.3362948217714412,0.0,1
3555,1.0,1.5978129237631162,1.4444875951115879,-1.1226030349758407,0.5240062309202426,-0.3362948217714412,0.0,0
3556,1.0,-1.0031460443335678,-0.8083277350560275,0.6708930750515975,-0.5035731312057908,-0.3362948217714412,0.0,0
3557,1.0,0.6715607423858805,1.0929540897381445,-1.1226030349758407,-1.2282665594788977,-0.3362948217714412,1.0,0
3558,1.0,-0.09617311818904534,-0.42821426989612543,1.5676411300653166,0.16190221384607095,-0.3362948217714412,0.0,0
3559,1.0,-0.14637951202423638,-0.5239571351807624,-0.22585497996212162,-0.24097490970830207,2.833611433315728,0.0,0
3560,1.0,-0.4859978738782844,-0.19886009260979348,1.5676411300653166,-0.7438432229641216,2.833611433315728,0.0,0
3561,1.0,-0.5319199887728725,-0.2288690503855752,-1.1226030349758407,-1.2151609181102616,-0.3362948217714412,0.0,0
3562,1.0,2.9387029763605836,3.1864361440962523,-1.1226030349758407,-1.2520508715923488,-0.3362948217714412,0.0,1
3563,1.0,-0.04476177090180978,-0.626844990412014,-1.1226030349758407,-0.5773530381699652,-0.3362948217714412,0.0,0
3564,1.0,1.6776522469374782,-0.5525370949672213,-0.22585497996212162,0.7943707584139602,-0.3362948217714412,0.0,1
3565,1.0,0.22247012801830043,1.525225981508334,-0.22585497996212162,-1.5622177173167395,2.833611433315728,0.0,0
3566,1.0,0.03489904065002679,-0.6911498999315463,-1.1226030349758407,-0.38853472363665065,-0.3362948217714412,0.0,0
3567,1.0,-0.01901146935256076,0.48205744930258754,-0.22585497996212162,0.29392941578196186,-0.3362948217714412,0.0,0
3568,1.0,-1.1757221554097315,-0.8447671837837625,-0.22585497996212162,0.7215616396993144,-0.3362948217714412,0.0,0
3569,1.0,-0.9902485796061278,-0.9312215621378005,-1.1226030349758407,-0.20408495622621495,2.833611433315728,0.0,0
3570,1.0,0.8306145980557657,0.6085237713576677,-0.22585497996212162,0.5099298013020777,-0.3362948217714412,0.0,0
3571,1.0,-0.3825503886249752,-0.34961938048336366,-1.1226030349758407,0.7074852100811495,-0.3362948217714412,0.0,0
3572,1.0,-0.613812195606273,-0.2917449619157846,-0.22585497996212162,0.9089237718583358,-0.3362948217714412,0.0,0
3573,1.0,-0.9576255805896614,-0.8347641978585019,2.464389185079036,-0.3700897468956069,-0.3362948217714412,0.0,0
3574,1.0,-0.44181624730331626,-0.533960121106023,-0.22585497996212162,0.21189780869679448,-0.3362948217714412,0.0,0
3575,1.0,0.4417716562904149,0.3170081815357881,-0.22585497996212162,2.416557923376266,-0.3362948217714412,0.0,0
3576,1.0,0.30007805591109793,-0.40177780709365096,-1.1226030349758407,0.9147485013555074,-0.3362948217714412,0.0,0
3577,1.0,-0.4350328056473615,-0.7333053406165732,0.6708930750515975,-1.4238803917589127,-0.3362948217714412,0.0,0
3578,1.0,0.32301679940557654,0.02620709070856962,-0.22585497996212162,1.3603403078891392,2.833611433315728,0.0,0
3579,1.0,-0.23420723030659732,0.1283804469451599,-1.1226030349758407,0.7060290277068567,-0.3362948217714412,0.0,0
3580,1.0,0.9401314784749295,0.7014086406636589,-1.1226030349758407,1.275396336055386,-0.3362948217714412,0.0,0
3581,1.0,1.1861651222201812,1.4816415428339842,-1.1226030349758407,-0.019635188815778977,-0.3362948217714412,0.0,0
3582,1.0,-0.35171250583376007,0.5463623588221199,-1.1226030349758407,0.36625314037184337,-0.3362948217714412,0.0,0
3583,1.0,0.9894899421031259,1.4016176554318998,-1.1226030349758407,0.286163109785733,-0.3362948217714412,0.0,0
3584,1.0,-1.07463994915488,-0.7583128054297246,-0.22585497996212162,0.9055260129849861,-0.3362948217714412,0.0,0
3585,1.0,-0.9557958364587787,-0.6782889180276399,0.6708930750515975,-0.2011725914776289,-0.3362948217714412,0.0,0
3586,1.0,0.5246010491420723,-0.34247439053674894,-0.22585497996212162,-0.8205354946768818,-0.3362948217714412,0.0,0
3587,1.0,-0.8141468639850932,-0.2745969860439093,-1.1226030349758407,-1.0802213514257848,-0.3362948217714412,0.0,0
3588,1.0,-0.21582053318650954,0.6935491517223829,-0.22585497996212162,-0.8045174885596598,-0.3362948217714412,0.0,0
3589,1.0,-1.220171549418487,-0.9026416023513416,-1.1226030349758407,-1.1389540405222658,-0.3362948217714412,1.0,0
3590,1.0,-0.8669416763468986,-0.6247014934280297,-0.22585497996212162,1.3132570777870018,-0.3362948217714412,0.0,0
3591,1.0,-0.22211306788052027,0.043355066580444995,-0.22585497996212162,0.47837918319239753,2.833611433315728,0.0,0
3592,1.0,-0.9446388600509585,-0.7525968134724328,1.5676411300653166,0.48517470093909787,-0.3362948217714412,0.0,0
3593,1.0,0.6316187668458841,-0.3238974166755508,1.5676411300653166,-1.2952509486963717,-0.3362948217714412,1.0,0
3594,1.0,0.5453530252606181,0.5978062864377458,-0.22585497996212162,-0.13224662576109766,-0.3362948217714412,0.0,0
3595,1.0,-0.15851830235594494,1.5066490076471357,-0.22585497996212162,0.8822270949962994,-0.3362948217714412,0.0,0
3596,1.0,-0.3106994605586129,0.24770177905362536,-1.1226030349758407,-0.039536347931115434,-0.3362948217714412,1.0,0
3597,1.0,-0.13843574482186852,-0.17956861975393373,0.6708930750515975,-1.7063797723717378,-0.3362948217714412,0.0,0
3598,1.0,-1.2403879906694575,-0.831906201879856,0.6708930750515975,-0.2657300100712816,-0.3362948217714412,0.0,0
3599,1.0,0.5203613981071007,-0.26173600414000286,-0.22585497996212162,-0.14243990238114804,-0.3362948217714412,0.0,0
3600,1.0,0.40321314582498824,0.6949781497117056,-0.22585497996212162,-0.29339747518284687,-0.3362948217714412,0.0,0
3601,1.0,0.6661161378988644,0.6471067170693873,-0.22585497996212162,-0.2400041214587733,-0.3362948217714412,0.0,0
3602,1.0,2.668347124046284,1.0543711440264254,-1.1226030349758407,-1.253992448091406,-0.3362948217714412,0.0,0
3603,1.0,-0.13767707042613667,-0.42464177492281807,-0.22585497996212162,-0.20602653272527194,2.833611433315728,0.0,0
3604,1.0,2.5779309872373077,3.41864831736123,-1.1226030349758407,-0.039536347931115434,-0.3362948217714412,0.0,1
3605,1.0,-0.8363269330838398,-0.5646835778764662,1.5676411300653166,0.9613463373328809,-0.3362948217714412,0.0,0
3606,1.0,-0.019145353069454484,0.5999497834217302,-1.1226030349758407,-0.17059276161747783,-0.3362948217714412,1.0,0
3607,1.0,-0.12339614062412681,0.8528824275318908,0.6708930750515975,-0.8457759891646257,-0.3362948217714412,0.0,0
3608,1.0,-0.7712594466734322,-0.8333351998691789,0.6708930750515975,-0.31329863429818333,-0.3362948217714412,0.0,0
3609,1.0,-0.9203166514819104,-0.6790034170223014,-1.1226030349758407,-0.43707413611308116,-0.3362948217714412,0.0,0
3610,1.0,-1.2030790615617066,-0.918360580233894,0.6708930750515975,-0.7030701164839199,-0.3362948217714412,0.0,0
3611,1.0,0.16177617635975827,1.0186461942933518,0.6708930750515975,-0.09778364290283205,-0.3362948217714412,0.0,0
3612,1.0,-0.18194795281236742,-0.6732874250650097,1.5676411300653166,2.297636362809012,-0.3362948217714412,0.0,0
3613,1.0,0.23822377870614275,-0.4067793000562813,0.6708930750515975,-0.610359838653938,-0.3362948217714412,0.0,0
3614,1.0,0.1018408990969482,-0.16313514287671993,-0.22585497996212162,-1.2971925251954293,-0.3362948217714412,0.0,0
3615,1.0,1.5468478555321934,0.46490947343071237,-1.1226030349758407,-0.5933710442871873,-0.3362948217714412,0.0,0
3616,1.0,0.984134593427372,-0.3524773764620095,0.6708930750515975,0.1774348258385286,-0.3362948217714412,0.0,0
3617,1.0,-0.9433446507876514,-0.7061543788194373,0.6708930750515975,-0.6729756807485332,-0.3362948217714412,0.0,0
3618,1.0,0.2118486864780556,-0.4153532879922189,-0.22585497996212162,-0.8957715840153491,-0.3362948217714412,0.0,0
3619,1.0,-0.7687602839580804,-0.33032790762750397,-1.1226030349758407,-0.2511681863283524,-0.3362948217714412,0.0,0
3620,1.0,1.8153739637156108,0.6563952039999863,0.6708930750515975,1.1025960276392937,-0.3362948217714412,0.0,0
3621,1.0,0.23077091846571876,1.0122157033413985,-1.1226030349758407,-0.030799253685358102,-0.3362948217714412,0.0,0
3622,1.0,-0.9280372791561221,-0.7611708014083705,-1.1226030349758407,0.61623111462546,-0.3362948217714412,0.0,0
3623,1.0,-0.973289975466241,-0.6475654612571967,-0.22585497996212162,-0.7899556648167306,-0.3362948217714412,0.0,0
3624,1.0,0.31172593928086234,-0.3146089297449516,-1.1226030349758407,1.4312078501047278,-0.3362948217714412,0.0,0
3625,1.0,-0.24982699727754565,-0.2202950624496376,-0.22585497996212162,0.002692940923379009,-0.3362948217714412,0.0,0
3626,1.0,2.996049835096779,2.527668071018377,0.6708930750515975,0.7584515931814012,-0.3362948217714412,0.0,0
3627,1.0,-0.4270890384449935,-0.5782590587750341,-1.1226030349758407,-0.7443286170888861,-0.3362948217714412,0.0,0
3628,1.0,0.40348091325877594,-0.0023728690778892112,-1.1226030349758407,0.8205820411512325,-0.3362948217714412,0.0,0
3629,1.0,-1.2513664554547526,-0.9469405400203527,-0.22585497996212162,1.6491498121239005,-0.3362948217714412,0.0,0
3630,1.0,2.9662383941350843,2.0868221913122493,0.6708930750515975,-0.7074386636067987,-0.3362948217714412,0.0,0
3631,1.0,-0.030034562043487024,-0.2917449619157846,0.6708930750515975,0.020652523539658192,-0.3362948217714412,0.0,0
3632,1.0,0.3363159152836981,-0.21815156546565312,-0.22585497996212162,-0.32834585216587675,-0.3362948217714412,0.0,0
3633,1.0,2.599664777279742,6.1987639055890105,4.257885295106474,-0.6152137799015811,-0.3362948217714412,0.0,1
3634,1.0,-1.3345082436458289,-0.9583725239349363,-1.1226030349758407,-0.37882684114136456,-0.3362948217714412,0.0,0
3635,1.0,0.1935958730748618,-0.016662848971118627,0.6708930750515975,0.20073374382721537,-0.3362948217714412,0.0,0
3636,1.0,-0.45074182842957244,-0.7768897792909228,-0.22585497996212162,0.03230198253400157,-0.3362948217714412,0.0,0
3637,1.0,0.837799690862402,0.06336103843096615,-0.22585497996212162,-0.5132810137010769,-0.3362948217714412,0.0,0
3638,1.0,-1.1728659694493295,-0.9748060008121501,-1.1226030349758407,1.3642234608872537,-0.3362948217714412,0.0,0
3639,1.0,-0.28588634502762067,-0.4789436985170898,1.5676411300653166,-1.1811833293767602,-0.3362948217714412,1.0,0
3640,1.0,0.06149727240627014,0.31415018555714214,-0.22585497996212162,0.22840120893878066,-0.3362948217714412,0.0,0
3641,1.0,1.6201715044843883,2.4147772298618646,-1.1226030349758407,0.7783527522967383,-0.3362948217714412,0.0,0
3642,1.0,-0.039451050131687364,-0.6247014934280297,-1.1226030349758407,-1.7024966193736235,-0.3362948217714412,0.0,0
3643,1.0,-0.9817692775361843,-0.796895751141444,1.5676411300653166,1.4943090863240875,-0.3362948217714412,0.0,0
3644,1.0,-0.9204951631044357,-0.4667972156078447,-1.1226030349758407,-0.3817392058899503,2.833611433315728,0.0,0
3645,1.0,0.5636058386638119,0.6492502140533716,-0.22585497996212162,-1.6486178715247857,-0.3362948217714412,0.0,0
3646,1.0,2.462389339557922,2.4469296846216304,-1.1226030349758407,0.812330341030239,-0.3362948217714412,0.0,0
3647,1.0,-0.9422735810525008,-0.2853144709638314,0.6708930750515975,-1.4549456157438283,-0.3362948217714412,0.0,0
3648,1.0,-1.1783998297476082,-0.9090720933032947,-0.22585497996212162,1.7175903837156674,-0.3362948217714412,0.0,0
3649,1.0,-0.7700991211270188,-0.0809677584906508,-1.1226030349758407,1.4564483445924716,-0.3362948217714412,0.0,0
3650,1.0,0.015530529606050723,1.4001886574425768,-0.22585497996212162,-0.3001929929295472,-0.3362948217714412,0.0,0
3651,1.0,-0.3610397381106978,-0.3832008332324528,-0.22585497996212162,-0.7564634702079936,-0.3362948217714412,0.0,0
3652,1.0,-0.11241767583883179,-0.23101254736955967,-1.1226030349758407,0.5327433251659996,-0.3362948217714412,0.0,0
3653,1.0,0.14646880472822912,0.10408748112666982,-1.1226030349758407,0.8953327363649352,-0.3362948217714412,0.0,0
3654,1.0,-1.1503288771055324,-0.9405100490683995,-0.22585497996212162,0.28130916853808996,-0.3362948217714412,0.0,1
3655,1.0,-0.594265172939772,-0.796895751141444,0.6708930750515975,-0.24582885095594514,-0.3362948217714412,0.0,0
3656,1.0,1.5177504610605983,2.899207548242341,-0.22585497996212162,1.69866001284986,-0.3362948217714412,0.0,0
3657,1.0,-0.652236822354806,-0.8097567330453505,-1.1226030349758407,-1.0578932216866268,-0.3362948217714412,0.0,0
3658,1.0,-0.6888317049724563,-0.5532515939618826,0.6708930750515975,1.6006103996474705,2.833611433315728,0.0,0
3659,1.0,-0.4716723161706432,-0.47965819751175126,-1.1226030349758407,0.16384379034512822,-0.3362948217714412,0.0,0
3660,1.0,-0.138525000633131,-0.3417598915420875,-0.22585497996212162,-0.6453082156369678,-0.3362948217714412,0.0,0
3661,1.0,-0.8021419573702786,-0.6882919039529005,0.6708930750515975,-0.9753762204766951,-0.3362948217714412,0.0,0
3662,1.0,1.6352557365877614,0.4699109663933427,-1.1226030349758407,2.439856841364953,2.833611433315728,0.0,0
3663,1.0,-0.5781991269125109,0.5070649141157391,0.6708930750515975,0.5109005895516061,-0.3362948217714412,0.0,0
3664,1.0,-0.29034913559074876,0.1455284228170351,-0.22585497996212162,-1.124877610904101,-0.3362948217714412,0.0,0
3665,1.0,-0.7937519111115978,-0.27816948101721667,1.5676411300653166,2.1427956370091983,-0.3362948217714412,0.0,0
3666,1.0,-0.7144927507104428,-0.3439033885260719,-1.1226030349758407,-1.5403749817023458,-0.3362948217714412,0.0,0
3667,1.0,0.9363381064962705,0.8028674979055879,-0.22585497996212162,-0.5118248313267839,-0.3362948217714412,0.0,0
3668,1.0,-0.6227824046381605,-0.6718584270756867,-1.1226030349758407,0.810388764531182,-0.3362948217714412,0.0,0
3669,1.0,-0.34376873863139207,-0.023093339923071745,-0.22585497996212162,0.22985739131307367,2.833611433315728,0.0,0
3670,1.0,-0.44288731703846707,0.09622799218539371,-1.1226030349758407,-0.8108276121815957,-0.3362948217714412,0.0,0
3671,1.0,0.30186317213634933,0.6406762261174339,-0.22585497996212162,-0.9190705020040356,-0.3362948217714412,0.0,0
3672,1.0,-0.8561417231841285,-0.856199167698346,-0.22585497996212162,0.5225500485459492,-0.3362948217714412,0.0,0
3673,1.0,0.8323104584697544,0.2998602056639127,-1.1226030349758407,-0.4880405192133332,-0.3362948217714412,0.0,0
3674,1.0,-0.45234843303229866,-0.2881724669424772,-0.22585497996212162,0.38615429948717983,-0.3362948217714412,0.0,0
3675,1.0,-0.09144256019212955,-0.0809677584906508,2.464389185079036,2.623821214650625,-0.3362948217714412,0.0,0
3676,1.0,-0.7842907951177662,-0.6354189783479517,0.6708930750515975,2.3020049099318904,-0.3362948217714412,0.0,0
3677,1.0,-0.5005911990197132,-0.32746991164885814,-1.1226030349758407,-1.3947567442730544,-0.3362948217714412,0.0,0
3678,1.0,0.8503401323447919,1.1586879972470001,-1.1226030349758407,-0.9598436084842373,-0.3362948217714412,0.0,0
3679,1.0,-0.762199981830282,-0.7897507611948292,0.6708930750515975,-0.019635188815778977,-0.3362948217714412,1.0,0
3680,1.0,0.2433113599481087,-0.13812767806356846,0.6708930750515975,-1.6990988605002735,-0.3362948217714412,0.0,0
3681,1.0,-0.7468926101987529,-0.15241765795679788,-1.1226030349758407,0.34246882825839237,-0.3362948217714412,0.0,0
3682,1.0,0.15012829298999414,-0.3610513643979472,-0.22585497996212162,0.26626195067039654,-0.3362948217714412,0.0,0
3683,1.0,0.10375989903909305,-0.2731679880545863,-1.1226030349758407,-1.0559516451875697,-0.3362948217714412,0.0,0
3684,1.0,-1.121990157029669,-0.617556503481415,-1.1226030349758407,-0.1778736734889424,-0.3362948217714412,0.0,0
3685,1.0,3.647840396841638,2.288310907806784,0.6708930750515975,0.18665731420905046,-0.3362948217714412,0.0,0
3686,1.0,-0.5507083370436417,-0.3238974166755508,0.6708930750515975,0.04831998865122375,-0.3362948217714412,0.0,0
3687,1.0,-0.7386810755625971,-0.7604563024137091,-1.1226030349758407,-1.0690572865562058,-0.3362948217714412,0.0,0
3688,1.0,2.2434002066252265,-0.37962833825914544,0.6708930750515975,1.3700481903844253,-0.3362948217714412,0.0,0
3689,1.0,-0.6736582170578207,-0.7090123747980831,0.6708930750515975,-0.6715194983742404,2.833611433315728,0.0,0
3690,1.0,-1.0780316699828574,-0.9105010912926177,-0.22585497996212162,-0.46134384235129644,-0.3362948217714412,0.0,0
3691,1.0,-0.9014836753055099,-0.47394220555445943,-1.1226030349758407,-0.23175242133778023,2.833611433315728,0.0,0
3692,1.0,1.6086575048315177,1.0329361741865812,-1.1226030349758407,-1.430675909505613,-0.3362948217714412,0.0,0
3693,1.0,-0.23322541638270927,-0.5468211030099294,2.464389185079036,0.24975855042841014,-0.3362948217714412,0.0,0
3694,1.0,0.37545458852233166,0.6692561859038927,-1.1226030349758407,-0.9113041960078068,-0.3362948217714412,1.0,0
3695,1.0,3.205354712507487,3.9152251186509517,1.5676411300653166,0.7288425515707787,-0.3362948217714412,0.0,0
3696,1.0,-1.007296439557277,-0.6747164230543325,-1.1226030349758407,0.5045904659296704,-0.3362948217714412,0.0,0
3697,1.0,-0.4841681297474019,-0.13169718711161535,-0.22585497996212162,0.4303251648407315,-0.3362948217714412,0.0,0
3698,1.0,-0.9641412548118283,-0.9040706003406646,-0.22585497996212162,-0.4293078301168523,-0.3362948217714412,0.0,0
3699,1.0,-0.02213542274675038,-0.13669868007424557,-1.1226030349758407,2.0389212943096373,-0.3362948217714412,0.0,0
3700,1.0,1.4778977413318648,1.031507176197258,2.464389185079036,-0.08904654865707445,-0.3362948217714412,0.0,0
3701,1.0,-0.6064485911771117,-0.2667374971026331,-1.1226030349758407,1.896700815753696,-0.3362948217714412,0.0,0
3702,1.0,1.297154723525177,-0.5332456221113615,-0.22585497996212162,-0.7792769940719159,2.833611433315728,0.0,0
3703,1.0,1.1932609592155545,-0.10811872028778685,-1.1226030349758407,-0.3783414470166003,-0.3362948217714412,0.0,0
3704,1.0,-0.22523702127470988,-0.5182411432234707,-0.22585497996212162,-0.5123102254515481,-0.3362948217714412,0.0,0
3705,1.0,0.13205399120932532,-0.4217837789441721,-0.22585497996212162,-0.03856555968158693,-0.3362948217714412,0.0,0
3706,1.0,0.14289857227772662,1.0079287093734297,0.6708930750515975,-0.8418928361665112,-0.3362948217714412,0.0,0
3707,1.0,1.8826282175019513,0.7892920170070198,-0.22585497996212162,1.2035580055902688,-0.3362948217714412,0.0,0
3708,1.0,-1.1895568061554282,-0.9412245480630609,0.6708930750515975,-0.5341529610659419,2.833611433315728,0.0,0
3709,1.0,0.10889210818669051,0.12480795197185254,3.361137240092755,-1.2069092179892684,-0.3362948217714412,0.0,0
3710,1.0,0.1739149666914668,-0.4303577668801098,0.6708930750515975,-0.12350953151534033,-0.3362948217714412,0.0,0
3711,1.0,-1.0656251122173612,-0.8183307209812881,-0.22585497996212162,0.5419658135365215,-0.3362948217714412,0.0,0
3712,1.0,-1.198527015187316,-0.891209618436758,-0.22585497996212162,-0.7530657113346435,-0.3362948217714412,0.0,0
3713,1.0,-0.20948337058686783,-0.7354488376005576,-0.22585497996212162,1.9966920054551431,-0.3362948217714412,0.0,0
3714,1.0,-0.9868122308725191,-0.5196701412127935,-0.22585497996212162,0.0434660474035807,-0.3362948217714412,0.0,0
3715,1.0,0.6563872544712451,1.0136447013307213,-0.22585497996212162,-0.2739817101922747,-0.3362948217714412,0.0,0
3716,1.0,-0.28311941487848125,0.7414205843647012,-1.1226030349758407,-0.4205707358710947,-0.3362948217714412,1.0,0
3717,1.0,0.3606827517583776,-0.520384640207455,1.5676411300653166,0.6837008979676985,2.833611433315728,0.0,1
3718,1.0,0.8638623877510702,1.1722634781455676,-1.1226030349758407,0.6239974206216891,-0.3362948217714412,0.0,0
3719,1.0,0.9311166415374103,3.0871207838383077,-1.1226030349758407,-0.5462878141850496,-0.3362948217714412,0.0,0
3720,1.0,-0.46256822342186193,0.048356559543075134,-0.22585497996212162,0.6938941745877488,-0.3362948217714412,0.0,0
3721,1.0,-0.4083453180798556,0.07693651932953396,-0.22585497996212162,0.7681594756766874,-0.3362948217714412,0.0,0
3722,1.0,1.802655010610696,6.0187101589343195,0.6708930750515975,-1.325830778556523,-0.3362948217714412,0.0,0
3723,1.0,-0.2624120666655668,-0.35747886942463986,1.5676411300653166,-0.4977484017086193,2.833611433315728,0.0,0
3724,1.0,-0.5330356864136545,0.196972350432661,-0.22585497996212162,-1.7825866499597338,-0.3362948217714412,0.0,0
3725,1.0,-0.2034586033266448,-0.6990093888728226,0.6708930750515975,-1.3117543489383585,-0.3362948217714412,0.0,0
3726,1.0,0.45373193499959824,1.514508496588412,-1.1226030349758407,-0.1497208142526126,2.833611433315728,0.0,0
3727,1.0,-1.1487669004084375,-0.9126445882766021,-1.1226030349758407,-1.859278921672494,-0.3362948217714412,0.0,0
3728,1.0,1.538056158122831,0.198401348421984,0.6708930750515975,-0.6797711984952335,-0.3362948217714412,0.0,0
3729,1.0,2.10313469922611,2.186137551570194,-1.1226030349758407,0.6079794145044672,-0.3362948217714412,0.0,0
3730,1.0,-0.5296439655856772,-0.2753114850385708,-0.22585497996212162,0.08181218325996059,2.833611433315728,0.0,0
3731,1.0,0.8956820844661735,0.018347601767293522,1.5676411300653166,-0.18563997948517125,-0.3362948217714412,0.0,0
3732,1.0,-1.0716498794775842,-0.879063135527513,1.5676411300653166,0.6492379151094329,-0.3362948217714412,0.0,0
3733,1.0,-0.029811422515330567,-0.07596626552802066,-0.22585497996212162,-0.44726741273313153,-0.3362948217714412,0.0,0
3734,1.0,0.8193683658366829,0.6321022381814965,0.6708930750515975,-0.6996723576105699,-0.3362948217714412,0.0,0
3735,1.0,0.7106547877188826,1.3044457921579398,0.6708930750515975,-0.7224858814744923,-0.3362948217714412,0.0,0
3736,1.0,1.158986727690731,1.9639283642304766,-0.22585497996212162,-1.4646534982391144,-0.3362948217714412,0.0,0
3737,1.0,-0.469574804605973,-0.27745498202255514,1.5676411300653166,1.4613022858401148,-0.3362948217714412,0.0,0
3738,1.0,-0.4751086649042519,-0.20100358959377784,0.6708930750515975,-0.6404542743893248,-0.3362948217714412,0.0,0
3739,1.0,0.040299017231411695,-0.42464177492281807,-0.22585497996212162,-0.5788092205442582,-0.3362948217714412,0.0,0
3740,1.0,-0.7827288184206714,0.5142099040623538,0.6708930750515975,-0.7671421409528083,-0.3362948217714412,0.0,0
3741,1.0,0.17761908285886305,0.5049214171317546,-0.22585497996212162,-0.4623146306008249,-0.3362948217714412,0.0,0
3742,1.0,-1.144527249373466,-0.8704891475915755,-0.22585497996212162,0.23471133256071672,-0.3362948217714412,0.0,0
3743,1.0,-0.8960390708184937,-0.821188716959934,-0.22585497996212162,-0.7312229757202497,-0.3362948217714412,0.0,0
3744,1.0,0.6932945324283143,0.7900065160016811,-0.22585497996212162,-1.1709900527567099,-0.3362948217714412,0.0,0
3745,1.0,1.2888093051721274,3.985246020127776,-1.1226030349758407,-0.6880228986162266,-0.3362948217714412,0.0,0
3746,1.0,-0.22492462593529094,0.12623694996117554,-1.1226030349758407,1.9195143396176186,-0.3362948217714412,0.0,0
3747,1.0,-0.12089697790877507,-0.18814260768987143,-0.22585497996212162,0.03618513553211612,2.833611433315728,0.0,0
3748,1.0,-0.8987613730620019,-0.7525968134724328,-0.22585497996212162,-0.23417939196160176,-0.3362948217714412,0.0,0
3749,1.0,-0.39053878373297446,0.19197085747003068,-0.22585497996212162,1.2909289480478436,-0.3362948217714412,0.0,0
3750,1.0,-0.19346195246523784,0.02477809271924664,1.5676411300653166,-1.8976250575288742,-0.3362948217714412,0.0,0
3751,1.0,3.1096724828340205,1.8874769718016997,-0.22585497996212162,0.5628377609013864,2.833611433315728,0.0,0
3752,1.0,-0.5595000344530041,0.0054866198633870865,-1.1226030349758407,-0.6278340271454529,2.833611433315728,0.0,0
3753,1.0,-0.43614850328814353,-0.6311319843799829,-0.22585497996212162,-0.161370273246956,-0.3362948217714412,0.0,0
3754,1.0,0.053999784260214914,-0.7447373245311566,-1.1226030349758407,-0.5307552021925919,-0.3362948217714412,0.0,0
3755,1.0,-0.579180940836399,0.06336103843096615,-0.22585497996212162,-0.3827099941394791,-0.3362948217714412,0.0,0
3756,1.0,-0.7316298664728547,-0.45965222566123004,2.464389185079036,-1.4068915973921619,-0.3362948217714412,0.0,0
3757,1.0,0.3336828688514526,0.089083002238779,1.5676411300653166,-1.3966983207721115,-0.3362948217714412,0.0,0
3758,1.0,-1.0191228345495664,-0.8269047089172258,1.5676411300653166,1.369562796259661,-0.3362948217714412,0.0,0
3759,1.0,-0.4847482925206085,-0.5875475457056333,-0.22585497996212162,1.1176432455069871,2.833611433315728,0.0,1
3760,1.0,-0.12991181484629374,-0.09811573436252617,-1.1226030349758407,-0.7535511054594077,-0.3362948217714412,0.0,0
3761,1.0,-0.921030697972011,-0.6439929662838894,-1.1226030349758407,-0.9865402853462741,-0.3362948217714412,0.0,0
3762,1.0,-0.8539549558081957,-0.413924290002896,-0.22585497996212162,-0.4661977835989395,-0.3362948217714412,0.0,0
3763,1.0,2.0585960494060918,1.4895010317752604,-0.22585497996212162,-1.0467291568170478,-0.3362948217714412,0.0,0
3764,1.0,0.3910297275876485,-0.746880821515141,-0.22585497996212162,2.414130952752445,-0.3362948217714412,0.0,0
3765,1.0,-0.8859531641458241,-0.7068688778140987,-1.1226030349758407,-0.4438696538597815,2.833611433315728,0.0,0
3766,1.0,-0.48220450189962555,-0.32461191567021214,-0.22585497996212162,-0.033226224309179625,-0.3362948217714412,0.0,0
3767,1.0,-0.3121275535388139,0.17410838260349393,-0.22585497996212162,-1.8447170979295648,-0.3362948217714412,0.0,0
3768,1.0,-0.9786006962363634,-0.7504533164884484,0.6708930750515975,1.0972566922668863,-0.3362948217714412,0.0,0
3769,1.0,-0.21729325407234198,-0.6068390185614929,-0.22585497996212162,1.9801886052131565,-0.3362948217714412,0.0,0
3770,1.0,0.00812229727125823,-0.0066598630458579566,0.6708930750515975,1.0511442504142772,2.833611433315728,0.0,0
3771,1.0,1.411937696808831,0.8528824275318908,-0.22585497996212162,0.6696244683495336,-0.3362948217714412,0.0,0
3772,1.0,0.7851387622174905,1.7481496678427126,-1.1226030349758407,0.48177694206574784,2.833611433315728,0.0,0
3773,1.0,0.6350997434851239,0.11766296202523784,-0.22585497996212162,1.7486556077005833,-0.3362948217714412,0.0,1
3774,1.0,0.3767041698800074,-0.5175266442288092,0.6708930750515975,0.15462130197460636,-0.3362948217714412,0.0,0
3775,1.0,0.06368403978220294,-0.2674519960972946,0.6708930750515975,0.2696597095437466,-0.3362948217714412,0.0,0
3776,1.0,0.06953029541990076,-0.2974609538730763,-1.1226030349758407,-0.4098920651262801,2.833611433315728,0.0,0
3777,1.0,-1.1555949699700236,-0.8133292280186578,1.5676411300653166,-0.6467643980112606,-0.3362948217714412,0.0,0
3778,1.0,-1.1454644353917227,-0.6932933969155308,-1.1226030349758407,1.5098416983165452,-0.3362948217714412,0.0,0
3779,1.0,0.8222245517970849,3.2464540596478155,2.464389185079036,1.0700746212800851,-0.3362948217714412,0.0,0
3780,1.0,-0.09599460656652038,-0.4789436985170898,1.5676411300653166,0.8395124120170404,-0.3362948217714412,0.0,0
3781,1.0,0.37380335601397424,-0.5125251512661788,0.6708930750515975,0.7468021341870581,-0.3362948217714412,0.0,0
3782,1.0,1.391051836973392,0.6135252643202981,1.5676411300653166,-0.1434106906306768,-0.3362948217714412,0.0,0
3783,1.0,0.10987392211057856,0.07765101832419556,1.5676411300653166,1.6763318831107017,-0.3362948217714412,0.0,1
3784,1.0,-1.0465689965128044,-0.8676311516129295,0.6708930750515975,0.14928196660219906,2.833611433315728,0.0,0
3785,1.0,-0.9167017911257767,-0.5904055416842791,-1.1226030349758407,-1.06274716293427,-0.3362948217714412,0.0,0
3786,1.0,0.4169139128537915,-0.2903159639264616,-0.22585497996212162,-1.115169728408815,-0.3362948217714412,1.0,0
3787,1.0,-0.4080775506460679,0.1290949459398213,-1.1226030349758407,1.0263891500512976,-0.3362948217714412,0.0,0
3788,1.0,-0.5431662209919553,-0.5603965839084973,0.6708930750515975,-0.7122926048544418,-0.3362948217714412,0.0,0
3789,1.0,-0.8328013285389686,-0.7897507611948292,-0.22585497996212162,1.0788117155258428,-0.3362948217714412,0.0,0
3790,1.0,-1.0605821588810265,-0.7561693084457402,-1.1226030349758407,0.5036196776801413,-0.3362948217714412,0.0,0
3791,1.0,-0.8862655594852431,-0.6868629059635776,-0.22585497996212162,1.8122422380447072,-0.3362948217714412,0.0,0
3792,1.0,-1.0928035067468114,-0.9097865922979563,-1.1226030349758407,-0.04827344217687304,-0.3362948217714412,0.0,0
3793,1.0,-1.2561416413572994,-0.8647731556342837,-1.1226030349758407,-1.3335970845527518,2.833611433315728,0.0,0
3794,1.0,-0.36608269144703254,-0.5439631070312836,-0.22585497996212162,-1.1651653232595383,-0.3362948217714412,0.0,0
3795,1.0,-0.5344191514882242,-0.3631948613819316,0.6708930750515975,0.12258528974016228,-0.3362948217714412,0.0,0
3796,1.0,-1.1725982020155414,-0.5661125758657891,-1.1226030349758407,1.2346232295751847,-0.3362948217714412,0.0,0
3797,1.0,0.011201622759816603,-0.12455219716500064,-0.22585497996212162,-0.7108364224801491,-0.3362948217714412,0.0,0
3798,1.0,-0.3697421797087975,-0.4003488091043281,-1.1226030349758407,1.343836907647153,-0.3362948217714412,0.0,0
3799,1.0,0.5360704208893116,0.6785446728344918,0.6708930750515975,-0.4793034249675756,-0.3362948217714412,0.0,0
3800,1.0,-0.36635045888082024,-0.724016853685974,-1.1226030349758407,-0.976832402850988,-0.3362948217714412,0.0,0
3801,1.0,-0.09688716467914595,-0.048815303730884815,0.6708930750515975,0.9996924731892611,-0.3362948217714412,0.0,0
3802,1.0,0.36773396084811993,0.39703206893787263,1.5676411300653166,-0.3443638582830989,-0.3362948217714412,0.0,0
3803,1.0,-0.8717614901550769,-0.4089227970402657,-0.22585497996212162,0.954065425461416,-0.3362948217714412,0.0,0
3804,1.0,-0.9047861403222246,-0.486803187458366,0.6708930750515975,-0.04390489505399423,-0.3362948217714412,0.0,0
3805,1.0,-0.0412361663569385,0.11409046705193049,-0.22585497996212162,0.4147925528482736,2.833611433315728,0.0,1
3806,1.0,2.397946643826352,0.18839836249672334,-1.1226030349758407,-0.7554926819584651,-0.3362948217714412,0.0,0
3807,1.0,1.0015841045292033,-0.08239675647997378,1.5676411300653166,-0.7331645522193071,-0.3362948217714412,0.0,0
3808,1.0,0.24411466224947181,0.011202611820678813,0.6708930750515975,-1.013722356333075,-0.3362948217714412,0.0,0
3809,1.0,1.9206511930998025,0.42132503475636274,-0.22585497996212162,0.7686448698014522,-0.3362948217714412,0.0,0
3810,1.0,0.19502396605506278,-0.04738630574156183,-0.22585497996212162,1.587504758278834,-0.3362948217714412,0.0,0
3811,1.0,0.002588436972979353,0.04478406456976778,-0.22585497996212162,0.426442011842617,-0.3362948217714412,0.0,0
3812,1.0,1.2359252369990594,-0.2881724669424772,0.6708930750515975,-0.6176407505254026,2.833611433315728,0.0,0
3813,1.0,-1.287693570638615,-0.9326505601271232,-1.1226030349758407,0.7453459518127654,-0.3362948217714412,0.0,0
3814,1.0,-0.9856965332317371,-0.8040407410880587,-0.22585497996212162,-0.22738387421490142,-0.3362948217714412,0.0,0
3815,1.0,1.5297107397697816,1.2351393896757772,0.6708930750515975,-0.6453082156369678,-0.3362948217714412,0.0,0
3816,1.0,1.6959943161519342,1.1458270153430934,0.6708930750515975,2.0219324999428867,-0.3362948217714412,0.0,0
3817,1.0,0.8593103413766794,0.6170977592936054,-1.1226030349758407,2.2573486504535745,-0.3362948217714412,0.0,0
3818,1.0,-0.7239092387986431,-0.6189855014707378,-1.1226030349758407,0.923485595601265,-0.3362948217714412,0.0,0
3819,1.0,-0.974405673107023,-0.7990392481254284,0.6708930750515975,0.24053606205788827,-0.3362948217714412,0.0,0
3820,1.0,0.6646880449186634,-0.004516366061873584,0.6708930750515975,0.9652294903309955,-0.3362948217714412,1.0,0
3821,1.0,-0.002097493118305196,0.03335208065518433,-0.22585497996212162,-1.6617235128934218,-0.3362948217714412,0.0,0
3822,1.0,-0.6661161010061342,-0.5996940286148782,0.6708930750515975,-0.6982161752362769,2.833611433315728,0.0,0
3823,1.0,-0.7798726324602694,-0.8383366928318092,-1.1226030349758407,0.8453371415142119,-0.3362948217714412,1.0,0
3824,1.0,0.0779649695842128,0.9236178280033761,-1.1226030349758407,-0.22204453884249412,-0.3362948217714412,0.0,0
3825,1.0,0.5871247449314969,0.8964668662062404,-1.1226030349758407,0.8089325821568893,-0.3362948217714412,0.0,0
3826,1.0,-0.16315960454159797,-0.4910901814263347,0.6708930750515975,0.1162751661182262,-0.3362948217714412,0.0,0
3827,1.0,1.2213319118576307,0.7449930793380085,-1.1226030349758407,-0.21816138584437958,2.833611433315728,0.0,0
3828,1.0,-0.49206726904413856,-0.9262200691751701,-0.22585497996212162,0.3366440987612208,-0.3362948217714412,0.0,0
3829,1.0,-0.6261294975605066,-0.44036075280537035,-0.22585497996212162,-0.28951432218473233,2.833611433315728,0.0,0
3830,1.0,-0.23197583502503327,-0.25744901017203403,-0.22585497996212162,-0.2642738276969886,-0.3362948217714412,0.0,0
3831,1.0,0.3974561459985529,-0.24958952123075784,1.5676411300653166,0.5720602492719082,-0.3362948217714412,0.0,0
3832,1.0,-0.3092267396727806,0.5492203548007659,-0.22585497996212162,2.052512329803038,2.833611433315728,0.0,0
3833,1.0,1.9971880512574494,0.8907508742489485,-0.22585497996212162,1.2482142650685852,-0.3362948217714412,0.0,0
3834,1.0,-0.19051651069357342,-0.25387651519872667,-0.22585497996212162,1.2074411585883833,2.833611433315728,0.0,0
3835,1.0,-0.505321757016629,-0.7625997993976934,-1.1226030349758407,0.23568212081024523,-0.3362948217714412,0.0,0
3836,1.0,-0.5960949170706544,-0.603981022582847,-0.22585497996212162,-0.8574254481589689,-0.3362948217714412,0.0,0
3837,1.0,-0.8892110012569077,-0.5146686482501633,0.6708930750515975,-0.8137399769301815,-0.3362948217714412,0.0,0
3838,1.0,-1.116590180448284,-0.8904951194420966,-0.22585497996212162,0.47643760669334057,-0.3362948217714412,0.0,0
3839,1.0,-0.18565206897976366,0.990066234506893,2.464389185079036,-1.3501004847947384,-0.3362948217714412,0.0,1
3840,1.0,0.5203613981071007,1.9624993662411536,-1.1226030349758407,-1.4505770686209494,-0.3362948217714412,0.0,0
3841,1.0,-1.3331247785712592,-0.976234998801473,-1.1226030349758407,-1.4651388923638786,-0.3362948217714412,0.0,0
3842,1.0,-0.6959275419678299,-0.7711737873336311,0.6708930750515975,-0.2754378925665677,-0.3362948217714412,0.0,0
3843,1.0,-0.6539773106744258,-0.33461490159547286,-0.22585497996212162,-1.6772561248858797,-0.3362948217714412,0.0,0
3844,1.0,0.31092263697949923,-0.34104539254742605,0.6708930750515975,1.3448076958966815,-0.3362948217714412,0.0,0
3845,1.0,1.7369627335214504,0.5042069181370933,-0.22585497996212162,2.2243418499696017,-0.3362948217714412,0.0,0
3846,1.0,-1.044471484948134,-0.6182710024760765,-0.22585497996212162,-0.5341529610659419,-0.3362948217714412,0.0,0
3847,1.0,0.03985273817509878,-0.6297029863906599,1.5676411300653166,-1.9350004051357255,-0.3362948217714412,0.0,0
3848,1.0,-0.7211869365551349,-0.16027714689807407,-0.22585497996212162,-1.7762765263377978,-0.3362948217714412,0.0,0
3849,1.0,-1.3345082436458289,-0.9455115420310298,1.5676411300653166,-0.14049832588209102,-0.3362948217714412,0.0,0
3850,1.0,-0.7679569816567174,-0.6218434974493838,-0.22585497996212162,-1.3539836377928527,-0.3362948217714412,0.0,0
3851,1.0,-0.4840342460305081,-0.461081223650553,-1.1226030349758407,1.6520621768724866,-0.3362948217714412,0.0,0
3852,1.0,-1.176614713522357,-0.8662021536236065,-1.1226030349758407,0.2259742383149591,2.833611433315728,0.0,1
3853,1.0,-0.34408113397081097,-0.29245946091044606,0.6708930750515975,-1.4573725863676497,2.833611433315728,0.0,0
3854,1.0,0.1889545708892085,0.3763115980926901,-1.1226030349758407,-1.2996194958192506,-0.3362948217714412,0.0,0
3855,1.0,-0.1727099763466923,0.9443382988485588,-1.1226030349758407,-0.7380184934669499,-0.3362948217714412,0.0,0
3856,1.0,0.14798615351969258,-0.1581336499140897,-0.22585497996212162,-0.6802565926199977,2.833611433315728,0.0,0
3857,1.0,0.21425859338214487,1.3230227660191378,-1.1226030349758407,0.15316511960031362,-0.3362948217714412,0.0,0
3858,1.0,-0.9072853030375764,-0.8361931958478249,0.6708930750515975,-0.24922660982929518,-0.3362948217714412,0.0,0
3859,1.0,-1.072453181778947,-0.8511976747357157,-1.1226030349758407,1.3292750839042238,-0.3362948217714412,0.0,0
3860,1.0,-0.7948229808467484,-0.8083277350560275,-0.22585497996212162,-0.3899909060109434,-0.3362948217714412,0.0,0
3861,1.0,2.2805752520160834,0.016204104783309147,-1.1226030349758407,-1.128275369777451,-0.3362948217714412,0.0,0
3862,1.0,-0.8740821412479034,-0.8276192079118871,0.6708930750515975,0.8895080068677637,2.833611433315728,0.0,0
3863,1.0,1.7311164778837522,1.8331750482074276,-0.22585497996212162,-1.0336235154484117,-0.3362948217714412,0.0,0
3864,1.0,0.021912320111323928,0.08979750123344041,-1.1226030349758407,-0.44338425973501694,-0.3362948217714412,0.0,0
3865,1.0,-0.6521921944491746,0.07264952536156521,-0.22585497996212162,-0.39921339438146525,-0.3362948217714412,0.0,0
3866,1.0,2.4693066649307704,1.0579436389997328,-1.1226030349758407,-0.6841397456181123,-0.3362948217714412,1.0,0
3867,1.0,0.43882621451875053,0.09980048715870107,1.5676411300653166,-0.1434106906306768,-0.3362948217714412,0.0,0
3868,1.0,-0.8141914918907244,-0.6089825155454774,0.6708930750515975,0.6769053802209984,2.833611433315728,0.0,0
3869,1.0,-1.183933690045887,-0.95051303499366,-0.22585497996212162,-1.163223746760481,-0.3362948217714412,0.0,0
3870,1.0,0.11469373591875709,-0.20243258758310084,0.6708930750515975,-0.3205795461696479,-0.3362948217714412,0.0,0
3871,1.0,-1.2091038288219293,-0.9297925641484774,-1.1226030349758407,-1.284086883826793,-0.3362948217714412,0.0,0
3872,1.0,-0.28923343794996675,0.3805985920606589,-0.22585497996212162,0.4638173594494684,-0.3362948217714412,0.0,0
3873,1.0,-0.6825837981840769,-0.10668972229846387,0.6708930750515975,0.6759345919714699,-0.3362948217714412,0.0,0
3874,1.0,2.5655690573774432,4.4103729219513506,-1.1226030349758407,0.8540742357599695,-0.3362948217714412,0.0,0
3875,1.0,0.3350663339260223,-0.5361036180900073,0.6708930750515975,-0.11671401376864,-0.3362948217714412,0.0,0
3876,1.0,0.9154076187551995,-0.13026818912229238,-1.1226030349758407,-0.7394746758412429,-0.3362948217714412,0.0,0
3877,1.0,0.7731784835083071,-0.4332157628587557,-0.22585497996212162,0.6987481158353919,-0.3362948217714412,0.0,0
3878,1.0,-0.781077585912314,-0.2681664950919561,-0.22585497996212162,1.26908621243345,-0.3362948217714412,0.0,0
3879,1.0,1.323083536696951,2.078962702370973,-1.1226030349758407,-1.2355474713503625,-0.3362948217714412,0.0,0
3880,1.0,0.31534079963699607,-0.25744901017203403,-1.1226030349758407,-0.03031385956059358,-0.3362948217714412,0.0,0
3881,1.0,-0.17677111575913873,-0.16099164589273557,1.5676411300653166,-0.16234106149648447,-0.3362948217714412,0.0,0
3882,1.0,-1.3345082436458289,-1.0069584555719162,-0.22585497996212162,-1.6966718898764521,-0.3362948217714412,0.0,0
3883,1.0,-0.7590314005304613,-0.6561394491931344,-0.22585497996212162,1.0705600154048494,-0.3362948217714412,0.0,0
3884,1.0,0.964230547515821,0.3041471996318814,-1.1226030349758407,1.2724839713068006,-0.3362948217714412,0.0,0
3885,1.0,1.1163224499072262,3.2550280475837527,-0.22585497996212162,-1.1156551225335791,-0.3362948217714412,1.0,0
3886,1.0,1.2675664220916372,0.11837746101989924,-0.22585497996212162,-1.3996106855206973,-0.3362948217714412,0.0,0
3887,1.0,-1.3194240115424558,-0.9890959807053795,1.5676411300653166,-0.22738387421490142,-0.3362948217714412,0.0,0
3888,1.0,0.15146713015893262,1.1994144399427038,-1.1226030349758407,1.5030461805698452,-0.3362948217714412,0.0,0
3889,1.0,-0.2745954849029066,-0.16313514287671993,-0.22585497996212162,1.572942934535905,-0.3362948217714412,0.0,0
3890,1.0,-1.101327436722386,-0.8754906405542057,-0.22585497996212162,-0.5991957737843588,-0.3362948217714412,0.0,0
3891,1.0,0.510409375151325,0.23841329212302628,2.464389185079036,-0.6783150161209405,2.833611433315728,0.0,0
3892,1.0,1.9892889119607127,1.3587477157522114,1.5676411300653166,-0.3453346465326274,-0.3362948217714412,0.0,0
3893,1.0,-0.11286395489514445,-0.6782889180276399,-1.1226030349758407,-0.22107375059296536,-0.3362948217714412,0.0,0
3894,1.0,-0.9913642772469098,-0.6139840085081076,-1.1226030349758407,1.4132482674884486,-0.3362948217714412,0.0,0
3895,1.0,3.2891212913774015,0.9822067455656169,-0.22585497996212162,-1.6927887368783374,-0.3362948217714412,0.0,0
3896,1.0,-0.8650226764047535,-0.8040407410880587,1.5676411300653166,1.3059761659155371,-0.3362948217714412,0.0,0
3897,1.0,0.09376324817768633,1.2880123152807257,-0.22585497996212162,0.7201054573250216,-0.3362948217714412,0.0,0
3898,1.0,-0.1867677666205457,-0.2610215051453414,2.464389185079036,0.42789819421691,-0.3362948217714412,0.0,0
3899,1.0,-0.017672632183622285,-0.14527266801018318,0.6708930750515975,0.17840561408805738,-0.3362948217714412,0.0,0
3900,1.0,-1.2296326654123186,-0.9026416023513416,0.6708930750515975,-0.617155356400638,-0.3362948217714412,0.0,0
3901,1.0,0.3214548227084816,0.2305538031817502,-0.22585497996212162,1.480718050830687,-0.3362948217714412,0.0,0
3902,1.0,-1.02412115998027,-0.6061245195668314,0.6708930750515975,0.952123848962359,-0.3362948217714412,0.0,0
3903,1.0,-1.1568891792333307,-0.7847492682321989,-0.22585497996212162,-0.6909352633648126,-0.3362948217714412,0.0,0
3904,1.0,0.1057681547925009,-0.20957757752971554,-1.1226030349758407,0.19442362020527929,-0.3362948217714412,0.0,0
3905,1.0,-0.6888317049724563,-0.616127505492092,0.6708930750515975,-1.517076063713659,-0.3362948217714412,0.0,0
3906,1.0,-0.9449066274847462,-0.47822919952242826,-1.1226030349758407,-0.7385038875917144,-0.3362948217714412,0.0,0
3907,1.0,0.2205065001705241,1.0122157033413985,1.5676411300653166,0.5686624903985585,2.833611433315728,0.0,0
3908,1.0,-0.03074860853358763,-0.10240272833049492,-0.22585497996212162,1.361311096138668,-0.3362948217714412,0.0,0
3909,1.0,-0.3227489950790587,-0.17599612478062637,1.5676411300653166,-1.026342603576947,-0.3362948217714412,0.0,0
3910,1.0,0.20444045414326287,-0.4818016944957356,-1.1226030349758407,1.2200614058322554,-0.3362948217714412,0.0,0
3911,1.0,0.992837035025472,-0.4760857025384439,-1.1226030349758407,-0.9845987088472168,-0.3362948217714412,0.0,0
3912,1.0,0.18266203619519777,-0.4224982779388336,-0.22585497996212162,-1.3219476255584088,-0.3362948217714412,0.0,0
3913,1.0,0.8207518309112527,0.1826823705394316,-0.22585497996212162,-0.6957892046124554,-0.3362948217714412,0.0,0
3914,1.0,-0.5772173129886227,-0.5175266442288092,0.6708930750515975,-1.4233949976341485,-0.3362948217714412,0.0,0
3915,1.0,-0.17788681339992074,-0.6375624753319361,0.6708930750515975,-0.6734610748732974,-0.3362948217714412,0.0,0
3916,1.0,-1.0296550202785488,-0.48108719550107415,-0.22585497996212162,0.21481017344538025,-0.3362948217714412,0.0,0
3917,1.0,-0.523886965759242,-0.27745498202255514,-1.1226030349758407,-0.40164036500528677,-0.3362948217714412,0.0,0
3918,1.0,-0.7405554475991108,-0.6439929662838894,-0.22585497996212162,-1.0253718153274183,-0.3362948217714412,0.0,0
3919,1.0,2.320829622895499,0.35559112724750735,-0.22585497996212162,-0.1681657909936563,-0.3362948217714412,0.0,0
3920,1.0,1.4775407180868143,1.195127445974735,0.6708930750515975,-0.17447591461559211,-0.3362948217714412,0.0,0
3921,1.0,-0.9157199772018886,-0.7668867933656621,-1.1226030349758407,-0.8739288484009554,2.833611433315728,0.0,0
3922,1.0,0.5894007681186925,0.7085536306102737,-1.1226030349758407,2.0437752355572805,-0.3362948217714412,0.0,0
3923,1.0,0.9480752456772974,1.5638089272200535,-0.22585497996212162,0.2652911624208678,-0.3362948217714412,1.0,0
3924,1.0,-0.3221688323058521,-0.2931739599051076,-1.1226030349758407,-0.6865667162419338,-0.3362948217714412,0.0,0
3925,1.0,-0.057748491440512646,-0.28174197599052403,-1.1226030349758407,-0.3652358056479639,-0.3362948217714412,0.0,0
3926,1.0,-0.8637284671414462,-0.7718882863282925,-0.22585497996212162,1.0691038330305567,-0.3362948217714412,0.0,0
3927,1.0,0.476893818022233,-0.15170315896213638,0.6708930750515975,-1.5306670992070597,-0.3362948217714412,0.0,0
3928,1.0,-0.9886419750034016,-0.3967763141310207,-0.22585497996212162,0.7793235405462667,-0.3362948217714412,0.0,0
3929,1.0,-0.003748725626662611,-0.221009561444299,0.6708930750515975,-1.3593229731652603,-0.3362948217714412,0.0,0
3930,1.0,-0.17288848796921727,-0.3081784387929984,1.5676411300653166,-1.252536265717113,2.833611433315728,0.0,0
3931,1.0,-1.2127633170836942,-0.9862379847267335,-1.1226030349758407,-1.309812772439301,-0.3362948217714412,0.0,0
3932,1.0,-1.3345082436458289,-0.9955264716573327,-0.22585497996212162,0.26092261529798927,-0.3362948217714412,0.0,0
3933,1.0,-0.9551264178743096,-0.7233023546913125,0.6708930750515975,1.3190818072841735,-0.3362948217714412,0.0,0
3934,1.0,0.7303356941022776,0.11766296202523784,-1.1226030349758407,-0.5705575204232648,-0.3362948217714412,0.0,0
3935,1.0,-0.8112014222134286,-0.854770169709023,-0.22585497996212162,-0.15214778487643413,-0.3362948217714412,0.0,0
3936,1.0,2.0529729332965503,2.382624775102098,-0.22585497996212162,-0.35067398190503474,-0.3362948217714412,0.0,0
3937,1.0,0.12437799144074486,-0.27245348905992495,-0.22585497996212162,-0.5137664078258413,-0.3362948217714412,0.0,0
3938,1.0,1.2561416782500294,0.5349303749075365,-0.22585497996212162,0.404113882103459,-0.3362948217714412,0.0,0
3939,1.0,1.8612514507045679,0.8364489506546767,-1.1226030349758407,-0.38659314713759335,-0.3362948217714412,0.0,0
3940,1.0,-0.12022755932430595,0.46490947343071237,-1.1226030349758407,0.19296743783098652,-0.3362948217714412,0.0,0
3941,1.0,-0.6127411258711223,-0.7004383868621455,0.6708930750515975,0.7487437106861151,-0.3362948217714412,0.0,0
3942,1.0,0.37951572793477806,-0.2867434689531542,0.6708930750515975,0.43129595309026003,-0.3362948217714412,0.0,0
3943,1.0,1.3449065825506472,-0.22529655541226784,1.5676411300653166,-1.4457231273733064,2.833611433315728,0.0,0
3944,1.0,-0.8553384208827655,-0.5361036180900073,-0.22585497996212162,1.2152074645846123,-0.3362948217714412,0.0,0
3945,1.0,1.1484099140561175,-0.06381978261877562,0.6708930750515975,1.7112802600937316,-0.3362948217714412,0.0,1
3946,1.0,-0.7238646108930118,-0.25744901017203403,0.6708930750515975,-0.5807507970433151,-0.3362948217714412,0.0,0
3947,1.0,-0.43762122417397586,-0.7611708014083705,-1.1226030349758407,0.058027871146509855,-0.3362948217714412,0.0,0
3948,1.0,-0.46841447905955974,-0.7454518235258182,0.6708930750515975,0.2046168968253299,-0.3362948217714412,0.0,0
3949,1.0,-0.31703662315825476,-0.022378840928410353,-1.1226030349758407,-0.17399052049082786,-0.3362948217714412,0.0,0
3950,1.0,0.10666071290512646,0.2527032720162557,1.5676411300653166,-0.5996811679091231,-0.3362948217714412,0.0,0
3951,1.0,-0.33270101803483443,0.612096266330975,0.6708930750515975,0.6948649628372773,-0.3362948217714412,0.0,0
3952,1.0,-1.2146376891202082,-0.9612305199135821,-0.22585497996212162,1.050658856289513,-0.3362948217714412,0.0,0
3953,1.0,1.3105430952145611,0.029065086687215583,1.5676411300653166,1.1273511280022732,-0.3362948217714412,0.0,0
3954,1.0,-0.13174155897717638,-0.07453726753869769,2.464389185079036,-0.48318657796569014,-0.3362948217714412,0.0,0
3955,1.0,0.1318754795868001,0.9672022666777257,-0.22585497996212162,0.2085000498234442,-0.3362948217714412,0.0,0
3956,1.0,1.1426975421353136,4.057410418588584,-0.22585497996212162,-0.3899909060109434,-0.3362948217714412,0.0,0
3957,1.0,-0.060024514627707935,-0.4932336784103192,-0.22585497996212162,-0.43270558899020234,2.833611433315728,0.0,0
3958,1.0,0.29989954428857296,-0.22172406043896048,1.5676411300653166,-1.413201721014098,-0.3362948217714412,0.0,0
3959,1.0,-0.7579157028896792,-0.7390213325738649,-0.22585497996212162,0.2604372211732247,-0.3362948217714412,0.0,0
3960,1.0,-0.8913531407272091,-0.7411648295578493,1.5676411300653166,-0.2880581398104396,-0.3362948217714412,0.0,0
3961,1.0,1.0276021735122396,0.8142994818201713,-1.1226030349758407,0.7045728453325635,-0.3362948217714412,0.0,0
3962,1.0,-0.7905833298117768,-0.6690004310970408,-0.22585497996212162,-1.1947743648701608,-0.3362948217714412,0.0,0
3963,1.0,-0.652415333977331,-0.5754010627963883,-1.1226030349758407,1.4244123323580278,-0.3362948217714412,0.0,0
3964,1.0,-0.7421174242962056,-0.6761454210436555,0.6708930750515975,-0.48512815446474716,-0.3362948217714412,0.0,0
3965,1.0,-0.12942090788434985,-0.8361931958478249,0.6708930750515975,-0.3705751410203715,2.833611433315728,0.0,0
3966,1.0,-0.46961943251160426,-0.12240870018101607,0.6708930750515975,0.3337317340126348,-0.3362948217714412,0.0,0
3967,1.0,0.13174159586990639,1.5959613819798195,-0.22585497996212162,-0.07497011903890982,-0.3362948217714412,0.0,0
3968,1.0,-0.4711367813030678,-0.5725430668177424,-0.22585497996212162,1.221517588206548,-0.3362948217714412,0.0,0
3969,1.0,-1.002208858315311,-0.857628165687669,-1.1226030349758407,-0.007500335696671346,-0.3362948217714412,0.0,0
3970,1.0,-0.7344414245276254,-0.676859920038317,-1.1226030349758407,0.4405184414607819,-0.3362948217714412,0.0,0
3971,1.0,0.033247808141669374,-0.6325609823693059,0.6708930750515975,-0.7608320173308724,-0.3362948217714412,0.0,0
3972,1.0,-0.12464572198180256,-0.47322770655979807,0.6708930750515975,0.45508026520371103,-0.3362948217714412,0.0,0
3973,1.0,0.9173266186973449,1.0279346812239507,-0.22585497996212162,0.5079882248030201,-0.3362948217714412,0.0,0
3974,1.0,-1.1708130857902903,-0.8733471435702213,-0.22585497996212162,-1.5796919058082546,-0.3362948217714412,0.0,0
3975,1.0,-1.2365946186907986,-0.8526266727250387,1.5676411300653166,-1.5816334823073117,-0.3362948217714412,0.0,0
3976,1.0,-0.5682471039567352,-0.3781993402698225,-1.1226030349758407,-0.014781247568135923,-0.3362948217714412,0.0,0
3977,1.0,-0.43302454989395395,-0.3889168251897445,-0.22585497996212162,-0.9782885852252808,-0.3362948217714412,0.0,0
3978,1.0,0.4801070272276854,-0.5668270748604506,-1.1226030349758407,-0.3419368876592774,-0.3362948217714412,0.0,0
3979,1.0,0.270221987043771,0.3713101051300598,-1.1226030349758407,2.600522296661938,-0.3362948217714412,0.0,0
3980,1.0,0.9352224088554885,0.505635916126416,-1.1226030349758407,-1.7131752901184383,-0.3362948217714412,0.0,0
3981,1.0,-0.008880934774259818,1.9289179134920642,-1.1226030349758407,-0.8287871947978751,-0.3362948217714412,0.0,0
3982,1.0,-0.5449959651228378,-0.520384640207455,1.5676411300653166,1.5409069223014606,-0.3362948217714412,1.0,0
3983,1.0,0.21291975621320638,0.45061949353748293,0.6708930750515975,-1.2336058948513053,-0.3362948217714412,1.0,0
3984,1.0,-1.175365132164681,-0.8833501294954819,2.464389185079036,-0.44338425973501694,2.833611433315728,0.0,0
3985,1.0,0.6798615328332988,-0.049529802725546204,-1.1226030349758407,-0.052641989299751835,-0.3362948217714412,0.0,0
3986,1.0,-1.0365277177457661,-0.8590571636769919,-1.1226030349758407,-0.2293254507139587,-0.3362948217714412,0.0,0
3987,1.0,0.6626797891652555,0.05192905451638249,1.5676411300653166,-1.5049412105945514,2.833611433315728,0.0,0
3988,1.0,-0.21416930067815212,-0.11740720721838593,-0.22585497996212162,-1.1069180282878217,-0.3362948217714412,0.0,0
3989,1.0,-0.612384102626072,-0.6668569341130565,0.6708930750515975,0.35120592250414967,-0.3362948217714412,0.0,0
3990,1.0,0.01762804117072105,-0.025951335901717706,0.6708930750515975,-0.7807331764462088,6.003517688402897,0.0,0
3991,1.0,-0.8939861871594548,-0.5089526562928715,-0.22585497996212162,-0.21864677996914383,-0.3362948217714412,0.0,0
3992,1.0,0.26366168491597286,-0.10168822933583353,-0.22585497996212162,-1.5272693403337094,-0.3362948217714412,0.0,0
3993,1.0,-1.1098513666979606,-0.9583725239349363,-0.22585497996212162,-0.18952313248328578,-0.3362948217714412,0.0,0
3994,1.0,-0.7530066332702382,-0.28459997196916986,-0.22585497996212162,1.9864987288350924,-0.3362948217714412,0.0,0
3995,1.0,-0.6981589372493939,-0.38034283725380685,-1.1226030349758407,-0.5574518790546287,-0.3362948217714412,0.0,0
3996,1.0,-1.0258170203942585,-0.9562290269509517,-0.22585497996212162,0.08229757738472511,-0.3362948217714412,0.0,0
3997,1.0,-0.14878941892832565,-0.436788257832063,0.6708930750515975,-1.187008058873932,-0.3362948217714412,0.0,0
3998,1.0,1.8644200320043884,0.2305538031817502,0.6708930750515975,-0.914701954881157,-0.3362948217714412,0.0,0
3999,1.0,1.1277025658432032,0.08336701028148728,1.5676411300653166,-1.3583521849157314,-0.3362948217714412,0.0,0
4000,1.0,-0.7217224714227103,-0.8261902099225642,-0.22585497996212162,2.2583194387031034,-0.3362948217714412,0.0,0
4001,1.0,5.712773590401007,9.05604538524023,0.6708930750515975,0.09783018937718277,2.833611433315728,0.0,0
4002,1.0,-0.10010037388459804,0.3055761976212044,-0.22585497996212162,0.971054219828167,-0.3362948217714412,0.0,0
4003,1.0,1.5273008328656925,0.21769282127784356,-1.1226030349758407,0.18956967895763624,-0.3362948217714412,0.0,0
4004,1.0,0.2654914290468552,0.18982736048604631,-1.1226030349758407,-0.6166699622758738,2.833611433315728,0.0,0
4005,1.0,-0.19912969648041043,-0.0652487806080986,-0.22585497996212162,0.7642763226785734,-0.3362948217714412,0.0,0
4006,1.0,-1.0647325541047357,-0.7661722943710008,-0.22585497996212162,1.3729605551330113,-0.3362948217714412,0.0,0
4007,1.0,0.3296217294390059,-0.5804025557590186,-0.22585497996212162,-0.03662398318252966,-0.3362948217714412,0.0,0
4008,1.0,-0.028338701629498367,1.6031063719264342,-1.1226030349758407,-1.9350004051357255,-0.3362948217714412,0.0,0
4009,1.0,-0.29079541464706155,-0.31675242672893605,-1.1226030349758407,-0.008471123946200117,-0.3362948217714412,0.0,0
4010,1.0,-0.6798614959405688,-0.5346746201006845,-0.22585497996212162,-0.3851369647633006,-0.3362948217714412,0.0,0
4011,1.0,1.923909030210886,1.2079884278786412,0.6708930750515975,-1.2860284603258498,-0.3362948217714412,0.0,0
4012,1.0,-0.5661942202976963,-0.35033387947802513,-1.1226030349758407,0.3473227695060354,-0.3362948217714412,0.0,0
4013,1.0,-0.34716045945936935,-0.7990392481254284,-1.1226030349758407,-0.15117699662690562,-0.3362948217714412,0.0,0
4014,1.0,-0.775677609330929,-0.486803187458366,-1.1226030349758407,-0.3996987885062295,-0.3362948217714412,0.0,0
4015,1.0,1.0855738229272736,-0.5239571351807624,1.5676411300653166,1.5069293335679592,-0.3362948217714412,0.0,0
4016,1.0,-1.086243204619013,-0.8147582260079808,0.6708930750515975,-1.328743143305109,-0.3362948217714412,0.0,0
4017,1.0,-1.1573800861952748,-0.8847791274848048,-0.22585497996212162,0.7900022112910814,-0.3362948217714412,0.0,0
4018,1.0,-0.7911634925849834,-0.7290183466486042,2.464389185079036,1.0419217620437553,-0.3362948217714412,0.0,0
4019,1.0,-1.03527813638809,-0.511096153276856,-1.1226030349758407,0.46867130069711144,-0.3362948217714412,0.0,0
4020,1.0,-0.32114239047633264,-0.21386457149768429,-1.1226030349758407,-0.24340188033212362,-0.3362948217714412,0.0,0
4021,1.0,0.21421396547651336,-0.5332456221113615,1.5676411300653166,0.9137777131059789,-0.3362948217714412,0.0,0
4022,1.0,-1.0774961351152819,-0.8904951194420966,-1.1226030349758407,-0.14632305537926257,-0.3362948217714412,0.0,0
4023,1.0,-0.17806532502244596,-0.6639989381344105,-0.22585497996212162,1.8787412331374167,2.833611433315728,0.0,0
4024,1.0,-1.3308933832896952,-0.9133590872712637,0.6708930750515975,1.8282602441619291,-0.3362948217714412,0.0,0
4025,1.0,-0.7514446565731434,-0.6932933969155308,-0.22585497996212162,-0.007500335696671346,-0.3362948217714412,0.0,0
4026,1.0,0.4970656313675722,0.1926853564646923,0.6708930750515975,1.8792266272621814,-0.3362948217714412,0.0,0
4027,1.0,-0.44846580524237717,-0.21457907049234579,-0.22585497996212162,0.09054927750571819,-0.3362948217714412,0.0,0
4028,1.0,2.3959830159785755,0.22483781122445826,0.6708930750515975,2.1859957141132216,-0.3362948217714412,0.0,0
4029,1.0,0.5096507007555934,-0.03523982283231679,-0.22585497996212162,-0.5458024200602853,-0.3362948217714412,0.0,0
4030,1.0,0.6169808137988239,-0.048100804736223225,0.6708930750515975,-0.6516183392589037,-0.3362948217714412,0.0,0
4031,1.0,-0.007631353416584073,0.3148646845518035,1.5676411300653166,1.2254007412046628,2.833611433315728,0.0,1
4032,1.0,-0.5386141746175647,-0.617556503481415,-0.22585497996212162,0.24587539743029557,-0.3362948217714412,0.0,0
4033,1.0,0.2177841979270159,-0.08382575446929676,-0.22585497996212162,2.534023301569228,-0.3362948217714412,0.0,0
4034,1.0,-0.5452637325566255,-0.0023728690778892112,-0.22585497996212162,-0.4157167946234517,-0.3362948217714412,0.0,1
4035,1.0,0.33332584560640244,-0.07167927156005172,-0.22585497996212162,-0.2531097628274097,-0.3362948217714412,0.0,0
4036,1.0,-0.11813004775963563,-0.3982053121203436,-1.1226030349758407,1.288016583299258,-0.3362948217714412,0.0,0
4037,1.0,1.0804862416853076,1.6924187462591183,-0.22585497996212162,-1.6243481652865706,-0.3362948217714412,0.0,0
4038,1.0,-0.5817693593630133,-0.37033985132854624,-0.22585497996212162,-0.12108256089151881,-0.3362948217714412,0.0,0
4039,1.0,1.428583905609299,0.8071544918735566,-1.1226030349758407,-1.222441829981726,2.833611433315728,0.0,0
4040,1.0,-1.102934041325112,-0.7111558717820676,-1.1226030349758407,0.5327433251659996,-0.3362948217714412,0.0,0
4041,1.0,1.5682692502352087,-0.173852627796642,-0.22585497996212162,-0.8040320944348954,-0.3362948217714412,0.0,0
4042,1.0,-0.6783441471491053,-0.6254159924226912,-0.22585497996212162,-0.09438588402948203,-0.3362948217714412,0.0,0
4043,1.0,-0.08541779293190678,-0.5332456221113615,0.6708930750515975,-1.2569048128399918,-0.3362948217714412,0.0,0
4044,1.0,-0.9474950460113606,-0.3374728975741187,-1.1226030349758407,0.10414031299911858,-0.3362948217714412,0.0,0
4045,1.0,1.678678688766997,0.2934297147119594,-0.22585497996212162,0.0002659702995574831,-0.3362948217714412,0.0,0
4046,1.0,0.9710139891717757,-0.23529954133752842,0.6708930750515975,2.4641265476031684,2.833611433315728,0.0,0
4047,1.0,-0.37831073759000355,-0.04595730775223885,-0.22585497996212162,1.393347108373112,-0.3362948217714412,0.0,0
4048,1.0,0.06131876078374492,0.6728286808772,-1.1226030349758407,0.08375375975901786,-0.3362948217714412,0.0,0
4049,1.0,0.20305698906869313,0.041211569596460426,-0.22585497996212162,0.2735428625418611,-0.3362948217714412,0.0,0
4050,1.0,0.41972547090856216,-0.24173003228948162,-0.22585497996212162,2.3350117104158636,-0.3362948217714412,0.0,0
4051,1.0,-0.854311979053246,-0.8626296586502993,2.464389185079036,-0.057981324672159135,-0.3362948217714412,0.0,0
4052,1.0,0.06114024916121996,-0.13955667605289143,0.6708930750515975,-0.8753850307752483,-0.3362948217714412,0.0,0
4053,1.0,-1.1759452949378875,-0.8926386164260809,-0.22585497996212162,-0.7108364224801491,-0.3362948217714412,0.0,0
4054,1.0,0.9787792447516186,-0.1674221368446888,-1.1226030349758407,-1.1768147822538815,-0.3362948217714412,0.0,0
4055,1.0,0.6900366953172308,-0.2831709739798469,0.6708930750515975,1.1627848991100673,-0.3362948217714412,0.0,0
4056,1.0,-0.19377434780465677,-0.3539063744513325,-0.22585497996212162,0.04686380627693073,-0.3362948217714412,0.0,0
4057,1.0,0.43454193557814735,0.1526734127636498,-0.22585497996212162,-0.613757597527288,-0.3362948217714412,0.0,0
4058,1.0,2.2831190426370664,1.4909300297645836,-0.22585497996212162,0.6463255503608474,-0.3362948217714412,0.0,0
4059,1.0,-1.0639738797090037,-0.8447671837837625,1.5676411300653166,-1.5835750588063688,-0.3362948217714412,0.0,0
4060,1.0,1.3071513743865835,1.6516923035634141,-1.1226030349758407,-1.400581473770226,-0.3362948217714412,0.0,0
4061,1.0,-0.8953250243283932,-0.2896014649318002,1.5676411300653166,1.1341466457489733,-0.3362948217714412,1.0,0
4062,1.0,1.2294095627768922,0.3634506161887835,1.5676411300653166,-1.0418752155694049,-0.3362948217714412,0.0,1
4063,1.0,2.0955033273631614,0.879318890334365,0.6708930750515975,1.7457432429519972,-0.3362948217714412,0.0,0
4064,1.0,0.028829645484172522,0.00048512690075675115,0.6708930750515975,1.1695804168567674,-0.3362948217714412,0.0,0
4065,1.0,-0.957402441061505,-0.4617957226452145,-1.1226030349758407,-0.36086725852508533,-0.3362948217714412,0.0,1
4066,1.0,-0.8793928620180258,-0.7397358315685263,-1.1226030349758407,1.5928440936512414,-0.3362948217714412,0.0,0
4067,1.0,-0.9046968845109622,-0.5503935979832367,1.5676411300653166,0.5968153496348878,-0.3362948217714412,1.0,0
4068,1.0,2.509962686960868,3.8502057101367577,-0.22585497996212162,0.2997541452791334,-0.3362948217714412,0.0,0
4069,1.0,-0.6776301006590048,-0.7454518235258182,-1.1226030349758407,-0.18806695010899277,-0.3362948217714412,0.0,0
4070,1.0,-1.0803076931700528,-0.7740317833122768,0.6708930750515975,-1.5068827870936088,-0.3362948217714412,0.0,0
4071,1.0,1.2814457007429656,3.0349623572280207,3.361137240092755,-1.5525098348214534,-0.3362948217714412,0.0,0
4072,1.0,-0.9674883477341744,-0.6997238878674841,-0.22585497996212162,1.2569513593143422,-0.3362948217714412,0.0,0
4073,1.0,-0.9702999057889451,-0.8219032159545955,-0.22585497996212162,-0.40066957675575826,-0.3362948217714412,0.0,0
4074,1.0,-0.510721733598014,-0.5125251512661788,-0.22585497996212162,-0.05701053642263037,-0.3362948217714412,0.0,0
4075,1.0,-0.5088027336558689,-0.4989496703676109,1.5676411300653166,0.14588420772884902,-0.3362948217714412,0.0,0
4076,1.0,0.12259287521549374,0.5892322985018081,-1.1226030349758407,-0.17496130874035662,-0.3362948217714412,0.0,0
4077,1.0,-0.2987391818494296,-0.3053204428143525,-1.1226030349758407,-1.1175966990326365,-0.3362948217714412,1.0,0
4078,1.0,-0.7426083312581498,-0.35819336841930133,0.6708930750515975,-0.11622861964387576,-0.3362948217714412,0.0,0
4079,1.0,4.5025094175863,1.8789029838657614,-1.1226030349758407,-1.163223746760481,-0.3362948217714412,0.0,0
4080,1.0,-1.0615639728049147,-0.9312215621378005,-0.22585497996212162,1.2613199064372211,-0.3362948217714412,0.0,0
4081,1.0,-1.0243442995084264,-0.7818912722535531,0.6708930750515975,-0.7088948459810918,-0.3362948217714412,0.0,0
4082,1.0,0.06622783040318593,0.14267042683838932,-0.22585497996212162,-0.6181261446501668,-0.3362948217714412,0.0,0
4083,1.0,-1.0661160191793053,-0.7075833768087603,-1.1226030349758407,0.45847802407706106,2.833611433315728,0.0,0
4084,1.0,0.6094833256527689,0.9371933089019441,-1.1226030349758407,-0.7142341813534991,-0.3362948217714412,0.0,0
4085,1.0,-0.6756218449055972,-0.5196701412127935,-1.1226030349758407,0.06725035951703144,2.833611433315728,0.0,0
4086,1.0,-0.8690391879115686,0.22841030619776562,-0.22585497996212162,-0.41134824750057286,-0.3362948217714412,0.0,0
4087,1.0,1.2467698180674605,2.284738412833477,1.5676411300653166,-0.026916100687243552,-0.3362948217714412,0.0,0
4088,1.0,-1.120740575671993,-0.7818912722535531,-0.22585497996212162,-1.3122397430631227,-0.3362948217714412,0.0,0
4089,1.0,-0.5419166396342795,0.06764803239893488,-0.22585497996212162,-0.37445829401848574,-0.3362948217714412,0.0,0
4090,1.0,1.3605263495215956,1.2601468544889287,0.6708930750515975,1.702543165847974,2.833611433315728,0.0,1
4091,1.0,0.014950366832844092,0.5906612964911312,-0.22585497996212162,-0.24340188033212362,6.003517688402897,0.0,0
4092,1.0,3.0724974374431637,2.0375217606806086,1.5676411300653166,2.675758386000405,-0.3362948217714412,0.0,1
4093,1.0,-0.5111233847486956,-0.3238974166755508,-1.1226030349758407,-0.7486971642117647,-0.3362948217714412,0.0,0
4094,1.0,1.740399082255059,2.14040961591186,-0.22585497996212162,0.3856689053624156,-0.3362948217714412,1.0,0
4095,1.0,0.28847480044696505,0.7528525682792848,-1.1226030349758407,0.2502439445531744,-0.3362948217714412,0.0,0
4096,1.0,1.8980248449447434,2.369049294203531,-0.22585497996212162,1.3977156554959909,-0.3362948217714412,0.0,0
4097,1.0,-0.8706904204199261,-0.23815753731617428,0.6708930750515975,1.1176432455069871,2.833611433315728,0.0,0
4098,1.0,0.19413140794243694,0.49063143723852526,-1.1226030349758407,0.13860329585738446,-0.3362948217714412,0.0,0
4099,1.0,-0.8327567006333373,-0.08739824944260412,-0.22585497996212162,0.1657853668441855,-0.3362948217714412,0.0,0
4100,1.0,-0.38263964443623777,-0.45107823772529243,1.5676411300653166,-0.5064854959543766,2.833611433315728,0.0,0
4101,1.0,-1.1069505528319272,-0.8126147290239963,-0.22585497996212162,1.6535183592467793,-0.3362948217714412,0.0,0
4102,1.0,-1.129130621930674,-0.6782889180276399,2.464389185079036,1.8957300275041675,-0.3362948217714412,0.0,0
4103,1.0,-0.021555259973543746,-0.48251619349039715,-0.22585497996212162,1.7632174314435125,2.833611433315728,0.0,0
4104,1.0,-0.5226820123071974,-0.25244751720940367,-0.22585497996212162,-0.4428988656102527,-0.3362948217714412,0.0,0
4105,1.0,1.6794819910683605,3.0578263250571873,-1.1226030349758407,-0.24874121570453092,-0.3362948217714412,0.0,0
4106,1.0,0.020082575980441296,1.0443681581011648,-1.1226030349758407,-0.43804492436260967,-0.3362948217714412,0.0,0
4107,1.0,-0.25928811327137724,0.4177525397830554,-1.1226030349758407,-0.7676275350775726,2.833611433315728,0.0,0
4108,1.0,-0.923753000215519,-0.9226475742018627,-1.1226030349758407,-1.206423823864504,-0.3362948217714412,0.0,0
4109,1.0,-0.27209632218755486,-0.07596626552802066,-1.1226030349758407,0.8497056886370907,-0.3362948217714412,0.0,0
4110,1.0,-0.15311832577455978,-0.3439033885260719,0.6708930750515975,-0.09487127815424627,-0.3362948217714412,0.0,0
4111,1.0,1.0118038949187664,0.9243323269980375,-1.1226030349758407,-0.08953194278183897,-0.3362948217714412,0.0,0
4112,1.0,0.14432666525792756,0.496347429195817,-0.22585497996212162,-1.2200148593579048,2.833611433315728,0.0,0
4113,1.0,1.7824831972653572,2.0696742154403744,-0.22585497996212162,2.030669594188644,-0.3362948217714412,0.0,0
4114,1.0,-0.4598012932727225,-0.10883321928244824,-0.22585497996212162,-0.18466919123564274,-0.3362948217714412,0.0,0
4115,1.0,-0.7770610744054987,-0.7611708014083705,-1.1226030349758407,-1.1122573636602289,-0.3362948217714412,0.0,0
4116,1.0,-0.8290079565603097,-0.7683157913549852,-1.1226030349758407,1.7413746958291185,-0.3362948217714412,0.0,0
4117,1.0,0.8990738052941508,1.712424718109639,1.5676411300653166,0.2997541452791334,-0.3362948217714412,0.0,0
4118,1.0,0.5287514443657815,1.7324306899601605,-1.1226030349758407,1.0074587791854897,-0.3362948217714412,0.0,0
4119,1.0,0.6921342068819011,0.5499348537954273,-0.22585497996212162,0.1847157377099932,-0.3362948217714412,0.0,0
4120,1.0,0.6934284161452083,-0.22958354938023667,-0.22585497996212162,1.205014187964562,-0.3362948217714412,1.0,0
4121,1.0,-0.6417492645314549,-0.511096153276856,0.6708930750515975,0.5759434022700228,-0.3362948217714412,0.0,0
4122,1.0,0.6572351846782394,1.2079884278786412,-1.1226030349758407,-0.8744142425257196,-0.3362948217714412,0.0,0
4123,1.0,-0.45475833993638776,0.4063205558684717,0.6708930750515975,-1.7850136205835554,2.833611433315728,0.0,0
4124,1.0,-0.591096591639951,-0.4053503020669583,-1.1226030349758407,-1.4835838691049223,-0.3362948217714412,0.0,0
4125,1.0,0.4149502850060151,0.3541621292581844,-1.1226030349758407,-0.04778804805210878,-0.3362948217714412,0.0,0
4126,1.0,1.5198033447196375,1.0014982184214765,1.5676411300653166,-0.5093978607029624,2.833611433315728,0.0,0
4127,1.0,0.6119824883681206,-0.3767703422804995,0.6708930750515975,-1.36272073203861,2.833611433315728,0.0,0
4128,1.0,-0.7879502833795312,-0.4210692799495107,-0.22585497996212162,-0.19243549723187156,-0.3362948217714412,0.0,0
4129,1.0,-0.32542666941693554,-0.5396761130633146,0.6708930750515975,0.32402385151734864,2.833611433315728,0.0,0
4130,1.0,2.763404563040912,0.34273014534360097,0.6708930750515975,0.9666856727052883,-0.3362948217714412,0.0,0
4131,1.0,-0.5602140809431047,-0.060961786640129655,-0.22585497996212162,-0.2880581398104396,-0.3362948217714412,0.0,0
4132,1.0,0.8264195749264253,0.10051498615336246,-0.22585497996212162,2.221429485221016,-0.3362948217714412,0.0,0
4133,1.0,-1.2769828732871078,-0.7433083265418337,-1.1226030349758407,0.15656287847366365,-0.3362948217714412,0.0,0
4134,1.0,-0.9412471392229812,-0.7090123747980831,-0.22585497996212162,1.676817277235466,-0.3362948217714412,0.0,0
4135,1.0,-0.9803411845559833,-0.7225878556966512,0.6708930750515975,-0.019149794691014722,-0.3362948217714412,0.0,0
4136,1.0,-0.6089477538924634,-0.7304473446379273,-1.1226030349758407,0.9526092430871234,-0.3362948217714412,0.0,0
4137,1.0,0.3254713342152968,0.771429542140483,2.464389185079036,-0.7292813992211925,-0.3362948217714412,0.0,0
4138,1.0,-0.8398525376287109,-0.17599612478062637,-1.1226030349758407,-0.39824260613193674,-0.3362948217714412,0.0,1
4139,1.0,0.9259398044841818,3.357201403820343,1.5676411300653166,0.7220470338240786,-0.3362948217714412,0.0,0
4140,1.0,0.34372414761849085,2.033949265707301,-0.22585497996212162,1.4049965673674556,-0.3362948217714412,0.0,0
4141,1.0,-0.25906497374322074,-0.6597119441664417,0.6708930750515975,-1.2370036537246552,-0.3362948217714412,0.0,0
4142,1.0,-0.9402206973934618,-0.7647432963816778,-0.22585497996212162,-0.31572560492200485,-0.3362948217714412,0.0,0
4143,1.0,0.25567328980797344,0.22483781122445826,-1.1226030349758407,-1.6704606071391794,-0.3362948217714412,0.0,0
4144,1.0,1.3719510933632038,-0.10097373034117214,-0.22585497996212162,0.18956967895763624,-0.3362948217714412,1.0,0
4145,1.0,0.385719006817526,0.0276360886978926,-0.22585497996212162,1.2152074645846123,-0.3362948217714412,0.0,0
4146,1.0,0.28945661437085307,-0.7997537471200898,-0.22585497996212162,1.7064263188460886,2.833611433315728,0.0,0
4147,1.0,0.45904265576972064,0.6885476587597524,1.5676411300653166,-0.27058395131892465,-0.3362948217714412,0.0,0
4148,1.0,-0.2569674621785507,-0.6454219642732123,2.464389185079036,-1.1782709646281744,-0.3362948217714412,0.0,0
4149,1.0,0.08755996929493809,0.16410539667823346,0.6708930750515975,-0.9195558961288001,-0.3362948217714412,0.0,0
4150,1.0,0.6783441840418352,1.1458270153430934,-1.1226030349758407,-0.9593582143594729,-0.3362948217714412,0.0,0
4151,1.0,-0.3586744591122399,-0.03666882082163977,2.464389185079036,1.660799271118244,2.833611433315728,0.0,1
4152,1.0,-0.5330803143192857,-0.5489645999939139,-1.1226030349758407,0.547790543033693,-0.3362948217714412,0.0,0
4153,1.0,0.20756440753745273,-0.39891981111500513,-0.22585497996212162,1.643325082626729,-0.3362948217714412,0.0,1
4154,1.0,0.5979693259998982,-0.5646835778764662,-1.1226030349758407,-0.2958244458066684,-0.3362948217714412,0.0,0
4155,1.0,-0.37875701664631634,-0.5439631070312836,0.6708930750515975,-1.7427843317290608,-0.3362948217714412,0.0,0
4156,1.0,0.9909180350833271,2.4362121997017088,-0.22585497996212162,0.475952212568576,-0.3362948217714412,0.0,0
4157,1.0,0.23786675546109232,-0.018806345955103,0.6708930750515975,1.109876939510758,-0.3362948217714412,0.0,0
4158,1.0,0.7051209274206037,-0.3296134086328425,1.5676411300653166,1.6569161181201295,-0.3362948217714412,0.0,0
4159,1.0,3.920650783965658,7.059020695161419,-0.22585497996212162,1.3365559957756887,2.833611433315728,0.0,0
4160,1.0,0.871315247991494,2.8763435804131743,0.6708930750515975,0.09346164225430396,-0.3362948217714412,0.0,0
4161,1.0,-0.37438348189445086,-0.22243855943362198,-0.22585497996212162,-0.20699732097480072,-0.3362948217714412,0.0,0
4162,1.0,0.020662738753648182,0.014060607799324576,0.6708930750515975,0.38955205836052986,-0.3362948217714412,0.0,0
4163,1.0,-1.1592544582317887,-0.8033262420933972,-0.22585497996212162,-0.7637443820794583,2.833611433315728,0.0,0
4164,1.0,1.7977013130856239,2.181136058607563,-0.22585497996212162,-0.526386655069713,-0.3362948217714412,0.0,0
4165,1.0,-1.0167129276454774,-0.6604264431611031,-0.22585497996212162,0.7924291819149026,-0.3362948217714412,1.0,0
4166,1.0,-0.69766803028745,-0.29531745688909194,-0.22585497996212162,0.6230266323721606,-0.3362948217714412,1.0,0
4167,1.0,-0.05922121232634485,-0.5889765436949561,-1.1226030349758407,-1.319520654934587,-0.3362948217714412,1.0,0
4168,1.0,0.3549703798375735,-0.3889168251897445,-1.1226030349758407,0.9861014376958604,-0.3362948217714412,0.0,0
4169,1.0,0.5248241886702288,-0.11669270822372434,0.6708930750515975,-0.8088860356825385,-0.3362948217714412,0.0,0
4170,1.0,1.0860201019835867,-0.5368181170846689,-0.22585497996212162,-0.1346735963849192,-0.3362948217714412,0.0,0
4171,1.0,-0.402543690347789,-0.12526669615966202,0.6708930750515975,-0.234664786086366,-0.3362948217714412,0.0,0
4172,1.0,-0.6338947531403494,-0.08311125547463537,-0.22585497996212162,1.1758905404787037,-0.3362948217714412,0.0,0
4173,1.0,-0.28146818237012383,0.07193502636690363,-1.1226030349758407,-1.6214358005379848,-0.3362948217714412,0.0,0
4174,1.0,-0.8102196082895404,-0.7283038476539428,0.6708930750515975,-0.7763646293233302,-0.3362948217714412,0.0,0
4175,1.0,0.2647327546511236,0.6292442422028505,-0.22585497996212162,0.661858162353305,-0.3362948217714412,0.0,0
4176,1.0,1.2325781440767134,1.4166221343197904,0.6708930750515975,-0.3560133172774423,-0.3362948217714412,0.0,0
4177,1.0,3.628338002080768,7.8792655410327885,-1.1226030349758407,-0.5385215081888207,-0.3362948217714412,0.0,0
4178,1.0,-0.8643086299146528,-0.9176460812392324,0.6708930750515975,-1.0695426806809702,-0.3362948217714412,0.0,0
4179,1.0,-0.42539317803100485,-0.7204443587126667,-0.22585497996212162,-0.36183804677461384,-0.3362948217714412,0.0,0
4180,1.0,-0.7484545868958477,-0.5589675859191744,0.6708930750515975,-1.120509063781222,-0.3362948217714412,0.0,0
4181,1.0,1.1224364729787117,1.3844696795600244,-1.1226030349758407,-0.9773177969757523,-0.3362948217714412,1.0,0
4182,1.0,0.45649886514873766,1.4487745890795567,-1.1226030349758407,-0.18709616185946426,-0.3362948217714412,0.0,0
4183,1.0,-0.0069619348321147065,0.6971216466956902,-1.1226030349758407,-1.1889496353729891,-0.3362948217714412,0.0,0
4184,1.0,-1.2294541537897934,-0.9347940571111077,-0.22585497996212162,-1.6884201897554587,-0.3362948217714412,0.0,0
4185,1.0,0.2881177772019146,-0.4253562739174795,-1.1226030349758407,1.7209881425890177,-0.3362948217714412,0.0,0
4186,1.0,-0.48956810632878683,-0.4253562739174795,1.5676411300653166,1.981159393462685,-0.3362948217714412,0.0,0
4187,1.0,-0.9230835816310499,-0.6054100205721701,0.6708930750515975,1.3875223788759405,-0.3362948217714412,0.0,0
4188,1.0,-0.7997320504661893,-0.15670465192476674,1.5676411300653166,1.3535447901424391,-0.3362948217714412,0.0,0
4189,1.0,-0.6436682644735999,-0.173852627796642,-1.1226030349758407,-1.7651124614682188,-0.3362948217714412,0.0,0
4190,1.0,-0.21430318439504611,-0.6154130064974305,-1.1226030349758407,-0.9341177198717292,2.833611433315728,0.0,1
4191,1.0,0.28262854480926725,0.13266744091312865,1.5676411300653166,2.6932325744919203,-0.3362948217714412,0.0,0
4192,1.0,-0.630503032312372,-0.6547104512038114,-1.1226030349758407,-1.4855254456039793,-0.3362948217714412,0.0,0
4193,1.0,-0.4814011995982625,-0.6568539481877957,-0.22585497996212162,0.503134283555377,-0.3362948217714412,0.0,0
4194,1.0,-0.89278123370741,-0.7354488376005576,-0.22585497996212162,0.5584692137785082,-0.3362948217714412,0.0,0
4195,1.0,0.21126852370484897,-0.4132097910082345,-1.1226030349758407,0.15898984909748518,-0.3362948217714412,0.0,0
4196,1.0,-0.40156187642390084,-0.5868330467109717,2.464389185079036,-0.5831777676671367,-0.3362948217714412,0.0,0
4197,1.0,-1.173624643845061,-0.7233023546913125,-0.22585497996212162,-0.15166239075166987,-0.3362948217714412,0.0,0
4198,1.0,-0.6057345446870112,-0.6990093888728226,-0.22585497996212162,-1.6772561248858797,-0.3362948217714412,0.0,0
4199,1.0,-0.36818020301170273,-0.15527565393544374,-1.1226030349758407,-1.6821100661335229,-0.3362948217714412,0.0,0
4200,1.0,1.7312057336950153,1.2880123152807257,-1.1226030349758407,2.271910474196504,-0.3362948217714412,0.0,0
4201,1.0,2.9796267658244684,0.8971813652009017,-0.22585497996212162,0.1677269433432425,-0.3362948217714412,0.0,0
4202,1.0,-0.33890429691758245,-0.594692535652248,-0.22585497996212162,-1.491350175101151,-0.3362948217714412,0.0,0
4203,1.0,-0.5947114519960848,0.18125337255010862,-0.22585497996212162,-0.12981965513727614,-0.3362948217714412,0.0,0
4204,1.0,0.12451187515763884,0.1055164791159928,0.6708930750515975,-0.9753762204766951,-0.3362948217714412,0.0,0
4205,1.0,-0.16097283716566543,-0.3967763141310207,0.6708930750515975,-0.9695514909795234,-0.3362948217714412,0.0,0
4206,1.0,-0.23376095125028465,-0.4653682176185219,0.6708930750515975,-0.5288136256935346,-0.3362948217714412,0.0,0
4207,1.0,-0.40990729477695037,-0.5182411432234707,-0.22585497996212162,1.123953369128923,-0.3362948217714412,1.0,0
4208,1.0,0.6205510462493263,-0.0966867363732032,-0.22585497996212162,-0.3142694225477121,-0.3362948217714412,0.0,0
4209,1.0,-0.9208075584438546,-0.854770169709023,-0.22585497996212162,-0.6720048924990046,-0.3362948217714412,0.0,0
4210,1.0,-0.9265199303646584,-0.8604861616663149,1.5676411300653166,-0.7807331764462088,-0.3362948217714412,0.0,0
4211,1.0,-0.7483207031789538,-0.6804324150116243,-1.1226030349758407,-0.48318657796569014,-0.3362948217714412,0.0,0
4212,1.0,4.695123458290907,5.6536011726623085,-0.22585497996212162,-0.7200589108506706,-0.3362948217714412,0.0,0
4213,1.0,-0.3296663204519073,-0.42678527190680243,-1.1226030349758407,0.44440159445889643,-0.3362948217714412,0.0,0
4214,1.0,-0.19966523134798583,-0.7154428657500365,-1.1226030349758407,-1.5762941469349045,-0.3362948217714412,0.0,0
4215,1.0,-0.7246232852887435,0.31772268053044944,-0.22585497996212162,0.29926875115436913,-0.3362948217714412,0.0,0
4216,1.0,1.059421870227343,0.49849092617980134,-0.22585497996212162,0.588563649513895,-0.3362948217714412,0.0,0
4217,1.0,0.4262411451307293,0.5685118276566254,1.5676411300653166,-0.2521389745778809,-0.3362948217714412,0.0,0
4218,1.0,0.1584737113430437,0.1526734127636498,2.464389185079036,-0.03856555968158693,-0.3362948217714412,0.0,0
4219,1.0,-0.14740595385375593,-0.14955966197815201,-0.22585497996212162,1.3035491952917158,-0.3362948217714412,0.0,0
4220,1.0,1.056833451700729,0.151244414774327,-1.1226030349758407,-0.0982690370275963,-0.3362948217714412,0.0,0
4221,1.0,0.18806201277658294,0.7542815662686077,-0.22585497996212162,-0.5661889733003863,-0.3362948217714412,0.0,0
4222,1.0,1.2483764226701866,0.5685118276566254,0.6708930750515975,-1.4442669449990135,-0.3362948217714412,0.0,0
4223,1.0,1.0263972200601952,0.8728883993824117,-0.22585497996212162,0.23568212081024523,-0.3362948217714412,0.0,0
4224,1.0,1.939885820426885,4.186020237627649,1.5676411300653166,0.9870722259453889,-0.3362948217714412,0.0,1
4225,1.0,0.07002120238184491,0.018347601767293522,0.6708930750515975,-1.3229184138079373,2.833611433315728,0.0,0
4226,1.0,0.5568223970078573,1.0650886289463475,-1.1226030349758407,2.3413218340377995,-0.3362948217714412,0.0,0
4227,1.0,-0.3913420860343375,-0.6504234572358427,1.5676411300653166,1.233652441325656,-0.3362948217714412,0.0,0
4228,1.0,-0.6982481930606566,-0.31818142471825894,-0.22585497996212162,-0.5458024200602853,-0.3362948217714412,0.0,0
4229,1.0,-0.8807763270925955,-0.6418494692999049,-1.1226030349758407,-0.8088860356825385,-0.3362948217714412,0.0,0
4230,1.0,0.597924698094267,-0.12240870018101607,-0.22585497996212162,0.6482671268599044,-0.3362948217714412,0.0,0
4231,1.0,-0.6937854024975285,-0.6247014934280297,-0.22585497996212162,1.5938148819007698,-0.3362948217714412,0.0,0
4232,1.0,-0.6084568469305193,-0.5482501009992524,0.6708930750515975,1.8151546027932928,-0.3362948217714412,0.0,0
4233,1.0,-0.8962622103466501,0.13909793186508196,-0.22585497996212162,-0.1497208142526126,-0.3362948217714412,0.0,0
4234,1.0,-1.061296205371127,-0.9090720933032947,-0.22585497996212162,0.11287740724487617,-0.3362948217714412,0.0,0
4235,1.0,-0.28294090325595617,-0.15241765795679788,-1.1226030349758407,0.9409597840927802,-0.3362948217714412,0.0,0
4236,1.0,-0.7073522858094379,-0.8261902099225642,0.6708930750515975,0.7045728453325635,-0.3362948217714412,0.0,0
4237,1.0,-1.0727655771183662,-0.7690302903496467,-0.22585497996212162,-0.3623234408993781,-0.3362948217714412,0.0,0
4238,1.0,0.25326338290388417,0.9393368058859286,0.6708930750515975,0.1526797254755491,-0.3362948217714412,0.0,0
4239,1.0,2.235947346384802,0.3748826001033671,0.6708930750515975,-0.05846671879692339,-0.3362948217714412,0.0,0
4240,1.0,-0.15700095356448124,-0.32604091365953514,-1.1226030349758407,0.7327257045688932,-0.3362948217714412,0.0,0
4241,1.0,-1.028093043581454,-0.9004981053673572,1.5676411300653166,0.5803119493929016,2.833611433315728,0.0,0
4242,1.0,-0.2618319038923602,-0.45036373873063096,0.6708930750515975,-1.0088684150854321,-0.3362948217714412,0.0,0
4243,1.0,1.3125959788736,0.365594113172768,0.6708930750515975,1.8112714497951787,-0.3362948217714412,0.0,0
4244,1.0,-0.23728655579515567,0.0976569901747167,0.6708930750515975,0.6356468796160322,2.833611433315728,0.0,0
4245,1.0,-0.5548587322673509,-0.3210394206969049,-1.1226030349758407,0.5142983484249565,-0.3362948217714412,0.0,0
4246,1.0,-0.7961171901100557,-0.4132097910082345,-1.1226030349758407,-1.191862000121575,-0.3362948217714412,0.0,0
4247,1.0,0.16521252509336706,0.012631609810001795,0.6708930750515975,-0.009927306320492872,-0.3362948217714412,0.0,0
4248,1.0,0.6719177656309306,-0.060247287645468266,-1.1226030349758407,-1.054980856938041,-0.3362948217714412,0.0,0
4249,1.0,0.21403545385398842,2.21829000632996,-1.1226030349758407,0.30654966302583375,-0.3362948217714412,0.0,1
4250,1.0,-0.7114134252218844,-0.6947223949048537,1.5676411300653166,-1.6122133121674629,-0.3362948217714412,0.0,1
4251,1.0,1.026352592154564,0.9279048219713448,-0.22585497996212162,-0.6724902866237689,2.833611433315728,0.0,0
4252,1.0,-0.8737251180028531,-0.7125848697713905,-0.22585497996212162,-1.584060452931133,-0.3362948217714412,0.0,0
4253,1.0,-0.5569562438320211,0.18982736048604631,-1.1226030349758407,-0.8647063600304336,-0.3362948217714412,0.0,0
4254,1.0,0.8861763405667107,0.0019141248900797323,-0.22585497996212162,0.8613551476314338,-0.3362948217714412,0.0,0
4255,1.0,-0.9596784642487002,-0.8719181455808984,-0.22585497996212162,0.8963035246144643,-0.3362948217714412,0.0,0
4256,1.0,-0.17360253445931786,-0.10883321928244824,-0.22585497996212162,1.4214999676094418,-0.3362948217714412,0.0,0
4257,1.0,-0.24661378807209355,0.07264952536156521,-0.22585497996212162,-1.0253718153274183,-0.3362948217714412,0.0,0
4258,1.0,0.3899140299468664,-0.4074937990509428,-1.1226030349758407,0.2633495859218108,-0.3362948217714412,0.0,0
4259,1.0,-0.9552603015912033,-0.7876072642108449,-1.1226030349758407,0.82931913539699,-0.3362948217714412,0.0,0
4260,1.0,0.37603475129553826,0.245558282069641,-1.1226030349758407,0.7870898465424954,-0.3362948217714412,0.0,0
4261,1.0,-0.6825391702784457,-0.7604563024137091,0.6708930750515975,0.02016712941489394,-0.3362948217714412,0.0,0
4262,1.0,-0.6197923349608646,-0.24530252726278898,-1.1226030349758407,0.28859008040955453,-0.3362948217714412,0.0,0
4263,1.0,0.12085238689587384,-0.3053204428143525,0.6708930750515975,-0.6647239806275401,-0.3362948217714412,1.0,0
4264,1.0,0.03681804059217165,0.017633102772631932,-0.22585497996212162,0.22014950881778755,-0.3362948217714412,0.0,0
4265,1.0,-0.654646729258895,-0.5125251512661788,0.6708930750515975,-1.4782445337325147,-0.3362948217714412,0.0,0
4266,1.0,-1.1941534804354503,-0.9648030148868895,-1.1226030349758407,0.9870722259453889,-0.3362948217714412,0.0,0
4267,1.0,0.05761464461634868,-0.1910006036685173,-1.1226030349758407,0.1109358307458189,-0.3362948217714412,0.0,0
4268,1.0,0.44288735393119694,-0.33461490159547286,1.5676411300653166,0.5968153496348878,-0.3362948217714412,0.0,0
4269,1.0,-0.4480195261860644,-0.4167822859815419,-1.1226030349758407,0.4322667413397888,-0.3362948217714412,0.0,0
4270,1.0,-1.042686368722883,-0.49466267639964207,2.464389185079036,-0.5443462376859926,-0.3362948217714412,0.0,0
4271,1.0,-0.8411467468920181,-0.39320381915771335,-0.22585497996212162,-0.8161669475540031,-0.3362948217714412,0.0,0
4272,1.0,0.09827066664644567,-0.3817718352431298,1.5676411300653166,0.08035600088566784,2.833611433315728,0.0,0
4273,1.0,-0.32944318092375086,-0.11955070420237031,1.5676411300653166,-0.45746068935318185,-0.3362948217714412,1.0,0
4274,1.0,-0.12152176858761295,-0.6054100205721701,-0.22585497996212162,-1.3544690319176171,-0.3362948217714412,0.0,0
4275,1.0,0.6783888119474666,0.13195294191846726,0.6708930750515975,0.08278297150948936,-0.3362948217714412,0.0,0
4276,1.0,-0.2523707878985286,1.0779496108502538,-0.22585497996212162,0.7725280227995661,-0.3362948217714412,0.0,0
4277,1.0,-0.2595112527995337,-0.55682408893519,-0.22585497996212162,2.125321448517684,-0.3362948217714412,0.0,0
4278,1.0,0.7514446934658735,-0.4317867648694328,-0.22585497996212162,1.8146692086685285,-0.3362948217714412,0.0,0
4279,1.0,0.33774400826389905,0.26127725995219336,-1.1226030349758407,1.1123039101345797,-0.3362948217714412,1.0,0
4280,1.0,0.4764921668715516,0.865743409435797,0.6708930750515975,-0.613757597527288,-0.3362948217714412,0.0,1
4281,1.0,0.5975230469435855,-0.2624505031346643,0.6708930750515975,0.5604107902775651,-0.3362948217714412,0.0,0
4282,1.0,-0.4136114109443467,-0.7183008617286822,-0.22585497996212162,0.24878776217888163,-0.3362948217714412,0.0,0
4283,1.0,0.1919000126608729,0.7900065160016811,0.6708930750515975,0.4211026764702097,-0.3362948217714412,0.0,0
4284,1.0,-0.49889533860572455,-0.8311917028851945,0.6708930750515975,1.0341554560475268,-0.3362948217714412,0.0,0
4285,1.0,0.19770164039293947,-0.3817718352431298,-0.22585497996212162,-0.5623058203022717,-0.3362948217714412,1.0,0
4286,1.0,-0.6232733116001046,-0.6725729260703481,-0.22585497996212162,1.7544803371977549,-0.3362948217714412,0.0,0
4287,1.0,-0.20560074279694637,-0.10025923134651055,-0.22585497996212162,-1.2802037308286784,2.833611433315728,0.0,0
4288,1.0,1.427735975402305,0.291286217727975,0.6708930750515975,-1.0894438397963067,-0.3362948217714412,0.0,0
4289,1.0,0.7439025774141871,0.47276896237198845,-0.22585497996212162,0.7676740815519231,-0.3362948217714412,0.0,0
4290,1.0,-0.23983034641613868,-0.4089227970402657,-1.1226030349758407,-0.1904939207328143,-0.3362948217714412,0.0,0
4291,1.0,-0.8997878148915213,-0.7554548094510787,0.6708930750515975,-0.9579020319851801,-0.3362948217714412,1.0,0
4292,1.0,-1.0351888805768277,-0.40820829804560416,-1.1226030349758407,0.028418829535887292,-0.3362948217714412,0.0,0
4293,1.0,-0.9670420686778616,-0.7804622742642302,-0.22585497996212162,1.256465965189578,-0.3362948217714412,0.0,0
4294,1.0,-0.7942874459791731,-0.5996940286148782,-1.1226030349758407,1.5083855159422526,-0.3362948217714412,0.0,0
4295,1.0,0.09376324817768633,-0.07596626552802066,-0.22585497996212162,-0.2720401336932174,-0.3362948217714412,0.0,0
4296,1.0,-0.767912353751086,-0.10597522330380228,-0.22585497996212162,-0.23563557433589452,-0.3362948217714412,0.0,0
4297,1.0,-0.06872695622580767,-0.19886009260979348,-1.1226030349758407,0.7060290277068567,-0.3362948217714412,0.0,0
4298,1.0,-0.27642522903378924,-0.20886307853505406,-0.22585497996212162,-0.05992290117121641,-0.3362948217714412,0.0,1
4299,1.0,-0.13062586133639434,0.6092382703523294,-1.1226030349758407,-0.9807155558491024,-0.3362948217714412,0.0,0
4300,1.0,-1.1737138996563234,-0.9269345681698316,1.5676411300653166,-1.4311613036303772,-0.3362948217714412,0.0,0
4301,1.0,-1.1830857598388926,-0.8261902099225642,-0.22585497996212162,0.741948192939415,-0.3362948217714412,0.0,0
4302,1.0,-0.47644750207319025,-0.6489944592465197,0.6708930750515975,-0.1720489439917706,-0.3362948217714412,0.0,0
4303,1.0,-0.16231167433460367,0.13409643890245163,-1.1226030349758407,0.23956527380835976,-0.3362948217714412,0.0,0
4304,1.0,-0.18516116201781951,-0.3110364347716442,-0.22585497996212162,-1.190405817747282,-0.3362948217714412,0.0,0
4305,1.0,0.11076648022320439,-0.09525773838388021,-0.22585497996212162,-0.3351413699125771,-0.3362948217714412,0.0,0
4306,1.0,2.2940975074223613,0.28056873280805295,-1.1226030349758407,0.9637733079567021,-0.3362948217714412,0.0,0
4307,1.0,-0.09376321128495634,-0.6668569341130565,0.6708930750515975,0.2881046862847903,-0.3362948217714412,0.0,0
4308,1.0,0.032399877934675046,-0.23315604435354403,-0.22585497996212162,-0.8025759120606025,-0.3362948217714412,0.0,0
4309,1.0,0.16963068775086393,-0.6347044793532902,-1.1226030349758407,0.06142563001985988,-0.3362948217714412,0.0,0
4310,1.0,-1.178712225087027,-0.9455115420310298,1.5676411300653166,0.18665731420905046,-0.3362948217714412,0.0,0
4311,1.0,-0.7369852151486085,-0.6975803908834997,1.5676411300653166,0.36673853449660765,-0.3362948217714412,1.0,0
4312,1.0,0.6333146272598728,0.36630861216742944,-1.1226030349758407,-0.3594110761507923,-0.3362948217714412,0.0,0
4313,1.0,-0.7798726324602694,-0.31032193577698286,-0.22585497996212162,0.08472454800854663,-0.3362948217714412,0.0,0
4314,1.0,-1.1591205745148947,-0.8919241174314195,-0.22585497996212162,-1.5646446879405609,-0.3362948217714412,0.0,0
4315,1.0,0.36880503058327074,1.525225981508334,-0.22585497996212162,0.9079529836088074,-0.3362948217714412,0.0,0
4316,1.0,0.614927930139785,0.6699706848985544,-1.1226030349758407,1.3414099370233317,-0.3362948217714412,0.0,0
4317,1.0,-0.7484992148014789,-0.30889293778765986,-0.22585497996212162,-0.6472497921360252,-0.3362948217714412,0.0,0
4318,1.0,-0.07805418850274527,-0.3539063744513325,0.6708930750515975,1.1598725343614813,-0.3362948217714412,0.0,0
4319,1.0,0.12830524713629757,-0.4375027568267245,0.6708930750515975,-1.1200236696564578,-0.3362948217714412,1.0,0
4320,1.0,-0.32029446026933833,-0.40392130407763543,0.6708930750515975,-1.115169728408815,-0.3362948217714412,0.0,0
4321,1.0,-1.0133658347231314,-0.7654577953763393,-1.1226030349758407,-1.828699091812343,-0.3362948217714412,0.0,0
4322,1.0,-0.09434337405816297,0.39345957396456527,1.5676411300653166,-0.0264307065624793,-0.3362948217714412,0.0,0
4323,1.0,0.14209526997636351,0.12695144895583693,-1.1226030349758407,0.7283571574460145,-0.3362948217714412,1.0,0
4324,1.0,0.038022994044216406,-0.570399569833758,-0.22585497996212162,0.2696597095437466,-0.3362948217714412,0.0,0
4325,1.0,-0.7989287481648264,-0.2360140403321899,-1.1226030349758407,1.3520886077681464,-0.3362948217714412,0.0,0
4326,1.0,-1.0410351362145254,-0.7225878556966512,-1.1226030349758407,1.4205291793599133,-0.3362948217714412,0.0,0
4327,1.0,-0.6462566830002142,-0.5032366643355798,-1.1226030349758407,2.736918045720708,-0.3362948217714412,0.0,0
4328,1.0,-0.011558609112136775,-0.6747164230543325,0.6708930750515975,-1.315152107811708,-0.3362948217714412,0.0,0
4329,1.0,-0.9765478125773246,-0.7740317833122768,-0.22585497996212162,-1.2976779193201935,-0.3362948217714412,0.0,0
4330,1.0,0.7876379249328421,0.12552245096651393,0.6708930750515975,0.8380562296427476,-0.3362948217714412,0.0,0
4331,1.0,-0.4971102223804734,-0.4760857025384439,0.6708930750515975,2.9189408425073218,-0.3362948217714412,0.0,0
4332,1.0,-0.8884076989555447,-0.7111558717820676,1.5676411300653166,-0.12011177264199004,-0.3362948217714412,0.0,0
4333,1.0,-0.6650450312709836,-0.26602299810797164,-0.22585497996212162,0.8458225356389761,-0.3362948217714412,0.0,0
4334,1.0,0.04618990077474075,0.7392770873807168,0.6708930750515975,0.21675174994443755,-0.3362948217714412,0.0,0
4335,1.0,-1.2167798285905098,-0.8819211315061589,-0.22585497996212162,1.4768348978325723,2.833611433315728,0.0,0
4336,1.0,-0.5241547331930295,-0.7354488376005576,1.5676411300653166,1.7345791780824185,-0.3362948217714412,0.0,0
4337,1.0,-0.5768602897435724,-0.7390213325738649,-0.22585497996212162,-0.9632413673575875,-0.3362948217714412,0.0,0
4338,1.0,-0.10652679229550249,0.566368330672641,2.464389185079036,-0.0628352659198022,-0.3362948217714412,0.0,0
4339,1.0,-0.7147605181442305,-0.5189556422181321,-0.22585497996212162,-1.120509063781222,-0.3362948217714412,0.0,0
4340,1.0,-0.6920002862722772,-0.7397358315685263,-0.22585497996212162,-0.3438784641583347,2.833611433315728,0.0,0
4341,1.0,-1.078924228095483,-0.918360580233894,1.5676411300653166,-0.3977572120071725,-0.3362948217714412,0.0,0
4342,1.0,-1.0591986938064568,-0.8533411717197001,-1.1226030349758407,0.7599077755556946,-0.3362948217714412,0.0,0
4343,1.0,1.2095947726766036,0.612096266330975,-1.1226030349758407,-0.9263514138755002,-0.3362948217714412,0.0,0
4344,1.0,-1.012384020799243,-0.8054697390773816,1.5676411300653166,-0.613757597527288,-0.3362948217714412,0.0,0
4345,1.0,-0.23233285827008343,-0.5761155617910497,-0.22585497996212162,-0.610359838653938,-0.3362948217714412,0.0,0
4346,1.0,-1.1703221788283462,-0.918360580233894,0.6708930750515975,-1.2787475484543855,-0.3362948217714412,0.0,0
4347,1.0,-0.34376873863139207,-0.44750574275198507,-1.1226030349758407,0.12355607798969079,-0.3362948217714412,1.0,0
4348,1.0,-1.3025546632138316,-0.904785099335326,-1.1226030349758407,1.2103535233369693,-0.3362948217714412,0.0,0
4349,1.0,-0.7579603307953104,-0.7425938275471723,-1.1226030349758407,1.8175815734171146,-0.3362948217714412,0.0,0
4350,1.0,1.6445829688646987,0.9864937395335857,-1.1226030349758407,-0.52153271382207,-0.3362948217714412,0.0,0
4351,1.0,-0.4872474552359603,-0.5768300607857112,-0.22585497996212162,1.750111790074876,-0.3362948217714412,0.0,0
4352,1.0,0.11339952665544985,-0.25459101419338814,1.5676411300653166,-0.36038186440032083,-0.3362948217714412,0.0,0
4353,1.0,1.7981475921419368,3.27289052245029,-1.1226030349758407,-0.46182923647606067,2.833611433315728,0.0,0
4354,1.0,1.1140017988143995,0.27128024587745386,-0.22585497996212162,-0.20748271509956498,-0.3362948217714412,0.0,0
4355,1.0,0.3769273094081638,-0.12455219716500064,1.5676411300653166,-0.4880405192133332,-0.3362948217714412,0.0,0
4356,1.0,-0.99172130049196,-0.915502584255248,-0.22585497996212162,-0.1380713552582695,-0.3362948217714412,0.0,0
4357,1.0,-0.5341960119600677,0.010488112826017222,-1.1226030349758407,0.32839239864022746,-0.3362948217714412,0.0,0
4358,1.0,0.002142157916666442,-0.37176884931786924,-0.22585497996212162,-0.6288048153949815,-0.3362948217714412,0.0,0
4359,1.0,-0.38098841192788035,-0.4360737588374015,-0.22585497996212162,0.8992158893630497,2.833611433315728,0.0,0
4360,1.0,-1.2305252235249442,-0.8840646284901433,-0.22585497996212162,-0.07933866616178863,-0.3362948217714412,0.0,0
4361,1.0,1.1575140068048986,4.484680817396143,0.6708930750515975,1.77875004343597,-0.3362948217714412,0.0,0
4362,1.0,-1.3345082436458289,-0.9447970430363682,-1.1226030349758407,-0.12448031976486884,2.833611433315728,0.0,0
4363,1.0,0.9988171743800638,1.7617251487412806,1.5676411300653166,1.5544979577948612,-0.3362948217714412,0.0,0
4364,1.0,0.9550818268614082,0.34273014534360097,-0.22585497996212162,-1.1496327112670806,-0.3362948217714412,0.0,0
4365,1.0,-0.7658594700920472,-0.461081223650553,-0.22585497996212162,-1.4549456157438283,-0.3362948217714412,0.0,0
4366,1.0,-0.20604702185325902,0.3755970990980285,-1.1226030349758407,0.2720866801675681,-0.3362948217714412,0.0,0
4367,1.0,0.02731229669270883,-0.461081223650553,-1.1226030349758407,-0.10846231364764666,-0.3362948217714412,1.0,0
4368,1.0,-0.06770051439628812,1.010072206357414,-1.1226030349758407,-1.1889496353729891,-0.3362948217714412,0.0,0
4369,1.0,-1.153765225839141,-0.9397955500737379,-1.1226030349758407,0.1099650424962904,-0.3362948217714412,0.0,0
4370,1.0,-0.2206849749003193,0.5156389020516767,-0.22585497996212162,-0.9122749842573354,-0.3362948217714412,0.0,0
4371,1.0,1.021889801591436,0.10694547710531578,-1.1226030349758407,0.4803207596914548,2.833611433315728,0.0,0
4372,1.0,0.2888318236920152,-0.5782590587750341,-0.22585497996212162,0.4876016715629194,-0.3362948217714412,0.0,0
4373,1.0,0.04070066838209311,0.9286193209660066,-0.22585497996212162,-0.7535511054594077,-0.3362948217714412,0.0,0
4374,1.0,-0.4012494810844819,-0.48608868846370445,-0.22585497996212162,1.8957300275041675,-0.3362948217714412,0.0,0
4375,1.0,-1.1412694122623823,-0.6639989381344105,0.6708930750515975,0.2618934035475178,-0.3362948217714412,0.0,0
4376,1.0,0.2690170335917265,-0.5653980768711276,0.6708930750515975,1.7161342013413747,-0.3362948217714412,0.0,0
4377,1.0,1.57598987790942,2.30545888367866,-0.22585497996212162,-0.402125759130051,-0.3362948217714412,0.0,1
4378,1.0,-0.23443036983475377,-0.3781993402698225,0.6708930750515975,-0.06623302479315221,-0.3362948217714412,0.0,0
4379,1.0,-1.1857634341767695,-0.880492133516836,-0.22585497996212162,0.05754247702174533,-0.3362948217714412,0.0,0
4380,1.0,-0.9179067445778213,-0.7611708014083705,-1.1226030349758407,1.433149426603785,-0.3362948217714412,0.0,0
4381,1.0,-0.9708354406565205,-0.8704891475915755,0.6708930750515975,-0.6676363453761258,-0.3362948217714412,0.0,0
4382,1.0,-0.7201604947256155,-0.8483396787570698,0.6708930750515975,1.3812122552540047,-0.3362948217714412,0.0,0
4383,1.0,-0.5613744064895179,-0.6068390185614929,-1.1226030349758407,0.16627076096894974,-0.3362948217714412,0.0,0
4384,1.0,-1.1198480175593675,-0.8783486365328516,-1.1226030349758407,-1.386019650027297,-0.3362948217714412,0.0,0
4385,1.0,-0.9116142098838107,-0.8326207008745176,-0.22585497996212162,0.21966411469302333,-0.3362948217714412,1.0,0
4386,1.0,0.3467142172957867,2.0953961792481874,-1.1226030349758407,-0.6987015693610414,-0.3362948217714412,0.0,0
4387,1.0,0.23224363935155096,0.1748228815981555,-1.1226030349758407,-1.4301905153808487,-0.3362948217714412,0.0,0
4388,1.0,-1.1398859471878127,-0.809042234050689,-1.1226030349758407,-0.3807684176404218,2.833611433315728,0.0,0
4389,1.0,0.6296551389981078,1.336598246917706,-1.1226030349758407,0.11676056024299072,-0.3362948217714412,0.0,0
4390,1.0,-0.24371297420606014,-0.4560797306879228,0.6708930750515975,0.5390534487879359,-0.3362948217714412,0.0,0
4391,1.0,-0.8930043732355665,-0.50823815729821,1.5676411300653166,-0.8598524187827905,-0.3362948217714412,0.0,0
4392,1.0,-0.5365612909585257,-0.5153831472448247,0.6708930750515975,-0.031770041934886604,-0.3362948217714412,0.0,0
4393,1.0,0.3758116117673818,0.09694249118005512,-1.1226030349758407,-0.22301532709202262,-0.3362948217714412,0.0,0
4394,1.0,-0.8569003975798604,-0.7854637672268605,0.6708930750515975,0.27888219791426844,-0.3362948217714412,0.0,0
4395,1.0,3.3369624062141345,2.707721817673067,-1.1226030349758407,2.4515063003592963,-0.3362948217714412,0.0,0
4396,1.0,-1.1082001341896033,-0.7926087571734752,-0.22585497996212162,1.4812034449554512,-0.3362948217714412,0.0,1
4397,1.0,1.858752287989216,4.924097699112948,-1.1226030349758407,-0.9933358030929743,-0.3362948217714412,0.0,0
4398,1.0,0.3802744023305099,-0.18242661573257968,1.5676411300653166,-1.381651102904418,-0.3362948217714412,0.0,0
4399,1.0,0.22429987214918307,0.03692457562849168,-0.22585497996212162,-1.1326439169003297,-0.3362948217714412,0.0,0
4400,1.0,-1.290237361259598,-0.9840944877427492,-1.1226030349758407,-0.7608320173308724,-0.3362948217714412,0.0,0
4401,1.0,2.3850491790989126,0.7128406245782424,-0.22585497996212162,-1.6403661714037927,-0.3362948217714412,0.0,0
4402,1.0,-1.0254153692435772,-0.8854936264794663,1.5676411300653166,0.13714711348309144,-0.3362948217714412,0.0,0
4403,1.0,1.7740038951954133,1.0715191198983003,0.6708930750515975,-1.3714578262843677,-0.3362948217714412,0.0,0
4404,1.0,-0.7161439832188002,-0.6532814532144884,0.6708930750515975,-0.3137840284229476,-0.3362948217714412,0.0,0
4405,1.0,-0.025259376140939992,-0.07596626552802066,2.464389185079036,-1.140895617021323,-0.3362948217714412,0.0,0
4406,1.0,2.499564384948779,1.4866430357966147,-0.22585497996212162,-1.0598347981856842,-0.3362948217714412,0.0,0
4407,1.0,-1.0350103689543024,-0.8233322139439184,1.5676411300653166,1.2394771708228276,-0.3362948217714412,0.0,0
4408,1.0,-0.40767589949538635,0.4313280206816232,-1.1226030349758407,1.7442870605777046,-0.3362948217714412,0.0,0
4409,1.0,-0.784737074174079,-0.6511379562305041,-0.22585497996212162,1.9447548341053624,-0.3362948217714412,0.0,0
4410,1.0,1.7250917106235297,0.06621903440961191,-0.22585497996212162,0.5963299555101236,2.833611433315728,0.0,0
4411,1.0,4.312528423313935,1.9367774024333413,-0.22585497996212162,1.7297252368347753,-0.3362948217714412,0.0,0
4412,1.0,-0.7918329111694526,-0.7018673848514684,1.5676411300653166,-0.5356091434402349,-0.3362948217714412,0.0,0
4413,1.0,-0.4290972941984012,-0.14098567404221443,-1.1226030349758407,0.21723714406920178,-0.3362948217714412,0.0,0
4414,1.0,-1.0157757416272204,-0.7454518235258182,1.5676411300653166,-0.2642738276969886,-0.3362948217714412,0.0,0
4415,1.0,0.49952016617729245,-0.24101553329482023,-0.22585497996212162,-0.18272761473658547,-0.3362948217714412,0.0,0
4416,1.0,0.5959164423408594,0.1290949459398213,0.6708930750515975,-0.6710341042494758,-0.3362948217714412,0.0,0
4417,1.0,5.142161188999449,7.273370393559862,0.6708930750515975,-1.8587935275477296,2.833611433315728,0.0,0
4418,1.0,-0.6994977744183325,-0.8119002300293349,-0.22585497996212162,-1.253992448091406,-0.3362948217714412,0.0,0
4419,1.0,-0.6556731710884145,-0.3810573362484683,-1.1226030349758407,0.5380826605384069,-0.3362948217714412,0.0,0
4420,1.0,1.4486664631433754,-0.3832008332324528,-0.22585497996212162,1.4049965673674556,-0.3362948217714412,0.0,0
4421,1.0,0.8006692733771763,0.5635103346939951,1.5676411300653166,-0.333685187538284,-0.3362948217714412,0.0,0
4422,1.0,-0.6705342636636311,-0.6075535175561544,-1.1226030349758407,1.301122224667894,-0.3362948217714412,0.0,0
4423,1.0,0.2974450094788525,-0.33818739656878016,3.361137240092755,0.7773819640472092,-0.3362948217714412,0.0,1
4424,1.0,0.4720293763084235,2.16970407469298,0.6708930750515975,1.6258508941352143,-0.3362948217714412,0.0,1
4425,1.0,-0.43360471266716055,-0.6511379562305041,0.6708930750515975,-0.6957892046124554,-0.3362948217714412,0.0,0
4426,1.0,-0.18453637133898165,-0.2267255534015908,0.6708930750515975,1.1249241573784514,-0.3362948217714412,0.0,0
4427,1.0,1.6729663168461935,1.8346040461967503,-1.1226030349758407,1.2210321940817839,2.833611433315728,0.0,0
4428,1.0,-1.1277917847617356,-0.7597418034190475,-1.1226030349758407,-0.1434106906306768,2.833611433315728,0.0,0
4429,1.0,-1.2691729898016337,-0.954800028961629,-0.22585497996212162,0.8929057657411139,-0.3362948217714412,0.0,0
4430,1.0,0.3802744023305099,0.20340284138461415,-1.1226030349758407,1.6001250055227056,-0.3362948217714412,0.0,0
4431,1.0,-0.8469483746240846,-0.7097268737927446,-0.22585497996212162,-1.7913237442054912,-0.3362948217714412,0.0,0
4432,1.0,2.4000441553910226,0.44990499454282135,-0.22585497996212162,-0.9637267614823517,-0.3362948217714412,0.0,0
4433,1.0,-0.1163449315343845,0.5063504151210776,-0.22585497996212162,-1.073911227803849,-0.3362948217714412,0.0,0
4434,1.0,0.41526268034543407,-0.4760857025384439,1.5676411300653166,0.013857005792958135,-0.3362948217714412,0.0,0
4435,1.0,-0.7235968434592241,-0.6518524552251656,-0.22585497996212162,0.9365912369699014,-0.3362948217714412,0.0,0
4436,1.0,0.1748967806153551,-0.38034283725380685,-0.22585497996212162,-0.5657035791756218,-0.3362948217714412,0.0,0
4437,1.0,-0.6481756829423594,-0.698294889878161,-0.22585497996212162,1.7816624081845562,-0.3362948217714412,0.0,0
4438,1.0,-0.790627957717408,-0.6075535175561544,-0.22585497996212162,0.038612106155937645,-0.3362948217714412,0.0,0
4439,1.0,-0.6287625439927522,-0.4467912437573236,-0.22585497996212162,-0.7156903637277922,2.833611433315728,0.0,0
4440,1.0,1.6780538980881594,0.3541621292581844,-0.22585497996212162,-1.5913413648025978,-0.3362948217714412,0.0,0
4441,1.0,1.311346397515924,-0.05810379066148389,-0.22585497996212162,-1.1739024175052957,-0.3362948217714412,0.0,0
4442,1.0,0.10300122464336146,1.131537035449864,1.5676411300653166,-0.2642738276969886,-0.3362948217714412,0.0,0
4443,1.0,1.3759229769643877,0.21126233032589042,-0.22585497996212162,-0.4166875828729802,-0.3362948217714412,0.0,0
4444,1.0,-0.918665418973553,-0.7204443587126667,-0.22585497996212162,-1.2792329425791498,2.833611433315728,0.0,0
4445,1.0,0.10929375933737193,0.22769580720310423,-1.1226030349758407,-0.38950551188617916,-0.3362948217714412,0.0,0
4446,1.0,-0.626352637088663,-0.39534731614169777,-0.22585497996212162,0.7924291819149026,-0.3362948217714412,0.0,0
4447,1.0,-0.7681801211848738,-0.7061543788194373,0.6708930750515975,0.43760607671219615,-0.3362948217714412,0.0,0
4448,1.0,-0.4944771759482278,-0.5325311231167,1.5676411300653166,-1.203026064991154,2.833611433315728,0.0,0
4449,1.0,-0.0936739554736936,-0.2974609538730763,-1.1226030349758407,1.4108212968646272,-0.3362948217714412,0.0,1
4450,1.0,-0.6712929380593627,-0.1274101931436464,-1.1226030349758407,-0.7880140883176734,-0.3362948217714412,0.0,0
4451,1.0,-0.35742487775456405,-0.5661125758657891,0.6708930750515975,-1.3636915202881388,-0.3362948217714412,0.0,0
4452,1.0,0.04721634260426029,0.39488857195388827,0.6708930750515975,-0.14680844950402683,-0.3362948217714412,0.0,0
4453,1.0,0.16070510662460774,0.2534177710109171,0.6708930750515975,-0.6661801630018328,-0.3362948217714412,0.0,0
4454,1.0,-1.064152391331529,-0.9562290269509517,1.5676411300653166,0.38421272298812253,-0.3362948217714412,0.0,0
4455,1.0,0.2622782198414031,0.11480496604659188,0.6708930750515975,0.7671886874271588,-0.3362948217714412,0.0,0
4456,1.0,-0.2911970657977431,-0.47322770655979807,-1.1226030349758407,-0.8035467003101312,-0.3362948217714412,0.0,0
4457,1.0,0.19038266386940947,1.5373724644175792,-0.22585497996212162,1.6481790238743719,-0.3362948217714412,0.0,1
4458,1.0,0.5754322336561015,0.760712057220561,2.464389185079036,-0.2594198864493455,-0.3362948217714412,0.0,0
4459,1.0,0.7576479723486215,-0.5375326160793303,-0.22585497996212162,-0.12205334914104732,-0.3362948217714412,0.0,0
4460,1.0,1.3059464209345388,1.5452319533588552,1.5676411300653166,0.03424355903305885,-0.3362948217714412,0.0,0
4461,1.0,-1.2063815265784215,-0.9690900088548584,1.5676411300653166,0.28130916853808996,-0.3362948217714412,0.0,0
4462,1.0,-0.18694627824307092,-0.04738630574156183,0.6708930750515975,-0.3137840284229476,-0.3362948217714412,0.0,0
4463,1.0,-1.0020749745984172,-0.8797776345221745,-0.22585497996212162,-0.20020180322810038,-0.3362948217714412,0.0,0
4464,1.0,-0.42427748039022284,-0.47965819751175126,-0.22585497996212162,-0.7098656342306203,-0.3362948217714412,0.0,0
4465,1.0,0.48171363183041155,-0.07239377055471331,0.6708930750515975,0.2934440216571976,-0.3362948217714412,0.0,0
4466,1.0,-0.007318958077165137,-0.45107823772529243,-0.22585497996212162,0.2138393851958515,-0.3362948217714412,0.0,0
4467,1.0,0.12754657274056597,0.42132503475636274,-0.22585497996212162,-0.3249480932925267,-0.3362948217714412,0.0,0
4468,1.0,-0.41178166681346423,-0.5746865638017268,1.5676411300653166,-0.043419500929229984,-0.3362948217714412,0.0,0
4469,1.0,1.5314958559950331,0.7885775180123584,-0.22585497996212162,1.962229022596877,-0.3362948217714412,0.0,0
4470,1.0,-0.9764585567660619,-0.8719181455808984,-1.1226030349758407,-1.7578315495967545,-0.3362948217714412,0.0,0
4471,1.0,0.6151510696679414,0.8671724074251201,0.6708930750515975,0.022594100038715467,2.833611433315728,0.0,1
4472,1.0,1.8031905454782715,0.7614265562152224,-0.22585497996212162,0.15898984909748518,-0.3362948217714412,0.0,0
4473,1.0,-0.1503513956254206,-0.07739526351734345,-0.22585497996212162,-0.7462701935879432,-0.3362948217714412,0.0,0
4474,1.0,0.025973459523770604,2.371192791187515,0.6708930750515975,0.8705776360019557,-0.3362948217714412,0.0,0
4475,1.0,-0.635590613554338,-0.714728366755375,-1.1226030349758407,1.7535095489482264,-0.3362948217714412,0.0,0
4476,1.0,-0.3230167625128464,-0.3367583985794572,-0.22585497996212162,-0.500660766457205,-0.3362948217714412,0.0,0
4477,1.0,-1.2552937111503053,-0.9419390470577225,0.6708930750515975,-0.8758704249000125,-0.3362948217714412,0.0,0
4478,1.0,-0.0569898170447808,0.08693950525479464,1.5676411300653166,0.33858567526027783,-0.3362948217714412,0.0,0
4479,1.0,-0.5298671051138335,-0.12169420118635467,1.5676411300653166,0.06579417714273868,-0.3362948217714412,0.0,0
4480,1.0,-1.1411355285454887,-0.9040706003406646,1.5676411300653166,0.3094620277744195,-0.3362948217714412,0.0,0
4481,1.0,-0.31319862327396464,0.015489605788647559,2.464389185079036,-1.21613170635979,-0.3362948217714412,0.0,0
4482,1.0,1.249849143556019,0.2648497549255007,-0.22585497996212162,-0.3463054347821562,-0.3362948217714412,0.0,0
4483,1.0,-0.8930490011411978,-0.6468509622625354,-0.22585497996212162,0.6992335099601561,-0.3362948217714412,0.0,0
4484,1.0,-0.5944883124679284,0.7249871074874874,-0.22585497996212162,-0.7695691115766298,-0.3362948217714412,1.0,0
4485,1.0,0.18395624545850503,0.26127725995219336,-0.22585497996212162,0.10947964837152614,-0.3362948217714412,0.0,0
4486,1.0,-1.1099406225092232,-0.9226475742018627,-0.22585497996212162,-0.3555279231526778,-0.3362948217714412,0.0,0
4487,1.0,-0.7366728198091894,-0.8511976747357157,0.6708930750515975,0.3652823521223146,2.833611433315728,0.0,0
4488,1.0,-0.11960276864546783,0.18482586752341598,-0.22585497996212162,-1.0777943808019632,-0.3362948217714412,0.0,0
4489,1.0,-0.8873366292203939,-0.6797179160169629,-0.22585497996212162,0.8225236176502899,-0.3362948217714412,0.0,0
4490,1.0,0.45538316750795566,0.024063593724585247,2.464389185079036,0.20947083807297295,-0.3362948217714412,0.0,0
4491,1.0,1.6692622006787974,-0.29674645487841494,0.6708930750515975,-0.5055147077048482,-0.3362948217714412,0.0,0
4492,1.0,-0.8147270267582998,0.028350587692553993,0.6708930750515975,-1.230208135977955,-0.3362948217714412,0.0,0
4493,1.0,0.7656809953622521,0.49849092617980134,-0.22585497996212162,-1.5481412876985747,-0.3362948217714412,0.0,0
4494,1.0,0.46305916727653607,0.3370141533863092,0.6708930750515975,0.1968505908291008,-0.3362948217714412,0.0,0
4495,1.0,-0.4733235486790006,-0.6711439280810252,-1.1226030349758407,-1.0879876574220138,-0.3362948217714412,0.0,0
4496,1.0,-0.3403770178034147,0.004772120868725496,-1.1226030349758407,-0.7724814763252157,-0.3362948217714412,0.0,0
4497,1.0,-0.023429632010057617,-0.060961786640129655,0.6708930750515975,1.1360882222480309,-0.3362948217714412,0.0,0
4498,1.0,1.1847816571456113,-0.12883919113296938,0.6708930750515975,-0.7200589108506706,-0.3362948217714412,0.0,0
4499,1.0,-1.1825948528769485,-0.844052684789101,-0.22585497996212162,-0.9685807027299947,-0.3362948217714412,0.0,0
4500,1.0,0.28976900971027203,-0.025236836907056116,-0.22585497996212162,1.849132191526794,-0.3362948217714412,0.0,0
4501,1.0,-0.8140129802681993,-0.6347044793532902,0.6708930750515975,-0.10749152539811815,-0.3362948217714412,0.0,0
4502,1.0,-0.8533747930349891,-0.6197000004653993,0.6708930750515975,1.7505971841996404,-0.3362948217714412,0.0,0
4503,1.0,-0.6728549147564578,-0.3510483784726866,-1.1226030349758407,-0.00507336507284982,-0.3362948217714412,0.0,0
4504,1.0,-0.4574360142742646,0.48348644729191054,-0.22585497996212162,1.555954140169154,2.833611433315728,0.0,0
4505,1.0,0.0031239718405547444,-0.111691215261094,0.6708930750515975,-0.7977219708129595,-0.3362948217714412,0.0,0
4506,1.0,0.5701215128859789,0.28199773079737595,0.6708930750515975,-1.9350004051357255,-0.3362948217714412,0.0,0
4507,1.0,-1.25511519952778,-0.9605160209189206,1.5676411300653166,-1.0763381984276705,-0.3362948217714412,0.0,0
4508,1.0,-0.5402654071259221,-0.47965819751175126,-0.22585497996212162,0.8744607890000703,-0.3362948217714412,0.0,0
4509,1.0,1.1754544248686734,1.0636596309570243,-1.1226030349758407,-0.3331997934135198,-0.3362948217714412,0.0,0
4510,1.0,1.2812225612148094,1.2944428062326792,0.6708930750515975,-0.23272320958730874,-0.3362948217714412,0.0,0
4511,1.0,-0.7908064693399331,-0.41749678497620335,0.6708930750515975,-0.2594198864493455,-0.3362948217714412,1.0,0
4512,1.0,0.06716501642144274,-0.30246244683570667,-0.22585497996212162,-1.029254968325533,-0.3362948217714412,0.0,0
4513,1.0,1.014793964596062,0.3941740729592267,1.5676411300653166,0.9074675894840432,-0.3362948217714412,0.0,0
4514,1.0,0.0424857846073445,-0.5060946603142257,-1.1226030349758407,-0.955960455486123,-0.3362948217714412,0.0,0
4515,1.0,0.2839673819782057,-0.5168121452341476,-1.1226030349758407,-0.43513255961402386,-0.3362948217714412,0.0,0
4516,1.0,1.446167300428024,3.9866750181170985,-1.1226030349758407,0.029389617785415795,2.833611433315728,0.0,0
4517,1.0,-1.0528615312068148,-0.7404503305631879,-1.1226030349758407,1.1749197522291752,2.833611433315728,0.0,0
4518,1.0,-0.1210308616256688,-0.2760259840332323,-1.1226030349758407,-0.2773794690656247,-0.3362948217714412,0.0,0
4519,1.0,0.36951907707337106,1.0750916148716076,0.6708930750515975,0.05463011227315955,-0.3362948217714412,0.0,1
4520,1.0,0.5119267239427887,0.14052692985440496,-0.22585497996212162,0.7448605576880012,-0.3362948217714412,0.0,0
4521,1.0,-0.7253819596844753,-0.5075236583035486,3.361137240092755,-1.2379744419741838,-0.3362948217714412,0.0,0
4522,1.0,-0.1660604184076314,-0.617556503481415,0.6708930750515975,0.20655847332438693,-0.3362948217714412,0.0,0
4523,1.0,-1.2858191986021013,-0.9862379847267335,-1.1226030349758407,-1.040419033195112,-0.3362948217714412,0.0,0
4524,1.0,-0.3106102047473503,-0.37176884931786924,1.5676411300653166,-1.1399248287717945,-0.3362948217714412,0.0,0
4525,1.0,-1.3345082436458289,-0.9690900088548584,-0.22585497996212162,1.7879725318064918,2.833611433315728,0.0,0
4526,1.0,-0.6834763562967026,0.244129284080318,1.5676411300653166,-0.028372283061536576,-0.3362948217714412,0.0,0
4527,1.0,0.3463571940507363,-0.4653682176185219,-0.22585497996212162,0.11870213674204773,-0.3362948217714412,0.0,0
4528,1.0,0.4203948894930315,0.09908598816403968,-0.22585497996212162,1.4841158097040372,-0.3362948217714412,0.0,0
4529,1.0,0.3439919150522785,-0.6968658918888382,-0.22585497996212162,0.02307949416347972,-0.3362948217714412,0.0,0
4530,1.0,1.1603701927653005,0.7864340210283738,0.6708930750515975,-1.022944844703597,-0.3362948217714412,0.0,0
4531,1.0,1.7247793152841107,1.2065594298893183,2.464389185079036,0.4157633410978024,-0.3362948217714412,0.0,0
4532,1.0,-0.9321876743798312,-0.5603965839084973,-0.22585497996212162,0.9147485013555074,-0.3362948217714412,0.0,0
4533,1.0,-0.14472827951587897,-0.5804025557590186,-0.22585497996212162,0.8307753177712828,-0.3362948217714412,0.0,0
4534,1.0,1.2680573290535813,0.14481392382237368,-1.1226030349758407,-1.8185058151922924,2.833611433315728,0.0,0
4535,1.0,4.303781353810205,1.8103110803782607,1.5676411300653166,-1.72579553736231,-0.3362948217714412,0.0,0
4536,1.0,-0.6608053802360118,-0.06739227759208298,-0.22585497996212162,-0.6559868863817825,-0.3362948217714412,0.0,0
4537,1.0,-0.9569115340995608,-0.3846298312217757,-0.22585497996212162,1.9777616345893352,-0.3362948217714412,0.0,0
4538,1.0,0.04909071464077391,0.27270924386677686,-1.1226030349758407,1.5962418525245916,-0.3362948217714412,0.0,0
4539,1.0,-0.9010820241548284,-0.7475953205098026,0.6708930750515975,0.311888998398241,-0.3362948217714412,0.0,0
4540,1.0,-0.7902709344723579,-0.4317867648694328,-0.22585497996212162,-1.305444225316422,-0.3362948217714412,0.0,0
4541,1.0,3.2111563402395533,2.521952079061085,-1.1226030349758407,0.15753366672319213,-0.3362948217714412,0.0,0
4542,1.0,0.7535868329361748,0.13623993588643601,-1.1226030349758407,-0.5098832548277267,-0.3362948217714412,0.0,0
4543,1.0,0.04199487764540035,-0.7368778355898805,-1.1226030349758407,2.0481437826801594,-0.3362948217714412,0.0,0
4544,1.0,-0.9251364652900887,-0.8569136666930075,-0.22585497996212162,-0.35115937602979924,-0.3362948217714412,0.0,0
4545,1.0,-0.873368094757803,-0.7933232561681366,0.6708930750515975,-1.0695426806809702,-0.3362948217714412,0.0,0
4546,1.0,-0.7306034246433353,-0.7168718637393593,0.6708930750515975,2.3481173517844995,2.833611433315728,0.0,0
4547,1.0,0.2567889874487555,0.3841710870339662,-1.1226030349758407,1.044348732667577,-0.3362948217714412,0.0,0
4548,1.0,-0.9871692541175694,-0.8883516224581122,1.5676411300653166,-0.9554750613613585,-0.3362948217714412,0.0,0
4549,1.0,1.625392969443248,-0.44178975079469335,1.5676411300653166,1.3661650373863112,-0.3362948217714412,0.0,1
4550,1.0,-0.9437016740327018,-0.8004682461147513,-0.22585497996212162,0.7861190582929668,-0.3362948217714412,0.0,0
4551,1.0,-0.33528943656144866,-0.42821426989612543,-0.22585497996212162,-1.4059208091426334,-0.3362948217714412,0.0,0
4552,1.0,-0.2863772519895647,-0.6611409421557647,-0.22585497996212162,-1.5258131579594167,-0.3362948217714412,0.0,0
4553,1.0,-0.9021530938899791,-0.7990392481254284,-0.22585497996212162,1.05599819166192,-0.3362948217714412,0.0,0
4554,1.0,-0.8411021189863868,-0.5996940286148782,0.6708930750515975,-0.5375507199392923,2.833611433315728,0.0,0
4555,1.0,-0.8177170964355955,-0.6975803908834997,-1.1226030349758407,-0.2302962389634872,-0.3362948217714412,0.0,0
4556,1.0,-0.20256604521401925,-0.2903159639264616,-0.22585497996212162,0.3482935577555639,-0.3362948217714412,0.0,1
4557,1.0,-0.5104985940698576,-0.555395090945867,-0.22585497996212162,-0.10506455477429663,-0.3362948217714412,0.0,0
4558,1.0,0.899296944822307,0.38702908301261196,-1.1226030349758407,1.1234679750041587,-0.3362948217714412,0.0,0
4559,1.0,-0.38375534207701983,-0.5968360326362323,-0.22585497996212162,0.4167341293473309,-0.3362948217714412,0.0,0
4560,1.0,-1.1514445747463145,-0.9447970430363682,-0.22585497996212162,0.5701186727728512,2.833611433315728,0.0,0
4561,1.0,0.8053552034684608,-0.3403308935527646,-1.1226030349758407,1.549644016547218,-0.3362948217714412,0.0,1
4562,1.0,-0.031194887589900286,1.4066191483945298,-1.1226030349758407,-0.7710252939509227,-0.3362948217714412,0.0,0
4563,1.0,-0.9029563961913423,-0.8197597189706111,0.6708930750515975,0.8171842822778821,-0.3362948217714412,0.0,0
4564,1.0,-0.15655467450816857,-0.3674818553499004,-1.1226030349758407,1.9437840458558338,2.833611433315728,0.0,0
4565,1.0,-0.6505855898464485,-0.5239571351807624,-1.1226030349758407,-0.16962197336794907,2.833611433315728,0.0,0
4566,1.0,0.16378443211316612,0.3120066885731577,-1.1226030349758407,-0.835097318419811,-0.3362948217714412,0.0,0
4567,1.0,-0.48318631582351373,-0.3110364347716442,-0.22585497996212162,-1.1598259878871309,-0.3362948217714412,0.0,0
4568,1.0,2.5965408238855523,1.125821043492572,-0.22585497996212162,-0.09923982527712508,-0.3362948217714412,0.0,0
4569,1.0,1.637174736529906,2.118974646072016,-0.22585497996212162,1.1637556873595958,-0.3362948217714412,0.0,0
4570,1.0,0.9723974542463452,0.5956627894537613,-1.1226030349758407,0.37353405224330793,-0.3362948217714412,0.0,0
4571,1.0,-0.22858411419705596,-0.7540258114617557,-0.22585497996212162,-0.7977219708129595,-0.3362948217714412,0.0,0
4572,1.0,-0.9745841847295481,-0.8847791274848048,-0.22585497996212162,-0.2958244458066684,-0.3362948217714412,0.0,0
4573,1.0,0.16003568804013837,2.3183198655825663,-0.22585497996212162,1.3778144963806542,-0.3362948217714412,0.0,0
4574,1.0,-0.2258171840479165,0.48848794025454084,1.5676411300653166,0.6817593214686415,-0.3362948217714412,0.0,0
4575,1.0,1.1482314024335925,1.0422246611171802,-1.1226030349758407,1.1181286396317514,-0.3362948217714412,0.0,0
4576,1.0,-0.49898459441698717,-0.5425341090419606,0.6708930750515975,-0.9807155558491024,-0.3362948217714412,0.0,0
4577,1.0,-0.16083895344877147,0.18768386350206193,-1.1226030349758407,0.19345283195575078,-0.3362948217714412,0.0,0
4578,1.0,1.9088694260131445,0.7385625883860555,-0.22585497996212162,-0.8117984004311244,-0.3362948217714412,0.0,0
4579,1.0,-0.5954254984861852,-0.48251619349039715,0.6708930750515975,0.622055844122632,-0.3362948217714412,0.0,0
4580,1.0,-0.8674325833088425,-0.3224684186862278,-1.1226030349758407,-1.4923209633506795,-0.3362948217714412,0.0,0
4581,1.0,-0.6940531699313162,-0.47822919952242826,-1.1226030349758407,-0.009441912195728621,-0.3362948217714412,0.0,0
4582,1.0,0.08550708563589926,2.307602380662644,-1.1226030349758407,-1.252536265717113,-0.3362948217714412,0.0,0
4583,1.0,2.0401200964747415,2.7134378096303586,3.361137240092755,1.1720073874805892,-0.3362948217714412,0.0,0
4584,1.0,1.0768713813291741,-0.07025027357072874,3.361137240092755,-0.7787915999471516,-0.3362948217714412,0.0,0
4585,1.0,-0.8102642361951717,-0.7475953205098026,0.6708930750515975,-0.6336587566426245,-0.3362948217714412,0.0,0
4586,1.0,1.5588973900526395,0.3041471996318814,-1.1226030349758407,-0.5152225902001343,-0.3362948217714412,1.0,0
4587,1.0,-0.7290414479462405,-0.555395090945867,-1.1226030349758407,-0.8739288484009554,-0.3362948217714412,0.0,0
4588,1.0,-0.7801850277996883,-0.012375855003149683,0.6708930750515975,2.5277131779472923,-0.3362948217714412,0.0,0
4589,1.0,0.11995982878324826,0.11051797207862313,0.6708930750515975,-1.191862000121575,-0.3362948217714412,0.0,0
4590,1.0,1.6130756674890145,1.2187059127985633,0.6708930750515975,0.0585132652712741,-0.3362948217714412,0.0,0
4591,1.0,0.03873704053431676,0.2755672398454228,-0.22585497996212162,1.490425933325973,-0.3362948217714412,0.0,0
4592,1.0,-0.46158640949797375,-0.37462684529651513,1.5676411300653166,-0.03468240668347238,-0.3362948217714412,1.0,1
4593,1.0,0.6981143462364926,0.6728286808772,0.6708930750515975,0.43760607671219615,-0.3362948217714412,0.0,0
4594,1.0,-1.1393504123202374,-0.90192710335668,0.6708930750515975,1.926795251489083,-0.3362948217714412,0.0,0
4595,1.0,0.007318994969895142,-0.22386755742294495,0.6708930750515975,0.1046257071238831,-0.3362948217714412,0.0,0
4596,1.0,-0.28767146125287196,0.08836850324411762,-1.1226030349758407,1.4161606322370346,-0.3362948217714412,0.0,0
4597,1.0,-0.3975007370114543,-0.7818912722535531,-1.1226030349758407,-1.3899028030254112,-0.3362948217714412,0.0,0
4598,1.0,-0.6056452888757486,-0.4925191794156577,0.6708930750515975,2.4238388352477314,-0.3362948217714412,0.0,0
4599,1.0,-0.8464128397565093,-0.8533411717197001,1.5676411300653166,-0.6414250626388533,-0.3362948217714412,0.0,0
4600,1.0,0.35796044951486944,1.087238097780853,-0.22585497996212162,0.737094251691772,-0.3362948217714412,0.0,0
4601,1.0,-1.0064038814446514,-0.8054697390773816,-1.1226030349758407,-1.4894085986020937,-0.3362948217714412,0.0,0
4602,1.0,-0.8438690491355263,0.198401348421984,-1.1226030349758407,-1.3695162497853106,-0.3362948217714412,0.0,0
4603,1.0,-0.22952130021531275,-0.3038914448250295,0.6708930750515975,-0.5069708900791409,-0.3362948217714412,1.0,0
4604,1.0,-0.7050762626222425,-0.5939780366575864,-0.22585497996212162,-1.1452641641442016,-0.3362948217714412,0.0,0
4605,1.0,0.6711590912351991,0.4277555257083158,-1.1226030349758407,0.6332199089922109,-0.3362948217714412,0.0,0
4606,1.0,-0.20640404509830945,-0.7040108818354529,0.6708930750515975,-0.23272320958730874,-0.3362948217714412,0.0,0
4607,1.0,-0.43788899160776357,-0.6332754813639673,-0.22585497996212162,-1.2292373477284266,-0.3362948217714412,0.0,1
4608,1.0,0.6940085789184149,0.1369544348810976,-0.22585497996212162,-1.8350092154342788,-0.3362948217714412,0.0,0
4609,1.0,0.07729555099974368,-0.14598716700484465,-1.1226030349758407,-0.33805373466116284,-0.3362948217714412,0.0,0
4610,1.0,-0.7111010298824655,-0.7111558717820676,-1.1226030349758407,0.059484053520802604,-0.3362948217714412,0.0,0
4611,1.0,0.952181012995375,4.161727271809158,2.464389185079036,-1.258360995214285,-0.3362948217714412,0.0,1
4612,1.0,1.5048976242387895,-0.44607674476266207,1.5676411300653166,0.6929233863382204,-0.3362948217714412,0.0,0
4613,1.0,0.21104538417669252,-0.40820829804560416,-0.22585497996212162,0.5681770962737943,-0.3362948217714412,0.0,0
4614,1.0,1.3187100019450853,-0.45536523169326126,-1.1226030349758407,1.2817064596773218,-0.3362948217714412,0.0,0
4615,1.0,-1.0770944839646004,-0.8654876546289451,-0.22585497996212162,-0.7443286170888861,-0.3362948217714412,0.0,1
4616,1.0,-0.5324108957348166,-0.5146686482501633,1.5676411300653166,0.30460808652677646,-0.3362948217714412,0.0,0
4617,1.0,-0.3435455991032356,-0.676859920038317,0.6708930750515975,-0.9603290026090016,-0.3362948217714412,0.0,0
4618,1.0,-0.613812195606273,-0.5389616140686533,-0.22585497996212162,0.2046168968253299,-0.3362948217714412,0.0,0
4619,1.0,-0.7004795883422206,-0.8354786968531633,0.6708930750515975,1.7282690544604826,-0.3362948217714412,0.0,0
4620,1.0,-0.3828181560587629,0.9157583390620999,0.6708930750515975,-1.6005638531731194,-0.3362948217714412,0.0,0
4621,1.0,0.8683251783141983,0.5813728095605318,-1.1226030349758407,0.3327609457631063,-0.3362948217714412,0.0,0
4622,1.0,-0.5546355927391945,-0.8669166526182681,-1.1226030349758407,-0.8244186476749963,-0.3362948217714412,0.0,0
4623,1.0,-0.7439471684270882,-0.7518823144777713,-0.22585497996212162,2.6044054496600526,-0.3362948217714412,1.0,0
4624,1.0,-0.7283720293617713,-0.6304174853853214,-0.22585497996212162,-0.5360945375649993,2.833611433315728,0.0,0
4625,1.0,1.499453019751773,0.8100124878522025,0.6708930750515975,0.9293103250984366,-0.3362948217714412,0.0,0
4626,1.0,-1.2727878501577674,-0.9840944877427492,1.5676411300653166,0.03667052965688037,-0.3362948217714412,0.0,0
4627,1.0,0.7962064828140482,0.28271222979203753,0.6708930750515975,0.5254624132945354,-0.3362948217714412,0.0,0
4628,1.0,0.974584221622278,-0.6332754813639673,-0.22585497996212162,-0.84626138328939,-0.3362948217714412,0.0,0
4629,1.0,0.09929710847596496,1.2251364037505166,-1.1226030349758407,-0.8215062829264105,-0.3362948217714412,0.0,0
4630,1.0,-0.918665418973553,-0.7676012923603237,-0.22585497996212162,1.2040433997150335,-0.3362948217714412,0.0,0
4631,1.0,0.6448732548183744,-0.011661356008488291,-1.1226030349758407,-0.8292725889226393,-0.3362948217714412,0.0,0
4632,1.0,-0.5740933595944331,-0.22958354938023667,0.6708930750515975,0.9254271721003225,-0.3362948217714412,0.0,0
4633,1.0,2.204707812442906,0.9057553531368393,-0.22585497996212162,-1.3593229731652603,-0.3362948217714412,0.0,0
4634,1.0,0.7073969506077992,-0.19171510266317876,1.5676411300653166,0.8924203716163497,2.833611433315728,0.0,0
4635,1.0,0.3246234040083025,0.03763907462315307,-1.1226030349758407,0.6963211452115706,-0.3362948217714412,0.0,0
4636,1.0,-0.003570214004137396,0.024063593724585247,-0.22585497996212162,-1.9350004051357255,-0.3362948217714412,0.0,0
4637,1.0,0.2469262203042425,1.1879824560281202,0.6708930750515975,-1.453004039244771,2.833611433315728,0.0,0
4638,1.0,-0.6680351009482793,-0.879063135527513,-0.22585497996212162,0.061911024144624134,-0.3362948217714412,0.0,0
4639,1.0,2.7717499813939614,0.9793487495869709,-1.1226030349758407,1.173948963979646,-0.3362948217714412,0.0,0
4640,1.0,-0.7535421681378136,-0.7383068335792035,0.6708930750515975,-1.0651741335580915,-0.3362948217714412,0.0,0
4641,1.0,-0.32569443685072325,-0.46608271661318335,0.6708930750515975,-0.2759232866913319,-0.3362948217714412,0.0,0
4642,1.0,2.317928809029465,2.349043322353009,-0.22585497996212162,0.5390534487879359,-0.3362948217714412,0.0,0
4643,1.0,-0.4560971771053261,-0.11883620520770871,-0.22585497996212162,-0.2851457750618538,-0.3362948217714412,0.0,0
4644,1.0,-0.28450287995305096,0.13838343287042038,-1.1226030349758407,1.6574015122448937,2.833611433315728,0.0,1
4645,1.0,0.3109672648851305,-0.5539660929565441,-0.22585497996212162,-0.7054970871077415,2.833611433315728,0.0,0
4646,1.0,-0.5769941734604662,-0.7125848697713905,-0.22585497996212162,-0.3094154813000691,-0.3362948217714412,0.0,0
4647,1.0,-0.5829296849094266,-0.37176884931786924,-0.22585497996212162,1.8559277092734947,-0.3362948217714412,0.0,0
4648,1.0,-0.5499496626479099,-0.3110364347716442,0.6708930750515975,0.5720602492719082,-0.3362948217714412,0.0,0
4649,1.0,-0.2741492058465937,-0.025951335901717706,0.6708930750515975,-0.3657211997727284,-0.3362948217714412,0.0,0
4650,1.0,-1.2230723632845204,-0.8461961817730854,2.464389185079036,0.8647529065047841,2.833611433315728,0.0,0
4651,1.0,-0.929777767475742,-0.5625400808924818,1.5676411300653166,-1.5267839462089452,-0.3362948217714412,0.0,0
4652,1.0,1.2206178653675297,1.634544327691539,1.5676411300653166,-0.1550601496250199,-0.3362948217714412,0.0,0
4653,1.0,-1.223027735378889,-0.8626296586502993,-1.1226030349758407,1.1113331218850513,-0.3362948217714412,0.0,0
4654,1.0,0.2371973368766232,-0.18599911070588704,-1.1226030349758407,-0.5695867321737363,-0.3362948217714412,0.0,0
4655,1.0,-0.3408232968597275,-0.15527565393544374,-0.22585497996212162,-1.0792505631762561,-0.3362948217714412,0.0,1
4656,1.0,0.14776301399153613,-0.3267554126541966,-1.1226030349758407,-0.6647239806275401,-0.3362948217714412,0.0,0
4657,1.0,0.080687271827721,2.082535197344281,0.6708930750515975,-0.7729668704499799,-0.3362948217714412,1.0,0
4658,1.0,-0.4959945247396914,0.41203654782576343,-0.22585497996212162,0.7511706813099369,-0.3362948217714412,0.0,0
4659,1.0,0.04092380791024956,-0.5968360326362323,0.6708930750515975,-0.32786045804111247,-0.3362948217714412,0.0,0
4660,1.0,-0.5937742659778279,-0.831906201879856,1.5676411300653166,0.06142563001985988,-0.3362948217714412,0.0,0
4661,1.0,-0.607608916723525,-0.32532641466487366,-1.1226030349758407,-0.28271880443803227,-0.3362948217714412,0.0,0
4662,1.0,-0.023875911066370274,-0.14670166599950615,-1.1226030349758407,0.49342640106009095,-0.3362948217714412,0.0,0
4663,1.0,0.14968201393368122,0.14624292181169668,-0.22585497996212162,0.543907390035579,-0.3362948217714412,0.0,0
4664,1.0,-1.087225018542901,-0.8526266727250387,-1.1226030349758407,1.170065810981532,-0.3362948217714412,1.0,0
4665,1.0,-0.8829184665628971,-0.7318763426272502,-0.22585497996212162,0.25218552105223163,-0.3362948217714412,0.0,0
4666,1.0,-0.650674845657711,-0.6790034170223014,-0.22585497996212162,-1.1651653232595383,-0.3362948217714412,0.0,0
4667,1.0,2.8806420711342873,0.9479107938218662,0.6708930750515975,-1.4331028801294345,-0.3362948217714412,0.0,0
4668,1.0,0.13767710731886668,-0.65399595220915,-1.1226030349758407,-0.3084446930505403,-0.3362948217714412,0.0,0
4669,1.0,1.2423962833155948,0.8371634496493382,0.6708930750515975,0.3609138049994358,-0.3362948217714412,0.0,0
4670,1.0,1.3920782788029114,-0.09597223737854181,-1.1226030349758407,-0.5647327909260933,-0.3362948217714412,0.0,0
4671,1.0,-0.7456430288410769,-0.6547104512038114,-1.1226030349758407,-0.470566330721818,-0.3362948217714412,0.0,0
4672,1.0,1.3067497232359022,1.4373426051649731,0.6708930750515975,-0.9117895901325712,-0.3362948217714412,0.0,0
4673,1.0,0.17311166439010373,0.12766594795049832,-0.22585497996212162,1.3156840484108232,-0.3362948217714412,0.0,0
4674,1.0,-0.819055933604534,-0.7304473446379273,0.6708930750515975,-1.1865226647491676,-0.3362948217714412,0.0,0
4675,1.0,-0.8261517705999077,-0.2653084991133102,2.464389185079036,-0.3589256820260281,-0.3362948217714412,0.0,0
4676,1.0,0.8136559939158792,1.2608613534835902,-0.22585497996212162,-0.2972806281809614,-0.3362948217714412,0.0,0
4677,1.0,0.36934056545084615,1.5259404805029952,-1.1226030349758407,1.1472522871176096,-0.3362948217714412,0.0,0
4678,1.0,-0.9092489308853527,-0.7361633365952189,-1.1226030349758407,1.6117744645170493,2.833611433315728,0.0,0
4679,1.0,-0.4087469692305371,-0.4746567045491209,-0.22585497996212162,-0.48270118384092564,-0.3362948217714412,1.0,1
4680,1.0,-0.6959275419678299,-0.5911200406789406,-1.1226030349758407,0.9652294903309955,2.833611433315728,1.0,1
4681,1.0,0.6176502323832932,-0.6275594894066756,0.6708930750515975,-0.5093978607029624,-0.3362948217714412,0.0,0
4682,1.0,-0.7507306100830429,-0.42678527190680243,-1.1226030349758407,-0.17641749111464938,-0.3362948217714412,0.0,0
4683,1.0,-0.8189220498876402,0.26556425392016214,0.6708930750515975,-1.5913413648025978,2.833611433315728,0.0,0
4684,1.0,0.8250361098518556,2.082535197344281,-0.22585497996212162,1.5632350520406189,-0.3362948217714412,0.0,0
4685,1.0,0.10094834098432237,-0.714728366755375,-1.1226030349758407,1.8496175856515584,-0.3362948217714412,1.0,0
4686,1.0,-0.6265311487111881,-0.8133292280186578,0.6708930750515975,1.4545067680934147,-0.3362948217714412,0.0,0
4687,1.0,-0.364743854278094,-0.47251320756513654,2.464389185079036,0.36042841087467153,2.833611433315728,0.0,1
4688,1.0,0.2550484991291356,0.7964370069536345,-1.1226030349758407,1.0166812675560115,-0.3362948217714412,0.0,0
4689,1.0,-1.183308899367049,-0.7275893486592814,-0.22585497996212162,-0.9812009499738666,-0.3362948217714412,0.0,0
4690,1.0,-0.3874594582444161,0.1526734127636498,-1.1226030349758407,1.4355763972276068,2.833611433315728,0.0,0
4691,1.0,0.037844482421691195,-0.07382276854403609,-0.22585497996212162,-0.162826455621249,-0.3362948217714412,0.0,0
4692,1.0,-0.7373868662992898,-0.5846895497269873,-1.1226030349758407,0.7011750864592137,-0.3362948217714412,0.0,1
4693,1.0,-0.1136226292908763,-0.6554249501984729,-1.1226030349758407,-0.30698851067624755,-0.3362948217714412,0.0,0
4694,1.0,-0.6949457280439417,-0.2810274769958625,-0.22585497996212162,0.5123567719258989,-0.3362948217714412,0.0,0
4695,1.0,-1.0354566480106153,-0.7233023546913125,-0.22585497996212162,-0.9612997908585302,-0.3362948217714412,0.0,0
4696,1.0,0.45083112113356505,-0.14955966197815201,0.6708930750515975,-0.8651917541551978,-0.3362948217714412,0.0,0
4697,1.0,-0.4971548502861047,0.2369842941337033,-1.1226030349758407,1.337041389900453,-0.3362948217714412,0.0,0
4698,1.0,-0.29606150751155275,-0.19242960165784026,0.6708930750515975,1.7967096260522495,-0.3362948217714412,0.0,0
4699,1.0,0.07314515577603452,0.07193502636690363,-0.22585497996212162,0.19442362020527929,-0.3362948217714412,0.0,0
4700,1.0,-0.8158873523047131,-0.7747462823069384,0.6708930750515975,-1.2408868067227696,-0.3362948217714412,0.0,0
4701,1.0,1.767711360501403,1.388756673527993,-0.22585497996212162,-0.005558759197614071,2.833611433315728,0.0,0
4702,1.0,-0.4012494810844819,-0.35533537244065544,-1.1226030349758407,-1.2860284603258498,-0.3362948217714412,0.0,0
4703,1.0,0.08546245773026802,0.1826823705394316,0.6708930750515975,0.06579417714273868,-0.3362948217714412,0.0,0
4704,1.0,-0.13428534959815935,0.48491544528123354,2.464389185079036,-0.3890201177614149,-0.3362948217714412,0.0,1
4705,1.0,0.23826840661177398,1.4687805609300781,1.5676411300653166,1.2181198293331978,-0.3362948217714412,0.0,0
4706,1.0,-0.6129196374936474,-0.3238974166755508,-1.1226030349758407,0.19927756145292233,-0.3362948217714412,0.0,0
4707,1.0,1.3877047440510457,2.0089418008941498,-1.1226030349758407,1.2763671243049144,-0.3362948217714412,1.0,0
4708,1.0,-0.6415707529089297,0.3041471996318814,-1.1226030349758407,-0.8850929132705344,-0.3362948217714412,0.0,0
4709,1.0,0.12134329385781799,-0.5318166241220386,0.6708930750515975,-1.9350004051357255,-0.3362948217714412,1.0,0
4710,1.0,0.4554724233192181,-0.28602896995849286,0.6708930750515975,-0.0681746012922095,-0.3362948217714412,0.0,0
4711,1.0,-0.9389264881301547,-0.7090123747980831,0.6708930750515975,0.058027871146509855,-0.3362948217714412,0.0,0
4712,1.0,-0.16106209297692792,0.5199258960196455,-0.22585497996212162,0.3478081636307997,-0.3362948217714412,0.0,1
4713,1.0,-0.6639293336302016,-0.36533835836591605,-0.22585497996212162,-0.8671333306542551,-0.3362948217714412,0.0,0
4714,1.0,-0.4603814560459291,-0.49037568243167334,-1.1226030349758407,-0.8438344126655685,-0.3362948217714412,0.0,0
4715,1.0,-0.2329130210432903,-0.35462087344599397,1.5676411300653166,0.3793587817404795,-0.3362948217714412,0.0,0
4716,1.0,1.8768712176755162,3.7065914122098023,1.5676411300653166,0.2526709151769959,-0.3362948217714412,0.0,0
4717,1.0,0.19288182658476122,0.3305836624343559,0.6708930750515975,0.4589634182018256,-0.3362948217714412,1.0,0
4718,1.0,0.6260849065476052,-0.11812170621304732,0.6708930750515975,0.2599518270484605,-0.3362948217714412,0.0,1
4719,1.0,-0.5794040803645555,-0.10383172631981791,-0.22585497996212162,-0.284174986812325,-0.3362948217714412,0.0,1
4720,1.0,0.30297886977713134,0.13409643890245163,0.6708930750515975,2.0394066884344015,-0.3362948217714412,0.0,0
4721,1.0,2.5618203133044157,2.0746757084030047,-0.22585497996212162,1.244816506195235,-0.3362948217714412,1.0,0
4722,1.0,0.15186878130961404,-0.06453428161343701,0.6708930750515975,0.02016712941489394,-0.3362948217714412,0.0,0
4723,1.0,-0.4124064574923021,0.41346554581508643,0.6708930750515975,0.07744363613708206,-0.3362948217714412,0.0,0
4724,1.0,-0.925002581573195,-0.8633441576449608,-1.1226030349758407,0.18374494946046468,2.833611433315728,0.0,0
4725,1.0,0.8755102711208346,-0.21529356948700726,0.6708930750515975,0.9574631843347664,-0.3362948217714412,0.0,0
4726,1.0,0.49340614310580694,0.029779585681876976,-1.1226030349758407,-0.12350953151534033,-0.3362948217714412,0.0,0
4727,1.0,-0.22452297478460928,-0.49466267639964207,1.5676411300653166,0.19490901433004382,-0.3362948217714412,0.0,0
4728,1.0,-0.7306926804545977,-0.6518524552251656,-0.22585497996212162,0.6890402333401058,-0.3362948217714412,0.0,0
4729,1.0,-1.2639515248427737,-0.9176460812392324,-1.1226030349758407,-1.0447875803179907,-0.3362948217714412,0.0,0
4730,1.0,-0.9111233029218666,-0.8519121737303772,-1.1226030349758407,0.1958798025795723,-0.3362948217714412,0.0,0
4731,1.0,1.2825167704781164,0.20911883334190606,4.257885295106474,1.8384535207819794,-0.3362948217714412,1.0,0
4732,1.0,-0.2306369978560948,-0.5239571351807624,0.6708930750515975,0.47158366544569746,-0.3362948217714412,0.0,0
4733,1.0,-0.3053441118828591,-0.09097074441591146,-0.22585497996212162,0.010459246919607838,2.833611433315728,0.0,0
4734,1.0,0.4677450973678204,-0.1438436700208603,-0.22585497996212162,-0.16865118511842056,-0.3362948217714412,0.0,0
4735,1.0,0.6025660002799202,1.291584810254033,1.5676411300653166,1.8098152674208854,-0.3362948217714412,0.0,0
4736,1.0,0.0027669485955043142,0.6556807050053249,-1.1226030349758407,-0.8748996366504839,-0.3362948217714412,0.0,0
4737,1.0,1.48749274104259,-0.07739526351734345,-0.22585497996212162,-1.1821541176262889,-0.3362948217714412,0.0,0
4738,1.0,-1.1510429235956328,-0.7261603506699584,0.6708930750515975,-1.2248688006055477,-0.3362948217714412,0.0,0
4739,1.0,-1.0514780661322451,-0.8119002300293349,0.6708930750515975,-1.1894350294977536,-0.3362948217714412,0.0,0
4740,1.0,-0.14834313987201275,-0.5439631070312836,-1.1226030349758407,-0.284174986812325,2.833611433315728,1.0,0
4741,1.0,0.3087358696035664,0.18482586752341598,1.5676411300653166,0.47837918319239753,-0.3362948217714412,1.0,0
4742,1.0,-0.3844693885671203,-0.3689108533392234,0.6708930750515975,-0.17107815574224208,-0.3362948217714412,0.0,0
4743,1.0,-0.10536646674908923,-0.09097074441591146,-1.1226030349758407,-0.659870039379897,2.833611433315728,0.0,0
4744,1.0,-0.5945775682791908,-0.7161573647446978,1.5676411300653166,-0.04196331855493696,-0.3362948217714412,0.0,1
4745,1.0,-1.2253037585660846,-0.9733770028228271,0.6708930750515975,-0.8215062829264105,2.833611433315728,0.0,0
4746,1.0,0.9089812003442953,0.11766296202523784,0.6708930750515975,-1.466109680613407,-0.3362948217714412,0.0,0
4747,1.0,-0.5885081731133367,-0.21100657551903843,0.6708930750515975,-1.1942889707453965,-0.3362948217714412,0.0,0
4748,1.0,-1.0832531349417172,-0.9012126043620187,0.6708930750515975,0.09394703637906822,-0.3362948217714412,0.0,0
4749,1.0,-0.6715160775875193,-0.48394519147972,0.6708930750515975,0.3910082407348229,2.833611433315728,0.0,1
4750,1.0,-0.9471380227663103,-0.759027304424386,2.464389185079036,0.30800584540012677,-0.3362948217714412,0.0,0
4751,1.0,1.2157534236537204,0.520640395014307,0.6708930750515975,1.5035315746946094,-0.3362948217714412,0.0,0
4752,1.0,1.6166458999395168,0.9086133491154853,-0.22585497996212162,-0.7739376586995086,2.833611433315728,0.0,1
4753,1.0,-1.0520582289054516,-0.50823815729821,-0.22585497996212162,0.9948385319416181,-0.3362948217714412,0.0,0
4754,1.0,-0.9857411611373683,-0.5846895497269873,-1.1226030349758407,-1.1025494811649428,-0.3362948217714412,0.0,0
4755,1.0,1.4186318826535234,0.1591039037156031,-0.22585497996212162,-0.3996987885062295,-0.3362948217714412,0.0,0
4756,1.0,-0.8305253053517732,-0.759027304424386,-1.1226030349758407,0.622055844122632,-0.3362948217714412,0.0,0
4757,1.0,-0.774740423312672,-0.649708958241181,-0.22585497996212162,-0.40066957675575826,-0.3362948217714412,0.0,0
4758,1.0,0.22456763958297077,-0.20957757752971554,1.5676411300653166,0.7361234634422436,-0.3362948217714412,0.0,0
4759,1.0,-0.0981367460368217,0.022634595735262265,0.6708930750515975,-1.309812772439301,-0.3362948217714412,0.0,0
4760,1.0,-0.5463794301974075,-0.6668569341130565,-1.1226030349758407,-0.5729844910470864,-0.3362948217714412,0.0,0
4761,1.0,-0.46114013044166097,-0.5511080969778982,-1.1226030349758407,-1.7602585202205758,-0.3362948217714412,0.0,0
4762,1.0,0.33747624083011135,-0.3160379277342746,-0.22585497996212162,0.8662090888790769,-0.3362948217714412,0.0,0
4763,1.0,-1.1897799456835847,-0.8590571636769919,-1.1226030349758407,-0.17107815574224208,-0.3362948217714412,0.0,0
4764,1.0,-0.9797163938771454,-0.90192710335668,-1.1226030349758407,1.7962242319274853,-0.3362948217714412,0.0,0
4765,1.0,-1.1168133199764405,-0.6747164230543325,-0.22585497996212162,-0.402125759130051,-0.3362948217714412,0.0,0
4766,1.0,-0.8524376070167321,0.2219798152458125,1.5676411300653166,2.0850337361622464,-0.3362948217714412,0.0,0
4767,1.0,-0.13812334948244956,0.11766296202523784,2.464389185079036,-1.8568519510486725,-0.3362948217714412,0.0,0
4768,1.0,-0.9336157673600323,-0.856199167698346,-1.1226030349758407,-1.3612645496643174,-0.3362948217714412,0.0,0
4769,1.0,1.1165009615297516,1.11510355857265,0.6708930750515975,0.2905316569086118,-0.3362948217714412,0.0,0
4770,1.0,-1.0656697401229924,-0.7040108818354529,-0.22585497996212162,0.7307841280698363,-0.3362948217714412,0.0,0
4771,1.0,0.41972547090856216,0.02549259171390823,-0.22585497996212162,-0.9947919854672672,-0.3362948217714412,0.0,0
4772,1.0,3.4413470774857013,2.6398444131802274,0.6708930750515975,-0.44920898923218877,-0.3362948217714412,0.0,0
4773,1.0,-0.8323996773882871,-0.6954368938995152,-1.1226030349758407,-1.2806891249534427,-0.3362948217714412,0.0,0
4774,1.0,-0.21805192846807359,-0.5511080969778982,-1.1226030349758407,-0.4171729769977447,-0.3362948217714412,0.0,0
4775,1.0,-0.21965853307079977,-0.12526669615966202,-1.1226030349758407,-1.5578491701938608,-0.3362948217714412,0.0,0
4776,1.0,0.8672541085790475,0.0976569901747167,1.5676411300653166,-1.1146843342840504,-0.3362948217714412,0.0,0
4777,1.0,-0.5244225006268173,-0.5403906120579762,-0.22585497996212162,0.22160569119208032,2.833611433315728,0.0,0
4778,1.0,-0.8155303290596628,-0.7740317833122768,-0.22585497996212162,-0.06865999541697375,-0.3362948217714412,0.0,0
4779,1.0,-1.0006915095238473,-0.8140437270133193,0.6708930750515975,1.6365295648800289,-0.3362948217714412,0.0,0
4780,1.0,-0.3327456459404657,-0.24030103430015876,-1.1226030349758407,-0.1337028081353907,-0.3362948217714412,0.0,0
4781,1.0,-0.0850161417812251,-0.4089227970402657,-1.1226030349758407,-0.5928856501624228,-0.3362948217714412,0.0,0
4782,1.0,-0.7198927272918278,-0.746880821515141,-1.1226030349758407,-0.21282205047197228,-0.3362948217714412,0.0,0
4783,1.0,-0.7940643064510168,-0.6518524552251656,-1.1226030349758407,1.4515944033448287,2.833611433315728,0.0,0
4784,1.0,0.04703783098173508,-0.5618255818978203,1.5676411300653166,-1.9126722753965675,-0.3362948217714412,1.0,0
4785,1.0,-1.1290859940250426,-0.8962111113993882,0.6708930750515975,-0.6127868092777595,-0.3362948217714412,1.0,0
4786,1.0,1.5304247862598823,0.20268834238995276,-0.22585497996212162,-0.39727181788240795,-0.3362948217714412,0.0,0
4787,1.0,-0.8109782826852722,-0.21886606446031462,-0.22585497996212162,0.02744804128635852,-0.3362948217714412,0.0,0
4788,1.0,-0.6725425194170387,-0.6561394491931344,0.6708930750515975,-0.7132633931039706,-0.3362948217714412,1.0,0
4789,1.0,3.2670751059955485,5.276345703481052,-0.22585497996212162,-1.3806803146548896,-0.3362948217714412,0.0,0
4790,1.0,-1.2677448968214327,-0.9669465118708738,-0.22585497996212162,0.8332022883951046,-0.3362948217714412,0.0,0
4791,1.0,-1.1767039693336194,-0.9669465118708738,-0.22585497996212162,-1.0574078275618626,2.833611433315728,1.0,0
4792,1.0,2.389467341756409,5.821508436407754,-1.1226030349758407,1.8326287912848078,-0.3362948217714412,0.0,0
4793,1.0,2.836862095710001,1.5645234262147147,0.6708930750515975,-1.5884290000540118,2.833611433315728,0.0,0
4794,1.0,-0.7511322612337245,-0.8554846687036846,-1.1226030349758407,-1.1734170233805312,-0.3362948217714412,0.0,0
4795,1.0,-0.46029220023466666,0.5042069181370933,-1.1226030349758407,0.6662267094761838,-0.3362948217714412,0.0,1
4796,1.0,-0.3771504120435902,-0.1910006036685173,0.6708930750515975,-0.12787807863821887,-0.3362948217714412,0.0,0
4797,1.0,-0.12848372186609278,0.46490947343071237,0.6708930750515975,-0.26961316306939587,-0.3362948217714412,0.0,0
4798,1.0,-0.6247906603915682,-0.2045760845670852,-1.1226030349758407,0.5007073129315558,-0.3362948217714412,1.0,0
4799,1.0,0.9896238258200196,1.6859882553071648,0.6708930750515975,0.5929321966367738,2.833611433315728,0.0,0
4800,1.0,-0.9343298138501326,-0.8740616425648828,-1.1226030349758407,-1.4136871151388624,-0.3362948217714412,0.0,0
4801,1.0,-0.7052547742447677,0.03621007663383029,-0.22585497996212162,0.4657589359485257,2.833611433315728,0.0,0
4802,1.0,-0.7200712389143529,-0.7411648295578493,-1.1226030349758407,-0.20311416797668616,-0.3362948217714412,0.0,0
4803,1.0,-1.012026997554193,-0.831906201879856,0.6708930750515975,2.2054114791037938,-0.3362948217714412,0.0,0
4804,1.0,2.071315002511007,2.664137378998717,-0.22585497996212162,0.2648057682961035,-0.3362948217714412,0.0,0
4805,1.0,-1.2647101992385055,-0.9247910711858471,-0.22585497996212162,0.4308105589654958,-0.3362948217714412,0.0,0
4806,1.0,2.843199258309642,1.2387118846490845,-1.1226030349758407,-1.107403422412586,-0.3362948217714412,0.0,1
4807,1.0,-0.9560189759869352,-0.5425341090419606,-0.22585497996212162,1.6049789467703488,-0.3362948217714412,0.0,0
4808,1.0,-0.8634606997076585,-0.7411648295578493,-0.22585497996212162,0.5550714549051579,-0.3362948217714412,0.0,0
4809,1.0,1.953586587455688,2.1396951169171987,-0.22585497996212162,0.002692940923379009,-0.3362948217714412,0.0,0
4810,1.0,-0.373133900536775,-0.13241168610627674,-0.22585497996212162,-0.06380605416933069,-0.3362948217714412,0.0,0
4811,1.0,0.454936888451643,0.8743173973717349,-1.1226030349758407,-1.809768720946535,-0.3362948217714412,0.0,0
4812,1.0,-1.2067831777291027,-0.8933531154207426,-1.1226030349758407,1.318111019034645,-0.3362948217714412,0.0,0
4813,1.0,-0.289902856534436,-0.1910006036685173,-1.1226030349758407,1.5462462576738678,-0.3362948217714412,0.0,0
4814,1.0,0.7308712289698529,-0.2717389900652634,-0.22585497996212162,-0.8147107651797102,-0.3362948217714412,0.0,0
4815,1.0,0.3001226838167292,1.1251065444979107,0.6708930750515975,-0.7025847223591557,-0.3362948217714412,0.0,0
4816,1.0,-0.5856073592473034,-0.5682560728497735,1.5676411300653166,1.5108124865660737,-0.3362948217714412,0.0,0
4817,1.0,0.05739150508819222,-0.41892578296552624,-0.22585497996212162,0.3342171281373993,-0.3362948217714412,0.0,0
4818,1.0,1.4695523229788152,-0.16885113483401168,0.6708930750515975,0.9754227669510458,-0.3362948217714412,0.0,1
4819,1.0,-0.9125513959020676,-0.772602785322954,-0.22585497996212162,0.3478081636307997,2.833611433315728,0.0,0
4820,1.0,-1.3174603836946797,-0.8583426646823303,-0.22585497996212162,0.35266210487844274,-0.3362948217714412,0.0,0
4821,1.0,-1.1263636917815347,-0.8383366928318092,0.6708930750515975,-0.12739268451345462,-0.3362948217714412,0.0,0
4822,1.0,-0.4255716896535301,-0.4067793000562813,-0.22585497996212162,0.9482406959642445,-0.3362948217714412,0.0,0
4823,1.0,0.7896908085918812,-0.4239272759281566,-1.1226030349758407,-1.4792153219820434,-0.3362948217714412,0.0,0
4824,1.0,-0.2515674855971655,0.46562397242537373,-1.1226030349758407,-0.7205443049754352,-0.3362948217714412,0.0,0
4825,1.0,-0.7119489600894597,-0.7640287973870163,0.6708930750515975,-0.14146911413161953,-0.3362948217714412,0.0,0
4826,1.0,-0.6645987522146707,-0.5875475457056333,-1.1226030349758407,-1.034108909573176,-0.3362948217714412,0.0,0
4827,1.0,-0.4023651787252639,-0.6647134371290719,0.6708930750515975,-0.6059912915310592,-0.3362948217714412,0.0,0
4828,1.0,-0.9965857422057696,-0.6918643989262079,0.6708930750515975,-1.315152107811708,-0.3362948217714412,0.0,0
4829,1.0,1.4153294176368085,1.1051005726473897,-0.22585497996212162,0.4638173594494684,-0.3362948217714412,0.0,0
4830,1.0,-0.3921453883357006,-0.3324714046114884,-1.1226030349758407,0.7924291819149026,-0.3362948217714412,0.0,0
4831,1.0,-0.01602139967526487,-0.6104115135348003,-0.22585497996212162,-1.1146843342840504,-0.3362948217714412,0.0,0
4832,1.0,0.8613632250357182,-0.28745796794781575,2.464389185079036,0.13957408410691297,2.833611433315728,0.0,0
4833,1.0,-0.07573353740991874,-0.31961042270758194,0.6708930750515975,1.1559893813633673,-0.3362948217714412,0.0,0
4834,1.0,1.3936402555000058,1.1058150716420512,-0.22585497996212162,1.2909289480478436,-0.3362948217714412,0.0,0
4835,1.0,-0.4200378293552512,-0.4896611834370118,-0.22585497996212162,0.41090939985015934,-0.3362948217714412,0.0,0
4836,1.0,-0.3991519695198117,0.13266744091312865,-0.22585497996212162,1.2986952540440728,-0.3362948217714412,0.0,0
4837,1.0,-1.1783552018419767,-0.9576580249402747,-1.1226030349758407,-0.24485806270641636,2.833611433315728,0.0,1
4838,1.0,-0.7334149826981059,-0.2267255534015908,1.5676411300653166,-1.1010932987906499,-0.3362948217714412,0.0,0
4839,1.0,-0.66352768247952,-0.543248608036622,-1.1226030349758407,1.4127628733636841,-0.3362948217714412,0.0,0
4840,1.0,-0.4842573855586644,1.2308523957078086,-0.22585497996212162,0.7535976519337582,-0.3362948217714412,0.0,0
4841,1.0,-1.115162087468083,-0.8740616425648828,0.6708930750515975,0.9424159664670729,-0.3362948217714412,0.0,0
4842,1.0,-1.1611288302683023,-0.8940676144154039,0.6708930750515975,0.2856777156609688,-0.3362948217714412,0.0,0
4843,1.0,-0.4194130386764132,-0.3439033885260719,-0.22585497996212162,-0.4739640895951683,-0.3362948217714412,0.0,0
4844,1.0,0.04806427281125462,-0.07668076452268205,-1.1226030349758407,0.4652735418237614,-0.3362948217714412,0.0,0
4845,1.0,1.0029229416981416,2.1032556681894636,-1.1226030349758407,-1.2248688006055477,-0.3362948217714412,0.0,0
4846,1.0,-1.0260847878280461,-0.8619151596556377,0.6708930750515975,-0.7724814763252157,-0.3362948217714412,0.0,0
4847,1.0,1.1800064712430645,-0.033096325848332414,-1.1226030349758407,0.4672151183228187,-0.3362948217714412,0.0,0
4848,1.0,-0.5824834058531139,-0.0966867363732032,0.6708930750515975,-1.1758439940043528,-0.3362948217714412,0.0,0
4849,1.0,-1.2515449670772778,-0.9162170832499095,-0.22585497996212162,-0.2099096857233865,-0.3362948217714412,0.0,0
4850,1.0,-0.44436003792429923,0.15767490572628012,0.6708930750515975,2.0253302588162367,-0.3362948217714412,0.0,0
4851,1.0,0.44261958649740923,1.9624993662411536,-1.1226030349758407,1.3283042956546953,-0.3362948217714412,0.0,0
4852,1.0,1.8976231937940617,1.0665176269356702,4.257885295106474,0.09880097762671128,-0.3362948217714412,0.0,0
4853,1.0,3.114224529208411,1.5695249191773453,-1.1226030349758407,-0.1720489439917706,-0.3362948217714412,0.0,0
4854,1.0,-1.0070733000291205,-0.7661722943710008,-0.22585497996212162,0.8870810362439424,-0.3362948217714412,0.0,0
4855,1.0,-0.15673318613069354,-0.47822919952242826,-0.22585497996212162,0.5672063080242652,-0.3362948217714412,0.0,0
4856,1.0,-0.01802965542867246,0.7871485200230353,0.6708930750515975,-1.1972013354939823,-0.3362948217714412,0.0,0
4857,1.0,0.18886531507794602,-0.6704294290863638,-1.1226030349758407,-1.0244010270778898,-0.3362948217714412,0.0,0
4858,1.0,-1.0632598332189034,-0.8769196385435286,0.6708930750515975,-0.46182923647606067,-0.3362948217714412,0.0,0
4859,1.0,1.4554499047993301,0.8064399928788951,-0.22585497996212162,0.08181218325996059,2.833611433315728,0.0,0
4860,1.0,-1.1753205042590498,-0.8190452199759496,-1.1226030349758407,-1.7864698029578483,-0.3362948217714412,0.0,0
4861,1.0,0.6216667438901083,-0.06739227759208298,-0.22585497996212162,1.069589227155321,-0.3362948217714412,0.0,0
4862,1.0,-0.8267319333731143,-0.5925490386682635,1.5676411300653166,-0.9612997908585302,-0.3362948217714412,0.0,0
4863,1.0,-0.028070934195710672,-0.6325609823693059,-1.1226030349758407,-1.5646446879405609,-0.3362948217714412,0.0,0
4864,1.0,1.3466470708702671,0.4013190629058414,0.6708930750515975,0.5948737731358308,-0.3362948217714412,0.0,0
4865,1.0,-0.8764474202463614,-0.8733471435702213,0.6708930750515975,-0.035653194933001155,-0.3362948217714412,0.0,0
4866,1.0,-0.7148497739554931,-0.45107823772529243,-0.22585497996212162,2.647605526764076,-0.3362948217714412,0.0,0
4867,1.0,-0.30900360014462425,-0.40463580307229685,0.6708930750515975,-0.8316995595464608,-0.3362948217714412,0.0,0
4868,1.0,-0.39236852786385695,-0.6232724954387067,-1.1226030349758407,-0.6802565926199977,-0.3362948217714412,1.0,0
4869,1.0,-0.5798949873264995,-0.5075236583035486,-1.1226030349758407,-0.7734522645747443,-0.3362948217714412,0.0,0
4870,1.0,-0.5108556173149079,-0.5989795296202167,-0.22585497996212162,-0.5671597615499148,-0.3362948217714412,0.0,0
4871,1.0,-0.004328888399869243,-0.40177780709365096,0.6708930750515975,-1.0059560503368463,-0.3362948217714412,0.0,0
4872,1.0,0.7281042988207135,0.8121559848361867,-1.1226030349758407,-0.14098372000685527,-0.3362948217714412,0.0,0
4873,1.0,-0.7846924462684478,-0.6940078959101923,0.6708930750515975,1.3312166604032813,-0.3362948217714412,0.0,0
4874,1.0,0.5299117699121948,1.6173963518196637,-0.22585497996212162,1.1899669700968687,-0.3362948217714412,0.0,0
4875,1.0,-1.0873142743541637,-0.8676311516129295,2.464389185079036,-0.944796390616544,2.833611433315728,1.0,0
4876,1.0,1.1289521472008788,0.14195592784372774,-0.22585497996212162,0.05463011227315955,-0.3362948217714412,0.0,0
4877,1.0,-0.28008471729555423,-0.44750574275198507,0.6708930750515975,0.9996924731892611,2.833611433315728,0.0,0
4878,1.0,-0.8080774688192389,-0.7118703707767291,-0.22585497996212162,-0.058952112921687644,-0.3362948217714412,0.0,0
4879,1.0,2.690928844295712,0.9857792405389239,-0.22585497996212162,0.5167253190487777,2.833611433315728,0.0,0
4880,1.0,-0.43543445679804305,0.412751046820425,0.6708930750515975,0.39974533498058024,-0.3362948217714412,0.0,0
4881,1.0,-1.271002733932516,-0.9447970430363682,-0.22585497996212162,2.0923146480337107,-0.3362948217714412,0.0,0
4882,1.0,0.5030903986277949,1.5452319533588552,0.6708930750515975,0.23082817956260218,-0.3362948217714412,0.0,0
4883,1.0,-1.1954476896987574,-0.8597716626716534,-0.22585497996212162,2.0020313408275503,-0.3362948217714412,0.0,0
4884,1.0,-1.279258896474303,-0.9790929947801188,-1.1226030349758407,0.3429542223831566,-0.3362948217714412,0.0,0
4885,1.0,0.03422962206555743,-0.45822322767190715,5.154633350120193,-0.12593650213916185,-0.3362948217714412,0.0,0
4886,1.0,0.6665177890495457,0.28699922376000625,-1.1226030349758407,0.08326836563425362,-0.3362948217714412,0.0,0
4887,1.0,-1.293405942559419,-0.8147582260079808,1.5676411300653166,1.5166372160632453,-0.3362948217714412,0.0,0
4888,1.0,0.07180631860709605,-0.18528461171122557,0.6708930750515975,0.7725280227995661,2.833611433315728,0.0,0
4889,1.0,1.5006133452981865,1.963213865235815,-0.22585497996212162,-0.5924002560376586,-0.3362948217714412,0.0,0
4890,1.0,1.036527754638496,0.020491098751277893,0.6708930750515975,-0.9501357259889512,-0.3362948217714412,0.0,0
4891,1.0,-0.7507306100830429,-0.6690004310970408,-0.22585497996212162,0.4016869114796375,-0.3362948217714412,0.0,0
4892,1.0,-0.8825614433178469,-0.7911797591841523,-0.22585497996212162,1.9166019748690326,-0.3362948217714412,0.0,0
4893,1.0,-0.502777966395646,0.059788543457658785,-1.1226030349758407,1.2812210655525575,-0.3362948217714412,0.0,0
4894,1.0,0.10875822446979654,-0.44822024174664654,-1.1226030349758407,-0.5098832548277267,-0.3362948217714412,0.0,0
4895,1.0,-1.106281134247458,-0.8447671837837625,1.5676411300653166,-1.2806891249534427,2.833611433315728,0.0,0
4896,1.0,0.22612961628006545,-0.6375624753319361,-1.1226030349758407,0.952123848962359,-0.3362948217714412,0.0,0
4897,1.0,0.32859528760948664,-0.2202950624496376,-0.22585497996212162,0.32839239864022746,-0.3362948217714412,1.0,0
4898,1.0,-0.5557959182856077,-0.2274400523962523,-0.22585497996212162,-0.20214337972715768,-0.3362948217714412,0.0,0
4899,1.0,-0.44735010760159516,-0.42035478095484924,-0.22585497996212162,-0.5933710442871873,-0.3362948217714412,0.0,0
4900,1.0,-0.34997201751414003,-0.31675242672893605,0.6708930750515975,-0.8137399769301815,2.833611433315728,0.0,0
4901,1.0,-1.1595668535712076,-0.8704891475915755,-1.1226030349758407,-0.7894702706919664,-0.3362948217714412,0.0,0
4902,1.0,-0.6110898933627649,-0.5818315537483415,0.6708930750515975,-1.3821364970291825,-0.3362948217714412,0.0,0
4903,1.0,-0.9411578834117187,-0.4389317548160474,-1.1226030349758407,1.9466964106044193,-0.3362948217714412,0.0,0
4904,1.0,-0.8793482341123945,-0.7132993687660519,-1.1226030349758407,-0.8535422951608546,-0.3362948217714412,0.0,0
4905,1.0,-0.04217335237519556,-0.5225281371914394,-0.22585497996212162,0.5293455662926498,-0.3362948217714412,0.0,0
4906,1.0,-0.7096729369022645,-0.6547104512038114,-0.22585497996212162,0.4953679775591485,-0.3362948217714412,0.0,0
4907,1.0,0.4134775641201829,-0.46608271661318335,0.6708930750515975,-0.024489130063422026,-0.3362948217714412,0.0,0
4908,1.0,0.2895012422764843,0.4441890025855296,-0.22585497996212162,0.4521679004551253,-0.3362948217714412,0.0,0
4909,1.0,-0.641124473852617,-0.5868330467109717,0.6708930750515975,0.25509788580081744,-0.3362948217714412,0.0,0
4910,1.0,-0.19404211523844447,-0.2274400523962523,-0.22585497996212162,1.2855896126754363,-0.3362948217714412,0.0,0
4911,1.0,-1.3345082436458289,-0.9962409706519942,0.6708930750515975,1.7651590079425694,-0.3362948217714412,0.0,0
4912,1.0,-0.8508310024140061,-0.7190153607233438,-1.1226030349758407,-0.0822510309103744,-0.3362948217714412,0.0,0
4913,1.0,-1.1538098537447723,-0.9397955500737379,-0.22585497996212162,0.6972919334610991,-0.3362948217714412,0.0,0
4914,1.0,-0.3939751324665831,-0.4589377266665686,-1.1226030349758407,0.6196288734988104,-0.3362948217714412,0.0,0
4915,1.0,-0.7476066566888533,-0.7618853004030319,0.6708930750515975,1.2268569235789555,-0.3362948217714412,0.0,0
4916,1.0,-0.9236191164986253,-0.7568838074404017,-1.1226030349758407,0.9608609432081167,-0.3362948217714412,0.0,0
4917,1.0,0.9851164073512603,1.3237372650137993,-1.1226030349758407,0.36188459324896455,2.833611433315728,0.0,1
4918,1.0,-0.21903374239196188,-0.25387651519872667,1.5676411300653166,0.26626195067039654,-0.3362948217714412,0.0,0
4919,1.0,-0.01602139967526487,-0.13884217705822996,2.464389185079036,-0.2870873515609108,-0.3362948217714412,0.0,0
4920,1.0,-0.725962122457682,-0.6075535175561544,0.6708930750515975,-0.26767158657033857,-0.3362948217714412,0.0,0
4921,1.0,0.04128083115529974,-0.23958653530549726,1.5676411300653166,-0.0735139366646168,-0.3362948217714412,0.0,0
4922,1.0,-0.7510430054224618,0.00048512690075675115,1.5676411300653166,-0.7739376586995086,-0.3362948217714412,0.0,0
4923,1.0,0.8332476444880114,0.23841329212302628,-1.1226030349758407,-0.42542467711873777,-0.3362948217714412,1.0,0
4924,1.0,-0.8785449318110314,-0.5246716341754238,0.6708930750515975,-1.8068563561979492,-0.3362948217714412,0.0,0
4925,1.0,2.6568331243934127,0.35702012523683035,1.5676411300653166,-0.9273222021250288,-0.3362948217714412,0.0,0
4926,1.0,-0.7731784466155772,-0.3110364347716442,1.5676411300653166,-0.007500335696671346,-0.3362948217714412,0.0,0
4927,1.0,1.6041947142683897,0.5342158759128749,1.5676411300653166,-1.3423341787985095,-0.3362948217714412,0.0,0
4928,1.0,0.2889657074089089,-0.025236836907056116,-0.22585497996212162,-1.6884201897554587,-0.3362948217714412,0.0,0
4929,1.0,-0.4133882714161903,-0.05953278865080688,-1.1226030349758407,1.9932942465817929,2.833611433315728,0.0,0
4930,1.0,-0.7867007020218554,-0.5639690788818047,-1.1226030349758407,0.08909309513142517,-0.3362948217714412,0.0,0
4931,1.0,-0.03231058523068231,-0.02809483288570208,-1.1226030349758407,0.059484053520802604,-0.3362948217714412,0.0,0
4932,1.0,2.235099416177808,0.5163534010463381,-1.1226030349758407,-0.3666919880222569,-0.3362948217714412,0.0,0
4933,1.0,-0.29115243789211187,-0.5075236583035486,-0.22585497996212162,-1.1302169462765081,-0.3362948217714412,0.0,0
4934,1.0,-0.49822592002125543,-0.4896611834370118,0.6708930750515975,1.8772850507631238,-0.3362948217714412,0.0,1
4935,1.0,-0.1756554181183567,-0.5239571351807624,-1.1226030349758407,-0.5657035791756218,2.833611433315728,0.0,0
4936,1.0,-0.5329018026967607,-0.724016853685974,-1.1226030349758407,-0.49483603696003325,-0.3362948217714412,0.0,0
4937,1.0,1.3876601161454145,-0.1431291710261988,-1.1226030349758407,2.2384182795877665,-0.3362948217714412,0.0,0
4938,1.0,0.3656364492834496,-0.0966867363732032,0.6708930750515975,-0.016237429942428945,2.833611433315728,0.0,0
4939,1.0,0.6893672767327617,1.4802125448446615,0.6708930750515975,0.28859008040955453,2.833611433315728,0.0,0
4940,1.0,-0.4154411550752293,-0.5632545798871433,-0.22585497996212162,-0.4642562070998822,-0.3362948217714412,0.0,0
4941,1.0,-0.5921230334694705,0.09980048715870107,0.6708930750515975,-1.2758351837057995,-0.3362948217714412,0.0,0
4942,1.0,-0.8076311897629261,-0.22601105440692934,1.5676411300653166,1.1768613287282321,2.833611433315728,0.0,0
4943,1.0,0.46011372550487145,-0.36248036238727016,-0.22585497996212162,-0.5011461605819694,-0.3362948217714412,0.0,0
4944,1.0,1.0129642204651796,0.7678570471671756,-0.22585497996212162,1.496736056947909,-0.3362948217714412,0.0,0
4945,1.0,-0.2512550902577466,-0.48108719550107415,0.6708930750515975,-0.4060089121281656,-0.3362948217714412,0.0,0
4946,1.0,1.270244096429514,-0.10954771827710963,-1.1226030349758407,-1.3874758324015897,-0.3362948217714412,0.0,0
4947,1.0,-0.9271893489491279,-0.6747164230543325,0.6708930750515975,1.8559277092734947,-0.3362948217714412,0.0,0
4948,1.0,-1.0392946478949054,-0.7776042782855842,-0.22585497996212162,-0.8948007957658205,-0.3362948217714412,0.0,0
4949,1.0,-0.5063035709405171,-0.6847194089795933,-0.22585497996212162,-0.43610334786355237,-0.3362948217714412,0.0,0
4950,1.0,0.24255268555237686,-0.18742810869520993,-1.1226030349758407,1.9932942465817929,-0.3362948217714412,0.0,0
4951,1.0,-0.3721520866128868,0.30343270063722005,-1.1226030349758407,1.01765205580554,-0.3362948217714412,0.0,1
4952,1.0,-0.8094163059881774,-0.7425938275471723,-0.22585497996212162,0.5672063080242652,-0.3362948217714412,0.0,0
4953,1.0,1.2973778630533332,1.2087029268733025,-1.1226030349758407,-1.1146843342840504,-0.3362948217714412,0.0,0
4954,1.0,0.11625571261585177,0.04264056758578341,-0.22585497996212162,1.7365207545814754,-0.3362948217714412,0.0,0
4955,1.0,0.046234528680371985,-0.23244154535888253,-1.1226030349758407,-0.6215239035235168,-0.3362948217714412,0.0,0
4956,1.0,-0.9382124416400541,-0.8354786968531633,0.6708930750515975,0.24199224443218129,2.833611433315728,0.0,0
4957,1.0,-0.2162221843371912,-0.3846298312217757,-0.22585497996212162,-0.7020993282343915,-0.3362948217714412,0.0,0
4958,1.0,1.1152513801720754,0.48491544528123354,0.6708930750515975,-1.8932565104059953,-0.3362948217714412,0.0,0
4959,1.0,-0.4058461553645038,-0.5618255818978203,-1.1226030349758407,2.377726393395122,-0.3362948217714412,0.0,0
4960,1.0,-0.321990320683327,-0.70258188384613,-1.1226030349758407,-1.8728699571658947,-0.3362948217714412,0.0,0
4961,1.0,-0.7481868194620599,0.16553439466755623,0.6708930750515975,1.4049965673674556,-0.3362948217714412,0.0,0
4962,1.0,0.708646531965475,0.7950080089643117,-0.22585497996212162,-1.4030084443940474,-0.3362948217714412,0.0,0
4963,1.0,-0.8625681415950329,-0.55682408893519,3.361137240092755,-0.6312317860188029,-0.3362948217714412,0.0,0
4964,1.0,-0.817940235963752,-0.749738817493787,-0.22585497996212162,1.5311990398061746,-0.3362948217714412,0.0,0
4965,1.0,-0.39053878373297446,0.14910091779034243,-1.1226030349758407,-1.0608055864352126,-0.3362948217714412,0.0,0
4966,1.0,-0.744081052143982,-0.6489944592465197,-1.1226030349758407,-0.5846339500414297,-0.3362948217714412,0.0,0
4967,1.0,0.29891773036468466,-0.38534433021643716,-0.22585497996212162,-0.352615558404092,-0.3362948217714412,1.0,0
4968,1.0,-1.1108331806218488,-0.8633441576449608,-1.1226030349758407,-0.20748271509956498,-0.3362948217714412,0.0,0
4969,1.0,-0.6189444047538702,-0.2638795011239872,0.6708930750515975,-0.999160532590146,-0.3362948217714412,0.0,0
4970,1.0,2.018073911092889,0.6828316668024608,-0.22585497996212162,-0.41474600637392317,-0.3362948217714412,0.0,0
4971,1.0,-1.2900142217314419,-0.8797776345221745,3.361137240092755,-0.18078603823752817,-0.3362948217714412,0.0,0
4972,1.0,-0.5272786865872193,-0.5461066040152679,-1.1226030349758407,0.37547562874236495,-0.3362948217714412,0.0,0
4973,1.0,-0.8528392581674137,-0.8361931958478249,1.5676411300653166,-0.31912336379535516,-0.3362948217714412,0.0,0
4974,1.0,-0.8495814210563302,-0.4925191794156577,-0.22585497996212162,-0.6210385093987526,-0.3362948217714412,0.0,0
4975,1.0,-0.3722413424241493,-0.3739123463018536,-0.22585497996212162,-1.0637179511837986,-0.3362948217714412,0.0,0
4976,1.0,-0.1711926275552286,-0.043099311773592885,-0.22585497996212162,-0.34096609940974865,-0.3362948217714412,0.0,0
4977,1.0,-0.792368446037028,-0.47394220555445943,-0.22585497996212162,1.4705247742106367,2.833611433315728,1.0,0
4978,1.0,0.30489786971927646,0.13195294191846726,-1.1226030349758407,-1.3044734370668936,-0.3362948217714412,0.0,0
4979,1.0,-0.8094609338938086,-0.33961639455810305,-1.1226030349758407,0.23422593843595246,-0.3362948217714412,0.0,0
4980,1.0,-0.14004234942459468,0.028350587692553993,-0.22585497996212162,1.1914231524711614,-0.3362948217714412,0.0,0
4981,1.0,-0.15378774435902914,-0.5561095899405286,-0.22585497996212162,0.33033397513928475,-0.3362948217714412,0.0,0
4982,1.0,1.223652562950457,0.7407060853700398,-1.1226030349758407,-0.2540805510769382,-0.3362948217714412,0.0,0
4983,1.0,-0.6170254048117252,-0.4982351713729494,2.464389185079036,-1.1370124640232087,-0.3362948217714412,0.0,0
4984,1.0,-0.21747176569486695,-0.3188959237129204,-0.22585497996212162,0.8666944830038417,-0.3362948217714412,0.0,0
4985,1.0,-1.2779646872109958,-0.9462260410256913,-0.22585497996212162,-1.548626681823339,-0.3362948217714412,0.0,0
4986,1.0,-0.8102196082895404,-0.5904055416842791,-0.22585497996212162,-1.036050486072233,-0.3362948217714412,0.0,0
4987,1.0,-0.9484768599352488,-0.8169017229919651,-0.22585497996212162,1.6574015122448937,-0.3362948217714412,0.0,0
4988,1.0,0.029320552446116675,-0.675430922048994,0.6708930750515975,-0.0919589134056605,-0.3362948217714412,0.0,0
4989,1.0,1.0051543369797056,0.9686312646670489,-0.22585497996212162,0.8540742357599695,-0.3362948217714412,0.0,0
4990,1.0,1.1213207753379297,3.419362816355891,1.5676411300653166,-0.8268456182988178,-0.3362948217714412,0.0,0
4991,1.0,0.10965078258242236,0.1205209580038836,4.257885295106474,2.0534831180525663,-0.3362948217714412,0.0,0
4992,1.0,-0.5619991971683559,-0.04595730775223885,-0.22585497996212162,0.01482779404248664,-0.3362948217714412,0.0,0
4993,1.0,-0.40432880657304027,-0.47965819751175126,-0.22585497996212162,0.7686448698014522,-0.3362948217714412,0.0,0
4994,1.0,1.815730986960661,1.6688402794352895,-1.1226030349758407,2.569457072677023,-0.3362948217714412,0.0,0
4995,1.0,-0.9760122777097492,-0.8612006606609763,-0.22585497996212162,0.7205908514497859,-0.3362948217714412,0.0,0
4996,1.0,1.2300789813613613,1.2108464238572871,-0.22585497996212162,0.3007249335286622,-0.3362948217714412,0.0,0
4997,1.0,2.7404658195464333,3.299326985252764,-0.22585497996212162,-0.35018858778027045,-0.3362948217714412,0.0,0
4998,1.0,1.0220683132139607,1.4873575347912762,-1.1226030349758407,0.4754668184438118,2.833611433315728,0.0,0
4999,1.0,0.09862768989149585,-0.3453323865153948,1.5676411300653166,1.3147132601612948,-0.3362948217714412,0.0,0
5000,1.0,-0.9502173482548687,-0.9105010912926177,0.6708930750515975,-0.07836787791225985,-0.3362948217714412,1.0,0
5001,1.0,1.4542895792529167,0.9214743310193919,0.6708930750515975,0.9890138024444465,-0.3362948217714412,0.0,0
5002,1.0,-0.8615416997655134,-0.6082680165508159,-0.22585497996212162,0.2900462627838473,-0.3362948217714412,0.0,0
5003,1.0,0.01905613415092201,0.8471664355745988,1.5676411300653166,0.20170453207674385,-0.3362948217714412,0.0,0
5004,1.0,0.6135444650652153,0.4456180005748526,-1.1226030349758407,-0.09098812515613172,-0.3362948217714412,0.0,0
5005,1.0,-1.1663949231327935,-0.9390810510790766,1.5676411300653166,1.2443311120704708,-0.3362948217714412,0.0,0
5006,1.0,-0.15151172117183384,-0.1202652031970317,-0.22585497996212162,-0.09778364290283205,-0.3362948217714412,0.0,0
5007,1.0,-0.015709004335845933,-0.5961215336415708,1.5676411300653166,0.8366000472684544,-0.3362948217714412,0.0,1
5008,1.0,-0.5761462432534719,-0.47322770655979807,0.6708930750515975,-1.2554486304656989,-0.3362948217714412,0.0,0
5009,1.0,-0.6955258908171483,-0.6025520245935241,0.6708930750515975,-0.7812185705709732,-0.3362948217714412,0.0,0
5010,1.0,1.1899584941988397,-0.11597820922906295,-0.22585497996212162,2.4049084643819234,-0.3362948217714412,0.0,0
5011,1.0,-1.2195467587396491,-0.8940676144154039,0.6708930750515975,0.23034278543783793,-0.3362948217714412,0.0,0
5012,1.0,1.1028894503122106,0.34201564634893933,0.6708930750515975,-0.685595927992405,-0.3362948217714412,0.0,0
5013,1.0,1.2534640039121525,-0.0066598630458579566,-0.22585497996212162,-0.1293342610125119,2.833611433315728,0.0,0
5014,1.0,-0.24598899739325542,0.02692158970323101,0.6708930750515975,-1.1447787700194374,-0.3362948217714412,0.0,0
5015,1.0,0.5340621651359039,-0.2288690503855752,-1.1226030349758407,-0.6836543514933481,-0.3362948217714412,0.0,0
5016,1.0,-1.0346533457092522,-0.8026117430987357,2.464389185079036,1.7971950201770137,-0.3362948217714412,0.0,0
5017,1.0,-1.268949850273477,-0.9176460812392324,0.6708930750515975,-1.115169728408815,-0.3362948217714412,0.0,0
5018,1.0,-0.5270555470590629,-0.617556503481415,-1.1226030349758407,-1.2772913660800926,-0.3362948217714412,0.0,0
5019,1.0,0.06725427223270547,-0.2910304629211231,0.6708930750515975,-0.2628176453226958,2.833611433315728,0.0,0
5020,1.0,3.509493889384667,1.5016475146845056,-1.1226030349758407,1.620511558762807,-0.3362948217714412,0.0,0
5021,1.0,-1.0391161362723804,-0.6632844391397491,-0.22585497996212162,1.072501591903907,-0.3362948217714412,0.0,0
5022,1.0,-1.1785783413701332,-0.798324749130767,0.6708930750515975,-0.8258748300492892,-0.3362948217714412,0.0,0
5023,1.0,0.3012830093631427,0.12552245096651393,0.6708930750515975,1.270542394807743,-0.3362948217714412,0.0,0
5024,1.0,0.26879389406357,0.35844912322615335,-0.22585497996212162,-0.6686071336256544,-0.3362948217714412,1.0,0
5025,1.0,-0.559321522830479,-0.5846895497269873,0.6708930750515975,0.5099298013020777,-0.3362948217714412,0.0,0
5026,1.0,-0.44431541001866803,-0.3439033885260719,-0.22585497996212162,-0.5210473196973058,-0.3362948217714412,0.0,0
5027,1.0,-0.5718173364072376,-0.6690004310970408,-0.22585497996212162,-0.8428636244160398,-0.3362948217714412,0.0,0
5028,1.0,-0.5468703371593515,-0.7668867933656621,2.464389185079036,-0.8734434542761911,2.833611433315728,0.0,0
5029,1.0,-0.3828181560587629,-0.33318590360614986,-0.22585497996212162,-0.4904674898371547,2.833611433315728,0.0,0
5030,1.0,-0.03253372475883876,-0.44321874878401624,-1.1226030349758407,-0.12011177264199004,-0.3362948217714412,0.0,0
5031,1.0,-0.8656474670835913,-0.7168718637393593,3.361137240092755,-1.1942889707453965,-0.3362948217714412,0.0,0
5032,1.0,0.5557066993670753,-0.10240272833049492,1.5676411300653166,-0.7496679524612934,-0.3362948217714412,0.0,0
5033,1.0,-1.2348541303711786,-0.9276490671644931,-1.1226030349758407,1.4273246971066134,2.833611433315728,0.0,0
5034,1.0,-1.3244223369731594,-0.9105010912926177,-0.22585497996212162,0.9108653483573934,-0.3362948217714412,0.0,1
5035,1.0,0.7055225785712853,-0.2960319558837534,0.6708930750515975,-1.5986222766740623,-0.3362948217714412,0.0,0
5036,1.0,-0.9627131618316274,-0.7618853004030319,-1.1226030349758407,-1.5267839462089452,-0.3362948217714412,0.0,0
5037,1.0,1.4968199733195273,0.6849751637864452,-0.22585497996212162,0.2279158148140164,-0.3362948217714412,0.0,0
5038,1.0,0.38790577419345884,-0.3724833483125307,0.6708930750515975,0.5390534487879359,-0.3362948217714412,0.0,0
5039,1.0,-1.2346756187486534,-0.9226475742018627,-1.1226030349758407,1.428780879480906,-0.3362948217714412,0.0,0
5040,1.0,-0.5457100116129383,-0.5975505316308938,-0.22585497996212162,1.214722070459848,-0.3362948217714412,0.0,0
5041,1.0,1.078968892893844,0.3212951755037568,-0.22585497996212162,1.3894639553749975,-0.3362948217714412,1.0,0
5042,1.0,-0.7766594232548172,-0.6011230266042011,0.6708930750515975,0.1143335896191692,-0.3362948217714412,0.0,0
5043,1.0,0.9507975479208055,-0.07739526351734345,-0.22585497996212162,1.2137512822103196,-0.3362948217714412,0.0,0
5044,1.0,-0.6367509391007514,-0.030952828864348043,-1.1226030349758407,0.19636519670433655,-0.3362948217714412,0.0,0
5045,1.0,-0.6603144732740678,-0.3739123463018536,0.6708930750515975,1.0259037559265334,-0.3362948217714412,0.0,0
5046,1.0,-0.2945887866257204,-0.3539063744513325,-0.22585497996212162,0.4754668184438118,-0.3362948217714412,0.0,0
5047,1.0,-0.7098068206191583,-0.5925490386682635,-1.1226030349758407,0.35605986375179277,-0.3362948217714412,0.0,0
5048,1.0,1.384223767411806,2.9120685301462474,2.464389185079036,0.6841862920924627,-0.3362948217714412,0.0,0
5049,1.0,2.705165146192091,4.193165227574264,-1.1226030349758407,1.8622378328954305,-0.3362948217714412,0.0,0
5050,1.0,1.1206959846590918,0.6206702542669128,-1.1226030349758407,-1.4428107626247206,-0.3362948217714412,0.0,0
5051,1.0,-0.03271223638136398,0.13623993588643601,-1.1226030349758407,0.29150244515814033,-0.3362948217714412,0.0,0
5052,1.0,-0.43945096830485836,-0.4710842095758136,-0.22585497996212162,-1.6554133892714862,-0.3362948217714412,0.0,0
5053,1.0,1.0771837766685928,-0.17813962176461084,-0.22585497996212162,1.3103447130384158,-0.3362948217714412,0.0,0
5054,1.0,1.330670280654269,-0.16813663583935026,-1.1226030349758407,0.9433867547166015,-0.3362948217714412,0.0,0
5055,1.0,1.1951799591577,0.23841329212302628,1.5676411300653166,0.11384819549440468,-0.3362948217714412,0.0,0
5056,1.0,1.0531739634389636,0.6921201537330598,1.5676411300653166,-1.3001048899440149,-0.3362948217714412,0.0,0
5057,1.0,-0.05511544500826693,-0.37462684529651513,-1.1226030349758407,1.7112802600937316,-0.3362948217714412,0.0,0
5058,1.0,0.6720516493478247,2.883488570359789,-0.22585497996212162,-0.9695514909795234,-0.3362948217714412,0.0,0
5059,1.0,0.7510430423151918,0.43561501464959196,-0.22585497996212162,-0.8287871947978751,2.833611433315728,0.0,0
5060,1.0,-0.5954254984861852,-0.7304473446379273,-0.22585497996212162,0.48274773031527635,-0.3362948217714412,0.0,0
5061,1.0,0.34002003145109455,-0.0109468570138269,2.464389185079036,-1.1389540405222658,-0.3362948217714412,0.0,0
5062,1.0,-0.9014390473998786,-0.7976102501361054,-0.22585497996212162,-0.6720048924990046,-0.3362948217714412,0.0,0
5063,1.0,0.2297444766361992,-0.4317867648694328,-1.1226030349758407,0.20024834970245112,-0.3362948217714412,0.0,0
5064,1.0,-0.8225815381494052,-0.5746865638017268,-0.22585497996212162,-0.3137840284229476,-0.3362948217714412,0.0,0
5065,1.0,-0.2836995776516879,-0.33461490159547286,0.6708930750515975,0.018225552915836666,-0.3362948217714412,0.0,0
5066,1.0,3.1842903410495222,0.5670828296673025,-0.22585497996212162,-1.242828383221827,-0.3362948217714412,0.0,0
5067,1.0,0.3176614507298226,3.1564271863204705,0.6708930750515975,-1.5874582118044833,-0.3362948217714412,0.0,0
5068,1.0,-0.36831408672859656,-0.8140437270133193,-0.22585497996212162,0.5764287963947871,-0.3362948217714412,0.0,0
5069,1.0,1.4128302549214569,-0.1659931388553658,-1.1226030349758407,-0.7375330993421857,-0.3362948217714412,0.0,0
5070,1.0,0.10639294547133878,-0.8054697390773816,1.5676411300653166,0.16481457859465673,-0.3362948217714412,0.0,0
5071,1.0,0.2891888469370654,-0.38534433021643716,0.6708930750515975,1.5642058402901473,-0.3362948217714412,0.0,0
5072,1.0,0.7323885777613164,-0.3110364347716442,-0.22585497996212162,-0.5822069794176082,-0.3362948217714412,0.0,0
5073,1.0,0.22822712784473578,-0.048815303730884815,-0.22585497996212162,0.03812671203117313,-0.3362948217714412,0.0,0
5074,1.0,0.1252705495533707,-0.649708958241181,-0.22585497996212162,0.6215704499978673,-0.3362948217714412,0.0,0
5075,1.0,1.6168690394676735,1.525225981508334,-0.22585497996212162,-0.8147107651797102,-0.3362948217714412,0.0,0
5076,1.0,0.3076201719627844,-0.37176884931786924,0.6708930750515975,0.1497673607269633,-0.3362948217714412,0.0,0
5077,1.0,-0.9045630007940683,-0.7947522541574596,-1.1226030349758407,-1.1326439169003297,-0.3362948217714412,0.0,0
5078,1.0,-0.613499800266854,-0.5582530869245129,0.6708930750515975,0.061911024144624134,-0.3362948217714412,0.0,0
5079,1.0,0.4772954691729147,0.627100745218866,-0.22585497996212162,-1.2112777651121471,-0.3362948217714412,0.0,0
5080,1.0,-1.1193571105974236,-0.9054995983299874,-1.1226030349758407,0.8700922418771915,-0.3362948217714412,0.0,0
5081,1.0,-0.03422958517282742,-0.061676285634791245,-1.1226030349758407,0.6992335099601561,-0.3362948217714412,0.0,0
5082,1.0,1.3609280006722773,0.4441890025855296,-0.22585497996212162,-0.9996459267149103,-0.3362948217714412,0.0,1
5083,1.0,0.46970872521559676,-0.40820829804560416,1.5676411300653166,1.37053358450919,-0.3362948217714412,1.0,0
5084,1.0,-0.26821369439763343,-0.24673152525211195,2.464389185079036,-1.421453421135091,-0.3362948217714412,0.0,0
5085,1.0,-0.696106053590355,-0.6297029863906599,1.5676411300653166,2.8451609355431478,-0.3362948217714412,0.0,0
5086,1.0,0.35876375181623255,0.2762817388400842,-0.22585497996212162,0.6443839738617898,-0.3362948217714412,0.0,0
5087,1.0,-0.5732900572930699,-0.6825759119956087,0.6708930750515975,-0.40892127687675134,2.833611433315728,0.0,1
5088,1.0,-0.10313507146752518,-0.13241168610627674,-1.1226030349758407,-1.2360328654751267,-0.3362948217714412,1.0,0
5089,1.0,5.8149268663910085,9.691949490488938,1.5676411300653166,1.7015723775984455,-0.3362948217714412,0.0,0
5090,1.0,0.39361814611426293,0.33272715941834025,0.6708930750515975,-0.024003735938657775,-0.3362948217714412,0.0,0
5091,1.0,0.5782437917108721,0.03692457562849168,-1.1226030349758407,0.144428025354556,-0.3362948217714412,0.0,0
5092,1.0,1.7500833377770466,-0.15670465192476674,-0.22585497996212162,-1.6190088299141632,-0.3362948217714412,0.0,0
5093,1.0,-0.48229375771088806,-0.8068987370667046,0.6708930750515975,0.1250122603639838,-0.3362948217714412,0.0,0
5094,1.0,-0.44025427060622147,-0.5311021251273771,-0.22585497996212162,-0.7608320173308724,-0.3362948217714412,0.0,0
5095,1.0,0.39303798334105633,-0.2360140403321899,0.6708930750515975,0.31528675727159133,-0.3362948217714412,0.0,1
5096,1.0,-0.47671526950697796,-0.09740123536786478,-1.1226030349758407,-1.7738495557139764,-0.3362948217714412,0.0,0
5097,1.0,1.3042505605205503,1.458063076010156,-0.22585497996212162,1.4583899210915292,-0.3362948217714412,0.0,1
5098,1.0,0.9920337327241092,-0.06882127558140595,0.6708930750515975,0.0915200657552467,-0.3362948217714412,0.0,0
5099,1.0,0.5604372573639911,-0.17813962176461084,-0.22585497996212162,0.19102586133192925,-0.3362948217714412,0.0,0
5100,1.0,0.1690058970720258,0.39774656793253405,-0.22585497996212162,-1.2190440711083763,2.833611433315728,0.0,0
5101,1.0,-0.14780760500443735,-0.3467613845047178,-1.1226030349758407,1.0161958734312473,-0.3362948217714412,0.0,0
5102,1.0,-0.45895336306572815,-0.09382874039455744,-0.22585497996212162,0.8278629530226973,-0.3362948217714412,0.0,0
5103,1.0,-1.0886977394287336,-0.7911797591841523,-1.1226030349758407,1.3923763201235835,-0.3362948217714412,0.0,0
5104,1.0,-0.6128303816823848,-0.45036373873063096,0.6708930750515975,0.17063930809182853,-0.3362948217714412,0.0,0
5105,1.0,-0.2959276237946589,-0.65399595220915,-0.22585497996212162,0.29150244515814033,-0.3362948217714412,0.0,0
5106,1.0,0.4595335627316648,0.48848794025454084,-0.22585497996212162,0.94435754296613,-0.3362948217714412,0.0,0
5107,1.0,-0.9269215815153401,-0.9605160209189206,-0.22585497996212162,1.6404127178781434,-0.3362948217714412,0.0,0
5108,1.0,-0.7721073768804264,-0.7211588577073281,0.6708930750515975,-0.5987103796595946,-0.3362948217714412,0.0,0
5109,1.0,-0.18734792939375233,-0.5425341090419606,-0.22585497996212162,1.5273158868080605,-0.3362948217714412,0.0,0
5110,1.0,-0.9970320212620823,-0.638991473321259,-1.1226030349758407,-0.6812273808695265,-0.3362948217714412,0.0,0
5111,1.0,-0.4589979909713594,-0.6154130064974305,-0.22585497996212162,-0.9132457725068641,-0.3362948217714412,0.0,0
5112,1.0,-0.5846255453234153,-0.23529954133752842,-1.1226030349758407,0.2541270975512889,-0.3362948217714412,0.0,1
5113,1.0,-0.3234184136635279,-0.5503935979832367,-0.22585497996212162,0.9462991194651875,-0.3362948217714412,0.0,0
5114,1.0,0.6586632776584403,-0.007374362040519547,-1.1226030349758407,-1.3423341787985095,-0.3362948217714412,0.0,0
5115,1.0,-0.06163111923043386,-0.3839153322271142,-1.1226030349758407,-0.3657211997727284,-0.3362948217714412,0.0,0
5116,1.0,3.8214875776529516,0.8271604637240775,0.6708930750515975,0.802622458534953,-0.3362948217714412,0.0,0
5117,1.0,0.07109227211699544,-0.18814260768987143,1.5676411300653166,0.954065425461416,2.833611433315728,0.0,1
5118,1.0,0.3590315192500202,0.9207598320247301,0.6708930750515975,-1.349615090669974,-0.3362948217714412,0.0,0
5119,1.0,0.9093382235893452,0.36630861216742944,3.361137240092755,0.4531386887046538,-0.3362948217714412,0.0,0
5120,1.0,1.3592767681639197,-0.07596626552802066,-1.1226030349758407,-0.6487059745103179,-0.3362948217714412,0.0,0
5121,1.0,1.3867229301271575,1.8310315512234434,-1.1226030349758407,-0.17641749111464938,-0.3362948217714412,0.0,0
5122,1.0,-0.32029446026933833,0.4777704553346188,-1.1226030349758407,-0.5424046611869353,2.833611433315728,0.0,0
5123,1.0,1.223786446667351,-0.173852627796642,-1.1226030349758407,1.0734723801534354,-0.3362948217714412,0.0,0
5124,1.0,-0.9797163938771454,-0.5296731271380541,0.6708930750515975,-1.7282225079861318,-0.3362948217714412,0.0,0
5125,1.0,0.9154076187551995,0.3741681011087055,0.6708930750515975,0.021623311789186965,2.833611433315728,0.0,0
5126,1.0,-0.5454868720847819,0.29271521571729797,-0.22585497996212162,1.5326552221804677,-0.3362948217714412,0.0,0
5127,1.0,-0.20341397542101355,-0.6318464833746443,-0.22585497996212162,-0.05409817167404459,-0.3362948217714412,0.0,0
5128,1.0,1.2432888414282206,3.8087647684463923,-1.1226030349758407,0.28325074503714726,-0.3362948217714412,0.0,0
5129,1.0,-0.8200377475284222,-0.7411648295578493,-0.22585497996212162,-1.5083389694679017,-0.3362948217714412,0.0,0
5130,1.0,0.061854295651320314,-0.4546507326985998,-1.1226030349758407,0.61623111462546,-0.3362948217714412,0.0,0
5131,1.0,0.494343329124064,0.2855702257706833,-0.22585497996212162,0.2429630326817098,2.833611433315728,0.0,0
5132,1.0,-1.1287735986856238,-0.7418793285525108,-0.22585497996212162,-1.3360240551765734,2.833611433315728,1.0,0
5133,1.0,0.08523931820211157,0.8814623873183496,0.6708930750515975,1.0686184389057922,-0.3362948217714412,0.0,0
5134,1.0,-0.9883742075696139,-0.675430922048994,-1.1226030349758407,-1.376311767532011,-0.3362948217714412,0.0,0
5135,1.0,-0.3975899928227169,-0.5518225959725598,0.6708930750515975,-1.235062077225598,-0.3362948217714412,0.0,0
5136,1.0,-0.8445830956256267,-0.5353891190953459,-0.22585497996212162,-0.27252552781798167,-0.3362948217714412,0.0,0
5137,1.0,0.6500500918716031,-0.4439332477786777,1.5676411300653166,0.4434308062093677,-0.3362948217714412,0.0,0
5138,1.0,-0.15231502347319695,0.3391576503702936,1.5676411300653166,2.191820443610393,-0.3362948217714412,0.0,0
5139,1.0,-0.07426081652408655,0.447761497558837,0.6708930750515975,1.0783263214010783,-0.3362948217714412,0.0,0
5140,1.0,-1.3187992208636181,-0.9590870229295977,0.6708930750515975,-0.5890024971643085,-0.3362948217714412,0.0,0
5141,1.0,-0.7289075642293465,-0.6318464833746443,1.5676411300653166,0.9458137253404233,-0.3362948217714412,0.0,0
5142,1.0,-0.27780869410835896,0.29271521571729797,0.6708930750515975,-0.3419368876592774,-0.3362948217714412,0.0,0
5143,1.0,0.908936572438664,1.847465028100657,0.6708930750515975,-0.04050713618064421,-0.3362948217714412,0.0,0
5144,1.0,-0.45109885167462277,-0.16813663583935026,-0.22585497996212162,-0.3996987885062295,-0.3362948217714412,0.0,0
5145,1.0,1.0010485696616278,-0.14813066398882904,-1.1226030349758407,-0.8690749071533124,-0.3362948217714412,0.0,0
5146,1.0,-0.8234294683563995,-0.7118703707767291,-1.1226030349758407,2.121438295519569,-0.3362948217714412,0.0,0
5147,1.0,-0.7106993787317839,-0.6139840085081076,0.6708930750515975,0.5642939432756797,-0.3362948217714412,0.0,0
5148,1.0,0.58792804723286,0.14910091779034243,-1.1226030349758407,1.3224795661575237,-0.3362948217714412,0.0,0
5149,1.0,0.361218286625953,0.6892621577544139,-0.22585497996212162,1.1826860582254037,-0.3362948217714412,0.0,0
5150,1.0,-1.2292310142616372,-0.9326505601271232,-1.1226030349758407,-0.9200412902535643,-0.3362948217714412,0.0,0
5151,1.0,-0.657190519879878,-0.6025520245935241,2.464389185079036,-0.2137928387215008,2.833611433315728,0.0,0
5152,1.0,0.8177617612339568,0.28771372275466767,-0.22585497996212162,1.0001778673140254,-0.3362948217714412,0.0,0
5153,1.0,0.6475063012506201,1.125821043492572,-1.1226030349758407,1.776808466936913,-0.3362948217714412,0.0,1
5154,1.0,-1.0867341115809572,-0.8183307209812881,-1.1226030349758407,-1.4335882742541988,-0.3362948217714412,0.0,0
5155,1.0,-0.9384802090738418,-0.4467912437573236,0.6708930750515975,0.6070086262549387,-0.3362948217714412,1.0,0
5156,1.0,1.1156976592283883,-0.10526072430914088,0.6708930750515975,-1.5097951518421946,2.833611433315728,0.0,0
5157,1.0,-0.038201468774011364,-0.3903458231790674,-1.1226030349758407,-0.6234654800225742,-0.3362948217714412,0.0,0
5158,1.0,0.0034363671799736806,-0.31532342873961305,-1.1226030349758407,1.8695187447668953,-0.3362948217714412,0.0,0
5159,1.0,0.9825279888246463,2.4505021795949378,-0.22585497996212162,-0.23078163308825145,-0.3362948217714412,0.0,0
5160,1.0,-0.055918747309630014,-0.8533411717197001,0.6708930750515975,-0.05701053642263037,2.833611433315728,0.0,0
5161,1.0,-1.1316744125516571,-0.9040706003406646,-0.22585497996212162,0.15462130197460636,2.833611433315728,0.0,0
5162,1.0,-0.4016511322351634,-0.20743408054573106,-1.1226030349758407,-1.1161405166583436,-0.3362948217714412,0.0,0
5163,1.0,0.23210975563465724,-0.7325908416219116,-1.1226030349758407,-0.7753938410738015,-0.3362948217714412,0.0,0
5164,1.0,-1.2017848522983994,-0.9319360611324619,-1.1226030349758407,0.10559649537341159,-0.3362948217714412,0.0,0
5165,1.0,-0.9192455817467596,-0.48108719550107415,-0.22585497996212162,-0.3196087579201194,-0.3362948217714412,0.0,0
5166,1.0,-1.2295880375066874,-0.8340496988638404,0.6708930750515975,0.5740018257709658,-0.3362948217714412,0.0,0
5167,1.0,-0.12678786145210413,0.23912779111768767,-0.22585497996212162,-0.22981084483872297,2.833611433315728,0.0,0
5168,1.0,-0.6526384735054874,-0.4925191794156577,-1.1226030349758407,1.9704807227178704,-0.3362948217714412,0.0,0
5169,1.0,0.4291419589967625,0.4156090427990708,-0.22585497996212162,0.621085055873103,-0.3362948217714412,0.0,0
5170,1.0,0.014057808720218523,0.1912563584753693,-1.1226030349758407,0.642927791487497,2.833611433315728,0.0,0
5171,1.0,0.820484063477465,0.0033431228794025152,-1.1226030349758407,0.9040698306106928,-0.3362948217714412,0.0,0
5172,1.0,-0.11759451289206024,-0.5896910426896177,-0.22585497996212162,-1.1010932987906499,-0.3362948217714412,0.0,0
5173,1.0,-1.0525937637730272,-0.6875774049582389,-0.22585497996212162,-0.6161845681511096,-0.3362948217714412,0.0,0
5174,1.0,-0.6992746348901759,-0.47322770655979807,1.5676411300653166,0.2866485039104973,-0.3362948217714412,0.0,0
5175,1.0,-0.5494141277803347,-0.6239869944333682,0.6708930750515975,-1.736474208107125,-0.3362948217714412,0.0,0
5176,1.0,0.3511770078589148,-0.29245946091044606,-0.22585497996212162,0.7264155809469575,2.833611433315728,0.0,0
5177,1.0,1.484948950421607,2.6269834312763205,0.6708930750515975,-0.9001401311382278,-0.3362948217714412,1.0,0
5178,1.0,-0.46158640949797375,-0.2517330182147423,-1.1226030349758407,1.0229913911779478,-0.3362948217714412,0.0,0
5179,1.0,0.009371878628933974,-0.31032193577698286,-1.1226030349758407,0.48371851856480513,-0.3362948217714412,0.0,0
5180,1.0,-1.1442594819396783,-0.8376221938371478,1.5676411300653166,0.30800584540012677,-0.3362948217714412,0.0,0
5181,1.0,-1.2162889216285657,-0.9312215621378005,-0.22585497996212162,-0.14923542012784835,-0.3362948217714412,0.0,0
5182,1.0,1.2889878167946525,2.022517281792717,0.6708930750515975,0.4138217645987451,-0.3362948217714412,0.0,0
5183,1.0,0.21131315161048023,-0.48823218544768887,1.5676411300653166,-0.49629221933432627,-0.3362948217714412,0.0,0
5184,1.0,-0.3520695290788104,-0.4632247206345374,0.6708930750515975,1.977276240464571,-0.3362948217714412,0.0,0
5185,1.0,1.679749758502148,0.663540193946601,0.6708930750515975,-0.2336939978368375,-0.3362948217714412,0.0,0
5186,1.0,1.455226765271174,0.9150438400674386,0.6708930750515975,0.8186404646521754,-0.3362948217714412,0.0,0
5187,1.0,-1.222402944700051,-0.9247910711858471,-0.22585497996212162,0.1012279482505328,-0.3362948217714412,0.0,0
5188,1.0,-1.1924576200214616,-0.9305070631431388,-0.22585497996212162,0.007546882171022061,2.833611433315728,0.0,0
5189,1.0,-0.853821072091302,-0.37748484127516096,-0.22585497996212162,-0.9637267614823517,-0.3362948217714412,0.0,0
5190,1.0,-0.14227374470615872,-0.03666882082163977,-0.22585497996212162,-0.7787915999471516,-0.3362948217714412,0.0,0
5191,1.0,-0.49416478060880875,-0.65399595220915,0.6708930750515975,-0.6001665620338874,-0.3362948217714412,0.0,0
5192,1.0,1.8482647301658648,0.8400214456279841,-1.1226030349758407,-1.13604167577368,2.833611433315728,0.0,0
5193,1.0,-0.9177728608609275,-0.6204144994600609,-1.1226030349758407,-0.18758155598422852,-0.3362948217714412,0.0,0
5194,1.0,0.6188105579297064,0.35630562624216877,0.6708930750515975,-1.3835926794034752,-0.3362948217714412,0.0,0
5195,1.0,-0.9721296499198278,-0.4896611834370118,-0.22585497996212162,-1.1180820931574007,-0.3362948217714412,0.0,0
5196,1.0,-0.19796937093399716,-0.7054398798247757,-1.1226030349758407,-0.29533905168190416,-0.3362948217714412,0.0,0
5197,1.0,-0.2576368807630198,0.11766296202523784,-0.22585497996212162,0.4181903117216239,-0.3362948217714412,0.0,0
5198,1.0,0.06948566751426952,-0.7304473446379273,-1.1226030349758407,-1.3738847969081893,-0.3362948217714412,0.0,1
5199,1.0,0.6741491609124948,0.2462727810643024,-1.1226030349758407,0.8230090117750543,-0.3362948217714412,0.0,0
5200,1.0,1.7633378257495373,1.4437730961169266,-1.1226030349758407,-1.723853960863253,-0.3362948217714412,0.0,0
5201,1.0,-1.090527483559616,-0.9212185762125398,0.6708930750515975,-0.0220621594396005,-0.3362948217714412,0.0,0
5202,1.0,-0.09376321128495634,-0.2510185192200808,2.464389185079036,0.8861102479944138,2.833611433315728,0.0,0
5203,1.0,-0.8032130271054293,-0.0066598630458579566,-0.22585497996212162,0.27985298616379695,-0.3362948217714412,0.0,0
5204,1.0,0.7639851349482635,-0.21600806848166876,0.6708930750515975,0.34101264588409935,-0.3362948217714412,0.0,0
5205,1.0,-0.06466581681336099,-0.21457907049234579,1.5676411300653166,-0.27883565143991773,-0.3362948217714412,0.0,1
5206,1.0,0.30213093957013704,-0.35533537244065544,-1.1226030349758407,-1.7374449963566534,-0.3362948217714412,0.0,0
5207,1.0,-0.8653796996498037,-0.7225878556966512,-1.1226030349758407,-0.10797691952288241,-0.3362948217714412,0.0,0
5208,1.0,-0.7973221435621002,-0.6468509622625354,-0.22585497996212162,-1.4209680270103269,2.833611433315728,0.0,0
5209,1.0,-0.956777650382667,-0.24530252726278898,-1.1226030349758407,0.5788557670186089,-0.3362948217714412,0.0,0
5210,1.0,-0.42374194552264743,-0.2838854729745084,-1.1226030349758407,1.78554556118267,2.833611433315728,0.0,0
5211,1.0,-0.47617973463940255,-0.5625400808924818,-1.1226030349758407,-1.8553957686743794,-0.3362948217714412,0.0,0
5212,1.0,-0.3646099705612002,-0.5325311231167,1.5676411300653166,0.5856512847653089,2.833611433315728,0.0,0
5213,1.0,0.5052771660037277,0.09408449520140935,-0.22585497996212162,0.5196376837973637,-0.3362948217714412,0.0,0
5214,1.0,-0.8680573739876806,-0.5125251512661788,-1.1226030349758407,0.14005947823167722,-0.3362948217714412,0.0,0
5215,1.0,2.833782770221442,3.0035244014629154,-1.1226030349758407,-1.0467291568170478,-0.3362948217714412,0.0,0
5216,1.0,-0.030346957382905958,-0.42678527190680243,0.6708930750515975,0.4885724598124482,2.833611433315728,0.0,0
5217,1.0,-0.7985270970141448,-0.710441372787406,-1.1226030349758407,-0.9525626966127727,-0.3362948217714412,0.0,0
5218,1.0,-0.5938188938834591,-0.511096153276856,0.6708930750515975,-0.8394658655426896,-0.3362948217714412,0.0,0
5219,1.0,1.3911410927846544,2.251871459079049,-1.1226030349758407,1.8976716040032247,-0.3362948217714412,0.0,1
5220,1.0,-0.22684362587743606,0.5077794131104006,-0.22585497996212162,-1.5063973929688446,-0.3362948217714412,0.0,0
5221,1.0,0.04873369139572373,-0.04667180674690024,3.361137240092755,-0.6530745216331967,-0.3362948217714412,0.0,0
5222,1.0,-0.5063928267517798,0.0054866198633870865,1.5676411300653166,1.7404039075795898,-0.3362948217714412,0.0,0
5223,1.0,0.1591431299275128,-0.5896910426896177,-1.1226030349758407,0.8065056115330675,-0.3362948217714412,0.0,0
5224,1.0,-1.0421508338553074,-0.6225579964440452,-0.22585497996212162,-0.9506211201137155,-0.3362948217714412,0.0,0
5225,1.0,-0.7196249598580401,-0.8219032159545955,0.6708930750515975,-0.2152490210957938,-0.3362948217714412,0.0,0
5226,1.0,-0.12277134994528895,-0.5411051110526377,1.5676411300653166,0.9060114071097504,-0.3362948217714412,0.0,0
5227,1.0,-1.040678112969475,-0.7190153607233438,-1.1226030349758407,0.07938521263613907,-0.3362948217714412,0.0,0
5228,1.0,0.3019524279476118,-0.04167031378427011,-0.22585497996212162,-0.02157676531483625,-0.3362948217714412,0.0,0
5229,1.0,0.7906279946101381,0.45133399253214435,-1.1226030349758407,0.21966411469302333,-0.3362948217714412,0.0,0
5230,1.0,-1.2570788273755564,-0.8390511918264707,-0.22585497996212162,0.21189780869679448,-0.3362948217714412,0.0,0
5231,1.0,-0.6018072889914584,-0.3753413442911766,-0.22585497996212162,-0.352615558404092,-0.3362948217714412,0.0,0
5232,1.0,-0.3111457396149257,-0.5189556422181321,-0.22585497996212162,-0.7292813992211925,-0.3362948217714412,0.0,0
5233,1.0,-1.3345082436458289,-0.976234998801473,-0.22585497996212162,0.7264155809469575,-0.3362948217714412,0.0,0
5234,1.0,0.5080440961528672,-0.03595432182697818,-1.1226030349758407,0.36285538149849306,-0.3362948217714412,0.0,0
5235,1.0,-1.1289074824025176,-0.9097865922979563,-1.1226030349758407,0.5909906201377162,-0.3362948217714412,0.0,0
5236,1.0,0.269106289402989,-0.15599015293010524,0.6708930750515975,-1.3389364199251592,-0.3362948217714412,0.0,0
5237,1.0,0.18980250109620284,-0.5889765436949561,0.6708930750515975,-0.26767158657033857,-0.3362948217714412,0.0,0
5238,1.0,-0.9883295796639826,-0.3224684186862278,-1.1226030349758407,-0.1113746783962327,-0.3362948217714412,0.0,0
5239,1.0,1.4306814171739692,2.2004275314634234,2.464389185079036,-0.21816138584437958,2.833611433315728,0.0,0
5240,1.0,0.8280261795291515,0.5592233407260263,-1.1226030349758407,0.3856689053624156,2.833611433315728,0.0,0
5241,1.0,1.4542895792529167,1.7531511608053432,-0.22585497996212162,-1.1787563587529388,-0.3362948217714412,0.0,0
5242,1.0,-0.0030793070421934986,0.14124142884906635,-1.1226030349758407,-0.8307287712969322,-0.3362948217714412,0.0,0
5243,1.0,-0.6380005204584273,-0.7904652601894907,-1.1226030349758407,-1.3733994027834249,-0.3362948217714412,0.0,0
5244,1.0,-0.12290523366218266,0.41918153777237815,-0.22585497996212162,-0.23272320958730874,2.833611433315728,0.0,0
5245,1.0,-0.9157199772018886,-0.6682859321023793,0.6708930750515975,-0.015266641692900174,-0.3362948217714412,0.0,0
5246,1.0,-0.22273785855935813,-0.5832605517376644,-0.22585497996212162,0.9385328134689584,-0.3362948217714412,0.0,0
5247,1.0,0.41303128506387,1.0143592003253827,0.6708930750515975,1.479261868456394,-0.3362948217714412,0.0,0
5248,1.0,2.046010980018071,0.5849453045338392,0.6708930750515975,0.47061287719616873,-0.3362948217714412,0.0,0
5249,1.0,-0.29034913559074876,-0.6046955215775085,-0.22585497996212162,1.912718821870918,2.833611433315728,0.0,0
5250,1.0,1.8520134742388925,2.090394686285557,0.6708930750515975,0.2648057682961035,-0.3362948217714412,0.0,0
5251,1.0,-0.7115473089387783,-0.6704294290863638,-1.1226030349758407,2.267056532948861,-0.3362948217714412,0.0,0
5252,1.0,0.9216555255435787,0.4913459362331866,-1.1226030349758407,0.8346584707693974,-0.3362948217714412,0.0,0
5253,1.0,0.3371638454906924,-0.09883023335718757,-0.22585497996212162,-0.10700613127335391,-0.3362948217714412,0.0,0
5254,1.0,0.28945661437085307,-0.2988899518623993,0.6708930750515975,-0.5734698851718506,-0.3362948217714412,0.0,0
5255,1.0,0.09456655047904942,-0.27388248704924784,-0.22585497996212162,0.06530878301797444,-0.3362948217714412,0.0,0
5256,1.0,-0.4751532928098831,-0.7440228255364952,0.6708930750515975,-0.6564722805065467,-0.3362948217714412,0.0,0
5257,1.0,0.749302553995572,0.9914952324962157,-1.1226030349758407,-0.8360681066693396,2.833611433315728,0.0,0
5258,1.0,-0.91612162835257,-0.7554548094510787,-0.22585497996212162,0.8230090117750543,-0.3362948217714412,0.0,0
5259,1.0,0.0007586928420967228,0.5656538316779797,-1.1226030349758407,0.4172195234720951,2.833611433315728,0.0,0
5260,1.0,-0.1244672103592776,-0.17671062377528787,0.6708930750515975,0.7196200632002574,-0.3362948217714412,0.0,0
5261,1.0,-0.04793035220163064,-0.14455816901552168,-1.1226030349758407,1.2778233066792077,-0.3362948217714412,0.0,0
5262,1.0,1.1203835893196732,0.28842822174932925,-1.1226030349758407,-1.3234038079327015,-0.3362948217714412,0.0,0
5263,1.0,-0.9203612793875418,-0.7833202702428761,-1.1226030349758407,1.38412462000259,-0.3362948217714412,0.0,0
5264,1.0,-1.2149947123652585,-0.9419390470577225,0.6708930750515975,-1.5272693403337094,-0.3362948217714412,0.0,1
5265,1.0,-0.8754656063224731,-0.6111260125294617,-0.22585497996212162,-0.44969438335695305,-0.3362948217714412,0.0,0
5266,1.0,-0.037844445528961185,-0.520384640207455,-1.1226030349758407,0.04589301802740223,-0.3362948217714412,0.0,0
5267,1.0,2.3120825533917677,0.11194697006794611,-0.22585497996212162,-0.36717738214702117,-0.3362948217714412,0.0,0
5268,1.0,-0.3733570400649313,-0.4160677869868804,0.6708930750515975,-0.06574763066838797,-0.3362948217714412,0.0,0
5269,1.0,1.2023650519643363,-0.6311319843799829,-0.22585497996212162,0.6322491207426825,-0.3362948217714412,0.0,0
5270,1.0,-0.5946668240904535,-0.8269047089172258,-1.1226030349758407,0.15753366672319213,-0.3362948217714412,0.0,0
5271,1.0,0.5498158158237462,1.002212717416138,-0.22585497996212162,-1.2622441482123992,-0.3362948217714412,0.0,0
5272,1.0,-0.4490013401099526,-0.013090353997811274,-1.1226030349758407,0.012886217543429364,-0.3362948217714412,0.0,0
5273,1.0,-0.5580719414728031,-0.33818739656878016,-1.1226030349758407,-1.0307111506998259,2.833611433315728,0.0,0
5274,1.0,1.1522479139404076,-0.22958354938023667,-1.1226030349758407,-1.1564282290137808,2.833611433315728,0.0,0
5275,1.0,0.633493138882398,1.0436536591065033,-0.22585497996212162,-1.685507825006873,-0.3362948217714412,0.0,0
5276,1.0,-0.44141459615263473,-0.4639392196291989,-1.1226030349758407,0.36625314037184337,2.833611433315728,0.0,0
5277,1.0,0.1367845492062411,-0.048815303730884815,-1.1226030349758407,-1.6942449192526305,-0.3362948217714412,0.0,0
5278,1.0,-0.5354455933177437,-0.8233322139439184,-0.22585497996212162,0.238594485558831,-0.3362948217714412,0.0,0
5279,1.0,-0.8430211189285319,-0.0016583700832276216,-0.22585497996212162,-0.7482117700870005,-0.3362948217714412,0.0,0
5280,1.0,-0.8617648392936699,-0.591834539673602,1.5676411300653166,-0.03468240668347238,-0.3362948217714412,0.0,0
5281,1.0,0.5015284219307002,0.8614564154678283,-0.22585497996212162,1.2346232295751847,-0.3362948217714412,0.0,0
5282,1.0,-0.321990320683327,-0.3267554126541966,-1.1226030349758407,-0.4589168717274749,-0.3362948217714412,0.0,0
5283,1.0,-0.8463235839452468,-0.35319187545667097,1.5676411300653166,0.29538559815625487,-0.3362948217714412,0.0,0
5284,1.0,0.84958145794906,-0.12526669615966202,-0.22585497996212162,-1.3025318605678367,-0.3362948217714412,0.0,0
5285,1.0,0.8478409696294402,0.45919348147342065,0.6708930750515975,1.2569513593143422,-0.3362948217714412,0.0,0
5286,1.0,-0.6482649387536219,-0.10025923134651055,-1.1226030349758407,0.20024834970245112,-0.3362948217714412,0.0,0
5287,1.0,0.44498486549586724,0.11051797207862313,-0.22585497996212162,-0.7642297762042225,-0.3362948217714412,0.0,0
5288,1.0,-0.5042953151871096,-0.5046656623249026,-1.1226030349758407,-0.9952773795920316,-0.3362948217714412,0.0,0
5289,1.0,2.139818837655023,0.11766296202523784,-1.1226030349758407,0.6147749322511672,-0.3362948217714412,0.0,0
5290,1.0,0.7733569951308323,-0.44822024174664654,-1.1226030349758407,-1.864132862920137,-0.3362948217714412,0.0,0
5291,1.0,-0.9712817197128334,-0.6718584270756867,-0.22585497996212162,0.805534823283539,-0.3362948217714412,0.0,0
5292,1.0,-0.7441256800496133,-0.45536523169326126,0.6708930750515975,-0.3128132401734191,-0.3362948217714412,0.0,0
5293,1.0,0.8394062954651281,1.5173664925670578,-1.1226030349758407,-1.0768235925524348,-0.3362948217714412,0.0,0
5294,1.0,2.001427702292421,2.0210882838033943,0.6708930750515975,-0.30601772242671876,-0.3362948217714412,0.0,0
5295,1.0,-0.23617085815437366,0.5370738718915209,-1.1226030349758407,0.04831998865122375,-0.3362948217714412,0.0,0
5296,1.0,-0.8805085596588078,-0.6461364632678738,-1.1226030349758407,2.271910474196504,2.833611433315728,0.0,0
5297,1.0,-1.0145261602695446,-0.7047253808301144,-0.22585497996212162,-0.8889760662686488,-0.3362948217714412,0.0,0
5298,1.0,-1.1687602021312515,-0.6489944592465197,-0.22585497996212162,1.7957388378027206,-0.3362948217714412,0.0,0
5299,1.0,-0.45310710742803034,-0.5389616140686533,1.5676411300653166,-0.08564878978372442,-0.3362948217714412,0.0,0
5300,1.0,0.754390135237538,0.11480496604659188,-1.1226030349758407,-0.2885435339352038,-0.3362948217714412,0.0,0
5301,1.0,-1.0299227877123365,-0.6211289984547224,0.6708930750515975,0.3813003582395368,2.833611433315728,0.0,0
5302,1.0,0.7574694607260963,-0.11240571425575559,-1.1226030349758407,-1.2005990943673326,-0.3362948217714412,0.0,0
5303,1.0,-0.30663832114616635,-0.04524280875757746,-1.1226030349758407,-0.13418820226015493,-0.3362948217714412,1.0,0
5304,1.0,-1.0282269272983477,-0.49037568243167334,-1.1226030349758407,-0.16865118511842056,-0.3362948217714412,0.0,0
5305,1.0,0.6328683482035599,0.6413907251120955,-1.1226030349758407,0.7681594756766874,-0.3362948217714412,0.0,0
5306,1.0,-0.7855850043810734,-0.3446178875207334,-1.1226030349758407,-1.4748467748591647,-0.3362948217714412,0.0,0
5307,1.0,0.21894452347342916,0.6621111959572781,-0.22585497996212162,-1.6384245949047354,2.833611433315728,0.0,0
5308,1.0,-0.6257724743154562,-0.39749081312568213,-1.1226030349758407,-0.031770041934886604,-0.3362948217714412,0.0,1
5309,1.0,0.026464366485714503,-0.41749678497620335,-0.22585497996212162,0.5890490436386593,-0.3362948217714412,0.0,0
5310,1.0,-0.32614071590703614,-0.3110364347716442,0.6708930750515975,0.17889100821282164,-0.3362948217714412,0.0,0
5311,1.0,-1.284658873055688,-0.9940974736680098,0.6708930750515975,-0.35115937602979924,-0.3362948217714412,0.0,0
5312,1.0,0.5155862122045537,-0.3238974166755508,-0.22585497996212162,-1.7228831726137244,-0.3362948217714412,0.0,0
5313,1.0,1.5106546240652245,0.3805985920606589,0.6708930750515975,0.9613463373328809,-0.3362948217714412,0.0,0
5314,1.0,-1.0224699274719125,-0.75116781548311,1.5676411300653166,0.34004185763457084,-0.3362948217714412,0.0,0
5315,1.0,-0.743590145182038,0.36487961417810644,0.6708930750515975,1.1608433226110102,-0.3362948217714412,0.0,0
5316,1.0,-1.0902597161258283,-0.7926087571734752,0.6708930750515975,-0.8477175656636828,-0.3362948217714412,0.0,0
5317,1.0,0.013700785475168347,-0.555395090945867,0.6708930750515975,1.3244211426565808,-0.3362948217714412,0.0,0
5318,1.0,-0.6591541477276543,-0.7418793285525108,-1.1226030349758407,0.1434572371050275,-0.3362948217714412,0.0,0
5319,1.0,-1.2704671990649405,-0.8333351998691789,1.5676411300653166,0.9861014376958604,-0.3362948217714412,0.0,0
5320,1.0,-0.6951242396664669,-0.617556503481415,-0.22585497996212162,0.5380826605384069,-0.3362948217714412,0.0,0
5321,1.0,0.11920115438751643,-0.4167822859815419,-0.22585497996212162,0.5283747780431208,-0.3362948217714412,0.0,0
5322,1.0,-0.5420058954455419,0.11123247107328453,0.6708930750515975,1.1608433226110102,-0.3362948217714412,0.0,0
5323,1.0,-0.8033469108223231,-0.8597716626716534,-1.1226030349758407,-0.22641308596537293,-0.3362948217714412,0.0,0
5324,1.0,0.7820594367289321,2.001796810947535,-1.1226030349758407,-0.8642209659056693,-0.3362948217714412,0.0,1
5325,1.0,1.9470262853278895,0.49849092617980134,0.6708930750515975,-0.5448316318107568,-0.3362948217714412,0.0,0
5326,1.0,0.9254488975222377,1.1979854419533804,-1.1226030349758407,2.4752906124727474,-0.3362948217714412,0.0,0
5327,1.0,1.3883295347298836,0.46705297041469673,-1.1226030349758407,2.5636323431798504,-0.3362948217714412,0.0,0
5328,1.0,-0.09184421134281122,0.6042367773896989,-0.22585497996212162,-1.180697935251996,-0.3362948217714412,0.0,0
5329,1.0,-0.31431432091474665,-0.3217539196915663,0.6708930750515975,-1.7374449963566534,-0.3362948217714412,0.0,0
5330,1.0,0.5491017693336456,0.3941740729592267,0.6708930750515975,-1.1666215056338312,-0.3362948217714412,0.0,0
5331,1.0,-0.9205844189156982,-0.8883516224581122,-1.1226030349758407,-1.6782269131354084,-0.3362948217714412,0.0,0
5332,1.0,0.2753988240969997,-0.5761155617910497,-1.1226030349758407,-0.4739640895951683,2.833611433315728,0.0,0
5333,1.0,-0.034720492134771574,-0.5889765436949561,-0.22585497996212162,-1.4277635447570272,6.003517688402897,0.0,0
5334,1.0,-0.3476513664213135,0.1762518795874783,0.6708930750515975,-0.23175242133778023,-0.3362948217714412,0.0,0
5335,1.0,-1.1896906898723223,-0.8919241174314195,1.5676411300653166,0.7074852100811495,-0.3362948217714412,0.0,0
5336,1.0,0.12263750312112497,-0.028809331880363474,0.6708930750515975,-0.9588728202347087,-0.3362948217714412,0.0,0
5337,1.0,-0.707843192771382,-0.8183307209812881,0.6708930750515975,0.22451805594066637,-0.3362948217714412,0.0,0
5338,1.0,-0.646702962056527,-0.75116781548311,-1.1226030349758407,0.026477253036830017,-0.3362948217714412,0.0,0
5339,1.0,-0.2338055791559159,0.5192113970249841,0.6708930750515975,-0.18952313248328578,-0.3362948217714412,0.0,0
5340,1.0,0.10402766647288075,0.0819380122921643,1.5676411300653166,-0.3705751410203715,-0.3362948217714412,0.0,0
5341,1.0,-0.4736359440184196,-0.31818142471825894,-1.1226030349758407,-1.0826483220496064,2.833611433315728,0.0,0
5342,1.0,0.7697867626803298,0.06336103843096615,0.6708930750515975,-0.005558759197614071,2.833611433315728,0.0,0
5343,1.0,-0.3398414829358394,0.2141203263045362,-0.22585497996212162,0.6366176678655613,-0.3362948217714412,0.0,0
5344,1.0,-1.1567552955164369,-0.916931582244571,-1.1226030349758407,-0.4395011067369027,-0.3362948217714412,1.0,0
5345,1.0,-1.0123393928936117,-0.6990093888728226,-0.22585497996212162,-0.07108696604079527,-0.3362948217714412,0.0,0
5346,1.0,-1.1551040630080796,-0.7304473446379273,0.6708930750515975,-0.01381045931860742,-0.3362948217714412,0.0,0
5347,1.0,-0.8217336079424109,-0.3760558432858381,1.5676411300653166,1.3952886848721695,-0.3362948217714412,0.0,0
5348,1.0,0.3471604963520994,1.0243621862506433,0.6708930750515975,-0.7525803172098792,-0.3362948217714412,0.0,0
5349,1.0,0.4826061899430371,0.7021231396583203,0.6708930750515975,-0.2613614629484028,-0.3362948217714412,0.0,0
5350,1.0,-0.5609727553388363,-0.43535925984274004,-1.1226030349758407,-0.8117984004311244,-0.3362948217714412,0.0,0
5351,1.0,5.036259168936419,8.746667320551813,0.6708930750515975,0.44634317095795345,-0.3362948217714412,0.0,0
5352,1.0,-0.7023539603787343,-0.23387054334820553,0.6708930750515975,-0.1958332561052216,-0.3362948217714412,0.0,0
5353,1.0,0.624790697284298,-0.34247439053674894,0.6708930750515975,-0.4540629304798318,-0.3362948217714412,0.0,0
5354,1.0,0.350105938123764,0.20483183937393712,-0.22585497996212162,0.5463343606594002,-0.3362948217714412,0.0,0
5355,1.0,-0.9293761163250605,-0.7883217632055063,0.6708930750515975,-0.3822246000147146,-0.3362948217714412,0.0,0
5356,1.0,-0.5130870125964719,-0.70258188384613,0.6708930750515975,-0.8399512596674541,-0.3362948217714412,0.0,0
5357,1.0,-0.9187546747848157,-0.8476251797624084,-0.22585497996212162,-0.7186027284763778,-0.3362948217714412,0.0,0
5358,1.0,-0.6048419865743856,-0.4996641693622724,-0.22585497996212162,1.355971760766261,-0.3362948217714412,0.0,1
5359,1.0,-0.18208183652926113,-0.28031297800120103,-0.22585497996212162,-0.45794608347794613,-0.3362948217714412,0.0,0
5360,1.0,-1.3345082436458289,-0.906214097324649,0.6708930750515975,-1.6340560477818566,-0.3362948217714412,0.0,0
5361,1.0,-0.6556731710884145,-0.4925191794156577,-1.1226030349758407,-1.4665950747381713,-0.3362948217714412,0.0,0
5362,1.0,-1.1072629481713463,-0.9083575943086334,-0.22585497996212162,0.904555224735457,-0.3362948217714412,0.0,0
5363,1.0,-0.1376324425205054,-0.5989795296202167,-0.22585497996212162,-0.4040673356291083,-0.3362948217714412,0.0,0
5364,1.0,-0.31431432091474665,0.6142397633149597,0.6708930750515975,-1.3418487846737452,-0.3362948217714412,0.0,0
5365,1.0,-0.08055335121809701,2.2004275314634234,1.5676411300653166,0.784662875918674,-0.3362948217714412,0.0,0
5366,1.0,1.1217224264886114,1.020789691277336,-1.1226030349758407,-1.449606280371421,-0.3362948217714412,0.0,0
5367,1.0,0.24755101098308036,0.24341478508565662,-0.22585497996212162,-0.3817392058899503,-0.3362948217714412,0.0,0
5368,1.0,-1.2793035243799342,-0.9648030148868895,0.6708930750515975,0.1551066960993706,-0.3362948217714412,0.0,0
5369,1.0,1.5098066938582304,0.054072551500367064,-1.1226030349758407,-0.5283282315687704,-0.3362948217714412,0.0,0
5370,1.0,0.8977795960308438,-0.025236836907056116,-1.1226030349758407,-1.577264935184433,-0.3362948217714412,0.0,0
5371,1.0,-0.5026887105843836,-0.34247439053674894,0.6708930750515975,-1.1214798520307507,-0.3362948217714412,0.0,0
5372,1.0,0.2209081513212055,-0.23958653530549726,0.6708930750515975,1.8510737680258516,-0.3362948217714412,0.0,0
5373,1.0,-0.5897577544710126,-0.543248608036622,-1.1226030349758407,-0.04924423042640154,-0.3362948217714412,0.0,0
5374,1.0,-1.0845027162993932,-0.9297925641484774,0.6708930750515975,0.5186668955478347,-0.3362948217714412,1.0,0
5375,1.0,1.8915984265338388,0.42847002470297724,-1.1226030349758407,-0.34970319365550623,-0.3362948217714412,0.0,0
5376,1.0,-0.7910742367737208,-0.6075535175561544,-1.1226030349758407,-1.9350004051357255,-0.3362948217714412,0.0,0
5377,1.0,-0.1471828143255995,0.4977764271851399,-1.1226030349758407,0.5594400020280367,-0.3362948217714412,0.0,0
5378,1.0,-0.3640744356936249,-0.7818912722535531,0.6708930750515975,-0.5657035791756218,-0.3362948217714412,0.0,0
5379,1.0,-1.0242550436971638,-0.9054995983299874,-1.1226030349758407,1.2263715294541913,2.833611433315728,0.0,0
5380,1.0,-0.31529613483863483,-0.2653084991133102,-0.22585497996212162,-0.0007048179499710194,-0.3362948217714412,0.0,0
5381,1.0,-0.25138897397464055,-0.47322770655979807,0.6708930750515975,0.54293660178605,-0.3362948217714412,0.0,0
5382,1.0,-0.42302789903254695,-0.5625400808924818,1.5676411300653166,-0.1249657138896331,-0.3362948217714412,0.0,0
5383,1.0,1.0821374741936651,0.6878331597650911,-0.22585497996212162,1.410335902739863,-0.3362948217714412,0.0,0
5384,1.0,2.474840525229049,0.7207001135195187,0.6708930750515975,-0.15457475550025565,-0.3362948217714412,0.0,0
5385,1.0,2.607073009614535,0.6842606647917837,0.6708930750515975,-0.20796810922432923,-0.3362948217714412,0.0,1
5386,1.0,1.2088807261865029,0.03906807261247605,-0.22585497996212162,0.43129595309026003,-0.3362948217714412,0.0,0
5387,1.0,1.1522925418460388,-0.031667327859009435,0.6708930750515975,0.8943619481154067,-0.3362948217714412,0.0,0
5388,1.0,-0.6812449610151385,-0.5882620447002946,0.6708930750515975,1.8369973384076868,-0.3362948217714412,0.0,0
5389,1.0,-0.43150720110249036,-0.23101254736955967,-0.22585497996212162,-0.24728503333023788,-0.3362948217714412,0.0,0
5390,1.0,-0.49581601311716617,-0.44464774677333924,-0.22585497996212162,2.3364678927901563,-0.3362948217714412,0.0,0
5391,1.0,1.2896572353791214,-0.19385859964716315,-0.22585497996212162,0.638073850239854,-0.3362948217714412,0.0,0
5392,1.0,-0.5584735926234847,-0.8183307209812881,0.6708930750515975,-0.24388727445688785,-0.3362948217714412,0.0,0
5393,1.0,-0.35617529639688816,0.38917257999659655,1.5676411300653166,-0.05943750704645189,-0.3362948217714412,0.0,0
5394,1.0,0.6168469300819301,-0.4003488091043281,2.464389185079036,-0.2739817101922747,-0.3362948217714412,0.0,0
5395,1.0,1.1874593314834883,4.200310217520879,-1.1226030349758407,-0.4040673356291083,2.833611433315728,0.0,0
5396,1.0,0.41642300589184733,-0.128124692138308,0.6708930750515975,1.8714603212659524,-0.3362948217714412,0.0,0
5397,1.0,0.510096979811906,-0.24173003228948162,-0.22585497996212162,-0.3666919880222569,-0.3362948217714412,0.0,0
5398,1.0,0.3210085436521687,0.5049214171317546,0.6708930750515975,-0.9520773024880084,-0.3362948217714412,0.0,0
5399,1.0,-0.9755659986534363,-0.8433381857944395,0.6708930750515975,-0.7817039646957374,-0.3362948217714412,0.0,0
5400,1.0,-0.42650887567178686,-0.5353891190953459,-1.1226030349758407,-0.3375683405363986,-0.3362948217714412,0.0,0
5401,1.0,1.7698981278773356,0.7685715461618371,-1.1226030349758407,0.9293103250984366,-0.3362948217714412,0.0,0
5402,1.0,1.3513776288671833,0.5106374090890464,0.6708930750515975,1.707397107095617,-0.3362948217714412,0.0,0
5403,1.0,1.0488896844983606,1.7853036155651094,1.5676411300653166,-0.010898094570021643,-0.3362948217714412,0.0,0
5404,1.0,-1.2893001752413413,-0.9690900088548584,-1.1226030349758407,-0.12545110801439735,-0.3362948217714412,0.0,0
5405,1.0,0.06819145825096228,0.04406956557510639,-0.22585497996212162,0.5351702957898214,-0.3362948217714412,0.0,0
5406,1.0,-0.48372185069108914,-0.461081223650553,-1.1226030349758407,-0.8540276892856188,-0.3362948217714412,0.0,0
5407,1.0,-0.23835762553030646,-0.10740422129312525,1.5676411300653166,1.8069029026722998,-0.3362948217714412,0.0,0
5408,1.0,-0.6237642185620487,-0.3481903824940408,-1.1226030349758407,0.972995796327224,-0.3362948217714412,0.0,0
5409,1.0,-1.2153517356103087,-0.7668867933656621,-0.22585497996212162,-0.6341441507673887,-0.3362948217714412,0.0,1
5410,1.0,-0.4519021539759857,-0.8011827451094128,0.6708930750515975,-0.36717738214702117,2.833611433315728,0.0,0
5411,1.0,-1.108289390000866,-0.7676012923603237,-0.22585497996212162,-0.6521037333836682,-0.3362948217714412,0.0,0
5412,1.0,0.2637509407272353,0.245558282069641,-1.1226030349758407,-1.8301552741866356,-0.3362948217714412,1.0,0
5413,1.0,-0.8297666309560415,-0.3617658633926087,1.5676411300653166,1.3001514364183655,-0.3362948217714412,0.0,0
5414,1.0,2.161820395131245,1.9696443561877683,0.6708930750515975,0.7036020570830349,-0.3362948217714412,1.0,0
5415,1.0,0.9366505018356892,0.3484461373008927,-1.1226030349758407,0.05754247702174533,-0.3362948217714412,0.0,0
5416,1.0,-0.04654688712706092,-0.049529802725546204,0.6708930750515975,1.5860485759045413,-0.3362948217714412,0.0,0
5417,1.0,-0.021555259973543746,0.0069156178527098695,1.5676411300653166,0.9589193667090591,2.833611433315728,0.0,0
5418,1.0,0.019948692263547577,-0.06239078462945264,-0.22585497996212162,0.014342399917722386,-0.3362948217714412,0.0,0
5419,1.0,0.8238311563998111,0.7664280491778529,-1.1226030349758407,-1.6345414419066209,-0.3362948217714412,0.0,0
5420,1.0,-0.4870689436134352,-0.5175266442288092,1.5676411300653166,0.7788381464215025,-0.3362948217714412,0.0,0
5421,1.0,0.3899140299468664,-0.328898909638181,2.464389185079036,-0.9540188789870656,-0.3362948217714412,0.0,1
5422,1.0,0.2535757782433034,-0.37319784730719213,1.5676411300653166,-0.5200765314477773,-0.3362948217714412,0.0,0
5423,1.0,0.7389488798891148,1.031507176197258,-0.22585497996212162,-0.8642209659056693,-0.3362948217714412,0.0,0
5424,1.0,1.6601134800243844,2.677712859897285,-1.1226030349758407,-0.4278516477425593,-0.3362948217714412,0.0,0
5425,1.0,-0.5400422675977655,-0.48108719550107415,0.6708930750515975,-0.4424134714854885,-0.3362948217714412,0.0,0
5426,1.0,0.2626798709920845,0.7164131195515497,-1.1226030349758407,-1.2544778422161704,-0.3362948217714412,0.0,0
5427,1.0,-1.22445582835909,-0.5904055416842791,-0.22585497996212162,0.6293367559940964,-0.3362948217714412,0.0,0
5428,1.0,-1.2362822233513795,-0.7547403104564172,0.6708930750515975,0.6909818098391634,-0.3362948217714412,0.0,0
5429,1.0,-0.27700539180699585,-0.01023235801916531,0.6708930750515975,0.5929321966367738,-0.3362948217714412,0.0,0
5430,1.0,1.0810664044585143,0.6928346527277213,-1.1226030349758407,0.38663969361194406,-0.3362948217714412,0.0,0
5431,1.0,-0.26026992719526554,0.21626382328852078,-0.22585497996212162,-0.4545483246045961,-0.3362948217714412,0.0,0
5432,1.0,-0.656521101295409,-0.6311319843799829,-1.1226030349758407,-1.1641945350100096,-0.3362948217714412,0.0,0
5433,1.0,-1.1204281803325742,-0.857628165687669,-1.1226030349758407,-1.2816599132029713,-0.3362948217714412,0.0,0
5434,1.0,1.8557622183119202,1.1393965243911401,-1.1226030349758407,1.046290309166634,-0.3362948217714412,0.0,0
5435,1.0,-0.607608916723525,-0.7518823144777713,0.6708930750515975,-0.37785605289183605,2.833611433315728,0.0,0
5436,1.0,-0.12937627997871834,-0.36962535233388477,-0.22585497996212162,-0.04681725980258001,-0.3362948217714412,0.0,0
5437,1.0,0.618721302118444,0.11194697006794611,-0.22585497996212162,-0.7783062058223873,-0.3362948217714412,0.0,0
5438,1.0,-0.7965188412607371,-0.8233322139439184,1.5676411300653166,-0.8268456182988178,-0.3362948217714412,0.0,0
5439,1.0,-0.11799616404274191,-0.1574191509194282,-1.1226030349758407,-0.4589168717274749,-0.3362948217714412,0.0,0
5440,1.0,0.022313971262005343,-0.4453622457680007,0.6708930750515975,2.127748419141505,-0.3362948217714412,0.0,0
5441,1.0,-0.7744726558788844,-0.7454518235258182,-0.22585497996212162,-0.9180997137545072,2.833611433315728,0.0,0
5442,1.0,-0.2158651610921408,-0.6011230266042011,0.6708930750515975,-0.5103686489524912,-0.3362948217714412,0.0,0
5443,1.0,0.8203948076662025,0.21697832228318217,-1.1226030349758407,1.2982098599193086,2.833611433315728,0.0,0
5444,1.0,2.237643206798791,0.18554036651807757,-0.22585497996212162,-1.7432697258538252,-0.3362948217714412,0.0,0
5445,1.0,1.749458547098209,-0.2124355735083614,-0.22585497996212162,0.22354726769113759,-0.3362948217714412,0.0,0
5446,1.0,-1.2078988753698847,-0.8354786968531633,-0.22585497996212162,-0.09341509577995326,-0.3362948217714412,0.0,0
5447,1.0,-1.1921005967764113,-0.9219330752072011,-1.1226030349758407,-0.2453434568311806,-0.3362948217714412,0.0,0
5448,1.0,-1.076692832813919,-0.8740616425648828,-1.1226030349758407,-0.052641989299751835,-0.3362948217714412,0.0,0
5449,1.0,0.4168692849481602,1.7810166215971401,-1.1226030349758407,0.21675174994443755,-0.3362948217714412,0.0,0
5450,1.0,0.5654802107003258,0.41132204883110207,-1.1226030349758407,-1.7024966193736235,-0.3362948217714412,0.0,0
5451,1.0,0.10286734092646749,0.4863444432705565,1.5676411300653166,-0.8758704249000125,-0.3362948217714412,0.0,0
5452,1.0,1.1213207753379297,2.369763793198192,-0.22585497996212162,-0.13273201988586192,-0.3362948217714412,0.0,0
5453,1.0,-0.5058126639785732,-0.6575684471824573,1.5676411300653166,0.9865868318206247,-0.3362948217714412,0.0,0
5454,1.0,-0.08381118832918061,0.3155791835464651,-0.22585497996212162,-0.32543348741729095,-0.3362948217714412,0.0,0
5455,1.0,-0.4133882714161903,-0.19242960165784026,0.6708930750515975,-1.534550252205174,2.833611433315728,0.0,0
5456,1.0,0.34193903139323945,-0.19600209663114762,-0.22585497996212162,0.9050406188602214,-0.3362948217714412,0.0,0
5457,1.0,2.4452522237955105,-0.6111260125294617,-1.1226030349758407,-1.184095694125346,-0.3362948217714412,0.0,0
5458,1.0,-0.4510542237689914,-0.7254458516752968,1.5676411300653166,-0.7249128520983138,-0.3362948217714412,0.0,0
5459,1.0,1.2286508883811607,2.326893853518504,-0.22585497996212162,-0.8637355717809049,-0.3362948217714412,0.0,0
5460,1.0,-0.38170245841798084,0.28271222979203753,-0.22585497996212162,-0.4302786183663808,-0.3362948217714412,0.0,0
5461,1.0,3.2383793626746353,2.041808754648577,-0.22585497996212162,-0.05409817167404459,-0.3362948217714412,0.0,0
5462,1.0,-0.5419612675399107,-0.30174794784104514,0.6708930750515975,0.2633495859218108,-0.3362948217714412,0.0,0
5463,1.0,-1.1251141104238587,-0.9590870229295977,-0.22585497996212162,-1.8248159388142284,-0.3362948217714412,0.0,0
5464,1.0,-0.37558843534649533,-0.7183008617286822,-1.1226030349758407,0.8730046066257775,-0.3362948217714412,0.0,0
5465,1.0,2.845787676836257,1.2037014339106724,-0.22585497996212162,-0.3196087579201194,2.833611433315728,0.0,0
5466,1.0,0.2773178240391448,-0.36390936037659305,-1.1226030349758407,0.010944641044372089,-0.3362948217714412,0.0,0
5467,1.0,0.5767710708250398,-0.3453323865153948,1.5676411300653166,1.3850954082521192,-0.3362948217714412,0.0,0
5468,1.0,0.5690504431508283,1.1251065444979107,0.6708930750515975,-0.18806695010899277,-0.3362948217714412,0.0,0
5469,1.0,0.5582951178936895,0.3848855860286276,1.5676411300653166,-0.9894526500948598,-0.3362948217714412,0.0,0
5470,1.0,-0.24482867184684215,-0.36676735635523894,0.6708930750515975,0.1046257071238831,-0.3362948217714412,0.0,0
5471,1.0,1.5328793210696026,0.6449632200854029,1.5676411300653166,0.37596102286712946,-0.3362948217714412,0.0,0
5472,1.0,-0.44735010760159516,0.022634595735262265,-1.1226030349758407,-1.469022045361993,-0.3362948217714412,0.0,0
5473,1.0,-0.7709470513340132,-0.8469106807677469,-0.22585497996212162,-0.5657035791756218,-0.3362948217714412,1.0,0
5474,1.0,-0.06819142135823228,-0.7061543788194373,-0.22585497996212162,0.3613991991242003,-0.3362948217714412,0.0,0
5475,1.0,0.05444606331652782,-0.28031297800120103,-0.22585497996212162,0.8351438648941616,-0.3362948217714412,0.0,0
5476,1.0,0.13821264218644205,0.16982138863552518,0.6708930750515975,-0.6307463918940387,2.833611433315728,0.0,0
5477,1.0,1.93136189045131,0.06336103843096615,-0.22585497996212162,-0.18466919123564274,-0.3362948217714412,0.0,0
5478,1.0,0.45136665600114045,-0.4653682176185219,-1.1226030349758407,0.07744363613708206,-0.3362948217714412,0.0,0
5479,1.0,4.534998532885871,5.3699450717817045,0.6708930750515975,-0.8210208888016461,-0.3362948217714412,0.0,0
5480,1.0,1.5217223446617822,0.8736028983770731,0.6708930750515975,0.018225552915836666,-0.3362948217714412,0.0,0
5481,1.0,-0.1774405343436081,-0.3889168251897445,2.464389185079036,-0.5535687260565141,-0.3362948217714412,1.0,0
5482,1.0,-0.07675997923943828,-0.3817718352431298,-0.22585497996212162,1.098227480516415,-0.3362948217714412,0.0,0
5483,1.0,0.013656157569536852,-0.4089227970402657,-1.1226030349758407,-0.5506563613079284,-0.3362948217714412,0.0,0
5484,1.0,0.9166572001128752,0.37988409306599746,0.6708930750515975,-0.28999971630949684,-0.3362948217714412,0.0,0
5485,1.0,3.6425296760715153,5.134874902538081,2.464389185079036,-0.3259188815420552,-0.3362948217714412,0.0,1
5486,1.0,0.26232284774703435,0.6020932804057146,-0.22585497996212162,-0.7011285399848629,-0.3362948217714412,1.0,0
5487,1.0,1.212897237693318,0.9686312646670489,-0.22585497996212162,0.2429630326817098,2.833611433315728,0.0,0
5488,1.0,-0.5133101521246284,-0.7625997993976934,-0.22585497996212162,0.6351614854912679,-0.3362948217714412,0.0,0
5489,1.0,-0.03650560836002271,-0.07025027357072874,0.6708930750515975,-0.09778364290283205,-0.3362948217714412,0.0,0
5490,1.0,-1.2196360145509118,-0.9605160209189206,-1.1226030349758407,0.03230198253400157,-0.3362948217714412,0.0,0
5491,1.0,-0.47617973463940255,-0.5839750507323259,-0.22585497996212162,-0.571042914548029,-0.3362948217714412,0.0,0
5492,1.0,-0.6056899167813798,-0.4210692799495107,-1.1226030349758407,1.8180669675418788,-0.3362948217714412,0.0,0
5493,1.0,2.8576140718285457,3.621566031845087,-1.1226030349758407,0.5002219188067916,-0.3362948217714412,0.0,0
5494,1.0,-0.004998306984338356,-0.2745969860439093,-1.1226030349758407,-1.4947479339745011,2.833611433315728,0.0,0
5495,1.0,-0.8311500960306112,-0.7604563024137091,-0.22585497996212162,1.4355763972276068,-0.3362948217714412,0.0,0
5496,1.0,-0.8180741196806458,-0.7804622742642302,-0.22585497996212162,0.05220314164933803,-0.3362948217714412,0.0,0
5497,1.0,-1.226821107357548,-0.7890362622001679,-0.22585497996212162,-0.4428988656102527,-0.3362948217714412,0.0,0
5498,1.0,-1.0328236015783698,-0.8433381857944395,0.6708930750515975,-1.481642292605865,-0.3362948217714412,0.0,0
5499,1.0,-1.0784333211335388,-0.8004682461147513,2.464389185079036,1.7248712955871324,-0.3362948217714412,0.0,0
5500,1.0,-0.26486660147528734,-0.47680020153310537,-0.22585497996212162,0.15413590784984213,-0.3362948217714412,0.0,1
5501,1.0,0.41990398253108735,0.9207598320247301,0.6708930750515975,0.19976295557768686,-0.3362948217714412,0.0,0
5502,1.0,-0.40240980663089515,0.5699408256459484,-1.1226030349758407,1.1292927045013301,-0.3362948217714412,0.0,0
5503,1.0,0.27481866132379307,-0.08525475245861974,0.6708930750515975,0.5822535258919587,2.833611433315728,0.0,0
5504,1.0,-0.14388034930888466,-0.7075833768087603,0.6708930750515975,0.6011838967577666,-0.3362948217714412,0.0,1
5505,1.0,1.659399433534284,1.1929839489907503,1.5676411300653166,0.6293367559940964,2.833611433315728,0.0,0
5506,1.0,0.725962159350412,0.5813728095605318,-1.1226030349758407,-0.010898094570021643,2.833611433315728,0.0,0
5507,1.0,-0.1904272548823107,0.6085237713576677,0.6708930750515975,0.4812915479409836,-0.3362948217714412,0.0,0
5508,1.0,0.7845139715386525,3.795903786542486,-0.22585497996212162,1.4540213739686505,-0.3362948217714412,0.0,0
5509,1.0,-0.8739482575310097,-0.6597119441664417,0.6708930750515975,0.5662355197747367,2.833611433315728,0.0,0
5510,1.0,-0.4777863392421287,-0.4010633080989895,3.361137240092755,1.2462726885695277,-0.3362948217714412,0.0,1
5511,1.0,1.4756663460503008,0.9564847817578036,-1.1226030349758407,0.2837361391619115,-0.3362948217714412,0.0,0
5512,1.0,-0.21108997518959374,-0.35033387947802513,-0.22585497996212162,-0.4064943062529298,-0.3362948217714412,0.0,0
5513,1.0,3.471649425409341,2.9427919869166907,-1.1226030349758407,-0.22155914471772986,-0.3362948217714412,0.0,0
5514,1.0,-0.9274571163829155,-0.916931582244571,-1.1226030349758407,-0.14098372000685527,-0.3362948217714412,0.0,0
5515,1.0,0.45386581871649223,0.06764803239893488,-0.22585497996212162,-0.03274083018441511,-0.3362948217714412,0.0,0
5516,1.0,0.09403101561147403,0.12266445498786818,0.6708930750515975,-0.6875375044914623,-0.3362948217714412,0.0,0
5517,1.0,-0.08448060691364971,1.0165026973093672,-0.22585497996212162,-0.003617182698557066,-0.3362948217714412,0.0,0
5518,1.0,-0.9155414655793634,-0.6282739884013371,-0.22585497996212162,1.041436367918991,-0.3362948217714412,0.0,0
5519,1.0,-0.002945423325299524,0.41132204883110207,-0.22585497996212162,1.5321698280557035,-0.3362948217714412,0.0,0
5520,1.0,0.6392501387088331,1.8674709999511783,0.6708930750515975,1.4321786383542565,-0.3362948217714412,0.0,1
5521,1.0,-1.0118038580260365,-0.10526072430914088,0.6708930750515975,0.9715396139529313,-0.3362948217714412,0.0,0
5522,1.0,-0.17453972047757468,0.47419796036131145,-0.22585497996212162,-1.1132281519097575,-0.3362948217714412,0.0,0
5523,1.0,0.845118667385932,-0.21815156546565312,-0.22585497996212162,0.010944641044372089,-0.3362948217714412,1.0,0
5524,1.0,2.5924796844731066,3.486525721854069,-1.1226030349758407,-0.6637531923780113,-0.3362948217714412,0.0,0
5525,1.0,2.5934614983969935,1.9432078933852936,0.6708930750515975,2.235991308963945,-0.3362948217714412,0.0,0
5526,1.0,0.4269105637151984,-0.22315305842828348,0.6708930750515975,-0.07594090728843832,-0.3362948217714412,0.0,0
5527,1.0,-0.6517012874872306,-0.7368778355898805,-0.22585497996212162,-0.6788004102457049,-0.3362948217714412,0.0,0
5528,1.0,1.4091261387540606,0.4334715176656076,0.6708930750515975,-0.5326967786916492,-0.3362948217714412,0.0,0
5529,1.0,-0.7399752848259042,-0.19957459160445498,-1.1226030349758407,1.9932942465817929,-0.3362948217714412,0.0,0
5530,1.0,1.3216554437167498,1.2480003715796835,0.6708930750515975,-0.23660636258542328,-0.3362948217714412,0.0,0
5531,1.0,-0.31257383259512667,-0.07668076452268205,-1.1226030349758407,-0.22447150946631564,-0.3362948217714412,0.0,0
5532,1.0,-1.121990157029669,-0.5989795296202167,-1.1226030349758407,1.2986952540440728,-0.3362948217714412,0.0,0
5533,1.0,0.6733904865167631,0.1991158474166454,-0.22585497996212162,-0.17835906761370665,-0.3362948217714412,0.0,0
5534,1.0,-0.12223581507771356,0.2905717187333136,-1.1226030349758407,-0.08030945441131712,-0.3362948217714412,0.0,0
5535,1.0,-1.1812560157080103,-0.8690601496022524,0.6708930750515975,-0.9758616146014594,-0.3362948217714412,0.0,0
5536,1.0,-0.8125848872879984,-0.6032665235881856,-0.22585497996212162,0.9958093201911465,-0.3362948217714412,0.0,0
5537,1.0,-0.8167352825117074,-0.011661356008488291,-1.1226030349758407,0.007546882171022061,-0.3362948217714412,0.0,0
5538,1.0,0.7348877404766682,0.3162936825411265,1.5676411300653166,-0.5161933784496627,-0.3362948217714412,0.0,0
5539,1.0,0.07127078373952066,-0.24958952123075784,-0.22585497996212162,-1.6403661714037927,-0.3362948217714412,0.0,0
5540,1.0,2.030703608386541,2.724155294550281,1.5676411300653166,-0.4030965473795798,2.833611433315728,0.0,0
5541,1.0,5.382527088729527,3.764465830777381,0.6708930750515975,-0.44726741273313153,-0.3362948217714412,0.0,0
5542,1.0,2.9005907449514696,5.083430974922455,-1.1226030349758407,0.25509788580081744,-0.3362948217714412,0.0,0
5543,1.0,0.5669083036805267,1.0193606932880133,-1.1226030349758407,-1.124877610904101,-0.3362948217714412,0.0,0
5544,1.0,-0.9922568353595353,-0.807613236061366,-0.22585497996212162,1.6214823470123354,-0.3362948217714412,0.0,0
5545,1.0,1.1668412390818363,-0.45250723571461543,0.6708930750515975,0.661858162353305,-0.3362948217714412,0.0,0
5546,1.0,-0.5400422675977655,-0.37748484127516096,0.6708930750515975,0.9579485784595306,-0.3362948217714412,0.0,0
5547,1.0,-0.5692289178806234,-0.41035179502958863,-1.1226030349758407,-0.10118140177618208,-0.3362948217714412,0.0,0
5548,1.0,-1.192189852587674,-0.951942032982983,-0.22585497996212162,-0.139042143507798,-0.3362948217714412,0.0,0
5549,1.0,-0.44552036347071267,-0.8061842380720431,-0.22585497996212162,0.7637909285538091,-0.3362948217714412,0.0,0
5550,1.0,-0.6099295678163515,-0.4689407125918292,-0.22585497996212162,-1.408347779766455,-0.3362948217714412,0.0,0
5551,1.0,1.2142360748622567,0.5013489221584473,0.6708930750515975,0.1968505908291008,-0.3362948217714412,0.0,0
5552,1.0,0.36978684450715876,0.9550557837684809,0.6708930750515975,-0.6967599928619842,-0.3362948217714412,0.0,0
5553,1.0,-1.3345082436458289,-0.99909896663064,-1.1226030349758407,1.112789304259344,2.833611433315728,0.0,0
5554,1.0,-0.11433667578097666,-0.5068091593088871,-1.1226030349758407,-1.8078271444474776,-0.3362948217714412,0.0,0
5555,1.0,1.3282603737501795,0.7978660049429572,0.6708930750515975,-0.3244626991677625,-0.3362948217714412,0.0,0
5556,1.0,-0.588552801018968,-0.1338406840955997,-1.1226030349758407,2.189393472986572,-0.3362948217714412,0.0,1
5557,1.0,1.255561515476823,0.9314773169446522,-0.22585497996212162,0.5016781011810842,-0.3362948217714412,0.0,0
5558,1.0,0.6012271631109818,0.08622500626013305,-0.22585497996212162,-0.12981965513727614,-0.3362948217714412,0.0,0
5559,1.0,-0.945977697219897,-0.6725729260703481,0.6708930750515975,1.6185699822637494,-0.3362948217714412,0.0,0
5560,1.0,1.7260735245474177,0.2298393041870886,-0.22585497996212162,1.6554599357458368,-0.3362948217714412,0.0,0
5561,1.0,-0.8122724919485793,-0.8354786968531633,0.6708930750515975,1.1258949456279805,-0.3362948217714412,0.0,0
5562,1.0,-0.74854384270711,-0.7383068335792035,0.6708930750515975,0.13520553698403415,2.833611433315728,0.0,0
5563,1.0,2.8427529792533295,3.453658768099642,0.6708930750515975,0.6337053031169751,-0.3362948217714412,0.0,0
5564,1.0,0.7642529023820509,0.3527331312688614,0.6708930750515975,0.566720913899501,-0.3362948217714412,0.0,0
5565,1.0,-0.21189327749095685,0.3684521091514138,-1.1226030349758407,-1.6932741310031016,-0.3362948217714412,0.0,0
5566,1.0,1.4743275088813619,-0.06381978261877562,-1.1226030349758407,-1.8020024149503062,-0.3362948217714412,0.0,0
5567,1.0,-0.08934504862745948,0.18982736048604631,-0.22585497996212162,0.923485595601265,-0.3362948217714412,1.0,0
5568,1.0,-0.6605822407078554,-0.5482501009992524,-1.1226030349758407,-0.6826835632438193,6.003517688402897,0.0,0
5569,1.0,2.9729325799797763,1.7438626738747438,0.6708930750515975,-0.5244450785706558,-0.3362948217714412,0.0,0
5570,1.0,-0.029008120213967734,-0.41106629402425016,-0.22585497996212162,-0.5749260675461436,2.833611433315728,0.0,0
5571,1.0,-0.6131874049274351,-0.5768300607857112,-0.22585497996212162,0.6477817327351401,-0.3362948217714412,0.0,0
5572,1.0,-0.39754536491708564,-0.6425639682945664,-1.1226030349758407,-1.3462173317966237,-0.3362948217714412,0.0,0
5573,1.0,-0.9235298606873626,-0.5611110829031588,-1.1226030349758407,0.6764199860962342,-0.3362948217714412,0.0,0
5574,1.0,-0.9987725095817023,-0.830477203890533,-0.22585497996212162,0.1915112554566935,2.833611433315728,0.0,1
5575,1.0,-0.42677664310557456,-0.6046955215775085,-0.22585497996212162,-0.8748996366504839,-0.3362948217714412,1.0,0
5576,1.0,-0.2692847641327842,-0.7411648295578493,0.6708930750515975,0.7851482700434383,2.833611433315728,0.0,1
5577,1.0,-0.24817576476918823,-0.1888571066845329,-1.1226030349758407,-0.7370477052174215,2.833611433315728,0.0,0
5578,1.0,-1.0143922765526505,-0.7568838074404017,-1.1226030349758407,2.135514725137734,-0.3362948217714412,1.0,0
5579,1.0,0.18435789660918644,0.5349303749075365,1.5676411300653166,0.35169131662891423,2.833611433315728,0.0,0
5580,1.0,0.0038380183306550974,-0.1574191509194282,1.5676411300653166,2.2573486504535745,-0.3362948217714412,0.0,0
5581,1.0,0.20921564004581014,0.6435342220960799,-0.22585497996212162,-1.3170936843107657,-0.3362948217714412,0.0,0
5582,1.0,-1.1794708994827587,-0.7990392481254284,0.6708930750515975,0.05657168877221683,-0.3362948217714412,0.0,0
5583,1.0,-0.8022758410871724,-0.6275594894066756,4.257885295106474,0.9380474193441942,-0.3362948217714412,0.0,0
5584,1.0,0.8211088541563029,-0.12312319917567766,-1.1226030349758407,0.08520994213331089,-0.3362948217714412,0.0,0
5585,1.0,0.6770946026841593,0.8007240009216032,-0.22585497996212162,-0.971978461603345,-0.3362948217714412,0.0,0
5586,1.0,-0.36144138926137936,-0.13026818912229238,0.6708930750515975,-0.24146030383306633,-0.3362948217714412,0.0,0
5587,1.0,-0.11165900144309995,-0.47965819751175126,1.5676411300653166,-1.2180732828588474,-0.3362948217714412,0.0,0
5588,1.0,-0.7201604947256155,-0.5325311231167,-1.1226030349758407,-1.4962041163487942,-0.3362948217714412,0.0,0
5589,1.0,0.3771058210306888,0.27056574688279245,-1.1226030349758407,-1.2738936072067426,-0.3362948217714412,0.0,0
5590,1.0,0.32913082247706177,0.030494084676538365,0.6708930750515975,1.0409509737942269,-0.3362948217714412,0.0,0
5591,1.0,-0.3089143443333616,-0.7490243184991255,0.6708930750515975,0.5308017486669426,-0.3362948217714412,0.0,0
5592,1.0,0.9788238726572498,0.0354955776391687,-0.22585497996212162,0.9569777902100022,-0.3362948217714412,0.0,1
5593,1.0,0.842708760481843,1.067946624924993,-0.22585497996212162,0.1162751661182262,-0.3362948217714412,0.0,0
5594,1.0,-0.0717616538087348,0.2605627609575318,0.6708930750515975,0.5162399249240135,-0.3362948217714412,0.0,0
5595,1.0,-0.13736467508671774,0.2291248051924272,2.464389185079036,0.15122354310125635,-0.3362948217714412,0.0,0
5596,1.0,1.2685928639211568,-0.2438735292734661,-0.22585497996212162,0.522064654421185,-0.3362948217714412,1.0,0
5597,1.0,0.04873369139572373,0.02620709070856962,-0.22585497996212162,-0.5288136256935346,-0.3362948217714412,0.0,0
5598,1.0,1.5578709482231201,0.5399318678701666,-1.1226030349758407,0.4429454120846034,-0.3362948217714412,0.0,0
5599,1.0,-0.6251476836366184,-0.19600209663114762,0.6708930750515975,0.5142983484249565,-0.3362948217714412,0.0,0
5600,1.0,-0.17467360419446865,-0.021664341933748762,1.5676411300653166,-0.17593209698988513,-0.3362948217714412,0.0,0
5601,1.0,0.6286286971685882,0.029065086687215583,-0.22585497996212162,-0.3652358056479639,-0.3362948217714412,0.0,0
5602,1.0,-0.5751198014239525,-0.3138944307502902,1.5676411300653166,1.6588576946191866,-0.3362948217714412,0.0,0
5603,1.0,-0.5128638730683155,-0.6354189783479517,2.464389185079036,0.15656287847366365,-0.3362948217714412,0.0,0
5604,1.0,1.041258312635412,-0.4996641693622724,0.6708930750515975,2.3888904582647013,-0.3362948217714412,0.0,0
5605,1.0,0.2598236850316826,-0.5768300607857112,0.6708930750515975,-0.6792858043704693,-0.3362948217714412,0.0,0
5606,1.0,-0.7385471918457033,-0.47680020153310537,-0.22585497996212162,0.22937199718830942,-0.3362948217714412,0.0,0
5607,1.0,-0.3144928325372717,0.17839537657146287,-0.22585497996212162,-1.002558291463496,-0.3362948217714412,0.0,0
5608,1.0,1.8538878462754067,1.0529421460371022,-1.1226030349758407,-1.6486178715247857,-0.3362948217714412,0.0,0
5609,1.0,0.29115247478484174,-0.11812170621304732,0.6708930750515975,-0.6389980920150318,-0.3362948217714412,1.0,0
5610,1.0,-1.1422512261862707,-0.6854339079742546,-1.1226030349758407,2.0277572294400583,-0.3362948217714412,0.0,0
5611,1.0,-0.6134551723612228,-0.5661125758657891,-0.22585497996212162,-1.3146667136869439,-0.3362948217714412,0.0,0
5612,1.0,-1.2117815031598063,-0.9719480048335041,-0.22585497996212162,-0.9729492498528736,-0.3362948217714412,0.0,0
5613,1.0,0.573959512770269,-0.5896910426896177,-0.22585497996212162,1.232681653076127,-0.3362948217714412,0.0,0
5614,1.0,0.8980473634646312,-0.060247287645468266,-0.22585497996212162,0.5574984255289791,-0.3362948217714412,0.0,0
5615,1.0,0.3758116117673818,-0.40249230608831243,-0.22585497996212162,-0.5477439965593426,-0.3362948217714412,0.0,0
5616,1.0,0.02432222701541319,1.5266549794976572,0.6708930750515975,-1.246226142095177,-0.3362948217714412,0.0,0
5617,1.0,-1.3089364537191048,-0.8919241174314195,-0.22585497996212162,-0.33805373466116284,-0.3362948217714412,0.0,0
5618,1.0,-1.1706345741677653,-0.8683456506075911,-0.22585497996212162,1.7093386835946747,-0.3362948217714412,0.0,0
5619,1.0,0.9749858727729597,0.7885775180123584,-0.22585497996212162,-0.35018858778027045,-0.3362948217714412,0.0,1
5620,1.0,0.1150953870694385,-0.09311424139989584,-1.1226030349758407,-0.8647063600304336,-0.3362948217714412,0.0,0
5621,1.0,-0.4516790144478294,-0.7461663225204797,0.6708930750515975,-0.8103422180568315,-0.3362948217714412,0.0,0
5622,1.0,-0.32752418098160585,-0.6911498999315463,1.5676411300653166,1.0074587791854897,-0.3362948217714412,0.0,1
5623,1.0,0.47390374834493737,0.8443084395959529,-1.1226030349758407,-0.023032947689129273,-0.3362948217714412,0.0,0
5624,1.0,1.1127075895510927,0.6549662060106634,0.6708930750515975,1.133661251624209,-0.3362948217714412,0.0,0
5625,1.0,-1.0073856953685396,-0.6697149300917024,-1.1226030349758407,-0.6715194983742404,-0.3362948217714412,0.0,0
5626,1.0,1.3079546766879468,0.815728479809494,-1.1226030349758407,-0.3152402107972406,-0.3362948217714412,0.0,0
5627,1.0,-0.20778751017287891,0.17839537657146287,-1.1226030349758407,0.5555568490299221,-0.3362948217714412,0.0,0
5628,1.0,-0.8897465361244831,-0.5418196100472992,1.5676411300653166,-0.6933622339886338,-0.3362948217714412,0.0,0
5629,1.0,0.44859972585200103,-0.5718285678230809,0.6708930750515975,-0.30310535767813296,-0.3362948217714412,0.0,0
5630,1.0,2.126296582248745,1.1536865042843696,-0.22585497996212162,0.20413150270056538,-0.3362948217714412,0.0,0
5631,1.0,0.28941198646522187,0.8443084395959529,-0.22585497996212162,-0.08128024266084563,-0.3362948217714412,0.0,0
5632,1.0,-0.8542227232419833,-0.6968658918888382,-0.22585497996212162,0.028904223660651544,-0.3362948217714412,0.0,0
5633,1.0,-0.20461892887305808,-0.3324714046114884,-0.22585497996212162,-0.010898094570021643,-0.3362948217714412,0.0,0
5634,1.0,0.1435679908621957,0.1598184027102645,-0.22585497996212162,0.16432918446989248,-0.3362948217714412,0.0,0
5635,1.0,2.195960742939175,3.6108485469251654,1.5676411300653166,-0.9477087553651297,2.833611433315728,0.0,0
5636,1.0,2.291419833084485,1.2122754218466099,0.6708930750515975,-1.2248688006055477,-0.3362948217714412,0.0,0
5637,1.0,-0.8831416060910535,-0.8433381857944395,1.5676411300653166,0.6298221501188607,-0.3362948217714412,0.0,0
5638,1.0,1.3898915114269785,0.4927749342225096,-1.1226030349758407,1.6666240006154156,-0.3362948217714412,0.0,0
5639,1.0,-0.93772153467811,-0.7904652601894907,0.6708930750515975,0.7273863691964859,-0.3362948217714412,0.0,0
5640,1.0,-0.9098737215641907,-0.7640287973870163,-1.1226030349758407,-1.8563665569239083,2.833611433315728,0.0,0
5641,1.0,-0.2699988106228848,0.08836850324411762,-1.1226030349758407,0.5395388429127002,-0.3362948217714412,0.0,0
5642,1.0,0.3628695191343102,-0.3967763141310207,0.6708930750515975,-0.20699732097480072,-0.3362948217714412,0.0,0
5643,1.0,-0.004507400022394458,-0.47251320756513654,-0.22585497996212162,0.8652383006295484,-0.3362948217714412,1.0,0
5644,1.0,-0.27254260124386775,-0.6468509622625354,-0.22585497996212162,0.20218992620150839,-0.3362948217714412,0.0,0
5645,1.0,-0.07734014201264491,0.38774358200727355,-1.1226030349758407,0.15559209022413514,-0.3362948217714412,0.0,0
5646,1.0,0.6051544188065345,-0.060961786640129655,-0.22585497996212162,-0.6671509512513616,-0.3362948217714412,0.0,0
5647,1.0,-1.3345082436458289,-0.9405100490683995,-0.22585497996212162,-0.7763646293233302,-0.3362948217714412,0.0,0
5648,1.0,-0.9595445805318065,-0.8783486365328516,-0.22585497996212162,-0.6045351091567662,2.833611433315728,0.0,0
5649,1.0,2.07488523496151,-0.19886009260979348,-0.22585497996212162,-1.7131752901184383,-0.3362948217714412,0.0,0
5650,1.0,0.8332030165823802,2.8463346226373925,-1.1226030349758407,-0.417658371122509,-0.3362948217714412,0.0,0
5651,1.0,1.7570452910555268,0.8150139808148327,-1.1226030349758407,0.9924115613177963,6.003517688402897,0.0,0
5652,1.0,-0.07136000265805313,0.8171574777988172,-1.1226030349758407,-0.8807243661476556,-0.3362948217714412,0.0,0
5653,1.0,-0.8565880022404413,-0.7425938275471723,-0.22585497996212162,-0.044875683303522734,-0.3362948217714412,0.0,0
5654,1.0,-0.6443376830580692,-0.3603368654032857,-0.22585497996212162,-0.4647416012246465,-0.3362948217714412,0.0,0
5655,1.0,0.8984490146153129,-0.07239377055471331,-0.22585497996212162,0.6735076213476481,-0.3362948217714412,0.0,0
5656,1.0,-1.2546689204714674,-0.9848089867374106,-1.1226030349758407,0.7312695221946005,-0.3362948217714412,0.0,0
5657,1.0,0.24148161581722608,0.6849751637864452,-0.22585497996212162,-0.037109377307293905,-0.3362948217714412,0.0,0
5658,1.0,1.2793035612726646,0.8700304034037657,0.6708930750515975,-0.800148941436781,-0.3362948217714412,0.0,0
5659,1.0,-0.45435668878570623,-0.36248036238727016,-0.22585497996212162,-0.3666919880222569,-0.3362948217714412,0.0,0
5660,1.0,-0.8728325598902276,-0.9097865922979563,0.6708930750515975,0.030360406034944297,-0.3362948217714412,0.0,0
5661,1.0,4.668435970723401,1.2830108223180956,0.6708930750515975,0.43566450021313885,-0.3362948217714412,0.0,0
5662,1.0,-0.2183196959018613,-0.37319784730719213,-1.1226030349758407,1.986984122959857,-0.3362948217714412,0.0,0
5663,1.0,0.2418386390622765,1.5973903799691425,1.5676411300653166,1.4782910802068656,-0.3362948217714412,0.0,0
5664,1.0,0.4262411451307293,1.5881018930385435,-0.22585497996212162,-0.11719940789340426,-0.3362948217714412,0.0,0
5665,1.0,0.6854846489428401,-0.3674818553499004,0.6708930750515975,-0.8016051238110738,-0.3362948217714412,0.0,0
5666,1.0,-0.7550148890236459,-0.7733172843176155,1.5676411300653166,1.278308700803972,-0.3362948217714412,0.0,0
5667,1.0,-1.2485102694943506,-0.9319360611324619,0.6708930750515975,-1.2675834835848065,-0.3362948217714412,0.0,1
5668,1.0,-0.5204506170256333,-0.022378840928410353,-0.22585497996212162,-0.6574430687560755,-0.3362948217714412,0.0,0
5669,1.0,-0.6459889155664266,0.06550453541495051,-0.22585497996212162,-0.2851457750618538,-0.3362948217714412,0.0,0
5670,1.0,-0.2688384850764713,0.07264952536156521,-0.22585497996212162,0.48177694206574784,-0.3362948217714412,0.0,0
5671,1.0,1.162333820613077,-0.30317694583036814,0.6708930750515975,-0.19680404435475035,-0.3362948217714412,0.0,0
5672,1.0,-0.6296551021053778,0.15696040673161873,-0.22585497996212162,0.9409597840927802,2.833611433315728,0.0,0
5673,1.0,-1.0226038111888065,-0.8897806204474351,-1.1226030349758407,1.4773202919573367,-0.3362948217714412,0.0,0
5674,1.0,1.6206177835407007,1.573811913145314,-0.22585497996212162,-1.46416810411435,-0.3362948217714412,0.0,0
5675,1.0,0.008747087950096101,-0.3446178875207334,0.6708930750515975,0.8288337412722258,-0.3362948217714412,0.0,0
5676,1.0,-0.615865079265312,-0.5311021251273771,-0.22585497996212162,2.2452137973344666,-0.3362948217714412,1.0,0
5677,1.0,-0.6755772169999658,0.28128323180271453,-0.22585497996212162,0.22160569119208032,-0.3362948217714412,0.0,0
5678,1.0,-0.7369405872429771,-0.8619151596556377,0.6708930750515975,1.2904435539230794,-0.3362948217714412,0.0,0
5679,1.0,0.26049310361615174,-0.44464774677333924,-0.22585497996212162,1.6894375244793383,-0.3362948217714412,0.0,0
5680,1.0,-0.772821423370527,-0.06381978261877562,0.6708930750515975,-0.8763558190247769,-0.3362948217714412,0.0,0
5681,1.0,0.16672987388483052,-0.3824863342377913,-1.1226030349758407,-1.1268191874031581,-0.3362948217714412,0.0,0
5682,1.0,-0.4141915737175534,-0.6804324150116243,-0.22585497996212162,0.23082817956260218,-0.3362948217714412,0.0,0
5683,1.0,-1.213477363573795,-0.9004981053673572,4.257885295106474,2.20832384385238,-0.3362948217714412,0.0,0
5684,1.0,-0.9533413016490584,-0.7418793285525108,1.5676411300653166,2.2922970274366046,-0.3362948217714412,0.0,0
5685,1.0,2.058283654066673,3.182149150128283,-0.22585497996212162,-0.6297756036445102,-0.3362948217714412,0.0,0
5686,1.0,2.513443663600108,1.3758956916240868,2.464389185079036,1.0458049150418698,-0.3362948217714412,0.0,0
5687,1.0,-0.116300303628753,-0.05596029367749952,1.5676411300653166,1.263746877061043,-0.3362948217714412,0.0,0
5688,1.0,-0.08340953717849918,-0.593263537662925,0.6708930750515975,0.12646844273827684,-0.3362948217714412,1.0,0
5689,1.0,-0.2673211362850078,-0.4067793000562813,0.6708930750515975,-1.3714578262843677,-0.3362948217714412,0.0,0
5690,1.0,0.3347093106809719,-0.3081784387929984,-0.22585497996212162,0.25218552105223163,2.833611433315728,0.0,0
5691,1.0,0.6173378370438742,-0.07167927156005172,0.6708930750515975,-0.40115497088052254,-0.3362948217714412,0.0,1
5692,1.0,0.0493584820745616,-0.6825759119956087,0.6708930750515975,-0.46182923647606067,-0.3362948217714412,0.0,0
5693,1.0,0.663036812410306,-0.13026818912229238,-1.1226030349758407,0.5405096311622287,-0.3362948217714412,0.0,0
5694,1.0,-0.12527051266064068,-0.45822322767190715,0.6708930750515975,-0.3555279231526778,-0.3362948217714412,0.0,0
5695,1.0,-0.4930937108736581,-0.3510483784726866,1.5676411300653166,-0.4045527297538726,-0.3362948217714412,0.0,0
5696,1.0,2.0256160271445753,1.456634078020833,-1.1226030349758407,0.02356488828824424,-0.3362948217714412,0.0,0
5697,1.0,-1.0510317870759325,-0.7247313526806355,-1.1226030349758407,0.6356468796160322,-0.3362948217714412,0.0,0
5698,1.0,0.9234406417688303,1.8103110803782607,-0.22585497996212162,1.8107860556704145,-0.3362948217714412,0.0,0
5699,1.0,1.688005921043935,1.2222784077718707,-1.1226030349758407,-0.7700545057013942,2.833611433315728,0.0,0
5700,1.0,-0.9353116277740209,-0.8018972441040743,-0.22585497996212162,0.802622458534953,2.833611433315728,0.0,0
5701,1.0,-0.7767040511604484,-0.2674519960972946,0.6708930750515975,0.5749726140204944,-0.3362948217714412,0.0,0
5702,1.0,-1.2318640606938827,-0.8883516224581122,0.6708930750515975,1.2763671243049144,-0.3362948217714412,0.0,0
5703,1.0,0.25910963854158203,1.300158798189971,-0.22585497996212162,-1.308356590065008,2.833611433315728,0.0,0
5704,1.0,-1.0535755776969153,-0.8904951194420966,0.6708930750515975,-0.5433754494364638,-0.3362948217714412,0.0,0
5705,1.0,0.35862986809933856,1.5888163920332048,-1.1226030349758407,-0.27155473956845316,-0.3362948217714412,0.0,0
5706,1.0,0.1451745954649219,-0.14955966197815201,-1.1226030349758407,-0.13855674938303375,-0.3362948217714412,0.0,0
5707,1.0,-0.6779424959984237,-0.50823815729821,-1.1226030349758407,0.46041960057611836,-0.3362948217714412,1.0,0
5708,1.0,2.164230302035334,0.33129816142901747,-0.22585497996212162,1.216178252834141,2.833611433315728,0.0,0
5709,1.0,0.2853508470527754,-0.6125550105187848,-1.1226030349758407,0.3546036813775,2.833611433315728,0.0,0
5710,1.0,-0.16775627882162006,0.710697127594258,0.6708930750515975,1.0856072332725428,-0.3362948217714412,1.0,0
5711,1.0,1.2308376557570935,1.57666990912396,2.464389185079036,-1.0476999450665765,-0.3362948217714412,0.0,0
5712,1.0,0.9593661058020113,3.1364212144699493,-1.1226030349758407,-0.8700456954028408,-0.3362948217714412,0.0,0
5713,1.0,0.4128974013469763,-0.5496790989885753,-1.1226030349758407,-0.2302962389634872,-0.3362948217714412,0.0,0
5714,1.0,-0.45574015386027594,-0.5761155617910497,-1.1226030349758407,0.2502439445531744,2.833611433315728,0.0,0
5715,1.0,-0.022938725048113465,-0.6825759119956087,-0.22585497996212162,0.8244651941493469,-0.3362948217714412,0.0,0
5716,1.0,-0.9152290702399445,-0.649708958241181,-1.1226030349758407,0.03230198253400157,-0.3362948217714412,0.0,0
5717,1.0,1.406626976038709,0.2627062579415162,-1.1226030349758407,0.8579573887580841,-0.3362948217714412,0.0,0
5718,1.0,0.4731897018548368,0.03978257160713764,-0.22585497996212162,-1.9350004051357255,-0.3362948217714412,0.0,0
5719,1.0,0.47042277170569735,-0.33390040260081133,-1.1226030349758407,-1.0841045044238993,-0.3362948217714412,0.0,0
5720,1.0,0.4660046090482005,-0.29531745688909194,0.6708930750515975,-0.8389804714179254,-0.3362948217714412,0.0,0
5721,1.0,-0.586009010397985,-0.5732575658124038,-1.1226030349758407,-1.8054001738236563,-0.3362948217714412,0.0,0
5722,1.0,0.5628471642680801,0.24270028609099503,0.6708930750515975,0.3740194463680722,-0.3362948217714412,0.0,0
5723,1.0,-1.1075753435107654,-0.5546805919512056,-0.22585497996212162,0.47449603019428327,-0.3362948217714412,0.0,0
5724,1.0,-0.658931008199498,-0.5882620447002946,1.5676411300653166,-0.3438784641583347,-0.3362948217714412,0.0,0
5725,1.0,-1.1538991095560351,-0.5668270748604506,-1.1226030349758407,0.23082817956260218,-0.3362948217714412,0.0,0
5726,1.0,-0.13593658210651677,-0.3860588292110987,-1.1226030349758407,0.7152515160773786,-0.3362948217714412,0.0,0
5727,1.0,-1.126765342932216,-0.8626296586502993,-1.1226030349758407,1.1443399223690236,-0.3362948217714412,0.0,0
5728,1.0,-0.8153518174371377,0.38274208904464324,-0.22585497996212162,1.7894287141807848,-0.3362948217714412,0.0,0
5729,1.0,-0.12834983814919906,-0.5468211030099294,-1.1226030349758407,-0.5574518790546287,-0.3362948217714412,0.0,0
5730,1.0,2.05051839848683,0.14124142884906635,-1.1226030349758407,-0.5210473196973058,-0.3362948217714412,0.0,0
5731,1.0,1.031752568735949,0.11694846303057625,0.6708930750515975,-0.24485806270641636,-0.3362948217714412,0.0,0
5732,1.0,0.5677116059818899,-0.0881127484372655,-1.1226030349758407,-1.3971837148968758,-0.3362948217714412,0.0,0
5733,1.0,-0.6116254282303403,-0.28602896995849286,-1.1226030349758407,-0.00507336507284982,-0.3362948217714412,0.0,0
5734,1.0,3.98344224718887,5.808647454503848,-0.22585497996212162,1.6001250055227056,-0.3362948217714412,0.0,0
5735,1.0,0.0949235737240996,-0.5268151311594083,1.5676411300653166,1.4297516677304352,-0.3362948217714412,0.0,0
5736,1.0,-0.7913866321131399,-0.8340496988638404,0.6708930750515975,-1.5641592938157967,-0.3362948217714412,1.0,0
5737,1.0,-0.08318639765034273,-0.5839750507323259,1.5676411300653166,-0.45746068935318185,-0.3362948217714412,0.0,1
5738,1.0,5.149257025994822,3.8880741568538153,-0.22585497996212162,-0.6404542743893248,-0.3362948217714412,0.0,0
5739,1.0,0.38924461136239735,2.0296622717393316,-1.1226030349758407,0.6322491207426825,-0.3362948217714412,0.0,0
5740,1.0,-0.31052094893608784,-0.10383172631981791,-0.22585497996212162,0.5109005895516061,-0.3362948217714412,0.0,0
5741,1.0,-0.6937407745918971,-0.8697746485969139,-0.22585497996212162,0.24587539743029557,-0.3362948217714412,0.0,0
5742,1.0,-0.47162768826501195,-0.5575385879298514,-1.1226030349758407,0.05754247702174533,-0.3362948217714412,0.0,0
5743,1.0,-0.3870578070937345,-0.6639989381344105,0.6708930750515975,-1.0044998679625532,-0.3362948217714412,0.0,0
5744,1.0,0.40138340169410586,0.32343867248774116,-0.22585497996212162,0.8516472651361483,-0.3362948217714412,0.0,0
5745,1.0,0.7789354833347424,-0.38820232619508305,-0.22585497996212162,-0.8491737480379757,-0.3362948217714412,0.0,0
5746,1.0,-0.1316523031659139,0.45204849152680593,0.6708930750515975,0.8671798771286059,-0.3362948217714412,0.0,0
5747,1.0,0.11540778240885743,-0.38963132418440605,-1.1226030349758407,-1.290882401573493,-0.3362948217714412,0.0,0
5748,1.0,-1.2061137591446336,-0.8883516224581122,-1.1226030349758407,0.34052725175933507,-0.3362948217714412,0.0,0
5749,1.0,-0.7507752379886742,-0.582546052743003,-0.22585497996212162,-0.092929701655189,-0.3362948217714412,0.0,0
5750,1.0,-0.19698755701010912,-0.6611409421557647,0.6708930750515975,-0.522988896196363,-0.3362948217714412,0.0,0
5751,1.0,0.3397522640173069,0.15481690974763437,-1.1226030349758407,-1.5068827870936088,-0.3362948217714412,0.0,0
5752,1.0,-0.33265639012920306,-0.41249529201357304,0.6708930750515975,0.9574631843347664,-0.3362948217714412,1.0,0
5753,1.0,3.8450511118262676,3.818053255376991,-0.22585497996212162,1.56566202266444,-0.3362948217714412,0.0,0
5754,1.0,-0.7141357274653926,-0.48251619349039715,-1.1226030349758407,-1.701525831124095,-0.3362948217714412,0.0,0
5755,1.0,-1.052281368433608,-0.6840049099849316,0.6708930750515975,-1.3200060490593513,-0.3362948217714412,0.0,0
5756,1.0,-0.7102977275811023,-0.5482501009992524,1.5676411300653166,-0.9438256023670153,-0.3362948217714412,0.0,0
5757,1.0,1.7009926415826377,0.5627958356993337,0.6708930750515975,-0.9229536550021502,-0.3362948217714412,0.0,0
5758,1.0,-1.0501392289633067,-0.8047552400827201,-1.1226030349758407,0.05754247702174533,-0.3362948217714412,0.0,0
5759,1.0,1.2270889116840658,3.4815242288914394,-1.1226030349758407,-1.7403573611052392,-0.3362948217714412,0.0,0
5760,1.0,0.023742064242206557,-0.16956563382867315,2.464389185079036,-0.06768920716744524,-0.3362948217714412,0.0,0
5761,1.0,0.3523373334053281,0.1762518795874783,-0.22585497996212162,1.0419217620437553,-0.3362948217714412,0.0,0
5762,1.0,0.06841459777911874,-0.0266658348963791,-0.22585497996212162,-1.2059384297397397,-0.3362948217714412,0.0,0
5763,1.0,-1.1158761339581835,-0.8147582260079808,-1.1226030349758407,-1.3476735141709169,-0.3362948217714412,0.0,0
5764,1.0,-0.7403323080709545,-0.7333053406165732,0.6708930750515975,0.8666944830038417,-0.3362948217714412,0.0,0
5765,1.0,-0.5020192919999142,-0.23529954133752842,0.6708930750515975,-0.26864237481986736,-0.3362948217714412,0.0,0
5766,1.0,0.44971542349278304,-0.0423848127789315,-1.1226030349758407,-0.3322290051639913,-0.3362948217714412,0.0,0
5767,1.0,1.4808431831035291,-0.16313514287671993,-1.1226030349758407,-1.1015786929154143,2.833611433315728,0.0,0
5768,1.0,-0.008523911529209642,-0.0030873680725506027,-0.22585497996212162,1.9282514338633763,-0.3362948217714412,0.0,0
5769,1.0,-0.6179179629243509,-0.7054398798247757,-0.22585497996212162,1.834570367783865,-0.3362948217714412,0.0,0
5770,1.0,0.9623115475736757,-0.13884217705822996,-1.1226030349758407,-0.002161000324264043,-0.3362948217714412,0.0,0
5771,1.0,0.6850383698865272,-0.15599015293010524,-0.22585497996212162,-1.024886421202654,-0.3362948217714412,0.0,0
5772,1.0,-0.25094269491832766,-0.6297029863906599,-0.22585497996212162,0.3288777927649917,-0.3362948217714412,0.0,1
5773,1.0,-0.7808098184785263,-0.6025520245935241,-0.22585497996212162,-0.6176407505254026,-0.3362948217714412,0.0,0
5774,1.0,-1.069239972573495,-0.5996940286148782,0.6708930750515975,-0.3225211226687052,-0.3362948217714412,0.0,0
5775,1.0,-0.597790777484643,-0.43535925984274004,1.5676411300653166,-1.1127427577849933,-0.3362948217714412,0.0,0
5776,1.0,0.3231953110281015,0.11980645900922221,-1.1226030349758407,0.32936318688975624,-0.3362948217714412,0.0,0
5777,1.0,-0.15213651185067173,-0.2960319558837534,-1.1226030349758407,-0.5540541201812786,-0.3362948217714412,0.0,0
5778,1.0,-0.7202943784425093,-0.5661125758657891,-0.22585497996212162,-0.8249040417997606,-0.3362948217714412,0.0,0
5779,1.0,2.3638955518296854,2.744875765395463,-0.22585497996212162,0.3269362162659347,-0.3362948217714412,0.0,0
5780,1.0,-0.07626907227749413,-0.4146387889975574,-1.1226030349758407,0.22548884419019488,-0.3362948217714412,0.0,0
5781,1.0,-0.533258825941811,-0.5925490386682635,-1.1226030349758407,1.1778321169777608,-0.3362948217714412,0.0,0
5782,1.0,-0.5165679892357118,-0.7368778355898805,-0.22585497996212162,-1.3636915202881388,-0.3362948217714412,0.0,0
5783,1.0,0.4316411217121142,-0.111691215261094,-1.1226030349758407,-0.7287960050964283,-0.3362948217714412,0.0,0
5784,1.0,0.15485885098690993,-0.11740720721838593,-0.22585497996212162,0.7021458747087421,-0.3362948217714412,0.0,0
5785,1.0,-0.12776967537599243,0.029779585681876976,-0.22585497996212162,0.571574855147144,-0.3362948217714412,0.0,0
5786,1.0,0.8220906680801912,0.306290696615866,-0.22585497996212162,-1.0161493269568966,-0.3362948217714412,0.0,1
5787,1.0,-0.9183083957285029,-0.5032366643355798,-1.1226030349758407,-1.0972101457925356,-0.3362948217714412,0.0,0
5788,1.0,-0.04623449178764198,-0.6418494692999049,-1.1226030349758407,-0.7419016464650645,2.833611433315728,0.0,0
5789,1.0,0.32944321781648095,0.8664579084304584,-0.22585497996212162,0.7142807278278496,2.833611433315728,0.0,0
5790,1.0,-0.8295434914278851,-0.7504533164884484,1.5676411300653166,-1.0015875032139676,-0.3362948217714412,1.0,0
5791,1.0,-0.355684389434944,-0.5325311231167,-0.22585497996212162,-1.4233949976341485,-0.3362948217714412,0.0,0
5792,1.0,-1.158852807081107,-0.9255055701805085,-0.22585497996212162,0.07695824201231755,-0.3362948217714412,0.0,0
5793,1.0,-0.1861429759417078,-0.5411051110526377,-0.22585497996212162,-0.40164036500528677,-0.3362948217714412,0.0,0
5794,1.0,0.3093160323767731,-0.04024131579494712,-1.1226030349758407,0.11287740724487617,-0.3362948217714412,0.0,0
5795,1.0,1.29309358411273,4.710462499709167,-0.22585497996212162,0.17063930809182853,-0.3362948217714412,0.0,0
5796,1.0,-1.2495813392295012,-0.8719181455808984,-1.1226030349758407,0.19539440845480804,2.833611433315728,0.0,0
5797,1.0,-0.2642864387020807,-0.2624505031346643,-1.1226030349758407,-0.9409132376184294,-0.3362948217714412,0.0,0
5798,1.0,-0.7567553773432658,-0.6875774049582389,0.6708930750515975,0.3109182101487125,-0.3362948217714412,0.0,0
5799,1.0,0.12232510778170604,0.48205744930258754,-0.22585497996212162,0.3575160461260858,-0.3362948217714412,0.0,0
5800,1.0,-1.0207294391522925,-0.8497686767463928,-0.22585497996212162,0.07938521263613907,-0.3362948217714412,0.0,0
5801,1.0,-0.952314859819539,-0.8540556707143616,0.6708930750515975,-1.1481765288927877,-0.3362948217714412,0.0,0
5802,1.0,1.012830336748286,0.1598184027102645,-0.22585497996212162,-0.4919236722114475,2.833611433315728,0.0,0
5803,1.0,-1.3218785463521765,-0.9798074937747804,-1.1226030349758407,-0.4166875828729802,-0.3362948217714412,0.0,0
5804,1.0,-0.3264531112464551,-0.6011230266042011,-1.1226030349758407,1.2579221475638713,-0.3362948217714412,0.0,0
5805,1.0,0.2764698938321505,-0.014519351987134254,0.6708930750515975,1.2394771708228276,2.833611433315728,1.0,0
5806,1.0,-0.14486216323277296,-0.06596327960276,-0.22585497996212162,-0.07594090728843832,2.833611433315728,1.0,0
5807,1.0,-0.013388353243019405,-0.07167927156005172,-1.1226030349758407,-0.25699291582552397,-0.3362948217714412,0.0,0
5808,1.0,-1.3345082436458289,-0.9790929947801188,-0.22585497996212162,1.4525651915943572,-0.3362948217714412,0.0,0
5809,1.0,-0.7744726558788844,-0.21529356948700726,0.6708930750515975,0.7734988110490952,-0.3362948217714412,0.0,0
5810,1.0,-0.5166126171413431,-0.1667076378500273,1.5676411300653166,2.044746023806809,-0.3362948217714412,0.0,0
5811,1.0,1.0251922666081508,0.2848557267760219,-0.22585497996212162,1.2079265527131475,-0.3362948217714412,0.0,0
5812,1.0,-1.3345082436458289,-1.0033859605986089,0.6708930750515975,1.2889873715487867,-0.3362948217714412,0.0,0
5813,1.0,-0.3681355751060715,-0.18385561372190257,-0.22585497996212162,0.4778937890676333,-0.3362948217714412,0.0,0
5814,1.0,-0.21216104492474452,-0.4317867648694328,2.464389185079036,-1.2248688006055477,-0.3362948217714412,0.0,0
5815,1.0,0.5860536751963463,0.032637581660522934,-0.22585497996212162,0.1420010547307345,-0.3362948217714412,0.0,0
5816,1.0,-0.7039605649814605,-0.593263537662925,-1.1226030349758407,1.1661826579834176,-0.3362948217714412,0.0,0
5817,1.0,-0.05377660783932845,-0.173852627796642,-0.22585497996212162,-0.5511417554326926,2.833611433315728,0.0,0
5818,1.0,-0.7038266812645667,0.3441591433329239,-0.22585497996212162,2.7242977984768357,-0.3362948217714412,0.0,0
5819,1.0,-0.9636503478498843,-0.17528162578596498,2.464389185079036,0.17063930809182853,-0.3362948217714412,0.0,0
5820,1.0,-1.2779200593053646,-0.9619450189082437,-1.1226030349758407,-1.3214622314336442,-0.3362948217714412,0.0,0
5821,1.0,-1.1283273196293109,-0.8947821134100653,0.6708930750515975,-1.1947743648701608,-0.3362948217714412,0.0,1
5822,1.0,-0.9195133491805474,-0.7325908416219116,1.5676411300653166,-0.6530745216331967,-0.3362948217714412,0.0,0
5823,1.0,-0.4036147600829398,-0.09239974240523445,-0.22585497996212162,1.0545420092876274,-0.3362948217714412,0.0,0
5824,1.0,-0.8913085128215779,-0.8747761415595442,1.5676411300653166,0.4541094769541826,2.833611433315728,0.0,0
5825,1.0,0.04632378449163472,-0.150988659967475,0.6708930750515975,-0.6652093747523043,-0.3362948217714412,0.0,0
5826,1.0,0.9346868739879131,0.31915167851977244,0.6708930750515975,1.9350469516100763,2.833611433315728,0.0,0
5827,1.0,3.5312723073327317,4.674737549976094,-0.22585497996212162,1.7180757778404323,2.833611433315728,0.0,0
5828,1.0,-0.012049516074080927,0.9986402224428305,1.5676411300653166,0.9686272492043453,-0.3362948217714412,0.0,0
5829,1.0,0.5094721891330681,1.6088223638837262,1.5676411300653166,-0.658413857005604,-0.3362948217714412,0.0,0
5830,1.0,-0.09608386237778285,0.21840732027250515,-1.1226030349758407,1.620511558762807,-0.3362948217714412,0.0,1
5831,1.0,1.4446499516365603,-0.13812767806356846,-0.22585497996212162,-0.6419104567636176,-0.3362948217714412,0.0,0
5832,1.0,-0.8451632583988333,-0.8011827451094128,1.5676411300653166,-0.9234390491269144,-0.3362948217714412,0.0,0
5833,1.0,-0.5549479880786135,-0.21886606446031462,-0.22585497996212162,-0.7045262988582129,-0.3362948217714412,0.0,0
5834,1.0,0.5813677451050618,-0.11454921123973996,0.6708930750515975,0.29198783928290456,-0.3362948217714412,0.0,0
5835,1.0,-0.15508195362233637,-0.6611409421557647,0.6708930750515975,-0.07302854253985254,-0.3362948217714412,0.0,0
5836,1.0,-0.4191452712426255,-0.23101254736955967,-0.22585497996212162,-1.698613466375509,-0.3362948217714412,0.0,0
5837,1.0,-0.7884411903414753,-0.6668569341130565,-0.22585497996212162,-0.712777998979206,2.833611433315728,0.0,0
5838,1.0,0.10166238747442298,0.3441591433329239,-1.1226030349758407,0.04686380627693073,-0.3362948217714412,0.0,0
5839,1.0,0.5178622353917489,-0.0066598630458579566,0.6708930750515975,-0.3011637811790757,-0.3362948217714412,0.0,0
5840,1.0,-0.6443376830580692,-0.6254159924226912,-1.1226030349758407,-0.7375330993421857,-0.3362948217714412,0.0,0
5841,1.0,-0.27138227569745427,-0.2974609538730763,-0.22585497996212162,-0.8608232070323192,-0.3362948217714412,0.0,0
5842,1.0,-0.31003004197414363,0.3820275900499818,-0.22585497996212162,-0.7156903637277922,-0.3362948217714412,0.0,1
5843,1.0,1.1978130055899452,0.496347429195817,-0.22585497996212162,-1.1976867296187466,-0.3362948217714412,0.0,0
5844,1.0,0.6068502792205231,-0.23387054334820553,-0.22585497996212162,-0.29242668693331836,2.833611433315728,0.0,0
5845,1.0,-0.7043175882265107,-0.6547104512038114,-0.22585497996212162,1.1157016690079296,-0.3362948217714412,0.0,0
5846,1.0,-0.4651120140428449,-0.4803726965064127,-1.1226030349758407,0.07647284788755329,-0.3362948217714412,0.0,0
5847,1.0,0.35140014738707104,0.9571992807524654,-0.22585497996212162,-1.4034938385188118,-0.3362948217714412,0.0,0
5848,1.0,-0.6482649387536219,-0.45250723571461543,-0.22585497996212162,1.8855367508841172,-0.3362948217714412,1.0,0
5849,1.0,-0.750909121705568,-0.6997238878674841,-0.22585497996212162,0.5638085491509155,-0.3362948217714412,0.0,0
5850,1.0,-0.7766147953491859,-0.5118106522715173,-0.22585497996212162,1.5739137227854334,-0.3362948217714412,0.0,0
5851,1.0,-0.7713487024846947,-0.8126147290239963,-1.1226030349758407,-1.6660920600163007,-0.3362948217714412,0.0,0
5852,1.0,0.7917883201565513,0.7192711155301957,0.6708930750515975,-1.536006434579467,-0.3362948217714412,1.0,0
5853,1.0,2.766305376906945,1.596675880974481,1.5676411300653166,1.8268040617876364,-0.3362948217714412,0.0,0
5854,1.0,-0.6022981959534025,-0.2917449619157846,-1.1226030349758407,-0.8884906721438844,2.833611433315728,0.0,0
5855,1.0,-0.5284390121336325,-0.436788257832063,-1.1226030349758407,1.8311726089105151,-0.3362948217714412,0.0,0
5856,1.0,-0.4988507107000933,0.34130114735427797,2.464389185079036,0.2225764794416091,-0.3362948217714412,0.0,0
5857,1.0,0.13615975852740322,0.27771073682940717,0.6708930750515975,-1.9350004051357255,2.833611433315728,0.0,0
5858,1.0,-1.0589309263726692,-0.8419091878051166,0.6708930750515975,1.6214823470123354,-0.3362948217714412,0.0,0
5859,1.0,-0.7138679600316049,-0.555395090945867,1.5676411300653166,-0.20942429159862225,-0.3362948217714412,0.0,0
5860,1.0,0.12562757279842088,-0.462510221639876,-0.22585497996212162,0.6089502027539957,-0.3362948217714412,1.0,0
5861,1.0,0.9457992224901021,2.616265946356399,-0.22585497996212162,-0.5579372731793929,2.833611433315728,0.0,0
5862,1.0,0.12187882872539313,-0.33032790762750397,-0.22585497996212162,-1.029254968325533,-0.3362948217714412,0.0,0
5863,1.0,-0.9313843720784682,-0.6618554411504262,-0.22585497996212162,-0.5132810137010769,-0.3362948217714412,0.0,0
5864,1.0,0.3455985196550047,-0.48251619349039715,-1.1226030349758407,-1.6238627711618063,-0.3362948217714412,0.0,0
5865,1.0,0.1663282227341491,0.09336999620674775,-0.22585497996212162,-1.8481148568029149,-0.3362948217714412,0.0,0
5866,1.0,2.3674657842801876,0.6042367773896989,-1.1226030349758407,-0.5050293135800838,-0.3362948217714412,0.0,0
5867,1.0,0.17940419908411445,-0.08382575446929676,-1.1226030349758407,1.1356028281232666,2.833611433315728,0.0,0
5868,1.0,-0.7018184255111589,-0.12455219716500064,-1.1226030349758407,0.3963475761072302,-0.3362948217714412,0.0,0
5869,1.0,-0.651299636336549,-0.6111260125294617,-1.1226030349758407,1.624394711760921,-0.3362948217714412,0.0,0
5870,1.0,-0.5802073826659184,-0.25744901017203403,-0.22585497996212162,-0.9792593734748095,-0.3362948217714412,0.0,0
5871,1.0,-1.3034025934208262,-0.8733471435702213,0.6708930750515975,1.6593430887439513,-0.3362948217714412,0.0,0
5872,1.0,-0.038379980396536575,0.014060607799324576,-1.1226030349758407,-0.9996459267149103,-0.3362948217714412,0.0,0
5873,1.0,-0.36635045888082024,-0.3389018955634416,-0.22585497996212162,-0.7312229757202497,-0.3362948217714412,0.0,0
5874,1.0,-0.05748072400672495,-0.00022937209390483864,-0.22585497996212162,-0.8681041189037837,-0.3362948217714412,0.0,0
5875,1.0,0.050652691337868844,0.18482586752341598,-0.22585497996212162,-0.3137840284229476,-0.3362948217714412,0.0,0
5876,1.0,-0.33836876205000704,0.13909793186508196,0.6708930750515975,-0.8428636244160398,-0.3362948217714412,0.0,0
5877,1.0,2.280396740393558,1.0672321259303317,-1.1226030349758407,0.7555392284328157,-0.3362948217714412,0.0,0
5878,1.0,-0.773446214049365,-0.3681963543445619,-0.22585497996212162,1.3030638011669515,-0.3362948217714412,0.0,0
5879,1.0,-0.618096474546876,-0.5275296301540697,2.464389185079036,0.8463079297637405,-0.3362948217714412,0.0,0
5880,1.0,-0.21305360303737012,-0.5746865638017268,1.5676411300653166,-0.16428263799554177,-0.3362948217714412,0.0,0
5881,1.0,-1.2704671990649405,-0.9376520530897535,0.6708930750515975,-0.7346207345935999,-0.3362948217714412,0.0,0
5882,1.0,-0.2425972765652781,-0.1595626479034126,-1.1226030349758407,-1.160311382011895,-0.3362948217714412,0.0,0
5883,1.0,-0.30208627477177563,1.087238097780853,-0.22585497996212162,-0.3666919880222569,-0.3362948217714412,0.0,0
5884,1.0,4.608679205083116,3.1885796410802363,1.5676411300653166,1.5244035220594745,-0.3362948217714412,0.0,0
5885,1.0,-0.2404551370949768,-0.6032665235881856,-0.22585497996212162,-1.236518259599891,2.833611433315728,0.0,0
5886,1.0,-1.1197141338424736,-0.6311319843799829,0.6708930750515975,1.9389301046081908,2.833611433315728,0.0,0
5887,1.0,1.140912425910062,0.8271604637240775,-0.22585497996212162,0.7477729224365867,-0.3362948217714412,0.0,0
5888,1.0,-0.04266425933713946,0.3077196946051888,0.6708930750515975,1.2443311120704708,-0.3362948217714412,0.0,0
5889,1.0,-1.0089030441600033,-0.8047552400827201,0.6708930750515975,1.358398731390082,2.833611433315728,0.0,0
5890,1.0,-0.5232175471747728,-0.6825759119956087,-1.1226030349758407,-0.7627735938299296,-0.3362948217714412,0.0,0
5891,1.0,0.24473945292830968,-0.34747588349937925,-1.1226030349758407,0.666712103600948,2.833611433315728,0.0,0
5892,1.0,-0.19355120827650033,0.4427600045962067,-1.1226030349758407,0.7235032161983714,-0.3362948217714412,1.0,0
5893,1.0,-1.0470599034747483,-0.809042234050689,-0.22585497996212162,0.6599165858542475,-0.3362948217714412,0.0,0
5894,1.0,-0.08764918821347083,-0.497520672378288,-0.22585497996212162,-0.545317025935521,-0.3362948217714412,0.0,0
5895,1.0,-0.7616644469627067,-0.6289884873959986,-0.22585497996212162,-0.9205266843783286,-0.3362948217714412,0.0,0
5896,1.0,0.3092714044711418,0.9922097314908772,-0.22585497996212162,0.6623435564780693,-0.3362948217714412,0.0,0
5897,1.0,-0.3827289002475003,-0.7268748496646199,-1.1226030349758407,0.0585132652712741,-0.3362948217714412,0.0,0
5898,1.0,0.30949454399929827,1.9746458491503989,-1.1226030349758407,-0.5618204261775075,2.833611433315728,0.0,0
5899,1.0,-0.43195348015880314,-0.196716595625809,-1.1226030349758407,0.5371118722888785,-0.3362948217714412,0.0,0
5900,1.0,-0.4054445042138223,-0.17885412075927234,-0.22585497996212162,0.4031430938539305,2.833611433315728,0.0,0
5901,1.0,-0.5266538959083813,-0.6818614130009473,-1.1226030349758407,2.552953672435036,-0.3362948217714412,0.0,0
5902,1.0,0.40401644812635135,1.0643741299516856,-1.1226030349758407,-1.1787563587529388,-0.3362948217714412,0.0,0
5903,1.0,-0.3023094142999321,0.21983631826182812,-0.22585497996212162,-0.3516447701545635,-0.3362948217714412,0.0,0
5904,1.0,0.27383684739990477,-0.33175690561682686,-0.22585497996212162,0.5468197547841646,-0.3362948217714412,0.0,1
5905,1.0,-0.9004572334759905,-0.7876072642108449,0.6708930750515975,-1.6821100661335229,-0.3362948217714412,0.0,0
5906,1.0,-0.4092825040981125,1.2944428062326792,-0.22585497996212162,-1.4151432975131553,-0.3362948217714412,0.0,0
5907,1.0,-0.8454310258326211,-0.2202950624496376,-1.1226030349758407,-0.612301415152995,-0.3362948217714412,0.0,0
5908,1.0,0.3787570535390462,-0.497520672378288,-1.1226030349758407,1.221517588206548,-0.3362948217714412,1.0,0
5909,1.0,0.7095390900781006,0.34058664835961655,-0.22585497996212162,-0.2506827922035882,-0.3362948217714412,0.0,0
5910,1.0,-0.9271893489491279,-0.831906201879856,-1.1226030349758407,0.38421272298812253,-0.3362948217714412,0.0,0
5911,1.0,-0.8753317226055793,-0.27816948101721667,-0.22585497996212162,-1.3505858789195027,-0.3362948217714412,0.0,0
5912,1.0,1.9990624232939633,1.3487447298269508,-0.22585497996212162,-1.758802337846283,-0.3362948217714412,0.0,0
5913,1.0,-0.8878275361823379,-0.3860588292110987,-1.1226030349758407,-0.11914098439246154,-0.3362948217714412,0.0,0
5914,1.0,-0.6734797054352956,-0.34247439053674894,-0.22585497996212162,-1.6923033427535732,-0.3362948217714412,0.0,0
5915,1.0,-0.30262180963935104,-0.4167822859815419,-0.22585497996212162,-0.6239508741473384,-0.3362948217714412,0.0,0
5916,1.0,-0.517371291537075,-0.3781993402698225,1.5676411300653166,0.8516472651361483,-0.3362948217714412,0.0,0
5917,1.0,-1.012696416138662,-0.9476550390150142,2.464389185079036,-0.7220004873497279,-0.3362948217714412,1.0,0
5918,1.0,-0.5948899636186099,-0.2917449619157846,-0.22585497996212162,1.01765205580554,-0.3362948217714412,0.0,0
5919,1.0,-0.07792030478585155,-0.3267554126541966,0.6708930750515975,0.1065672836229401,-0.3362948217714412,0.0,0
5920,1.0,0.09403101561147403,-0.6489944592465197,1.5676411300653166,1.155503987238603,-0.3362948217714412,0.0,0
5921,1.0,1.479236578500803,0.8271604637240775,-1.1226030349758407,-1.727251719736603,-0.3362948217714412,0.0,0
5922,1.0,3.763828323577337,1.8889059697910224,-0.22585497996212162,2.6233358205258606,-0.3362948217714412,0.0,0
5923,1.0,-0.08943430443872195,-0.328898909638181,-1.1226030349758407,-0.9947919854672672,-0.3362948217714412,0.0,0
5924,1.0,-0.18194795281236742,0.4470469985641756,-0.22585497996212162,0.9841598611968034,-0.3362948217714412,0.0,0
5925,1.0,-0.2435790904891664,-0.35462087344599397,-0.22585497996212162,0.6545772504818401,-0.3362948217714412,0.0,0
5926,1.0,-0.9721296499198278,-0.7440228255364952,-1.1226030349758407,-1.1947743648701608,-0.3362948217714412,0.0,0
5927,1.0,-0.08180293257577301,0.25055977503227134,-0.22585497996212162,1.799621990800835,-0.3362948217714412,0.0,1
5928,1.0,-0.8645317694428093,-0.8061842380720431,0.6708930750515975,-0.9278075962497933,-0.3362948217714412,0.0,0
5929,1.0,-0.9752536033140173,-0.7811767732588916,0.6708930750515975,2.6155695145296316,-0.3362948217714412,0.0,0
5930,1.0,1.1650561228565852,0.36773761015675244,0.6708930750515975,-1.258360995214285,-0.3362948217714412,0.0,0
5931,1.0,-0.9110340471106041,-0.6918643989262079,-0.22585497996212162,0.03764131790640887,-0.3362948217714412,0.0,0
5932,1.0,-0.5460670348579886,-0.7818912722535531,0.6708930750515975,-1.3733994027834249,-0.3362948217714412,0.0,0
5933,1.0,-0.9340620464163449,-0.8054697390773816,0.6708930750515975,-0.7642297762042225,-0.3362948217714412,0.0,0
5934,1.0,-0.6469261015846834,-0.6318464833746443,-0.22585497996212162,-0.9511065142384798,-0.3362948217714412,0.0,0
5935,1.0,-0.654646729258895,0.2934297147119594,-0.22585497996212162,-0.8972277663896421,-0.3362948217714412,0.0,0
5936,1.0,-0.9506189994055503,-0.9083575943086334,-0.22585497996212162,-0.3443638582830989,-0.3362948217714412,0.0,0
5937,1.0,-0.28182520561517416,-0.2896014649318002,-0.22585497996212162,0.04200986502928768,-0.3362948217714412,0.0,0
5938,1.0,0.43632705180339876,-0.2888869659371387,0.6708930750515975,-0.4623146306008249,-0.3362948217714412,0.0,0
5939,1.0,0.7112795783977207,0.13623993588643601,-1.1226030349758407,0.1861719200842862,-0.3362948217714412,0.0,0
5940,1.0,-0.41843122475252503,-0.5275296301540697,-0.22585497996212162,-0.12593650213916185,2.833611433315728,1.0,0
5941,1.0,-0.48202599027710036,-0.4532217347092768,-0.22585497996212162,0.404113882103459,-0.3362948217714412,0.0,0
5942,1.0,1.7090256645962685,0.6699706848985544,-1.1226030349758407,-0.9467379671156011,2.833611433315728,0.0,0
5943,1.0,-0.7274348433435143,-0.46608271661318335,2.464389185079036,-0.5826923735423725,-0.3362948217714412,0.0,1
5944,1.0,1.4377772541693432,0.03978257160713764,0.6708930750515975,-0.6987015693610414,2.833611433315728,0.0,0
5945,1.0,1.3605263495215956,0.3713101051300598,-0.22585497996212162,-0.8263602241740535,-0.3362948217714412,0.0,0
5946,1.0,-0.821421212602992,-0.6832904109902702,0.6708930750515975,1.584592393530248,-0.3362948217714412,0.0,0
5947,1.0,0.8817581779092138,1.8696144969351625,2.464389185079036,0.033272770783530345,2.833611433315728,0.0,0
5948,1.0,1.2650226314706545,-0.03952681680028553,-0.22585497996212162,1.4365471854771352,-0.3362948217714412,0.0,0
5949,1.0,0.730737345252959,3.3314794400125303,-1.1226030349758407,-1.707835954746031,-0.3362948217714412,0.0,0
5950,1.0,-1.1393504123202374,-0.8154727250026422,-0.22585497996212162,1.0875488097716002,-0.3362948217714412,0.0,0
5951,1.0,-0.7763024000097668,-0.7018673848514684,-0.22585497996212162,-0.42396849474444476,-0.3362948217714412,0.0,0
5952,1.0,-0.26825832230326463,-0.12669569414898502,1.5676411300653166,-0.08030945441131712,-0.3362948217714412,0.0,0
5953,1.0,-1.1131538317146754,-0.8990691073780342,0.6708930750515975,-1.5971660942997694,-0.3362948217714412,0.0,0
5954,1.0,0.45957819063729605,0.4163235417937324,2.464389185079036,0.6036108673815884,-0.3362948217714412,0.0,0
5955,1.0,1.3718618375519407,0.6685416869092313,1.5676411300653166,-0.17399052049082786,-0.3362948217714412,0.0,0
5956,1.0,0.7597008560076604,-0.01737734796578002,-1.1226030349758407,0.4570218417027683,-0.3362948217714412,0.0,0
5957,1.0,-0.6488451015268286,-0.710441372787406,-0.22585497996212162,1.7743814963130913,-0.3362948217714412,0.0,0
5958,1.0,-0.5171927799145498,-0.33461490159547286,-0.22585497996212162,-0.47202251309611104,-0.3362948217714412,0.0,0
5959,1.0,-0.0370411432275981,0.2998602056639127,-1.1226030349758407,0.8448517473894477,-0.3362948217714412,0.0,0
5960,1.0,-0.9285281861180662,-0.7554548094510787,-1.1226030349758407,-0.5176495608239557,-0.3362948217714412,0.0,1
5961,1.0,-0.2853954380656765,0.006201118858048478,-0.22585497996212162,1.2423895355714132,-0.3362948217714412,0.0,0
5962,1.0,0.8545351554741323,0.15410241075297276,0.6708930750515975,1.9238828867404973,-0.3362948217714412,0.0,0
5963,1.0,-0.48528382738818393,-0.5032366643355798,0.6708930750515975,-0.5637620026765647,-0.3362948217714412,0.0,0
5964,1.0,1.3591428844470261,0.5992352844270686,-0.22585497996212162,-0.41474600637392317,-0.3362948217714412,0.0,0
5965,1.0,-0.1571348372813752,-0.40177780709365096,0.6708930750515975,1.3739313433825397,-0.3362948217714412,0.0,0
5966,1.0,-0.5917660102244202,-0.4289287688907868,-1.1226030349758407,0.7016604805839779,-0.3362948217714412,0.0,0
5967,1.0,-1.3345082436458289,-0.9840944877427492,-1.1226030349758407,1.0360970325465837,-0.3362948217714412,0.0,0
5968,1.0,0.6445608594789555,0.2605627609575318,-0.22585497996212162,0.48274773031527635,-0.3362948217714412,0.0,0
5969,1.0,1.8338499166469615,2.656277890057441,0.6708930750515975,0.7720426286748019,-0.3362948217714412,0.0,0
5970,1.0,0.6693739750099477,0.3805985920606589,-1.1226030349758407,0.05123235339980953,-0.3362948217714412,0.0,0
5971,1.0,1.0871804275299999,-0.26602299810797164,-0.22585497996212162,0.5526444842813361,-0.3362948217714412,0.0,0
5972,1.0,0.3640298446807237,-0.44607674476266207,-1.1226030349758407,0.2085000498234442,-0.3362948217714412,0.0,0
5973,1.0,0.622380790380209,1.7231422030295611,1.5676411300653166,0.5448781782851075,-0.3362948217714412,0.0,0
5974,1.0,2.2145259516817877,2.7327292824862184,-0.22585497996212162,0.18277416121093618,-0.3362948217714412,0.0,0
5975,1.0,-1.1806312250291722,-0.7633142983923548,-1.1226030349758407,0.052688535774102284,-0.3362948217714412,0.0,0
5976,1.0,0.3302018922122126,-0.01952084494976439,-1.1226030349758407,-0.14777923775355534,-0.3362948217714412,0.0,0
5977,1.0,0.0267321339195022,-0.19600209663114762,0.6708930750515975,1.1894815759721045,-0.3362948217714412,0.0,0
5978,1.0,0.46948558568744053,0.10765997609997717,-1.1226030349758407,0.3473227695060354,-0.3362948217714412,0.0,0
5979,1.0,-0.9239315118380442,-0.47680020153310537,-0.22585497996212162,0.8191258587769397,-0.3362948217714412,0.0,0
5980,1.0,0.8237865284941799,3.250026554621123,-1.1226030349758407,0.6803031390943481,-0.3362948217714412,0.0,0
5981,1.0,-0.9649445571131914,-0.7097268737927446,0.6708930750515975,0.20607307919962267,-0.3362948217714412,0.0,0
5982,1.0,-0.04743944523968674,0.8764608943557191,-0.22585497996212162,0.15559209022413514,-0.3362948217714412,0.0,0
5983,1.0,0.03637176153585899,-0.4775147005277668,-0.22585497996212162,-0.5482293906841068,2.833611433315728,0.0,0
5984,1.0,0.28142359135722245,-0.26173600414000286,-1.1226030349758407,-1.056437039312334,-0.3362948217714412,0.0,0
5985,1.0,-1.119446366408686,-0.75116781548311,-0.22585497996212162,-0.41183364162533714,-0.3362948217714412,0.0,0
5986,1.0,-0.1686042090286144,-0.10526072430914088,-0.22585497996212162,-0.20214337972715768,-0.3362948217714412,0.0,0
5987,1.0,0.7981701106618245,0.36487961417810644,-0.22585497996212162,0.24344842680647405,-0.3362948217714412,0.0,0
5988,1.0,-1.2799729429644038,-0.9290780651538159,-0.22585497996212162,-0.2453434568311806,-0.3362948217714412,0.0,0
5989,1.0,-0.5529397323252059,-0.221009561444299,0.6708930750515975,0.10802346599723313,-0.3362948217714412,0.0,0
5990,1.0,-1.0656251122173612,-0.8269047089172258,2.464389185079036,0.855045024009498,2.833611433315728,0.0,0
5991,1.0,-1.0780762978884886,-0.8704891475915755,0.6708930750515975,0.07356048313896751,-0.3362948217714412,1.0,0
5992,1.0,1.7834203832836137,0.9000393611795477,-1.1226030349758407,0.4555656593284753,-0.3362948217714412,0.0,0
5993,1.0,-0.11491683855418354,-0.3603368654032857,0.6708930750515975,0.5041050718049056,-0.3362948217714412,0.0,0
5994,1.0,-0.2972664609635974,-0.05524579468283793,-0.22585497996212162,-0.6132722034025238,-0.3362948217714412,0.0,0
5995,1.0,0.03445276159371388,-0.01023235801916531,0.6708930750515975,-0.24922660982929518,-0.3362948217714412,0.0,0
5996,1.0,1.463706067341117,1.5909598890171894,-0.22585497996212162,1.1919085465959256,-0.3362948217714412,0.0,0
5997,1.0,-0.9374537672443224,-0.8569136666930075,-0.22585497996212162,0.9171754719793292,-0.3362948217714412,0.0,0
5998,1.0,0.7700099022084862,1.253001864542314,0.6708930750515975,1.2088973409626766,-0.3362948217714412,0.0,0
5999,1.0,-0.9030456520026048,-0.5996940286148782,-1.1226030349758407,1.431693244229492,-0.3362948217714412,0.0,0
6000,1.0,-1.221912037738107,-0.8054697390773816,-0.22585497996212162,-0.4807596073418686,-0.3362948217714412,0.0,0
6001,1.0,-0.23492127679669791,0.1519589137689884,-1.1226030349758407,0.13520553698403415,-0.3362948217714412,0.0,0
6002,1.0,0.5975230469435855,0.10337298213200842,0.6708930750515975,0.9395036017184869,-0.3362948217714412,0.0,0
6003,1.0,0.6936515556733646,0.0505000565270597,-1.1226030349758407,0.6628289506028335,-0.3362948217714412,0.0,0
6004,1.0,1.6445383409590675,0.16267639868891046,-1.1226030349758407,1.3273335074051669,-0.3362948217714412,0.0,0
6005,1.0,-0.987749416890776,-0.6932933969155308,-1.1226030349758407,0.7880606347920244,-0.3362948217714412,0.0,0
6006,1.0,0.1783777572545949,-0.6411349703052435,-0.22585497996212162,0.1366617193583272,-0.3362948217714412,0.0,0
6007,1.0,1.0470599403674783,0.23341179916039595,0.6708930750515975,-0.5424046611869353,-0.3362948217714412,0.0,0
6008,1.0,-0.06417490985141709,0.20054484540596837,-0.22585497996212162,1.387036984751176,-0.3362948217714412,0.0,0
6009,1.0,0.448778237474526,0.4927749342225096,1.5676411300653166,1.0691038330305567,-0.3362948217714412,0.0,0
6010,1.0,0.8433781790663121,-0.10097373034117214,0.6708930750515975,0.03084580015970882,-0.3362948217714412,0.0,0
6011,1.0,0.4531517722263916,0.031923082665861344,1.5676411300653166,-0.7069532694820345,-0.3362948217714412,0.0,0
6012,1.0,0.9075084794584628,0.6971216466956902,-1.1226030349758407,-0.36329422914890686,-0.3362948217714412,0.0,0
6013,1.0,-0.7131092856358731,-0.6547104512038114,0.6708930750515975,0.02016712941489394,-0.3362948217714412,0.0,0
6014,1.0,-0.7206514016875595,-0.8447671837837625,-1.1226030349758407,1.003090232062611,-0.3362948217714412,0.0,0
6015,1.0,-1.0059576023883385,-0.8969256103940498,-0.22585497996212162,0.04395144152834495,-0.3362948217714412,0.0,0
6016,1.0,0.41923456394661823,-0.5039511633302413,-0.22585497996212162,0.31868451614494137,-0.3362948217714412,0.0,0
6017,1.0,-0.11197139678251888,2.0110852978781337,0.6708930750515975,1.155503987238603,-0.3362948217714412,0.0,1
6018,1.0,-0.16730999976530714,-0.221009561444299,-1.1226030349758407,-0.43464716548925963,2.833611433315728,0.0,0
6019,1.0,-0.23862539296409416,0.8721739003877503,-0.22585497996212162,-0.6118160210282307,-0.3362948217714412,0.0,0
6020,1.0,1.7869906157341164,5.082001976933133,-0.22585497996212162,-0.20893889747385772,-0.3362948217714412,0.0,0
6021,1.0,-0.8590871649557931,-0.7461663225204797,1.5676411300653166,-0.3652358056479639,-0.3362948217714412,0.0,0
6022,1.0,2.4376208519325613,-0.13812767806356846,0.6708930750515975,1.6603138769934798,-0.3362948217714412,0.0,0
6023,1.0,-0.7101192159585773,-0.5375326160793303,0.6708930750515975,-0.2099096857233865,-0.3362948217714412,0.0,0
6024,1.0,1.6481085734095702,2.032520267717978,0.6708930750515975,0.9715396139529313,-0.3362948217714412,0.0,0
6025,1.0,0.666383905332652,0.8957523672115786,0.6708930750515975,-1.3219476255584088,-0.3362948217714412,0.0,0
6026,1.0,0.35086461251949563,-0.582546052743003,-0.22585497996212162,-0.610359838653938,-0.3362948217714412,0.0,1
6027,1.0,0.20122724493781077,0.1433849258330507,-1.1226030349758407,1.069589227155321,-0.3362948217714412,0.0,0
6028,1.0,-1.1081555062839719,-0.6211289984547224,-1.1226030349758407,0.6594311917294832,-0.3362948217714412,0.0,0
6029,1.0,-0.6839226353530153,-0.4682262135971677,-1.1226030349758407,-1.2268103771046048,-0.3362948217714412,0.0,0
6030,1.0,-0.8723862808339147,-0.8290482059012102,-0.22585497996212162,-0.6462790038864964,-0.3362948217714412,0.0,0
6031,1.0,-0.40687259719402324,-0.5296731271380541,0.6708930750515975,1.757392701946341,-0.3362948217714412,0.0,0
6032,1.0,-0.24415925326237303,0.3820275900499818,-0.22585497996212162,0.6652559212266548,-0.3362948217714412,0.0,0
6033,1.0,-0.3498381337972463,-0.26959549308127895,-1.1226030349758407,-1.1447787700194374,-0.3362948217714412,0.0,0
6034,1.0,0.17480752480409237,-0.13812767806356846,2.464389185079036,0.1153043778686977,-0.3362948217714412,0.0,0
6035,1.0,-0.43150720110249036,0.5242128899876144,1.5676411300653166,1.620511558762807,-0.3362948217714412,0.0,0
6036,1.0,-0.4892557109893679,0.36630861216742944,-0.22585497996212162,-0.6652093747523043,-0.3362948217714412,0.0,0
6037,1.0,1.2903266539635905,0.41060754983644066,0.6708930750515975,-0.5987103796595946,-0.3362948217714412,0.0,0
6038,1.0,1.1361372400075151,0.28271222979203753,0.6708930750515975,1.63216101775715,-0.3362948217714412,0.0,0
6039,1.0,-1.064821809915998,-0.8626296586502993,-1.1226030349758407,-1.4428107626247206,-0.3362948217714412,0.0,0
6040,1.0,-0.534374523582593,0.3527331312688614,-1.1226030349758407,1.5680889932882618,-0.3362948217714412,0.0,0
6041,1.0,-0.9657478594145545,-0.9319360611324619,-0.22585497996212162,0.21189780869679448,-0.3362948217714412,0.0,0
6042,1.0,0.20622557036851424,0.5477913568114429,-0.22585497996212162,-1.2214710417321974,-0.3362948217714412,0.0,0
6043,1.0,0.07644762079274936,-0.7811767732588916,-1.1226030349758407,0.09637400700288974,-0.3362948217714412,0.0,0
6044,1.0,0.15972329270071944,-0.07453726753869769,-1.1226030349758407,-0.4045527297538726,-0.3362948217714412,0.0,0
6045,1.0,-1.3345082436458289,-0.9998134656253016,-1.1226030349758407,-0.2754378925665677,-0.3362948217714412,0.0,0
6046,1.0,-0.6504070782239234,-0.32461191567021214,-1.1226030349758407,-0.5909440736633658,-0.3362948217714412,0.0,0
6047,1.0,-0.8941200708763486,-0.7747462823069384,-1.1226030349758407,-1.1141989401592862,-0.3362948217714412,0.0,0
6048,1.0,1.9091371934469323,2.511949093135824,1.5676411300653166,-0.24340188033212362,-0.3362948217714412,0.0,0
6049,1.0,1.2743498637475923,0.7021231396583203,-0.22585497996212162,1.9253390691147902,-0.3362948217714412,1.0,0
6050,1.0,-0.9162555120694639,-0.8097567330453505,-0.22585497996212162,-0.8482029597884473,-0.3362948217714412,0.0,0
6051,1.0,-0.37206283080162417,-0.13169718711161535,-0.22585497996212162,-0.7113218166049133,-0.3362948217714412,0.0,0
6052,1.0,-0.5256274540788619,-0.3038914448250295,0.6708930750515975,0.6487525209846686,-0.3362948217714412,0.0,0
6053,1.0,1.395693139159045,0.7328465964287637,-1.1226030349758407,0.16724154921847825,-0.3362948217714412,0.0,0
6054,1.0,-0.7907172135286706,-0.6382769743265976,-1.1226030349758407,0.4638173594494684,-0.3362948217714412,0.0,0
6055,1.0,-0.6950796117608355,-0.4375027568267245,-0.22585497996212162,0.4298397707159673,-0.3362948217714412,0.0,0
6056,1.0,-0.8228046776775616,-0.150988659967475,0.6708930750515975,0.19296743783098652,-0.3362948217714412,0.0,0
6057,1.0,-0.5482984301395526,-0.5696850708390965,-1.1226030349758407,0.4283835883416743,-0.3362948217714412,0.0,0
6058,1.0,2.11357762914383,2.4419281916590005,0.6708930750515975,-1.1355562816489155,-0.3362948217714412,1.0,0
6059,1.0,0.06502287695114142,0.5292143829502446,-1.1226030349758407,0.8021370644101887,-0.3362948217714412,0.0,0
6060,1.0,0.738502600832802,1.0107867053520754,-1.1226030349758407,-0.6525891275084325,-0.3362948217714412,0.0,0
6061,1.0,0.7540331119924878,0.7035521376476432,-0.22585497996212162,0.05074695927504527,-0.3362948217714412,0.0,0
6062,1.0,-0.028918864402705,-0.3753413442911766,-0.22585497996212162,-0.09438588402948203,-0.3362948217714412,0.0,0
6063,1.0,-0.9711032080903081,-0.8783486365328516,-0.22585497996212162,-1.9189823990185033,-0.3362948217714412,0.0,0
6064,1.0,-0.3059689025616971,-0.5968360326362323,-1.1226030349758407,0.5482759371584578,-0.3362948217714412,0.0,0
6065,1.0,-0.042798143054033434,-0.016662848971118627,-1.1226030349758407,-0.5089124665781981,-0.3362948217714412,0.0,0
6066,1.0,0.49510200351979583,0.1912563584753693,1.5676411300653166,0.9361058428451372,-0.3362948217714412,0.0,0
6067,1.0,-0.7225704016297047,-0.675430922048994,-0.22585497996212162,-1.087016869172485,-0.3362948217714412,0.0,1
6068,1.0,0.12402096819569469,0.4842009462865719,-1.1226030349758407,-0.3890201177614149,-0.3362948217714412,0.0,0
6069,1.0,-0.6932498676299531,-0.4153532879922189,-0.22585497996212162,-0.333685187538284,-0.3362948217714412,0.0,0
6070,1.0,-0.5626239878471937,-0.798324749130767,-1.1226030349758407,-0.6792858043704693,-0.3362948217714412,0.0,0
6071,1.0,-0.14495141904403544,-0.5018076663462567,2.464389185079036,-0.9413986317431937,-0.3362948217714412,0.0,0
6072,1.0,0.4775632366067024,1.0036417154054607,2.464389185079036,-1.570954811562497,-0.3362948217714412,0.0,0
6073,1.0,-0.5678454528060537,-0.42749977090146396,-0.22585497996212162,-0.06914538954173799,-0.3362948217714412,0.0,0
6074,1.0,1.5080662055386107,-0.1731381288019805,-0.22585497996212162,-1.2088507944883256,-0.3362948217714412,0.0,0
6075,1.0,-0.7727321675592644,-0.7218733567019895,0.6708930750515975,1.5365383751785817,-0.3362948217714412,0.0,0
6076,1.0,2.1574468603793795,1.494502524737891,0.6708930750515975,-0.3220357285439409,-0.3362948217714412,0.0,0
6077,1.0,-0.24603362529888692,-0.461081223650553,-0.22585497996212162,0.8166988881531179,-0.3362948217714412,0.0,0
6078,1.0,0.8575698530570595,0.6935491517223829,-0.22585497996212162,0.923485595601265,-0.3362948217714412,0.0,0
6079,1.0,-0.8989845125901582,-0.7811767732588916,-0.22585497996212162,0.021137917664422714,-0.3362948217714412,0.0,0
6080,1.0,0.4756888645701885,-0.5911200406789406,-0.22585497996212162,1.3831538317530616,-0.3362948217714412,0.0,0
6081,1.0,-0.24447164860179196,1.034365172175904,-1.1226030349758407,0.0779290302618463,-0.3362948217714412,0.0,0
6082,1.0,-0.08666737428958252,-0.4224982779388336,0.6708930750515975,-0.7884994824424377,-0.3362948217714412,0.0,0
6083,1.0,2.2554943690513034,2.795605194016428,-1.1226030349758407,2.687893239119513,2.833611433315728,0.0,0
6084,1.0,0.358853007627495,-0.15170315896213638,-0.22585497996212162,1.2443311120704708,-0.3362948217714412,0.0,0
6085,1.0,0.4862656782048021,0.9579137797471268,-0.22585497996212162,-0.4647416012246465,-0.3362948217714412,0.0,0
6086,1.0,-0.10719621087997186,-0.7340198396112346,-0.22585497996212162,0.1390886899821487,-0.3362948217714412,0.0,0
6087,1.0,-0.31056557684171904,0.1826823705394316,0.6708930750515975,-1.0690572865562058,-0.3362948217714412,0.0,0
6088,1.0,1.1102084268357406,2.3318953464811334,-1.1226030349758407,0.24441921505600284,-0.3362948217714412,0.0,0
6089,1.0,0.1697199435621264,0.34130114735427797,1.5676411300653166,1.155503987238603,-0.3362948217714412,0.0,0
6090,1.0,0.8522591322869371,0.03335208065518433,-0.22585497996212162,-0.8753850307752483,-0.3362948217714412,0.0,1
6091,1.0,-0.22505850965218466,0.18625486551273895,0.6708930750515975,-0.10652073714858966,-0.3362948217714412,0.0,1
6092,1.0,1.0941870087141112,4.232462672280644,0.6708930750515975,1.0026048379378465,-0.3362948217714412,0.0,0
6093,1.0,-0.09068388579639795,0.40560605687381035,-0.22585497996212162,-0.11186007252099696,-0.3362948217714412,0.0,0
6094,1.0,2.3876375976255266,0.49706192819047856,-1.1226030349758407,1.7428308782034116,-0.3362948217714412,0.0,0
6095,1.0,-0.6742830077366587,-0.5904055416842791,-0.22585497996212162,-1.0190616917054824,-0.3362948217714412,0.0,0
6096,1.0,2.131161023962555,0.5892322985018081,0.6708930750515975,1.270542394807743,-0.3362948217714412,0.0,0
6097,1.0,-0.8279815147307902,-0.6425639682945664,-0.22585497996212162,-0.12448031976486884,-0.3362948217714412,0.0,0
6098,1.0,-0.5681578481454727,-0.5489645999939139,1.5676411300653166,-1.5947391236759478,-0.3362948217714412,0.0,0
6099,1.0,1.4379111378862368,0.3770260970873515,-0.22585497996212162,-0.3234919109182337,-0.3362948217714412,0.0,0
6100,1.0,-1.3179066627509926,-0.9905249786947025,-0.22585497996212162,-0.4880405192133332,-0.3362948217714412,0.0,0
6101,1.0,-1.2223136888887887,-0.9426535460523839,0.6708930750515975,-0.3011637811790757,-0.3362948217714412,0.0,0
6102,1.0,-1.203302201089863,-0.9219330752072011,0.6708930750515975,-0.2400041214587733,-0.3362948217714412,0.0,0
6103,1.0,-0.7131539135415044,-0.7118703707767291,-1.1226030349758407,-1.2200148593579048,-0.3362948217714412,0.0,0
6104,1.0,0.5499050716350087,-0.5682560728497735,-0.22585497996212162,-0.13758596113350496,-0.3362948217714412,0.0,0
6105,1.0,-0.21845357961875525,-0.14527266801018318,-0.22585497996212162,0.9147485013555074,-0.3362948217714412,0.0,0
6106,1.0,2.1652121159592226,-0.08454025346395816,-0.22585497996212162,-0.3230065167934694,-0.3362948217714412,0.0,0
6107,1.0,5.361730484705351,7.439848659315985,-1.1226030349758407,1.1579309578624242,-0.3362948217714412,0.0,0
6108,1.0,-0.40589078327013506,-0.45536523169326126,-1.1226030349758407,0.142971842980263,2.833611433315728,0.0,0
6109,1.0,-1.1050761807954135,-0.8890661214527736,-0.22585497996212162,1.7083678953451462,-0.3362948217714412,0.0,0
6110,1.0,-0.001874353590148741,0.5535073487687346,0.6708930750515975,0.1420010547307345,-0.3362948217714412,0.0,0
6111,1.0,-0.6291641951434336,0.1669633926568792,0.6708930750515975,-0.4608584482265319,-0.3362948217714412,0.0,0
6112,1.0,-0.45725750265173953,-0.22529655541226784,0.6708930750515975,-1.4903793868516224,-0.3362948217714412,0.0,0
6113,1.0,-0.8124510035711046,0.12623694996117554,-0.22585497996212162,1.4918821157002657,-0.3362948217714412,0.0,0
6114,1.0,-0.10242102497742482,0.28271222979203753,-0.22585497996212162,0.10511110124864735,-0.3362948217714412,0.0,0
6115,1.0,0.23978575540323743,1.1786939690975209,0.6708930750515975,0.022594100038715467,-0.3362948217714412,0.0,0
6116,1.0,-1.0549144148658538,-0.3810573362484683,-1.1226030349758407,-0.3754290822680145,-0.3362948217714412,0.0,0
6117,1.0,-0.9830634867994915,-0.7233023546913125,-0.22585497996212162,-0.7122926048544418,-0.3362948217714412,0.0,0
6118,1.0,0.14776301399153613,-0.0731082695493747,-1.1226030349758407,2.406364646756216,2.833611433315728,0.0,0
6119,1.0,1.346780954587161,0.868601405414443,-1.1226030349758407,0.11239201312011192,-0.3362948217714412,0.0,0
6120,1.0,-0.307218483919373,-0.4146387889975574,-0.22585497996212162,-0.44484044210931,-0.3362948217714412,0.0,0
6121,1.0,-1.0900365765976718,-0.6811469140062859,1.5676411300653166,1.37053358450919,-0.3362948217714412,0.0,0
6122,1.0,-0.952314859819539,-0.8704891475915755,0.6708930750515975,0.13229317223544837,-0.3362948217714412,0.0,0
6123,1.0,0.11554166612575141,-0.19457309864182465,1.5676411300653166,-0.7783062058223873,-0.3362948217714412,0.0,0
6124,1.0,-0.27682688018447066,-0.4117807930189115,-1.1226030349758407,-1.0190616917054824,-0.3362948217714412,0.0,0
6125,1.0,1.9210528442504842,3.016385383366822,-0.22585497996212162,-1.3767971616567751,-0.3362948217714412,0.0,0
6126,1.0,-0.4348989219304677,-0.27745498202255514,2.464389185079036,-0.5414338729374065,-0.3362948217714412,0.0,0
6127,1.0,-1.0296103923729176,-0.7818912722535531,0.6708930750515975,0.2866485039104973,-0.3362948217714412,0.0,0
6128,1.0,1.125203403127851,0.6985506446850129,-0.22585497996212162,-0.21330744459673653,-0.3362948217714412,0.0,0
6129,1.0,0.06283610957520862,-0.24958952123075784,-0.22585497996212162,1.3113155012879443,-0.3362948217714412,0.0,0
6130,1.0,0.38330909991343703,0.6199557552722513,-1.1226030349758407,0.3793587817404795,2.833611433315728,0.0,0
6131,1.0,1.4771836948417638,0.2527032720162557,-0.22585497996212162,1.2011310349664475,-0.3362948217714412,0.0,0
6132,1.0,0.9535644780699449,0.02692158970323101,2.464389185079036,0.3031519041524837,-0.3362948217714412,0.0,0
6133,1.0,-0.44114682871884703,-0.8269047089172258,-1.1226030349758407,-0.500660766457205,-0.3362948217714412,0.0,0
6134,1.0,-0.6830300772403898,0.35630562624216877,-1.1226030349758407,0.3439250106326851,-0.3362948217714412,0.0,0
6135,1.0,-0.4685483627764536,-0.5311021251273771,0.6708930750515975,0.6346760913665037,-0.3362948217714412,0.0,0
6136,1.0,-0.2866450194233524,-0.4239272759281566,-1.1226030349758407,1.359854913764375,-0.3362948217714412,0.0,0
6137,1.0,-1.11609927348634,-0.7383068335792035,-1.1226030349758407,0.8594135711323768,2.833611433315728,0.0,0
6138,1.0,1.8213094751645713,0.4913459362331866,-0.22585497996212162,-1.2768059719553284,-0.3362948217714412,0.0,0
6139,1.0,2.164855092714172,1.5959613819798195,0.6708930750515975,0.18956967895763624,-0.3362948217714412,1.0,0
6140,1.0,-0.8912192570103153,-0.1659931388553658,-0.22585497996212162,-0.3021345694286045,-0.3362948217714412,0.0,0
6141,1.0,0.24594440638035417,1.3866131765440088,-0.22585497996212162,0.6633143447275978,-0.3362948217714412,0.0,0
6142,1.0,-0.4474393634128576,-0.40463580307229685,-1.1226030349758407,-1.022944844703597,2.833611433315728,0.0,0
6143,1.0,1.072765614011096,2.554104533820851,-0.22585497996212162,0.9200878367279147,2.833611433315728,0.0,0
6144,1.0,0.16713152503551218,0.06979152938291926,-0.22585497996212162,1.1103623336355222,2.833611433315728,0.0,0
6145,1.0,0.37233063512814174,-0.7390213325738649,-0.22585497996212162,0.2978125687800764,-0.3362948217714412,0.0,0
6146,1.0,0.5231729561618714,1.3273097599871067,-0.22585497996212162,0.6628289506028335,-0.3362948217714412,0.0,0
6147,1.0,-0.7412694940892113,-0.7976102501361054,0.6708930750515975,1.1176432455069871,2.833611433315728,0.0,0
6148,1.0,-0.657815310558716,-0.5511080969778982,-1.1226030349758407,0.50119270705632,-0.3362948217714412,0.0,0
6149,1.0,-0.3264977391520863,-0.15456115494078235,-0.22585497996212162,-0.39096169426047217,-0.3362948217714412,0.0,0
6150,1.0,1.5501503205489082,0.8978958641955632,0.6708930750515975,1.0331846677979981,-0.3362948217714412,0.0,0
6151,1.0,-0.5852949639078845,-0.6840049099849316,0.6708930750515975,1.6787588537345235,-0.3362948217714412,0.0,0
6152,1.0,2.588106149721241,2.4304962077444165,1.5676411300653166,0.789516817166317,-0.3362948217714412,0.0,1
6153,1.0,-0.32988945998006364,-0.6675714331077178,-1.1226030349758407,0.8846540656201206,-0.3362948217714412,0.0,0
6154,1.0,0.27026661494940224,0.40846405285245607,1.5676411300653166,1.0026048379378465,-0.3362948217714412,0.0,0
6155,1.0,-1.1000332274590787,-0.8704891475915755,0.6708930750515975,1.7802062258102629,-0.3362948217714412,0.0,0
6156,1.0,-0.1897578362978416,-0.6718584270756867,-0.22585497996212162,1.020564420554126,-0.3362948217714412,0.0,0
6157,1.0,0.05056343552660636,0.3362996543916476,-1.1226030349758407,-0.9263514138755002,-0.3362948217714412,0.0,0
6158,1.0,0.9074192236472004,0.0669335334042735,-1.1226030349758407,-0.3142694225477121,-0.3362948217714412,0.0,0
6159,1.0,-0.37857850502379126,-0.4167822859815419,-0.22585497996212162,-0.5530833319317499,-0.3362948217714412,0.0,0
6160,1.0,-1.2055782242770583,-0.9362230551004306,-1.1226030349758407,-1.5258131579594167,-0.3362948217714412,0.0,0
6161,1.0,-0.7757222372365602,-0.8519121737303772,0.6708930750515975,-1.1637091408852451,-0.3362948217714412,0.0,0
6162,1.0,0.36170919358789694,1.741004677896098,-0.22585497996212162,-0.47978881909233984,-0.3362948217714412,1.0,0
6163,1.0,3.61445872342944,2.909210534167601,1.5676411300653166,-0.37494368814324996,-0.3362948217714412,0.0,0
6164,1.0,2.9496368132402475,4.129574817049392,-1.1226030349758407,0.49779494818296977,-0.3362948217714412,0.0,0
6165,1.0,0.9029564330840723,0.14195592784372774,-0.22585497996212162,0.952123848962359,2.833611433315728,0.0,0
6166,1.0,0.09108557383980938,2.0060838049155034,0.6708930750515975,-0.8137399769301815,-0.3362948217714412,0.0,0
6167,1.0,0.38241654180081147,0.5027779201477702,0.6708930750515975,-0.8011197296863096,-0.3362948217714412,0.0,0
6168,1.0,-0.3907619232611309,-0.7833202702428761,-0.22585497996212162,0.543907390035579,-0.3362948217714412,0.0,0
6169,1.0,-0.9599908595881191,-0.821188716959934,1.5676411300653166,-0.9399424493689008,-0.3362948217714412,0.0,0
6170,1.0,-1.2020079918265558,-0.8883516224581122,1.5676411300653166,1.4214999676094418,2.833611433315728,0.0,0
6171,1.0,-0.35006127332540266,-0.1902861046738558,3.361137240092755,1.2520974180666993,2.833611433315728,0.0,0
6172,1.0,-1.1445718772790971,-0.8504831757410543,-0.22585497996212162,-0.9161581372554498,-0.3362948217714412,1.0,0
6173,1.0,-0.6370633344401704,-0.37962833825914544,-0.22585497996212162,0.5070174365534916,-0.3362948217714412,0.0,0
6174,1.0,0.33038040383473777,1.4166221343197904,-1.1226030349758407,0.8540742357599695,2.833611433315728,0.0,0
6175,1.0,1.0320203361697364,2.5491030408582205,-1.1226030349758407,-1.7500652436005253,-0.3362948217714412,0.0,0
6176,1.0,0.21648998866370892,1.1936984479854118,-0.22585497996212162,0.4793499714419263,-0.3362948217714412,0.0,0
6177,1.0,1.3296884667303805,0.2369842941337033,1.5676411300653166,0.40751164097680903,-0.3362948217714412,0.0,0
6178,1.0,-0.6291195672378024,-0.15313215695145938,-0.22585497996212162,0.9555216078357094,-0.3362948217714412,0.0,0
6179,1.0,0.17949345489537694,0.8300184597027235,-0.22585497996212162,-0.2594198864493455,-0.3362948217714412,0.0,0
6180,1.0,0.20359252393626853,-0.3924893201630519,-0.22585497996212162,-1.2166171004845545,-0.3362948217714412,0.0,0
6181,1.0,-0.6924911932342213,-0.2581635091666955,-1.1226030349758407,-1.7393865728557107,-0.3362948217714412,0.0,0
6182,1.0,-1.0765143211913937,-0.8769196385435286,-0.22585497996212162,-0.9865402853462741,-0.3362948217714412,0.0,0
6183,1.0,-0.08738142077968312,0.0054866198633870865,-0.22585497996212162,-0.1798152499879997,2.833611433315728,0.0,0
6184,1.0,0.5909627448157871,0.04049707060179904,0.6708930750515975,0.5041050718049056,-0.3362948217714412,0.0,0
6185,1.0,-0.24335595096100995,-0.486803187458366,-1.1226030349758407,-1.1923473942463392,-0.3362948217714412,1.0,0
6186,1.0,-0.4621665722711804,-0.6054100205721701,-0.22585497996212162,1.3865515906264119,-0.3362948217714412,0.0,0
6187,1.0,-0.0858194440825882,-0.32532641466487366,0.6708930750515975,-1.3981545031464044,-0.3362948217714412,0.0,0
6188,1.0,0.3310498224192069,-0.21100657551903843,-0.22585497996212162,-1.1612821702614238,2.833611433315728,0.0,0
6189,1.0,1.1649668670453228,4.265329626035072,-1.1226030349758407,0.61623111462546,-0.3362948217714412,1.0,0
6190,1.0,-0.206180905570153,-0.3739123463018536,-0.22585497996212162,0.8574719946333198,-0.3362948217714412,0.0,0
6191,1.0,-0.5695413132200423,-0.7233023546913125,-0.22585497996212162,0.7701010521757449,-0.3362948217714412,0.0,0
6192,1.0,1.7527163842092923,2.764881737245984,0.6708930750515975,-1.5224153990860665,-0.3362948217714412,0.0,0
6193,1.0,-0.8542227232419833,-0.030952828864348043,1.5676411300653166,-1.6374538066552067,-0.3362948217714412,0.0,0
6194,1.0,-0.22911964906463134,-0.0731082695493747,-0.22585497996212162,-0.9549896672365943,-0.3362948217714412,0.0,0
6195,1.0,0.4831417248106125,1.7495786658320358,-0.22585497996212162,-1.3263161726812873,2.833611433315728,0.0,0
6196,1.0,-0.5726206387086007,-0.5210991392021165,-0.22585497996212162,0.48517470093909787,-0.3362948217714412,1.0,0
6197,1.0,0.3109672648851305,-0.196716595625809,3.361137240092755,-1.2806891249534427,-0.3362948217714412,0.0,0
6198,1.0,0.47055665542259134,0.09408449520140935,3.361137240092755,0.22548884419019488,-0.3362948217714412,0.0,0
6199,1.0,-0.4166461085272739,0.12623694996117554,0.6708930750515975,0.19539440845480804,-0.3362948217714412,0.0,0
6200,1.0,2.124065186967181,2.2354379822018355,-1.1226030349758407,0.6293367559940964,-0.3362948217714412,0.0,0
6201,1.0,1.067856544391655,0.021920096740600876,0.6708930750515975,-0.4783326367180471,-0.3362948217714412,0.0,0
6202,1.0,-1.3040273840996641,-0.8983546083833727,-0.22585497996212162,-0.6686071336256544,-0.3362948217714412,0.0,0
6203,1.0,-0.032935375909520434,-0.30889293778765986,0.6708930750515975,-1.5020288458459656,2.833611433315728,0.0,0
6204,1.0,-0.12143251277635046,-0.12526669615966202,1.5676411300653166,-0.3793122352661288,-0.3362948217714412,0.0,0
6205,1.0,1.4044848365684075,1.0407956631278574,-0.22585497996212162,0.8846540656201206,-0.3362948217714412,0.0,0
6206,1.0,-1.2685481991227956,-0.9719480048335041,-1.1226030349758407,-0.7414162523403002,-0.3362948217714412,0.0,0
6207,1.0,0.6459889524591564,0.06121754144698177,-0.22585497996212162,-0.5749260675461436,-0.3362948217714412,0.0,0
6208,1.0,-1.2489565485506633,-0.9083575943086334,0.6708930750515975,1.3904347436245266,-0.3362948217714412,0.0,0
6209,1.0,2.3655914122436736,0.865743409435797,0.6708930750515975,-0.398728000256701,2.833611433315728,0.0,0
6210,1.0,0.4074527968599599,0.053358052505705474,-0.22585497996212162,-1.5665862644396185,-0.3362948217714412,0.0,0
6211,1.0,2.20136071952056,0.8564549225051982,0.6708930750515975,-0.6899644751152838,-0.3362948217714412,0.0,0
6212,1.0,-0.7270331921928327,-0.6897209019422235,-1.1226030349758407,0.9254271721003225,-0.3362948217714412,1.0,0
6213,1.0,0.6518352080968542,-0.09811573436252617,-0.22585497996212162,-0.1861253736099355,-0.3362948217714412,0.0,0
6214,1.0,0.2762021263983628,1.095097586722129,-0.22585497996212162,0.43760607671219615,-0.3362948217714412,0.0,0
6215,1.0,-0.7298893781532347,-0.6932933969155308,-1.1226030349758407,-1.011780779834018,-0.3362948217714412,0.0,0
6216,1.0,0.26495589417927984,-0.30746393979833686,1.5676411300653166,-1.2496239009685273,-0.3362948217714412,0.0,0
6217,1.0,-0.645899659755164,0.08122351329750291,-1.1226030349758407,-0.7918972413157879,2.833611433315728,0.0,0
6218,1.0,-0.4489567122043212,-0.3217539196915663,0.6708930750515975,-1.6228919829122774,-0.3362948217714412,0.0,0
6219,1.0,-0.3272117856421868,-0.42678527190680243,-0.22585497996212162,1.2171490410836694,-0.3362948217714412,0.0,0
6220,1.0,-0.6211311721298031,-0.4589377266665686,-0.22585497996212162,-1.3200060490593513,-0.3362948217714412,0.0,0
6221,1.0,0.3446613336367476,0.6735431798718616,1.5676411300653166,-0.637541909640739,-0.3362948217714412,0.0,1
6222,1.0,-1.1261851801590095,-0.8669166526182681,2.464389185079036,-1.7456966964776468,2.833611433315728,0.0,0
6223,1.0,-0.05199149161407731,0.926475823982022,0.6708930750515975,-0.7792769940719159,-0.3362948217714412,0.0,0
6224,1.0,0.22081889550994302,0.8550259245158749,-1.1226030349758407,-0.49386524871050475,-0.3362948217714412,0.0,0
6225,1.0,-1.155862737403811,-0.4053503020669583,-0.22585497996212162,-0.24485806270641636,-0.3362948217714412,0.0,0
6226,1.0,-0.42691052682246844,-0.3832008332324528,-1.1226030349758407,-1.3971837148968758,-0.3362948217714412,0.0,0
6227,1.0,-0.4844805250868209,-0.6718584270756867,-0.22585497996212162,-0.45648990110365334,-0.3362948217714412,1.0,0
6228,1.0,-0.5543678253054067,-0.23029804837489817,-0.22585497996212162,-0.48415736621521865,-0.3362948217714412,0.0,0
6229,1.0,0.2470601040211362,0.798580503937619,-1.1226030349758407,0.5225500485459492,-0.3362948217714412,0.0,0
6230,1.0,1.722458664191284,0.4449035015801912,-1.1226030349758407,-1.3865050441520612,2.833611433315728,0.0,0
6231,1.0,1.1799172154318016,1.2587178564996055,-1.1226030349758407,0.7249593985726647,-0.3362948217714412,0.0,0
6232,1.0,-0.02369739944384506,-0.7211588577073281,-1.1226030349758407,-0.46037305410176765,2.833611433315728,0.0,0
6233,1.0,-0.4498492703169469,0.23841329212302628,-1.1226030349758407,-1.010324597459725,-0.3362948217714412,0.0,0
6234,1.0,-1.0506747638308822,-0.7268748496646199,-1.1226030349758407,0.2332551501864237,-0.3362948217714412,0.0,0
6235,1.0,0.102778085115205,-0.47822919952242826,-0.22585497996212162,-1.3335970845527518,-0.3362948217714412,0.0,1
6236,1.0,-0.30927136757841195,-0.44822024174664654,-1.1226030349758407,0.17889100821282164,-0.3362948217714412,0.0,0
6237,1.0,0.3663951236791815,1.4852140378072916,-1.1226030349758407,-0.35407174077838505,-0.3362948217714412,0.0,0
6238,1.0,-0.5236638262310855,-0.8004682461147513,-0.22585497996212162,0.2376236973093025,-0.3362948217714412,0.0,0
6239,1.0,-0.6434897528510748,-0.4996641693622724,2.464389185079036,1.015710479306483,2.833611433315728,0.0,0
6240,1.0,-0.44998315403384076,-0.42035478095484924,1.5676411300653166,0.619143479374046,-0.3362948217714412,0.0,0
6241,1.0,-1.1621552720978219,-0.8947821134100653,-0.22585497996212162,1.8277748500371649,-0.3362948217714412,0.0,0
6242,1.0,-0.9819477891587095,-0.916931582244571,-1.1226030349758407,0.8322315001455761,-0.3362948217714412,0.0,0
6243,1.0,-0.4523038051266673,-0.3589078674139628,0.6708930750515975,1.5477024400481612,-0.3362948217714412,0.0,0
6244,1.0,2.6143473582324335,1.8267445572554741,-0.22585497996212162,1.0225059970531831,-0.3362948217714412,0.0,0
6245,1.0,-1.3050538259291833,-0.9633740168975664,-1.1226030349758407,1.438003367851428,2.833611433315728,0.0,1
6246,1.0,0.1797612223291646,-0.30889293778765986,0.6708930750515975,0.5341995075402929,-0.3362948217714412,0.0,0
6247,1.0,-0.73948437786396,-0.5546805919512056,-0.22585497996212162,-0.4055235180034013,-0.3362948217714412,0.0,0
6248,1.0,-0.6879391468598307,-0.6347044793532902,0.6708930750515975,0.010459246919607838,-0.3362948217714412,0.0,0
6249,1.0,-0.15878606978973261,-0.10168822933583353,0.6708930750515975,0.43129595309026003,-0.3362948217714412,0.0,0
6250,1.0,-1.202677410411025,-0.8876371234634507,1.5676411300653166,0.6497233092341971,-0.3362948217714412,0.0,0
6251,1.0,-1.126586831309691,-0.844052684789101,0.6708930750515975,-0.3579548937764993,-0.3362948217714412,0.0,0
6252,1.0,0.7862990877639039,2.4262092137764477,0.6708930750515975,0.4283835883416743,2.833611433315728,0.0,0
6253,1.0,-0.6479971713198341,0.22698130820844284,1.5676411300653166,-0.5414338729374065,-0.3362948217714412,0.0,0
6254,1.0,-0.14678116317491807,-0.35533537244065544,-1.1226030349758407,0.45799262995229684,-0.3362948217714412,0.0,0
6255,1.0,-0.3475174827044197,-0.4653682176185219,0.6708930750515975,-1.3685454615357817,-0.3362948217714412,0.0,0
6256,1.0,-0.14512993066656066,-0.3524773764620095,-1.1226030349758407,0.1313223839859199,-0.3362948217714412,0.0,0
6257,1.0,1.2134774004665252,-0.3324714046114884,-1.1226030349758407,0.2648057682961035,-0.3362948217714412,0.0,0
6258,1.0,-0.24366834630042888,0.7049811356369663,0.6708930750515975,-0.35067398190503474,-0.3362948217714412,0.0,0
6259,1.0,-0.3983486672184486,-0.31961042270758194,-1.1226030349758407,1.9068940923737465,-0.3362948217714412,0.0,0
6260,1.0,0.1594108973613005,1.4673515629407548,-0.22585497996212162,0.1958798025795723,-0.3362948217714412,0.0,0
6261,1.0,0.1975231287704145,0.04478406456976778,0.6708930750515975,-0.4152314004986874,-0.3362948217714412,0.0,0
6262,1.0,0.1510208511026197,-0.24173003228948162,-1.1226030349758407,-0.1317612316363334,-0.3362948217714412,0.0,0
6263,1.0,0.4915317710692933,0.8807478883236878,-1.1226030349758407,-0.40164036500528677,-0.3362948217714412,0.0,0
6264,1.0,-0.5458438953298321,-0.7218733567019895,-1.1226030349758407,2.482086130219448,-0.3362948217714412,0.0,0
6265,1.0,0.3016400326081929,0.9357643109126214,-1.1226030349758407,1.0288161206751194,-0.3362948217714412,0.0,0
6266,1.0,0.9095167352118707,0.10337298213200842,-0.22585497996212162,0.5890490436386593,-0.3362948217714412,0.0,0
6267,1.0,-0.6933391234412157,-0.04452830976291587,0.6708930750515975,-0.5661889733003863,-0.3362948217714412,0.0,0
6268,1.0,0.6895457883552868,-0.1595626479034126,1.5676411300653166,0.44974092983130376,-0.3362948217714412,0.0,0
6269,1.0,0.39428756469873205,0.004772120868725496,-1.1226030349758407,-0.2516535804531167,-0.3362948217714412,0.0,0
6270,1.0,-1.1267207150265848,-0.9233620731965242,-0.22585497996212162,-1.2724374248324495,-0.3362948217714412,0.0,0
6271,1.0,-0.3910743186005498,-0.7525968134724328,1.5676411300653166,-0.10991849602193969,-0.3362948217714412,0.0,0
6272,1.0,1.3840452557892806,0.9950677274695231,-1.1226030349758407,-1.6612381187686576,-0.3362948217714412,0.0,0
6273,1.0,0.3225258924436324,1.6581227945153674,-1.1226030349758407,0.2502439445531744,-0.3362948217714412,0.0,0
6274,1.0,-0.4820706181827317,-0.07810976251200503,0.6708930750515975,1.552556381295804,-0.3362948217714412,0.0,0
6275,1.0,0.604931279278378,0.7142696225675653,0.6708930750515975,-0.00507336507284982,-0.3362948217714412,0.0,0
6276,1.0,0.1266540146279404,0.5756568176032402,-0.22585497996212162,-0.42445388886920926,-0.3362948217714412,0.0,0
6277,1.0,-0.29735571677485984,-0.5561095899405286,-1.1226030349758407,-0.3652358056479639,-0.3362948217714412,0.0,0
6278,1.0,-0.6567442408235652,-0.3982053121203436,0.6708930750515975,-1.387961226526354,-0.3362948217714412,0.0,0
6279,1.0,-0.5471381045931393,-0.5589675859191744,-0.22585497996212162,-0.42493928299397354,-0.3362948217714412,0.0,0
6280,1.0,1.750261849399572,2.6705678699506703,-1.1226030349758407,-0.7841309353195589,-0.3362948217714412,0.0,0
6281,1.0,-0.22559404451976006,-0.7454518235258182,-1.1226030349758407,1.2093827350874409,2.833611433315728,0.0,0
6282,1.0,0.3832198441021743,0.9929242304855386,-0.22585497996212162,-0.9792593734748095,-0.3362948217714412,0.0,0
6283,1.0,-1.244806153326954,-0.8662021536236065,-0.22585497996212162,-0.7637443820794583,-0.3362948217714412,0.0,0
6284,1.0,-0.43641627072193123,-0.37176884931786924,-0.22585497996212162,0.8230090117750543,-0.3362948217714412,0.0,0
6285,1.0,-1.0020303466927858,-0.7883217632055063,0.6708930750515975,-0.2764086808160962,-0.3362948217714412,0.0,0
6286,1.0,-0.7521587030632438,-0.4696552115864907,-1.1226030349758407,-0.47105172484658253,-0.3362948217714412,0.0,0
6287,1.0,-0.8355236307824767,-0.6940078959101923,-1.1226030349758407,0.4749814243190475,6.003517688402897,0.0,0
6288,1.0,-0.8303467937292481,-0.640420471310582,0.6708930750515975,-1.8020024149503062,-0.3362948217714412,0.0,0
6289,1.0,-0.9665957896215488,-0.4517927367199539,0.6708930750515975,1.1059937865126435,2.833611433315728,0.0,0
6290,1.0,-0.21046518451075588,0.40417705888448735,-1.1226030349758407,0.262378797672282,-0.3362948217714412,0.0,0
6291,1.0,0.20792143078250291,-0.2946029578944305,1.5676411300653166,-0.8448052009150971,-0.3362948217714412,0.0,0
6292,1.0,-0.9066605123587385,-0.8269047089172258,2.464389185079036,-0.37154592926989993,-0.3362948217714412,0.0,0
6293,1.0,-0.670043356701687,-0.7504533164884484,0.6708930750515975,0.7108829689544998,-0.3362948217714412,0.0,0
6294,1.0,0.4037040527869324,-0.24530252726278898,-0.22585497996212162,-0.2890289280599681,2.833611433315728,0.0,0
6295,1.0,-0.20809990551229812,-0.5796880567643571,0.6708930750515975,-1.0428460038189336,-0.3362948217714412,0.0,0
6296,1.0,-1.0258170203942585,-0.6232724954387067,-0.22585497996212162,0.3939206054834087,-0.3362948217714412,0.0,0
6297,1.0,-0.5989064751254252,-0.7340198396112346,-1.1226030349758407,0.26917431541898235,2.833611433315728,0.0,0
6298,1.0,-0.9326785813417752,-0.8669166526182681,-1.1226030349758407,-1.6311436830332708,2.833611433315728,1.0,0
6299,1.0,2.191899603526728,0.27985423381339153,0.6708930750515975,0.5482759371584578,-0.3362948217714412,0.0,0
6300,1.0,-0.7908957251511958,-0.5253861331700853,-1.1226030349758407,1.9787324228388636,-0.3362948217714412,0.0,0
6301,1.0,-0.643043473794762,-0.4617957226452145,0.6708930750515975,-0.44678201860836725,-0.3362948217714412,0.0,0
6302,1.0,-0.049804724238144506,-0.20814857954039256,-0.22585497996212162,2.4277219882458456,-0.3362948217714412,0.0,0
6303,1.0,1.9485882620249844,0.21769282127784356,-0.22585497996212162,-0.8661625424047265,-0.3362948217714412,0.0,0
6304,1.0,0.03896018006247322,-0.21600806848166876,0.6708930750515975,-1.379709526405361,-0.3362948217714412,0.0,0
6305,1.0,-0.8751085830774229,-0.2988899518623993,-1.1226030349758407,1.603522764396056,-0.3362948217714412,0.0,0
6306,1.0,-1.023005462339488,-0.9105010912926177,-1.1226030349758407,-1.5753233586853757,2.833611433315728,0.0,0
6307,1.0,-0.0299006783265933,-0.29388845889976895,-0.22585497996212162,1.0458049150418698,-0.3362948217714412,0.0,0
6308,1.0,-0.3260068321901423,0.5485058558061043,-1.1226030349758407,-0.6166699622758738,-0.3362948217714412,0.0,0
6309,1.0,-0.040120468716156474,0.0819380122921643,-1.1226030349758407,1.0021194438130823,-0.3362948217714412,0.0,0
6310,1.0,1.3162108392297338,4.5154042741665865,-1.1226030349758407,0.8370854413932192,-0.3362948217714412,0.0,0
6311,1.0,0.08117817878966514,0.26556425392016214,-0.22585497996212162,-0.4666831777237037,-0.3362948217714412,0.0,0
6312,1.0,-0.3721074587072554,0.7621410552098837,0.6708930750515975,0.166756155093714,2.833611433315728,0.0,0
6313,1.0,-0.7322100292460613,-0.23458504234286692,-0.22585497996212162,-1.115169728408815,-0.3362948217714412,0.0,0
6314,1.0,-0.49470031547638416,0.043355066580444995,0.6708930750515975,1.0618229211590917,-0.3362948217714412,0.0,0
6315,1.0,-0.953296673743427,-0.7826057712482145,0.6708930750515975,1.5452754694243394,-0.3362948217714412,0.0,0
6316,1.0,0.0693071558917443,-0.5225281371914394,-1.1226030349758407,-0.5826923735423725,-0.3362948217714412,1.0,0
6317,1.0,-0.6676780777032292,-0.00951785902450392,-0.22585497996212162,-1.39766910902164,-0.3362948217714412,0.0,0
6318,1.0,0.2942764281790316,0.5027779201477702,1.5676411300653166,-0.11914098439246154,-0.3362948217714412,0.0,0
6319,1.0,0.11567554984264514,-0.43393026185341715,-1.1226030349758407,-1.2612733599628705,2.833611433315728,0.0,0
6320,1.0,-0.08907728119367178,-0.02023534394442598,-0.22585497996212162,1.079297109650607,2.833611433315728,0.0,0
6321,1.0,-0.5385695467119334,-0.5846895497269873,0.6708930750515975,-0.43367637723973085,-0.3362948217714412,0.0,0
6322,1.0,-0.10367060633510057,-0.5754010627963883,-0.22585497996212162,-1.2263249829798406,-0.3362948217714412,0.0,0
6323,1.0,-0.3709917610664734,-0.7032963828407914,0.6708930750515975,-1.2370036537246552,-0.3362948217714412,0.0,0
6324,1.0,-1.16139659770209,-0.9676610108655354,-1.1226030349758407,-0.16525342624507053,-0.3362948217714412,0.0,0
6325,1.0,-0.8946556057439239,-0.7547403104564172,-0.22585497996212162,1.2365648060742416,-0.3362948217714412,0.0,0
6326,1.0,0.8683251783141983,-0.3217539196915663,-1.1226030349758407,0.4448869885836607,-0.3362948217714412,0.0,0
6327,1.0,-1.0159096253441142,-0.8254757109279028,-1.1226030349758407,-0.7283106109716639,-0.3362948217714412,0.0,0
6328,1.0,-0.8087468874037081,-0.13026818912229238,1.5676411300653166,1.0807532920248997,-0.3362948217714412,0.0,0
6329,1.0,-0.8939415592538235,-0.8976401093887113,-1.1226030349758407,-0.06429144829409494,-0.3362948217714412,0.0,0
6330,1.0,-0.17404881351563078,-0.746880821515141,-0.22585497996212162,0.4657589359485257,-0.3362948217714412,0.0,0
6331,1.0,3.075487507120459,0.7492800733059775,2.464389185079036,1.2836480361763793,-0.3362948217714412,0.0,0
6332,1.0,1.7592766863370908,0.5792293125765475,-1.1226030349758407,1.5345967986795248,-0.3362948217714412,0.0,0
6333,1.0,-0.2183196959018613,0.9371933089019441,1.5676411300653166,-0.34242228178404166,-0.3362948217714412,0.0,0
6334,1.0,-1.246992920702887,-0.9540855299669674,-0.22585497996212162,1.4928529039497949,-0.3362948217714412,0.0,1
6335,1.0,0.13566885156545908,-0.23887203631083576,-0.22585497996212162,-0.8782973955238341,-0.3362948217714412,0.0,0
6336,1.0,0.38415703012043134,-0.08668375044794273,-0.22585497996212162,-0.31135705779912604,-0.3362948217714412,0.0,0
6337,1.0,-0.6451856132650635,-0.7425938275471723,1.5676411300653166,-1.3015610723183078,-0.3362948217714412,0.0,0
6338,1.0,-0.18792809216695897,-0.25744901017203403,-1.1226030349758407,0.238594485558831,2.833611433315728,0.0,0
6339,1.0,2.4189663873786857,1.239426383643746,-1.1226030349758407,-0.14632305537926257,-0.3362948217714412,0.0,0
6340,1.0,-0.5777974757618293,-0.6554249501984729,-1.1226030349758407,0.9516384548375948,-0.3362948217714412,0.0,0
6341,1.0,0.25786005718390625,-0.20957757752971554,-1.1226030349758407,-0.5312405963173561,-0.3362948217714412,0.0,0
6342,1.0,-0.5517347788731612,-0.5725430668177424,0.6708930750515975,1.9947504289560856,-0.3362948217714412,0.0,0
6343,1.0,0.02976683150242933,-0.09454323938921882,-0.22585497996212162,0.9050406188602214,-0.3362948217714412,1.0,0
6344,1.0,1.6207070393519638,2.45621817155223,-1.1226030349758407,-1.6063885826702913,-0.3362948217714412,0.0,0
6345,1.0,-0.5649892668456516,-0.7168718637393593,1.5676411300653166,1.7374915428310045,-0.3362948217714412,0.0,0
6346,1.0,0.15918775783314404,0.6456777190800642,-0.22585497996212162,0.37304865811854343,-0.3362948217714412,0.0,0
6347,1.0,-0.8725201645508087,-0.04524280875757746,1.5676411300653166,-0.3099008754248333,-0.3362948217714412,0.0,0
6348,1.0,-0.9635164641329904,-0.7454518235258182,-0.22585497996212162,-1.8160788445684708,-0.3362948217714412,0.0,0
6349,1.0,0.07899141141373234,-0.3781993402698225,-0.22585497996212162,1.3588841255148463,2.833611433315728,0.0,0
6350,1.0,-0.5458885232354634,-0.015948349976457037,-0.22585497996212162,-0.36814817039654996,-0.3362948217714412,0.0,0
6351,1.0,-0.09425411824690023,-0.25602001218271103,-0.22585497996212162,0.25849564467416775,-0.3362948217714412,0.0,0
6352,1.0,0.09929710847596496,0.14481392382237368,0.6708930750515975,-0.019149794691014722,-0.3362948217714412,0.0,0
6353,1.0,-0.4384691543809702,-0.4224982779388336,-1.1226030349758407,-0.5210473196973058,-0.3362948217714412,0.0,0
6354,1.0,1.1390826817791795,1.000783719426815,0.6708930750515975,1.4433427032238353,-0.3362948217714412,0.0,0
6355,1.0,-1.0969539019705203,-0.9040706003406646,-1.1226030349758407,-1.4554310098685925,-0.3362948217714412,0.0,0
6356,1.0,2.5179957099744983,1.2551453615262982,0.6708930750515975,1.1836568464749322,2.833611433315728,1.0,0
6357,1.0,-0.7572909122108412,-0.8519121737303772,-1.1226030349758407,-1.1025494811649428,-0.3362948217714412,0.0,0
6358,1.0,-0.6030568703491342,-0.462510221639876,-0.22585497996212162,-1.2646711188362207,-0.3362948217714412,1.0,0
6359,1.0,-0.5230836634578789,-0.6239869944333682,-0.22585497996212162,0.13326396048497688,-0.3362948217714412,0.0,0
6360,1.0,-0.781880888213677,-0.6840049099849316,0.6708930750515975,1.0297869089246479,-0.3362948217714412,0.0,1
6361,1.0,-0.8632821880851335,-0.748309819504464,0.6708930750515975,-0.1371005670087407,-0.3362948217714412,0.0,0
6362,1.0,-0.6170700327173566,0.007630116847371459,-1.1226030349758407,-0.9467379671156011,-0.3362948217714412,0.0,0
6363,1.0,-0.7342182849994691,-0.7583128054297246,-0.22585497996212162,-1.8422901273057433,-0.3362948217714412,0.0,0
6364,1.0,-1.2029451778448126,-0.6568539481877957,-1.1226030349758407,0.9365912369699014,-0.3362948217714412,0.0,0
6365,1.0,0.5810107218600117,-0.13812767806356846,-0.22585497996212162,0.2473315798045886,-0.3362948217714412,0.0,0
6366,1.0,0.09193350404680371,-0.01809184696044161,-0.22585497996212162,-1.077308986677199,-0.3362948217714412,0.0,0
6367,1.0,-0.7297108665307096,-0.27674048302789367,-0.22585497996212162,0.3191699102697056,-0.3362948217714412,0.0,0
6368,1.0,0.3234630784618892,0.007630116847371459,1.5676411300653166,-0.01720821819195745,-0.3362948217714412,0.0,0
6369,1.0,-0.7938411669228603,-0.47537120354378243,1.5676411300653166,-1.169533870382417,-0.3362948217714412,0.0,0
6370,1.0,-0.329934087885695,-0.5025221653409183,-1.1226030349758407,-0.09729824877806781,-0.3362948217714412,0.0,0
6371,1.0,0.04846592396193603,-0.748309819504464,-0.22585497996212162,0.9856160435710962,-0.3362948217714412,0.0,0
6372,1.0,0.7204729269577645,-0.15670465192476674,-1.1226030349758407,-0.43464716548925963,-0.3362948217714412,0.0,0
6373,1.0,-0.9482983483127235,-0.796895751141444,-0.22585497996212162,-1.092841598669657,-0.3362948217714412,0.0,0
6374,1.0,-0.8835878851473662,-0.5010931673515953,-0.22585497996212162,0.6958357510868064,-0.3362948217714412,0.0,0
6375,1.0,-0.31467134415979686,-0.3681963543445619,2.464389185079036,-0.42299770649491625,-0.3362948217714412,0.0,0
6376,1.0,-1.1263190638759033,-0.4303577668801098,-0.22585497996212162,0.009973852794843587,-0.3362948217714412,0.0,0
6377,1.0,-0.621755962808641,-0.5496790989885753,1.5676411300653166,1.343836907647153,-0.3362948217714412,0.0,0
6378,1.0,4.178243055269411,1.3194502710458305,-0.22585497996212162,-1.2806891249534427,-0.3362948217714412,0.0,0
6379,1.0,-0.8815350014883273,-0.6297029863906599,-0.22585497996212162,0.17258088459088555,-0.3362948217714412,0.0,0
6380,1.0,-0.6542450781082135,-0.35033387947802513,1.5676411300653166,-0.20505574447574346,-0.3362948217714412,0.0,0
6381,1.0,-0.018699074013141827,-0.6439929662838894,-0.22585497996212162,0.17840561408805738,-0.3362948217714412,0.0,0
6382,1.0,-0.20729660321093502,-0.196716595625809,-1.1226030349758407,-1.1991429119930395,-0.3362948217714412,0.0,0
6383,1.0,-0.6616086825373749,-0.45107823772529243,-1.1226030349758407,-0.7283106109716639,2.833611433315728,0.0,0
6384,1.0,-1.2611845946936342,-0.6447074652785508,-1.1226030349758407,0.477408394942869,2.833611433315728,1.0,0
6385,1.0,0.9381678506271528,0.20411734037927573,-0.22585497996212162,0.7069998159563853,-0.3362948217714412,0.0,0
6386,1.0,-0.7682247490905051,-0.8640586566396222,-0.22585497996212162,-1.8083125385722418,-0.3362948217714412,0.0,0
6387,1.0,-0.004150376777344028,-0.35533537244065544,-0.22585497996212162,0.47061287719616873,-0.3362948217714412,0.0,0
6388,1.0,0.3289076829489056,0.835019952665354,-1.1226030349758407,-1.4821276867306292,-0.3362948217714412,0.0,0
6389,1.0,-0.9877047889851448,-0.7818912722535531,0.6708930750515975,1.306946954165066,-0.3362948217714412,0.0,0
6390,1.0,0.19837105897740884,-0.33318590360614986,1.5676411300653166,0.36285538149849306,-0.3362948217714412,0.0,0
6391,1.0,1.5031571359191696,0.26127725995219336,-1.1226030349758407,-0.8156815534292388,-0.3362948217714412,0.0,0
6392,1.0,-0.570299987615774,-0.8011827451094128,-1.1226030349758407,0.6138041440016387,-0.3362948217714412,0.0,0
6393,1.0,0.11384580571176275,2.409775736899234,-0.22585497996212162,-1.2520508715923488,-0.3362948217714412,0.0,0
6394,1.0,0.4225816568689643,0.5720843226299328,-0.22585497996212162,-1.3758263734072467,-0.3362948217714412,0.0,0
6395,1.0,-0.5628917552809815,-0.6139840085081076,0.6708930750515975,-0.19777483260427886,-0.3362948217714412,0.0,0
6396,1.0,-0.8569896533911229,-0.701152885856807,1.5676411300653166,-0.28271880443803227,-0.3362948217714412,0.0,0
6397,1.0,-0.5092043848065505,-0.33390040260081133,0.6708930750515975,-0.8156815534292388,-0.3362948217714412,0.0,0
6398,1.0,-0.5362488956191067,-0.2360140403321899,1.5676411300653166,-0.019149794691014722,2.833611433315728,1.0,0
6399,1.0,0.9220571766942603,-0.25244751720940367,-0.22585497996212162,-1.7981192619521915,-0.3362948217714412,1.0,0
6400,1.0,-0.7941981901679106,-0.8033262420933972,-1.1226030349758407,0.8370854413932192,-0.3362948217714412,0.0,0
6401,1.0,0.29307147472698686,0.16124740069958748,-0.22585497996212162,0.46139038882564715,-0.3362948217714412,0.0,1
6402,1.0,1.9536312153613191,0.6599676989732937,-0.22585497996212162,0.7366088575670078,-0.3362948217714412,0.0,0
6403,1.0,-0.5140688265203601,-0.5318166241220386,-0.22585497996212162,-0.9302345668736147,-0.3362948217714412,0.0,0
6404,1.0,-0.49376312945812734,-0.643278467289228,-0.22585497996212162,-0.4293078301168523,-0.3362948217714412,0.0,0
6405,1.0,-0.18386695275451254,-0.4939481774049807,0.6708930750515975,-0.21816138584437958,-0.3362948217714412,0.0,0
6406,1.0,-0.022001539029856403,-0.626844990412014,0.6708930750515975,-0.2594198864493455,-0.3362948217714412,0.0,0
6407,1.0,-0.5960056612593919,-0.6861484069689161,0.6708930750515975,1.015710479306483,-0.3362948217714412,0.0,0
6408,1.0,-0.6905275653864449,-0.7904652601894907,-0.22585497996212162,1.6442958708762578,-0.3362948217714412,0.0,0
6409,1.0,-0.26906162460462774,-0.6975803908834997,-1.1226030349758407,1.2579221475638713,-0.3362948217714412,0.0,0
6410,1.0,-0.6395624971555222,-0.5618255818978203,1.5676411300653166,-0.8409220479169827,-0.3362948217714412,0.0,0
6411,1.0,0.29432105608466286,0.14052692985440496,-0.22585497996212162,-0.28223341031326776,-0.3362948217714412,0.0,0
6412,1.0,-1.0952580415565316,-0.8654876546289451,-1.1226030349758407,0.23519672668548097,-0.3362948217714412,0.0,0
6413,1.0,0.2818698704135354,0.33987214936495497,0.6708930750515975,0.17937640233758587,-0.3362948217714412,0.0,0
6414,1.0,0.47952686445447873,-0.40177780709365096,-1.1226030349758407,-1.7757911322130335,-0.3362948217714412,0.0,0
6415,1.0,-0.4041949228561464,-0.7604563024137091,0.6708930750515975,0.6744784095971766,-0.3362948217714412,0.0,0
6416,1.0,0.5990850236406802,0.42989902269230024,0.6708930750515975,0.050261565150280754,-0.3362948217714412,0.0,0
6417,1.0,-1.1027109017969556,-0.8390511918264707,0.6708930750515975,-0.008471123946200117,-0.3362948217714412,0.0,0
6418,1.0,-0.7755883535196664,0.14910091779034243,-1.1226030349758407,-0.4914382780866832,-0.3362948217714412,0.0,0
6419,1.0,0.937543059948315,0.7056956346316277,-1.1226030349758407,0.9399889958432517,-0.3362948217714412,0.0,0
6420,1.0,0.46475502769052474,0.6235282502455587,-0.22585497996212162,2.038435900184873,-0.3362948217714412,0.0,0
6421,1.0,-0.6757111007168597,0.04692756155375235,-0.22585497996212162,1.173948963979646,-0.3362948217714412,0.0,0
6422,1.0,-0.8952357685171306,-0.8011827451094128,1.5676411300653166,-1.0379920625712904,-0.3362948217714412,0.0,0
6423,1.0,-0.314537460442903,-0.4818016944957356,-1.1226030349758407,-0.40066957675575826,-0.3362948217714412,0.0,0
6424,1.0,-1.2856406869795762,-0.8290482059012102,-0.22585497996212162,-0.234664786086366,-0.3362948217714412,0.0,0
6425,1.0,-0.7785784231969622,-0.049529802725546204,-1.1226030349758407,-1.1802125411272317,-0.3362948217714412,0.0,0
6426,1.0,0.9309827578205165,0.2741382418560998,-0.22585497996212162,0.6623435564780693,-0.3362948217714412,0.0,0
6427,1.0,-0.3202052044580757,-0.2917449619157846,-0.22585497996212162,-1.2083654003635613,-0.3362948217714412,0.0,0
6428,1.0,-1.2937183378988382,-0.9890959807053795,0.6708930750515975,-1.050126915690398,-0.3362948217714412,0.0,0
6429,1.0,-0.8637730950470774,-0.6082680165508159,-1.1226030349758407,0.25655406817511045,2.833611433315728,0.0,0
6430,1.0,1.024790615457469,1.2037014339106724,-1.1226030349758407,-0.20068719735286464,-0.3362948217714412,0.0,0
6431,1.0,0.20609168665162028,-0.24244453128414312,-1.1226030349758407,1.221517588206548,-0.3362948217714412,0.0,0
6432,1.0,-1.0216666251705495,-0.8919241174314195,-0.22585497996212162,1.282677247926851,-0.3362948217714412,0.0,0
6433,1.0,-1.2202161773241182,-0.7197298597180052,-0.22585497996212162,-0.7215150932249637,-0.3362948217714412,0.0,0
6434,1.0,0.04681469145357862,-0.46608271661318335,2.464389185079036,0.6395300326141468,-0.3362948217714412,0.0,0
6435,1.0,0.7101638807569387,3.479380731907454,1.5676411300653166,0.10268413062482583,-0.3362948217714412,0.0,0
6436,1.0,-0.27597894997747635,1.3980451604585924,-0.22585497996212162,0.8302899236465185,-0.3362948217714412,0.0,0
6437,1.0,-1.0147939277033322,-0.698294889878161,-1.1226030349758407,0.2711158919180396,-0.3362948217714412,0.0,0
6438,1.0,-1.00426174197435,-0.7547403104564172,0.6708930750515975,0.2376236973093025,-0.3362948217714412,0.0,0
6439,1.0,1.4537986722909726,3.194295633037528,0.6708930750515975,-0.960814396733766,2.833611433315728,0.0,0
6440,1.0,-1.1524263886702026,-0.9447970430363682,-0.22585497996212162,0.39149363485958716,-0.3362948217714412,0.0,0
6441,1.0,-0.6443823109637005,-0.3160379277342746,1.5676411300653166,1.7515679724491688,-0.3362948217714412,0.0,0
6442,1.0,-0.0493584451818316,-0.643278467289228,0.6708930750515975,0.6555480387313687,-0.3362948217714412,0.0,0
6443,1.0,1.809661591794807,0.6535372080213403,-0.22585497996212162,-0.9627559732328231,-0.3362948217714412,0.0,0
6444,1.0,0.7346646009485117,0.2784252358240686,0.6708930750515975,1.0511442504142772,-0.3362948217714412,0.0,0
6445,1.0,-0.7340397733769438,-0.5196701412127935,-0.22585497996212162,1.3729605551330113,-0.3362948217714412,0.0,0
6446,1.0,-0.6326005438770422,-0.1902861046738558,-1.1226030349758407,-1.1831249058758175,-0.3362948217714412,0.0,0
6447,1.0,-1.1784444576532396,-0.830477203890533,0.6708930750515975,0.16918312571753552,-0.3362948217714412,0.0,0
6448,1.0,0.6298782785262642,1.0729481178876235,1.5676411300653166,-0.7904410589414949,-0.3362948217714412,0.0,0
6449,1.0,-0.03132877130679426,-0.3631948613819316,2.464389185079036,1.0768701390267856,-0.3362948217714412,0.0,0
6450,1.0,-0.6375542414021145,-0.7032963828407914,-1.1226030349758407,-1.1899204236225178,-0.3362948217714412,0.0,0
6451,1.0,-0.3422513898399285,-0.2910304629211231,4.257885295106474,1.37053358450919,-0.3362948217714412,0.0,0
6452,1.0,0.5094275612274369,-0.08739824944260412,-0.22585497996212162,-0.6749172572475904,2.833611433315728,0.0,0
6453,1.0,-1.1004795065153916,-0.8840646284901433,0.6708930750515975,-0.9307199609983791,-0.3362948217714412,0.0,0
6454,1.0,-0.4869796878021726,0.40274806089516435,0.6708930750515975,-0.7622881997051653,2.833611433315728,0.0,1
6455,1.0,0.5140242355074587,1.7117102191149778,-1.1226030349758407,1.53071364568141,-0.3362948217714412,0.0,0
6456,1.0,0.006917343819213472,0.3220096744984182,-1.1226030349758407,-0.29291208105808264,-0.3362948217714412,0.0,0
6457,1.0,0.8195468774592082,1.2794383273447882,-0.22585497996212162,-1.1705046586319456,2.833611433315728,0.0,0
6458,1.0,1.0749077534813976,1.0986700816954365,1.5676411300653166,-0.14583766125449832,-0.3362948217714412,0.0,0
6459,1.0,2.2488001832066113,0.25055977503227134,-0.22585497996212162,-0.18078603823752817,2.833611433315728,0.0,0
6460,1.0,-0.9515115575181758,-0.7140138677607134,0.6708930750515975,1.0094003556845472,2.833611433315728,1.0,0
6461,1.0,0.9701214310591498,0.4391875096228993,-0.22585497996212162,0.12986620161162685,-0.3362948217714412,0.0,0
6462,1.0,0.634921231862599,0.16553439466755623,0.6708930750515975,1.003090232062611,2.833611433315728,0.0,0
6463,1.0,0.23019075569251213,1.496646021721875,1.5676411300653166,0.4147925528482736,-0.3362948217714412,0.0,0
6464,1.0,0.051500621544863165,-0.7032963828407914,-1.1226030349758407,-0.46813936009799645,-0.3362948217714412,0.0,0
6465,1.0,0.683699532717589,0.6406762261174339,1.5676411300653166,0.7943707584139602,2.833611433315728,0.0,0
6466,1.0,1.0484880333476794,3.0692583089717713,-1.1226030349758407,-1.4534894333695352,-0.3362948217714412,0.0,0
6467,1.0,-1.030145927240493,-0.9176460812392324,-1.1226030349758407,-1.0841045044238993,-0.3362948217714412,0.0,0
6468,1.0,-0.7938411669228603,-0.8140437270133193,2.464389185079036,-0.48561354858951167,-0.3362948217714412,0.0,0
6469,1.0,0.49675323602815297,-0.39606181513635924,0.6708930750515975,-1.1763293881291172,2.833611433315728,0.0,0
6470,1.0,-0.4140130620950283,-0.2824564749851855,0.6708930750515975,-0.6045351091567662,-0.3362948217714412,0.0,0
6471,1.0,-0.8041502131236862,-0.18742810869520993,0.6708930750515975,1.6739049124868806,-0.3362948217714412,0.0,0
6472,1.0,-0.7952692599030612,0.14695742080635807,-1.1226030349758407,-1.128275369777451,2.833611433315728,0.0,0
6473,1.0,-0.17079097640454718,1.35803321675755,0.6708930750515975,0.9487260900890088,-0.3362948217714412,0.0,1
6474,1.0,-0.7131985414471357,-0.6632844391397491,1.5676411300653166,-0.5428900553116995,-0.3362948217714412,0.0,0
6475,1.0,-0.6193014279989206,-0.8147582260079808,-1.1226030349758407,0.5007073129315558,2.833611433315728,0.0,0
6476,1.0,1.1011043340869595,0.970774761651033,-0.22585497996212162,-0.5720137027975578,-0.3362948217714412,0.0,0
6477,1.0,-1.0242550436971638,-0.7790332762749073,1.5676411300653166,1.4195583911103848,-0.3362948217714412,0.0,0
6478,1.0,-0.6669640312131285,-0.5546805919512056,2.464389185079036,-0.6860813221171695,-0.3362948217714412,0.0,0
6479,1.0,0.4634608184272175,1.6016773739371115,-0.22585497996212162,-0.4521213539807746,-0.3362948217714412,0.0,0
6480,1.0,-0.7243108899493247,-0.6654279361237335,-0.22585497996212162,-0.3074739048010118,-0.3362948217714412,0.0,0
6481,1.0,-0.7003903325309581,-0.5496790989885753,-0.22585497996212162,-0.3696043527708427,-0.3362948217714412,0.0,0
6482,1.0,0.6118486046512266,3.0914077778062765,-1.1226030349758407,-0.5137664078258413,-0.3362948217714412,0.0,0
6483,1.0,-0.9196472328974413,-0.6518524552251656,-1.1226030349758407,1.3860661965016476,-0.3362948217714412,0.0,0
6484,1.0,-0.879571373640551,-0.19600209663114762,1.5676411300653166,0.7574808049318728,-0.3362948217714412,0.0,0
6485,1.0,-0.608099823685469,-0.43393026185341715,0.6708930750515975,0.7249593985726647,-0.3362948217714412,0.0,0
6486,1.0,0.333102706078246,-0.20600508255640818,-0.22585497996212162,-1.4112601445150408,-0.3362948217714412,0.0,0
6487,1.0,0.8905945032242075,0.4370440126389149,-0.22585497996212162,-1.6636650893924791,-0.3362948217714412,0.0,0
6488,1.0,1.2270889116840658,-0.40392130407763543,-1.1226030349758407,-0.005558759197614071,-0.3362948217714412,0.0,0
6489,1.0,4.259822866763393,1.982505338091675,0.6708930750515975,-0.02982846543582933,-0.3362948217714412,0.0,0
6490,1.0,-0.005980120908226658,-0.25602001218271103,-0.22585497996212162,0.7006896923344494,2.833611433315728,0.0,0
6491,1.0,-1.2184756890044983,-0.9698045078495198,0.6708930750515975,0.24199224443218129,-0.3362948217714412,0.0,0
6492,1.0,-0.7607272609444499,-0.14670166599950615,-0.22585497996212162,0.3958621819824659,-0.3362948217714412,1.0,0
6493,1.0,-1.198705526809841,-0.856199167698346,0.6708930750515975,0.13714711348309144,-0.3362948217714412,0.0,0
6494,1.0,1.0027444300756165,-0.6475654612571967,-0.22585497996212162,2.052512329803038,-0.3362948217714412,0.0,0
6495,1.0,1.2203500979337423,-0.3460468855100563,-0.22585497996212162,-0.07302854253985254,-0.3362948217714412,0.0,0
6496,1.0,-0.6117593119472341,-0.626844990412014,-1.1226030349758407,0.49488258343438424,-0.3362948217714412,0.0,0
6497,1.0,-0.6804416587137755,-0.6254159924226912,-0.22585497996212162,0.8812563067467708,-0.3362948217714412,0.0,0
6498,1.0,-1.3345082436458289,-0.9683755098601967,-1.1226030349758407,-0.9913942265939172,-0.3362948217714412,0.0,0
6499,1.0,0.7320761824218974,1.3280242589817683,-0.22585497996212162,0.9885284083196817,-0.3362948217714412,0.0,0
6500,1.0,2.8437347931772177,1.2458568745956993,-1.1226030349758407,0.8652383006295484,-0.3362948217714412,0.0,0
6501,1.0,-0.7731784466155772,-0.3389018955634416,1.5676411300653166,0.42692740596738127,-0.3362948217714412,0.0,0
6502,1.0,-0.4358807358543558,-0.47822919952242826,-1.1226030349758407,-0.5739552792966152,2.833611433315728,0.0,0
6503,1.0,0.1463795489169664,-0.11383471224507857,-1.1226030349758407,-0.2744671043170389,-0.3362948217714412,0.0,0
6504,1.0,-0.4787681531660169,-0.6690004310970408,-1.1226030349758407,0.8535888416352053,-0.3362948217714412,0.0,0
6505,1.0,0.37246451884503573,0.4063205558684717,-0.22585497996212162,-0.33805373466116284,-0.3362948217714412,0.0,0
6506,1.0,0.4390939819525382,-0.2981754528677378,1.5676411300653166,0.061911024144624134,-0.3362948217714412,0.0,0
6507,1.0,-0.32846136699986267,-0.21958056345497612,-0.22585497996212162,-0.06429144829409494,-0.3362948217714412,0.0,0
6508,1.0,0.2551377549403981,0.24913077704294834,0.6708930750515975,0.1012279482505328,-0.3362948217714412,1.0,0
6509,1.0,-0.3222580881171147,-0.5811170547536799,-1.1226030349758407,1.7370061487062396,-0.3362948217714412,0.0,0
6510,1.0,1.525917367791123,2.4726516484294434,-0.22585497996212162,0.27888219791426844,-0.3362948217714412,0.0,0
6511,1.0,-0.8314624913700301,-0.8797776345221745,1.5676411300653166,1.9466964106044193,-0.3362948217714412,0.0,0
6512,1.0,-1.0743275538154609,-0.7897507611948292,-0.22585497996212162,1.622938529386628,-0.3362948217714412,0.0,0
6513,1.0,-0.24915757869307653,0.7800035300764205,-0.22585497996212162,1.081238686149664,-0.3362948217714412,0.0,0
6514,1.0,-0.37759669109990307,-0.47822919952242826,-1.1226030349758407,1.3127716836622376,2.833611433315728,0.0,0
6515,1.0,0.6035031862981771,1.1751214741242135,-1.1226030349758407,-0.4885259133380975,-0.3362948217714412,0.0,0
6516,1.0,0.829231132981196,0.3441591433329239,-1.1226030349758407,-1.252536265717113,2.833611433315728,0.0,0
6517,1.0,-0.239384067359826,-0.5375326160793303,0.6708930750515975,-1.7563753672224613,-0.3362948217714412,0.0,0
6518,1.0,1.0540665215515896,0.7642845521938683,-1.1226030349758407,0.8380562296427476,-0.3362948217714412,0.0,0
6519,1.0,-1.1055224598517264,-0.891209618436758,-0.22585497996212162,0.4749814243190475,-0.3362948217714412,0.0,0
6520,1.0,0.606180860636054,-0.11026221727177123,0.6708930750515975,-1.1049764517887644,-0.3362948217714412,0.0,0
6521,1.0,-0.31833083242156196,-0.8040407410880587,-0.22585497996212162,1.3632526726377252,-0.3362948217714412,0.0,0
6522,1.0,0.13615975852740322,-0.4074937990509428,0.6708930750515975,1.6151722233903996,-0.3362948217714412,0.0,0
6523,1.0,-0.1889545339964785,0.14910091779034243,0.6708930750515975,-0.09535667227901053,-0.3362948217714412,0.0,0
6524,1.0,-0.9702999057889451,-0.8469106807677469,3.361137240092755,0.3249946397668774,2.833611433315728,0.0,0
6525,1.0,0.9281265718601146,1.136538528412494,-0.22585497996212162,-0.46377081297511796,-0.3362948217714412,0.0,0
6526,1.0,-0.7682247490905051,-0.49609167438896506,0.6708930750515975,-0.11962637851722578,-0.3362948217714412,0.0,0
6527,1.0,-0.16829181368919544,0.5935192924697769,-1.1226030349758407,1.7627320373187483,2.833611433315728,0.0,0
6528,1.0,-0.9133993261090618,-0.4775147005277668,0.6708930750515975,-0.7652005644537512,-0.3362948217714412,0.0,0
6529,1.0,0.369965356129684,0.25055977503227134,-0.22585497996212162,0.7094267865802065,-0.3362948217714412,0.0,0
6530,1.0,2.932856720722886,2.711294312646374,-0.22585497996212162,2.2845307214403756,-0.3362948217714412,1.0,0
6531,1.0,-0.433203061516479,-0.5218136381967781,-0.22585497996212162,-0.9443109964917795,-0.3362948217714412,0.0,0
6532,1.0,0.4444493306282919,0.2991457066692513,0.6708930750515975,-0.4205707358710947,-0.3362948217714412,0.0,0
6533,1.0,-0.9741825335788665,-0.7054398798247757,-1.1226030349758407,-1.1433225876451445,-0.3362948217714412,0.0,0
6534,1.0,-0.6946779606101541,0.34773163830623127,-1.1226030349758407,-0.5822069794176082,-0.3362948217714412,0.0,0
6535,1.0,-0.30007801901836806,-0.36962535233388477,-1.1226030349758407,1.4758641095830438,-0.3362948217714412,0.0,0
6536,1.0,0.7013721833475762,-0.5889765436949561,1.5676411300653166,1.0288161206751194,-0.3362948217714412,0.0,0
6537,1.0,0.12330692170559433,-0.4346447608480786,-1.1226030349758407,-0.6215239035235168,-0.3362948217714412,0.0,0
6538,1.0,0.3887983323060844,-0.6439929662838894,0.6708930750515975,0.6958357510868064,-0.3362948217714412,0.0,0
6539,1.0,-1.1131538317146754,-0.6847194089795933,-0.22585497996212162,-0.28951432218473233,6.003517688402897,0.0,0
6540,1.0,-1.1928146432665119,-0.8083277350560275,-1.1226030349758407,-0.07497011903890982,-0.3362948217714412,0.0,0
6541,1.0,5.029564983091727,1.905339446668236,-1.1226030349758407,0.5254624132945354,-0.3362948217714412,0.0,0
6542,1.0,-1.1272562498941603,-0.9490840370043372,-0.22585497996212162,2.0025167349523145,-0.3362948217714412,0.0,0
6543,1.0,0.07725092309411219,-0.07668076452268205,-0.22585497996212162,-0.6142429916520523,-0.3362948217714412,0.0,0
6544,1.0,-0.4304361313673396,-0.5996940286148782,0.6708930750515975,0.35266210487844274,2.833611433315728,0.0,0
6545,1.0,0.17993973395168983,0.2691367488934695,-1.1226030349758407,-0.5569664849298644,-0.3362948217714412,1.0,0
6546,1.0,0.8059353662416675,1.1058150716420512,1.5676411300653166,-0.32834585216587675,-0.3362948217714412,0.0,0
6547,1.0,-0.08840786260920241,0.021920096740600876,-1.1226030349758407,-0.15797251437360596,-0.3362948217714412,0.0,0
6548,1.0,-0.6802631470912504,-0.821188716959934,-1.1226030349758407,-0.06234987179503794,-0.3362948217714412,0.0,0
6549,1.0,0.1537431533461279,-0.08454025346395816,1.5676411300653166,1.5156664278137169,-0.3362948217714412,0.0,0
6550,1.0,0.0963962946099318,-0.746880821515141,1.5676411300653166,-0.42348310061968053,-0.3362948217714412,0.0,0
6551,1.0,0.2131875236469941,-0.14241467203153732,-1.1226030349758407,-0.2851457750618538,-0.3362948217714412,0.0,0
6552,1.0,-1.0407673687807377,-0.9012126043620187,-0.22585497996212162,1.477805686082101,-0.3362948217714412,0.0,0
6553,1.0,-0.04110228264004478,1.4337701101916658,0.6708930750515975,0.9074675894840432,-0.3362948217714412,0.0,0
6554,1.0,0.475778120381451,0.15553140874229576,-0.22585497996212162,0.37450484049283644,-0.3362948217714412,0.0,0
6555,1.0,-0.16119597669382163,-0.11383471224507857,-0.22585497996212162,-0.7530657113346435,-0.3362948217714412,0.0,0
6556,1.0,-0.4323551313094847,-0.3860588292110987,-0.22585497996212162,-0.9161581372554498,-0.3362948217714412,0.0,0
6557,1.0,-0.2392055557373008,-0.29388845889976895,-1.1226030349758407,-0.6084182621548807,-0.3362948217714412,0.0,0
6558,1.0,-0.21773953312865466,0.2134058273098748,-0.22585497996212162,-1.327286960930816,-0.3362948217714412,0.0,0
6559,1.0,0.13981924678916824,-0.3460468855100563,0.6708930750515975,1.1176432455069871,-0.3362948217714412,0.0,0
6560,1.0,0.13647215386682215,-0.3446178875207334,-0.22585497996212162,-1.2486531127189988,-0.3362948217714412,0.0,0
6561,1.0,0.8617202482807687,-0.24173003228948162,-0.22585497996212162,0.6468109444856116,-0.3362948217714412,0.0,0
6562,1.0,-1.169608132338246,-0.8783486365328516,0.6708930750515975,-1.1991429119930395,-0.3362948217714412,0.0,0
6563,1.0,1.4731671833349487,1.2187059127985633,-0.22585497996212162,-0.9511065142384798,-0.3362948217714412,0.0,0
6564,1.0,0.8185204356296887,0.20911883334190606,-0.22585497996212162,-0.8418928361665112,2.833611433315728,0.0,0
6565,1.0,0.3882181695328778,-0.5646835778764662,-1.1226030349758407,1.2142366763350838,-0.3362948217714412,0.0,0
6566,1.0,-0.12000441979614951,-0.17956861975393373,0.6708930750515975,-1.3554398201671456,2.833611433315728,0.0,0
6567,1.0,0.25839559205148166,0.1126614690626075,0.6708930750515975,0.20170453207674385,-0.3362948217714412,0.0,0
6568,1.0,0.7471157866196392,1.6138238568463563,1.5676411300653166,2.0165931645704798,-0.3362948217714412,0.0,0
6569,1.0,0.973468523981496,1.94606588936394,0.6708930750515975,0.41964649409591664,-0.3362948217714412,0.0,0
6570,1.0,0.1780207340095447,-0.15384665594612085,0.6708930750515975,-0.5336675669411777,-0.3362948217714412,0.0,0
6571,1.0,-0.7032911463969913,-0.4846596904743815,-0.22585497996212162,-0.7326791580945426,-0.3362948217714412,0.0,0
6572,1.0,0.5957825586239653,-0.004516366061873584,1.5676411300653166,0.8657236947543127,-0.3362948217714412,0.0,0
6573,1.0,-0.38625450479237156,-0.5025221653409183,-0.22585497996212162,-0.34242228178404166,-0.3362948217714412,0.0,0
6574,1.0,-0.8540442116194583,-0.7004383868621455,-0.22585497996212162,0.37693181111665797,-0.3362948217714412,0.0,0
6575,1.0,0.20033468682518518,-0.12883919113296938,-1.1226030349758407,0.7079706042059137,-0.3362948217714412,0.0,0
6576,1.0,2.5427195696942277,0.29485871270128233,-0.22585497996212162,-0.543860843561228,-0.3362948217714412,0.0,0
6577,1.0,-0.15508195362233637,0.45133399253214435,1.5676411300653166,1.3603403078891392,-0.3362948217714412,0.0,0
6578,1.0,-0.9248240699506698,-0.8876371234634507,-1.1226030349758407,-0.6521037333836682,-0.3362948217714412,0.0,0
6579,1.0,-1.0920002044454482,-0.8240467129385798,-0.22585497996212162,0.14831117835267058,-0.3362948217714412,0.0,0
6580,1.0,-0.9722635336367215,-0.5239571351807624,1.5676411300653166,0.855045024009498,-0.3362948217714412,0.0,0
6581,1.0,0.3947784716606762,0.8035819969002492,-1.1226030349758407,-1.2666126953352779,-0.3362948217714412,0.0,0
6582,1.0,0.7127076713779217,0.5906612964911312,1.5676411300653166,0.1847157377099932,-0.3362948217714412,0.0,0
6583,1.0,-0.2843243683305259,-0.2267255534015908,-0.22585497996212162,-0.6045351091567662,-0.3362948217714412,0.0,0
6584,1.0,0.5320092814768651,0.6078092723630063,-1.1226030349758407,-0.6035643209072377,-0.3362948217714412,0.0,0
6585,1.0,2.096708280815206,0.10908897408930016,-1.1226030349758407,-0.21816138584437958,-0.3362948217714412,0.0,0
6586,1.0,-0.8716276064381829,-0.7290183466486042,-0.22585497996212162,-0.00021942382520676816,-0.3362948217714412,0.0,0
6587,1.0,-1.1451520400523039,-0.9126445882766021,-1.1226030349758407,0.08278297150948936,-0.3362948217714412,0.0,0
6588,1.0,-0.8413698864201745,-0.7032963828407914,-0.22585497996212162,-1.9350004051357255,2.833611433315728,0.0,0
6589,1.0,-0.7109671461655717,-0.6547104512038114,0.6708930750515975,-0.9278075962497933,-0.3362948217714412,0.0,0
6590,1.0,0.18292980362898548,-0.10383172631981791,-1.1226030349758407,0.9074675894840432,-0.3362948217714412,0.0,0
6591,1.0,-0.4136114109443467,-0.19600209663114762,-1.1226030349758407,1.0098857498093115,-0.3362948217714412,0.0,0
6592,1.0,-0.6584401012375539,-0.4467912437573236,-0.22585497996212162,-1.1166259107831078,-0.3362948217714412,0.0,0
6593,1.0,0.6467922547605195,-0.36390936037659305,2.464389185079036,0.8045640350340105,-0.3362948217714412,0.0,0
6594,1.0,-0.4814011995982625,-0.21386457149768429,-1.1226030349758407,1.0831802626487215,-0.3362948217714412,0.0,0
6595,1.0,-0.46988719994539196,-0.6532814532144884,-1.1226030349758407,-0.9278075962497933,-0.3362948217714412,0.0,0
6596,1.0,-0.43788899160776357,-0.4532217347092768,-0.22585497996212162,-1.438927609626606,2.833611433315728,0.0,0
6597,1.0,1.4278252312135673,0.5399318678701666,0.6708930750515975,0.15898984909748518,-0.3362948217714412,0.0,0
6598,1.0,-0.7829073300431965,-0.7697447893443081,-0.22585497996212162,1.514210245439424,-0.3362948217714412,0.0,0
6599,1.0,3.750216812359796,0.8293039607080621,0.6708930750515975,1.1487084694919023,-0.3362948217714412,0.0,0
6600,1.0,0.7964742502478359,2.716295805609005,-1.1226030349758407,1.2817064596773218,-0.3362948217714412,0.0,0
6601,1.0,-0.25960050861079614,-0.4060648010616198,-1.1226030349758407,0.46139038882564715,-0.3362948217714412,0.0,0
6602,1.0,1.1431884490972577,-0.4396462538107089,1.5676411300653166,-0.6535599157579609,2.833611433315728,0.0,0
6603,1.0,-0.6785226587716303,-0.5618255818978203,-0.22585497996212162,-1.570954811562497,-0.3362948217714412,0.0,0
6604,1.0,1.9376990530509521,-0.09097074441591146,-1.1226030349758407,0.23131357368736644,-0.3362948217714412,0.0,0
6605,1.0,0.4047751225220832,-0.3446178875207334,-0.22585497996212162,-0.7025847223591557,-0.3362948217714412,0.0,0
6606,1.0,0.49465572446348294,-0.31961042270758194,0.6708930750515975,-0.6987015693610414,-0.3362948217714412,0.0,0
6607,1.0,-0.2211758818622632,-0.6032665235881856,0.6708930750515975,1.4336348207285492,-0.3362948217714412,0.0,0
6608,1.0,0.3139127066567951,1.5423739573802093,0.6708930750515975,0.7531122578089939,-0.3362948217714412,0.0,1
6609,1.0,-0.0685930725089137,-0.0888272474319271,-1.1226030349758407,0.3924644231091156,-0.3362948217714412,0.0,1
6610,1.0,-0.42356343390012235,-0.5732575658124038,-1.1226030349758407,1.206955764463619,-0.3362948217714412,0.0,0
6611,1.0,-1.182505597065686,-0.8369076948424863,-1.1226030349758407,-0.9229536550021502,-0.3362948217714412,0.0,0
6612,1.0,2.959588836196023,2.8377606347014543,-0.22585497996212162,0.10559649537341159,-0.3362948217714412,0.0,0
6613,1.0,0.16967531565649516,-0.4532217347092768,-0.22585497996212162,-1.2738936072067426,-0.3362948217714412,0.0,0
6614,1.0,0.6744169283462824,0.5127809060730307,-0.22585497996212162,1.4525651915943572,-0.3362948217714412,0.0,0
6615,1.0,-1.1197141338424736,-0.9576580249402747,-0.22585497996212162,0.23034278543783793,-0.3362948217714412,0.0,0
6616,1.0,1.200490679927822,2.7655962362406457,-0.22585497996212162,-0.8603378129075547,-0.3362948217714412,0.0,1
6617,1.0,1.1492578442631114,-0.34961938048336366,-0.22585497996212162,-0.016237429942428945,2.833611433315728,1.0,0
6618,1.0,-0.13740930299234896,-0.4760857025384439,-1.1226030349758407,-0.6972453869867484,-0.3362948217714412,0.0,0
6619,1.0,-0.8360145377444208,-0.6289884873959986,0.6708930750515975,0.5769141905195513,2.833611433315728,0.0,0
6620,1.0,1.1525603092798262,1.693847744248441,-1.1226030349758407,-0.8695603012780766,-0.3362948217714412,0.0,0
6621,1.0,0.11032020116689148,-0.07453726753869769,-1.1226030349758407,1.4506236150953,-0.3362948217714412,0.0,0
6622,1.0,2.4257944569402716,1.2022724359213497,0.6708930750515975,-0.10700613127335391,-0.3362948217714412,0.0,0
6623,1.0,-0.8522590953942071,-0.7004383868621455,-1.1226030349758407,-1.9350004051357255,-0.3362948217714412,0.0,0
6624,1.0,1.7336156405991043,0.5027779201477702,-0.22585497996212162,-1.6588111481448362,-0.3362948217714412,0.0,0
6625,1.0,-1.1927253874552495,-0.8047552400827201,-0.22585497996212162,-0.9705222792290521,-0.3362948217714412,0.0,0
6626,1.0,-0.4662723395892582,-0.6990093888728226,-0.22585497996212162,-0.8928592192667633,-0.3362948217714412,0.0,0
6627,1.0,-0.5060358035067296,-0.40463580307229685,-0.22585497996212162,0.5846804965157805,-0.3362948217714412,0.0,0
6628,1.0,-1.2335152932022402,-0.796895751141444,-1.1226030349758407,-0.18952313248328578,-0.3362948217714412,0.0,0
6629,1.0,-1.0450070198157093,-0.7211588577073281,-0.22585497996212162,1.4540213739686505,-0.3362948217714412,0.0,0
6630,1.0,-0.7519355635350875,-0.6968658918888382,-0.22585497996212162,-0.047302653927344264,-0.3362948217714412,0.0,0
6631,1.0,0.3436795197128596,0.6721141818825387,-1.1226030349758407,-0.28951432218473233,-0.3362948217714412,0.0,1
6632,1.0,0.08733682976678189,-0.5368181170846689,0.6708930750515975,0.19490901433004382,-0.3362948217714412,0.0,0
6633,1.0,0.3139127066567951,0.041211569596460426,1.5676411300653166,0.7055436335820925,-0.3362948217714412,0.0,0
6634,1.0,-1.052727647489921,-0.8697746485969139,-1.1226030349758407,-0.30067838705431144,-0.3362948217714412,0.0,0
6635,1.0,0.07118152792825817,0.7921500129856658,-0.22585497996212162,0.2759698331656827,-0.3362948217714412,0.0,0
6636,1.0,-0.3842462490389638,-0.031667327859009435,-0.22585497996212162,0.378387993490951,-0.3362948217714412,0.0,0
6637,1.0,-1.2720291757620354,-0.9426535460523839,-0.22585497996212162,-0.7433578288393574,-0.3362948217714412,0.0,0
6638,1.0,3.11730385469697,0.3684521091514138,1.5676411300653166,-1.1962305472444537,-0.3362948217714412,0.0,0
6639,1.0,-0.10813339689822866,-0.4760857025384439,-1.1226030349758407,1.29723907166978,2.833611433315728,0.0,0
6640,1.0,0.874930108347628,-0.26173600414000286,-0.22585497996212162,1.1919085465959256,-0.3362948217714412,0.0,0
6641,1.0,0.029454436163010397,-0.7661722943710008,-1.1226030349758407,-0.0919589134056605,-0.3362948217714412,0.0,0
6642,1.0,-0.6491128689606162,-0.49180468042099623,0.6708930750515975,-0.9360592963707863,-0.3362948217714412,0.0,0
6643,1.0,-0.3451075758003305,-0.1359841810795841,-0.22585497996212162,-0.08710497215801745,-0.3362948217714412,0.0,0
6644,1.0,-0.9476289297282544,-0.8769196385435286,-0.22585497996212162,-1.0044998679625532,-0.3362948217714412,0.0,0
6645,1.0,-0.5063928267517798,-0.2910304629211231,-0.22585497996212162,-0.6336587566426245,-0.3362948217714412,0.0,0
6646,1.0,1.3207182576984933,0.3091486925945118,0.6708930750515975,-1.39427135014829,-0.3362948217714412,1.0,0
6647,1.0,0.7344414614203555,0.11980645900922221,0.6708930750515975,0.4822623361905121,-0.3362948217714412,0.0,0
6648,1.0,0.12669864253357166,0.43490051565493054,-0.22585497996212162,0.450226323956068,-0.3362948217714412,0.0,0
6649,1.0,-0.622693148826898,-0.7018673848514684,-0.22585497996212162,1.9389301046081908,-0.3362948217714412,0.0,0
6650,1.0,0.010353692552822277,-0.555395090945867,0.6708930750515975,0.5584692137785082,-0.3362948217714412,0.0,0
6651,1.0,-0.4894788505175243,-0.5896910426896177,-0.22585497996212162,0.6128333557521103,-0.3362948217714412,0.0,0
6652,1.0,0.4594889348260336,0.48205744930258754,-0.22585497996212162,1.4307224559799636,-0.3362948217714412,0.0,0
6653,1.0,-1.0923572276904985,-0.7633142983923548,-0.22585497996212162,0.31674293964588407,-0.3362948217714412,0.0,0
6654,1.0,-0.3036482514688705,-0.21672256747633026,-1.1226030349758407,-0.19631865022998585,-0.3362948217714412,0.0,0
6655,1.0,-1.13247771485302,-0.879063135527513,-0.22585497996212162,0.8419393826408622,-0.3362948217714412,0.0,0
6656,1.0,0.5198704911451566,3.5279666635444347,-0.22585497996212162,-0.7710252939509227,-0.3362948217714412,0.0,0
6657,1.0,-0.26250132247682956,-0.4224982779388336,0.6708930750515975,-0.7249128520983138,-0.3362948217714412,0.0,0
6658,1.0,0.15891999039935636,-0.45536523169326126,0.6708930750515975,1.4341202148533139,-0.3362948217714412,0.0,0
6659,1.0,-1.1717948997141787,-0.8240467129385798,-0.22585497996212162,1.2967536775450152,-0.3362948217714412,0.0,1
6660,1.0,-1.2010261779026674,-0.9755204998068114,-0.22585497996212162,-0.15117699662690562,-0.3362948217714412,0.0,0
6661,1.0,-0.10831190852075388,-0.34961938048336366,-1.1226030349758407,-1.9005374222774598,-0.3362948217714412,0.0,0
6662,1.0,-0.3192680184398188,-0.5532515939618826,1.5676411300653166,1.6467228415000792,-0.3362948217714412,0.0,0
6663,1.0,-0.8354790028768454,-0.7004383868621455,2.464389185079036,-0.12399492564010459,-0.3362948217714412,0.0,0
6664,1.0,0.4039718202207201,1.3794681865973941,-0.22585497996212162,0.1162751661182262,-0.3362948217714412,0.0,0
6665,1.0,-0.8132543058724675,0.11337596805726889,0.6708930750515975,0.36285538149849306,-0.3362948217714412,0.0,0
6666,1.0,0.5151399331482408,-0.2281545513909137,0.6708930750515975,-1.6903617662545158,-0.3362948217714412,0.0,0
6667,1.0,-0.6844135423149595,-0.6454219642732123,-1.1226030349758407,0.2881046862847903,-0.3362948217714412,0.0,0
6668,1.0,0.6333146272598728,-0.22386755742294495,0.6708930750515975,-1.6427931420276143,-0.3362948217714412,0.0,0
6669,1.0,1.48749274104259,0.16481989567289484,-0.22585497996212162,0.26771813304468933,-0.3362948217714412,0.0,0
6670,1.0,-1.0888762510512584,-0.7833202702428761,-1.1226030349758407,-0.47202251309611104,-0.3362948217714412,0.0,0
6671,1.0,0.6530847894545303,0.16910688964086357,-1.1226030349758407,0.311888998398241,-0.3362948217714412,0.0,0
6672,1.0,0.6626797891652555,0.3906015779859193,0.6708930750515975,0.9569777902100022,2.833611433315728,0.0,0
6673,1.0,-1.020149276379086,-0.8740616425648828,1.5676411300653166,0.6293367559940964,-0.3362948217714412,0.0,0
6674,1.0,-0.3109672279924006,-0.3817718352431298,-0.22585497996212162,0.28859008040955453,2.833611433315728,0.0,0
6675,1.0,-0.6898135188963445,-0.7197298597180052,-1.1226030349758407,0.5016781011810842,-0.3362948217714412,0.0,0
6676,1.0,-0.15731334890390042,-0.41749678497620335,0.6708930750515975,1.1467668929928454,-0.3362948217714412,1.0,0
6677,1.0,-0.6144816141907422,-0.4132097910082345,1.5676411300653166,0.3910082407348229,-0.3362948217714412,0.0,0
6678,1.0,-0.7982147016747259,-0.6740019240596712,-0.22585497996212162,0.3681947168709004,-0.3362948217714412,0.0,0
6679,1.0,-0.32725641354781815,-0.3753413442911766,1.5676411300653166,0.8162134940283536,-0.3362948217714412,0.0,0
6680,1.0,-0.38353220254886333,-0.4410752518000319,-0.22585497996212162,-0.9205266843783286,-0.3362948217714412,0.0,0
6681,1.0,-0.21162551005716915,-0.5025221653409183,0.6708930750515975,1.192879334845454,-0.3362948217714412,0.0,0
6682,1.0,0.28169135879101015,1.5545204402894541,-1.1226030349758407,-1.9350004051357255,-0.3362948217714412,0.0,0
6683,1.0,-1.1851386434979316,-0.643278467289228,-0.22585497996212162,-0.8506299304122688,-0.3362948217714412,0.0,1
6684,1.0,0.29659707927185813,-0.44464774677333924,-1.1226030349758407,1.71225104834326,-0.3362948217714412,0.0,0
6685,1.0,-1.0761126700407122,-0.9255055701805085,-0.22585497996212162,1.404511173242691,-0.3362948217714412,0.0,0
6686,1.0,-0.4459220146213941,-0.1674221368446888,-1.1226030349758407,0.4822623361905121,-0.3362948217714412,0.0,0
6687,1.0,0.323106055216839,-0.3003189498517222,-0.22585497996212162,0.8686360595028987,2.833611433315728,0.0,0
6688,1.0,0.9159431536227749,0.9814922465709551,-0.22585497996212162,-0.5127956195763127,-0.3362948217714412,0.0,0
6689,1.0,0.07867901607431341,-0.2931739599051076,0.6708930750515975,-0.5084270724534339,2.833611433315728,0.0,0
6690,1.0,1.3530734892811718,2.040379756659254,-0.22585497996212162,1.3317020545280456,-0.3362948217714412,0.0,0
6691,1.0,-0.7751867023689848,-0.37962833825914544,-0.22585497996212162,-0.8040320944348954,-0.3362948217714412,0.0,0
6692,1.0,-0.8951911406114993,-0.7683157913549852,-0.22585497996212162,0.12161450149063378,-0.3362948217714412,0.0,0
6693,1.0,-0.8228046776775616,-0.8812066325114974,-1.1226030349758407,1.8860221450088814,-0.3362948217714412,0.0,0
6694,1.0,-0.6701772404185807,-0.6132695095134462,-1.1226030349758407,-0.7520949230851148,-0.3362948217714412,0.0,0
6695,1.0,-0.009594981264360425,-0.6104115135348003,-1.1226030349758407,0.08084139501043208,-0.3362948217714412,0.0,0
6696,1.0,3.2948336632982054,0.5320723789288905,0.6708930750515975,0.8628113300057272,-0.3362948217714412,0.0,0
6697,1.0,1.7212090828336084,1.0650886289463475,-0.22585497996212162,-0.9433402082422508,-0.3362948217714412,0.0,0
6698,1.0,0.6525938824925861,0.3134356865624807,-0.22585497996212162,-0.8656771482799622,-0.3362948217714412,0.0,0
6699,1.0,3.082315576682046,0.6621111959572781,-0.22585497996212162,-1.5461997111995174,-0.3362948217714412,0.0,0
6700,1.0,-0.7221687504790231,-0.6861484069689161,0.6708930750515975,0.7244740044479004,-0.3362948217714412,1.0,0
6701,1.0,0.8848375033977719,-0.4375027568267245,2.464389185079036,0.3793587817404795,2.833611433315728,0.0,0
6702,1.0,0.46720956250024526,0.6485357150587102,0.6708930750515975,0.5929321966367738,-0.3362948217714412,0.0,0
6703,1.0,1.2243666094405574,0.4241830307350085,-1.1226030349758407,-0.10652073714858966,-0.3362948217714412,0.0,0
6704,1.0,-1.043802066363665,-0.5003786683569339,0.6708930750515975,0.6293367559940964,-0.3362948217714412,0.0,0
6705,1.0,-0.6989622395507571,-0.7225878556966512,0.6708930750515975,-0.7147195754782634,-0.3362948217714412,0.0,0
6706,1.0,0.8238757843054423,0.31986617751443386,-0.22585497996212162,-0.06720381304268098,-0.3362948217714412,0.0,0
6707,1.0,-1.0858415534683314,-0.7826057712482145,-1.1226030349758407,-0.8909176427677059,-0.3362948217714412,0.0,0
6708,1.0,1.0904382646410835,3.4472282771476888,-0.22585497996212162,-0.023032947689129273,-0.3362948217714412,0.0,0
6709,1.0,-0.4065602018546043,0.9893517355122312,0.6708930750515975,1.578282269908312,2.833611433315728,0.0,0
6710,1.0,1.5284611584121057,0.0019141248900797323,0.6708930750515975,-0.539006902313585,-0.3362948217714412,0.0,0
6711,1.0,1.0040832672445548,0.40060456391118,-0.22585497996212162,0.38421272298812253,-0.3362948217714412,0.0,0
6712,1.0,0.26678563831016244,0.2734237428614382,-0.22585497996212162,-0.7787915999471516,-0.3362948217714412,0.0,0
6713,1.0,-1.3002786400266364,-0.8726326445755598,-1.1226030349758407,1.0550274034123917,-0.3362948217714412,0.0,0
6714,1.0,0.3963404483577709,-0.2717389900652634,-1.1226030349758407,1.700601589348917,2.833611433315728,0.0,0
6715,1.0,-0.6224253813931102,-0.08668375044794273,-1.1226030349758407,1.9500941694777696,-0.3362948217714412,0.0,0
6716,1.0,-0.664955775459721,-0.44036075280537035,-1.1226030349758407,0.072589694889439,-0.3362948217714412,1.0,0
6717,1.0,1.532522297824552,1.010072206357414,2.464389185079036,-0.7365623110926571,-0.3362948217714412,0.0,0
6718,1.0,-0.36746615652160225,-0.47822919952242826,-0.22585497996212162,0.5375972664136427,-0.3362948217714412,0.0,1
6719,1.0,1.6114690628862884,1.578098907113283,-0.22585497996212162,-0.15117699662690562,-0.3362948217714412,0.0,0
6720,1.0,-0.02374202734947655,-0.42678527190680243,0.6708930750515975,-0.42202691824538774,-0.3362948217714412,0.0,0
6721,1.0,1.717371082949318,2.4226367188031404,-1.1226030349758407,0.740006616440358,-0.3362948217714412,0.0,0
6722,1.0,-0.7977237947127818,-0.8662021536236065,-0.22585497996212162,-0.6089036562796449,-0.3362948217714412,0.0,0
6723,1.0,-0.9638288594724094,-0.7575983064350631,-0.22585497996212162,0.33858567526027783,-0.3362948217714412,0.0,0
6724,1.0,-0.21635606805408494,-0.2917449619157846,-1.1226030349758407,-0.07205775429032404,-0.3362948217714412,0.0,0
6725,1.0,1.8272003587079007,0.5756568176032402,-0.22585497996212162,0.7904876054158456,2.833611433315728,0.0,0
6726,1.0,1.1924130290085604,0.713555123572904,-0.22585497996212162,-0.12011177264199004,-0.3362948217714412,0.0,0
6727,1.0,-1.0701325306861205,-0.8519121737303772,-1.1226030349758407,1.9646559932206988,-0.3362948217714412,0.0,0
6728,1.0,-1.3308933832896952,-0.9676610108655354,-0.22585497996212162,1.024932967677005,-0.3362948217714412,0.0,0
6729,1.0,0.5993081631688366,2.9406484899327063,-0.22585497996212162,1.4452842797228929,-0.3362948217714412,0.0,0
6730,1.0,-1.1309157381559252,-0.5896910426896177,-0.22585497996212162,-1.672887577763001,-0.3362948217714412,1.0,0
6731,1.0,-0.0178511438061475,0.12409345297719096,1.5676411300653166,1.1535624107395455,-0.3362948217714412,0.0,0
6732,1.0,-0.32681013449150526,0.10122948514802406,0.6708930750515975,-0.8545130834103832,-0.3362948217714412,0.0,0
6733,1.0,-1.0304583225799118,-0.880492133516836,-1.1226030349758407,1.08415105089825,-0.3362948217714412,0.0,0
6734,1.0,-0.14102416334848272,-0.03595432182697818,-1.1226030349758407,-0.7059824812325061,-0.3362948217714412,0.0,0
6735,1.0,0.797277552549199,0.0826525112868257,-0.22585497996212162,0.12743923098780532,-0.3362948217714412,0.0,0
6736,1.0,-0.823340212545137,0.1055164791159928,1.5676411300653166,-0.6084182621548807,-0.3362948217714412,0.0,0
6737,1.0,-0.6372418460626954,-0.45965222566123004,-0.22585497996212162,-1.9350004051357255,-0.3362948217714412,0.0,0
6738,1.0,1.569474203687253,0.18768386350206193,-1.1226030349758407,1.3321874486528098,2.833611433315728,0.0,0
6739,1.0,0.21506189568350795,1.1915549510014276,-0.22585497996212162,-0.21233665634720802,-0.3362948217714412,1.0,0
6740,1.0,0.7934395526649087,2.5240955760450694,-1.1226030349758407,0.05365932402363105,-0.3362948217714412,0.0,0
6741,1.0,0.20868010517823474,-0.01737734796578002,0.6708930750515975,0.6424423973627328,2.833611433315728,0.0,0
6742,1.0,-0.4833201995404076,-0.6668569341130565,0.6708930750515975,-0.6695779218751832,-0.3362948217714412,0.0,0
6743,1.0,1.6354342482102862,1.1272500414818953,-1.1226030349758407,0.9239709897260293,-0.3362948217714412,0.0,0
6744,1.0,0.007452878686788863,0.651393711037356,-1.1226030349758407,1.2579221475638713,-0.3362948217714412,0.0,0
6745,1.0,-0.07885749080410835,-0.1674221368446888,-1.1226030349758407,0.6108917792530527,-0.3362948217714412,0.0,0
6746,1.0,-0.6849490771825347,-0.8511976747357157,0.6708930750515975,-0.13321741401062645,-0.3362948217714412,0.0,0
6747,1.0,-1.1030232971363747,-0.40963729603492716,0.6708930750515975,1.6457520532505507,-0.3362948217714412,0.0,0
6748,1.0,1.1904940290664152,0.4691964673986811,0.6708930750515975,-1.6054177944207626,-0.3362948217714412,0.0,0
6749,1.0,-0.2105098124163871,-0.5303876261327156,-1.1226030349758407,-1.6228919829122774,-0.3362948217714412,0.0,0
6750,1.0,-0.842708723589113,-0.8526266727250387,-0.22585497996212162,1.2176344352084336,-0.3362948217714412,0.0,0
6751,1.0,0.9878387095947685,0.42704102671365446,-1.1226030349758407,-1.2947655545716075,-0.3362948217714412,0.0,0
6752,1.0,1.1816577037514213,0.6485357150587102,-1.1226030349758407,0.6215704499978673,-0.3362948217714412,0.0,1
6753,1.0,-1.0208186949635552,-0.8311917028851945,-1.1226030349758407,-0.2259276918406084,-0.3362948217714412,0.0,0
6754,1.0,0.27165008002397195,-0.4467912437573236,-1.1226030349758407,0.6977773275858634,2.833611433315728,0.0,0
6755,1.0,-0.9271893489491279,-0.8083277350560275,0.6708930750515975,-0.2875727456856753,2.833611433315728,0.0,0
6756,1.0,0.20751977963182122,0.10623097811065439,0.6708930750515975,-0.4623146306008249,-0.3362948217714412,0.0,1
6757,1.0,-0.027267631894347583,-0.35176287746734813,0.6708930750515975,0.0444368356531092,-0.3362948217714412,0.0,0
6758,1.0,-0.9894899052103959,-0.6104115135348003,-0.22585497996212162,-0.9894526500948598,-0.3362948217714412,0.0,0
6759,1.0,-0.7655024468469969,-0.3188959237129204,0.6708930750515975,0.30606426890106947,-0.3362948217714412,0.0,0
6760,1.0,-0.9484322320296175,-0.8104712320400119,-1.1226030349758407,-0.5506563613079284,-0.3362948217714412,0.0,0
6761,1.0,-0.4671202697962525,-0.27816948101721667,0.6708930750515975,1.5739137227854334,-0.3362948217714412,0.0,0
6762,1.0,-0.805399794481362,-0.7490243184991255,0.6708930750515975,-1.17438781163006,-0.3362948217714412,0.0,0
6763,1.0,0.2303692673150371,-0.15456115494078235,-0.22585497996212162,-1.6821100661335229,-0.3362948217714412,0.0,0
6764,1.0,-0.6127411258711223,-0.4117807930189115,-1.1226030349758407,-1.456401798118121,2.833611433315728,0.0,1
6765,1.0,-0.45904261887699077,-0.4317867648694328,-0.22585497996212162,-1.4195118446360337,-0.3362948217714412,0.0,0
6766,1.0,0.2550038712235043,0.37059560613539816,-1.1226030349758407,0.335673310511692,2.833611433315728,0.0,0
6767,1.0,-0.5397745001639779,-0.626844990412014,1.5676411300653166,-0.5186203490734843,-0.3362948217714412,0.0,0
6768,1.0,-0.3480083896663637,-0.27959847900653956,-0.22585497996212162,0.8647529065047841,-0.3362948217714412,0.0,0
6769,1.0,-0.4290972941984012,-0.7747462823069384,1.5676411300653166,-1.1433225876451445,-0.3362948217714412,0.0,0
6770,1.0,-1.0071179279347517,-0.70258188384613,-0.22585497996212162,0.8856248538696491,-0.3362948217714412,0.0,0
6771,1.0,-0.22621883519859817,-0.5653980768711276,0.6708930750515975,0.7210762455745501,-0.3362948217714412,0.0,0
6772,1.0,1.5868790868834526,1.43591360717565,-0.22585497996212162,-1.4068915973921619,-0.3362948217714412,0.0,0
6773,1.0,0.7497042051462534,-0.5961215336415708,-0.22585497996212162,-1.2054530356149755,-0.3362948217714412,0.0,0
6774,1.0,4.868413615857172,0.6170977592936054,0.6708930750515975,1.1826860582254037,-0.3362948217714412,0.0,0
6775,1.0,-0.8231170730169806,-0.48108719550107415,0.6708930750515975,0.2279158148140164,-0.3362948217714412,0.0,0
6776,1.0,0.05475845865594676,-0.5503935979832367,-1.1226030349758407,-0.6084182621548807,-0.3362948217714412,0.0,0
6777,1.0,1.197589866061789,0.2305538031817502,-0.22585497996212162,-0.4312494066159093,-0.3362948217714412,0.0,0
6778,1.0,0.6082783722007241,1.6666967824513053,-0.22585497996212162,0.5308017486669426,-0.3362948217714412,0.0,0
6779,1.0,-0.18297439464188697,-0.8040407410880587,1.5676411300653166,-1.5738671763110827,-0.3362948217714412,0.0,0
6780,1.0,1.3541445590163226,0.965773268688403,-1.1226030349758407,1.479261868456394,-0.3362948217714412,0.0,0
6781,1.0,-0.8291864681828348,-0.436788257832063,-0.22585497996212162,-1.32097683730888,-0.3362948217714412,0.0,0
6782,1.0,-0.7043622161321421,-0.6704294290863638,1.5676411300653166,-0.5152225902001343,-0.3362948217714412,0.0,0
6783,1.0,0.5465579787126627,0.5070649141157391,0.6708930750515975,0.5123567719258989,-0.3362948217714412,0.0,0
6784,1.0,0.6753094864589082,0.8328764556813695,-1.1226030349758407,-0.8302433771721679,-0.3362948217714412,0.0,0
6785,1.0,-0.5695413132200423,0.46633847142003537,-1.1226030349758407,-0.29533905168190416,-0.3362948217714412,0.0,0
6786,1.0,1.3294653272022239,1.4930735267485677,-1.1226030349758407,-0.0264307065624793,-0.3362948217714412,0.0,0
6787,1.0,-1.0710697167043775,-0.7190153607233438,1.5676411300653166,1.4166460263617988,-0.3362948217714412,0.0,0
6788,1.0,0.24326673204247748,-0.35819336841930133,-1.1226030349758407,-1.4107747503902766,-0.3362948217714412,0.0,0
6789,1.0,-0.6884300538217747,0.5985207854324073,-0.22585497996212162,0.22937199718830942,-0.3362948217714412,0.0,0
6790,1.0,-0.5433893605201117,-0.33818739656878016,2.464389185079036,-0.32786045804111247,-0.3362948217714412,0.0,0
6791,1.0,0.3539885659136855,-0.08954174642658849,-0.22585497996212162,-0.8559692657846761,-0.3362948217714412,0.0,0
6792,1.0,-0.7555950517968526,-0.4053503020669583,0.6708930750515975,0.9370766310946657,-0.3362948217714412,0.0,0
6793,1.0,-0.9082671169614647,-0.5253861331700853,4.257885295106474,0.34246882825839237,-0.3362948217714412,0.0,0
6794,1.0,-0.2809772754081798,-0.15456115494078235,-1.1226030349758407,-0.7627735938299296,-0.3362948217714412,0.0,0
6795,1.0,2.3915202254154475,0.7842905240443897,0.6708930750515975,-1.2865138544506145,-0.3362948217714412,0.0,0
6796,1.0,0.8683698062198295,0.18768386350206193,-0.22585497996212162,-0.044875683303522734,-0.3362948217714412,0.0,0
6797,1.0,0.17931494327285172,-0.05095880071486918,0.6708930750515975,0.8798001243724776,2.833611433315728,0.0,0
6798,1.0,-0.6912862397821767,-0.5882620447002946,-0.22585497996212162,-0.17156354986700634,-0.3362948217714412,0.0,0
6799,1.0,-1.0050204163700818,-0.7554548094510787,-0.22585497996212162,-0.055068959923573364,-0.3362948217714412,0.0,0
6800,1.0,0.22711143020395375,0.046213062559090766,0.6708930750515975,0.39828915260628744,-0.3362948217714412,0.0,0
6801,1.0,-1.1815684110474292,-0.6475654612571967,-1.1226030349758407,0.9914407730682677,-0.3362948217714412,0.0,0
6802,1.0,-0.8707350483255573,0.06979152938291926,-1.1226030349758407,-0.5011461605819694,-0.3362948217714412,1.0,0
6803,1.0,0.18913308251173372,-0.2838854729745084,-1.1226030349758407,-0.1914647089823428,-0.3362948217714412,0.0,0
6804,1.0,0.4570790279219443,-0.22958354938023667,-0.22585497996212162,-1.0098392033349608,-0.3362948217714412,0.0,0
6805,1.0,-0.4929598271567643,-0.649708958241181,-0.22585497996212162,-0.1972894384795146,-0.3362948217714412,0.0,0
6806,1.0,0.6214436043619519,0.12337895398252957,-0.22585497996212162,-0.7685983233271012,-0.3362948217714412,0.0,0
6807,1.0,-0.7946890971298546,-0.461081223650553,-0.22585497996212162,2.240359856086824,-0.3362948217714412,0.0,0
6808,1.0,1.467053160263463,2.941362988927368,-1.1226030349758407,-0.8448052009150971,2.833611433315728,0.0,0
6809,1.0,-0.7349323314895695,-0.6811469140062859,-0.22585497996212162,-1.3564106084166745,-0.3362948217714412,0.0,0
6810,1.0,2.8573463043947585,3.3493419148790666,-0.22585497996212162,-0.7559780760832293,-0.3362948217714412,0.0,1
6811,1.0,0.08456989961764246,-0.043099311773592885,0.6708930750515975,-1.4525186451200067,-0.3362948217714412,0.0,0
6812,1.0,2.1776633016303495,1.635973325680862,-0.22585497996212162,0.76282014030428,-0.3362948217714412,0.0,0
6813,1.0,0.29972103266604777,0.15696040673161873,0.6708930750515975,1.5103270924413095,-0.3362948217714412,0.0,0
6814,1.0,-0.5917660102244202,-0.8269047089172258,-0.22585497996212162,1.5642058402901473,-0.3362948217714412,0.0,0
6815,1.0,-0.12522588475500918,0.8085834898628793,0.6708930750515975,1.603522764396056,-0.3362948217714412,0.0,0
6816,1.0,1.9290858672641147,0.34201564634893933,0.6708930750515975,-0.3904763001357079,2.833611433315728,0.0,0
6817,1.0,-0.5260291052295434,0.22412331222979687,-1.1226030349758407,-1.121965246155515,-0.3362948217714412,0.0,0
6818,1.0,-1.1550148071968172,-0.8747761415595442,-0.22585497996212162,-0.6933622339886338,-0.3362948217714412,0.0,0
6819,1.0,-0.9507082552168128,-0.8769196385435286,-0.22585497996212162,1.1729781757301176,-0.3362948217714412,1.0,0
6820,1.0,-0.657502915219297,-0.5282441291487312,1.5676411300653166,-1.239430624348477,-0.3362948217714412,1.0,0
6821,1.0,0.08224924852481567,-0.25602001218271103,1.5676411300653166,2.097168589281354,2.833611433315728,0.0,0
6822,1.0,0.12968871221086728,0.06336103843096615,1.5676411300653166,-0.7705398998261584,-0.3362948217714412,0.0,0
6823,1.0,-0.24973774146628316,0.15553140874229576,-0.22585497996212162,1.4676124094620506,-0.3362948217714412,0.0,0
6824,1.0,0.9231282464294112,2.7634527392566617,0.6708930750515975,-0.7831601470700303,-0.3362948217714412,0.0,0
6825,1.0,-0.17302237168611123,-0.796895751141444,-0.22585497996212162,-0.32931664041540554,-0.3362948217714412,0.0,0
6826,1.0,-0.4527054562773488,0.11909196001456082,0.6708930750515975,1.0797825037753712,-0.3362948217714412,0.0,0
6827,1.0,-0.9713263476184646,-0.8897806204474351,-0.22585497996212162,1.8355411560333939,-0.3362948217714412,0.0,0
6828,1.0,2.242195253173182,2.5498175398528815,0.6708930750515975,0.8676652712533702,-0.3362948217714412,0.0,0
6829,1.0,-1.2594887342796457,-0.9390810510790766,-0.22585497996212162,-0.007014941571907095,-0.3362948217714412,0.0,0
6830,1.0,0.079437690470045,2.332609845475795,-0.22585497996212162,-1.532608675706117,-0.3362948217714412,0.0,0
6831,1.0,-0.12951016369561233,-0.7868927652161835,-0.22585497996212162,0.054144718148395304,-0.3362948217714412,0.0,0
6832,1.0,0.7018184624038891,0.9007538601742091,-0.22585497996212162,-0.5093978607029624,-0.3362948217714412,0.0,0
6833,1.0,0.026107343240664327,-0.3003189498517222,0.6708930750515975,-0.6356003331416817,-0.3362948217714412,0.0,0
6834,1.0,2.205868137989319,1.797450098474354,-0.22585497996212162,-1.3918443795244686,2.833611433315728,0.0,0
6835,1.0,-1.0401425781018998,-0.9083575943086334,-0.22585497996212162,-0.29194129280855385,2.833611433315728,0.0,0
6836,1.0,-0.9205844189156982,-0.5739720648070652,-0.22585497996212162,0.7958269407882529,-0.3362948217714412,0.0,0
6837,1.0,-0.17154965080027904,1.3330257519443987,1.5676411300653166,0.6293367559940964,-0.3362948217714412,0.0,0
6838,1.0,-0.19770160350020946,-0.3324714046114884,-0.22585497996212162,-0.00507336507284982,-0.3362948217714412,0.0,0
6839,1.0,1.0476847310463162,0.3470171393115697,0.6708930750515975,2.090858465659418,-0.3362948217714412,0.0,0
6840,1.0,0.3073524045289967,-0.5396761130633146,1.5676411300653166,-0.3443638582830989,-0.3362948217714412,0.0,0
6841,1.0,-0.30382676309139567,-0.1438436700208603,-0.22585497996212162,-1.2471969303447057,-0.3362948217714412,0.0,0
6842,1.0,-0.4605599676684542,-0.3781993402698225,-0.22585497996212162,-0.31329863429818333,-0.3362948217714412,0.0,0
6843,1.0,-0.3620661799402172,-0.6954368938995152,-1.1226030349758407,1.2482142650685852,-0.3362948217714412,1.0,0
6844,1.0,0.8068725522599243,0.7307030994447792,-0.22585497996212162,-1.3234038079327015,-0.3362948217714412,0.0,0
6845,1.0,0.372509146750667,-0.46465371862386035,-0.22585497996212162,-1.2806891249534427,-0.3362948217714412,0.0,1
6846,1.0,0.05359813310953349,0.16196189969424887,-1.1226030349758407,2.254921679829753,-0.3362948217714412,0.0,0
6847,1.0,0.09171036451864725,0.2684222498988081,2.464389185079036,0.8744607890000703,-0.3362948217714412,0.0,0
6848,1.0,-0.6153295443977366,-0.6732874250650097,0.6708930750515975,0.11287740724487617,2.833611433315728,0.0,0
6849,1.0,-0.5970321030889114,-0.0009438710885662301,-1.1226030349758407,-0.5768676440452009,-0.3362948217714412,0.0,0
6850,1.0,0.255584033996711,0.018347601767293522,-0.22585497996212162,0.1162751661182262,-0.3362948217714412,1.0,0
6851,1.0,-0.9163001399750953,-0.5475356020045908,0.6708930750515975,0.18131797883664316,-0.3362948217714412,0.0,0
6852,1.0,0.08573022516405572,-0.4210692799495107,-1.1226030349758407,-1.0122661739587822,-0.3362948217714412,0.0,0
6853,1.0,-0.5781544990068795,-0.29388845889976895,-0.22585497996212162,-0.4977484017086193,2.833611433315728,0.0,0
6854,1.0,-1.024612066942214,-0.5489645999939139,-1.1226030349758407,-0.5322113845668849,-0.3362948217714412,0.0,0
6855,1.0,-0.29244664715541896,-0.6518524552251656,-0.22585497996212162,-0.47105172484658253,-0.3362948217714412,0.0,0
6856,1.0,-0.35608604058562554,-0.5425341090419606,0.6708930750515975,0.9695980374538743,-0.3362948217714412,0.0,0
6857,1.0,-0.3732677842536688,-0.4160677869868804,-0.22585497996212162,0.453624082829418,-0.3362948217714412,0.0,0
6858,1.0,-0.5017068966604953,-0.7747462823069384,0.6708930750515975,-0.8365535007941038,-0.3362948217714412,0.0,0
6859,1.0,0.12826061923066634,0.04692756155375235,0.6708930750515975,1.5336260104299961,-0.3362948217714412,0.0,0
6860,1.0,-0.1497712328522137,-0.20171808858843934,-1.1226030349758407,-1.3525274554185598,-0.3362948217714412,0.0,0
6861,1.0,-1.1960724803775955,-0.737592334584542,1.5676411300653166,0.9822182846977459,-0.3362948217714412,0.0,0
6862,1.0,-0.8097287013275963,-0.5518225959725598,-1.1226030349758407,0.4288689824664385,-0.3362948217714412,0.0,0
6863,1.0,-1.077183739775863,-0.7583128054297246,-1.1226030349758407,-1.4500916744961851,-0.3362948217714412,0.0,0
6864,1.0,0.32332919474499544,0.5649393326833181,1.5676411300653166,-0.6588992511303683,-0.3362948217714412,0.0,0
6865,1.0,0.6579046032627085,2.392627761027359,-1.1226030349758407,-0.42348310061968053,-0.3362948217714412,0.0,0
6866,1.0,2.088943025235363,0.21983631826182812,0.6708930750515975,0.45605105345323954,-0.3362948217714412,0.0,0
6867,1.0,0.6844582071133206,1.175835973118875,0.6708930750515975,0.5070174365534916,-0.3362948217714412,0.0,0
6868,1.0,-0.4029899694041019,-0.6282739884013371,-0.22585497996212162,-0.5924002560376586,-0.3362948217714412,0.0,0
6869,1.0,0.9065266655345745,2.340469334417072,-1.1226030349758407,1.2045287938397977,-0.3362948217714412,0.0,0
6870,1.0,0.9469595480365153,0.11623396403591486,0.6708930750515975,1.0691038330305567,-0.3362948217714412,1.0,0
6871,1.0,-1.0657143680286236,-0.8833501294954819,0.6708930750515975,0.7827212994196165,-0.3362948217714412,0.0,0
6872,1.0,0.02914204082359146,-0.05953278865080688,-0.22585497996212162,0.5900198318881877,-0.3362948217714412,0.0,0
6873,1.0,-0.5724867549917069,-0.4689407125918292,0.6708930750515975,-0.03856555968158693,-0.3362948217714412,0.0,0
6874,1.0,0.8360592025427821,4.401798934015413,-1.1226030349758407,-0.17835906761370665,-0.3362948217714412,0.0,0
6875,1.0,-0.30605815837295974,-0.022378840928410353,0.6708930750515975,-0.4288224359920878,2.833611433315728,0.0,0
6876,1.0,-0.5867230568880855,-0.2595925071560184,-0.22585497996212162,0.621085055873103,-0.3362948217714412,0.0,0
6877,1.0,-0.8556954441278156,-0.5446776060259451,2.464389185079036,-0.4880405192133332,-0.3362948217714412,0.0,0
6878,1.0,1.8752199851671587,3.534397154496388,2.464389185079036,0.2541270975512889,-0.3362948217714412,0.0,0
6879,1.0,-0.9113910703556543,-0.714728366755375,-1.1226030349758407,0.4541094769541826,-0.3362948217714412,0.0,0
6880,1.0,3.2415033160688242,4.949819662920761,-0.22585497996212162,1.023476785302712,2.833611433315728,0.0,0
6881,1.0,-0.20078092898876784,0.5199258960196455,-1.1226030349758407,-1.626775135910392,-0.3362948217714412,0.0,0
6882,1.0,1.992055842109852,4.061697412556553,0.6708930750515975,-0.20942429159862225,-0.3362948217714412,0.0,0
6883,1.0,-1.210487293896499,-0.9390810510790766,-0.22585497996212162,-0.8748996366504839,-0.3362948217714412,0.0,0
6884,1.0,0.16284724609490905,-0.3524773764620095,-0.22585497996212162,2.4578164239812326,-0.3362948217714412,0.0,0
6885,1.0,0.21126852370484897,0.9750617556190022,-0.22585497996212162,-0.0220621594396005,2.833611433315728,0.0,0
6886,1.0,0.3579158216092382,-0.6297029863906599,-1.1226030349758407,-0.02982846543582933,-0.3362948217714412,0.0,0
6887,1.0,-0.9816800217249217,-0.8469106807677469,1.5676411300653166,-1.330684719804166,-0.3362948217714412,0.0,0
6888,1.0,1.5927253425211503,0.757854061241915,-0.22585497996212162,1.613230646891342,-0.3362948217714412,0.0,0
6889,1.0,-0.4823830135221507,-0.6211289984547224,-0.22585497996212162,1.438003367851428,-0.3362948217714412,0.0,0
6890,1.0,0.7826395995021387,1.1594024962416614,-1.1226030349758407,-1.021488662329304,-0.3362948217714412,0.0,0
6891,1.0,-0.009550353358729185,-0.1345551830902611,-0.22585497996212162,-1.0520684921894552,-0.3362948217714412,0.0,0
6892,1.0,-0.9034473031532863,-0.6382769743265976,-1.1226030349758407,-0.5540541201812786,2.833611433315728,0.0,0
6893,1.0,1.4994976476574045,3.134277717485965,2.464389185079036,-0.9234390491269144,-0.3362948217714412,0.0,0
6894,1.0,-0.7794263534039566,-0.7761752802962614,-1.1226030349758407,1.337041389900453,-0.3362948217714412,0.0,0
6895,1.0,-0.6554500315602582,-0.486803187458366,-1.1226030349758407,-0.8865490956448273,-0.3362948217714412,0.0,0
6896,1.0,-0.7463570753311775,-0.8361931958478249,-1.1226030349758407,-0.2497120039540594,-0.3362948217714412,0.0,0
6897,1.0,-0.8893002570681703,-0.5225281371914394,-1.1226030349758407,1.2292838942027773,-0.3362948217714412,0.0,0
6898,1.0,-0.646702962056527,0.4827719482972491,-0.22585497996212162,-0.19097931485757855,-0.3362948217714412,0.0,0
6899,1.0,0.09911859685344,0.3105776905838348,-1.1226030349758407,-1.1379832522727371,-0.3362948217714412,0.0,0
6900,1.0,-0.6979804256268689,-0.5925490386682635,-1.1226030349758407,1.4768348978325723,-0.3362948217714412,0.0,0
6901,1.0,-1.020506299624136,-0.8018972441040743,-1.1226030349758407,1.0118273263083684,-0.3362948217714412,0.0,0
6902,1.0,-1.3345082436458289,-0.9790929947801188,-0.22585497996212162,1.770983737439741,-0.3362948217714412,0.0,0
6903,1.0,-0.4632822699119624,-0.35176287746734813,1.5676411300653166,0.9652294903309955,-0.3362948217714412,1.0,0
6904,1.0,-1.1835320388952055,-0.7275893486592814,-1.1226030349758407,0.26626195067039654,-0.3362948217714412,0.0,0
6905,1.0,0.21421396547651336,1.3951871644799463,-0.22585497996212162,0.7725280227995661,-0.3362948217714412,0.0,0
6906,1.0,1.877228240920566,1.0272201822292892,-0.22585497996212162,0.4308105589654958,-0.3362948217714412,0.0,0
6907,1.0,0.9415595714551301,0.3898870789912579,-0.22585497996212162,0.258981038798932,-0.3362948217714412,0.0,0
6908,1.0,-0.4274460616900438,-0.028809331880363474,-1.1226030349758407,0.47061287719616873,-0.3362948217714412,0.0,0
6909,1.0,-0.792056050697609,-0.31961042270758194,0.6708930750515975,0.7283571574460145,-0.3362948217714412,0.0,0
6910,1.0,-0.7763916558210294,-0.7768897792909228,-1.1226030349758407,-1.149147317142316,-0.3362948217714412,0.0,0
6911,1.0,-0.046457631315798435,-0.3138944307502902,2.464389185079036,1.9374739222338975,-0.3362948217714412,0.0,0
6912,1.0,-0.5404885466540785,0.8193009747828014,-1.1226030349758407,-0.05943750704645189,-0.3362948217714412,0.0,0
6913,1.0,1.3005910722587855,-0.2038615855724237,-1.1226030349758407,1.8627232270201948,-0.3362948217714412,0.0,0
6914,1.0,0.40446272718266424,-0.3131799317556287,0.6708930750515975,0.668653680100005,2.833611433315728,0.0,0
6915,1.0,1.5089587636512358,0.15338791175831137,2.464389185079036,0.6031254732568241,-0.3362948217714412,0.0,0
6916,1.0,-0.477518571808341,-0.65399595220915,-0.22585497996212162,0.972995796327224,2.833611433315728,0.0,0
6917,1.0,0.5056341892487779,0.6220992522562357,0.6708930750515975,-0.7875286941929092,-0.3362948217714412,0.0,0
6918,1.0,2.1927921616393538,0.2684222498988081,0.6708930750515975,0.25509788580081744,-0.3362948217714412,0.0,0
6919,1.0,-0.2694632757553094,1.0279346812239507,-0.22585497996212162,-0.9744054322271665,-0.3362948217714412,0.0,0
6920,1.0,-1.20075841046888,-0.8726326445755598,-1.1226030349758407,-0.6724902866237689,-0.3362948217714412,0.0,0
6921,1.0,-1.1735353880337986,-0.7583128054297246,-0.22585497996212162,0.4390622590864889,-0.3362948217714412,0.0,0
6922,1.0,-1.132165319513601,-0.857628165687669,0.6708930750515975,-0.6084182621548807,-0.3362948217714412,0.0,0
6923,1.0,1.4728994159011612,0.14624292181169668,-1.1226030349758407,1.187539999473047,-0.3362948217714412,0.0,0
6924,1.0,-0.925314976912614,-0.3460468855100563,1.5676411300653166,-0.8287871947978751,-0.3362948217714412,0.0,0
6925,1.0,0.6068502792205231,-0.1809976177432567,-0.22585497996212162,2.7859428523219023,-0.3362948217714412,0.0,0
6926,1.0,1.2812225612148094,0.14195592784372774,-0.22585497996212162,-0.550170967183164,-0.3362948217714412,0.0,0
6927,1.0,-0.9752536033140173,-0.7004383868621455,-1.1226030349758407,1.4312078501047278,-0.3362948217714412,0.0,0
6928,1.0,-0.3783553654956348,-0.640420471310582,1.5676411300653166,1.1132746983841082,-0.3362948217714412,0.0,0
6929,1.0,0.5493249088618021,0.4156090427990708,0.6708930750515975,-0.7719960822004514,-0.3362948217714412,0.0,0
6930,1.0,0.2332700811810705,-0.32746991164885814,1.5676411300653166,0.4104240057253951,-0.3362948217714412,0.0,0
6931,1.0,-1.2318194327882515,-0.9290780651538159,-0.22585497996212162,1.3647088550120179,-0.3362948217714412,0.0,0
6932,1.0,0.2909739631623168,0.5813728095605318,-0.22585497996212162,-1.1777855705034102,-0.3362948217714412,0.0,0
6933,1.0,1.3769940466995385,2.873485584434528,-1.1226030349758407,1.4569337387172359,-0.3362948217714412,0.0,1
6934,1.0,0.21992633739731746,-0.4410752518000319,-1.1226030349758407,-0.987996467720567,-0.3362948217714412,0.0,0
6935,1.0,2.0786786069401684,1.5923888870065122,3.361137240092755,0.014342399917722386,-0.3362948217714412,0.0,0
6936,1.0,-0.8033469108223231,0.1433849258330507,0.6708930750515975,0.5895344377634235,2.833611433315728,0.0,0
6937,1.0,-1.2642639201821926,-0.9283635661591545,-0.22585497996212162,0.14831117835267058,-0.3362948217714412,0.0,0
6938,1.0,-0.29423176338067025,-0.5253861331700853,0.6708930750515975,-0.548714784808871,-0.3362948217714412,0.0,0
6939,1.0,-1.104005111060263,-0.9205040772178784,-1.1226030349758407,1.0079441733102539,-0.3362948217714412,0.0,0
6940,1.0,-1.047149159286011,-0.8097567330453505,0.6708930750515975,-0.12884886688774763,-0.3362948217714412,0.0,0
6941,1.0,-0.972174277825459,-0.6204144994600609,1.5676411300653166,0.3599430167499073,-0.3362948217714412,0.0,0
6942,1.0,0.5509315134645283,-0.25744901017203403,-1.1226030349758407,1.5831362111559553,-0.3362948217714412,0.0,0
6943,1.0,0.723418368729429,0.28842822174932925,-0.22585497996212162,-0.8166523416787674,-0.3362948217714412,0.0,1
6944,1.0,-0.7147158902385993,-0.5461066040152679,0.6708930750515975,-1.3219476255584088,-0.3362948217714412,1.0,1
6945,1.0,-0.5619099413570933,-0.643278467289228,1.5676411300653166,-0.5822069794176082,-0.3362948217714412,0.0,0
6946,1.0,-0.5503066858929603,-0.6575684471824573,0.6708930750515975,1.4545067680934147,-0.3362948217714412,0.0,0
6947,1.0,0.2984268234027405,-0.5668270748604506,0.6708930750515975,-1.4209680270103269,-0.3362948217714412,0.0,0
6948,1.0,-0.5387926862400897,0.14695742080635807,-0.22585497996212162,0.15219433135078483,-0.3362948217714412,0.0,0
6949,1.0,0.5050986543812025,0.5513638517847502,0.6708930750515975,-0.05992290117121641,-0.3362948217714412,0.0,0
6950,1.0,0.12705566577862182,-0.14955966197815201,-1.1226030349758407,0.7642763226785734,-0.3362948217714412,0.0,0
6951,1.0,0.12134329385781799,-0.4760857025384439,0.6708930750515975,-0.6336587566426245,-0.3362948217714412,0.0,0
6952,1.0,-0.4761351067337713,0.675686676855846,0.6708930750515975,-0.7394746758412429,-0.3362948217714412,0.0,1
6953,1.0,0.6699095098775231,3.597987565021259,1.5676411300653166,-1.6345414419066209,-0.3362948217714412,0.0,0
6954,1.0,-0.8962175824410189,-0.6632844391397491,-1.1226030349758407,-0.4375595302378454,-0.3362948217714412,1.0,0
6955,1.0,-1.230480595619313,-0.9705190068441811,-1.1226030349758407,1.4404303384752497,-0.3362948217714412,1.0,0
6956,1.0,-0.39665280680445997,-0.4603667246558915,-0.22585497996212162,-0.23709175671018753,2.833611433315728,0.0,0
6957,1.0,-1.0474169267197986,-0.8676311516129295,0.6708930750515975,0.3337317340126348,-0.3362948217714412,0.0,0
6958,1.0,-0.5399976396921343,-0.36248036238727016,-0.22585497996212162,-0.6322025742683315,-0.3362948217714412,0.0,0
6959,1.0,-1.0121608812710865,-0.7247313526806355,-0.22585497996212162,2.3223914631719915,-0.3362948217714412,0.0,0
6960,1.0,-0.6476847759804152,-0.6840049099849316,-0.22585497996212162,0.6138041440016387,-0.3362948217714412,1.0,0
6961,1.0,0.46265751612585443,0.09336999620674775,-0.22585497996212162,1.566632810913969,-0.3362948217714412,0.0,0
6962,1.0,-0.13959607036828178,-0.2638795011239872,0.6708930750515975,-1.1836103000005818,2.833611433315728,0.0,0
6963,1.0,0.5660603734735324,0.19197085747003068,0.6708930750515975,1.3545155783919676,2.833611433315728,0.0,0
6964,1.0,2.567934336375902,0.31986617751443386,-0.22585497996212162,-0.4759056660942256,-0.3362948217714412,0.0,0
6965,1.0,2.049402700846048,1.7431481748800826,5.154633350120193,1.833114185409572,-0.3362948217714412,0.0,0
6966,1.0,0.5406670951693335,1.1686909831722603,-1.1226030349758407,-1.4418399743751917,2.833611433315728,0.0,1
6967,1.0,1.516099228552241,1.5895308910278663,2.464389185079036,0.012886217543429364,-0.3362948217714412,0.0,0
6968,1.0,-0.40950564362626884,-0.08382575446929676,0.6708930750515975,-1.7738495557139764,-0.3362948217714412,0.0,0
6969,1.0,0.36947444916773986,0.041211569596460426,2.464389185079036,-1.9107306988975103,-0.3362948217714412,0.0,0
6970,1.0,0.13852503752586098,-0.38963132418440605,-0.22585497996212162,-1.344761149422331,2.833611433315728,0.0,0
6971,1.0,-0.10268879241121252,-0.3124654327609672,-0.22585497996212162,-1.7117191077441454,-0.3362948217714412,0.0,0
6972,1.0,0.12290527055491267,0.17267938461417093,-0.22585497996212162,-0.59142946778813,-0.3362948217714412,0.0,0
6973,1.0,-0.2583955551587516,-0.438217255821386,-0.22585497996212162,0.6584604034799547,-0.3362948217714412,0.0,0
6974,1.0,-0.3648777379949879,-0.5353891190953459,-1.1226030349758407,-0.8292725889226393,2.833611433315728,0.0,1
6975,1.0,-0.36260171480779263,-0.38820232619508305,-0.22585497996212162,-1.755404578972933,-0.3362948217714412,0.0,0
6976,1.0,-0.45962278165019743,-0.5889765436949561,-0.22585497996212162,1.3472346665205033,2.833611433315728,0.0,0
6977,1.0,-0.132321721750383,0.07264952536156521,-0.22585497996212162,-0.7220004873497279,-0.3362948217714412,0.0,0
6978,1.0,-0.37822148177874093,-0.7097268737927446,-0.22585497996212162,-0.8593670246580263,-0.3362948217714412,0.0,0
6979,1.0,-0.07930376986042127,1.6374023236701847,-0.22585497996212162,-0.6671509512513616,-0.3362948217714412,0.0,0
6980,1.0,-0.5898023823766438,-0.011661356008488291,-1.1226030349758407,0.36673853449660765,-0.3362948217714412,0.0,0
6981,1.0,-0.8048642596137867,-0.6697149300917024,-1.1226030349758407,-0.22835466246442992,-0.3362948217714412,0.0,0
6982,1.0,-0.159500116279833,-0.2760259840332323,-1.1226030349758407,-0.9705222792290521,-0.3362948217714412,0.0,0
6983,1.0,0.01869911090587183,-0.01023235801916531,-0.22585497996212162,2.326274616170106,-0.3362948217714412,0.0,0
6984,1.0,-0.7039159370758291,-0.6189855014707378,-0.22585497996212162,1.0496880680399843,-0.3362948217714412,0.0,0
6985,1.0,-0.28602022874451455,0.13123844292380565,1.5676411300653166,-0.46377081297511796,2.833611433315728,0.0,0
6986,1.0,0.9938188489493603,0.5385028698808438,-0.22585497996212162,-1.0146931445826037,-0.3362948217714412,0.0,0
6987,1.0,-0.11344411766835108,-0.38963132418440605,-0.22585497996212162,-1.3510712730442669,-0.3362948217714412,0.0,0
6988,1.0,-0.20814453341792935,-0.5268151311594083,-0.22585497996212162,-0.6754026513723547,2.833611433315728,0.0,0
6989,1.0,-0.11032016427416147,-0.6911498999315463,-0.22585497996212162,-0.5312405963173561,-0.3362948217714412,0.0,0
6990,1.0,2.51076598926223,1.3666072046934876,-1.1226030349758407,-0.49823379583338356,-0.3362948217714412,0.0,0
6991,1.0,-0.7747850512183034,-0.15384665594612085,-1.1226030349758407,-0.8316995595464608,-0.3362948217714412,0.0,0
6992,1.0,-0.9840453007233797,-0.9255055701805085,-0.22585497996212162,-0.37639987051754303,-0.3362948217714412,0.0,0
6993,1.0,0.43213202867405837,-0.35176287746734813,-1.1226030349758407,1.8175815734171146,-0.3362948217714412,0.0,0
6994,1.0,-0.48693505989654134,-0.34104539254742605,0.6708930750515975,1.745257848827233,-0.3362948217714412,0.0,0
6995,1.0,0.023028017752105952,-0.42749977090146396,-0.22585497996212162,1.7734107080635628,-0.3362948217714412,0.0,0
6996,1.0,-0.1336605589193215,-0.49609167438896506,-1.1226030349758407,1.2540389945657568,-0.3362948217714412,0.0,0
6997,1.0,-0.7259174945520507,-0.6254159924226912,-1.1226030349758407,1.2885019774240225,-0.3362948217714412,0.0,0
6998,1.0,0.2729442892872792,-0.3138944307502902,-0.22585497996212162,-1.4937771457249727,-0.3362948217714412,0.0,0
6999,1.0,0.388396681155403,-0.016662848971118627,-0.22585497996212162,-0.007014941571907095,-0.3362948217714412,0.0,0
7000,1.0,-0.9162108841638326,-0.807613236061366,-1.1226030349758407,-0.42105612999585895,-0.3362948217714412,0.0,0
7001,1.0,-0.7585851214741484,-0.3460468855100563,-1.1226030349758407,-1.0695426806809702,-0.3362948217714412,0.0,1
7002,1.0,-0.8928704895186728,-0.7068688778140987,-0.22585497996212162,-0.3438784641583347,-0.3362948217714412,0.0,0
7003,1.0,1.1335934493865318,0.17839537657146287,0.6708930750515975,-1.0331381213236472,-0.3362948217714412,0.0,0
7004,1.0,-0.3398414829358394,-0.5546805919512056,0.6708930750515975,0.3978037584815232,-0.3362948217714412,1.0,0
7005,1.0,-0.7306034246433353,-0.749738817493787,-0.22585497996212162,0.10608188949817585,-0.3362948217714412,0.0,0
7006,1.0,1.6460556897505312,1.2429988786170534,-0.22585497996212162,0.30509348065154096,-0.3362948217714412,0.0,0
7007,1.0,-1.1266314592153224,-0.8240467129385798,-0.22585497996212162,-1.462711921740057,-0.3362948217714412,0.0,0
7008,1.0,-0.9565991387601418,-0.6332754813639673,1.5676411300653166,0.6691390742247694,-0.3362948217714412,0.0,0
7009,1.0,-0.9173265818046146,-0.5239571351807624,-1.1226030349758407,-1.2122485533616758,-0.3362948217714412,0.0,0
7010,1.0,1.1732230295871093,1.0793786088395765,-1.1226030349758407,0.05220314164933803,-0.3362948217714412,0.0,0
7011,1.0,0.5107217704907442,0.5906612964911312,-1.1226030349758407,-0.7957803943139024,-0.3362948217714412,0.0,0
7012,1.0,-1.2387813860667314,-0.8962111113993882,0.6708930750515975,0.3342171281373993,2.833611433315728,0.0,0
7013,1.0,-1.275287012873119,-0.9812364917641032,-1.1226030349758407,-0.9782885852252808,-0.3362948217714412,0.0,0
7014,1.0,-0.06529060749219912,0.5370738718915209,-1.1226030349758407,-0.2744671043170389,-0.3362948217714412,0.0,0
7015,1.0,1.0693292652774875,0.02692158970323101,-0.22585497996212162,0.520123077922128,-0.3362948217714412,0.0,0
7016,1.0,-0.13740930299234896,-0.2831709739798469,-1.1226030349758407,0.18665731420905046,-0.3362948217714412,0.0,0
7017,1.0,-0.6828069377122333,-0.5525370949672213,1.5676411300653166,2.147164184132077,-0.3362948217714412,0.0,0
7018,1.0,-0.9599016037768566,-0.7704592883389695,2.464389185079036,0.6230266323721606,-0.3362948217714412,0.0,0
7019,1.0,1.0949010552042115,2.3819102761074364,0.6708930750515975,1.686525159730752,-0.3362948217714412,0.0,0
7020,1.0,0.12205734034791833,-0.022378840928410353,-0.22585497996212162,1.0147396910569544,-0.3362948217714412,0.0,0
7021,1.0,1.78328649956672,2.1504126018371204,-1.1226030349758407,-0.37639987051754303,-0.3362948217714412,0.0,0
7022,1.0,-0.21466020764009627,-0.3360438995847957,-0.22585497996212162,-1.0894438397963067,-0.3362948217714412,1.0,0
7023,1.0,-1.3345082436458289,-1.0048149585879318,-1.1226030349758407,0.2138393851958515,-0.3362948217714412,0.0,0
7024,1.0,-0.7711255629565382,-0.7754607813015999,-0.22585497996212162,-0.4060089121281656,-0.3362948217714412,0.0,0
7025,1.0,0.7025771367996207,1.1022425766687438,0.6708930750515975,1.4889697509516804,-0.3362948217714412,0.0,0
7026,1.0,-0.1503513956254206,-0.10240272833049492,-1.1226030349758407,1.3943178966226404,2.833611433315728,0.0,0
7027,1.0,0.32435563657451477,-0.21815156546565312,0.6708930750515975,1.8505883739010873,-0.3362948217714412,0.0,0
7028,1.0,0.2707575219113464,-0.3267554126541966,-0.22585497996212162,0.03764131790640887,-0.3362948217714412,0.0,0
7029,1.0,-0.5466471976311952,-0.43393026185341715,-0.22585497996212162,-0.6661801630018328,-0.3362948217714412,1.0,0
7030,1.0,0.4061585875966529,-0.0731082695493747,-0.22585497996212162,-1.486496233853508,-0.3362948217714412,0.0,0
7031,1.0,-0.4221353409199214,1.2122754218466099,-0.22585497996212162,-0.8491737480379757,-0.3362948217714412,0.0,0
7032,1.0,-0.5859197545867224,-0.6146985075027691,2.464389185079036,-0.6788004102457049,-0.3362948217714412,0.0,0
7033,1.0,2.87760737355136,1.4487745890795567,0.6708930750515975,0.0007513644243217345,-0.3362948217714412,0.0,0
7034,1.0,-0.6914647514047019,-0.6382769743265976,1.5676411300653166,-0.8695603012780766,-0.3362948217714412,0.0,0
7035,1.0,-0.18841899912890311,-0.08382575446929676,-1.1226030349758407,1.6535183592467793,-0.3362948217714412,0.0,0
7036,1.0,-0.8687714204777809,-0.8226177149492568,0.6708930750515975,0.17403706696517857,-0.3362948217714412,0.0,1
7037,1.0,-0.5366951746754195,-0.6096970145401388,-0.22585497996212162,1.3632526726377252,-0.3362948217714412,0.0,0
7038,1.0,-1.1883518527033838,-0.8197597189706111,0.6708930750515975,0.3007249335286622,-0.3362948217714412,0.0,0
7039,1.0,-0.2418386021695465,-0.617556503481415,-0.22585497996212162,-0.26864237481986736,-0.3362948217714412,0.0,0
7040,1.0,-0.029811422515330567,-0.34747588349937925,0.6708930750515975,0.4866308833133909,-0.3362948217714412,1.0,0
7041,1.0,0.6583955102246527,0.3255821694717256,-1.1226030349758407,-0.29339747518284687,-0.3362948217714412,0.0,0
7042,1.0,-0.695615146628411,-0.30103344884638367,-1.1226030349758407,-0.9180997137545072,-0.3362948217714412,0.0,0
7043,1.0,0.4369072145766054,0.2934297147119594,-1.1226030349758407,-0.020120582940543228,-0.3362948217714412,0.0,0
7044,1.0,-0.3803189933434111,-0.5060946603142257,-0.22585497996212162,0.21335399107108724,-0.3362948217714412,0.0,0
7045,1.0,-1.2284723398659054,-0.9176460812392324,-0.22585497996212162,-0.06623302479315221,-0.3362948217714412,0.0,0
7046,1.0,-1.0267095785068843,-0.7040108818354529,-0.22585497996212162,-0.2628176453226958,-0.3362948217714412,0.0,0
7047,1.0,0.4499385630209395,0.6485357150587102,1.5676411300653166,-0.2870873515609108,-0.3362948217714412,0.0,0
7048,1.0,0.43289070306978994,2.404059744941942,-0.22585497996212162,-1.2035114591159182,-0.3362948217714412,1.0,0
7049,1.0,-0.013790004393700822,-0.23815753731617428,-1.1226030349758407,-1.6495886597743143,-0.3362948217714412,0.0,0
7050,1.0,1.3107216068370862,1.0429391601118416,-0.22585497996212162,0.8851394597448848,-0.3362948217714412,0.0,0
7051,1.0,-0.38861978379082945,0.26556425392016214,-0.22585497996212162,1.0113419321836041,-0.3362948217714412,0.0,0
7052,1.0,-1.1318975520798134,-0.8862081254741278,-0.22585497996212162,-1.475332168983929,2.833611433315728,0.0,0
7053,1.0,-0.8760903970013111,-0.7947522541574596,-0.22585497996212162,0.258981038798932,-0.3362948217714412,0.0,0
7054,1.0,-0.4864441529345972,-0.5968360326362323,-0.22585497996212162,0.34877895188032815,-0.3362948217714412,0.0,0
7055,1.0,-0.017181725221678133,-0.23529954133752842,-0.22585497996212162,-0.7370477052174215,-0.3362948217714412,0.0,0
7056,1.0,-1.1048976691728885,-0.9197895782232168,0.6708930750515975,-0.586575526540487,2.833611433315728,0.0,0
7057,1.0,-1.0011824164857916,-0.8947821134100653,1.5676411300653166,-1.9350004051357255,-0.3362948217714412,0.0,0
7058,1.0,2.8536421882273624,2.9442209849060132,-0.22585497996212162,-0.3244626991677625,-0.3362948217714412,0.0,0
7059,1.0,-1.095302669462163,-0.6732874250650097,0.6708930750515975,2.0549393004268595,-0.3362948217714412,0.0,0
7060,1.0,0.7378331822483328,0.11194697006794611,0.6708930750515975,1.7704983433149768,-0.3362948217714412,1.0,0
7061,1.0,0.5969428841703789,0.17267938461417093,-0.22585497996212162,0.10802346599723313,-0.3362948217714412,0.0,0
7062,1.0,-0.2878053449697658,-0.4575087286772456,2.464389185079036,-0.20359956210145042,-0.3362948217714412,0.0,0
7063,1.0,-0.5260737331351747,-0.13669868007424557,1.5676411300653166,0.005119911547200535,2.833611433315728,0.0,0
7064,1.0,-0.3133771348964897,0.35987812121547613,-0.22585497996212162,0.9132923189812147,-0.3362948217714412,0.0,1
7065,1.0,0.716768810790368,0.010488112826017222,-0.22585497996212162,0.8890226127429994,-0.3362948217714412,0.0,0
7066,1.0,0.8381120862018209,1.7781586256184947,-1.1226030349758407,-1.4030084443940474,2.833611433315728,0.0,0
7067,1.0,-0.2767822522788394,-0.49680617338362654,-0.22585497996212162,0.17063930809182853,-0.3362948217714412,0.0,0
7068,1.0,2.5947110797546706,-0.2360140403321899,1.5676411300653166,-0.49289446046097624,-0.3362948217714412,0.0,0
7069,1.0,0.8577929925852159,1.3437432368643207,0.6708930750515975,-0.8452905950398614,-0.3362948217714412,0.0,0
7070,1.0,1.0167575924438386,0.7507090712953003,-0.22585497996212162,-1.0176055093311895,-0.3362948217714412,0.0,0
7071,1.0,0.8001337385096009,0.07836551731885695,0.6708930750515975,-1.4360152448780203,2.833611433315728,0.0,1
7072,1.0,-1.3345082436458289,-0.8926386164260809,-0.22585497996212162,0.2512147328027032,2.833611433315728,0.0,0
7073,1.0,-0.7496595403478922,-0.4146387889975574,-0.22585497996212162,2.4272365941210814,-0.3362948217714412,0.0,0
7074,1.0,2.996496114153093,1.645261812611461,-0.22585497996212162,0.43275213546455304,2.833611433315728,0.0,0
7075,1.0,0.1645431065088977,-0.0809677584906508,-1.1226030349758407,-0.8564546599094404,-0.3362948217714412,1.0,0
7076,1.0,0.0988508294196523,1.4959315227272136,-1.1226030349758407,-0.11622861964387576,-0.3362948217714412,0.0,0
7077,1.0,-0.7748296791239346,-0.8054697390773816,-0.22585497996212162,-0.6676363453761258,-0.3362948217714412,0.0,0
7078,1.0,-0.5335265933755986,-0.3160379277342746,0.6708930750515975,1.679729641984052,-0.3362948217714412,0.0,0
7079,1.0,-0.32890764605617545,-0.6154130064974305,-0.22585497996212162,0.8540742357599695,-0.3362948217714412,0.0,0
7080,1.0,0.4170031686650542,0.6828316668024608,0.6708930750515975,0.332275551638342,-0.3362948217714412,0.0,0
7081,1.0,1.8870910080650793,-0.17599612478062637,0.6708930750515975,-0.2594198864493455,-0.3362948217714412,0.0,0
7082,1.0,0.34653570567326153,1.1972709429587192,0.6708930750515975,-0.7875286941929092,-0.3362948217714412,0.0,0
7083,1.0,-1.314202546583596,-0.9276490671644931,-1.1226030349758407,-0.3220357285439409,-0.3362948217714412,0.0,0
7084,1.0,0.16583731577220495,-0.6068390185614929,0.6708930750515975,-1.0889584456715422,-0.3362948217714412,1.0,0
7085,1.0,-0.33819025042748196,-0.2831709739798469,0.6708930750515975,-1.1350708875241513,-0.3362948217714412,0.0,0
7086,1.0,-0.3959833882199907,-0.5682560728497735,0.6708930750515975,0.7273863691964859,-0.3362948217714412,0.0,0
7087,1.0,-0.05078653816203281,-0.603981022582847,-1.1226030349758407,-1.3539836377928527,-0.3362948217714412,0.0,0
7088,1.0,-0.9129976749583805,-0.7961812521467826,-1.1226030349758407,-0.28077722793897497,-0.3362948217714412,0.0,0
7089,1.0,-0.7964742133551058,-0.6861484069689161,2.464389185079036,-1.6102717356684055,-0.3362948217714412,0.0,0
7090,1.0,-0.34689269202558165,0.2841412277813603,1.5676411300653166,-0.3239773050429982,-0.3362948217714412,0.0,0
7091,1.0,-0.8955927917621809,-0.8733471435702213,-0.22585497996212162,-1.8689868041677802,-0.3362948217714412,0.0,0
7092,1.0,-1.06035901935287,-0.7440228255364952,-0.22585497996212162,1.1244387632536872,-0.3362948217714412,0.0,1
7093,1.0,-0.2022090219689688,-0.1809976177432567,-0.22585497996212162,-0.31863796967059066,-0.3362948217714412,0.0,0
7094,1.0,0.7014168112532074,0.1755373805928169,-1.1226030349758407,0.3458665871317424,2.833611433315728,0.0,0
7095,1.0,0.9233513859575674,0.4241830307350085,-0.22585497996212162,1.1346320398737375,-0.3362948217714412,0.0,0
7096,1.0,0.25103198762232015,0.09194099821742498,-1.1226030349758407,-0.6618116158789543,-0.3362948217714412,0.0,0
7097,1.0,2.54941375553892,2.9499369768633055,0.6708930750515975,0.1968505908291008,-0.3362948217714412,0.0,0
7098,1.0,-0.7460000520861271,-0.328898909638181,2.464389185079036,0.8419393826408622,-0.3362948217714412,0.0,0
7099,1.0,0.8278476679066262,1.1594024962416614,-0.22585497996212162,-0.3851369647633006,-0.3362948217714412,0.0,0
7100,1.0,-0.41579817832027943,-0.06667777859742138,-0.22585497996212162,0.12841001923733383,-0.3362948217714412,0.0,0
7101,1.0,-0.0029007954196682835,-0.4346447608480786,-0.22585497996212162,0.01628397641677966,-0.3362948217714412,0.0,0
7102,1.0,-0.9191563259354972,-0.7976102501361054,-1.1226030349758407,-0.9685807027299947,-0.3362948217714412,0.0,0
7103,1.0,-0.8671648158750549,-0.6011230266042011,-0.22585497996212162,-1.5151344872146018,-0.3362948217714412,0.0,0
7104,1.0,0.5573133039698015,0.2305538031817502,-1.1226030349758407,0.6201142676235746,-0.3362948217714412,0.0,0
7105,1.0,-0.6143477304738484,-0.30246244683570667,2.464389185079036,1.8549569210239663,-0.3362948217714412,0.0,0
7106,1.0,0.21617759332428998,2.1568430927890736,-1.1226030349758407,0.6526356739827831,-0.3362948217714412,0.0,0
7107,1.0,0.1598571764176134,-0.01809184696044161,-0.22585497996212162,2.125806842642448,-0.3362948217714412,0.0,0
7108,1.0,-1.033805415502258,-0.7704592883389695,-1.1226030349758407,-1.6199796181636916,-0.3362948217714412,1.0,0
7109,1.0,0.24353449947626518,-0.03381082484299381,-1.1226030349758407,0.6002131085082381,-0.3362948217714412,0.0,0
7110,1.0,2.274773624284017,0.7685715461618371,-0.22585497996212162,-0.8894614603934131,-0.3362948217714412,0.0,0
7111,1.0,-0.41660148062164254,-0.9133590872712637,-1.1226030349758407,0.24150685030741706,-0.3362948217714412,0.0,0
7112,1.0,0.073234411587297,-0.30317694583036814,-1.1226030349758407,-1.4321320918799056,-0.3362948217714412,0.0,0
7113,1.0,0.2608947547668334,0.8028674979055879,-0.22585497996212162,-1.349615090669974,-0.3362948217714412,0.0,0
7114,1.0,-1.2238310376802521,-0.9683755098601967,-0.22585497996212162,0.022108705913951216,-0.3362948217714412,0.0,0
7115,1.0,-0.517371291537075,-0.35033387947802513,-0.22585497996212162,0.6739930154724124,-0.3362948217714412,0.0,0
7116,1.0,-0.6573244035967719,-0.6096970145401388,-1.1226030349758407,1.391405531874055,-0.3362948217714412,0.0,0
7117,1.0,-0.024813097084627082,-0.05524579468283793,-0.22585497996212162,-1.9165554283946817,-0.3362948217714412,0.0,0
7118,1.0,-0.7763916558210294,-0.9162170832499095,3.361137240092755,-0.6957892046124554,-0.3362948217714412,0.0,0
7119,1.0,-0.5506190812323791,0.10051498615336246,-0.22585497996212162,-0.7797623881966803,-0.3362948217714412,0.0,0
7120,1.0,0.058730342257130703,1.7131392171043005,0.6708930750515975,0.34246882825839237,-0.3362948217714412,0.0,0
7121,1.0,1.434117765907578,0.9857792405389239,0.6708930750515975,-0.5259012609449488,-0.3362948217714412,0.0,0
7122,1.0,-1.3345082436458289,-0.9790929947801188,2.464389185079036,1.5146956395641882,-0.3362948217714412,0.0,0
7123,1.0,0.7301571824797524,0.6985506446850129,-0.22585497996212162,-1.3700016439100748,-0.3362948217714412,0.0,0
7124,1.0,0.0779649695842128,-0.2931739599051076,-0.22585497996212162,1.502075392320316,-0.3362948217714412,0.0,0
7125,1.0,0.5370968627188311,-0.3596223664086242,-1.1226030349758407,1.0404655796694624,-0.3362948217714412,0.0,0
7126,1.0,-0.7576925633615228,-0.5496790989885753,-0.22585497996212162,-1.7714225850901548,-0.3362948217714412,0.0,0
7127,1.0,-0.35791578471650803,-0.6239869944333682,-1.1226030349758407,-0.42202691824538774,-0.3362948217714412,0.0,0
7128,1.0,-0.510721733598014,-0.20171808858843934,-1.1226030349758407,-1.6384245949047354,-0.3362948217714412,0.0,0
7129,1.0,1.0615640096976446,0.20840433434724448,-0.22585497996212162,-1.438927609626606,2.833611433315728,0.0,1
7130,1.0,0.04846592396193603,-0.5453921050206065,1.5676411300653166,0.11142122487058315,-0.3362948217714412,0.0,0
7131,1.0,-0.9368289765654844,-0.413924290002896,0.6708930750515975,-0.402125759130051,-0.3362948217714412,0.0,0
7132,1.0,-1.1310049939671878,-0.845481682778424,-0.22585497996212162,-0.9797447675995737,2.833611433315728,0.0,0
7133,1.0,-0.17288848796921727,-0.25244751720940367,0.6708930750515975,-1.5224153990860665,-0.3362948217714412,0.0,0
7134,1.0,-0.5657925691470147,-0.7075833768087603,0.6708930750515975,-0.28999971630949684,-0.3362948217714412,0.0,0
7135,1.0,0.9958271047027676,0.5828018075498549,-1.1226030349758407,-0.8409220479169827,-0.3362948217714412,0.0,0
7136,1.0,2.0532407007303384,0.5427898638488126,-1.1226030349758407,-1.2826307014525,-0.3362948217714412,0.0,0
7137,1.0,-0.3910296906949186,-0.5353891190953459,-0.22585497996212162,-0.48561354858951167,2.833611433315728,0.0,0
7138,1.0,-1.0489789034168933,-0.5489645999939139,-0.22585497996212162,0.5579838196537433,-0.3362948217714412,0.0,0
7139,1.0,-0.02704449236619113,-0.05310229769885356,-0.22585497996212162,0.4890578539372124,-0.3362948217714412,0.0,0
7140,1.0,-0.1532075815858225,-0.13812767806356846,-1.1226030349758407,0.13180777811068414,-0.3362948217714412,0.0,0
7141,1.0,0.32908619457143057,-0.15313215695145938,-1.1226030349758407,1.9161165807442684,-0.3362948217714412,0.0,0
7142,1.0,-0.8934952801975107,-0.50823815729821,1.5676411300653166,0.5579838196537433,-0.3362948217714412,0.0,0
7143,1.0,-0.45864096772630925,-0.844052684789101,-1.1226030349758407,-0.49629221933432627,-0.3362948217714412,0.0,0
7144,1.0,0.7705454370760616,-0.3767703422804995,0.6708930750515975,0.9487260900890088,-0.3362948217714412,0.0,0
7145,1.0,-0.7405554475991108,-0.7211588577073281,2.464389185079036,2.4549040592326463,-0.3362948217714412,0.0,1
7146,1.0,-0.28436899623615713,0.798580503937619,-1.1226030349758407,2.2753082330698535,-0.3362948217714412,0.0,0
7147,1.0,2.0263747015403073,4.840501316737555,-0.22585497996212162,-0.41426061224915867,2.833611433315728,0.0,0
7148,1.0,1.6626126427397365,1.2122754218466099,-0.22585497996212162,-0.38028302351565757,-0.3362948217714412,0.0,0
7149,1.0,-0.2784334847871968,-0.3689108533392234,-0.22585497996212162,1.4753787154582796,-0.3362948217714412,0.0,0
7150,1.0,0.612071744179383,-0.4818016944957356,0.6708930750515975,1.0996836628907076,2.833611433315728,0.0,0
7151,1.0,-0.26642857817238225,-0.2510185192200808,0.6708930750515975,1.1011398452650003,-0.3362948217714412,0.0,0
7152,1.0,-0.11567551294991513,-0.3589078674139628,-0.22585497996212162,1.1108477277602864,-0.3362948217714412,0.0,0
7153,1.0,1.0474169636125286,0.6170977592936054,0.6708930750515975,-0.16865118511842056,-0.3362948217714412,0.0,0
7154,1.0,-0.43570222423183075,-0.6968658918888382,-0.22585497996212162,0.18374494946046468,-0.3362948217714412,0.0,0
7155,1.0,-0.43458652659104874,-0.6397059723159206,1.5676411300653166,0.037155923781644624,-0.3362948217714412,0.0,0
7156,1.0,0.46761121365092667,-0.3846298312217757,-0.22585497996212162,0.3473227695060354,-0.3362948217714412,0.0,0
7157,1.0,-1.1848708760641438,-0.8597716626716534,-1.1226030349758407,0.6288513618693321,-0.3362948217714412,0.0,0
7158,1.0,-0.36202155203458597,-0.7168718637393593,-0.22585497996212162,-0.5516271495574572,-0.3362948217714412,0.0,0
7159,1.0,2.07488523496151,1.0686611239196548,-0.22585497996212162,1.2715131830572715,-0.3362948217714412,0.0,0
7160,1.0,0.12830524713629757,0.013346108804663186,-1.1226030349758407,-0.8899468545181775,-0.3362948217714412,0.0,0
7161,1.0,0.2546914758840854,0.14267042683838932,0.6708930750515975,-0.4846427603399829,-0.3362948217714412,0.0,0
7162,1.0,-0.32453411130431,-0.8033262420933972,-0.22585497996212162,-0.5225035020715988,-0.3362948217714412,0.0,0
7163,1.0,-0.4918441295159822,-0.22243855943362198,-1.1226030349758407,0.6152603263759315,-0.3362948217714412,0.0,0
7164,1.0,-0.30471932120402123,-0.5954070346469094,-0.22585497996212162,-0.3220357285439409,-0.3362948217714412,0.0,0
7165,1.0,-1.2937629658044694,-0.8704891475915755,1.5676411300653166,1.3719897668834828,-0.3362948217714412,0.0,0
7166,1.0,-0.17355790655368664,0.21912181926716653,-0.22585497996212162,1.4515944033448287,-0.3362948217714412,0.0,0
7167,1.0,-1.1766593414279882,-0.8269047089172258,-1.1226030349758407,-1.1768147822538815,2.833611433315728,0.0,0
7168,1.0,-0.043690701166659,-0.44822024174664654,0.6708930750515975,2.0612494240487957,2.833611433315728,0.0,0
7169,1.0,0.6571013009613454,-0.4060648010616198,-0.22585497996212162,-1.021488662329304,-0.3362948217714412,0.0,0
7170,1.0,-0.7791139580645376,-0.8233322139439184,1.5676411300653166,0.3890666642357656,2.833611433315728,0.0,0
7171,1.0,3.8896343895519174,1.0836656028075455,-1.1226030349758407,-0.19874562085380737,-0.3362948217714412,0.0,0
7172,1.0,-0.5509314765717981,-0.7604563024137091,0.6708930750515975,0.8332022883951046,-0.3362948217714412,0.0,0
7173,1.0,-0.5505298254211167,-0.21529356948700726,-0.22585497996212162,-0.14389608475544105,2.833611433315728,0.0,0
7174,1.0,-0.3493025989296709,0.5385028698808438,2.464389185079036,-0.7253982462230781,-0.3362948217714412,0.0,0
7175,1.0,-0.5359365002796878,-0.857628165687669,-1.1226030349758407,-0.9622705791080588,-0.3362948217714412,0.0,0
7176,1.0,-1.118330668767904,-0.8833501294954819,-0.22585497996212162,0.7060290277068567,-0.3362948217714412,0.0,0
7177,1.0,-0.871002815759345,-0.033096325848332414,0.6708930750515975,0.5516736960318076,-0.3362948217714412,0.0,0
7178,1.0,-0.6730780542846141,-0.2896014649318002,-1.1226030349758407,0.39974533498058024,-0.3362948217714412,0.0,0
7179,1.0,-1.1455536912029856,-0.8047552400827201,-0.22585497996212162,1.7171049895909032,-0.3362948217714412,0.0,0
7180,1.0,-0.882115164261534,-0.6189855014707378,1.5676411300653166,-0.21330744459673653,-0.3362948217714412,0.0,0
7181,1.0,-1.3345082436458289,-0.9905249786947025,-0.22585497996212162,-1.128275369777451,-0.3362948217714412,0.0,0
7182,1.0,-0.8616309555767762,-0.9012126043620187,2.464389185079036,-0.20165798560239342,-0.3362948217714412,0.0,0
7183,1.0,-0.6081890794967316,0.11837746101989924,-0.22585497996212162,-1.9350004051357255,-0.3362948217714412,0.0,0
7184,1.0,0.680040044455824,-0.16170614488739707,1.5676411300653166,0.43760607671219615,-0.3362948217714412,0.0,0
7185,1.0,-0.9931047655665297,-0.7654577953763393,-0.22585497996212162,-1.3501004847947384,-0.3362948217714412,0.0,0
7186,1.0,-0.9815015101023967,-0.7754607813015999,1.5676411300653166,1.3210233837832304,-0.3362948217714412,0.0,0
7187,1.0,-1.0917324370116606,-0.7354488376005576,-0.22585497996212162,0.1915112554566935,-0.3362948217714412,0.0,0
7188,1.0,-1.146133853976192,-0.5696850708390965,2.464389185079036,-1.0336235154484117,-0.3362948217714412,0.0,1
7189,1.0,-0.38308592349255055,-0.8004682461147513,-1.1226030349758407,-0.7948096060643737,-0.3362948217714412,0.0,0
7190,1.0,-0.8785449318110314,-0.8340496988638404,0.6708930750515975,1.3715043727587186,-0.3362948217714412,0.0,0
7191,1.0,0.18333145477966714,-0.01952084494976439,-1.1226030349758407,-0.44484044210931,-0.3362948217714412,0.0,0
7192,1.0,-1.0503623684914631,-0.6082680165508159,-1.1226030349758407,-1.258360995214285,-0.3362948217714412,0.0,0
7193,1.0,0.028160226899703156,1.0257911842399665,-0.22585497996212162,-1.4457231273733064,-0.3362948217714412,0.0,1
7194,1.0,0.6698648819718919,1.67384177239792,0.6708930750515975,1.0132835086826617,-0.3362948217714412,0.0,0
7195,1.0,0.3457770312775297,0.13838343287042038,-0.22585497996212162,-0.16379724387077751,-0.3362948217714412,0.0,0
7196,1.0,-0.6918664025553833,-0.7904652601894907,0.6708930750515975,0.36625314037184337,-0.3362948217714412,0.0,0
7197,1.0,-0.9603032549275382,-0.7325908416219116,-0.22585497996212162,-0.5579372731793929,-0.3362948217714412,0.0,0
7198,1.0,1.0724532186716773,0.511351908083708,-1.1226030349758407,-0.3196087579201194,-0.3362948217714412,0.0,0
7199,1.0,1.3354008386511844,3.1157007436247666,1.5676411300653166,1.1758905404787037,-0.3362948217714412,0.0,0
7200,1.0,-1.166305667321531,-0.9004981053673572,-1.1226030349758407,-1.187008058873932,-0.3362948217714412,0.0,0
7201,1.0,-0.8108890268740095,-0.7647432963816778,-1.1226030349758407,-0.06380605416933069,2.833611433315728,0.0,0
7202,1.0,-0.45319636323929297,-0.4060648010616198,0.6708930750515975,0.4778937890676333,-0.3362948217714412,0.0,0
7203,1.0,0.527725002536262,-0.11526371023440136,0.6708930750515975,0.32305306326782013,-0.3362948217714412,0.0,0
7204,1.0,-0.24955922984375795,-0.150988659967475,-0.22585497996212162,0.9846452553215677,2.833611433315728,0.0,0
7205,1.0,-0.4618988048373927,-0.08739824944260412,-1.1226030349758407,-0.10069600765141783,-0.3362948217714412,0.0,0
7206,1.0,-0.19752309187768452,0.46562397242537373,-1.1226030349758407,0.741948192939415,-0.3362948217714412,0.0,0
7207,1.0,0.7730892276970446,-0.2824564749851855,-1.1226030349758407,-1.1433225876451445,-0.3362948217714412,0.0,0
7208,1.0,0.0016066230490910504,-0.4575087286772456,-0.22585497996212162,-1.198172123743511,-0.3362948217714412,0.0,0
7209,1.0,0.18440252451481792,-0.05381679669351495,-1.1226030349758407,0.5943883790110666,-0.3362948217714412,0.0,0
7210,1.0,0.548521606560439,0.40417705888448735,-1.1226030349758407,0.06919193601608871,-0.3362948217714412,0.0,0
7211,1.0,1.7485659889855836,1.1358240294178328,0.6708930750515975,0.8754315772495987,-0.3362948217714412,0.0,0
7212,1.0,-0.2683922060201586,-0.50823815729821,-1.1226030349758407,-0.4375595302378454,-0.3362948217714412,0.0,0
7213,1.0,-1.1065042737756146,-0.8004682461147513,1.5676411300653166,-0.9438256023670153,-0.3362948217714412,0.0,0
7214,1.0,-0.8429318631172693,-0.7361633365952189,-0.22585497996212162,0.16432918446989248,-0.3362948217714412,0.0,0
7215,1.0,-0.9314289999840994,-0.6589974451717803,1.5676411300653166,1.0244475735522407,-0.3362948217714412,0.0,0
7216,1.0,-0.10759786203065327,1.2322813936971313,0.6708930750515975,0.2517001269274674,-0.3362948217714412,0.0,0
7217,1.0,-0.8337831424628568,-0.3467613845047178,-0.22585497996212162,0.33810028113551355,-0.3362948217714412,0.0,0
7218,1.0,1.244270655352109,-0.17671062377528787,-0.22585497996212162,1.3161694425355874,-0.3362948217714412,0.0,0
7219,1.0,3.5971877239501335,4.078130889433767,-1.1226030349758407,-0.5458024200602853,-0.3362948217714412,0.0,0
7220,1.0,-0.763761958527377,-0.7454518235258182,2.464389185079036,-0.9341177198717292,-0.3362948217714412,1.0,0
7221,1.0,2.3257386925149395,2.454789173562906,-0.22585497996212162,-0.3443638582830989,-0.3362948217714412,0.0,0
7222,1.0,-0.045431189486278896,-0.3631948613819316,-0.22585497996212162,1.438974156100957,-0.3362948217714412,0.0,1
7223,1.0,-1.2146376891202082,-0.9648030148868895,-0.22585497996212162,1.0370678207961121,-0.3362948217714412,0.0,0
7224,1.0,1.2313731906246688,-0.17099463181799615,-0.22585497996212162,0.17452246108994282,-0.3362948217714412,0.0,0
7225,1.0,-0.9661941384708673,-0.6997238878674841,-0.22585497996212162,-1.2889408250744359,-0.3362948217714412,0.0,0
7226,1.0,0.13330357256700107,-0.2360140403321899,-0.22585497996212162,0.3012103276534264,-0.3362948217714412,0.0,0
7227,1.0,1.0667854746565046,0.9764907536083249,-0.22585497996212162,-0.5254158668201846,-0.3362948217714412,0.0,0
7228,1.0,1.89128603119442,1.0836656028075455,-1.1226030349758407,-0.9967335619663245,-0.3362948217714412,0.0,0
7229,1.0,2.275086019623436,1.2301378967131467,-1.1226030349758407,-0.36280883502414235,-0.3362948217714412,0.0,0
7230,1.0,0.024768506071725847,-0.15027416097281351,-0.22585497996212162,-0.22350072121678688,-0.3362948217714412,0.0,1
7231,1.0,-0.7484099589902162,-0.7404503305631879,1.5676411300653166,0.9030990423611643,-0.3362948217714412,1.0,0
7232,1.0,1.45125488166999,-0.23529954133752842,-0.22585497996212162,-0.23951872733400906,2.833611433315728,0.0,0
7233,1.0,1.589378249598804,1.65455029954206,-1.1226030349758407,-0.5792946146690224,-0.3362948217714412,0.0,0
7234,1.0,0.059801411992281485,-0.3481903824940408,-1.1226030349758407,0.3220822750182917,-0.3362948217714412,0.0,0
7235,1.0,-0.03766593390643622,-0.2731679880545863,-0.22585497996212162,1.8549569210239663,-0.3362948217714412,0.0,1
7236,1.0,-0.9425413484862885,-0.9097865922979563,-0.22585497996212162,0.03278737665876582,-0.3362948217714412,0.0,0
7237,1.0,-0.3968759463326164,-0.07739526351734345,0.6708930750515975,0.21772253819396603,-0.3362948217714412,0.0,0
7238,1.0,-0.5013052455098138,0.6006642824163916,-1.1226030349758407,0.4992511305572625,-0.3362948217714412,0.0,1
7239,1.0,-0.8916209081609968,-0.5939780366575864,-1.1226030349758407,-0.6448228215122036,-0.3362948217714412,0.0,0
7240,1.0,0.10219792234199837,-0.05167329970953058,-0.22585497996212162,-1.0297403624502972,-0.3362948217714412,0.0,0
7241,1.0,-0.22264860274809567,-0.5025221653409183,-0.22585497996212162,-1.3996106855206973,2.833611433315728,0.0,0
7242,1.0,-0.811736957081004,-0.7383068335792035,0.6708930750515975,-0.11525783139434699,-0.3362948217714412,1.0,0
7243,1.0,1.0168468482551012,0.6313877391868348,-1.1226030349758407,-1.510765940091723,-0.3362948217714412,0.0,0
7244,1.0,-0.04779646848473692,-0.031667327859009435,-0.22585497996212162,2.168521525621707,-0.3362948217714412,0.0,0
7245,1.0,0.7626016698736937,-0.2674519960972946,1.5676411300653166,-0.402125759130051,-0.3362948217714412,0.0,0
7246,1.0,-0.04726093361716152,0.14981541678500404,1.5676411300653166,-0.6263778447711599,-0.3362948217714412,0.0,0
7247,1.0,-0.5598124297924231,-0.7826057712482145,-0.22585497996212162,0.48274773031527635,-0.3362948217714412,0.0,0
7248,1.0,-0.28869790308239135,-0.559682084913836,-0.22585497996212162,-1.7180292313660812,-0.3362948217714412,0.0,0
7249,1.0,0.4849714689414949,0.6878331597650911,-0.22585497996212162,0.35266210487844274,-0.3362948217714412,0.0,0
7250,1.0,-0.41579817832027943,-0.3781993402698225,-1.1226030349758407,1.971451510967399,-0.3362948217714412,0.0,0
7251,1.0,0.5229498166337149,-0.15599015293010524,-0.22585497996212162,-0.7952950001891379,-0.3362948217714412,0.0,0
7252,1.0,-0.42847250351956323,-0.42035478095484924,-0.22585497996212162,2.406364646756216,-0.3362948217714412,0.0,0
7253,1.0,-1.1830411319332614,-0.8733471435702213,1.5676411300653166,0.8671798771286059,-0.3362948217714412,0.0,0
7254,1.0,-0.07158314218620958,-0.4818016944957356,-1.1226030349758407,-1.17438781163006,6.003517688402897,0.0,0
7255,1.0,-0.4180742015074748,0.10408748112666982,-0.22585497996212162,-0.7622881997051653,-0.3362948217714412,0.0,0
7256,1.0,0.5569116528191198,1.200128938937365,-1.1226030349758407,-1.1273045815279226,-0.3362948217714412,0.0,1
7257,1.0,-0.09237974621038661,-0.08525475245861974,2.464389185079036,1.5195495808118313,2.833611433315728,0.0,0
