account_id,application_date,requested_loan_amount,disposable_income,debt_to_income_ratio,recent_application_count,revolving_utilisation,historic_defaults,time_at_address_months,loan_purpose,predicted_pd,score,decision,total_missed_payments,observed_group,observed_bad
RETRO-2025-000001,2025-02-20,7000.0,274.21,0.149,1,0.4782,0,39,car,0.035239272494866386,582.621178905346,Flag / decline,0,Known good,0
RETRO-2025-000002,2025-04-24,8900.0,1730.16,0.0857,1,0.0756,0,136,other,0.019964453418136012,599.4694481618852,Accept,0,Known good,0
RETRO-2025-000003,2025-06-08,6900.0,2333.96,0.0407,0,0.6599,0,102,car,0.028337064127766178,589.1167509662703,Flag / decline,6,Known bad,1
RETRO-2025-000004,2025-04-10,16100.0,863.66,0.1702,2,0.4448,1,69,debt_consolidation,0.061067842456806326,565.9735989935922,Flag / decline,0,Known good,0
RETRO-2025-000005,2025-03-01,6400.0,295.79,0.2073,1,0.1288,0,115,car,0.023388701975168798,594.8008915167898,Accept,0,Known good,0
RETRO-2025-000006,2025-03-02,9900.0,3789.53,0.0662,0,0.4718,0,95,major_purchase,0.025115557924295328,592.694436008901,Flag / decline,0,Known good,0
RETRO-2025-000007,2025-06-16,5500.0,1275.96,0.1732,1,0.4415,0,99,debt_consolidation,0.03002703165310199,587.3950916828708,Flag / decline,0,Known good,0
RETRO-2025-000008,2025-04-27,6200.0,-583.73,0.6951,0,0.7873,0,35,major_purchase,0.09297835226320102,552.8462805960918,Flag / decline,0,Known good,0
RETRO-2025-000009,2025-01-07,6600.0,1859.5,0.1429,0,0.5396,2,98,debt_consolidation,0.07879913806021077,558.0681563439599,Flag / decline,2,Indeterminate,0
RETRO-2025-000010,2025-06-28,9000.0,-51.04,0.4781,3,0.7963,0,26,debt_consolidation,0.12182420477294338,544.1170555146364,Flag / decline,0,Known good,0
RETRO-2025-000011,2025-05-28,10900.0,694.13,0.1096,4,0.6467,0,99,home_improvement,0.04994582186010055,572.1143539180355,Flag / decline,0,Known good,0
RETRO-2025-000012,2025-03-16,5300.0,49.16,0.2762,1,0.2169,0,58,home_improvement,0.04723256240453978,573.8082841537316,Flag / decline,0,Known good,0
RETRO-2025-000013,2025-06-24,9700.0,1309.88,0.1257,1,0.1152,1,81,major_purchase,0.039192348339892095,579.4349505221106,Flag / decline,0,Known good,0
RETRO-2025-000014,2025-02-26,2300.0,1068.97,0.1426,0,0.0577,1,11,car,0.04527478236444266,575.0889953078959,Flag / decline,0,Known good,0
RETRO-2025-000015,2025-01-10,6800.0,1399.11,0.1666,2,0.1395,1,97,car,0.0455311562948808,574.9183182443626,Flag / decline,0,Known good,0
RETRO-2025-000016,2025-04-28,4200.0,896.81,0.1127,2,0.5369,0,147,debt_consolidation,0.03320915534956558,584.3938937355374,Flag / decline,0,Known good,0
RETRO-2025-000017,2025-01-25,5100.0,876.99,0.1088,0,0.1339,0,25,home_improvement,0.024443238034668375,593.4972461696743,Accept,0,Known good,0
RETRO-2025-000018,2025-03-27,7000.0,2495.52,0.1465,1,0.6126,2,9,education,0.052573573059776085,570.5549606215247,Flag / decline,0,Known good,0
RETRO-2025-000019,2025-03-05,4100.0,3966.35,0.0553,0,0.2748,0,50,education,0.008680206415690518,623.8324237298325,Accept,0,Known good,0
RETRO-2025-000020,2025-05-13,8900.0,677.84,0.043,2,0.5613,0,79,car,0.03557347581445116,582.338825804017,Flag / decline,0,Known good,0
RETRO-2025-000021,2025-02-10,30000.0,1633.32,0.0306,3,0.2607,1,53,car,0.05687595129923083,568.15401349671,Flag / decline,1,Indeterminate,0
RETRO-2025-000022,2025-01-18,8300.0,-358.4,0.2508,1,0.0944,0,52,home_improvement,0.04286301667828528,576.7412786030129,Flag / decline,5,Known bad,1
RETRO-2025-000023,2025-04-07,3100.0,1769.2,0.045,1,0.0094,0,171,home_improvement,0.017700210982156742,603.0093747472208,Accept,0,Known good,0
RETRO-2025-000024,2025-02-24,8800.0,967.58,0.2656,1,0.0741,0,108,home_improvement,0.02358788865649704,594.550316123747,Accept,0,Known good,0
RETRO-2025-000025,2025-06-10,9100.0,3673.05,0.0912,1,0.1808,1,91,debt_consolidation,0.039536638719647486,579.1722452556462,Flag / decline,0,Known good,0
RETRO-2025-000026,2025-01-19,7400.0,1417.79,0.1775,2,0.5013,0,107,home_improvement,0.03558280662239684,582.3309793490283,Flag / decline,0,Known good,0
RETRO-2025-000027,2025-04-18,6600.0,3138.34,0.0626,1,0.0611,0,13,home_improvement,0.028160493153266335,589.302347752588,Flag / decline,0,Known good,0
RETRO-2025-000028,2025-06-30,7600.0,709.63,0.0174,3,0.4562,0,80,home_improvement,0.03656468044921775,581.5161793066245,Flag / decline,0,Known good,0
RETRO-2025-000029,2025-03-27,8700.0,312.97,0.2105,1,0.2401,1,33,education,0.019815301220933935,599.6902126454654,Accept,0,Known good,0
RETRO-2025-000030,2025-06-01,16300.0,2529.56,0.0477,0,0.531,0,45,debt_consolidation,0.0292881590019422,588.1359496909507,Flag / decline,0,Known good,0
RETRO-2025-000031,2025-04-20,2800.0,2234.92,0.0787,0,0.6816,0,14,debt_consolidation,0.0404418549634823,578.4918592750133,Flag / decline,0,Known good,0
RETRO-2025-000032,2025-01-10,10400.0,2162.73,0.0551,3,0.4191,0,36,debt_consolidation,0.04137068014365893,577.808725896579,Flag / decline,0,Known good,0
RETRO-2025-000033,2025-02-22,9500.0,3075.64,0.0276,1,0.224,0,48,car,0.025511729016627644,592.2311209541588,Flag / decline,0,Known good,0
RETRO-2025-000034,2025-02-22,3300.0,2936.78,0.0174,0,0.1776,0,7,other,0.028708457097633616,588.7300101695561,Flag / decline,0,Known good,0
RETRO-2025-000035,2025-02-19,6800.0,401.45,0.2085,1,0.4404,0,22,home_improvement,0.03901116328203816,579.5740911636037,Flag / decline,0,Known good,0
RETRO-2025-000036,2025-06-02,10300.0,1269.16,0.1312,0,0.7831,0,78,major_purchase,0.034823680362040144,582.9759148355411,Flag / decline,0,Known good,0
RETRO-2025-000037,2025-05-27,4700.0,842.25,0.0641,2,0.8019,0,74,home_improvement,0.04412383518533335,575.8667487720849,Flag / decline,0,Known good,0
RETRO-2025-000038,2025-06-24,2400.0,730.07,0.0622,0,0.1225,0,45,car,0.02133133494620918,597.5183631778418,Accept,0,Known good,0
RETRO-2025-000039,2025-05-17,3600.0,278.39,0.2805,2,0.5681,0,86,debt_consolidation,0.041800589958691174,577.497490523746,Flag / decline,0,Known good,0
RETRO-2025-000040,2025-02-03,7100.0,2345.55,0.0718,2,0.1753,0,92,debt_consolidation,0.026054384936502237,591.6077384450814,Flag / decline,0,Known good,0
RETRO-2025-000041,2025-04-16,10500.0,1917.3,0.1358,0,0.0656,0,47,debt_consolidation,0.02134599560801809,597.4981069559616,Accept,0,Known good,0
RETRO-2025-000042,2025-05-08,12500.0,-339.69,0.4022,1,0.6255,0,28,debt_consolidation,0.0789997996858231,557.9884876011014,Flag / decline,0,Known good,0
RETRO-2025-000043,2025-04-23,4100.0,1700.22,0.153,1,0.837,0,135,other,0.03855544063222462,579.9268223539627,Flag / decline,0,Known good,0
RETRO-2025-000044,2025-06-23,6300.0,326.58,0.1068,2,0.5364,0,14,car,0.04773679754486924,573.4866100897053,Flag / decline,0,Known good,0
RETRO-2025-000045,2025-06-16,3500.0,517.73,0.1327,1,0.4176,0,61,debt_consolidation,0.03092026538122225,586.522691541694,Flag / decline,0,Known good,0
RETRO-2025-000046,2025-02-02,6200.0,4046.02,0.0032,0,0.3548,1,38,car,0.042906029593208383,576.7110416155147,Flag / decline,0,Known good,0
RETRO-2025-000047,2025-01-11,22200.0,803.56,0.0595,2,0.0,0,56,car,0.02430214800446641,593.6684504342716,Accept,0,Known good,0
RETRO-2025-000048,2025-04-17,16500.0,198.29,0.2239,0,0.3285,0,12,debt_consolidation,0.034713011808309324,583.0710658746092,Flag / decline,0,Known good,0
RETRO-2025-000049,2025-02-22,7500.0,2367.5,0.0195,0,0.4327,0,28,other,0.028596478183145032,588.8461028003205,Flag / decline,0,Known good,0
RETRO-2025-000050,2025-06-03,2500.0,-32.61,0.1873,2,0.6069,0,129,debt_consolidation,0.06033385509112132,566.345048167753,Flag / decline,0,Known good,0
RETRO-2025-000051,2025-02-22,28900.0,1178.43,0.1394,1,0.493,0,6,home_improvement,0.0468329922227927,574.0655140882458,Flag / decline,0,Known good,0
RETRO-2025-000052,2025-03-31,8800.0,948.95,0.1335,0,0.4719,0,75,debt_consolidation,0.027391556455038064,590.1239955089466,Flag / decline,0,Known good,0
RETRO-2025-000053,2025-05-10,15200.0,-660.62,0.5901,1,0.1335,0,44,car,0.05761328576437101,567.7597913256623,Flag / decline,0,Known good,0
RETRO-2025-000054,2025-02-08,15200.0,1038.0,0.0472,2,0.4589,0,74,car,0.033238828073725225,584.3672383905476,Flag / decline,0,Known good,0
RETRO-2025-000055,2025-01-26,15600.0,800.27,0.0471,0,0.1832,0,44,debt_consolidation,0.022234423813390577,596.2953100003377,Accept,0,Known good,0
RETRO-2025-000056,2025-01-29,7200.0,1485.02,0.0106,3,0.4945,1,23,education,0.029025187293572917,588.4040080177992,Flag / decline,0,Known good,0
RETRO-2025-000057,2025-03-16,4700.0,682.92,0.0337,4,0.213,1,93,debt_consolidation,0.057219744638755274,567.9696078095137,Flag / decline,0,Known good,0
RETRO-2025-000058,2025-01-06,6400.0,-887.92,0.482,0,0.6564,0,123,other,0.060065098887971055,566.4821159257607,Flag / decline,0,Known good,0
RETRO-2025-000059,2025-02-19,5800.0,1111.0,0.0072,0,0.2827,0,39,home_improvement,0.023852750991256583,594.2203006127829,Accept,0,Known good,0
RETRO-2025-000060,2025-05-02,8700.0,-252.92,0.1023,1,0.0912,0,41,education,0.014851398359798493,608.1562897590555,Accept,0,Known good,0
RETRO-2025-000061,2025-02-20,20700.0,880.87,0.195,0,0.2208,0,105,car,0.022177662352024643,596.3707392533888,Accept,0,Known good,0
RETRO-2025-000062,2025-03-19,2100.0,1136.89,0.0879,2,0.4841,0,36,car,0.03912232166698547,579.4886540396787,Flag / decline,0,Known good,0
RETRO-2025-000063,2025-01-28,7800.0,-300.28,0.42,1,0.39,0,26,car,0.06757690979623232,562.8505251394554,Flag / decline,0,Known good,0
RETRO-2025-000064,2025-05-06,16200.0,-156.18,0.1108,1,0.5237,0,49,home_improvement,0.05483459810447864,569.2710454095657,Flag / decline,0,Known good,0
RETRO-2025-000065,2025-05-03,6600.0,116.91,0.089,0,0.2175,0,85,debt_consolidation,0.03416739272895287,583.5444982851417,Flag / decline,0,Known good,0
RETRO-2025-000066,2025-06-21,8500.0,1079.19,0.1414,0,0.5956,0,163,car,0.026836752475811798,590.7308728101191,Flag / decline,0,Known good,0
RETRO-2025-000067,2025-03-22,9900.0,1137.41,0.0827,1,0.4126,0,43,car,0.03140750020656462,586.0570523299345,Flag / decline,0,Known good,0
RETRO-2025-000068,2025-02-02,2200.0,925.55,0.0552,0,0.235,0,85,debt_consolidation,0.020972861919960558,598.0179402737075,Accept,0,Known good,0
RETRO-2025-000069,2025-05-16,2200.0,-496.06,0.1718,2,0.3422,0,89,debt_consolidation,0.05149930314377978,571.1833565580384,Flag / decline,0,Known good,0
RETRO-2025-000070,2025-01-12,10400.0,1513.17,0.0179,1,0.0128,0,54,home_improvement,0.020980301336529155,598.0074878833658,Accept,0,Known good,0
RETRO-2025-000071,2025-01-06,9100.0,307.72,0.0909,0,0.6607,0,43,debt_consolidation,0.03374157747434585,583.9190713216778,Flag / decline,0,Known good,0
RETRO-2025-000072,2025-01-19,4800.0,-631.8,0.3914,3,0.7032,0,27,car,0.10695388165063445,548.3577929556172,Flag / decline,0,Known good,0
RETRO-2025-000073,2025-04-04,9200.0,1062.89,0.2789,0,0.141,0,41,debt_consolidation,0.025710721854916126,592.0010395712129,Flag / decline,0,Known good,0
RETRO-2025-000074,2025-01-12,6500.0,1643.7,0.1171,2,0.7104,0,35,car,0.04793401657653991,573.3616726963513,Flag / decline,0,Known good,0
RETRO-2025-000075,2025-02-04,4900.0,1002.14,0.1957,2,0.119,0,23,debt_consolidation,0.033927271946776034,583.7551655645528,Flag / decline,0,Known good,0
RETRO-2025-000076,2025-06-19,5900.0,1448.51,0.0371,1,0.7093,1,7,car,0.0841465353110028,556.0056964415345,Flag / decline,0,Known good,0
RETRO-2025-000077,2025-06-23,5500.0,550.19,0.1612,1,0.5579,0,18,car,0.04267065138012911,576.8768621923235,Flag / decline,0,Known good,0
RETRO-2025-000078,2025-04-14,15100.0,1701.05,0.1108,3,0.5634,0,36,other,0.04820263373880065,573.1922878325589,Flag / decline,0,Known good,0
RETRO-2025-000079,2025-01-05,1600.0,3623.42,0.0231,3,0.3192,0,96,home_improvement,0.03198442496357104,585.5146523892215,Flag / decline,0,Known good,0
RETRO-2025-000080,2025-02-08,2800.0,-128.75,0.1157,1,0.3688,0,63,major_purchase,0.04688375463627985,574.032719499321,Flag / decline,0,Known good,0
RETRO-2025-000081,2025-03-04,30000.0,1258.22,0.1058,1,0.075,0,107,education,0.007734616349763929,627.187925820264,Accept,0,Known good,0
RETRO-2025-000082,2025-05-07,8500.0,677.57,0.1457,0,0.3849,0,169,debt_consolidation,0.022601765916753305,595.811658113914,Accept,0,Known good,0
RETRO-2025-000083,2025-05-04,16800.0,2433.8,0.0361,1,0.2594,0,51,car,0.02615292370419989,591.4958981980183,Flag / decline,0,Known good,0
RETRO-2025-000084,2025-01-22,5700.0,-743.91,0.5663,3,0.3495,0,16,major_purchase,0.09976072974506969,550.5981677205395,Flag / decline,0,Known good,0
RETRO-2025-000085,2025-01-25,6200.0,562.38,0.014,0,0.3954,0,177,debt_consolidation,0.020559835276477777,598.6040111667917,Accept,0,Known good,0
RETRO-2025-000086,2025-05-18,13100.0,974.0,0.0374,0,0.5939,0,160,other,0.024934376248633594,592.9087021986763,Accept,0,Known good,0
RETRO-2025-000087,2025-02-12,10200.0,1511.82,0.0896,1,0.3423,0,246,debt_consolidation,0.022532949582534094,595.901676007404,Accept,0,Known good,0
RETRO-2025-000088,2025-05-14,7000.0,550.55,0.2006,3,0.8221,0,52,debt_consolidation,0.05931963025091129,566.8653379627237,Flag / decline,0,Known good,0
RETRO-2025-000089,2025-04-10,8200.0,2238.72,0.1287,0,0.1612,0,114,car,0.01987775470460076,599.5975759762953,Accept,0,Known good,0
RETRO-2025-000090,2025-05-08,5000.0,63.45,0.1524,1,0.2186,0,28,car,0.04852301345065999,572.9914303550006,Flag / decline,0,Known good,0
RETRO-2025-000091,2025-03-02,1000.0,2684.45,0.0602,2,0.1868,0,25,debt_consolidation,0.03207151524985039,585.4335969265693,Flag / decline,0,Known good,0
RETRO-2025-000092,2025-03-05,16800.0,2651.23,0.0654,1,0.5065,0,74,car,0.030661783144994962,586.7726087411226,Flag / decline,0,Known good,0
RETRO-2025-000093,2025-02-04,10600.0,-624.68,0.3915,3,0.2695,0,94,debt_consolidation,0.06397720885806048,564.5411502045581,Flag / decline,2,Indeterminate,0
RETRO-2025-000094,2025-05-30,1600.0,1231.7,0.0279,1,0.4468,0,97,debt_consolidation,0.027245463474989594,590.2826335104708,Flag / decline,0,Known good,0
RETRO-2025-000095,2025-03-17,6400.0,1461.4,0.1138,1,0.4259,0,39,car,0.03296316691332952,584.6157578200934,Flag / decline,0,Known good,0
RETRO-2025-000096,2025-02-09,5600.0,769.87,0.153,0,0.6234,0,106,car,0.029658492591957738,587.7623843597682,Flag / decline,0,Known good,0
RETRO-2025-000097,2025-04-13,30000.0,597.62,0.1844,1,0.1,0,44,debt_consolidation,0.02623283770833907,591.4054975498719,Flag / decline,0,Known good,0
RETRO-2025-000098,2025-02-10,9400.0,162.12,0.4455,0,0.3416,0,131,car,0.028257908314299564,589.1998137425534,Flag / decline,0,Known good,0
RETRO-2025-000099,2025-01-15,6200.0,1449.27,0.0485,1,0.4148,0,109,education,0.009752454661389486,620.4404766734403,Accept,0,Known good,0
RETRO-2025-000100,2025-02-17,28800.0,730.95,0.0851,0,0.3472,0,51,debt_consolidation,0.02546276844961704,592.2879984699978,Flag / decline,0,Known good,0
RETRO-2025-000101,2025-01-30,4000.0,1293.7,0.2342,1,0.2936,1,27,other,0.0577366003775762,567.6943229867944,Flag / decline,0,Known good,0
RETRO-2025-000102,2025-04-28,13300.0,354.49,0.2324,4,0.5651,0,85,debt_consolidation,0.05233451016400582,570.6937442324324,Flag / decline,0,Known good,0
RETRO-2025-000103,2025-03-04,3300.0,883.89,0.1976,2,0.2136,0,7,home_improvement,0.04368426954999351,576.1689008956295,Flag / decline,0,Known good,0
RETRO-2025-000104,2025-02-05,3400.0,1590.58,0.2044,1,0.8395,0,87,home_improvement,0.04296931934038363,576.6666031319064,Flag / decline,0,Known good,0
RETRO-2025-000105,2025-01-24,5000.0,82.98,0.0964,2,0.3756,0,34,home_improvement,0.05820283438420584,567.4479774825787,Flag / decline,0,Known good,0
RETRO-2025-000106,2025-02-28,19800.0,2281.57,0.0276,0,0.5013,0,90,debt_consolidation,0.025227524703232654,592.562775233424,Flag / decline,0,Known good,0
RETRO-2025-000107,2025-06-11,5300.0,1113.36,0.0831,1,0.0485,0,58,car,0.022379589471129696,596.1032547784513,Accept,0,Known good,0
RETRO-2025-000108,2025-02-20,6900.0,56.63,0.4853,1,0.6163,0,75,major_purchase,0.07155581812517821,561.0763601457109,Flag / decline,0,Known good,0
RETRO-2025-000109,2025-04-04,7200.0,1891.82,0.079,1,0.402,0,23,other,0.03426059855420836,583.4631097659517,Flag / decline,0,Known good,0
RETRO-2025-000110,2025-04-23,4700.0,781.26,0.2265,1,0.5131,0,58,debt_consolidation,0.0359675339439716,582.0091678345037,Flag / decline,0,Known good,0
RETRO-2025-000111,2025-06-20,5000.0,1180.83,0.1375,2,0.264,0,56,debt_consolidation,0.03174951500383078,585.7343534027965,Flag / decline,0,Known good,0
RETRO-2025-000112,2025-06-12,5700.0,603.19,0.1201,0,0.684,0,69,debt_consolidation,0.03256161971847603,584.9813842620263,Flag / decline,0,Known good,0
RETRO-2025-000113,2025-05-04,4700.0,1571.29,0.0256,1,0.309,1,36,home_improvement,0.04828627353240487,573.1397291123354,Flag / decline,0,Known good,0
RETRO-2025-000114,2025-01-27,30000.0,183.29,0.2528,2,0.8058,0,77,car,0.05026061048893412,571.9235079865608,Flag / decline,1,Indeterminate,0
RETRO-2025-000115,2025-06-07,6200.0,1005.76,0.149,2,0.1469,1,57,major_purchase,0.04917157520735233,572.5886473110407,Flag / decline,0,Known good,0
RETRO-2025-000116,2025-02-26,2600.0,699.81,0.0984,1,0.4708,0,19,other,0.03778094917943994,580.5355664232713,Flag / decline,0,Known good,0
RETRO-2025-000117,2025-03-09,6100.0,2113.25,0.1084,1,0.6342,0,118,debt_consolidation,0.03248745039996848,585.049395072159,Flag / decline,0,Known good,0
RETRO-2025-000118,2025-05-06,5400.0,1231.0,0.1788,0,0.2727,0,18,major_purchase,0.030232993393367807,587.191724957773,Flag / decline,0,Known good,0
RETRO-2025-000119,2025-06-21,1700.0,844.81,0.1085,3,0.0083,0,42,car,0.03028761385482314,587.1380178755651,Flag / decline,0,Known good,0
RETRO-2025-000120,2025-02-18,5600.0,4942.72,0.0479,2,0.3019,0,50,debt_consolidation,0.031239650331187818,586.2166683610322,Flag / decline,0,Known good,0
RETRO-2025-000121,2025-05-17,4800.0,-13.53,0.1967,0,0.4468,0,19,car,0.05575995950284622,568.7599210684228,Flag / decline,0,Known good,0
RETRO-2025-000122,2025-05-21,3500.0,2163.95,0.1043,2,0.3365,0,14,car,0.04072322853594267,578.283341708683,Flag / decline,0,Known good,0
RETRO-2025-000123,2025-01-20,9200.0,-502.74,0.1747,3,0.4471,1,118,debt_consolidation,0.10071299921198523,550.2935103645472,Flag / decline,0,Known good,0
RETRO-2025-000124,2025-01-15,3800.0,-221.21,0.3034,2,0.291,1,82,education,0.03513437287388846,582.7103359132327,Flag / decline,0,Known good,0
RETRO-2025-000125,2025-01-05,13800.0,1414.33,0.0549,1,0.3283,0,24,debt_consolidation,0.03154724335547808,585.9247926354143,Flag / decline,0,Known good,0
RETRO-2025-000126,2025-01-28,26100.0,4.24,0.1737,0,0.0872,0,39,car,0.03703983923748751,581.1294036164123,Flag / decline,0,Known good,0
RETRO-2025-000127,2025-01-04,6900.0,1279.67,0.0919,2,0.2643,1,151,debt_consolidation,0.044406209100783765,575.6741593846323,Flag / decline,0,Known good,0
RETRO-2025-000128,2025-01-02,2500.0,1899.61,0.0569,2,0.0725,0,29,education,0.010535563589049437,618.1890453580161,Accept,0,Known good,0
RETRO-2025-000129,2025-03-31,13200.0,1372.61,0.1802,1,0.47,1,69,car,0.05516787334392514,569.0860311712393,Flag / decline,0,Known good,0
RETRO-2025-000130,2025-05-12,8000.0,1357.55,0.187,1,0.5459,0,41,car,0.037905758216356486,580.4366620388254,Flag / decline,0,Known good,0
RETRO-2025-000131,2025-03-02,15800.0,-122.7,0.319,1,0.0772,0,42,home_improvement,0.04589085760616539,574.6803889089305,Flag / decline,0,Known good,0
RETRO-2025-000132,2025-01-02,8600.0,1679.68,0.023,1,0.2211,0,106,home_improvement,0.022331404594977358,596.1668684047592,Accept,0,Known good,0
RETRO-2025-000133,2025-03-17,4900.0,2823.71,0.0655,0,0.5845,0,103,home_improvement,0.027118197917584807,590.4215026722189,Flag / decline,0,Known good,0
RETRO-2025-000134,2025-05-24,8700.0,2896.03,0.0261,1,0.5723,0,104,car,0.029744557104403508,587.6762165910369,Flag / decline,0,Known good,0
RETRO-2025-000135,2025-03-25,16800.0,453.81,0.071,1,0.1794,1,56,debt_consolidation,0.042036539631506,577.3279723820157,Flag / decline,0,Known good,0
RETRO-2025-000136,2025-04-06,3900.0,2343.2,0.0911,4,0.8742,0,104,home_improvement,0.05839354056476592,567.3477466797852,Flag / decline,0,Known good,0
RETRO-2025-000137,2025-03-04,2000.0,839.56,0.0988,3,0.5808,0,47,other,0.046483488486289734,574.2922296446616,Flag / decline,0,Known good,0
RETRO-2025-000138,2025-06-23,10300.0,-12.24,0.2487,2,0.4022,0,99,debt_consolidation,0.056012753033448374,568.6216787143862,Flag / decline,0,Known good,0
RETRO-2025-000139,2025-06-29,1600.0,-1103.49,0.2633,1,0.2079,0,16,debt_consolidation,0.056616242603239254,568.2940132063042,Flag / decline,0,Known good,0
RETRO-2025-000140,2025-03-29,3900.0,3098.48,0.0471,1,0.3405,0,82,home_improvement,0.02606799265599011,591.5922693824737,Flag / decline,0,Known good,0
RETRO-2025-000141,2025-04-05,10600.0,-820.08,0.731,1,0.5555,0,210,home_improvement,0.06904310581577776,562.1857782000696,Flag / decline,0,Known good,0
RETRO-2025-000142,2025-02-16,3000.0,4248.13,0.0426,1,0.1693,0,27,car,0.027039504646781194,590.5076882401219,Flag / decline,0,Known good,0
RETRO-2025-000143,2025-04-24,2500.0,711.86,0.2466,2,0.1765,0,55,major_purchase,0.03211911930324903,585.3893814529729,Flag / decline,0,Known good,0
RETRO-2025-000144,2025-04-11,12300.0,2416.29,0.0815,0,0.4756,0,30,other,0.030610341975386583,586.8225886731782,Flag / decline,0,Known good,0
RETRO-2025-000145,2025-02-05,5800.0,1047.35,0.1486,0,0.2747,0,39,car,0.02625290387326803,591.3828403132497,Flag / decline,0,Known good,0
RETRO-2025-000146,2025-01-04,25400.0,869.05,0.129,1,0.273,0,15,debt_consolidation,0.03422161230221219,583.4971270449564,Flag / decline,0,Known good,0
RETRO-2025-000147,2025-03-01,2300.0,1351.92,0.1891,0,0.1967,0,66,major_purchase,0.02334559490101387,594.8553939831215,Accept,0,Known good,0
RETRO-2025-000148,2025-02-12,5600.0,-38.58,0.2202,3,0.7985,0,89,car,0.08579035010954146,555.3956314627692,Flag / decline,0,Known good,0
RETRO-2025-000149,2025-03-31,2800.0,2632.15,0.0133,0,0.1386,0,37,education,0.00790789168695978,626.5436191878333,Accept,0,Known good,0
RETRO-2025-000150,2025-04-27,8700.0,3499.24,0.0251,4,0.1619,0,45,education,0.01349377753865122,610.9621154686956,Accept,0,Known good,0
RETRO-2025-000151,2025-05-22,30000.0,1332.08,0.194,3,0.5569,0,50,debt_consolidation,0.048327784354561115,573.1136760543718,Flag / decline,0,Known good,0
RETRO-2025-000152,2025-01-12,3700.0,2211.12,0.065,0,0.8671,0,84,car,0.03508394755913538,582.7532850658198,Flag / decline,0,Known good,0
RETRO-2025-000153,2025-05-29,3000.0,411.04,0.1304,2,0.4528,0,49,home_improvement,0.03748130534719549,580.7743053791894,Flag / decline,0,Known good,0
RETRO-2025-000154,2025-04-25,18800.0,1292.04,0.0342,2,0.5068,1,54,other,0.0605198804634341,566.2505080003749,Flag / decline,0,Known good,0
RETRO-2025-000155,2025-01-08,5700.0,2918.33,0.0311,2,0.3987,0,2,home_improvement,0.05248051394300126,570.608913396722,Flag / decline,0,Known good,0
RETRO-2025-000156,2025-04-28,7500.0,-229.03,0.298,2,0.0411,1,24,car,0.09056046473229612,553.6833653171587,Flag / decline,0,Known good,0
RETRO-2025-000157,2025-01-13,2100.0,710.91,0.1012,2,0.4083,0,36,education,0.013809895688903394,610.2847051840364,Accept,0,Known good,0
RETRO-2025-000158,2025-01-11,7200.0,351.28,0.1137,1,0.3962,0,168,education,0.009385463179665945,621.557916942534,Accept,0,Known good,0
RETRO-2025-000159,2025-06-17,24400.0,1472.4,0.1319,2,0.4429,0,145,car,0.03131216606693926,586.1476083011662,Flag / decline,0,Known good,0
RETRO-2025-000160,2025-05-07,2900.0,2998.94,0.168,1,0.472,0,29,car,0.03723314752720104,580.9734159225659,Flag / decline,0,Known good,0
RETRO-2025-000161,2025-03-04,4200.0,618.27,0.1621,2,0.605,0,84,debt_consolidation,0.039704993903446194,579.044582122671,Flag / decline,0,Known good,0
RETRO-2025-000162,2025-01-23,7100.0,574.82,0.1302,1,0.5024,1,12,debt_consolidation,0.07112402554881751,561.2644180241966,Flag / decline,4,Known bad,1
RETRO-2025-000163,2025-05-15,11000.0,784.74,0.1458,2,0.5393,0,91,debt_consolidation,0.03678735653922427,581.3343244718307,Flag / decline,0,Known good,0
RETRO-2025-000164,2025-05-23,11800.0,653.07,0.2595,4,0.8491,0,134,education,0.02336343853422679,594.8328214649102,Accept,0,Known good,0
RETRO-2025-000165,2025-06-27,3500.0,2444.01,0.0486,2,0.3507,0,90,debt_consolidation,0.029583501585117564,587.8376631931568,Flag / decline,0,Known good,0
RETRO-2025-000166,2025-01-13,6700.0,-570.88,0.2391,3,0.2133,0,10,car,0.07713876280928349,558.7345927202073,Flag / decline,0,Known good,0
RETRO-2025-000167,2025-04-26,2300.0,1252.28,0.1175,0,0.6999,0,41,debt_consolidation,0.03574490360672189,582.1949841869516,Flag / decline,0,Known good,0
RETRO-2025-000168,2025-06-30,6900.0,6092.63,0.0149,1,0.2588,0,87,car,0.02362610905678899,594.5024713591902,Accept,0,Known good,0
RETRO-2025-000169,2025-05-16,5800.0,2981.4,0.0342,1,0.3032,0,14,major_purchase,0.03309268175827437,584.4987460877471,Flag / decline,4,Known bad,1
RETRO-2025-000170,2025-05-30,5900.0,747.21,0.0886,0,0.5381,0,95,car,0.026917577968075052,590.6417062347829,Flag / decline,0,Known good,0
RETRO-2025-000171,2025-03-16,13000.0,488.18,0.2972,2,0.5584,0,16,debt_consolidation,0.05443874540563603,569.4921801386569,Flag / decline,0,Known good,0
RETRO-2025-000172,2025-04-27,11700.0,889.11,0.1899,1,0.2613,0,92,home_improvement,0.02662729932699401,590.9631621526031,Flag / decline,0,Known good,0
RETRO-2025-000173,2025-01-24,1900.0,1921.25,0.1299,2,0.3467,0,13,home_improvement,0.042271117659303296,577.1603391395734,Flag / decline,0,Known good,0
RETRO-2025-000174,2025-04-02,8200.0,637.09,0.2031,0,0.2516,1,66,home_improvement,0.04180953439650273,577.4910477209389,Flag / decline,0,Known good,0
RETRO-2025-000175,2025-02-04,4200.0,1171.44,0.1369,1,0.4878,0,82,other,0.03128381653198564,586.1745884186663,Flag / decline,0,Known good,0
RETRO-2025-000176,2025-02-09,5200.0,993.58,0.1077,1,0.203,0,119,car,0.022968635924819295,595.3362320192584,Accept,0,Known good,0
RETRO-2025-000177,2025-04-17,3600.0,894.03,0.044,2,0.1558,0,127,car,0.023863565478770974,594.206901975147,Accept,0,Known good,0
RETRO-2025-000178,2025-06-18,12700.0,840.65,0.0907,2,0.3815,0,44,major_purchase,0.03502018377476827,582.8076803484003,Flag / decline,0,Known good,0
RETRO-2025-000179,2025-05-27,9300.0,1950.81,0.0975,1,0.3264,0,76,home_improvement,0.02705951654925901,590.4857479291413,Flag / decline,0,Known good,0
RETRO-2025-000180,2025-04-22,12000.0,-189.36,0.485,2,0.3002,0,24,debt_consolidation,0.0757701785002851,559.2938679844372,Flag / decline,5,Known bad,1
RETRO-2025-000181,2025-06-19,7400.0,857.92,0.1467,0,0.1507,0,14,debt_consolidation,0.027848407404741666,589.6331675657408,Flag / decline,0,Known good,0
RETRO-2025-000182,2025-06-26,3300.0,1041.26,0.0974,0,0.7618,0,39,other,0.03729815107422824,580.921137011196,Flag / decline,0,Known good,0
RETRO-2025-000183,2025-05-25,14400.0,468.21,0.2251,1,0.4052,0,117,debt_consolidation,0.029477989128051295,587.9438945013766,Flag / decline,0,Known good,0
RETRO-2025-000184,2025-03-26,7600.0,644.44,0.2903,4,0.233,0,72,car,0.04314524979497401,576.5434023229061,Flag / decline,0,Known good,0
RETRO-2025-000185,2025-01-19,11000.0,1676.05,0.0865,1,0.4295,0,7,home_improvement,0.04200706992979502,577.3490951080754,Flag / decline,0,Known good,0
RETRO-2025-000186,2025-04-29,5700.0,528.97,0.1751,2,0.183,0,124,education,0.009927347725558294,619.9225213707031,Accept,0,Known good,0
RETRO-2025-000187,2025-05-20,9300.0,1922.24,0.1178,0,0.5046,0,55,car,0.029214576626740145,588.2107193832474,Flag / decline,0,Known good,0
RETRO-2025-000188,2025-05-22,5100.0,1129.53,0.0755,2,0.0,0,39,education,0.00960011060358873,620.8992025222349,Accept,0,Known good,0
RETRO-2025-000189,2025-06-09,3100.0,1097.64,0.0294,1,0.6968,0,109,major_purchase,0.03267697323355989,584.8759057984329,Flag / decline,0,Known good,0
RETRO-2025-000190,2025-05-23,3900.0,783.61,0.0842,2,0.1829,0,79,car,0.02710549419620507,590.4353994303001,Flag / decline,0,Known good,0
RETRO-2025-000191,2025-03-13,6300.0,1219.75,0.1157,0,0.3153,1,47,debt_consolidation,0.04357909886891753,576.241623975816,Flag / decline,0,Known good,0
RETRO-2025-000192,2025-03-03,8500.0,175.97,0.138,0,0.7196,0,27,major_purchase,0.03932661514101069,579.3322381133652,Flag / decline,0,Known good,0
RETRO-2025-000193,2025-01-14,3000.0,1234.62,0.065,0,0.7917,0,8,education,0.017711796299664965,602.9901548769687,Accept,4,Known bad,1
RETRO-2025-000194,2025-04-28,14700.0,-880.19,0.3149,0,0.2068,0,80,major_purchase,0.04019893983268979,578.6729971607901,Flag / decline,0,Known good,0
RETRO-2025-000195,2025-01-03,11000.0,3766.66,0.0427,0,0.6985,0,72,debt_consolidation,0.030947064699706036,586.4968960728531,Flag / decline,0,Known good,0
RETRO-2025-000196,2025-04-24,2300.0,-100.75,0.302,0,0.465,0,53,other,0.052038844567256465,570.8662183666299,Flag / decline,0,Known good,0
RETRO-2025-000197,2025-06-17,3100.0,959.25,0.0799,2,0.3573,1,23,debt_consolidation,0.06340490962230415,564.8180564782001,Flag / decline,0,Known good,0
RETRO-2025-000198,2025-01-29,12800.0,-82.04,0.5753,2,0.5834,1,68,education,0.05521540779549681,569.0597287325586,Flag / decline,0,Known good,0
RETRO-2025-000199,2025-01-16,11800.0,517.71,0.2996,0,0.2835,1,36,major_purchase,0.05046019018486404,571.8030949687223,Flag / decline,0,Known good,0
RETRO-2025-000200,2025-02-03,4300.0,1254.41,0.0924,1,0.6601,0,20,car,0.04333975920678565,576.4077481545386,Flag / decline,7,Known bad,1
RETRO-2025-000201,2025-01-24,5000.0,-61.31,0.077,0,0.802,1,99,home_improvement,0.0871520594685331,554.898234176176,Flag / decline,0,Known good,0
RETRO-2025-000202,2025-02-17,9200.0,2400.77,0.0699,3,0.2486,0,39,car,0.03608249669082266,581.9136483249789,Flag / decline,0,Known good,0
RETRO-2025-000203,2025-04-01,1900.0,595.05,0.1173,3,0.155,1,38,car,0.058607494738584814,567.2356620764955,Flag / decline,0,Known good,0
RETRO-2025-000204,2025-06-18,13200.0,1505.51,0.0321,2,0.6513,0,21,other,0.04661376454758263,574.2075334291732,Flag / decline,0,Known good,0
RETRO-2025-000205,2025-05-17,6900.0,-245.78,0.1955,0,0.5391,0,76,car,0.048349380505846466,573.1001302583979,Flag / decline,0,Known good,0
RETRO-2025-000206,2025-01-09,4300.0,-1004.98,0.4571,1,0.2097,0,57,debt_consolidation,0.053498282158490985,570.0236892488062,Flag / decline,0,Known good,0
RETRO-2025-000207,2025-02-15,9400.0,2125.74,0.011,1,0.4187,0,112,home_improvement,0.02571301361122104,591.9983998872622,Flag / decline,0,Known good,0
RETRO-2025-000208,2025-01-07,5400.0,1276.36,0.1092,0,0.3814,0,105,debt_consolidation,0.023710608996410767,594.3969608130602,Accept,0,Known good,0
RETRO-2025-000209,2025-03-13,18900.0,2106.78,0.0658,1,0.4305,0,87,debt_consolidation,0.02812607802906266,589.3386536261762,Flag / decline,0,Known good,0
RETRO-2025-000210,2025-04-21,12800.0,1181.49,0.088,0,0.0922,0,50,car,0.020855841918146795,598.1828326772311,Accept,0,Known good,0
RETRO-2025-000211,2025-06-16,15500.0,856.49,0.0598,4,0.5603,0,101,home_improvement,0.04492078841656626,575.3261809442257,Flag / decline,0,Known good,0
RETRO-2025-000212,2025-06-01,9400.0,1847.16,0.1051,1,0.6503,0,83,major_purchase,0.034728876224417955,583.0574079652374,Flag / decline,0,Known good,0
RETRO-2025-000213,2025-04-25,9000.0,1178.36,0.0671,2,0.1444,0,132,debt_consolidation,0.023895204533777203,594.1677366733368,Accept,0,Known good,0
RETRO-2025-000214,2025-03-28,17500.0,1736.25,0.1716,1,0.6927,0,56,major_purchase,0.04008728248503802,578.756610312977,Flag / decline,0,Known good,0
RETRO-2025-000215,2025-01-29,10300.0,1206.19,0.0077,0,0.03,0,50,car,0.018710609652285333,601.3778799993627,Accept,0,Known good,0
RETRO-2025-000216,2025-01-04,8400.0,1332.52,0.0996,2,0.0757,0,47,debt_consolidation,0.0273357138820612,590.1845359816027,Flag / decline,0,Known good,0
RETRO-2025-000217,2025-02-07,8300.0,681.38,0.0476,1,0.4787,0,75,debt_consolidation,0.029544149052987283,587.8772408131473,Flag / decline,5,Known bad,1
RETRO-2025-000218,2025-04-02,2400.0,3032.49,0.0101,0,0.1239,0,12,home_improvement,0.025278419571712663,592.5031164689224,Flag / decline,0,Known good,0
RETRO-2025-000219,2025-05-08,5700.0,625.02,0.2791,0,0.8449,0,88,major_purchase,0.03987235801715585,578.9181838378805,Flag / decline,1,Indeterminate,0
RETRO-2025-000220,2025-04-01,14900.0,1970.59,0.0235,2,0.2222,0,60,car,0.02797918968922581,589.4940985093667,Flag / decline,0,Known good,0
RETRO-2025-000221,2025-02-03,6700.0,988.83,0.3112,0,0.4659,0,102,home_improvement,0.02949302608187777,587.9287325961999,Flag / decline,0,Known good,0
RETRO-2025-000222,2025-01-16,15100.0,705.22,0.0464,1,0.3903,0,29,major_purchase,0.03198366141530675,585.515363971542,Flag / decline,0,Known good,0
RETRO-2025-000223,2025-02-18,3400.0,184.1,0.1488,0,0.3427,1,106,car,0.04009506748141949,578.7507733870509,Flag / decline,0,Known good,0
RETRO-2025-000224,2025-03-20,4000.0,235.52,0.0777,1,0.4929,1,253,debt_consolidation,0.042558874164782365,576.9559139002681,Flag / decline,1,Indeterminate,0
RETRO-2025-000225,2025-03-29,15800.0,978.59,0.0546,1,0.0461,0,72,car,0.021130134250691292,597.7977409493939,Accept,0,Known good,0
RETRO-2025-000226,2025-02-22,9800.0,1053.08,0.0803,2,0.1942,0,57,debt_consolidation,0.02873834974471884,588.699093683585,Flag / decline,0,Known good,0
RETRO-2025-000227,2025-03-15,19900.0,3241.51,0.0489,2,0.6299,0,13,major_purchase,0.04984658436180861,572.1747546116029,Flag / decline,0,Known good,0
RETRO-2025-000228,2025-06-29,11300.0,6992.87,0.0031,1,0.3182,0,5,car,0.03796800280397617,580.3874534354336,Flag / decline,0,Known good,0
RETRO-2025-000229,2025-06-10,8100.0,-382.76,0.2697,1,0.2655,0,37,major_purchase,0.05237283584583599,570.6714546977042,Flag / decline,0,Known good,0
RETRO-2025-000230,2025-04-30,8300.0,968.78,0.2078,0,0.684,0,56,other,0.035843573435888273,582.1124932329742,Flag / decline,0,Known good,0
RETRO-2025-000231,2025-02-22,5800.0,1785.73,0.1138,2,0.43,0,158,education,0.011150228997809644,616.5349984885353,Accept,0,Known good,0
RETRO-2025-000232,2025-01-12,23800.0,1267.14,0.0423,1,0.2272,0,33,other,0.02743489850865865,590.0770898135459,Flag / decline,0,Known good,0
RETRO-2025-000233,2025-02-04,24000.0,1879.0,0.0379,0,0.7602,0,48,car,0.03454951902320624,583.2121708461242,Flag / decline,0,Known good,0
RETRO-2025-000234,2025-06-19,6300.0,431.3,0.1031,2,0.4199,0,107,debt_consolidation,0.0316209224181114,585.8552872225118,Flag / decline,0,Known good,0
RETRO-2025-000235,2025-06-16,4200.0,1944.34,0.1427,1,0.613,1,76,debt_consolidation,0.059145169385613414,566.9556740282903,Flag / decline,0,Known good,0
RETRO-2025-000236,2025-03-27,4700.0,-1382.92,1.5,2,0.5868,0,23,other,0.18158833880973857,530.5659790555673,Flag / decline,0,Known good,0
RETRO-2025-000237,2025-06-13,4900.0,-281.21,0.2673,2,0.2564,1,20,car,0.10684486587834033,548.3907401432457,Flag / decline,0,Known good,0
RETRO-2025-000238,2025-06-07,2300.0,1725.6,0.2022,2,0.8983,0,15,major_purchase,0.06688596929038888,563.1684338629168,Flag / decline,0,Known good,0
RETRO-2025-000239,2025-06-30,5100.0,428.62,0.1363,5,0.1274,0,115,debt_consolidation,0.037629129613392,580.6562992126724,Flag / decline,0,Known good,0
RETRO-2025-000240,2025-02-04,4400.0,1631.94,0.0564,0,0.3496,0,60,home_improvement,0.02434550744822013,593.6157334289805,Accept,0,Known good,0
RETRO-2025-000241,2025-04-25,4800.0,1629.35,0.1563,0,0.76,0,14,car,0.04545304099233756,574.9702251638503,Flag / decline,0,Known good,0
RETRO-2025-000242,2025-04-22,15800.0,-114.36,0.1999,1,0.4874,0,103,debt_consolidation,0.050534209482035734,571.7585512963426,Flag / decline,0,Known good,0
RETRO-2025-000243,2025-02-18,2300.0,3866.96,0.0293,0,0.2484,0,32,education,0.008958112371692096,622.9150254471988,Accept,0,Known good,0
RETRO-2025-000244,2025-02-05,5800.0,3947.57,0.0625,0,0.1777,0,31,car,0.023667213566621752,594.4511004480939,Accept,0,Known good,0
RETRO-2025-000245,2025-03-21,4600.0,1617.94,0.0233,1,0.2464,0,79,home_improvement,0.02390390413962913,594.1569764867471,Accept,0,Known good,0
RETRO-2025-000246,2025-02-19,6500.0,2050.21,0.0679,0,0.062,0,67,debt_consolidation,0.019135266774627735,600.7178416999006,Accept,0,Known good,0
RETRO-2025-000247,2025-01-12,1700.0,3406.13,0.0205,3,0.119,0,41,debt_consolidation,0.031171382139557374,586.2818252098684,Flag / decline,0,Known good,0
RETRO-2025-000248,2025-01-19,8800.0,270.67,0.2442,0,0.0697,0,12,home_improvement,0.02866285182477653,588.7772376869058,Flag / decline,0,Known good,0
RETRO-2025-000249,2025-06-27,11000.0,1011.82,0.1997,1,0.3052,1,181,home_improvement,0.04223042221489774,577.1893569021639,Flag / decline,0,Known good,0
RETRO-2025-000250,2025-02-02,21000.0,725.83,0.1268,2,0.0222,0,87,car,0.024197290817227324,593.7963172929569,Accept,0,Known good,0
RETRO-2025-000251,2025-05-23,12900.0,1534.24,0.0638,1,0.1233,0,94,debt_consolidation,0.021680200292216616,597.0399992020566,Accept,0,Known good,0
RETRO-2025-000252,2025-05-02,3800.0,1000.25,0.1945,0,0.3664,0,41,debt_consolidation,0.02897082090754946,588.4597197796624,Flag / decline,0,Known good,0
RETRO-2025-000253,2025-06-20,3400.0,642.82,0.1467,3,0.3001,0,26,other,0.04228429621266631,577.1509479359576,Flag / decline,0,Known good,0
RETRO-2025-000254,2025-04-28,12000.0,5069.55,0.0041,1,0.4426,0,31,home_improvement,0.032009367906552566,585.4914160533975,Flag / decline,0,Known good,0
RETRO-2025-000255,2025-02-20,7700.0,3368.63,0.05,1,0.5089,0,60,debt_consolidation,0.03141659309887539,586.0484290737579,Flag / decline,0,Known good,0
RETRO-2025-000256,2025-06-16,5800.0,688.65,0.326,0,0.2073,0,116,car,0.02373799312915046,594.3628464185706,Accept,0,Known good,0
RETRO-2025-000257,2025-05-04,8700.0,-133.86,0.2993,0,0.6736,0,42,debt_consolidation,0.06328719827265826,564.8752997248467,Flag / decline,0,Known good,0
RETRO-2025-000258,2025-06-26,14400.0,711.46,0.17,0,0.6343,1,79,debt_consolidation,0.05358434629696295,569.974684726454,Flag / decline,0,Known good,0
RETRO-2025-000259,2025-05-09,9700.0,3069.81,0.1496,2,0.5977,0,30,home_improvement,0.045984869597772475,574.6184960593935,Flag / decline,0,Known good,0
RETRO-2025-000260,2025-05-12,2800.0,1092.14,0.0814,4,0.1224,0,26,car,0.039974944190144045,578.8409588995919,Flag / decline,0,Known good,0
RETRO-2025-000261,2025-01-03,6300.0,2533.49,0.0818,1,0.0746,0,43,major_purchase,0.023952976248049443,594.0963526591153,Accept,0,Known good,0
RETRO-2025-000262,2025-02-13,10200.0,1470.7,0.0873,6,0.5829,0,208,major_purchase,0.05386820058458634,569.8135840183658,Flag / decline,0,Known good,0
RETRO-2025-000263,2025-05-02,12600.0,393.2,0.1361,0,0.4245,0,73,car,0.02653655122046064,591.064356598926,Flag / decline,0,Known good,0
RETRO-2025-000264,2025-02-10,7000.0,1169.35,0.0788,2,0.7867,1,93,debt_consolidation,0.07117930272263362,561.2402845127879,Flag / decline,0,Known good,0
RETRO-2025-000265,2025-04-30,3400.0,2354.26,0.06,0,0.468,0,43,debt_consolidation,0.028302505250160093,589.1529878555448,Flag / decline,0,Known good,0
RETRO-2025-000266,2025-05-06,4700.0,1036.13,0.1253,1,0.2439,0,45,car,0.028103594317311797,589.3623958861568,Flag / decline,0,Known good,0
RETRO-2025-000267,2025-01-17,5400.0,-342.88,0.1398,0,0.2668,0,25,debt_consolidation,0.044640759075596136,575.5150734711659,Flag / decline,0,Known good,0
RETRO-2025-000268,2025-04-26,5300.0,3281.33,0.0475,3,0.2678,0,43,debt_consolidation,0.03550374752855373,582.3975244866743,Flag / decline,0,Known good,0
RETRO-2025-000269,2025-01-23,6200.0,527.13,0.0404,1,0.5545,0,30,other,0.0360918224074729,581.9059126843192,Flag / decline,0,Known good,0
RETRO-2025-000270,2025-03-05,5000.0,834.58,0.2186,0,0.5927,0,14,debt_consolidation,0.04165008364284747,577.6061005339396,Flag / decline,0,Known good,0
RETRO-2025-000271,2025-06-22,4000.0,173.06,0.247,1,0.4876,0,7,home_improvement,0.04925970983673956,572.5343015042705,Flag / decline,0,Known good,0
RETRO-2025-000272,2025-01-04,7000.0,-111.68,0.3051,1,0.2709,0,30,debt_consolidation,0.05568132198541669,568.8030449454229,Flag / decline,0,Known good,0
RETRO-2025-000273,2025-06-29,6000.0,322.1,0.1476,1,0.3801,0,65,other,0.030026966506327062,587.3951562224128,Flag / decline,0,Known good,0
RETRO-2025-000274,2025-01-02,30000.0,1623.74,0.0836,2,0.3536,1,26,major_purchase,0.06222790533709124,565.3949514037045,Flag / decline,4,Known bad,1
RETRO-2025-000275,2025-01-18,12500.0,359.03,0.0465,1,0.4459,0,101,debt_consolidation,0.027414825091416087,590.0988047345613,Flag / decline,0,Known good,0
RETRO-2025-000276,2025-01-22,3700.0,4105.62,0.0357,0,0.2355,0,97,other,0.0202482518342783,599.0538158236384,Accept,0,Known good,0
RETRO-2025-000277,2025-04-28,7900.0,2133.78,0.0324,2,0.1529,0,40,education,0.010490840536528538,618.3130938831591,Accept,0,Known good,0
RETRO-2025-000278,2025-01-26,12100.0,754.84,0.074,1,0.2637,0,93,home_improvement,0.024491283279392755,593.4391659991429,Accept,0,Known good,0
RETRO-2025-000279,2025-01-20,12500.0,852.36,0.1856,1,0.2769,0,28,car,0.03247334451694415,585.0623466807571,Flag / decline,0,Known good,0
RETRO-2025-000280,2025-05-30,6400.0,385.18,0.2404,1,0.5945,0,45,major_purchase,0.04032458508440201,578.5791750124349,Flag / decline,0,Known good,0
RETRO-2025-000281,2025-01-18,7800.0,1231.07,0.0824,2,0.3619,0,36,car,0.03537528813640594,582.5059555174805,Flag / decline,0,Known good,0
RETRO-2025-000282,2025-01-23,5400.0,2967.02,0.0548,1,0.4357,0,14,major_purchase,0.037307325141666625,580.9137658481574,Flag / decline,0,Known good,0
RETRO-2025-000283,2025-04-15,11800.0,273.15,0.0623,2,0.4079,0,26,major_purchase,0.03804777812179079,580.3244987649091,Flag / decline,0,Known good,0
RETRO-2025-000284,2025-04-12,12200.0,2325.46,0.0239,0,0.2585,0,63,car,0.021927975650245433,596.7047996345605,Accept,0,Known good,0
RETRO-2025-000285,2025-04-13,5900.0,1011.18,0.1028,1,0.4186,1,60,car,0.051304400957831856,571.2986914461512,Flag / decline,0,Known good,0
RETRO-2025-000286,2025-02-12,16700.0,1046.8,0.1115,0,0.4515,0,12,debt_consolidation,0.035312673152451964,582.558945646695,Flag / decline,0,Known good,0
RETRO-2025-000287,2025-03-03,30000.0,2418.06,0.0412,3,0.2364,0,87,other,0.03081733054429868,586.6219722829067,Flag / decline,0,Known good,0
RETRO-2025-000288,2025-04-17,6700.0,1526.14,0.1317,3,0.6199,0,101,car,0.043498984351044274,576.2971337886408,Flag / decline,0,Known good,0
RETRO-2025-000289,2025-04-08,6800.0,1423.34,0.0818,1,0.2873,0,48,car,0.027908905697796922,589.5687572391026,Flag / decline,0,Known good,0
RETRO-2025-000290,2025-04-06,1800.0,-47.52,0.2067,3,0.551,1,46,debt_consolidation,0.1273280122461202,542.6606690094482,Flag / decline,3,Known bad,1
RETRO-2025-000291,2025-01-26,5800.0,-630.7,0.1852,1,0.1692,0,26,major_purchase,0.048323180693159995,573.116564360815,Flag / decline,0,Known good,0
RETRO-2025-000292,2025-06-15,16800.0,2926.19,0.0703,1,0.2298,0,25,debt_consolidation,0.02930236893549507,588.1215314584034,Flag / decline,0,Known good,0
RETRO-2025-000293,2025-02-19,7800.0,897.33,0.3028,0,0.1852,0,73,home_improvement,0.024712221165256454,593.1735039217039,Accept,0,Known good,0
RETRO-2025-000294,2025-05-18,6000.0,3431.6,0.0223,1,0.3215,0,78,car,0.02542175474771357,592.3357261483001,Flag / decline,0,Known good,0
RETRO-2025-000295,2025-05-22,15600.0,111.59,0.1759,1,0.2136,0,70,car,0.042599332277968104,576.9272780041397,Flag / decline,0,Known good,0
RETRO-2025-000296,2025-06-25,4900.0,568.73,0.0472,0,0.5776,0,28,debt_consolidation,0.03274388149879504,584.8148900803803,Flag / decline,0,Known good,0
RETRO-2025-000297,2025-02-19,11700.0,558.77,0.1898,2,0.2865,0,131,debt_consolidation,0.029291403778322567,588.1326567527876,Flag / decline,1,Indeterminate,0
RETRO-2025-000298,2025-03-22,6100.0,-81.46,0.0684,2,0.0,0,44,car,0.040873885296892655,578.1722609061751,Flag / decline,0,Known good,0
RETRO-2025-000299,2025-02-16,9200.0,1448.64,0.1629,1,0.7514,0,9,car,0.05504864208133802,569.1520999232439,Flag / decline,4,Known bad,1
RETRO-2025-000300,2025-04-07,9600.0,1782.62,0.039,2,0.1619,0,119,debt_consolidation,0.024147026709603676,593.8578029787128,Accept,0,Known good,0
RETRO-2025-000301,2025-01-22,6300.0,435.61,0.0542,0,0.4202,0,116,car,0.02312939304652978,595.1302395516349,Accept,0,Known good,0
RETRO-2025-000302,2025-04-05,17800.0,216.91,0.2044,4,0.9185,0,41,car,0.07539280047074558,559.449714789027,Flag / decline,0,Known good,0
RETRO-2025-000303,2025-03-21,2300.0,1362.69,0.0125,1,0.0986,0,43,major_purchase,0.023223301884457544,595.0105516036418,Accept,0,Known good,0
RETRO-2025-000304,2025-04-15,2900.0,699.22,0.0948,1,0.0435,0,114,debt_consolidation,0.02015369598356952,599.1916587253061,Accept,0,Known good,0
RETRO-2025-000305,2025-01-09,16500.0,1086.48,0.1219,4,0.8475,0,144,home_improvement,0.05554254038862851,568.8792911375701,Flag / decline,0,Known good,0
RETRO-2025-000306,2025-05-05,14600.0,722.56,0.3043,0,0.6549,0,30,debt_consolidation,0.04138519168864189,577.7981698342,Flag / decline,0,Known good,0
RETRO-2025-000307,2025-06-03,5100.0,956.0,0.1657,2,0.9742,1,36,car,0.1002791048399329,550.4320063180515,Flag / decline,3,Known bad,1
RETRO-2025-000308,2025-03-11,2000.0,-489.7,0.5289,1,0.6061,0,24,home_improvement,0.0868166341132263,555.0200999035628,Flag / decline,0,Known good,0
RETRO-2025-000309,2025-02-12,6200.0,2231.27,0.0447,0,0.2082,0,53,debt_consolidation,0.02198124646730351,596.6332167255541,Accept,0,Known good,0
RETRO-2025-000310,2025-01-01,4500.0,155.14,0.2888,1,0.3378,0,68,debt_consolidation,0.0319033197446252,585.5903296600188,Flag / decline,0,Known good,0
RETRO-2025-000311,2025-03-20,8700.0,68.9,0.152,0,0.1098,0,53,home_improvement,0.03537550248059486,582.5057742764129,Flag / decline,0,Known good,0
RETRO-2025-000312,2025-01-20,13300.0,1385.61,0.0865,1,0.4166,0,59,debt_consolidation,0.030044978452559035,587.3773173309455,Flag / decline,0,Known good,0
RETRO-2025-000313,2025-03-21,6500.0,86.9,0.1915,0,0.5259,0,60,debt_consolidation,0.04951882871779798,572.3750552491316,Flag / decline,0,Known good,0
RETRO-2025-000314,2025-05-08,6600.0,1049.22,0.2037,1,0.0667,0,11,home_improvement,0.03210249359568839,585.4048164953916,Flag / decline,0,Known good,0
RETRO-2025-000315,2025-02-14,4200.0,1074.62,0.0701,0,0.3132,0,87,debt_consolidation,0.022492779997978864,595.9543456260737,Accept,0,Known good,0
RETRO-2025-000316,2025-02-06,2300.0,6255.61,0.02,1,0.3223,0,34,home_improvement,0.028992138199054447,588.4378628823881,Flag / decline,0,Known good,0
RETRO-2025-000317,2025-01-02,24300.0,661.22,0.2853,1,0.6918,0,78,debt_consolidation,0.04121989472466159,577.9186211636697,Flag / decline,0,Known good,0
RETRO-2025-000318,2025-03-26,3100.0,1769.72,0.0927,0,0.6406,0,33,education,0.01284816506406233,612.3956315321464,Accept,0,Known good,0
RETRO-2025-000319,2025-06-08,8900.0,1022.65,0.0908,2,0.0424,0,145,major_purchase,0.022057863526359814,596.5305589778145,Accept,0,Known good,0
RETRO-2025-000320,2025-06-06,11500.0,513.32,0.1503,3,0.44,1,129,debt_consolidation,0.06186274050778093,565.5760035802879,Flag / decline,0,Known good,0
RETRO-2025-000321,2025-03-31,10200.0,1102.38,0.1185,1,0.1829,1,76,debt_consolidation,0.04154914360057405,577.6791525059589,Flag / decline,6,Known bad,1
RETRO-2025-000322,2025-05-06,4800.0,-44.21,0.1185,2,0.3477,0,52,home_improvement,0.05417743121438716,569.6389896295852,Flag / decline,0,Known good,0
RETRO-2025-000323,2025-05-29,7300.0,-351.88,0.2476,1,0.6164,0,36,debt_consolidation,0.06792873774781752,562.6898024068327,Flag / decline,0,Known good,0
RETRO-2025-000324,2025-02-25,25700.0,817.89,0.1862,0,0.824,0,33,home_improvement,0.042836493562586175,576.7599381299228,Flag / decline,0,Known good,0
RETRO-2025-000325,2025-02-19,1600.0,4278.7,0.0341,2,0.6003,0,45,home_improvement,0.03985159741233611,578.9338351962372,Flag / decline,0,Known good,0
RETRO-2025-000326,2025-04-27,5300.0,684.79,0.1818,3,0.4682,0,102,car,0.03993484434698874,578.8711226695403,Flag / decline,0,Known good,0
RETRO-2025-000327,2025-06-10,15600.0,0.75,0.4705,4,0.1925,0,19,debt_consolidation,0.09185083058985262,553.2341685344832,Flag / decline,0,Known good,0
RETRO-2025-000328,2025-04-26,3200.0,-555.37,0.5629,0,0.2753,1,17,car,0.10576464330960485,548.7188195643486,Flag / decline,0,Known good,0
RETRO-2025-000329,2025-01-22,2100.0,1094.65,0.1626,0,0.4129,0,48,debt_consolidation,0.02865717162645114,588.7831250443393,Flag / decline,0,Known good,0
RETRO-2025-000330,2025-03-10,4500.0,751.4,0.1481,1,0.5327,0,36,debt_consolidation,0.037236020668392524,580.9711033545499,Flag / decline,0,Known good,0
RETRO-2025-000331,2025-03-07,4400.0,968.68,0.0935,1,0.5006,1,57,home_improvement,0.054766865746026024,569.3087757782795,Flag / decline,0,Known good,0
RETRO-2025-000332,2025-05-27,17600.0,1946.33,0.0346,2,0.181,0,85,home_improvement,0.025806128360114394,591.8913419927251,Flag / decline,0,Known good,0
RETRO-2025-000333,2025-04-10,2900.0,837.15,0.118,1,0.489,0,90,debt_consolidation,0.030433782897559332,586.9947533112249,Flag / decline,0,Known good,0
RETRO-2025-000334,2025-05-09,7400.0,-105.34,0.2009,3,0.1535,0,179,home_improvement,0.046229748572901116,574.4578434774451,Flag / decline,0,Known good,0
RETRO-2025-000335,2025-01-29,4900.0,227.02,0.3573,2,0.6327,0,14,major_purchase,0.06133672811889781,565.8385680903687,Flag / decline,0,Known good,0
RETRO-2025-000336,2025-02-27,16400.0,1609.29,0.106,1,0.6263,0,91,major_purchase,0.0335978216820278,584.046558258383,Flag / decline,0,Known good,0
RETRO-2025-000337,2025-05-07,8300.0,2939.07,0.0366,0,0.4787,0,21,home_improvement,0.03140906762613318,586.0555656932661,Flag / decline,1,Indeterminate,0
RETRO-2025-000338,2025-06-05,30000.0,1644.46,0.1741,1,0.4415,1,89,debt_consolidation,0.051631277675419564,571.1054937644225,Flag / decline,4,Known bad,1
RETRO-2025-000339,2025-03-05,15300.0,423.17,0.2447,0,0.4151,0,1,debt_consolidation,0.05090011233486028,571.5392599193726,Flag / decline,0,Known good,0
RETRO-2025-000340,2025-03-10,6100.0,513.07,0.1994,0,0.651,0,105,major_purchase,0.03139512387925214,586.0687933182411,Flag / decline,0,Known good,0
RETRO-2025-000341,2025-03-22,4600.0,1963.13,0.1217,1,0.605,0,108,major_purchase,0.032504248892538334,585.0339782762829,Flag / decline,0,Known good,0
RETRO-2025-000342,2025-03-15,19900.0,2594.18,0.0182,1,0.4193,0,28,debt_consolidation,0.032250782080648466,585.2674199089436,Flag / decline,0,Known good,0
RETRO-2025-000343,2025-01-11,7600.0,1228.44,0.127,2,0.5775,0,9,debt_consolidation,0.053325125455547434,570.1225096562484,Flag / decline,0,Known good,0
RETRO-2025-000344,2025-06-04,10800.0,936.41,0.0518,0,0.2025,0,39,debt_consolidation,0.023099513321816898,595.1684211300114,Accept,0,Known good,0
RETRO-2025-000345,2025-01-15,3100.0,-944.42,0.5312,0,0.3604,0,39,debt_consolidation,0.059073043912932895,566.9930936675936,Flag / decline,0,Known good,0
RETRO-2025-000346,2025-05-21,2800.0,2662.77,0.0371,2,0.6395,0,59,major_purchase,0.039471840193201595,579.2215207058229,Flag / decline,0,Known good,0
RETRO-2025-000347,2025-01-10,5700.0,780.93,0.1757,2,0.7206,0,18,home_improvement,0.05572072921749113,568.7814273306462,Flag / decline,0,Known good,0
RETRO-2025-000348,2025-04-27,3500.0,3066.52,0.0232,0,0.7656,0,64,car,0.03280179408992007,584.7621749714978,Flag / decline,0,Known good,0
RETRO-2025-000349,2025-04-22,3800.0,637.47,0.0997,3,0.0082,0,93,home_improvement,0.02650243494665292,591.1024872048234,Flag / decline,0,Known good,0
RETRO-2025-000350,2025-05-25,14400.0,802.39,0.0867,3,0.2296,0,104,education,0.011378480973373076,615.9436448770974,Accept,0,Known good,0
RETRO-2025-000351,2025-05-21,14900.0,1255.37,0.0647,1,0.2306,1,85,education,0.015180233750727534,607.5147523478705,Accept,0,Known good,0
RETRO-2025-000352,2025-02-23,13900.0,889.08,0.2995,1,0.1313,0,5,major_purchase,0.04046256483530573,578.4764645089756,Flag / decline,0,Known good,0
RETRO-2025-000353,2025-06-26,4200.0,3779.25,0.1279,1,0.2365,1,43,car,0.047706447707594565,573.5058800930523,Flag / decline,0,Known good,0
RETRO-2025-000354,2025-02-05,9600.0,620.62,0.0788,2,0.3851,0,35,debt_consolidation,0.03609854356723344,581.9003387049623,Flag / decline,0,Known good,0
RETRO-2025-000355,2025-04-14,8100.0,1588.99,0.021,2,0.256,0,15,major_purchase,0.03563366859715506,582.2882433508189,Flag / decline,0,Known good,0
RETRO-2025-000356,2025-04-26,18500.0,-711.83,0.8367,2,0.6478,0,85,debt_consolidation,0.10330293733733802,549.4776641082414,Flag / decline,0,Known good,0
RETRO-2025-000357,2025-04-21,4100.0,1256.86,0.1396,2,0.3995,0,53,debt_consolidation,0.03572293287285368,582.2133822279063,Flag / decline,0,Known good,0
RETRO-2025-000358,2025-06-05,10400.0,1084.0,0.128,0,0.1663,0,62,major_purchase,0.022015102583856264,596.5878104949039,Accept,0,Known good,0
RETRO-2025-000359,2025-02-19,8000.0,1782.8,0.2637,0,0.2721,0,152,home_improvement,0.022877619134388308,595.4534850304366,Accept,0,Known good,0
RETRO-2025-000360,2025-06-24,4000.0,2182.82,0.0055,2,0.2881,0,94,major_purchase,0.027089104968045348,590.4533371662629,Flag / decline,0,Known good,0
RETRO-2025-000361,2025-06-04,3900.0,581.01,0.2987,0,0.0649,0,33,debt_consolidation,0.025398142453674628,592.3632378204513,Flag / decline,0,Known good,0
RETRO-2025-000362,2025-05-12,3900.0,4025.64,0.0037,1,0.4952,0,65,home_improvement,0.029675955124521737,587.7448812923426,Flag / decline,4,Known bad,1
RETRO-2025-000363,2025-04-16,8800.0,351.04,0.2397,1,0.2105,0,18,car,0.034287909878290314,583.4393016247685,Flag / decline,0,Known good,0
RETRO-2025-000364,2025-04-23,6200.0,1342.24,0.1823,3,0.3616,0,39,major_purchase,0.0427427416905504,576.825982962453,Flag / decline,0,Known good,0
RETRO-2025-000365,2025-02-07,6400.0,1004.08,0.1654,0,0.3325,0,121,home_improvement,0.023206152853031656,595.0323729458172,Accept,4,Known bad,1
RETRO-2025-000366,2025-02-09,7400.0,629.85,0.1322,1,0.2489,0,27,education,0.011363191479150308,615.9828887532401,Accept,0,Known good,0
RETRO-2025-000367,2025-02-21,11100.0,2684.75,0.0255,3,0.8533,0,56,home_improvement,0.05314630915960087,570.224878321353,Flag / decline,2,Indeterminate,0
RETRO-2025-000368,2025-06-17,13500.0,3120.63,0.1054,1,0.5785,0,90,car,0.03238795647401877,585.1408637489635,Flag / decline,0,Known good,0
RETRO-2025-000369,2025-05-29,6000.0,889.9,0.0269,2,0.257,0,111,debt_consolidation,0.026125101754576083,591.5274341529157,Flag / decline,0,Known good,0
RETRO-2025-000370,2025-02-12,7100.0,1015.88,0.2424,3,0.3239,0,24,major_purchase,0.04667777261185911,574.1660023954221,Flag / decline,0,Known good,0
RETRO-2025-000371,2025-04-07,13700.0,7.01,0.2742,1,0.4105,0,97,home_improvement,0.05062202205758659,571.7057870828044,Flag / decline,0,Known good,0
RETRO-2025-000372,2025-02-26,2400.0,965.74,0.1186,1,0.1511,0,11,home_improvement,0.03229765389932523,585.2241178672563,Flag / decline,0,Known good,0
RETRO-2025-000373,2025-01-17,4000.0,-386.18,0.237,1,0.6081,0,45,other,0.06476396253313708,564.1642233784346,Flag / decline,0,Known good,0
RETRO-2025-000374,2025-01-30,8300.0,2010.9,0.0374,0,0.7322,0,25,car,0.03741239453561087,580.8294689038282,Flag / decline,0,Known good,0
RETRO-2025-000375,2025-01-01,10400.0,1741.49,0.0059,2,0.0747,0,21,education,0.01070190587427456,617.7321891497102,Accept,0,Known good,0
RETRO-2025-000376,2025-01-12,18700.0,-203.37,0.4386,3,0.8149,0,27,other,0.11969070384546529,544.6968641581966,Flag / decline,0,Known good,0
RETRO-2025-000377,2025-03-23,7700.0,344.09,0.3335,2,0.3147,0,25,car,0.04313921601663201,576.5476197140481,Flag / decline,0,Known good,0
RETRO-2025-000378,2025-02-10,7600.0,1412.41,0.0652,0,0.1954,0,32,home_improvement,0.023932375635846517,594.121787948052,Accept,0,Known good,0
RETRO-2025-000379,2025-05-22,6200.0,4640.15,0.0329,0,0.6166,0,4,debt_consolidation,0.04434795541470502,575.7137947352564,Flag / decline,0,Known good,0
RETRO-2025-000380,2025-05-01,6200.0,593.99,0.0752,0,0.6212,0,28,home_improvement,0.03458569719382684,583.1808913333451,Flag / decline,0,Known good,0
RETRO-2025-000381,2025-02-06,3000.0,827.17,0.1499,1,0.6917,0,6,car,0.05509574854560961,569.1259810732909,Flag / decline,0,Known good,0
RETRO-2025-000382,2025-06-26,2900.0,1056.29,0.1299,1,0.5765,0,99,car,0.032411874931147666,585.1188498008881,Flag / decline,1,Indeterminate,0
RETRO-2025-000383,2025-01-03,7700.0,1319.26,0.0856,1,0.3026,0,71,major_purchase,0.02661102172246064,590.9812888169301,Flag / decline,6,Known bad,1
RETRO-2025-000384,2025-03-03,3300.0,1370.06,0.0841,2,0.8498,0,60,home_improvement,0.048023639729127376,573.305058072223,Flag / decline,0,Known good,0
RETRO-2025-000385,2025-04-26,16300.0,1418.85,0.1187,1,0.5337,0,19,debt_consolidation,0.04028531173778786,578.6084711828366,Flag / decline,0,Known good,0
RETRO-2025-000386,2025-01-24,10400.0,300.06,0.1961,3,0.731,0,35,home_improvement,0.058566574362581336,567.2570694050901,Flag / decline,0,Known good,0
RETRO-2025-000387,2025-03-29,5000.0,-627.07,0.5047,1,0.8275,0,11,home_improvement,0.11241681866241435,546.7433649510806,Flag / decline,0,Known good,0
RETRO-2025-000388,2025-03-04,6100.0,2051.54,0.0901,0,0.8204,0,127,other,0.03221631288869009,585.2993027496461,Flag / decline,0,Known good,0
RETRO-2025-000389,2025-06-30,7400.0,3184.49,0.1099,0,0.6643,0,15,other,0.04036939044181653,578.5457855692936,Flag / decline,0,Known good,0
RETRO-2025-000390,2025-02-03,2300.0,2786.28,0.0446,1,0.2568,0,143,major_purchase,0.02223818140753143,596.2903232466064,Accept,0,Known good,0
RETRO-2025-000391,2025-06-30,5200.0,954.97,0.1486,0,0.3572,0,30,home_improvement,0.029229633642210023,588.195404557386,Flag / decline,0,Known good,0
RETRO-2025-000392,2025-02-01,14700.0,1379.03,0.2668,3,0.0907,0,72,home_improvement,0.03326084836246848,584.3474721639651,Flag / decline,0,Known good,0
RETRO-2025-000393,2025-05-30,3400.0,2522.28,0.1398,0,0.802,0,161,debt_consolidation,0.03167063023509402,585.8084836174058,Flag / decline,0,Known good,0
RETRO-2025-000394,2025-03-23,10000.0,2368.18,0.0358,2,0.6843,0,44,home_improvement,0.04278209294426531,576.7982445789386,Flag / decline,0,Known good,0
RETRO-2025-000395,2025-02-18,7200.0,1770.6,0.1353,1,0.6747,0,82,debt_consolidation,0.036251088946950845,581.7740979423044,Flag / decline,0,Known good,0
RETRO-2025-000396,2025-06-28,12900.0,-791.64,0.4435,1,0.0345,0,85,car,0.04339026774476184,576.3726177109658,Flag / decline,0,Known good,0
RETRO-2025-000397,2025-01-26,3900.0,-291.88,0.2052,2,0.729,0,242,debt_consolidation,0.06085103747850643,566.0828810591877,Flag / decline,0,Known good,0
RETRO-2025-000398,2025-02-25,3500.0,-260.19,0.1347,1,0.4374,0,62,car,0.05026274166744701,571.9222197861493,Flag / decline,0,Known good,0
RETRO-2025-000399,2025-06-22,22000.0,653.01,0.2688,1,0.2461,0,43,home_improvement,0.03144292945416827,586.0234665765681,Flag / decline,0,Known good,0
RETRO-2025-000400,2025-03-12,8400.0,2145.87,0.0593,1,0.3512,0,19,education,0.012374739264346653,613.4927502858657,Accept,0,Known good,0
RETRO-2025-000401,2025-03-08,6500.0,1481.93,0.1479,2,0.2858,0,26,debt_consolidation,0.03672022855513263,581.3890347330854,Flag / decline,0,Known good,0
RETRO-2025-000402,2025-01-05,10500.0,2980.47,0.0341,0,0.3151,0,65,major_purchase,0.02300313925709807,595.2919014263941,Accept,0,Known good,0
RETRO-2025-000403,2025-04-25,13900.0,733.34,0.1285,0,0.4033,0,54,home_improvement,0.027231045178421714,590.2983347068206,Flag / decline,0,Known good,0
RETRO-2025-000404,2025-01-31,2900.0,-321.97,0.3545,0,0.2826,0,45,debt_consolidation,0.048037160710530685,573.2965256278123,Flag / decline,0,Known good,0
RETRO-2025-000405,2025-01-03,5100.0,1317.87,0.1351,3,0.2796,0,45,car,0.03788061691085579,580.4565599709907,Flag / decline,0,Known good,0
RETRO-2025-000406,2025-06-21,10300.0,-394.67,0.3861,1,0.1519,1,10,debt_consolidation,0.10442021475658231,549.1312948755138,Flag / decline,0,Known good,0
RETRO-2025-000407,2025-03-10,7300.0,3520.92,0.0551,1,0.2619,1,95,car,0.040800736866748295,578.226144957503,Flag / decline,0,Known good,0
RETRO-2025-000408,2025-06-06,4900.0,170.38,0.1135,1,0.7965,1,82,car,0.06598239527983915,563.5888099297482,Flag / decline,0,Known good,0
RETRO-2025-000409,2025-04-27,5500.0,1048.57,0.0563,0,0.5081,0,84,car,0.02618651659136147,591.4578644109092,Flag / decline,0,Known good,0
RETRO-2025-000410,2025-03-01,3500.0,2104.63,0.0613,0,0.4242,0,110,car,0.023524917387207047,594.6293095764355,Accept,0,Known good,0
RETRO-2025-000411,2025-06-15,10100.0,957.89,0.2585,1,0.2571,0,26,other,0.034073595924058064,583.6266193510846,Flag / decline,0,Known good,0
RETRO-2025-000412,2025-01-14,3100.0,-183.06,0.2308,1,0.3627,1,24,other,0.09724499297892367,551.4156490512869,Flag / decline,4,Known bad,1
RETRO-2025-000413,2025-03-02,3900.0,76.63,0.1356,2,0.1605,0,25,car,0.05305316355265035,570.2783311158347,Flag / decline,0,Known good,0
RETRO-2025-000414,2025-02-04,3800.0,892.26,0.0239,2,0.1293,1,89,other,0.04137640283781656,577.8045626420542,Flag / decline,0,Known good,0
RETRO-2025-000415,2025-01-04,5700.0,1447.62,0.0577,3,0.1564,1,32,home_improvement,0.05777797528068899,567.6723862530806,Flag / decline,0,Known good,0
RETRO-2025-000416,2025-02-13,4000.0,1506.84,0.1574,0,0.5822,0,77,other,0.0303054925883034,587.1204584972643,Flag / decline,0,Known good,0
RETRO-2025-000417,2025-05-17,6900.0,573.24,0.1372,1,0.4165,0,48,car,0.03219715938685476,585.3170333493267,Flag / decline,0,Known good,0
RETRO-2025-000418,2025-06-09,4700.0,661.65,0.2428,3,0.3044,0,53,home_improvement,0.040652007142310716,578.3359910321216,Flag / decline,0,Known good,0
RETRO-2025-000419,2025-05-27,10800.0,2244.06,0.1046,2,0.0986,0,97,car,0.02487594812674638,592.9781231281082,Accept,0,Known good,0
RETRO-2025-000420,2025-02-02,9200.0,1227.53,0.2609,2,0.2735,0,33,car,0.03798512257705852,580.3739326712174,Flag / decline,0,Known good,0
RETRO-2025-000421,2025-03-05,6600.0,1560.68,0.039,1,0.4428,0,107,other,0.026947531922778475,590.6087271765671,Flag / decline,3,Known bad,1
RETRO-2025-000422,2025-05-19,16500.0,2048.15,0.2654,0,0.7987,1,79,debt_consolidation,0.06504341775843807,564.0313641689689,Flag / decline,0,Known good,0
RETRO-2025-000423,2025-01-09,7600.0,325.39,0.1624,3,0.6821,1,67,debt_consolidation,0.08297896065857223,556.4456230443848,Flag / decline,0,Known good,0
RETRO-2025-000424,2025-05-25,13300.0,1731.44,0.0808,2,0.6642,0,28,car,0.04663806330526589,574.1917610244221,Flag / decline,0,Known good,0
RETRO-2025-000425,2025-04-27,7900.0,843.68,0.2372,1,0.182,0,32,car,0.030599777701897247,586.8328629246915,Flag / decline,0,Known good,0
RETRO-2025-000426,2025-04-16,19200.0,4999.69,0.0526,1,0.0842,0,16,debt_consolidation,0.027594344750970157,589.9051512160133,Flag / decline,0,Known good,0
RETRO-2025-000427,2025-05-04,5100.0,1429.43,0.0633,1,0.4985,0,110,debt_consolidation,0.028545559051680994,588.8990385238412,Flag / decline,0,Known good,0
RETRO-2025-000428,2025-04-12,6000.0,632.73,0.1864,1,0.3608,0,39,education,0.012208293028202663,613.8883453174275,Accept,0,Known good,0
RETRO-2025-000429,2025-03-19,11600.0,1473.58,0.1395,0,0.0,0,96,car,0.01808966065040373,602.3699571076993,Accept,0,Known good,0
RETRO-2025-000430,2025-04-02,20600.0,-132.33,0.1852,2,0.2701,0,16,car,0.06392619443605076,564.5657395610745,Flag / decline,0,Known good,0
RETRO-2025-000431,2025-02-15,3700.0,1594.37,0.1098,2,0.5316,0,81,debt_consolidation,0.03630143708532696,581.7325439341265,Flag / decline,0,Known good,0
RETRO-2025-000432,2025-01-14,8800.0,1918.39,0.0658,2,0.3276,0,73,car,0.0304082500941353,587.0197306489551,Flag / decline,0,Known good,0
RETRO-2025-000433,2025-02-17,3200.0,-62.38,0.2398,1,0.4953,1,108,major_purchase,0.08637422800441466,555.1814868316998,Flag / decline,0,Known good,0
RETRO-2025-000434,2025-05-19,6500.0,285.1,0.2737,0,0.4697,1,34,major_purchase,0.05777996679060042,567.6713307380778,Flag / decline,0,Known good,0
RETRO-2025-000435,2025-02-17,9100.0,972.64,0.1288,1,0.6774,0,43,car,0.04004686483167169,578.7869315665203,Flag / decline,0,Known good,0
RETRO-2025-000436,2025-01-29,9100.0,214.86,0.2879,3,0.2047,0,83,debt_consolidation,0.036137569615013465,581.8679934239558,Flag / decline,0,Known good,0
RETRO-2025-000437,2025-03-30,9900.0,1924.15,0.0886,1,0.6587,0,49,car,0.03756415831217572,580.7081099764895,Flag / decline,0,Known good,0
RETRO-2025-000438,2025-05-31,12300.0,1007.9,0.0318,1,0.7953,0,37,debt_consolidation,0.04199361838198063,577.3587413599073,Flag / decline,7,Known bad,1
RETRO-2025-000439,2025-01-03,8100.0,4393.02,0.0156,1,0.7179,0,12,debt_consolidation,0.046369502848502185,574.3665204039495,Flag / decline,0,Known good,0
RETRO-2025-000440,2025-06-06,9200.0,126.09,0.3592,0,0.0921,0,37,major_purchase,0.04278782706636919,576.7942046769598,Flag / decline,0,Known good,0
RETRO-2025-000441,2025-06-20,11500.0,503.08,0.027,1,0.0,0,63,home_improvement,0.020390503645648626,598.8476250844094,Accept,0,Known good,0
RETRO-2025-000442,2025-02-28,5000.0,74.59,0.0658,4,0.3251,1,77,major_purchase,0.10304811083072152,549.5571271522243,Flag / decline,0,Known good,0
RETRO-2025-000443,2025-06-06,9300.0,364.56,0.1813,0,0.1012,1,31,car,0.04116202492443279,577.960899954126,Flag / decline,0,Known good,0
RETRO-2025-000444,2025-04-26,10800.0,3304.22,0.0338,1,0.7266,1,6,home_improvement,0.08681264801335684,555.0215506810122,Flag / decline,0,Known good,0
RETRO-2025-000445,2025-02-19,6100.0,1977.74,0.058,2,0.4341,0,53,home_improvement,0.03463374222221005,583.1394005100858,Flag / decline,0,Known good,0
RETRO-2025-000446,2025-01-23,7900.0,-21.82,0.3456,1,0.6005,0,50,other,0.0683080766946213,562.5173744043052,Flag / decline,0,Known good,0
RETRO-2025-000447,2025-06-17,10100.0,-348.63,0.2023,0,0.1617,0,53,education,0.014195097709408805,609.4796256172309,Accept,0,Known good,0
RETRO-2025-000448,2025-04-10,3800.0,780.9,0.0967,1,0.5869,0,4,other,0.05159288166900635,571.1281273435782,Flag / decline,0,Known good,0
RETRO-2025-000449,2025-01-13,3800.0,1127.82,0.0787,0,0.4038,0,110,car,0.023436291057095555,594.7408359709218,Accept,0,Known good,0
RETRO-2025-000450,2025-02-07,8500.0,477.4,0.2378,0,0.2241,0,36,debt_consolidation,0.027231734172876484,590.2975842237356,Flag / decline,0,Known good,0
RETRO-2025-000451,2025-03-11,5500.0,1039.41,0.02,4,0.8971,0,15,education,0.02890143015020181,588.5309752459924,Flag / decline,0,Known good,0
RETRO-2025-000452,2025-03-16,8300.0,1952.63,0.2202,1,0.7706,0,69,debt_consolidation,0.042695944453025075,576.8590017364902,Flag / decline,0,Known good,0
RETRO-2025-000453,2025-04-02,4200.0,2797.24,0.0364,2,0.7629,0,63,debt_consolidation,0.04303594571373097,576.619889352475,Flag / decline,0,Known good,0
RETRO-2025-000454,2025-02-12,14500.0,688.47,0.0446,0,0.1727,0,43,debt_consolidation,0.022088548586161483,596.4895423630167,Accept,0,Known good,0
RETRO-2025-000455,2025-04-18,7600.0,4828.4,0.0344,0,0.2787,0,33,other,0.02490069104918917,592.9487056370723,Accept,0,Known good,0
RETRO-2025-000456,2025-04-26,8800.0,1437.54,0.0153,3,0.5799,0,59,debt_consolidation,0.0422464026541835,577.1779589126924,Flag / decline,0,Known good,0
RETRO-2025-000457,2025-04-26,10000.0,481.85,0.1741,0,0.2712,0,99,car,0.022964807803882062,595.3411544749758,Accept,0,Known good,0
RETRO-2025-000458,2025-03-08,3200.0,2649.99,0.0096,4,0.4903,1,94,home_improvement,0.06955474392431957,561.9568851829772,Flag / decline,0,Known good,0
RETRO-2025-000459,2025-04-21,4100.0,-303.92,0.4354,1,0.2311,0,102,other,0.048908382899220296,572.7514892195037,Flag / decline,0,Known good,0
RETRO-2025-000460,2025-01-27,8400.0,3535.07,0.0803,1,0.3177,0,27,debt_consolidation,0.03127883238813634,586.1793342499888,Flag / decline,0,Known good,0
RETRO-2025-000461,2025-06-24,13800.0,573.52,0.1794,2,0.7455,0,26,car,0.05387996944170805,569.8069219362546,Flag / decline,0,Known good,0
RETRO-2025-000462,2025-01-20,5400.0,2603.8,0.0147,0,0.5941,0,30,education,0.011864253034215207,614.7231976237698,Accept,0,Known good,0
RETRO-2025-000463,2025-05-26,4400.0,-358.35,0.3553,1,0.2189,0,181,car,0.04179337581342794,577.5026879334298,Flag / decline,0,Known good,0
RETRO-2025-000464,2025-01-08,6700.0,1470.15,0.1012,3,0.5087,0,156,other,0.03637782683460053,581.669602700537,Flag / decline,0,Known good,0
RETRO-2025-000465,2025-06-03,6500.0,1231.26,0.1564,1,0.5674,0,27,debt_consolidation,0.04026286995069227,578.6252240451286,Flag / decline,0,Known good,0
RETRO-2025-000466,2025-04-17,9200.0,2025.41,0.0077,1,0.2032,0,67,major_purchase,0.02344343092579405,594.7318360076332,Accept,0,Known good,0
RETRO-2025-000467,2025-05-18,12600.0,1935.53,0.1069,2,0.3253,0,63,education,0.011842785395901419,614.7760811353206,Accept,5,Known bad,1
RETRO-2025-000468,2025-04-23,9500.0,-120.48,0.3953,0,0.4131,0,27,car,0.059192447604248036,566.9311686658601,Flag / decline,0,Known good,0
RETRO-2025-000469,2025-04-06,11400.0,450.24,0.1647,1,0.1027,0,32,home_improvement,0.027260135394434448,590.2666644131,Flag / decline,0,Known good,0
RETRO-2025-000470,2025-05-27,7100.0,1659.15,0.0879,1,0.2057,0,46,other,0.02643920663282069,591.1732817759366,Flag / decline,0,Known good,0
RETRO-2025-000471,2025-04-19,1900.0,1870.99,0.0378,0,0.1517,1,40,car,0.037162019403761,581.0307211333604,Flag / decline,0,Known good,0
RETRO-2025-000472,2025-03-25,2900.0,1866.54,0.1662,1,0.3903,0,125,major_purchase,0.02762242975483942,589.8749658242441,Flag / decline,0,Known good,0
RETRO-2025-000473,2025-06-21,4700.0,1540.71,0.0658,0,0.5294,0,21,debt_consolidation,0.033394907569684544,584.2274075881123,Flag / decline,0,Known good,0
RETRO-2025-000474,2025-06-12,9500.0,2644.04,0.0201,3,0.5384,1,65,car,0.06777961368056426,562.7578310799689,Flag / decline,0,Known good,0
RETRO-2025-000475,2025-02-05,6900.0,1511.66,0.0359,1,0.1233,0,47,major_purchase,0.023753670762531796,594.3433329369637,Accept,0,Known good,0
RETRO-2025-000476,2025-03-22,3800.0,-656.22,0.2612,1,0.6658,0,52,debt_consolidation,0.06733715352187754,562.960496314096,Flag / decline,0,Known good,0
RETRO-2025-000477,2025-02-26,13000.0,1956.43,0.0548,0,0.2349,0,22,debt_consolidation,0.0260038424871432,591.6652633085032,Flag / decline,0,Known good,0
RETRO-2025-000478,2025-06-24,6700.0,1342.84,0.0147,0,0.2691,0,51,education,0.0083587598293136,624.9305872492002,Accept,0,Known good,0
RETRO-2025-000479,2025-03-07,7200.0,1604.69,0.0354,1,0.4613,0,150,car,0.025829993211298936,591.8639641261528,Flag / decline,0,Known good,0
RETRO-2025-000480,2025-03-03,6900.0,2856.9,0.0772,0,0.4312,1,85,debt_consolidation,0.042314315649130844,577.1295661467437,Flag / decline,0,Known good,0
RETRO-2025-000481,2025-06-14,17900.0,1985.72,0.0262,0,0.1986,0,55,home_improvement,0.02139350661491795,597.4325557260321,Accept,0,Known good,0
RETRO-2025-000482,2025-06-04,8500.0,131.81,0.3665,2,0.5438,0,68,car,0.0718487833672106,560.9493609916244,Flag / decline,3,Known bad,1
RETRO-2025-000483,2025-03-15,3700.0,325.15,0.2943,1,0.794,0,191,home_improvement,0.03899585754510889,579.5858735507006,Flag / decline,0,Known good,0
RETRO-2025-000484,2025-04-25,25000.0,3272.49,0.0482,1,0.4051,0,7,home_improvement,0.040098720984548634,578.7480344888753,Flag / decline,0,Known good,0
RETRO-2025-000485,2025-03-07,3000.0,1205.64,0.0234,0,0.4655,0,63,debt_consolidation,0.025882488389882493,591.8038279705302,Flag / decline,0,Known good,0
RETRO-2025-000486,2025-01-26,4800.0,2387.38,0.0213,1,0.0549,0,130,debt_consolidation,0.01887330029907854,601.1232927092191,Accept,0,Known good,0
RETRO-2025-000487,2025-02-17,5900.0,381.26,0.1384,1,0.234,0,48,debt_consolidation,0.0278591834250336,589.6216847875955,Flag / decline,0,Known good,0
RETRO-2025-000488,2025-04-06,11700.0,2119.8,0.1187,1,0.1211,0,50,car,0.024928767023772166,592.9153598743612,Accept,0,Known good,0
RETRO-2025-000489,2025-02-01,5900.0,-532.34,0.2336,1,0.7525,0,39,car,0.07375064191879513,560.1363387239787,Flag / decline,0,Known good,0
RETRO-2025-000490,2025-05-06,5900.0,308.76,0.0354,0,0.2953,0,15,debt_consolidation,0.028548114324030455,588.8963798695253,Flag / decline,0,Known good,0
RETRO-2025-000491,2025-04-07,15400.0,1556.3,0.0257,2,0.3672,1,154,home_improvement,0.045794180314274874,574.7441624646226,Flag / decline,0,Known good,0
RETRO-2025-000492,2025-01-31,22300.0,2466.56,0.0257,0,0.7937,0,64,car,0.0336030668508135,584.0418974391201,Flag / decline,0,Known good,0
RETRO-2025-000493,2025-06-30,4300.0,2920.71,0.0322,0,0.5979,0,48,debt_consolidation,0.030239580329229406,587.1852431882506,Flag / decline,5,Known bad,1
RETRO-2025-000494,2025-04-21,8700.0,-22.9,0.3558,2,0.5831,0,4,other,0.10955055242152317,547.5816152034257,Flag / decline,0,Known good,0
RETRO-2025-000495,2025-01-01,29200.0,2225.35,0.0551,1,0.5346,0,26,car,0.036710723114268005,581.3967895769314,Flag / decline,0,Known good,0
RETRO-2025-000496,2025-02-12,4600.0,2359.43,0.0316,0,0.9119,0,61,debt_consolidation,0.037345709936250276,580.8829433872861,Flag / decline,0,Known good,0
RETRO-2025-000497,2025-01-27,9200.0,2046.55,0.1402,0,0.573,1,72,car,0.050756113139817094,571.6253822994588,Flag / decline,0,Known good,0
RETRO-2025-000498,2025-03-11,3000.0,510.76,0.0847,0,0.2167,0,30,debt_consolidation,0.02494404187870537,592.8972333363192,Accept,0,Known good,0
RETRO-2025-000499,2025-01-02,5300.0,-520.93,0.5899,1,0.0996,1,38,other,0.0951348418567903,552.116018384339,Flag / decline,0,Known good,0
RETRO-2025-000500,2025-05-18,6100.0,-14.94,0.1936,1,0.3291,0,132,debt_consolidation,0.04272806657962528,576.8363335765988,Flag / decline,0,Known good,0
RETRO-2025-000501,2025-06-08,2800.0,-155.28,0.3995,1,0.8131,0,121,debt_consolidation,0.07283037753422048,560.527297608581,Flag / decline,0,Known good,0
RETRO-2025-000502,2025-04-22,8900.0,443.42,0.0965,0,0.5153,0,100,car,0.026363245766585754,591.2585506677291,Flag / decline,0,Known good,0
RETRO-2025-000503,2025-05-20,5300.0,707.22,0.2045,1,0.1944,1,79,car,0.04429554291742054,575.7494982393583,Flag / decline,0,Known good,0
RETRO-2025-000504,2025-02-08,11500.0,1933.82,0.0478,0,0.4616,0,30,car,0.029545108983169557,587.8762747843506,Flag / decline,0,Known good,0
RETRO-2025-000505,2025-01-09,4700.0,-710.38,0.4956,2,0.4359,1,24,car,0.13758071912517755,540.0850988195431,Flag / decline,0,Known good,0
RETRO-2025-000506,2025-04-18,9400.0,1517.86,0.0566,1,0.5288,0,99,debt_consolidation,0.02960110363902235,587.8199769781017,Flag / decline,0,Known good,0
RETRO-2025-000507,2025-01-25,11100.0,667.17,0.0697,1,0.1958,0,64,home_improvement,0.024554984405576876,593.362331026603,Accept,0,Known good,0
RETRO-2025-000508,2025-04-23,9200.0,996.26,0.0366,0,0.3936,0,51,home_improvement,0.025516677987996693,592.2253776482544,Flag / decline,0,Known good,0
RETRO-2025-000509,2025-04-05,12300.0,626.16,0.094,2,0.2306,0,60,car,0.02963552128612822,587.7854242091024,Flag / decline,0,Known good,0
RETRO-2025-000510,2025-01-29,6600.0,2776.05,0.0382,1,0.0272,0,133,car,0.018615329373897777,601.5279899713626,Accept,0,Known good,0
RETRO-2025-000511,2025-03-30,12700.0,582.28,0.1394,0,0.2738,1,165,major_purchase,0.0351396259787714,582.705865061342,Flag / decline,0,Known good,0
RETRO-2025-000512,2025-06-01,24300.0,2353.97,0.0165,1,0.2292,0,24,major_purchase,0.028354631111818317,589.0983474590441,Flag / decline,0,Known good,0
RETRO-2025-000513,2025-02-03,4800.0,3757.79,0.0235,1,0.4652,0,44,other,0.03127305880146302,586.1848326925526,Flag / decline,0,Known good,0
RETRO-2025-000514,2025-04-10,3900.0,1141.06,0.0805,4,0.5664,0,191,car,0.04139607000057678,577.7902589991319,Flag / decline,0,Known good,0
RETRO-2025-000515,2025-05-25,5600.0,1386.26,0.0114,0,0.1685,0,15,education,0.009339431047896179,621.7011233086058,Accept,0,Known good,0
RETRO-2025-000516,2025-05-26,30000.0,10.61,0.16,2,0.0939,0,99,debt_consolidation,0.04133320577032569,577.8360020940366,Flag / decline,0,Known good,0
RETRO-2025-000517,2025-06-17,3700.0,-4.86,0.2277,1,0.3694,1,35,debt_consolidation,0.09229027744812397,553.0824848777037,Flag / decline,0,Known good,0
RETRO-2025-000518,2025-01-26,6800.0,11.68,0.1429,1,0.5942,0,29,home_improvement,0.06417456034012624,564.4461969182688,Flag / decline,0,Known good,0
RETRO-2025-000519,2025-02-16,3600.0,1241.95,0.022,0,0.2854,0,30,home_improvement,0.025187739370562415,592.6094931476932,Flag / decline,0,Known good,0
RETRO-2025-000520,2025-01-18,15600.0,138.06,0.1457,2,0.6452,0,51,major_purchase,0.06966965005272988,561.9056936105736,Flag / decline,0,Known good,0
RETRO-2025-000521,2025-05-14,15300.0,385.21,0.1677,1,0.1794,0,70,debt_consolidation,0.025642803677580487,592.0793730609953,Flag / decline,2,Indeterminate,0
RETRO-2025-000522,2025-06-23,6800.0,435.67,0.0192,0,0.1413,0,35,other,0.021849814166989272,596.8101378004735,Accept,0,Known good,0
RETRO-2025-000523,2025-01-02,13900.0,1029.14,0.0845,1,0.8031,0,53,home_improvement,0.04146397240741059,577.7409244893362,Flag / decline,0,Known good,0
RETRO-2025-000524,2025-06-12,9900.0,307.89,0.2502,1,0.1149,0,65,car,0.026157074345848044,591.4911962781048,Flag / decline,0,Known good,0
RETRO-2025-000525,2025-06-10,24600.0,1280.87,0.0789,1,0.6515,0,19,car,0.04297101056590157,576.6654165067266,Flag / decline,0,Known good,0
RETRO-2025-000526,2025-05-13,8400.0,938.39,0.1562,1,0.3818,0,187,home_improvement,0.025519965038896933,592.2215636088006,Flag / decline,0,Known good,0
RETRO-2025-000527,2025-06-13,30000.0,1841.68,0.085,1,0.2426,0,40,major_purchase,0.027785003889874215,589.7008170052609,Flag / decline,0,Known good,0
RETRO-2025-000528,2025-02-15,2700.0,309.76,0.2666,3,0.4523,0,121,debt_consolidation,0.04076875153129182,578.2497357019338,Flag / decline,4,Known bad,1
RETRO-2025-000529,2025-02-11,5800.0,622.63,0.0764,1,0.3291,0,29,debt_consolidation,0.031125983858822506,586.3252309526354,Flag / decline,0,Known good,0
RETRO-2025-000530,2025-04-17,4900.0,-431.26,0.3426,1,0.2875,0,36,home_improvement,0.056309731560950094,568.4600211517716,Flag / decline,0,Known good,0
RETRO-2025-000531,2025-04-18,8300.0,1716.57,0.047,0,0.1468,0,112,other,0.018567423068196923,601.6037492869534,Accept,0,Known good,0
RETRO-2025-000532,2025-04-08,11900.0,957.35,0.0668,2,0.344,0,15,debt_consolidation,0.03947431280551483,579.219639007302,Flag / decline,0,Known good,0
RETRO-2025-000533,2025-04-19,11100.0,281.25,0.1289,2,0.1777,0,21,car,0.03436448833297008,583.3726431855564,Flag / decline,0,Known good,0
RETRO-2025-000534,2025-01-14,3900.0,-455.39,0.1149,0,0.3019,0,78,debt_consolidation,0.03772788584324628,580.5777113647035,Flag / decline,0,Known good,0
RETRO-2025-000535,2025-03-19,3600.0,-13.91,0.3167,1,0.5498,0,17,education,0.028838054830298256,588.5961988019716,Flag / decline,0,Known good,0
RETRO-2025-000536,2025-04-06,4800.0,1771.39,0.1455,0,0.4582,0,86,car,0.026734196661289584,590.8443888969701,Flag / decline,0,Known good,0
RETRO-2025-000537,2025-06-19,5600.0,629.24,0.1618,0,0.6171,0,22,car,0.038071686133654234,580.3056564534392,Flag / decline,0,Known good,0
RETRO-2025-000538,2025-03-11,14600.0,1107.0,0.1989,1,0.3527,0,36,car,0.03347653312236792,584.1545307616196,Flag / decline,0,Known good,0
RETRO-2025-000539,2025-03-31,7600.0,455.12,0.1891,1,0.3136,0,42,car,0.03144951049154517,586.0172320037027,Flag / decline,0,Known good,0
RETRO-2025-000540,2025-04-24,10700.0,1234.36,0.0818,2,0.1974,0,148,debt_consolidation,0.02473724620184779,593.1435591877291,Accept,0,Known good,0
RETRO-2025-000541,2025-06-20,13900.0,1221.8,0.1693,1,0.3642,0,169,debt_consolidation,0.02582203083791392,591.8730958590403,Flag / decline,0,Known good,0
RETRO-2025-000542,2025-02-18,3300.0,1556.38,0.0769,0,0.4804,0,63,car,0.027225035577083594,590.3048814117928,Flag / decline,0,Known good,0
RETRO-2025-000543,2025-03-12,9600.0,2638.05,0.0971,3,0.4978,0,93,debt_consolidation,0.03905422072146865,579.5409692318245,Flag / decline,0,Known good,0
RETRO-2025-000544,2025-01-21,3000.0,2661.07,0.0296,0,0.3173,0,48,education,0.00887659145253573,623.1811781137036,Accept,0,Known good,0
RETRO-2025-000545,2025-05-07,13100.0,405.17,0.1377,1,0.5983,0,56,car,0.03631385703452397,581.7223018617569,Flag / decline,0,Known good,0
RETRO-2025-000546,2025-01-20,9800.0,3059.14,0.0837,0,0.7033,0,44,debt_consolidation,0.034597325778466935,583.1708440015407,Flag / decline,0,Known good,0
RETRO-2025-000547,2025-06-02,5900.0,1182.72,0.1474,2,0.0749,0,93,other,0.02534685710262581,592.4230784415664,Flag / decline,0,Known good,0
RETRO-2025-000548,2025-01-05,9500.0,3564.94,0.0539,1,0.1968,0,53,car,0.025041123394052314,592.7822797414237,Flag / decline,1,Indeterminate,0
RETRO-2025-000549,2025-02-15,4100.0,502.55,0.1366,1,0.0956,0,13,debt_consolidation,0.030531404378579353,586.8994423697808,Flag / decline,0,Known good,0
RETRO-2025-000550,2025-02-14,5100.0,2706.58,0.0391,2,0.2719,1,108,education,0.01693791963885595,604.3019548178617,Accept,0,Known good,0
RETRO-2025-000551,2025-04-26,4200.0,754.29,0.1528,1,0.6126,0,36,car,0.03979754777187592,578.9746197483224,Flag / decline,0,Known good,0
RETRO-2025-000552,2025-01-10,5500.0,1036.27,0.3002,4,0.1743,0,110,education,0.014415524883379148,609.0285613665388,Accept,0,Known good,0
RETRO-2025-000553,2025-06-19,5400.0,299.87,0.0956,1,0.1458,0,56,debt_consolidation,0.024556493653171124,593.3605129609593,Accept,0,Known good,0
RETRO-2025-000554,2025-06-23,18400.0,-450.85,0.7689,1,0.1561,1,80,car,0.10016120782354902,550.4697301723077,Flag / decline,0,Known good,0
RETRO-2025-000555,2025-04-11,8900.0,1719.66,0.0571,0,0.4004,0,86,home_improvement,0.02394317678704247,594.1084492549629,Accept,0,Known good,0
RETRO-2025-000556,2025-04-28,8800.0,887.5,0.1302,1,0.6777,1,50,major_purchase,0.06574477659489476,563.700247052119,Flag / decline,0,Known good,0
RETRO-2025-000557,2025-01-26,6200.0,833.31,0.0827,1,0.4725,0,126,car,0.0277386621858427,589.750356985358,Flag / decline,3,Known bad,1
RETRO-2025-000558,2025-03-19,1900.0,-493.12,0.3864,2,0.9479,0,89,major_purchase,0.09483424533306675,552.2169157622785,Flag / decline,0,Known good,0
RETRO-2025-000559,2025-01-30,4600.0,1340.98,0.1777,3,0.5115,0,79,debt_consolidation,0.04290442987013329,576.7121656617336,Flag / decline,0,Known good,0
RETRO-2025-000560,2025-03-13,6000.0,2166.47,0.1101,2,0.4776,0,8,debt_consolidation,0.049565642436701314,572.3463692959378,Flag / decline,0,Known good,0
RETRO-2025-000561,2025-04-08,4500.0,448.43,0.0657,1,0.6169,0,40,car,0.03691240616236969,581.232662800101,Flag / decline,1,Indeterminate,0
RETRO-2025-000562,2025-05-20,1900.0,722.72,0.1266,1,0.3701,0,24,debt_consolidation,0.034335436123409356,583.3979150743678,Flag / decline,0,Known good,0
RETRO-2025-000563,2025-04-15,21200.0,1435.96,0.1164,0,0.4699,0,74,education,0.009984279546121962,619.7558621134777,Accept,0,Known good,0
RETRO-2025-000564,2025-05-13,12800.0,2293.68,0.0575,0,0.5315,1,180,car,0.040080058876429576,578.7620273010283,Flag / decline,0,Known good,0
RETRO-2025-000565,2025-04-13,10300.0,581.62,0.1012,0,0.414,0,113,home_improvement,0.02391296138698638,594.1457780062176,Accept,0,Known good,0
RETRO-2025-000566,2025-01-10,2100.0,2104.46,0.0705,1,0.1346,0,31,car,0.026257166635375005,591.3780292861704,Flag / decline,0,Known good,0
RETRO-2025-000567,2025-06-26,7400.0,36.14,0.2461,1,0.18,0,54,car,0.04542403322555531,574.9895221997908,Flag / decline,0,Known good,0
RETRO-2025-000568,2025-03-17,5200.0,1173.77,0.0847,2,0.3936,0,99,debt_consolidation,0.030941845859432427,586.5019177296512,Flag / decline,0,Known good,0
RETRO-2025-000569,2025-02-20,1600.0,3065.04,0.0356,2,0.7141,0,68,home_improvement,0.0408934016003244,578.1579000208343,Flag / decline,0,Known good,0
RETRO-2025-000570,2025-02-11,4000.0,420.2,0.1049,3,0.5175,0,164,car,0.03643644690282308,581.6213889581153,Flag / decline,0,Known good,0
RETRO-2025-000571,2025-04-30,9600.0,1974.42,0.1305,2,0.1838,0,110,home_improvement,0.026591509059911065,591.0030322449078,Flag / decline,0,Known good,0
RETRO-2025-000572,2025-03-07,5800.0,167.74,0.1046,1,0.1763,0,51,home_improvement,0.025710629519247977,592.0011459298091,Flag / decline,0,Known good,0
RETRO-2025-000573,2025-04-28,4900.0,537.35,0.1856,1,0.7391,0,18,education,0.01873651439138646,601.337197841495,Accept,0,Known good,0
RETRO-2025-000574,2025-04-29,7500.0,692.18,0.168,2,0.3539,0,71,debt_consolidation,0.03356532862587014,584.075447015948,Flag / decline,0,Known good,0
RETRO-2025-000575,2025-02-13,4700.0,307.56,0.1785,1,0.1241,0,105,debt_consolidation,0.023157777611667946,595.0940131280545,Accept,0,Known good,0
RETRO-2025-000576,2025-01-12,6600.0,3819.71,0.0038,1,0.3143,0,118,home_improvement,0.02332665559460692,594.879370978358,Accept,0,Known good,0
RETRO-2025-000577,2025-02-22,12700.0,782.41,0.1131,1,0.0298,0,25,debt_consolidation,0.025754380754835986,591.9507918483883,Flag / decline,0,Known good,0
RETRO-2025-000578,2025-04-12,7200.0,790.47,0.2116,1,0.6244,0,77,car,0.037157600700856976,581.0342845913418,Flag / decline,0,Known good,0
RETRO-2025-000579,2025-03-06,15600.0,686.48,0.1286,1,0.2689,0,20,car,0.032634079156708615,584.9150857666568,Flag / decline,0,Known good,0
RETRO-2025-000580,2025-04-29,6200.0,511.93,0.0972,4,0.6186,0,65,home_improvement,0.051739685380799434,571.0416756642542,Flag / decline,0,Known good,0
RETRO-2025-000581,2025-01-20,18000.0,-13.29,0.2018,1,0.5489,0,111,debt_consolidation,0.05246798084662085,570.6161865991514,Flag / decline,0,Known good,0
RETRO-2025-000582,2025-03-16,9900.0,653.12,0.1887,1,0.2599,0,93,car,0.026528206845757345,591.0736784172003,Flag / decline,0,Known good,0
RETRO-2025-000583,2025-05-29,15900.0,1072.01,0.0817,0,0.458,0,100,debt_consolidation,0.02491221170089203,592.93501815852,Accept,0,Known good,0
RETRO-2025-000584,2025-04-13,7500.0,1340.82,0.0448,1,0.8858,0,40,debt_consolidation,0.04496020209866796,575.29968476301,Flag / decline,2,Indeterminate,0
RETRO-2025-000585,2025-01-20,3400.0,4829.98,0.0082,0,0.3844,0,72,home_improvement,0.023477876635139228,594.6884539760042,Accept,0,Known good,0
RETRO-2025-000586,2025-05-29,11100.0,3665.48,0.0461,1,0.5348,0,9,car,0.04279070475483245,576.7921774334694,Flag / decline,0,Known good,0
RETRO-2025-000587,2025-01-26,5600.0,501.02,0.0129,0,0.26,0,68,home_improvement,0.021513470671692042,597.2676721537835,Accept,0,Known good,0
RETRO-2025-000588,2025-04-03,7900.0,582.81,0.0876,2,0.0128,0,69,car,0.024231599695635722,593.7544203613675,Accept,0,Known good,0
RETRO-2025-000589,2025-06-07,6500.0,3423.37,0.0633,1,0.5357,0,109,debt_consolidation,0.02944944744926412,587.9726939884557,Flag / decline,0,Known good,0
RETRO-2025-000590,2025-02-07,4300.0,225.11,0.1321,1,0.4979,0,85,home_improvement,0.0312476678920371,586.2090252467606,Flag / decline,0,Known good,0
RETRO-2025-000591,2025-03-11,2800.0,802.02,0.0212,2,0.6924,0,67,debt_consolidation,0.03988235555593952,578.9106495092661,Flag / decline,0,Known good,0
RETRO-2025-000592,2025-02-18,6600.0,565.28,0.13,2,0.7851,0,97,car,0.04371871561431754,576.1451185647925,Flag / decline,0,Known good,0
RETRO-2025-000593,2025-04-09,9800.0,1596.28,0.1567,3,0.6342,0,44,debt_consolidation,0.05100923129655101,571.4741519796709,Flag / decline,0,Known good,0
RETRO-2025-000594,2025-06-16,10200.0,270.68,0.2909,1,0.0472,0,13,debt_consolidation,0.03282133433926366,584.7444086867607,Flag / decline,0,Known good,0
RETRO-2025-000595,2025-03-04,3300.0,101.14,0.1073,2,0.3684,0,137,car,0.046926617961544466,574.0050543224127,Flag / decline,0,Known good,0
RETRO-2025-000596,2025-06-14,19300.0,186.99,0.1223,0,0.1658,0,38,debt_consolidation,0.023701983568227405,594.4077140943489,Accept,0,Known good,0
RETRO-2025-000597,2025-02-17,2500.0,1516.96,0.0516,1,0.4869,0,112,debt_consolidation,0.027963323124387773,589.510936736941,Flag / decline,0,Known good,0
RETRO-2025-000598,2025-01-14,5700.0,348.78,0.0799,0,0.4441,0,34,debt_consolidation,0.02923509423627684,588.1898523560973,Flag / decline,2,Indeterminate,0
RETRO-2025-000599,2025-04-03,4800.0,1527.96,0.0791,2,0.1515,0,14,car,0.03454911537121574,583.2125200202627,Flag / decline,0,Known good,0
RETRO-2025-000600,2025-03-25,4800.0,1720.33,0.1876,0,0.3666,0,96,debt_consolidation,0.025160503022295562,592.641516890274,Flag / decline,0,Known good,0
RETRO-2025-000601,2025-02-10,3500.0,1494.44,0.1751,1,0.1106,0,36,car,0.02712999867443852,590.40859934687,Flag / decline,0,Known good,0
RETRO-2025-000602,2025-04-01,4800.0,1593.85,0.0329,4,0.1486,0,16,car,0.0424608091113379,577.025431566265,Flag / decline,0,Known good,0
RETRO-2025-000603,2025-03-23,2700.0,514.97,0.2769,0,0.1906,0,91,debt_consolidation,0.023508119910893892,594.650415806083,Accept,0,Known good,0
RETRO-2025-000604,2025-05-07,3400.0,-193.43,0.3277,2,0.246,0,80,car,0.05421136865319099,569.6198854972077,Flag / decline,0,Known good,0
RETRO-2025-000605,2025-06-02,9500.0,996.11,0.029,3,0.8758,1,71,major_purchase,0.08692321203426098,554.9813322296378,Flag / decline,0,Known good,0
RETRO-2025-000606,2025-05-27,5800.0,862.14,0.2345,1,0.1639,1,139,debt_consolidation,0.04038907552643299,578.5311272517433,Flag / decline,0,Known good,0
RETRO-2025-000607,2025-06-26,27900.0,1227.91,0.1469,0,0.4786,0,66,car,0.02838173696709994,589.0699725538612,Flag / decline,0,Known good,0
RETRO-2025-000608,2025-03-30,8800.0,1049.36,0.2979,1,0.5498,0,73,car,0.03757087901773938,580.7027466205186,Flag / decline,0,Known good,0
RETRO-2025-000609,2025-01-02,4500.0,601.09,0.369,2,0.6322,0,37,debt_consolidation,0.05339068831802659,570.0850574077418,Flag / decline,0,Known good,0
RETRO-2025-000610,2025-05-22,2300.0,790.41,0.0422,1,0.6456,1,31,car,0.06490521672037954,564.0970014720467,Flag / decline,0,Known good,0
RETRO-2025-000611,2025-01-20,11900.0,2375.17,0.0786,1,0.4491,0,93,car,0.02850475060110218,588.9415293467738,Flag / decline,0,Known good,0
RETRO-2025-000612,2025-01-07,19800.0,2978.32,0.0103,2,0.6399,0,208,car,0.0316716861993001,585.807490119586,Flag / decline,0,Known good,0
RETRO-2025-000613,2025-03-01,5500.0,449.74,0.2124,1,0.7789,0,82,car,0.04158803156649488,577.650988561127,Flag / decline,0,Known good,0
RETRO-2025-000614,2025-04-03,6800.0,-47.56,0.117,0,0.6698,0,45,car,0.05497350587814773,569.1938038549607,Flag / decline,0,Known good,0
RETRO-2025-000615,2025-04-22,9200.0,352.47,0.0381,2,0.666,0,117,major_purchase,0.03617773583211048,581.834738246,Flag / decline,0,Known good,0
RETRO-2025-000616,2025-02-20,13300.0,118.67,0.1046,0,0.2998,0,27,car,0.044158209731506824,575.8432413331516,Flag / decline,0,Known good,0
RETRO-2025-000617,2025-02-20,7700.0,1355.41,0.0542,2,0.5954,0,90,home_improvement,0.03608502319439468,581.9115524114106,Flag / decline,0,Known good,0
RETRO-2025-000618,2025-03-10,5900.0,3245.32,0.0238,1,0.4711,0,79,car,0.028626811586704094,588.81461154318,Flag / decline,0,Known good,0
RETRO-2025-000619,2025-06-01,5800.0,943.56,0.2575,0,0.6152,0,77,debt_consolidation,0.03343189787097726,584.1943606693992,Flag / decline,0,Known good,0
RETRO-2025-000620,2025-03-20,6300.0,4935.59,0.0042,0,0.1628,1,83,debt_consolidation,0.0325986531144245,584.9474818795105,Flag / decline,0,Known good,0
RETRO-2025-000621,2025-03-09,6100.0,847.78,0.1243,3,0.2011,0,69,car,0.03300682669318394,584.5762633329233,Flag / decline,0,Known good,0
RETRO-2025-000622,2025-02-24,17600.0,140.24,0.2572,1,0.3908,0,106,home_improvement,0.048571524545255935,572.9611267970508,Flag / decline,0,Known good,0
RETRO-2025-000623,2025-01-11,7900.0,1059.9,0.0446,1,0.3916,0,15,car,0.0353942247800987,582.4899475121305,Flag / decline,0,Known good,0
RETRO-2025-000624,2025-02-03,4300.0,1749.12,0.1071,0,0.5923,0,82,home_improvement,0.02916863964331287,588.2574902644064,Flag / decline,0,Known good,0
RETRO-2025-000625,2025-02-19,6900.0,1670.88,0.1009,3,0.2443,0,90,debt_consolidation,0.032195971028372114,585.3181337612903,Flag / decline,0,Known good,0
RETRO-2025-000626,2025-06-16,14200.0,-503.27,0.1272,3,0.4222,0,57,other,0.06469829749040268,564.1955194000343,Flag / decline,0,Known good,0
RETRO-2025-000627,2025-03-04,5300.0,4222.01,0.0263,0,0.5786,0,69,other,0.02798257842972847,589.4905034454953,Flag / decline,0,Known good,0
RETRO-2025-000628,2025-03-24,1700.0,-459.53,0.1664,1,0.6393,0,124,education,0.020256951790951917,599.0411647702638,Accept,0,Known good,0
RETRO-2025-000629,2025-01-16,7300.0,1598.72,0.0383,0,0.4319,0,100,major_purchase,0.023641294726039007,594.4834827151896,Accept,0,Known good,0
RETRO-2025-000630,2025-06-25,6600.0,2199.89,0.1022,1,0.2046,0,111,major_purchase,0.023166318954022855,595.0831205374225,Accept,0,Known good,0
RETRO-2025-000631,2025-05-27,26500.0,300.15,0.2248,2,0.6561,0,58,car,0.045818656812366555,574.7280043383095,Flag / decline,0,Known good,0
RETRO-2025-000632,2025-06-21,17200.0,375.96,0.1466,2,0.4383,0,92,debt_consolidation,0.03391510395709239,583.7658792714627,Flag / decline,1,Indeterminate,0
RETRO-2025-000633,2025-02-08,9100.0,1465.33,0.1333,1,0.6447,1,17,major_purchase,0.07553291577321948,559.3917675690009,Flag / decline,0,Known good,0
RETRO-2025-000634,2025-04-18,17200.0,1449.37,0.0726,1,0.4042,0,72,home_improvement,0.028529829391711715,588.9154096684839,Flag / decline,0,Known good,0
RETRO-2025-000635,2025-06-14,6300.0,4333.19,0.0361,1,0.521,0,132,car,0.027673673213605605,589.8199667888445,Flag / decline,0,Known good,0
RETRO-2025-000636,2025-02-04,12100.0,-118.23,0.0967,1,0.1742,0,146,debt_consolidation,0.03471510096040998,583.0692669488191,Flag / decline,5,Known bad,1
RETRO-2025-000637,2025-02-10,12600.0,2099.08,0.0523,1,0.4976,0,91,major_purchase,0.029175969771635425,588.2500222832053,Flag / decline,4,Known bad,1
RETRO-2025-000638,2025-06-05,4400.0,1865.91,0.0573,1,0.4268,0,70,car,0.02886088897418793,588.5726827250703,Flag / decline,0,Known good,0
RETRO-2025-000639,2025-06-17,8800.0,1075.85,0.1436,1,0.4648,0,52,major_purchase,0.03318835799886995,584.412589944096,Flag / decline,0,Known good,0
RETRO-2025-000640,2025-06-12,5200.0,1836.61,0.0793,1,0.4597,0,37,other,0.033308343581034267,584.304881680698,Flag / decline,0,Known good,0
RETRO-2025-000641,2025-05-17,3800.0,857.93,0.0885,2,0.791,1,76,car,0.0741501154262486,559.9680252688722,Flag / decline,4,Known bad,1
RETRO-2025-000642,2025-06-16,6200.0,421.04,0.2983,2,0.6413,0,79,debt_consolidation,0.04544618685880379,574.9747837276832,Flag / decline,0,Known good,0
RETRO-2025-000643,2025-01-02,3800.0,-23.96,0.3008,1,0.2128,0,35,debt_consolidation,0.05181876242707926,570.9952038047794,Flag / decline,0,Known good,0
RETRO-2025-000644,2025-01-22,6200.0,686.03,0.1186,2,0.333,0,23,home_improvement,0.03804326671007466,580.3280555606539,Flag / decline,0,Known good,0
RETRO-2025-000645,2025-06-16,13500.0,-145.49,0.2537,0,0.1721,0,19,debt_consolidation,0.046845170955679624,574.0576430496084,Flag / decline,0,Known good,0
RETRO-2025-000646,2025-02-20,13200.0,1230.79,0.0922,2,0.1479,0,108,other,0.025206792705698252,592.5871108121912,Flag / decline,0,Known good,0
RETRO-2025-000647,2025-05-11,15400.0,1668.84,0.0815,5,0.401,0,67,debt_consolidation,0.048893746100564635,572.7605696539536,Flag / decline,0,Known good,0
RETRO-2025-000648,2025-05-30,10600.0,2277.96,0.0645,0,0.3142,0,78,debt_consolidation,0.022818466095559656,595.5299338397125,Accept,0,Known good,0
RETRO-2025-000649,2025-03-16,9500.0,876.92,0.205,0,0.6095,0,57,debt_consolidation,0.03362311927623858,584.024085469664,Flag / decline,0,Known good,0
RETRO-2025-000650,2025-01-26,18600.0,1502.94,0.1323,2,0.2338,0,65,car,0.030153919895438315,587.269642954968,Flag / decline,0,Known good,0
RETRO-2025-000651,2025-02-04,6500.0,1472.63,0.0895,2,0.2441,0,56,debt_consolidation,0.03018987575542589,587.2341880053592,Flag / decline,0,Known good,0
RETRO-2025-000652,2025-04-30,8300.0,1350.01,0.0981,2,0.4305,0,87,car,0.03284526740767294,584.7226623026787,Flag / decline,0,Known good,0
RETRO-2025-000653,2025-06-30,4500.0,281.56,0.2145,2,0.4175,0,28,major_purchase,0.04223932890060543,577.1830037329026,Flag / decline,0,Known good,0
RETRO-2025-000654,2025-01-30,22600.0,248.13,0.1988,1,0.5383,0,122,debt_consolidation,0.031947570491107906,585.5490173540538,Flag / decline,0,Known good,0
RETRO-2025-000655,2025-04-20,3700.0,161.54,0.277,4,0.4749,0,108,other,0.04847300702704316,573.0226981132239,Flag / decline,0,Known good,0
RETRO-2025-000656,2025-05-30,28000.0,4062.95,0.0471,3,0.3784,0,72,education,0.013244777578759217,611.5068107638776,Accept,0,Known good,0
RETRO-2025-000657,2025-02-09,4900.0,-581.91,0.3593,2,0.4644,0,26,major_purchase,0.07781835316705289,558.4602481842699,Flag / decline,0,Known good,0
RETRO-2025-000658,2025-02-02,13000.0,515.91,0.1678,2,0.0344,0,94,car,0.024858934587738853,592.9983675067946,Accept,6,Known bad,1
RETRO-2025-000659,2025-06-20,5600.0,-481.95,0.221,2,0.3064,0,32,major_purchase,0.060741109457305625,566.1384302357386,Flag / decline,0,Known good,0
RETRO-2025-000660,2025-06-29,9900.0,-23.02,0.0959,1,0.1949,0,193,education,0.01249248769573381,613.216056625706,Accept,0,Known good,0
RETRO-2025-000661,2025-01-03,5700.0,689.26,0.0945,1,0.4987,0,102,debt_consolidation,0.029555920490531216,587.8653966904473,Flag / decline,0,Known good,0
RETRO-2025-000662,2025-06-02,9600.0,1029.53,0.0212,1,0.8283,0,127,debt_consolidation,0.035190631639737825,582.6624882339837,Flag / decline,0,Known good,0
RETRO-2025-000663,2025-05-31,26400.0,-401.12,0.8406,0,0.4045,0,89,education,0.02526598079444805,592.5176863440214,Flag / decline,0,Known good,0
RETRO-2025-000664,2025-01-18,3700.0,412.84,0.1317,0,0.5934,0,81,home_improvement,0.029774562117484804,587.646232387434,Flag / decline,0,Known good,0
RETRO-2025-000665,2025-05-15,3400.0,2045.71,0.0615,0,0.5111,0,98,other,0.025702050008254592,592.0110300257816,Flag / decline,0,Known good,0
RETRO-2025-000666,2025-05-09,9900.0,243.97,0.2254,0,0.53,0,16,other,0.03903963849579757,579.5521826827355,Flag / decline,0,Known good,0
RETRO-2025-000667,2025-05-18,8300.0,5057.88,0.0816,3,0.6573,0,26,car,0.053418664227291954,570.0690896066782,Flag / decline,0,Known good,0
RETRO-2025-000668,2025-01-26,5800.0,2376.22,0.0825,2,0.5638,1,39,debt_consolidation,0.0687283552199857,562.3273704714363,Flag / decline,0,Known good,0
RETRO-2025-000669,2025-02-16,3200.0,3295.16,0.0542,2,0.3976,0,23,car,0.038239146581222724,580.1739956951408,Flag / decline,0,Known good,0
RETRO-2025-000670,2025-03-01,5800.0,299.15,0.2194,2,0.289,0,40,debt_consolidation,0.03622221311334953,581.797955205798,Flag / decline,0,Known good,0
RETRO-2025-000671,2025-06-07,5700.0,8640.75,0.0384,0,0.8126,0,30,debt_consolidation,0.03878450542425594,579.7490281002089,Flag / decline,0,Known good,0
RETRO-2025-000672,2025-05-26,2600.0,937.82,0.0918,1,0.5087,0,40,car,0.034515932602851386,583.2412378232634,Flag / decline,0,Known good,0
RETRO-2025-000673,2025-02-24,8100.0,1938.65,0.0529,2,0.5509,0,55,home_improvement,0.037633713746201114,580.6526468855711,Flag / decline,0,Known good,0
RETRO-2025-000674,2025-02-03,13300.0,1822.57,0.1127,2,0.4557,0,159,car,0.03073999619738453,586.6967727752431,Flag / decline,0,Known good,0
RETRO-2025-000675,2025-06-28,17300.0,870.8,0.0769,0,0.3877,0,29,car,0.028594131870807275,588.8485400242159,Flag / decline,0,Known good,0
RETRO-2025-000676,2025-05-06,5500.0,155.07,0.232,1,0.3426,0,82,debt_consolidation,0.0298370817728643,587.5838500709534,Flag / decline,0,Known good,0
RETRO-2025-000677,2025-06-22,20000.0,1630.34,0.1226,3,0.39,0,42,debt_consolidation,0.04141127574073354,577.779204540601,Flag / decline,0,Known good,0
RETRO-2025-000678,2025-05-26,5900.0,2942.07,0.0497,0,0.5002,0,42,car,0.028932997806535517,588.4985387291273,Flag / decline,0,Known good,0
RETRO-2025-000679,2025-02-14,3900.0,1301.91,0.109,3,0.5117,0,11,debt_consolidation,0.05527926627162019,569.024427192141,Flag / decline,0,Known good,0
RETRO-2025-000680,2025-06-18,22400.0,357.11,0.0793,2,0.7297,0,54,car,0.044283145833915565,575.7579490502687,Flag / decline,0,Known good,0
RETRO-2025-000681,2025-01-06,1800.0,780.23,0.1774,1,0.0816,0,116,debt_consolidation,0.022004214202638418,596.6024060290459,Accept,0,Known good,0
RETRO-2025-000682,2025-04-29,8400.0,205.82,0.2969,1,0.3776,0,59,debt_consolidation,0.033878448471128676,583.7981762302716,Flag / decline,0,Known good,0
RETRO-2025-000683,2025-05-20,14000.0,149.94,0.0974,3,0.4526,0,72,car,0.06257851874017427,565.2220450051875,Flag / decline,0,Known good,0
RETRO-2025-000684,2025-03-20,3200.0,271.11,0.2234,3,0.0324,0,88,other,0.02980464366366344,587.6162010905608,Flag / decline,0,Known good,0
RETRO-2025-000685,2025-05-13,30000.0,7847.81,0.0079,0,0.5163,0,77,home_improvement,0.025811805605147203,591.8848267976225,Flag / decline,0,Known good,0
RETRO-2025-000686,2025-01-10,10100.0,321.88,0.3306,1,0.6643,0,125,car,0.038649335810333404,579.8538210163985,Flag / decline,0,Known good,0
RETRO-2025-000687,2025-03-02,15400.0,657.62,0.0194,1,0.5818,0,33,debt_consolidation,0.03579455227503481,582.1534490346711,Flag / decline,0,Known good,0
RETRO-2025-000688,2025-01-10,3700.0,2746.68,0.0524,0,0.7912,0,43,debt_consolidation,0.03640549115769522,581.646840083176,Flag / decline,0,Known good,0
RETRO-2025-000689,2025-04-20,5200.0,-906.67,1.3343,1,0.6265,0,43,major_purchase,0.13784594121083762,540.020654197056,Flag / decline,0,Known good,0
RETRO-2025-000690,2025-03-29,11000.0,1871.66,0.1592,0,0.2123,0,36,debt_consolidation,0.025486557679657768,592.2603492192062,Flag / decline,0,Known good,0
RETRO-2025-000691,2025-05-29,2800.0,808.11,0.228,2,0.5609,0,221,major_purchase,0.03443390871827122,583.3123392362247,Flag / decline,0,Known good,0
RETRO-2025-000692,2025-05-11,1900.0,1101.24,0.1566,0,0.3976,0,75,home_improvement,0.02624441556251674,591.3924226318707,Flag / decline,0,Known good,0
RETRO-2025-000693,2025-03-28,11100.0,1965.89,0.054,2,0.5604,0,48,debt_consolidation,0.038771135714752235,579.7593775992772,Flag / decline,0,Known good,0
RETRO-2025-000694,2025-03-11,5600.0,1203.65,0.1668,1,0.4064,0,19,debt_consolidation,0.037700803363940806,580.5992432667604,Flag / decline,0,Known good,0
RETRO-2025-000695,2025-02-02,8100.0,2589.82,0.0606,2,0.3601,0,45,home_improvement,0.033576029744299934,584.0659299411374,Flag / decline,0,Known good,0
RETRO-2025-000696,2025-05-26,10800.0,-916.27,0.2422,1,0.3229,0,29,car,0.05576414374534282,568.7576280835683,Flag / decline,0,Known good,0
RETRO-2025-000697,2025-05-03,8800.0,826.1,0.0901,1,0.4965,0,54,other,0.03255816979850083,584.9845444031438,Flag / decline,0,Known good,0
RETRO-2025-000698,2025-03-19,6100.0,1721.86,0.1688,1,0.1832,0,89,debt_consolidation,0.02476545976483222,593.109834478395,Accept,0,Known good,0
RETRO-2025-000699,2025-06-01,6700.0,1168.01,0.0383,1,0.5358,0,74,car,0.03078049854843064,586.6575747862043,Flag / decline,0,Known good,0
RETRO-2025-000700,2025-05-09,16100.0,1580.36,0.0673,2,0.5898,0,55,other,0.039210119310872045,579.4213365916955,Flag / decline,0,Known good,0
RETRO-2025-000701,2025-05-11,5400.0,499.1,0.113,2,0.506,0,82,debt_consolidation,0.03558402460588061,582.3299552696272,Flag / decline,0,Known good,0
RETRO-2025-000702,2025-06-03,4200.0,2517.58,0.0261,2,0.2779,0,48,home_improvement,0.030367300407197942,587.0598319253553,Flag / decline,0,Known good,0
RETRO-2025-000703,2025-06-05,3200.0,-432.76,0.2136,3,0.618,0,46,debt_consolidation,0.08234952103346274,556.6851280174338,Flag / decline,0,Known good,0
RETRO-2025-000704,2025-02-20,1200.0,4062.9,0.083,0,0.1714,0,27,debt_consolidation,0.024426595678753608,593.5173904725752,Accept,0,Known good,0
RETRO-2025-000705,2025-03-17,15100.0,2613.7,0.0355,0,0.3593,0,84,car,0.02289280401702295,595.4338913747707,Accept,0,Known good,0
RETRO-2025-000706,2025-01-03,4800.0,-118.91,0.2287,2,0.2701,0,62,major_purchase,0.05361904323616042,569.9549494488934,Flag / decline,0,Known good,0
RETRO-2025-000707,2025-05-20,10000.0,877.81,0.1595,2,0.4537,0,65,other,0.03662166252555992,581.4695420368369,Flag / decline,0,Known good,0
RETRO-2025-000708,2025-02-18,7000.0,1125.27,0.0522,0,0.367,0,105,car,0.022489251756869177,595.9589761801637,Accept,0,Known good,0
RETRO-2025-000709,2025-05-07,24600.0,995.33,0.1177,0,0.0931,0,77,home_improvement,0.019892511874284265,599.5757284564768,Accept,0,Known good,0
RETRO-2025-000710,2025-05-30,16100.0,2394.81,0.04,1,0.1692,0,44,debt_consolidation,0.024979634220680436,592.8550381414593,Accept,0,Known good,0
RETRO-2025-000711,2025-04-17,11100.0,827.71,0.1079,0,0.6489,0,76,car,0.030907163850468034,586.535310193035,Flag / decline,0,Known good,0
RETRO-2025-000712,2025-05-12,23100.0,65.99,0.2543,3,0.3397,0,68,car,0.06454250721396992,564.2698876443297,Flag / decline,0,Known good,0
RETRO-2025-000713,2025-04-28,9600.0,-53.93,0.322,1,0.8459,0,36,major_purchase,0.08509769275243766,555.6513917962975,Flag / decline,0,Known good,0
RETRO-2025-000714,2025-01-30,4600.0,-574.62,0.33,2,0.5388,0,8,debt_consolidation,0.09541792728505481,552.0212592371586,Flag / decline,0,Known good,0
RETRO-2025-000715,2025-05-19,4500.0,-374.8,0.2649,1,0.6221,0,15,education,0.030000527682261472,587.4213598186402,Flag / decline,0,Known good,0
RETRO-2025-000716,2025-03-15,2600.0,1606.14,0.1617,1,0.408,0,67,home_improvement,0.030865658949197718,586.5753195754884,Flag / decline,0,Known good,0
RETRO-2025-000717,2025-05-23,16400.0,820.34,0.1219,0,0.0138,0,50,education,0.0073680442323557525,628.5995435534755,Accept,0,Known good,0
RETRO-2025-000718,2025-05-25,3800.0,3691.72,0.0196,1,0.3373,0,75,home_improvement,0.02585803258433689,591.8318286735089,Flag / decline,0,Known good,0
RETRO-2025-000719,2025-05-16,13100.0,2167.96,0.1168,0,0.3868,0,54,debt_consolidation,0.026647812021211057,590.94033465502,Flag / decline,0,Known good,0
RETRO-2025-000720,2025-01-07,16500.0,-10.86,0.1577,1,0.6334,0,92,car,0.055945597183116626,568.6583461355531,Flag / decline,4,Known bad,1
RETRO-2025-000721,2025-05-04,2700.0,3604.73,0.0379,3,0.3794,0,161,car,0.031210887883156246,586.2441031370635,Flag / decline,0,Known good,0
RETRO-2025-000722,2025-01-31,2500.0,3105.66,0.0879,0,0.6963,0,21,car,0.038726347212588254,579.7940733746201,Flag / decline,0,Known good,0
RETRO-2025-000723,2025-06-21,8700.0,1612.15,0.1173,0,0.3043,0,22,home_improvement,0.028756379307575974,588.6804616825707,Flag / decline,0,Known good,0
RETRO-2025-000724,2025-04-18,22300.0,1876.43,0.0156,0,0.6567,0,91,other,0.02827190945912594,589.1851050992814,Flag / decline,0,Known good,0
RETRO-2025-000725,2025-04-23,4300.0,2673.49,0.0919,4,0.2896,0,11,home_improvement,0.05226188172711657,570.7360259755064,Flag / decline,0,Known good,0
RETRO-2025-000726,2025-01-19,5200.0,1406.83,0.0563,0,0.4158,0,135,home_improvement,0.022522193579130302,595.9157700824378,Accept,0,Known good,0
RETRO-2025-000727,2025-03-14,5500.0,380.46,0.3203,1,0.4013,0,90,car,0.03282114916249731,584.744577004261,Flag / decline,0,Known good,0
RETRO-2025-000728,2025-06-03,1700.0,1865.61,0.1213,1,0.6331,1,42,other,0.06484473477130306,564.1257677355756,Flag / decline,0,Known good,0
RETRO-2025-000729,2025-06-05,13200.0,584.78,0.0425,1,0.7496,0,47,debt_consolidation,0.03931482462214511,579.3412442300827,Flag / decline,0,Known good,0
RETRO-2025-000730,2025-02-04,1400.0,1746.26,0.0691,0,0.4983,0,3,debt_consolidation,0.04296576876648192,576.6690944885034,Flag / decline,0,Known good,0
RETRO-2025-000731,2025-03-12,7500.0,2979.58,0.0433,0,0.4764,0,31,other,0.029646276320707727,587.7746349282531,Flag / decline,0,Known good,0
RETRO-2025-000732,2025-03-12,6200.0,391.32,0.168,1,0.217,0,34,major_purchase,0.029653065618010833,587.7678259659842,Flag / decline,0,Known good,0
RETRO-2025-000733,2025-06-17,12300.0,420.14,0.042,0,0.7689,0,24,car,0.03888554037147988,579.670927407497,Flag / decline,0,Known good,0
RETRO-2025-000734,2025-06-11,10100.0,388.75,0.0632,0,0.4103,0,69,major_purchase,0.025116008979200435,592.6939044710753,Flag / decline,0,Known good,0
RETRO-2025-000735,2025-03-08,4700.0,2890.54,0.083,0,0.3212,0,17,debt_consolidation,0.02959007426831654,587.8310578905784,Flag / decline,0,Known good,0
RETRO-2025-000736,2025-03-31,9100.0,657.34,0.0613,1,0.1395,0,118,debt_consolidation,0.02113140337128644,597.7959705654973,Accept,0,Known good,0
RETRO-2025-000737,2025-02-04,1800.0,3794.95,0.05,0,0.3814,0,58,debt_consolidation,0.024994565795922023,592.8373540009251,Accept,0,Known good,0
RETRO-2025-000738,2025-06-27,8100.0,-364.83,0.1478,2,0.1574,1,94,car,0.07270474004839364,560.5810252094669,Flag / decline,0,Known good,0
RETRO-2025-000739,2025-06-17,10500.0,1943.39,0.043,0,0.4938,0,207,home_improvement,0.022155796391433218,596.3998468736861,Accept,0,Known good,0
RETRO-2025-000740,2025-01-19,2800.0,1397.06,0.0291,1,0.7167,0,12,home_improvement,0.04677044674657896,574.1059675265764,Flag / decline,0,Known good,0
RETRO-2025-000741,2025-01-22,2900.0,3665.29,0.0637,1,0.6475,0,31,car,0.03929869304078253,579.3535704387068,Flag / decline,3,Known bad,1
RETRO-2025-000742,2025-03-24,19300.0,1534.49,0.0658,1,0.4151,0,39,home_improvement,0.03157385696817989,585.8996684867535,Flag / decline,0,Known good,0
RETRO-2025-000743,2025-05-02,7800.0,453.49,0.0135,0,0.7503,0,68,debt_consolidation,0.0318704691420492,585.6210346944414,Flag / decline,0,Known good,0
RETRO-2025-000744,2025-02-20,1700.0,-833.74,0.5991,1,0.6594,0,16,home_improvement,0.10040551918440527,550.3916009056053,Flag / decline,0,Known good,0
RETRO-2025-000745,2025-03-28,15100.0,786.58,0.1273,1,0.2338,1,23,home_improvement,0.05239578016568295,570.6581180624332,Flag / decline,0,Known good,0
RETRO-2025-000746,2025-03-09,12800.0,1694.02,0.0264,2,0.737,0,7,car,0.05826551912427811,567.4149978709258,Flag / decline,0,Known good,0
RETRO-2025-000747,2025-02-28,3300.0,142.38,0.3596,1,0.437,0,3,debt_consolidation,0.09018633535854524,553.8146829764253,Flag / decline,0,Known good,0
RETRO-2025-000748,2025-02-23,16100.0,5353.78,0.0058,1,0.841,0,82,other,0.03769902272065953,580.6006594863146,Flag / decline,0,Known good,0
RETRO-2025-000749,2025-03-16,3800.0,1179.41,0.2449,0,0.1172,0,120,car,0.020703236755956107,598.3992336835388,Accept,0,Known good,0
RETRO-2025-000750,2025-03-07,9900.0,1498.39,0.1114,2,0.4448,0,39,car,0.038086212035120845,580.2942138920666,Flag / decline,0,Known good,0
RETRO-2025-000751,2025-06-01,6900.0,4027.6,0.0838,1,0.1228,0,16,car,0.029106098168065395,588.3212820413872,Flag / decline,0,Known good,0
RETRO-2025-000752,2025-05-13,9100.0,499.9,0.2014,0,0.4906,0,34,education,0.012258907717952868,613.7674879340836,Accept,0,Known good,0
RETRO-2025-000753,2025-02-05,2500.0,1685.97,0.07,1,0.358,0,20,car,0.0335877409034754,584.0555179380879,Flag / decline,0,Known good,0
RETRO-2025-000754,2025-01-29,6400.0,516.91,0.131,1,0.3272,0,52,debt_consolidation,0.02947460516520108,587.947307617381,Flag / decline,0,Known good,0
RETRO-2025-000755,2025-03-11,25000.0,-573.07,0.7544,1,0.1842,0,128,car,0.05693773851966509,568.1207946819494,Flag / decline,0,Known good,0
RETRO-2025-000756,2025-02-13,3200.0,2096.89,0.064,2,0.1691,0,70,major_purchase,0.02693778717185283,590.6194521539701,Flag / decline,0,Known good,0
RETRO-2025-000757,2025-03-25,6100.0,609.44,0.0686,0,0.3831,0,34,car,0.027618506834920745,589.8791803346637,Flag / decline,0,Known good,0
RETRO-2025-000758,2025-04-06,7000.0,1045.77,0.1443,1,0.5524,0,80,home_improvement,0.03324060264670236,584.3656449997613,Flag / decline,0,Known good,0
RETRO-2025-000759,2025-03-06,6700.0,2013.04,0.2203,1,0.2054,0,80,car,0.026619257028788337,590.9721166708232,Flag / decline,0,Known good,0
RETRO-2025-000760,2025-02-09,11700.0,3707.04,0.0724,3,0.1453,0,75,home_improvement,0.030013768261115653,587.4082342460024,Flag / decline,0,Known good,0
RETRO-2025-000761,2025-05-15,17700.0,2409.81,0.0601,0,0.6182,0,25,car,0.034739276357459214,583.04845760111,Flag / decline,0,Known good,0
RETRO-2025-000762,2025-01-14,5300.0,893.19,0.1546,0,0.3426,0,10,education,0.012716655155856162,612.6963368849742,Accept,0,Known good,0
RETRO-2025-000763,2025-02-05,12300.0,288.16,0.364,1,0.4574,1,118,home_improvement,0.05714370790740189,568.0103029714085,Flag / decline,0,Known good,0
RETRO-2025-000764,2025-04-01,13600.0,247.07,0.1396,2,0.234,0,49,debt_consolidation,0.03171261741884311,585.7690048885337,Flag / decline,0,Known good,0
RETRO-2025-000765,2025-05-27,4300.0,2114.83,0.0302,0,0.828,0,47,car,0.0363788256226767,581.668780593036,Flag / decline,0,Known good,0
RETRO-2025-000766,2025-02-01,7100.0,393.63,0.2065,0,0.4859,0,76,home_improvement,0.029134794245467006,588.2919957942212,Flag / decline,0,Known good,0
RETRO-2025-000767,2025-06-24,8500.0,260.42,0.2031,4,0.2763,0,25,car,0.04947552404131021,572.4016138702425,Flag / decline,0,Known good,0
RETRO-2025-000768,2025-03-12,4100.0,-242.08,0.529,1,0.5621,0,7,car,0.09986685069908374,550.5640890366419,Flag / decline,0,Known good,0
RETRO-2025-000769,2025-06-03,3100.0,2993.29,0.0365,1,0.3005,0,174,car,0.022180025944136577,596.3675945569523,Accept,0,Known good,0
RETRO-2025-000770,2025-02-16,6400.0,1543.54,0.1074,1,0.1772,0,75,other,0.02423446460502495,593.7509244408078,Accept,0,Known good,0
RETRO-2025-000771,2025-06-30,6000.0,1686.64,0.0568,2,0.7751,0,74,debt_consolidation,0.042980235195320494,576.6589449571233,Flag / decline,0,Known good,0
RETRO-2025-000772,2025-03-17,5600.0,1838.18,0.0954,1,0.5545,0,153,car,0.028967735039362924,588.462885053328,Flag / decline,0,Known good,0
RETRO-2025-000773,2025-02-09,17400.0,-92.75,0.1426,4,0.2255,0,86,debt_consolidation,0.059903050330417026,566.5650396460396,Flag / decline,6,Known bad,1
RETRO-2025-000774,2025-03-23,6800.0,1906.56,0.1663,3,0.8002,1,43,debt_consolidation,0.09711195342616087,551.4594026112701,Flag / decline,0,Known good,0
RETRO-2025-000775,2025-03-31,5500.0,174.71,0.0224,4,0.6106,0,92,debt_consolidation,0.04618419750366202,574.4876658012628,Flag / decline,0,Known good,0
RETRO-2025-000776,2025-03-07,10900.0,1464.14,0.0556,0,0.4117,0,65,major_purchase,0.025247382084358738,592.5394845536641,Flag / decline,0,Known good,0
RETRO-2025-000777,2025-04-11,11600.0,1867.62,0.0371,1,0.1919,0,31,major_purchase,0.026834381000893984,590.7334929596125,Flag / decline,0,Known good,0
RETRO-2025-000778,2025-06-17,27800.0,899.88,0.2606,1,0.2082,0,63,debt_consolidation,0.02853863036212655,588.9062486989117,Flag / decline,0,Known good,0
RETRO-2025-000779,2025-03-06,30000.0,481.95,0.0997,1,0.6234,0,89,major_purchase,0.03348812248438241,584.144197471459,Flag / decline,0,Known good,0
RETRO-2025-000780,2025-01-28,9200.0,1708.61,0.0285,1,0.2722,0,31,other,0.02843694342910647,589.0122626827429,Flag / decline,0,Known good,0
RETRO-2025-000781,2025-05-28,6700.0,1242.05,0.0582,3,0.1233,1,149,debt_consolidation,0.044290536469599066,575.7529107498457,Flag / decline,0,Known good,0
RETRO-2025-000782,2025-02-09,1200.0,17.27,0.1671,0,0.3079,0,113,debt_consolidation,0.037091812147157,581.0873879404244,Flag / decline,0,Known good,0
RETRO-2025-000783,2025-03-01,11600.0,2033.34,0.0581,1,0.2415,1,7,car,0.05972574051677702,566.6560138558991,Flag / decline,0,Known good,0
RETRO-2025-000784,2025-01-06,1900.0,-52.19,0.387,2,0.627,0,58,debt_consolidation,0.07952498819978772,557.7808441916691,Flag / decline,0,Known good,0
RETRO-2025-000785,2025-03-26,3700.0,1735.39,0.2482,0,0.1529,0,66,debt_consolidation,0.023524858906155036,594.6293830330596,Accept,0,Known good,0
RETRO-2025-000786,2025-03-02,7100.0,2304.17,0.0614,1,0.688,0,58,other,0.03671433504525926,581.3938426201688,Flag / decline,0,Known good,0
RETRO-2025-000787,2025-01-30,3300.0,3472.37,0.0516,1,0.8767,1,26,car,0.08000424086676552,557.5924527904851,Flag / decline,0,Known good,0
RETRO-2025-000788,2025-03-16,15100.0,971.52,0.1085,3,0.3647,0,26,car,0.043299234409745,576.4359628317949,Flag / decline,0,Known good,0
RETRO-2025-000789,2025-01-02,17200.0,584.04,0.0904,0,0.741,0,48,car,0.035330611777443795,582.5437552096491,Flag / decline,0,Known good,0
RETRO-2025-000790,2025-05-09,12900.0,674.73,0.1352,2,0.3871,0,107,home_improvement,0.03152445486167955,585.9463220438159,Flag / decline,0,Known good,0
RETRO-2025-000791,2025-06-09,21300.0,2007.24,0.028,2,0.8205,0,42,other,0.047693450621426006,573.5141358863658,Flag / decline,0,Known good,0
RETRO-2025-000792,2025-03-11,5900.0,1437.06,0.0226,2,0.6169,0,163,car,0.032628743984798494,584.9199624562286,Flag / decline,0,Known good,0
RETRO-2025-000793,2025-03-21,6400.0,1939.1,0.1621,2,0.2151,0,67,other,0.030204885237066954,587.2193997271205,Flag / decline,0,Known good,0
RETRO-2025-000794,2025-03-17,4900.0,3273.16,0.0435,0,0.3623,0,9,home_improvement,0.032688512278413684,584.8653743775601,Flag / decline,0,Known good,0
RETRO-2025-000795,2025-02-24,3300.0,4563.44,0.0777,0,0.3667,1,114,home_improvement,0.038395692854894185,580.0514156309474,Flag / decline,0,Known good,0
RETRO-2025-000796,2025-03-30,1700.0,1666.56,0.1016,1,0.6039,0,72,debt_consolidation,0.03415415433707791,583.5560755837895,Flag / decline,0,Known good,0
RETRO-2025-000797,2025-02-23,3100.0,-321.67,0.0774,0,0.1668,0,85,home_improvement,0.032545828591836225,584.9958516498286,Flag / decline,0,Known good,0
RETRO-2025-000798,2025-03-24,4100.0,4092.47,0.0396,1,0.2588,1,219,home_improvement,0.03522545031383518,582.6329121097637,Flag / decline,0,Known good,0
RETRO-2025-000799,2025-04-05,7300.0,2047.79,0.1801,1,0.6321,0,112,car,0.034431370422129674,583.3145421319045,Flag / decline,0,Known good,0
RETRO-2025-000800,2025-05-30,8100.0,1145.35,0.0248,2,0.3341,0,41,other,0.032529998471103785,585.0103615730613,Flag / decline,0,Known good,0
RETRO-2025-000801,2025-04-05,4100.0,47.47,0.0547,3,0.0721,0,29,car,0.05202570663861353,570.8739037416508,Flag / decline,0,Known good,0
RETRO-2025-000802,2025-01-05,7400.0,817.23,0.0228,2,0.3819,0,45,debt_consolidation,0.033249190154263614,584.3579354287666,Flag / decline,0,Known good,0
RETRO-2025-000803,2025-05-07,4400.0,1354.94,0.056,2,0.6788,0,34,major_purchase,0.04498405711376711,575.2836587776809,Flag / decline,0,Known good,0
RETRO-2025-000804,2025-06-03,2500.0,306.38,0.2,0,0.186,0,93,car,0.02207345285074059,596.5097138164014,Accept,4,Known bad,1
RETRO-2025-000805,2025-04-15,12700.0,299.07,0.234,1,0.2252,1,51,car,0.04962746304146352,572.3085269246036,Flag / decline,0,Known good,0
RETRO-2025-000806,2025-01-23,6400.0,1270.29,0.0525,1,0.2744,0,71,car,0.025401721979485363,592.3590655635785,Flag / decline,0,Known good,0
RETRO-2025-000807,2025-05-25,2400.0,-459.63,0.14,0,0.6605,0,83,debt_consolidation,0.05041947736212782,571.8276216979668,Flag / decline,0,Known good,0
RETRO-2025-000808,2025-02-27,11200.0,2099.62,0.0991,3,0.4404,0,65,debt_consolidation,0.03956094788228784,579.1537795459549,Flag / decline,0,Known good,0
RETRO-2025-000809,2025-05-03,7500.0,1962.66,0.048,1,0.1591,0,91,major_purchase,0.02217522803506152,596.3739783897711,Accept,0,Known good,0
RETRO-2025-000810,2025-03-02,5100.0,1357.24,0.047,0,0.1998,0,21,home_improvement,0.025323286092738498,592.4506210634645,Flag / decline,0,Known good,0
RETRO-2025-000811,2025-06-28,2000.0,1864.99,0.0351,5,0.4371,0,21,car,0.05819440354409448,567.4524156469881,Flag / decline,0,Known good,0
RETRO-2025-000812,2025-02-02,19000.0,3888.79,0.0894,1,0.3159,0,27,debt_consolidation,0.031438968827900454,586.0272193007588,Flag / decline,0,Known good,0
RETRO-2025-000813,2025-02-14,16900.0,1096.71,0.0348,1,0.1247,0,83,major_purchase,0.021684704136467437,597.0338728823308,Accept,0,Known good,0
RETRO-2025-000814,2025-05-31,19300.0,1702.36,0.1088,1,0.3931,0,136,debt_consolidation,0.026201175869942594,591.441282088477,Flag / decline,0,Known good,0
RETRO-2025-000815,2025-02-10,9000.0,518.1,0.071,1,0.2953,0,38,car,0.02892302570875954,588.5087815848402,Flag / decline,0,Known good,0
RETRO-2025-000816,2025-03-25,14400.0,141.47,0.4676,0,0.5028,0,35,home_improvement,0.06413023660826397,564.4674990389166,Flag / decline,0,Known good,0
RETRO-2025-000817,2025-03-26,6300.0,1555.81,0.0358,0,0.0104,0,24,home_improvement,0.021127596448297,597.8012814171248,Accept,0,Known good,0
RETRO-2025-000818,2025-01-18,8500.0,666.5,0.134,1,0.624,1,26,education,0.026498772403180226,591.106583543631,Flag / decline,0,Known good,0
RETRO-2025-000819,2025-01-06,6800.0,884.62,0.0481,1,0.2787,0,118,debt_consolidation,0.02340869250760633,594.7756497386896,Accept,0,Known good,0
RETRO-2025-000820,2025-05-13,4900.0,1939.2,0.0629,3,0.2625,0,65,debt_consolidation,0.0334816223411783,584.1499926945123,Flag / decline,0,Known good,0
RETRO-2025-000821,2025-05-04,4300.0,692.43,0.1362,0,0.5145,0,109,debt_consolidation,0.026738648769250934,590.8394522001914,Flag / decline,0,Known good,0
RETRO-2025-000822,2025-02-17,15500.0,2756.8,0.1614,0,0.3175,0,139,debt_consolidation,0.02235328334731835,596.1379674905018,Accept,0,Known good,0
RETRO-2025-000823,2025-05-20,3800.0,1917.79,0.1395,2,0.0737,0,29,car,0.030316209033960623,587.1099382816192,Flag / decline,0,Known good,0
RETRO-2025-000824,2025-06-19,7500.0,174.25,0.0987,3,0.5702,0,47,car,0.04609539356914179,574.5458863741559,Flag / decline,0,Known good,0
RETRO-2025-000825,2025-01-20,2000.0,1846.88,0.0789,2,0.0091,0,37,car,0.026521860160603854,591.0807704504333,Flag / decline,0,Known good,0
RETRO-2025-000826,2025-05-27,2700.0,1255.2,0.1608,1,0.4739,0,12,debt_consolidation,0.04242973737410277,577.047490125892,Flag / decline,0,Known good,0
RETRO-2025-000827,2025-06-12,5200.0,-221.06,0.0618,4,0.3039,0,35,home_improvement,0.06906261450315604,562.1770217940079,Flag / decline,0,Known good,0
RETRO-2025-000828,2025-01-17,10900.0,2463.69,0.1534,1,0.5528,0,51,debt_consolidation,0.03595114020103963,582.0228129002683,Flag / decline,0,Known good,0
RETRO-2025-000829,2025-05-02,22700.0,617.03,0.1545,2,0.2469,0,95,debt_consolidation,0.02913532207793517,588.29145736834,Flag / decline,0,Known good,0
RETRO-2025-000830,2025-04-30,3400.0,2512.38,0.0488,1,0.2413,0,178,debt_consolidation,0.021259366325978735,597.6179981190742,Accept,0,Known good,0
RETRO-2025-000831,2025-01-15,3200.0,223.04,0.2056,1,0.3977,0,63,debt_consolidation,0.03190653557616746,585.5873255069876,Flag / decline,0,Known good,0
RETRO-2025-000832,2025-03-03,3100.0,1129.78,0.1174,3,0.7408,0,86,major_purchase,0.04856199241208483,572.967078992701,Flag / decline,0,Known good,0
RETRO-2025-000833,2025-06-21,20600.0,838.15,0.1815,2,0.284,0,51,debt_consolidation,0.03379163507290511,583.8748017657279,Flag / decline,0,Known good,0
RETRO-2025-000834,2025-01-09,6900.0,1928.34,0.06,2,0.6105,0,59,car,0.03921270584337932,579.4193556022938,Flag / decline,0,Known good,0
RETRO-2025-000835,2025-06-07,5400.0,345.55,0.2555,2,0.4648,1,138,major_purchase,0.05909297995404552,566.9827463084603,Flag / decline,0,Known good,0
RETRO-2025-000836,2025-01-31,6600.0,373.26,0.2094,0,0.2854,0,47,car,0.02685838297098919,590.7069845125586,Flag / decline,0,Known good,0
RETRO-2025-000837,2025-03-22,4400.0,556.89,0.1252,1,0.1223,0,84,car,0.02306505272123542,595.2125162681896,Accept,0,Known good,0
RETRO-2025-000838,2025-03-15,9500.0,1164.42,0.0312,0,0.1856,0,189,debt_consolidation,0.017389988404827132,603.5286774576186,Accept,0,Known good,0
RETRO-2025-000839,2025-05-09,9200.0,3766.69,0.0544,1,0.3574,0,56,debt_consolidation,0.028237036011032016,589.2217538960552,Flag / decline,0,Known good,0
RETRO-2025-000840,2025-01-18,4000.0,826.88,0.2339,4,0.2648,0,40,major_purchase,0.04660565853332211,574.2127968095888,Flag / decline,0,Known good,0
RETRO-2025-000841,2025-01-09,22700.0,5414.47,0.0175,4,0.0696,1,86,home_improvement,0.05122529426728965,571.3456217287472,Flag / decline,0,Known good,0
RETRO-2025-000842,2025-03-10,9100.0,330.58,0.0455,1,0.1857,0,149,home_improvement,0.020875492789645244,598.1550795566089,Accept,0,Known good,0
RETRO-2025-000843,2025-01-18,11000.0,219.25,0.2086,1,0.5257,0,8,home_improvement,0.048476194640240965,573.0207040656106,Flag / decline,0,Known good,0
RETRO-2025-000844,2025-01-16,9400.0,1131.41,0.1194,3,0.4713,2,88,debt_consolidation,0.10846306533976503,547.9046905696384,Flag / decline,0,Known good,0
RETRO-2025-000845,2025-01-12,12200.0,819.9,0.1058,1,0.4832,0,14,major_purchase,0.04016977819212107,578.6948129856123,Flag / decline,0,Known good,0
RETRO-2025-000846,2025-04-12,2900.0,1869.93,0.1055,1,0.7621,0,32,debt_consolidation,0.04409290167720887,575.8879179539546,Flag / decline,0,Known good,0
RETRO-2025-000847,2025-02-09,5400.0,641.87,0.2024,0,0.6447,0,48,car,0.035464154531828065,582.4309041169837,Flag / decline,0,Known good,0
RETRO-2025-000848,2025-05-10,6200.0,642.96,0.1567,2,0.4109,0,58,debt_consolidation,0.03597366764342932,582.0040640884403,Flag / decline,0,Known good,0
RETRO-2025-000849,2025-04-01,3700.0,760.8,0.1188,1,0.3736,0,40,debt_consolidation,0.031606558612785926,585.8688250678874,Flag / decline,0,Known good,0
RETRO-2025-000850,2025-02-04,7600.0,1189.35,0.084,1,0.4829,0,148,debt_consolidation,0.027278571018718063,590.2466106923407,Flag / decline,0,Known good,0
RETRO-2025-000851,2025-06-04,4000.0,3707.54,0.0737,3,0.3362,0,17,debt_consolidation,0.044074030352057855,575.9008394033758,Flag / decline,0,Known good,0
RETRO-2025-000852,2025-05-17,15000.0,-150.75,0.434,1,0.2739,0,125,debt_consolidation,0.04892945114196759,572.7384233451645,Flag / decline,0,Known good,0
RETRO-2025-000853,2025-06-11,11500.0,2244.06,0.1057,3,0.2959,0,20,home_improvement,0.0426156034963442,576.9157687056747,Flag / decline,0,Known good,0
RETRO-2025-000854,2025-01-24,9700.0,244.22,0.194,0,0.1426,0,57,car,0.022967146367146862,595.3381472976104,Accept,0,Known good,0
RETRO-2025-000855,2025-02-12,6000.0,616.19,0.1173,3,0.5187,1,35,debt_consolidation,0.07841896161358516,558.2196080022803,Flag / decline,0,Known good,0
RETRO-2025-000856,2025-01-19,5800.0,108.22,0.1995,2,0.4665,0,20,other,0.07261602433990205,560.6190151503597,Flag / decline,0,Known good,0
RETRO-2025-000857,2025-04-08,11200.0,532.54,0.2096,0,0.4618,0,37,car,0.032118579553920244,585.389882426335,Flag / decline,0,Known good,0
RETRO-2025-000858,2025-05-02,15800.0,987.61,0.0472,2,0.037,0,42,car,0.025978726300006586,591.6938897716531,Flag / decline,0,Known good,0
RETRO-2025-000859,2025-06-04,7200.0,2933.64,0.023,0,0.6671,0,90,car,0.028711200372725364,588.7271716342568,Flag / decline,0,Known good,0
RETRO-2025-000860,2025-03-27,3000.0,1170.85,0.1703,3,0.3533,0,36,car,0.04263272323346303,576.9036637472522,Flag / decline,0,Known good,0
RETRO-2025-000861,2025-04-29,9600.0,-535.91,0.4498,0,0.494,0,87,major_purchase,0.054656834922970986,569.3701623554466,Flag / decline,0,Known good,0
RETRO-2025-000862,2025-03-27,1800.0,3049.29,0.0207,2,0.6967,0,49,car,0.042025789297600896,577.3356761587415,Flag / decline,0,Known good,0
RETRO-2025-000863,2025-03-30,10700.0,1092.14,0.1409,0,0.7504,0,100,debt_consolidation,0.03283769124919213,584.7295445965601,Flag / decline,0,Known good,0
RETRO-2025-000864,2025-06-08,2800.0,660.93,0.1416,2,0.7735,0,70,major_purchase,0.04598723554694409,574.6169399895381,Flag / decline,4,Known bad,1
RETRO-2025-000865,2025-01-25,3700.0,739.94,0.2736,1,0.1832,0,124,major_purchase,0.025322788849754602,592.4512023586149,Flag / decline,0,Known good,0
RETRO-2025-000866,2025-01-02,11400.0,3502.42,0.1279,1,0.9409,0,60,debt_consolidation,0.046733041986425077,574.1301849308763,Flag / decline,0,Known good,0
RETRO-2025-000867,2025-05-31,5000.0,1546.95,0.0809,1,0.2409,0,8,debt_consolidation,0.035367683096577826,582.5123867266196,Flag / decline,0,Known good,0
RETRO-2025-000868,2025-05-03,16500.0,1485.04,0.1391,2,0.4774,0,16,major_purchase,0.045711264636903275,574.7989603033657,Flag / decline,0,Known good,0
RETRO-2025-000869,2025-05-16,20800.0,142.46,0.1821,3,0.2839,0,21,home_improvement,0.07030453190056812,561.624248766795,Flag / decline,7,Known bad,1
RETRO-2025-000870,2025-03-04,2800.0,611.07,0.0949,2,0.5713,0,28,car,0.043792536095248955,576.0942114234532,Flag / decline,0,Known good,0
RETRO-2025-000871,2025-03-21,5700.0,775.39,0.2224,2,0.4346,0,25,debt_consolidation,0.04381138845761328,576.081223823441,Flag / decline,0,Known good,0
RETRO-2025-000872,2025-02-28,11900.0,2782.32,0.0356,1,0.2129,0,41,home_improvement,0.026079290995119762,591.5794315609817,Flag / decline,0,Known good,0
RETRO-2025-000873,2025-01-06,3700.0,1556.5,0.0533,1,0.3534,0,71,education,0.009986406504570385,619.7496540102607,Accept,0,Known good,0
RETRO-2025-000874,2025-02-15,13600.0,623.4,0.2391,0,0.3411,0,60,debt_consolidation,0.027593620056108912,589.9059305034875,Flag / decline,0,Known good,0
RETRO-2025-000875,2025-06-25,16600.0,2543.59,0.0615,1,0.4782,0,47,debt_consolidation,0.0321354586212191,585.3742198142666,Flag / decline,0,Known good,0
RETRO-2025-000876,2025-06-18,10100.0,336.98,0.14,1,0.5488,0,83,car,0.032849736035515324,584.71860365437,Flag / decline,0,Known good,0
RETRO-2025-000877,2025-04-07,5200.0,1026.02,0.1154,1,0.2154,0,33,home_improvement,0.02864855811175591,588.7920548585151,Flag / decline,0,Known good,0
RETRO-2025-000878,2025-02-03,6200.0,875.72,0.0564,1,0.6346,0,91,debt_consolidation,0.032637979691344174,584.9115209151042,Flag / decline,0,Known good,0
RETRO-2025-000879,2025-02-10,7700.0,2346.61,0.0389,1,0.2849,0,151,car,0.0224530853616761,596.0064828531729,Accept,0,Known good,0
RETRO-2025-000880,2025-03-31,7600.0,159.98,0.1346,1,0.3956,1,71,car,0.05019435578785067,571.9635817636791,Flag / decline,0,Known good,0
RETRO-2025-000881,2025-03-11,14400.0,2330.91,0.0527,2,0.2703,0,88,other,0.02792619086200438,589.5503792631599,Flag / decline,0,Known good,0
RETRO-2025-000882,2025-06-26,6200.0,173.11,0.1284,0,0.5259,0,150,home_improvement,0.02548295061695835,592.2645399439916,Flag / decline,0,Known good,0
RETRO-2025-000883,2025-02-05,3600.0,1333.97,0.0085,2,0.4811,0,7,car,0.047136095576638205,573.8701963202892,Flag / decline,0,Known good,0
RETRO-2025-000884,2025-04-20,1900.0,-1413.34,1.1681,2,0.5112,0,105,major_purchase,0.11279998931412415,546.6327252407095,Flag / decline,1,Indeterminate,0
RETRO-2025-000885,2025-06-13,4700.0,753.5,0.0831,2,0.2255,0,28,home_improvement,0.03303373041340763,584.5519514387454,Flag / decline,0,Known good,0
RETRO-2025-000886,2025-01-17,6600.0,2710.42,0.0762,0,0.5315,0,42,major_purchase,0.030236263129906918,587.1885072545169,Flag / decline,0,Known good,0
RETRO-2025-000887,2025-05-24,13400.0,484.44,0.2607,0,0.0214,0,137,home_improvement,0.01897294531770833,600.9684234346914,Accept,0,Known good,0
RETRO-2025-000888,2025-02-17,5200.0,1164.41,0.1124,1,0.302,0,26,car,0.03179771735422331,585.6891439476783,Flag / decline,0,Known good,0
RETRO-2025-000889,2025-06-22,9100.0,2517.76,0.079,3,0.2511,0,52,car,0.03477544614395146,583.0173499498454,Flag / decline,0,Known good,0
RETRO-2025-000890,2025-01-04,3500.0,-571.13,0.5559,1,0.2494,0,23,home_improvement,0.06788701863765671,562.7088202204042,Flag / decline,0,Known good,0
RETRO-2025-000891,2025-03-07,9700.0,1326.35,0.016,1,0.5959,0,75,home_improvement,0.031708508466345264,585.7728661259827,Flag / decline,0,Known good,0
RETRO-2025-000892,2025-06-15,2900.0,1078.96,0.2294,1,0.1632,0,117,car,0.024363415508153387,593.5939872729908,Accept,0,Known good,0
RETRO-2025-000893,2025-01-08,6100.0,2008.04,0.1193,2,0.0941,0,83,other,0.025688725636348442,592.0263868479387,Flag / decline,0,Known good,0
RETRO-2025-000894,2025-05-29,7500.0,232.11,0.183,2,0.3449,0,41,debt_consolidation,0.036747079365257264,581.3671394064326,Flag / decline,0,Known good,0
RETRO-2025-000895,2025-06-20,17600.0,-660.98,0.156,2,0.226,0,12,debt_consolidation,0.0631484727640045,564.9428897780153,Flag / decline,0,Known good,0
RETRO-2025-000896,2025-02-20,10000.0,466.44,0.0907,0,0.1134,0,54,debt_consolidation,0.020995369503247388,597.9863281967387,Accept,0,Known good,0
RETRO-2025-000897,2025-05-08,5500.0,1533.2,0.1236,1,0.8088,0,107,other,0.03831686227482795,580.1130820529048,Flag / decline,0,Known good,0
RETRO-2025-000898,2025-01-19,3700.0,2102.42,0.01,0,0.4948,0,113,education,0.008790976646375327,623.4633173671698,Accept,0,Known good,0
RETRO-2025-000899,2025-02-15,9000.0,322.38,0.1558,3,0.4533,0,13,debt_consolidation,0.05327360107200048,570.1519730439844,Flag / decline,0,Known good,0
RETRO-2025-000900,2025-01-18,2200.0,3494.39,0.0211,2,0.7295,0,54,car,0.04248436438648073,577.0087193980487,Flag / decline,0,Known good,0
RETRO-2025-000901,2025-05-09,3100.0,2481.4,0.0829,1,0.4946,0,111,major_purchase,0.02881958957892272,588.6152287274919,Flag / decline,0,Known good,0
RETRO-2025-000902,2025-02-01,11100.0,1912.12,0.0812,2,0.3595,0,98,car,0.030085242013264738,587.3374780588886,Flag / decline,0,Known good,0
RETRO-2025-000903,2025-03-27,5800.0,-147.43,0.3922,2,0.6187,0,52,debt_consolidation,0.08062750801161296,557.3489854611321,Flag / decline,0,Known good,0
RETRO-2025-000904,2025-04-26,10800.0,154.82,0.1748,0,0.8168,0,120,home_improvement,0.034448144439406254,583.2999874683815,Flag / decline,0,Known good,0
RETRO-2025-000905,2025-03-30,5000.0,2232.15,0.1084,0,0.2709,0,54,debt_consolidation,0.024136873983161874,593.870237475779,Accept,0,Known good,0
RETRO-2025-000906,2025-02-27,5100.0,1626.2,0.0781,0,0.4083,1,22,other,0.051318974276535055,571.2900532482181,Flag / decline,0,Known good,0
RETRO-2025-000907,2025-01-25,13500.0,5049.94,0.0269,2,0.2196,0,80,car,0.02672798166103407,590.8512817049799,Flag / decline,0,Known good,0
RETRO-2025-000908,2025-03-04,7800.0,3527.6,0.0416,0,0.6023,0,34,debt_consolidation,0.032263054511164097,585.2560762758194,Flag / decline,0,Known good,0
RETRO-2025-000909,2025-02-13,7200.0,1082.37,0.1953,0,0.4425,0,14,car,0.03637871704174304,581.6688699654976,Flag / decline,0,Known good,0
RETRO-2025-000910,2025-05-09,10400.0,-178.25,0.2402,3,0.5652,0,82,home_improvement,0.0738071478982326,560.1124797291639,Flag / decline,0,Known good,0
RETRO-2025-000911,2025-03-02,18700.0,707.21,0.197,1,0.099,0,49,other,0.026001577474683044,591.6678437782375,Flag / decline,0,Known good,0
RETRO-2025-000912,2025-05-10,2600.0,1194.01,0.1263,1,0.2085,0,80,debt_consolidation,0.024932406439719546,592.9110400290431,Accept,0,Known good,0
RETRO-2025-000913,2025-02-28,26600.0,199.84,0.336,3,0.2078,1,59,home_improvement,0.0664315615683303,563.3791773145591,Flag / decline,0,Known good,0
RETRO-2025-000914,2025-03-29,5100.0,1724.72,0.0173,0,0.2457,0,21,car,0.025713909350752732,591.9973682214718,Flag / decline,6,Known bad,1
RETRO-2025-000915,2025-03-03,26100.0,1385.21,0.1119,0,0.7896,1,58,car,0.06088759095681249,566.0644305304563,Flag / decline,0,Known good,0
RETRO-2025-000916,2025-01-19,9200.0,964.34,0.0677,2,0.4977,0,103,major_purchase,0.03299711264321936,584.5850462629008,Flag / decline,0,Known good,0
RETRO-2025-000917,2025-02-06,12700.0,549.98,0.1827,2,0.6044,0,38,debt_consolidation,0.04562119775977837,574.8585916080173,Flag / decline,0,Known good,0
RETRO-2025-000918,2025-06-21,4800.0,-492.62,0.5157,1,0.3439,0,16,car,0.07487842529456123,559.663295592229,Flag / decline,0,Known good,0
RETRO-2025-000919,2025-06-02,6600.0,577.91,0.1323,2,0.1508,0,5,home_improvement,0.04156323186719228,577.6689464077483,Flag / decline,0,Known good,0
RETRO-2025-000920,2025-02-03,1400.0,2327.67,0.0884,2,0.1228,0,13,car,0.03437729955145787,583.3615055295109,Flag / decline,0,Known good,0
RETRO-2025-000921,2025-02-07,2600.0,1174.4,0.0803,1,0.7703,0,119,car,0.0354272992263028,582.4620079586165,Flag / decline,0,Known good,0
RETRO-2025-000922,2025-04-30,10400.0,930.84,0.0643,1,0.1383,0,51,car,0.024222437290926786,593.7656035397183,Accept,0,Known good,0
RETRO-2025-000923,2025-05-27,18500.0,1333.77,0.1048,0,0.2968,0,92,debt_consolidation,0.022559260686865618,595.8672270684307,Accept,0,Known good,0
RETRO-2025-000924,2025-03-19,21900.0,632.45,0.0604,1,0.412,0,20,debt_consolidation,0.03481922374799312,582.9797409241355,Flag / decline,0,Known good,0
RETRO-2025-000925,2025-05-02,5700.0,509.26,0.2908,2,0.6748,0,7,major_purchase,0.06675240668393938,563.230238713573,Flag / decline,0,Known good,0
RETRO-2025-000926,2025-01-20,2700.0,2586.44,0.0051,2,0.4409,0,51,major_purchase,0.033730920076234634,583.928504613057,Flag / decline,0,Known good,0
RETRO-2025-000927,2025-02-16,2700.0,-126.05,0.1983,2,0.6225,0,20,major_purchase,0.08167627461985466,556.9431531957632,Flag / decline,0,Known good,0
RETRO-2025-000928,2025-02-20,11000.0,444.67,0.2256,1,0.1881,0,111,other,0.024998483395260274,592.8327159153336,Accept,0,Known good,0
RETRO-2025-000929,2025-01-08,20000.0,-137.54,0.079,0,0.2751,0,84,car,0.03557751389897147,582.3354298581937,Flag / decline,0,Known good,0
RETRO-2025-000930,2025-02-07,13800.0,-31.2,0.2861,1,0.5458,0,144,car,0.05331036725738689,570.1309461473807,Flag / decline,0,Known good,0
RETRO-2025-000931,2025-06-05,3700.0,736.93,0.0585,1,0.1365,0,56,debt_consolidation,0.023727856603584445,594.3754697432868,Accept,0,Known good,0
RETRO-2025-000932,2025-03-16,17400.0,783.1,0.0597,0,0.1411,0,7,major_purchase,0.028746700231203966,588.6904627649351,Flag / decline,0,Known good,0
RETRO-2025-000933,2025-06-11,6300.0,466.77,0.1107,0,0.6221,0,108,debt_consolidation,0.028652273178545597,588.788203050118,Flag / decline,0,Known good,0
RETRO-2025-000934,2025-01-07,3600.0,495.39,0.121,0,0.9103,1,56,car,0.06760154159449232,562.8392475597922,Flag / decline,0,Known good,0
RETRO-2025-000935,2025-02-05,1900.0,301.17,0.0978,0,0.5947,0,72,debt_consolidation,0.029640731564210706,587.7801968664608,Flag / decline,0,Known good,0
RETRO-2025-000936,2025-05-02,12500.0,4321.44,0.0429,0,0.3218,0,40,debt_consolidation,0.025155528043515937,592.647369979742,Flag / decline,0,Known good,0
RETRO-2025-000937,2025-03-18,4400.0,301.26,0.0824,2,0.2366,0,23,car,0.03434402178369457,583.3904444481059,Flag / decline,0,Known good,0
RETRO-2025-000938,2025-01-29,2400.0,797.28,0.2229,3,0.6222,0,144,other,0.04394793868388324,575.987311745703,Flag / decline,5,Known bad,1
RETRO-2025-000939,2025-01-06,2700.0,2719.95,0.0601,1,0.5097,0,63,debt_consolidation,0.031420355123606,586.0448620589607,Flag / decline,0,Known good,0
RETRO-2025-000940,2025-01-06,10200.0,-314.55,0.1282,1,0.292,0,47,major_purchase,0.04662643587272175,574.1993074543137,Flag / decline,0,Known good,0
RETRO-2025-000941,2025-05-17,4300.0,1021.72,0.1739,0,0.2053,0,21,debt_consolidation,0.027876473466930177,589.6032697695141,Flag / decline,0,Known good,0
RETRO-2025-000942,2025-03-09,11100.0,3292.79,0.1195,2,0.4771,0,34,other,0.040149378726610674,578.7100828489874,Flag / decline,0,Known good,0
RETRO-2025-000943,2025-05-05,4800.0,3992.03,0.0083,3,0.5267,0,24,car,0.04637043143989715,574.365914487865,Flag / decline,0,Known good,0
RETRO-2025-000944,2025-01-30,3800.0,1308.75,0.0388,1,0.2604,0,136,other,0.022390681300975143,596.0886303056133,Accept,0,Known good,0
RETRO-2025-000945,2025-01-02,2900.0,2347.53,0.1311,0,0.4539,0,38,debt_consolidation,0.030038934275962246,587.3833022808706,Flag / decline,0,Known good,0
RETRO-2025-000946,2025-04-08,4600.0,175.46,0.3738,2,0.2676,0,75,car,0.03600500814232735,581.9779992658969,Flag / decline,0,Known good,0
RETRO-2025-000947,2025-04-24,7100.0,1808.12,0.1361,2,0.2636,0,86,major_purchase,0.02960690587876344,587.8141492303649,Flag / decline,0,Known good,0
RETRO-2025-000948,2025-03-14,13000.0,2179.23,0.1052,3,0.5327,0,47,car,0.04496490902491725,575.296521971665,Flag / decline,0,Known good,0
RETRO-2025-000949,2025-04-21,4700.0,1155.17,0.18,2,0.6231,0,167,debt_consolidation,0.0365608833814035,581.5192895203757,Flag / decline,0,Known good,0
RETRO-2025-000950,2025-05-13,2400.0,1402.41,0.072,3,0.5218,0,58,car,0.0421293481681593,577.2615432452312,Flag / decline,0,Known good,0
RETRO-2025-000951,2025-04-20,8200.0,3871.26,0.1032,0,0.6025,0,32,major_purchase,0.03404852989091737,583.6486021148985,Flag / decline,0,Known good,0
RETRO-2025-000952,2025-02-22,7800.0,1247.65,0.0313,1,0.6153,0,88,debt_consolidation,0.03173617024121461,585.746881319629,Flag / decline,0,Known good,0
RETRO-2025-000953,2025-01-14,7700.0,882.28,0.0263,1,0.6569,0,89,debt_consolidation,0.03262787187360405,584.920759695106,Flag / decline,0,Known good,0
RETRO-2025-000954,2025-02-04,19100.0,1773.04,0.0091,1,0.1008,0,92,major_purchase,0.020533128242889158,598.64230324609,Accept,0,Known good,0
RETRO-2025-000955,2025-05-16,16600.0,3276.78,0.0333,1,0.4893,0,53,major_purchase,0.031170256884938363,586.2829003372124,Flag / decline,0,Known good,0
RETRO-2025-000956,2025-06-24,12800.0,910.95,0.1987,1,0.4134,0,61,home_improvement,0.03231367489494946,585.2093309661291,Flag / decline,0,Known good,0
RETRO-2025-000957,2025-04-21,6600.0,884.07,0.0233,1,0.3239,0,169,major_purchase,0.022492207431030628,595.9550970293776,Accept,4,Known bad,1
RETRO-2025-000958,2025-06-12,25600.0,6067.63,0.0208,2,0.3327,0,43,other,0.03215760414139856,585.3536823553795,Flag / decline,0,Known good,0
RETRO-2025-000959,2025-04-11,5100.0,-338.2,0.2287,0,0.6636,0,55,education,0.02157689590811415,597.1808609121857,Accept,0,Known good,0
RETRO-2025-000960,2025-04-28,2400.0,1833.34,0.0393,2,0.1417,0,49,debt_consolidation,0.027407761748563592,590.1064493575728,Flag / decline,0,Known good,0
RETRO-2025-000961,2025-02-01,9500.0,960.79,0.0345,1,0.4541,0,163,debt_consolidation,0.025321624988969883,592.4525629977101,Flag / decline,0,Known good,0
RETRO-2025-000962,2025-01-24,4400.0,924.96,0.0736,3,0.3562,0,32,other,0.04062889511396705,578.3530952289073,Flag / decline,0,Known good,0
RETRO-2025-000963,2025-06-20,18400.0,3167.05,0.0235,2,0.4813,0,108,debt_consolidation,0.03131275263173422,586.1470503198784,Flag / decline,0,Known good,0
RETRO-2025-000964,2025-05-27,14900.0,865.08,0.1487,0,0.5442,0,115,home_improvement,0.027392127300148377,590.1233772595858,Flag / decline,0,Known good,0
RETRO-2025-000965,2025-05-11,7400.0,577.48,0.0592,1,0.8285,0,118,major_purchase,0.03659371922115422,581.4924036465505,Flag / decline,0,Known good,0
RETRO-2025-000966,2025-05-27,26800.0,421.07,0.1241,5,0.2494,0,174,debt_consolidation,0.03845288198180949,580.006754597281,Flag / decline,0,Known good,0
RETRO-2025-000967,2025-03-25,13000.0,2718.06,0.0969,0,0.4987,0,134,major_purchase,0.024820712749377128,593.0438968854979,Accept,0,Known good,0
RETRO-2025-000968,2025-01-02,5900.0,1408.86,0.0925,1,0.7651,0,119,car,0.03559087169721199,582.3241988697503,Flag / decline,0,Known good,0
RETRO-2025-000969,2025-02-14,4500.0,3664.75,0.0148,1,0.6496,1,29,home_improvement,0.0645269970382512,564.2773007458904,Flag / decline,0,Known good,0
RETRO-2025-000970,2025-03-06,2500.0,1784.12,0.2038,0,0.4351,0,99,debt_consolidation,0.026759544422862783,590.8162928386874,Flag / decline,2,Indeterminate,0
RETRO-2025-000971,2025-01-22,6600.0,-817.47,0.1839,0,0.2105,0,21,car,0.04525718067773597,575.1007471104845,Flag / decline,0,Known good,0
RETRO-2025-000972,2025-06-11,4700.0,608.04,0.1326,0,0.158,0,68,home_improvement,0.021617645321216673,597.1252180459159,Accept,0,Known good,0
RETRO-2025-000973,2025-06-27,4700.0,1087.27,0.0122,1,0.3781,0,105,car,0.025172419343560886,592.6275018570249,Flag / decline,0,Known good,0
RETRO-2025-000974,2025-05-02,7100.0,845.28,0.1449,0,0.2812,0,43,home_improvement,0.02591407071416366,591.7677058322608,Flag / decline,0,Known good,0
RETRO-2025-000975,2025-01-16,5300.0,-409.89,0.5349,2,0.6017,0,9,debt_consolidation,0.11273879699015621,546.6503723563918,Flag / decline,0,Known good,0
RETRO-2025-000976,2025-05-24,10100.0,956.53,0.0374,0,0.339,0,58,debt_consolidation,0.023939349427688505,594.1131751139986,Accept,0,Known good,0
RETRO-2025-000977,2025-03-11,7400.0,1663.31,0.039,4,0.617,0,34,car,0.05484534215951722,569.2650644591298,Flag / decline,0,Known good,0
RETRO-2025-000978,2025-04-11,2700.0,168.21,0.1298,2,0.4679,0,76,debt_consolidation,0.035367835253535825,582.5122580418843,Flag / decline,1,Indeterminate,0
RETRO-2025-000979,2025-03-07,4200.0,455.25,0.0971,0,0.0867,0,16,debt_consolidation,0.02501126893630093,592.8175839094085,Flag / decline,0,Known good,0
RETRO-2025-000980,2025-06-16,7200.0,-143.91,0.3398,2,0.4881,1,58,debt_consolidation,0.11387094629087861,546.3252187745921,Flag / decline,2,Indeterminate,0
RETRO-2025-000981,2025-06-09,10700.0,1906.84,0.0685,1,0.2121,0,69,car,0.024557885301284655,593.3588366541983,Accept,0,Known good,0
RETRO-2025-000982,2025-02-05,6000.0,297.54,0.08,0,0.4008,0,69,other,0.025230194908189302,592.5596423167317,Flag / decline,0,Known good,0
RETRO-2025-000983,2025-04-12,4200.0,2139.36,0.0176,2,0.1978,0,100,home_improvement,0.025168236143976737,592.6324210686996,Flag / decline,0,Known good,0
RETRO-2025-000984,2025-01-10,15100.0,1075.49,0.1622,2,0.5579,0,104,major_purchase,0.03697781954838935,581.1796155058321,Flag / decline,0,Known good,0
RETRO-2025-000985,2025-02-08,1500.0,14.33,0.2284,0,0.331,0,14,car,0.054530412802014906,569.4408376032678,Flag / decline,0,Known good,0
RETRO-2025-000986,2025-03-11,6100.0,1631.73,0.0315,2,0.0985,0,105,debt_consolidation,0.023291321503245126,594.9241544671956,Accept,0,Known good,0
RETRO-2025-000987,2025-04-19,5600.0,96.27,0.591,1,0.1542,0,87,car,0.05269372447240266,570.4854338343424,Flag / decline,0,Known good,0
RETRO-2025-000988,2025-02-01,3000.0,1437.38,0.1389,2,0.7019,0,9,home_improvement,0.059221755598714926,566.9159868817251,Flag / decline,0,Known good,0
RETRO-2025-000989,2025-05-07,7700.0,2076.23,0.0423,3,0.2166,0,49,home_improvement,0.03326858307110915,584.3405322016982,Flag / decline,0,Known good,0
RETRO-2025-000990,2025-02-14,3700.0,40.12,0.1491,1,0.5035,0,30,other,0.05978848027616106,566.6237944317259,Flag / decline,0,Known good,0
RETRO-2025-000991,2025-02-28,26400.0,559.68,0.0788,0,0.2439,0,192,debt_consolidation,0.01882295452898778,601.2018458095033,Accept,0,Known good,0
RETRO-2025-000992,2025-04-03,2200.0,1993.58,0.2038,2,0.3772,0,33,home_improvement,0.03958459998803352,579.1358233886218,Flag / decline,0,Known good,0
RETRO-2025-000993,2025-01-22,23400.0,2537.39,0.0041,2,0.8065,0,74,debt_consolidation,0.042437240559329244,577.0421620241093,Flag / decline,5,Known bad,1
RETRO-2025-000994,2025-06-29,4200.0,490.86,0.2439,1,0.49,0,29,major_purchase,0.039868166489797435,578.9213431885063,Flag / decline,0,Known good,0
RETRO-2025-000995,2025-06-19,2600.0,350.92,0.1716,2,0.4388,0,29,home_improvement,0.04143820088691373,577.7596396858211,Flag / decline,0,Known good,0
RETRO-2025-000996,2025-06-17,5600.0,2493.2,0.0564,1,0.2273,0,33,home_improvement,0.027717650731936428,589.7728450434628,Flag / decline,0,Known good,0
RETRO-2025-000997,2025-05-30,12300.0,1872.45,0.021,1,0.2076,0,102,debt_consolidation,0.022196129567515474,596.3461778274791,Accept,0,Known good,0
RETRO-2025-000998,2025-01-10,3700.0,2196.15,0.0445,2,0.2897,0,38,other,0.032232272107827434,585.2845369125139,Flag / decline,0,Known good,0
RETRO-2025-000999,2025-04-02,3200.0,1332.85,0.1406,0,0.3243,0,102,home_improvement,0.02327801177832992,594.941040809762,Accept,0,Known good,0
RETRO-2025-001000,2025-03-26,19100.0,1144.92,0.1072,2,0.7009,0,64,major_purchase,0.04299292269724308,576.6500461919413,Flag / decline,0,Known good,0
RETRO-2025-001001,2025-05-07,13400.0,-1113.59,0.9019,0,0.1222,0,10,debt_consolidation,0.07777051556917937,558.4794878554188,Flag / decline,0,Known good,0
RETRO-2025-001002,2025-02-06,5800.0,52.88,0.241,1,0.4565,0,176,debt_consolidation,0.046659867264528615,574.1776146533223,Flag / decline,0,Known good,0
RETRO-2025-001003,2025-01-21,8700.0,221.03,0.1774,0,0.0,0,78,debt_consolidation,0.01923289914378555,600.568124831958,Accept,0,Known good,0
RETRO-2025-001004,2025-02-09,20900.0,327.41,0.1937,2,0.1695,0,89,debt_consolidation,0.02847039728075366,588.9773447198817,Flag / decline,0,Known good,0
RETRO-2025-001005,2025-01-27,7900.0,550.82,0.1624,2,0.3317,0,78,education,0.011974948467826598,614.4520015913719,Accept,0,Known good,0
RETRO-2025-001006,2025-05-12,3400.0,1962.44,0.0405,1,0.4048,0,52,home_improvement,0.02937932068696867,588.043569288917,Flag / decline,0,Known good,0
RETRO-2025-001007,2025-04-30,8100.0,567.6,0.1487,0,0.4442,0,38,major_purchase,0.030187369296389984,587.2366582193329,Flag / decline,0,Known good,0
RETRO-2025-001008,2025-04-27,11600.0,-1082.94,0.5821,0,0.3025,0,55,car,0.05550359637900489,568.9007190765875,Flag / decline,1,Indeterminate,0
RETRO-2025-001009,2025-06-22,5100.0,2383.65,0.035,1,0.6917,0,64,debt_consolidation,0.0355737826888116,582.3385677159723,Flag / decline,0,Known good,0
RETRO-2025-001010,2025-02-19,11800.0,3101.87,0.032,1,0.9018,0,3,car,0.06518405459777622,563.9647030812696,Flag / decline,6,Known bad,1
RETRO-2025-001011,2025-04-24,4000.0,1959.5,0.0722,1,0.3428,0,22,debt_consolidation,0.03275141181127,584.8080304985141,Flag / decline,0,Known good,0
RETRO-2025-001012,2025-06-17,12400.0,487.41,0.2419,2,0.1491,0,87,home_improvement,0.029106346210546825,588.321028777631,Flag / decline,0,Known good,0
RETRO-2025-001013,2025-06-26,7900.0,1319.19,0.0142,0,0.5614,0,9,debt_consolidation,0.03748863618184607,580.7684427386887,Flag / decline,0,Known good,0
RETRO-2025-001014,2025-05-11,4200.0,161.86,0.3565,5,0.3752,0,46,education,0.02324324697028541,594.9851921909489,Accept,0,Known good,0
RETRO-2025-001015,2025-02-02,19600.0,-811.74,0.4021,0,0.2788,0,140,car,0.04142077168603075,577.7723030297539,Flag / decline,0,Known good,0
RETRO-2025-001016,2025-01-28,18900.0,1649.05,0.0793,1,0.519,0,123,debt_consolidation,0.028830042775329058,588.6044544160054,Flag / decline,0,Known good,0
RETRO-2025-001017,2025-06-28,4800.0,-227.66,0.0914,1,0.3218,0,48,car,0.046349507015124504,574.3795707063784,Flag / decline,0,Known good,0
RETRO-2025-001018,2025-01-26,6600.0,788.95,0.149,1,0.1333,0,51,debt_consolidation,0.025650167483453775,592.0708702514427,Flag / decline,0,Known good,0
RETRO-2025-001019,2025-04-29,20500.0,1311.25,0.0416,0,0.3057,0,32,major_purchase,0.025703064657209305,592.0098609236622,Flag / decline,0,Known good,0
RETRO-2025-001020,2025-05-17,10800.0,2081.91,0.0274,2,0.2577,0,39,debt_consolidation,0.030910505527703212,586.5320911871626,Flag / decline,0,Known good,0
RETRO-2025-001021,2025-02-16,2500.0,345.36,0.3536,0,0.3358,0,81,car,0.028441213333257172,589.0078036865117,Flag / decline,0,Known good,0
RETRO-2025-001022,2025-01-09,5600.0,4345.48,0.0111,3,0.4431,0,100,education,0.012886354451698296,612.308878249078,Accept,0,Known good,0
RETRO-2025-001023,2025-06-03,6700.0,-819.98,0.8447,0,0.5428,0,103,home_improvement,0.07274514093393544,560.5637388525421,Flag / decline,0,Known good,0
RETRO-2025-001024,2025-03-25,7000.0,487.68,0.1886,5,0.7276,0,175,debt_consolidation,0.058471883734112884,567.3066602574119,Flag / decline,5,Known bad,1
RETRO-2025-001025,2025-04-18,3800.0,2413.79,0.1232,1,0.2685,0,55,major_purchase,0.02771769445406217,589.7727982315216,Flag / decline,0,Known good,0
RETRO-2025-001026,2025-06-08,25600.0,510.35,0.0952,1,0.6259,0,10,major_purchase,0.04687364512226281,574.0392479643376,Flag / decline,0,Known good,0
RETRO-2025-001027,2025-02-07,3800.0,883.37,0.2299,0,0.0971,0,76,major_purchase,0.02169753527344024,597.0164262454819,Accept,0,Known good,0
RETRO-2025-001028,2025-02-02,9400.0,1151.6,0.1049,0,0.2306,0,27,home_improvement,0.02602265996143907,591.6438335043982,Flag / decline,0,Known good,0
RETRO-2025-001029,2025-01-03,2300.0,1336.35,0.0946,1,0.1826,0,11,education,0.012048680536709438,614.2727339378339,Accept,0,Known good,0
RETRO-2025-001030,2025-04-19,16200.0,400.8,0.1253,3,0.2214,1,57,car,0.0582867199828472,567.4038512359602,Flag / decline,0,Known good,0
RETRO-2025-001031,2025-01-07,13900.0,3261.78,0.0306,2,0.4198,0,20,debt_consolidation,0.03909687336326667,579.5081932130538,Flag / decline,0,Known good,0
RETRO-2025-001032,2025-06-14,3300.0,-14.63,0.2471,2,0.3326,0,119,car,0.05149293611626033,571.1871177685844,Flag / decline,0,Known good,0
RETRO-2025-001033,2025-05-10,2300.0,1114.38,0.1139,0,0.1847,0,80,debt_consolidation,0.02122498765273849,597.6657092235429,Accept,0,Known good,0
RETRO-2025-001034,2025-01-01,13800.0,3247.76,0.0163,1,0.6016,0,190,debt_consolidation,0.027434308205390348,590.0777281684852,Flag / decline,0,Known good,0
RETRO-2025-001035,2025-05-09,6500.0,1160.72,0.074,3,0.214,0,48,major_purchase,0.03407422516158842,583.6260677142253,Flag / decline,0,Known good,0
RETRO-2025-001036,2025-02-16,17200.0,2493.01,0.0662,0,0.6983,1,45,car,0.057147551246716936,568.0082447806537,Flag / decline,0,Known good,0
RETRO-2025-001037,2025-02-08,4800.0,-197.11,0.0961,0,0.1443,0,121,debt_consolidation,0.03061651223933663,586.8165893904694,Flag / decline,0,Known good,0
RETRO-2025-001038,2025-06-30,2300.0,2771.12,0.0741,1,0.2239,1,77,car,0.04149398375501098,577.7191443647555,Flag / decline,0,Known good,0
RETRO-2025-001039,2025-06-17,7400.0,2497.05,0.0641,1,0.3188,0,20,car,0.0324193566466404,585.1119670413193,Flag / decline,0,Known good,0
RETRO-2025-001040,2025-01-13,9000.0,3273.19,0.013,0,0.1696,0,71,car,0.019865393398823268,599.6158887295394,Accept,0,Known good,0
RETRO-2025-001041,2025-06-07,11400.0,2236.9,0.047,2,0.1743,0,60,home_improvement,0.027388279164772586,590.1275451950215,Flag / decline,2,Indeterminate,0
RETRO-2025-001042,2025-06-24,4000.0,173.77,0.2193,2,0.5253,0,51,major_purchase,0.04201977836823459,577.3399844609597,Flag / decline,3,Known bad,1
RETRO-2025-001043,2025-01-30,6800.0,4826.48,0.0736,2,0.5174,0,60,education,0.01361559728090941,610.6992324249725,Accept,0,Known good,0
RETRO-2025-001044,2025-04-26,2800.0,1272.55,0.1577,0,0.8682,0,115,other,0.035687767755921515,582.2428517829687,Flag / decline,0,Known good,0
RETRO-2025-001045,2025-04-15,4800.0,319.05,0.0234,1,0.4456,0,68,home_improvement,0.028723444335883933,588.7145057076082,Flag / decline,0,Known good,0
RETRO-2025-001046,2025-01-08,5000.0,1645.33,0.0153,1,0.2745,0,57,major_purchase,0.0256164519016337,592.1098203123295,Flag / decline,0,Known good,0
RETRO-2025-001047,2025-03-08,4100.0,5227.83,0.1022,0,0.386,0,82,home_improvement,0.024642187498328208,593.2574629402764,Accept,0,Known good,0
RETRO-2025-001048,2025-01-02,6700.0,1008.18,0.0595,0,0.4888,0,44,debt_consolidation,0.028661550712127115,588.7785861516716,Flag / decline,0,Known good,0
RETRO-2025-001049,2025-04-11,3900.0,4318.59,0.0594,1,0.4559,0,88,home_improvement,0.02851821209998603,588.9275063605488,Flag / decline,0,Known good,0
RETRO-2025-001050,2025-01-30,5700.0,2633.7,0.0588,2,0.4997,0,58,major_purchase,0.03598696496749294,581.9930024893588,Flag / decline,0,Known good,0
RETRO-2025-001051,2025-05-08,5700.0,148.62,0.1533,1,0.6181,1,61,debt_consolidation,0.09730108847494959,551.3972165771338,Flag / decline,0,Known good,0
RETRO-2025-001052,2025-02-08,2500.0,-144.0,0.3002,1,0.2308,0,120,car,0.043307374935553936,576.430293110917,Flag / decline,0,Known good,0
RETRO-2025-001053,2025-05-13,8900.0,-23.91,0.0953,0,0.1651,0,58,car,0.03498842112338661,582.834811892235,Flag / decline,0,Known good,0
RETRO-2025-001054,2025-04-19,3800.0,2078.4,0.0549,0,0.3555,0,103,home_improvement,0.022395611508415025,596.0821321460396,Accept,0,Known good,0
RETRO-2025-001055,2025-04-04,14700.0,368.36,0.3597,0,0.1485,0,145,debt_consolidation,0.02237827432564605,596.1049892549739,Accept,0,Known good,0
RETRO-2025-001056,2025-03-16,8700.0,1099.75,0.0652,1,0.2127,0,32,debt_consolidation,0.027704595394283715,589.7868262034868,Flag / decline,2,Indeterminate,0
RETRO-2025-001057,2025-03-20,3400.0,40.92,0.2227,0,0.1316,1,60,car,0.06241810140637934,565.3010429364552,Flag / decline,0,Known good,0
RETRO-2025-001058,2025-05-31,15600.0,3302.14,0.0559,3,0.245,0,19,debt_consolidation,0.039824484624545665,578.954287218447,Flag / decline,0,Known good,0
RETRO-2025-001059,2025-06-08,15200.0,1168.26,0.0816,0,0.4835,0,26,debt_consolidation,0.03150321021950649,585.966406465266,Flag / decline,0,Known good,0
RETRO-2025-001060,2025-04-21,3400.0,1795.35,0.0773,1,0.4317,0,32,major_purchase,0.03327880637428706,584.3313617397279,Flag / decline,1,Indeterminate,0
RETRO-2025-001061,2025-01-21,7600.0,1222.36,0.0628,1,0.6558,0,148,debt_consolidation,0.030842222730774357,586.5979343475726,Flag / decline,0,Known good,0
RETRO-2025-001062,2025-06-19,8200.0,1627.69,0.0376,0,0.5216,0,25,major_purchase,0.03165596584836771,585.8222838340939,Flag / decline,0,Known good,0
RETRO-2025-001063,2025-04-20,7900.0,406.24,0.2178,4,0.2718,1,35,major_purchase,0.0789659396754798,558.001918064896,Flag / decline,0,Known good,0
RETRO-2025-001064,2025-06-07,11000.0,-981.23,1.5,3,0.5731,0,100,debt_consolidation,0.16504054275556337,533.9005897278046,Flag / decline,0,Known good,0
RETRO-2025-001065,2025-05-20,7400.0,842.52,0.1015,0,0.2976,0,36,major_purchase,0.026174310162918928,591.4716790055769,Flag / decline,0,Known good,0
RETRO-2025-001066,2025-04-30,1800.0,1777.8,0.0306,1,0.0621,0,64,home_improvement,0.021437592124088283,597.371857916941,Accept,0,Known good,0
RETRO-2025-001067,2025-03-15,6300.0,787.15,0.3489,0,0.1848,0,41,major_purchase,0.02800842028084224,589.4631021125094,Flag / decline,0,Known good,0
RETRO-2025-001068,2025-01-08,13500.0,2723.19,0.0848,1,0.5238,0,39,debt_consolidation,0.03489626327463045,582.9136673636227,Flag / decline,0,Known good,0
RETRO-2025-001069,2025-03-05,5000.0,5514.01,0.0551,1,0.508,0,89,car,0.0295839075414591,587.8372551808835,Flag / decline,0,Known good,0
RETRO-2025-001070,2025-06-10,9600.0,5310.59,0.0093,1,0.7651,0,31,car,0.041482002094074585,577.727838003311,Flag / decline,0,Known good,0
RETRO-2025-001071,2025-01-07,20900.0,3131.53,0.009,0,0.156,0,33,debt_consolidation,0.02215274029533244,596.4039173364467,Accept,0,Known good,0
RETRO-2025-001072,2025-05-24,9200.0,540.15,0.13,1,0.3598,0,11,debt_consolidation,0.038425618868514366,580.0280373776305,Flag / decline,0,Known good,0
RETRO-2025-001073,2025-06-05,6200.0,1094.75,0.3197,0,0.1013,1,68,car,0.040158912185114984,578.7029457267377,Flag / decline,3,Known bad,1
RETRO-2025-001074,2025-02-05,19100.0,4309.69,0.0205,2,0.5252,0,26,home_improvement,0.04051687754367489,578.4361267618289,Flag / decline,0,Known good,0
RETRO-2025-001075,2025-02-08,5300.0,359.83,0.3343,1,0.4392,0,76,debt_consolidation,0.03510012020738308,582.7395037320518,Flag / decline,0,Known good,0
RETRO-2025-001076,2025-05-04,15700.0,632.62,0.1991,2,0.1628,0,146,car,0.026248313853197897,591.3880215392962,Flag / decline,0,Known good,0
RETRO-2025-001077,2025-01-28,8900.0,9.29,0.5314,3,0.0179,0,43,home_improvement,0.06552830191256168,563.8020945801545,Flag / decline,0,Known good,0
RETRO-2025-001078,2025-03-23,7200.0,1757.0,0.1381,1,0.0894,0,41,car,0.02543924083725911,592.3153684079307,Flag / decline,0,Known good,0
RETRO-2025-001079,2025-03-18,16100.0,2124.19,0.0072,1,0.2906,0,61,education,0.009402455113617822,621.5052306275439,Accept,0,Known good,0
RETRO-2025-001080,2025-05-11,11700.0,603.63,0.1553,1,0.5928,0,43,education,0.014180769235134059,609.5091847199171,Accept,0,Known good,0
RETRO-2025-001081,2025-03-26,12000.0,1503.26,0.1161,1,0.0886,0,55,debt_consolidation,0.02387442394628825,594.1934548067819,Accept,0,Known good,0
RETRO-2025-001082,2025-06-03,3000.0,-422.92,0.2592,1,0.2494,0,5,debt_consolidation,0.06862952830669689,562.3719521912177,Flag / decline,0,Known good,0
RETRO-2025-001083,2025-01-06,8900.0,1968.99,0.081,1,0.2341,0,22,other,0.0302257529226573,587.1988514065894,Flag / decline,0,Known good,0
RETRO-2025-001084,2025-06-02,5300.0,570.23,0.1011,0,0.2929,0,108,major_purchase,0.021853650305786,596.8049592491175,Accept,0,Known good,0
RETRO-2025-001085,2025-02-26,11800.0,-269.36,0.1773,2,0.4402,0,27,car,0.06702017871310119,563.1064449998898,Flag / decline,0,Known good,0
RETRO-2025-001086,2025-01-18,13600.0,1683.99,0.1167,2,0.5266,2,27,debt_consolidation,0.11860664892016495,544.9948987223079,Flag / decline,0,Known good,0
RETRO-2025-001087,2025-06-26,7400.0,-436.97,0.1024,2,0.7597,0,127,other,0.06414111510666987,564.4622695298485,Flag / decline,0,Known good,0
RETRO-2025-001088,2025-04-20,4000.0,426.09,0.0941,1,0.7734,0,75,car,0.038603942556404244,579.8890919448088,Flag / decline,0,Known good,0
RETRO-2025-001089,2025-02-09,3500.0,1252.86,0.0895,1,0.0158,0,19,car,0.026129623537751,591.5223065246582,Flag / decline,0,Known good,0
RETRO-2025-001090,2025-01-08,9600.0,2550.46,0.0193,0,0.4957,1,28,car,0.050809253568858806,571.5935734228835,Flag / decline,0,Known good,0
RETRO-2025-001091,2025-04-07,2600.0,567.94,0.0979,0,0.2191,0,66,debt_consolidation,0.022248659056852662,596.276422565277,Accept,0,Known good,0
RETRO-2025-001092,2025-03-10,4700.0,1414.04,0.0729,1,0.1365,0,48,home_improvement,0.02457563149839447,593.3374686260324,Accept,0,Known good,0
RETRO-2025-001093,2025-03-21,2100.0,1280.61,0.0864,1,0.3309,0,20,debt_consolidation,0.03326089461795968,584.3474306566244,Flag / decline,0,Known good,0
RETRO-2025-001094,2025-02-19,6800.0,4047.55,0.0201,0,0.8817,0,70,debt_consolidation,0.03538262079460662,582.4997559091877,Flag / decline,0,Known good,0
RETRO-2025-001095,2025-01-25,4000.0,2254.31,0.014,4,0.3557,0,104,car,0.03682790042513678,581.3013271207903,Flag / decline,0,Known good,0
RETRO-2025-001096,2025-04-26,17000.0,721.69,0.0413,1,0.6094,0,87,home_improvement,0.03187343558678646,585.6182607399802,Flag / decline,0,Known good,0
RETRO-2025-001097,2025-01-30,7200.0,3893.11,0.0739,2,0.3448,0,20,major_purchase,0.038001807726955654,580.3607607923822,Flag / decline,0,Known good,0
RETRO-2025-001098,2025-04-11,5600.0,1499.16,0.1608,2,0.4914,0,75,major_purchase,0.03691828966068878,581.2278878510557,Flag / decline,0,Known good,0
RETRO-2025-001099,2025-06-12,10000.0,1072.7,0.0303,0,0.2589,0,56,major_purchase,0.02245848367205805,595.9993871123289,Accept,0,Known good,0
RETRO-2025-001100,2025-02-09,6700.0,2089.44,0.0288,2,0.4406,0,38,major_purchase,0.03593035348987597,582.040122997323,Flag / decline,0,Known good,0
RETRO-2025-001101,2025-05-01,9800.0,1025.43,0.042,1,0.3284,0,39,car,0.028964288536613477,588.4664206281293,Flag / decline,0,Known good,0
RETRO-2025-001102,2025-05-02,8000.0,558.73,0.0539,0,0.2364,1,33,major_purchase,0.04141986729306208,577.7729602637937,Flag / decline,0,Known good,0
RETRO-2025-001103,2025-03-26,9200.0,0.29,0.1204,1,0.2628,0,28,major_purchase,0.049108242950266626,572.6277564801669,Flag / decline,0,Known good,0
RETRO-2025-001104,2025-03-02,12400.0,688.24,0.064,1,0.2533,1,37,home_improvement,0.04729553818447583,573.7679312620111,Flag / decline,0,Known good,0
RETRO-2025-001105,2025-03-25,3100.0,1983.06,0.093,4,0.1675,0,99,car,0.033830854485301605,583.8401613954472,Flag / decline,0,Known good,0
RETRO-2025-001106,2025-05-15,8200.0,2379.79,0.0553,1,0.711,0,9,car,0.04945476286378652,572.4143544503398,Flag / decline,0,Known good,0
RETRO-2025-001107,2025-02-10,9500.0,1227.28,0.0894,3,0.3856,0,29,debt_consolidation,0.0426982918471838,576.857344659737,Flag / decline,0,Known good,0
RETRO-2025-001108,2025-03-25,7000.0,1140.05,0.1993,0,0.2631,0,58,car,0.025325573040203317,592.4479476817663,Flag / decline,0,Known good,0
RETRO-2025-001109,2025-04-04,1800.0,1752.76,0.1573,3,0.2418,0,56,debt_consolidation,0.03608359332197746,581.9127385744537,Flag / decline,0,Known good,0
RETRO-2025-001110,2025-06-24,1500.0,2047.71,0.0421,1,0.1997,1,132,other,0.03651934624419283,581.5533332863345,Flag / decline,0,Known good,0
RETRO-2025-001111,2025-06-12,6400.0,109.05,0.5905,2,0.5192,0,7,car,0.11381621887724508,546.3408715201314,Flag / decline,0,Known good,0
RETRO-2025-001112,2025-02-03,5300.0,283.27,0.0882,1,0.4503,0,56,major_purchase,0.031158856334000843,586.2937951408671,Flag / decline,0,Known good,0
RETRO-2025-001113,2025-06-07,7300.0,2466.17,0.0935,2,0.81,0,36,major_purchase,0.05073865822090728,571.6358373683404,Flag / decline,0,Known good,0
RETRO-2025-001114,2025-02-09,13800.0,1047.75,0.0294,2,0.1281,0,134,car,0.022892989329278916,595.4336523374243,Accept,0,Known good,0
RETRO-2025-001115,2025-06-09,5900.0,455.53,0.1116,0,0.0635,0,64,debt_consolidation,0.019924145279889397,599.5289496566212,Accept,0,Known good,0
RETRO-2025-001116,2025-06-11,2600.0,1706.49,0.0121,2,0.4771,1,9,car,0.07599156295778559,559.2027735841506,Flag / decline,0,Known good,0
RETRO-2025-001117,2025-02-20,4000.0,1099.45,0.086,0,0.506,0,126,debt_consolidation,0.025018279218514527,592.8092902648384,Flag / decline,0,Known good,0
RETRO-2025-001118,2025-06-04,6800.0,951.87,0.1733,2,0.2449,0,40,home_improvement,0.033840863340218796,583.8313273259489,Flag / decline,0,Known good,0
RETRO-2025-001119,2025-05-05,5500.0,-471.36,0.229,0,0.5749,0,9,debt_consolidation,0.0701685275711752,561.684341487814,Flag / decline,0,Known good,0
RETRO-2025-001120,2025-01-26,13600.0,2301.45,0.0075,2,0.2314,1,34,car,0.051511886868761396,571.1759242350813,Flag / decline,0,Known good,0
RETRO-2025-001121,2025-04-29,7900.0,1279.03,0.1038,1,0.1106,0,64,debt_consolidation,0.023505356597792442,594.6538893517175,Accept,0,Known good,0
RETRO-2025-001122,2025-04-23,2000.0,-14.35,0.3902,1,0.5821,0,109,major_purchase,0.0615978683819223,565.7079553771748,Flag / decline,0,Known good,0
RETRO-2025-001123,2025-04-25,10000.0,2737.19,0.1077,1,0.0627,0,42,debt_consolidation,0.024265330834478203,593.7132853039611,Accept,0,Known good,0
RETRO-2025-001124,2025-06-16,13800.0,465.09,0.1964,0,0.6922,0,125,car,0.031478886822888796,585.9894175990238,Flag / decline,0,Known good,0
RETRO-2025-001125,2025-06-13,4500.0,851.5,0.2352,0,0.5811,0,48,car,0.034519935811656216,583.2377718614727,Flag / decline,1,Indeterminate,0
RETRO-2025-001126,2025-05-30,22000.0,2072.82,0.0118,0,0.2169,0,88,major_purchase,0.019915294813134587,599.5420302015023,Accept,0,Known good,0
RETRO-2025-001127,2025-04-11,3600.0,2562.34,0.0728,0,0.8145,0,55,major_purchase,0.036194507526980654,581.8208628214591,Flag / decline,0,Known good,0
RETRO-2025-001128,2025-06-25,6700.0,27.83,0.2132,0,0.2239,0,104,car,0.03634485711509063,581.6967524420018,Flag / decline,0,Known good,0
RETRO-2025-001129,2025-01-16,7100.0,1932.42,0.0589,2,0.1352,0,71,debt_consolidation,0.026060750615561575,591.6005010528122,Flag / decline,0,Known good,0
RETRO-2025-001130,2025-04-24,2700.0,933.19,0.0829,1,0.5325,0,78,debt_consolidation,0.031434207868162305,586.0317309525857,Flag / decline,0,Known good,0
RETRO-2025-001131,2025-03-21,9400.0,2952.44,0.0255,0,0.3252,0,31,debt_consolidation,0.025935359734677577,591.7433807834594,Flag / decline,0,Known good,0
RETRO-2025-001132,2025-01-21,5200.0,1166.52,0.1076,0,0.0256,0,36,car,0.021132047489707068,597.7950720800615,Accept,0,Known good,0
RETRO-2025-001133,2025-04-29,4200.0,28.18,0.1986,2,0.5405,0,39,education,0.026349742460712432,591.2737336483203,Flag / decline,0,Known good,0
RETRO-2025-001134,2025-01-29,7000.0,2741.92,0.0493,2,0.2799,0,27,home_improvement,0.033858836323657035,583.8154702412289,Flag / decline,0,Known good,0
RETRO-2025-001135,2025-06-04,3700.0,1243.98,0.1641,2,0.3251,0,47,debt_consolidation,0.03492869658040313,582.8858927271999,Flag / decline,0,Known good,0
RETRO-2025-001136,2025-03-14,7900.0,170.53,0.2764,4,0.0297,0,72,education,0.013500708517503207,610.9470959593074,Accept,0,Known good,0
RETRO-2025-001137,2025-01-17,4200.0,3382.43,0.0358,2,0.4169,0,86,car,0.031127249301456477,586.3240202205394,Flag / decline,0,Known good,0
RETRO-2025-001138,2025-05-16,4100.0,1502.65,0.0599,1,0.7221,0,13,education,0.017731057447611744,602.9582282244122,Accept,0,Known good,0
RETRO-2025-001139,2025-04-09,3100.0,2110.64,0.03,2,0.3451,0,77,debt_consolidation,0.029795867753221766,587.6249593049874,Flag / decline,0,Known good,0
RETRO-2025-001140,2025-02-18,10100.0,-512.99,0.4329,0,0.2383,0,77,major_purchase,0.04508316735567577,575.2171623417945,Flag / decline,0,Known good,0
RETRO-2025-001141,2025-04-16,11500.0,1711.11,0.1209,0,0.2203,0,80,car,0.0219530160869314,596.6711302821914,Accept,0,Known good,0
RETRO-2025-001142,2025-04-21,4600.0,3141.8,0.023,4,0.3814,0,123,debt_consolidation,0.036827867171553515,581.3013541704821,Flag / decline,0,Known good,0
RETRO-2025-001143,2025-06-30,7400.0,-95.35,0.2452,0,0.3143,0,70,home_improvement,0.04252673778764553,576.9786782878965,Flag / decline,2,Indeterminate,0
RETRO-2025-001144,2025-06-01,4800.0,1104.06,0.1517,1,0.7263,0,112,home_improvement,0.03635621199401185,581.6873993079452,Flag / decline,0,Known good,0
RETRO-2025-001145,2025-05-17,8100.0,1414.99,0.03,3,0.5928,1,30,home_improvement,0.07996229548268932,557.608900061464,Flag / decline,0,Known good,0
RETRO-2025-001146,2025-03-29,6600.0,1624.71,0.1234,2,0.1748,0,50,car,0.029804766626936086,587.616078392993,Flag / decline,0,Known good,0
RETRO-2025-001147,2025-04-15,5700.0,529.51,0.1049,3,0.9199,0,171,debt_consolidation,0.04968432626773333,572.2737585506403,Flag / decline,0,Known good,0
RETRO-2025-001148,2025-04-30,6900.0,565.84,0.2633,0,0.7182,0,23,education,0.016415474099911467,605.2212905168685,Accept,0,Known good,0
RETRO-2025-001149,2025-04-18,1300.0,701.87,0.1845,2,0.2969,1,74,car,0.05440749744999652,569.5097006131667,Flag / decline,0,Known good,0
RETRO-2025-001150,2025-06-20,2800.0,-447.92,0.4419,1,0.5106,0,45,home_improvement,0.06925472400126784,562.0909162042444,Flag / decline,0,Known good,0
RETRO-2025-001151,2025-01-01,4200.0,769.34,0.2899,0,0.2572,0,82,car,0.025456678864382083,592.2950801903361,Flag / decline,0,Known good,0
RETRO-2025-001152,2025-06-17,3200.0,545.92,0.2797,3,0.3873,0,112,car,0.03957669566613751,579.1418230308559,Flag / decline,0,Known good,0
RETRO-2025-001153,2025-03-15,15700.0,2191.17,0.1065,0,0.3317,0,103,debt_consolidation,0.022809040472745363,595.5421332969966,Accept,0,Known good,0
RETRO-2025-001154,2025-06-22,12100.0,1340.96,0.0196,0,0.315,0,80,debt_consolidation,0.022011330640274374,596.5928658682119,Accept,0,Known good,0
RETRO-2025-001155,2025-04-23,13600.0,1322.1,0.0905,0,0.5142,0,121,debt_consolidation,0.025431332603119042,592.3245736822887,Flag / decline,0,Known good,0
RETRO-2025-001156,2025-04-30,6200.0,969.69,0.1777,2,0.6515,0,39,car,0.046980649108232894,573.9702153345959,Flag / decline,0,Known good,0
RETRO-2025-001157,2025-06-02,4600.0,425.12,0.0274,2,0.3324,0,103,debt_consolidation,0.028096334342544736,589.3700661849415,Flag / decline,0,Known good,0
RETRO-2025-001158,2025-03-12,3700.0,1660.03,0.0439,0,0.284,0,88,major_purchase,0.021517136901171765,597.2626473088869,Accept,0,Known good,0
RETRO-2025-001159,2025-04-06,11600.0,1994.81,0.0358,0,0.5035,0,93,debt_consolidation,0.025288323333547545,592.4915209185297,Flag / decline,0,Known good,0
RETRO-2025-001160,2025-04-26,3300.0,1657.29,0.0671,4,0.2573,0,107,debt_consolidation,0.03522270437468162,582.6352435772421,Flag / decline,0,Known good,0
RETRO-2025-001161,2025-02-06,3900.0,1564.39,0.0664,0,0.0,0,10,car,0.024497546920695678,593.4316022941351,Accept,0,Known good,0
RETRO-2025-001162,2025-03-24,14300.0,-60.76,0.0684,1,0.7626,1,43,major_purchase,0.10770548152188794,548.1314422341184,Flag / decline,4,Known bad,1
RETRO-2025-001163,2025-02-25,3500.0,925.07,0.3527,1,0.6079,0,25,debt_consolidation,0.048343198496252855,573.1040072255043,Flag / decline,4,Known bad,1
RETRO-2025-001164,2025-05-02,8200.0,895.94,0.0944,2,0.5795,0,35,debt_consolidation,0.04256207427342379,576.9536479444033,Flag / decline,0,Known good,0
RETRO-2025-001165,2025-05-12,10900.0,1210.01,0.041,1,0.6009,0,58,debt_consolidation,0.033766193020435965,583.8972940986994,Flag / decline,0,Known good,0
RETRO-2025-001166,2025-04-28,5200.0,411.39,0.2809,2,0.6608,0,48,car,0.04928404507120074,572.5193120912487,Flag / decline,0,Known good,0
RETRO-2025-001167,2025-02-22,6800.0,1179.32,0.0982,0,0.3182,0,50,major_purchase,0.025194158468491126,592.6019506626446,Flag / decline,0,Known good,0
RETRO-2025-001168,2025-05-26,10500.0,1946.32,0.0349,1,0.4036,0,53,other,0.029144470519987312,588.2821268230975,Flag / decline,0,Known good,0
RETRO-2025-001169,2025-04-20,11500.0,1649.15,0.049,1,0.1369,0,11,car,0.03037616597939685,587.0511455925488,Flag / decline,0,Known good,0
RETRO-2025-001170,2025-03-11,8700.0,1534.37,0.0687,1,0.4275,0,11,debt_consolidation,0.03880385972516524,579.7340519896935,Flag / decline,0,Known good,0
RETRO-2025-001171,2025-01-05,7200.0,-880.04,0.8466,2,0.3987,1,97,major_purchase,0.13774719249104003,540.0446363340515,Flag / decline,0,Known good,0
RETRO-2025-001172,2025-04-18,7300.0,-583.13,0.3811,0,0.457,0,64,car,0.05309005050257407,570.2571524830533,Flag / decline,0,Known good,0
RETRO-2025-001173,2025-01-31,1600.0,-671.75,0.5776,1,0.2049,0,37,home_improvement,0.061980670878194005,565.5174237212403,Flag / decline,4,Known bad,1
RETRO-2025-001174,2025-05-08,7200.0,1371.3,0.0424,1,0.5148,0,37,car,0.03389058449975662,583.7874795061258,Flag / decline,0,Known good,0
RETRO-2025-001175,2025-03-22,4300.0,1412.99,0.0847,2,0.5251,0,73,car,0.03606419813072887,581.9288324939214,Flag / decline,0,Known good,0
RETRO-2025-001176,2025-06-30,2300.0,719.66,0.2491,0,0.4176,0,27,other,0.03351585403551345,584.119485512528,Flag / decline,0,Known good,0
RETRO-2025-001177,2025-05-08,6000.0,1877.13,0.0128,1,0.4839,0,72,car,0.02912246480028906,588.3045753796354,Flag / decline,0,Known good,0
RETRO-2025-001178,2025-02-23,8100.0,-130.88,0.2279,2,0.2413,0,117,car,0.04742765758873664,573.6834389918552,Flag / decline,0,Known good,0
RETRO-2025-001179,2025-02-16,16800.0,2852.79,0.0988,1,0.1916,0,8,debt_consolidation,0.034449346288962915,583.2989448967576,Flag / decline,0,Known good,0
RETRO-2025-001180,2025-02-03,4000.0,1083.14,0.0688,2,0.3649,1,96,debt_consolidation,0.05077446255028371,571.6143951207002,Flag / decline,0,Known good,0
RETRO-2025-001181,2025-03-25,8800.0,4034.0,0.0682,2,0.298,0,33,home_improvement,0.03374258155412015,583.9181827185406,Flag / decline,0,Known good,0
RETRO-2025-001182,2025-06-12,14800.0,1768.19,0.0507,1,0.71,0,63,car,0.03659248883371932,581.4934106649856,Flag / decline,0,Known good,0
RETRO-2025-001183,2025-06-23,8200.0,1062.15,0.0753,0,0.2651,0,55,car,0.023386676325746245,594.8034504521287,Accept,0,Known good,0
RETRO-2025-001184,2025-04-28,10700.0,2943.82,0.0338,0,0.175,0,57,education,0.007709802724030868,627.2813631202157,Accept,0,Known good,0
RETRO-2025-001185,2025-02-11,22800.0,1768.81,0.0446,3,0.2202,0,149,car,0.02796722289844966,589.5067972822116,Flag / decline,0,Known good,0
RETRO-2025-001186,2025-02-04,7600.0,112.46,0.2195,0,0.4636,0,17,car,0.05836108555487522,567.364782587374,Flag / decline,0,Known good,0
RETRO-2025-001187,2025-05-11,6300.0,1151.32,0.1327,0,0.3794,0,88,home_improvement,0.024775490011715327,593.0978539771293,Accept,0,Known good,0
RETRO-2025-001188,2025-03-29,7700.0,1827.26,0.0881,0,0.318,0,34,car,0.026588502032151275,591.0063844280945,Flag / decline,0,Known good,0
RETRO-2025-001189,2025-03-29,8900.0,463.81,0.1648,1,0.1413,0,132,home_improvement,0.022401731568571465,596.0740676694776,Accept,0,Known good,0
RETRO-2025-001190,2025-06-26,4300.0,411.41,0.0681,0,0.3286,0,73,debt_consolidation,0.023392812739715146,594.7956991899267,Accept,0,Known good,0
RETRO-2025-001191,2025-04-09,5700.0,440.28,0.0835,0,0.395,0,32,debt_consolidation,0.028454524880879205,588.9939068085775,Flag / decline,0,Known good,0
RETRO-2025-001192,2025-03-20,15900.0,2463.55,0.0394,3,0.0,0,20,car,0.03215478460806151,585.3562963930916,Flag / decline,0,Known good,0
RETRO-2025-001193,2025-05-25,6000.0,3234.34,0.0375,3,0.6971,0,71,debt_consolidation,0.04570745164870132,574.8014825305866,Flag / decline,7,Known bad,1
RETRO-2025-001194,2025-01-02,8200.0,1224.95,0.1905,2,0.1257,0,63,other,0.0289899282655521,588.4401280315528,Flag / decline,0,Known good,0
RETRO-2025-001195,2025-05-19,6700.0,1631.76,0.042,1,0.0482,0,18,debt_consolidation,0.026129037409659935,591.5229711356243,Flag / decline,0,Known good,0
RETRO-2025-001196,2025-02-07,27300.0,633.48,0.0681,1,0.3371,0,29,home_improvement,0.031138659586285304,586.313105402388,Flag / decline,0,Known good,0
RETRO-2025-001197,2025-02-09,9700.0,965.22,0.0869,0,0.4614,0,47,debt_consolidation,0.0283019981899371,589.1535198558631,Flag / decline,0,Known good,0
RETRO-2025-001198,2025-02-08,11800.0,3648.4,0.0746,0,0.5913,0,31,debt_consolidation,0.033226638475930007,584.3781856627263,Flag / decline,6,Known bad,1
RETRO-2025-001199,2025-01-15,6800.0,652.7,0.1396,1,0.4268,0,64,debt_consolidation,0.03106391936241012,586.3846706796435,Flag / decline,0,Known good,0
RETRO-2025-001200,2025-05-24,6500.0,915.44,0.1773,2,0.2833,0,116,home_improvement,0.02952734204654361,587.8941595303488,Flag / decline,0,Known good,0
RETRO-2025-001201,2025-02-12,5500.0,1234.34,0.1292,0,0.6948,1,47,home_improvement,0.05916024569030282,566.9478576481015,Flag / decline,7,Known bad,1
RETRO-2025-001202,2025-02-13,7100.0,1153.03,0.0375,1,0.1927,0,128,car,0.021393531227161807,597.4325218052833,Accept,0,Known good,0
RETRO-2025-001203,2025-03-20,14000.0,-348.87,0.4991,0,0.439,0,126,debt_consolidation,0.0511509163474168,571.3898092316965,Flag / decline,0,Known good,0
RETRO-2025-001204,2025-04-03,7700.0,770.1,0.0986,0,0.369,0,82,car,0.024245132013770987,593.7379110229421,Accept,0,Known good,0
RETRO-2025-001205,2025-02-24,30000.0,1203.66,0.0908,0,0.4115,0,88,major_purchase,0.024662372618463158,593.2332404198435,Accept,0,Known good,0
RETRO-2025-001206,2025-04-11,5200.0,635.6,0.0635,1,0.2915,0,78,home_improvement,0.025568331925747225,592.1654976571707,Flag / decline,0,Known good,0
RETRO-2025-001207,2025-01-08,17200.0,417.95,0.0301,1,0.2745,1,82,car,0.041437268476531404,577.7603170080072,Flag / decline,0,Known good,0
RETRO-2025-001208,2025-06-13,10800.0,1718.15,0.0738,1,0.5335,0,83,home_improvement,0.03094494015144643,586.4989402503483,Flag / decline,0,Known good,0
RETRO-2025-001209,2025-01-15,5000.0,274.63,0.1556,0,0.3685,0,111,education,0.008853336334948288,623.2575464837988,Accept,0,Known good,0
RETRO-2025-001210,2025-03-10,3300.0,3792.84,0.0091,3,0.3641,0,12,car,0.045330721837326976,575.0516760756509,Flag / decline,0,Known good,0
RETRO-2025-001211,2025-05-20,3600.0,-175.75,0.0451,2,0.2999,0,59,debt_consolidation,0.048600246631699956,572.943198426554,Flag / decline,0,Known good,0
RETRO-2025-001212,2025-02-23,14600.0,-574.9,0.5576,1,0.5172,0,64,home_improvement,0.07144273052381685,561.125511527295,Flag / decline,0,Known good,0
RETRO-2025-001213,2025-03-11,30000.0,706.06,0.0191,1,0.1722,0,175,other,0.019733553689092374,599.8119012311995,Accept,0,Known good,0
RETRO-2025-001214,2025-05-12,7000.0,494.01,0.0496,2,0.6062,0,135,car,0.033998549005215206,583.6924817011159,Flag / decline,0,Known good,0
RETRO-2025-001215,2025-04-29,6400.0,1630.11,0.0778,2,0.0951,0,63,debt_consolidation,0.02607963846944229,591.5790368265097,Flag / decline,0,Known good,0
RETRO-2025-001216,2025-06-12,4700.0,1509.41,0.0532,0,0.2868,0,42,debt_consolidation,0.024451590732799476,593.4871409046793,Accept,0,Known good,0
RETRO-2025-001217,2025-04-08,10400.0,-300.66,0.3637,0,0.5471,0,194,major_purchase,0.04725684563235533,573.79271817424,Flag / decline,0,Known good,0
RETRO-2025-001218,2025-05-07,3000.0,199.1,0.2615,2,0.3262,0,237,other,0.028931710892986042,588.4998603918722,Flag / decline,4,Known bad,1
RETRO-2025-001219,2025-01-30,9100.0,403.3,0.0616,1,0.4702,0,238,home_improvement,0.02460056380026193,593.3074732737122,Accept,0,Known good,0
RETRO-2025-001220,2025-03-26,5300.0,1917.9,0.1759,0,0.0896,0,150,debt_consolidation,0.018569740356120024,601.6000803027371,Accept,0,Known good,0
RETRO-2025-001221,2025-04-15,7500.0,240.35,0.2105,1,0.2072,0,81,other,0.026416787970208973,591.1984227402195,Flag / decline,0,Known good,0
RETRO-2025-001222,2025-02-11,8900.0,1235.18,0.1286,0,0.5491,0,62,car,0.029929443357235293,587.4919228278175,Flag / decline,0,Known good,0
RETRO-2025-001223,2025-03-15,2600.0,1089.39,0.189,3,0.5121,0,131,car,0.03993328014603146,578.8722998757108,Flag / decline,0,Known good,0
RETRO-2025-001224,2025-01-15,5000.0,553.77,0.1185,1,0.3395,0,33,car,0.03169979825776599,585.7810528257385,Flag / decline,0,Known good,0
RETRO-2025-001225,2025-04-29,10200.0,1029.48,0.1315,1,0.0722,0,22,car,0.027544101503066933,589.9592265404345,Flag / decline,0,Known good,0
RETRO-2025-001226,2025-06-10,3200.0,1149.06,0.0169,0,0.3486,0,66,major_purchase,0.023280552160828114,594.937817042606,Accept,0,Known good,0
RETRO-2025-001227,2025-02-20,12100.0,2895.14,0.0498,1,0.2519,0,80,car,0.02442521274583795,593.5190650095388,Accept,0,Known good,0
RETRO-2025-001228,2025-06-14,18800.0,719.19,0.1722,2,0.4563,0,66,debt_consolidation,0.03694217546092574,581.2085100473271,Flag / decline,0,Known good,0
RETRO-2025-001229,2025-06-15,3700.0,1030.74,0.06,3,0.4556,0,69,education,0.014333136440556483,609.1963537968641,Accept,0,Known good,0
RETRO-2025-001230,2025-04-15,9200.0,2966.11,0.0812,1,0.3483,0,80,car,0.02699235754804697,590.559441051305,Flag / decline,0,Known good,0
RETRO-2025-001231,2025-03-24,12700.0,1027.51,0.1128,1,0.3148,0,14,debt_consolidation,0.035334189272930826,582.5407266732853,Flag / decline,0,Known good,0
RETRO-2025-001232,2025-06-23,4600.0,4390.07,0.0419,4,0.378,0,76,car,0.04019179407835526,578.6783414970705,Flag / decline,0,Known good,0
RETRO-2025-001233,2025-05-16,8000.0,1623.23,0.0459,2,0.4254,0,86,debt_consolidation,0.0315670437012405,585.9060984891,Flag / decline,0,Known good,0
RETRO-2025-001234,2025-06-24,6600.0,2650.42,0.0185,1,0.352,0,65,home_improvement,0.02675091159394438,590.8258587629213,Flag / decline,0,Known good,0
RETRO-2025-001235,2025-05-13,5100.0,1665.19,0.0699,1,0.8724,0,23,debt_consolidation,0.0493213810964419,572.4963284114519,Flag / decline,0,Known good,0
RETRO-2025-001236,2025-03-19,4600.0,-774.26,1.1082,1,0.102,1,79,debt_consolidation,0.1206713060809098,544.4292738538264,Flag / decline,0,Known good,0
RETRO-2025-001237,2025-05-04,16900.0,2108.83,0.0757,0,0.1679,0,69,education,0.007662542693608925,627.460152084006,Accept,0,Known good,0
RETRO-2025-001238,2025-05-10,3300.0,1413.91,0.0696,1,0.4738,0,141,home_improvement,0.027011289914637446,590.5386486651137,Flag / decline,0,Known good,0
RETRO-2025-001239,2025-04-16,4500.0,3336.2,0.0271,2,0.3751,0,26,debt_consolidation,0.036151587378358996,581.8563835312939,Flag / decline,0,Known good,0
RETRO-2025-001240,2025-06-03,6600.0,-74.22,0.2257,3,0.1706,0,75,car,0.054673568071894656,569.3608193712142,Flag / decline,0,Known good,0
RETRO-2025-001241,2025-01-29,3900.0,1020.33,0.1059,1,0.0849,0,56,debt_consolidation,0.023560198750851514,594.5850259675393,Accept,0,Known good,0
RETRO-2025-001242,2025-02-16,4700.0,2053.59,0.0416,2,0.4506,0,169,car,0.028802829888633315,588.6325111803285,Flag / decline,0,Known good,0
RETRO-2025-001243,2025-03-20,10600.0,1115.75,0.0905,1,0.3626,0,81,home_improvement,0.027431995253813686,590.0802295268008,Flag / decline,0,Known good,0
RETRO-2025-001244,2025-03-24,1600.0,692.08,0.2159,0,0.1693,0,119,car,0.021168808217229326,597.743838627088,Accept,0,Known good,0
RETRO-2025-001245,2025-06-30,8400.0,4219.08,0.0608,5,0.5525,0,50,debt_consolidation,0.05675179307992947,568.2208676477729,Flag / decline,5,Known bad,1
RETRO-2025-001246,2025-03-04,4600.0,2585.03,0.0588,0,0.4313,1,46,home_improvement,0.046004185200581776,574.6057945369412,Flag / decline,0,Known good,0
RETRO-2025-001247,2025-03-08,12400.0,6623.89,0.0535,0,0.1242,0,40,home_improvement,0.021629489055130204,597.109064797793,Accept,0,Known good,0
RETRO-2025-001248,2025-05-20,12800.0,437.09,0.0735,2,0.3125,0,110,home_improvement,0.028286690902612016,589.169584400181,Flag / decline,0,Known good,0
RETRO-2025-001249,2025-02-13,4200.0,243.7,0.2486,2,0.2978,1,100,major_purchase,0.054331920711952725,569.5521151139476,Flag / decline,0,Known good,0
RETRO-2025-001250,2025-06-01,18800.0,1240.62,0.1322,1,0.321,0,44,debt_consolidation,0.030144235800379383,587.2791991403437,Flag / decline,0,Known good,0
RETRO-2025-001251,2025-05-24,5600.0,453.5,0.1242,2,0.522,1,158,debt_consolidation,0.05516937448412478,569.0852002127451,Flag / decline,0,Known good,0
RETRO-2025-001252,2025-02-02,18000.0,2289.83,0.0869,1,0.2099,0,31,home_improvement,0.02821949497834794,589.2402045281771,Flag / decline,0,Known good,0
RETRO-2025-001253,2025-06-05,16700.0,1142.51,0.058,2,0.5799,0,37,major_purchase,0.041129977380803394,577.9843378804868,Flag / decline,0,Known good,0
RETRO-2025-001254,2025-05-08,17700.0,1005.04,0.0388,1,0.422,0,86,debt_consolidation,0.02744770067582676,590.0632488113522,Flag / decline,0,Known good,0
RETRO-2025-001255,2025-05-28,4500.0,1944.9,0.1136,0,0.3881,0,62,home_improvement,0.026031952984014242,591.6332559437468,Flag / decline,0,Known good,0
RETRO-2025-001256,2025-02-25,8300.0,1877.93,0.0576,1,0.5532,0,58,major_purchase,0.03289919296773166,584.6737197890964,Flag / decline,0,Known good,0
RETRO-2025-001257,2025-03-25,3900.0,3075.11,0.0535,1,0.3167,0,2,home_improvement,0.04393019244103743,575.9995009279642,Flag / decline,0,Known good,0
RETRO-2025-001258,2025-05-12,13500.0,-705.91,0.6995,1,0.0886,0,34,debt_consolidation,0.062480341742274126,565.2703700485087,Flag / decline,0,Known good,0
RETRO-2025-001259,2025-03-07,4400.0,318.24,0.2003,1,0.3749,0,43,home_improvement,0.033164719966654134,584.4338535842555,Flag / decline,0,Known good,0
RETRO-2025-001260,2025-02-03,9500.0,1061.36,0.0755,2,0.8899,0,53,debt_consolidation,0.05021753279931951,571.9495575864808,Flag / decline,0,Known good,0
RETRO-2025-001261,2025-06-28,12100.0,1581.31,0.028,0,0.3632,0,42,major_purchase,0.025526618563608636,592.2138448376953,Flag / decline,0,Known good,0
RETRO-2025-001262,2025-05-23,9400.0,923.76,0.0962,0,0.18,0,39,major_purchase,0.02342765665828242,594.751723398238,Accept,0,Known good,0
RETRO-2025-001263,2025-05-03,16100.0,-66.74,0.3559,1,0.1122,0,99,debt_consolidation,0.042310677436673105,577.1321567453076,Flag / decline,0,Known good,0
RETRO-2025-001264,2025-01-31,13900.0,1395.75,0.1399,0,0.2087,0,5,home_improvement,0.033671302606493134,583.9813275423577,Flag / decline,0,Known good,0
RETRO-2025-001265,2025-02-02,7000.0,328.19,0.0945,0,0.4908,0,44,major_purchase,0.02944042582420149,587.9818027327002,Flag / decline,0,Known good,0
RETRO-2025-001266,2025-01-01,4900.0,723.37,0.1289,2,0.6725,0,54,education,0.016351686400981617,605.3355013835908,Accept,0,Known good,0
RETRO-2025-001267,2025-04-07,6100.0,541.15,0.0695,0,0.6695,0,30,debt_consolidation,0.03540758294754612,582.478660208146,Flag / decline,0,Known good,0
RETRO-2025-001268,2025-03-28,14700.0,245.34,0.1588,1,0.3108,0,43,home_improvement,0.030589048854841608,586.8433007481239,Flag / decline,4,Known bad,1
RETRO-2025-001269,2025-01-30,30000.0,2148.26,0.0119,0,0.4101,0,24,car,0.028613023919896733,588.8289214810088,Flag / decline,0,Known good,0
RETRO-2025-001270,2025-04-02,3300.0,295.0,0.1736,2,0.1296,0,45,debt_consolidation,0.03031008030551503,587.1159543451549,Flag / decline,0,Known good,0
RETRO-2025-001271,2025-04-07,4500.0,138.59,0.2274,0,0.6309,0,33,debt_consolidation,0.06043288336103347,566.2946870012471,Flag / decline,0,Known good,0
RETRO-2025-001272,2025-01-30,9200.0,4350.43,0.0545,1,0.1809,0,43,debt_consolidation,0.025574330101773596,592.1585518878416,Flag / decline,0,Known good,0
RETRO-2025-001273,2025-04-14,16700.0,320.78,0.286,0,0.1985,0,162,home_improvement,0.021689082138016475,597.0279189316141,Accept,3,Known bad,1
RETRO-2025-001274,2025-03-28,4500.0,1644.5,0.0775,1,0.7617,0,48,debt_consolidation,0.04055978081687703,578.4042993352076,Flag / decline,0,Known good,0
RETRO-2025-001275,2025-03-12,1100.0,1514.44,0.0579,0,0.8977,0,46,home_improvement,0.03934222148880776,579.3203212802379,Flag / decline,0,Known good,0
RETRO-2025-001276,2025-06-15,5700.0,1605.5,0.0349,1,0.2967,0,32,car,0.02898772569990749,588.442385795461,Flag / decline,0,Known good,0
RETRO-2025-001277,2025-05-19,5300.0,-141.19,0.1794,1,0.3934,0,96,home_improvement,0.04679256972659711,574.0916528516084,Flag / decline,0,Known good,0
RETRO-2025-001278,2025-06-02,4600.0,77.66,0.289,1,0.4677,0,192,car,0.048028833602133406,573.301780197693,Flag / decline,0,Known good,0
RETRO-2025-001279,2025-02-28,10500.0,3670.0,0.0275,1,0.3614,0,34,home_improvement,0.03007305459542105,587.349531593255,Flag / decline,0,Known good,0
RETRO-2025-001280,2025-01-18,3000.0,689.03,0.0948,2,0.2777,0,25,car,0.035339812998931165,582.5359664932666,Flag / decline,0,Known good,0
RETRO-2025-001281,2025-02-28,2300.0,-783.48,0.2907,1,0.4933,0,49,other,0.06073636504505269,566.140829813252,Flag / decline,0,Known good,0
RETRO-2025-001282,2025-04-22,6100.0,-934.12,0.1706,1,0.2271,0,10,car,0.05768325764328659,567.7226267825815,Flag / decline,0,Known good,0
RETRO-2025-001283,2025-05-03,5100.0,519.87,0.0354,2,0.6467,1,39,debt_consolidation,0.07088560758659947,561.3687080112229,Flag / decline,0,Known good,0
RETRO-2025-001284,2025-01-14,9700.0,704.73,0.1839,2,0.9183,0,124,debt_consolidation,0.04850167343395784,573.0047699880616,Flag / decline,0,Known good,0
RETRO-2025-001285,2025-06-08,12000.0,434.88,0.3318,1,0.3816,0,57,debt_consolidation,0.035037968374121375,582.7924991617642,Flag / decline,0,Known good,0
RETRO-2025-001286,2025-04-16,7300.0,-434.82,0.4212,2,0.2276,0,7,debt_consolidation,0.08182878562072714,556.8845333219992,Flag / decline,0,Known good,0
RETRO-2025-001287,2025-01-05,4100.0,833.15,0.2112,2,0.7212,0,91,car,0.044488805440327225,575.6180463836854,Flag / decline,0,Known good,0
RETRO-2025-001288,2025-03-13,5500.0,445.68,0.0286,0,0.5365,0,16,debt_consolidation,0.034091059179029035,583.6113133978956,Flag / decline,0,Known good,0
RETRO-2025-001289,2025-04-29,1600.0,2668.73,0.099,3,0.5736,0,126,debt_consolidation,0.03956124325946656,579.1535552386491,Flag / decline,0,Known good,0
RETRO-2025-001290,2025-01-06,25500.0,-40.74,0.3439,5,0.5088,1,89,major_purchase,0.15520965750427984,536.0103764843896,Flag / decline,0,Known good,0
RETRO-2025-001291,2025-06-14,8500.0,663.64,0.1059,1,0.4015,0,49,debt_consolidation,0.031005686721148482,586.4405452214767,Flag / decline,0,Known good,0
RETRO-2025-001292,2025-03-20,9400.0,203.43,0.3965,0,0.3649,0,47,car,0.03274384343458275,584.8149247580559,Flag / decline,0,Known good,0
RETRO-2025-001293,2025-05-02,10200.0,123.43,0.2932,1,0.5827,0,23,major_purchase,0.0730712051836535,560.4245484078327,Flag / decline,0,Known good,0
RETRO-2025-001294,2025-02-10,13600.0,-133.03,0.4813,3,0.5659,0,48,debt_consolidation,0.09431718800882706,552.3911415475243,Flag / decline,0,Known good,0
RETRO-2025-001295,2025-01-16,1700.0,359.03,0.0638,1,0.5686,0,38,debt_consolidation,0.03576508689054821,582.1780925300775,Flag / decline,0,Known good,0
RETRO-2025-001296,2025-02-26,5800.0,359.63,0.1723,0,0.2012,0,60,education,0.008648828293349153,623.9378301175101,Accept,0,Known good,0
RETRO-2025-001297,2025-03-30,4400.0,1092.61,0.0525,0,0.6665,0,123,debt_consolidation,0.027876888128645555,589.602828264082,Flag / decline,0,Known good,0
RETRO-2025-001298,2025-06-06,3700.0,4083.34,0.0749,1,0.673,0,18,major_purchase,0.04393906212377533,575.9934081116346,Flag / decline,0,Known good,0
RETRO-2025-001299,2025-03-26,6000.0,-474.25,0.7261,1,0.1643,0,52,major_purchase,0.06322245031484093,564.9068291117901,Flag / decline,0,Known good,0
RETRO-2025-001300,2025-02-05,3800.0,2300.65,0.0074,1,0.1081,0,26,debt_consolidation,0.025248675982671828,592.5379675624049,Flag / decline,0,Known good,0
RETRO-2025-001301,2025-05-20,10800.0,2432.82,0.0615,2,0.1143,0,100,debt_consolidation,0.024297727393271712,593.6738302247518,Accept,0,Known good,0
RETRO-2025-001302,2025-05-08,7100.0,1226.92,0.0918,2,0.0602,0,83,debt_consolidation,0.02450755553209258,593.4195202359178,Accept,0,Known good,0
RETRO-2025-001303,2025-03-17,14500.0,2054.01,0.0617,3,0.4289,0,152,debt_consolidation,0.033331393367751226,584.2842333288681,Flag / decline,0,Known good,0
RETRO-2025-001304,2025-06-18,5800.0,177.82,0.4096,0,0.1496,0,38,debt_consolidation,0.02879441041388392,588.6411969551492,Flag / decline,0,Known good,0
RETRO-2025-001305,2025-04-29,1400.0,7251.34,0.0224,3,0.4441,0,19,debt_consolidation,0.04548756335835749,574.9472748926415,Flag / decline,0,Known good,0
RETRO-2025-001306,2025-04-04,23500.0,209.99,0.1221,2,0.0448,0,127,major_purchase,0.023099351222212187,595.1686283992358,Accept,0,Known good,0
RETRO-2025-001307,2025-02-21,6600.0,243.4,0.1021,1,0.6288,0,26,major_purchase,0.0408968258584963,578.1553809898356,Flag / decline,0,Known good,0
RETRO-2025-001308,2025-04-02,13100.0,2536.93,0.0298,1,0.6147,0,82,debt_consolidation,0.03204692702963332,585.4564597517344,Flag / decline,0,Known good,0
RETRO-2025-001309,2025-01-02,8500.0,596.82,0.0847,0,0.1151,0,16,car,0.02535875311567651,592.4091874732993,Flag / decline,0,Known good,0
RETRO-2025-001310,2025-02-02,5200.0,2823.96,0.0505,1,0.2585,0,75,home_improvement,0.024823949753474572,593.0400383591524,Accept,0,Known good,0
RETRO-2025-001311,2025-03-14,10300.0,3964.44,0.0401,1,0.308,0,60,debt_consolidation,0.02656973147508112,591.0273178636579,Flag / decline,0,Known good,0
RETRO-2025-001312,2025-01-27,30000.0,3394.08,0.0398,1,0.3653,0,48,car,0.028817702891809713,588.6171737763117,Flag / decline,0,Known good,0
RETRO-2025-001313,2025-02-02,5400.0,985.31,0.0381,0,0.3271,0,109,major_purchase,0.021427080203575328,597.3863198463793,Accept,0,Known good,0
RETRO-2025-001314,2025-03-26,4100.0,233.62,0.18,0,0.147,0,68,major_purchase,0.02217714973090787,596.3714213253725,Accept,0,Known good,0
RETRO-2025-001315,2025-02-07,3700.0,-416.09,0.3512,1,0.3465,0,14,car,0.06830335176948132,562.5195166486159,Flag / decline,0,Known good,0
RETRO-2025-001316,2025-01-08,11000.0,477.52,0.1576,2,0.6113,0,14,debt_consolidation,0.052458319306973214,570.6217945009989,Flag / decline,0,Known good,0
RETRO-2025-001317,2025-04-14,5500.0,835.84,0.0861,1,0.7406,1,31,debt_consolidation,0.07195605293034389,560.9029795777024,Flag / decline,0,Known good,0
RETRO-2025-001318,2025-06-08,7400.0,1575.97,0.0764,1,0.3644,0,97,debt_consolidation,0.026415864391986323,591.1994589138067,Flag / decline,0,Known good,0
RETRO-2025-001319,2025-05-26,2800.0,1101.08,0.0472,0,0.6163,0,89,debt_consolidation,0.028104796448422818,589.3611259978974,Flag / decline,0,Known good,0
RETRO-2025-001320,2025-05-08,5800.0,824.51,0.0529,0,0.6011,0,44,debt_consolidation,0.031199214988157965,586.2552441928788,Flag / decline,0,Known good,0
RETRO-2025-001321,2025-05-12,5100.0,5116.23,0.0292,0,0.3103,0,116,car,0.020792002748778605,598.2731703223416,Accept,0,Known good,0
RETRO-2025-001322,2025-04-07,4600.0,1281.79,0.175,1,0.7465,2,37,education,0.0481758184704996,573.2091567077006,Flag / decline,0,Known good,0
RETRO-2025-001323,2025-06-11,12500.0,2018.1,0.0618,0,0.7578,0,71,debt_consolidation,0.03296471318840865,584.6143582021334,Flag / decline,0,Known good,0
RETRO-2025-001324,2025-04-13,2900.0,953.54,0.0835,2,0.3541,0,65,debt_consolidation,0.03204317202058297,585.4599527585317,Flag / decline,0,Known good,0
RETRO-2025-001325,2025-04-13,9100.0,444.96,0.0917,2,0.1721,0,54,debt_consolidation,0.028715084736830692,588.7231528357886,Flag / decline,0,Known good,0
RETRO-2025-001326,2025-06-24,7900.0,2711.83,0.0865,1,0.2313,0,64,debt_consolidation,0.0255728089984719,592.1603131452687,Flag / decline,0,Known good,0
RETRO-2025-001327,2025-03-28,3400.0,1261.37,0.0634,0,0.2294,0,75,major_purchase,0.021432539236178064,597.3788086359655,Accept,0,Known good,0
RETRO-2025-001328,2025-01-24,7000.0,1231.7,0.1247,0,0.2973,0,137,major_purchase,0.02146544863685692,597.3335674275029,Accept,0,Known good,0
RETRO-2025-001329,2025-05-13,13600.0,-784.73,0.5085,1,0.419,0,21,car,0.07580498059999978,559.2795315830781,Flag / decline,0,Known good,0
RETRO-2025-001330,2025-05-09,17700.0,1161.07,0.0711,2,0.6133,0,61,debt_consolidation,0.039403611989874306,579.2734881288709,Flag / decline,0,Known good,0
RETRO-2025-001331,2025-03-29,3000.0,1807.75,0.0964,0,0.4991,0,15,debt_consolidation,0.03508233227685123,582.754661846028,Flag / decline,0,Known good,0
RETRO-2025-001332,2025-01-02,3200.0,2114.42,0.0575,0,0.078,0,19,debt_consolidation,0.02350367818651796,594.655999346328,Accept,0,Known good,0
RETRO-2025-001333,2025-01-10,26000.0,3075.84,0.0982,0,0.3464,1,49,home_improvement,0.04381995990984702,576.0753206189673,Flag / decline,0,Known good,0
RETRO-2025-001334,2025-06-04,4600.0,-487.06,0.2908,2,0.0,0,163,home_improvement,0.03891178407409763,579.6506727076885,Flag / decline,0,Known good,0
RETRO-2025-001335,2025-01-06,10700.0,367.39,0.2004,4,0.8355,0,259,car,0.05301369906257296,570.3010050392219,Flag / decline,0,Known good,0
RETRO-2025-001336,2025-04-12,16800.0,1617.05,0.1167,2,0.7828,0,42,debt_consolidation,0.04929970879450584,572.5096676520217,Flag / decline,0,Known good,0
RETRO-2025-001337,2025-03-22,4700.0,2982.46,0.0286,0,0.5172,0,127,car,0.024185868099585686,593.8102792146676,Accept,0,Known good,0
RETRO-2025-001338,2025-02-08,7300.0,1277.38,0.1235,3,0.5255,1,64,car,0.07224926201391649,560.7765259455631,Flag / decline,0,Known good,0
RETRO-2025-001339,2025-06-28,3100.0,1001.79,0.0321,1,0.2293,0,136,debt_consolidation,0.021731707643983918,596.9700108661896,Accept,0,Known good,0
RETRO-2025-001340,2025-01-20,10000.0,997.06,0.11,1,0.1409,0,26,home_improvement,0.027914233035908422,589.5630919149141,Flag / decline,0,Known good,0
RETRO-2025-001341,2025-03-19,6500.0,3172.22,0.0525,3,0.4307,0,25,debt_consolidation,0.04409461661734131,575.8867439729341,Flag / decline,0,Known good,0
RETRO-2025-001342,2025-05-21,8400.0,1437.35,0.0687,1,0.3502,0,184,home_improvement,0.023415493495807217,594.7670670180623,Accept,0,Known good,0
RETRO-2025-001343,2025-01-01,4300.0,1765.11,0.0453,4,0.7444,0,45,car,0.05824474987835831,567.4259212699204,Flag / decline,0,Known good,0
RETRO-2025-001344,2025-02-13,4500.0,386.77,0.0847,0,0.2927,0,45,home_improvement,0.02485910628794381,592.998163133602,Accept,0,Known good,0
RETRO-2025-001345,2025-03-01,6000.0,942.19,0.1039,3,0.273,0,73,debt_consolidation,0.034132401186831196,583.575108651401,Flag / decline,0,Known good,0
RETRO-2025-001346,2025-03-09,5500.0,2565.78,0.1031,2,0.5471,0,58,car,0.038564379646368704,579.9198651310187,Flag / decline,0,Known good,0
RETRO-2025-001347,2025-02-20,5800.0,2571.94,0.0179,2,0.2597,0,87,home_improvement,0.027053430137439386,590.4924191765892,Flag / decline,0,Known good,0
RETRO-2025-001348,2025-06-02,1400.0,-242.79,0.2269,0,0.3204,0,31,debt_consolidation,0.047904428229079504,573.3803856222952,Flag / decline,0,Known good,0
RETRO-2025-001349,2025-04-29,26500.0,1503.27,0.0203,1,0.3763,0,22,other,0.03240596088760956,585.1242914767043,Flag / decline,0,Known good,0
RETRO-2025-001350,2025-06-05,10000.0,253.16,0.1522,1,0.3149,0,126,debt_consolidation,0.025709953798706536,592.0019242826909,Flag / decline,0,Known good,0
RETRO-2025-001351,2025-02-11,11200.0,1633.89,0.0202,0,0.3922,0,114,debt_consolidation,0.02212615828771818,596.4393454986135,Accept,5,Known bad,1
RETRO-2025-001352,2025-01-26,5300.0,1143.78,0.1192,2,0.261,0,93,debt_consolidation,0.028823634332649672,588.6110592719909,Flag / decline,0,Known good,0
RETRO-2025-001353,2025-05-03,12700.0,1168.68,0.1401,1,0.5152,0,12,debt_consolidation,0.04319206202072762,576.5107014048185,Flag / decline,0,Known good,0
RETRO-2025-001354,2025-05-29,7200.0,341.28,0.0305,1,0.6873,0,126,car,0.031710311653796286,585.7711715871042,Flag / decline,0,Known good,0
RETRO-2025-001355,2025-06-07,10700.0,5235.4,0.0604,0,0.471,1,16,car,0.055827880038536795,568.7227202905216,Flag / decline,0,Known good,0
RETRO-2025-001356,2025-04-06,13000.0,1290.46,0.0834,0,0.5175,0,82,home_improvement,0.027010296432822233,590.5397393997305,Flag / decline,0,Known good,0
RETRO-2025-001357,2025-05-11,6300.0,1471.47,0.0286,1,0.2217,0,150,major_purchase,0.021204085938346676,597.6947538244781,Accept,0,Known good,0
RETRO-2025-001358,2025-06-10,3100.0,2160.84,0.0835,2,0.3903,0,11,education,0.016173089222772347,605.6576229716632,Accept,0,Known good,0
RETRO-2025-001359,2025-02-26,3100.0,-729.2,0.2413,0,0.0932,0,58,debt_consolidation,0.03668831109785806,581.4150816678612,Flag / decline,0,Known good,0
RETRO-2025-001360,2025-06-17,14600.0,1577.01,0.1102,1,0.2833,0,53,home_improvement,0.027950578110427088,589.5244689728082,Flag / decline,0,Known good,0
RETRO-2025-001361,2025-03-28,8600.0,1687.79,0.0474,1,0.6205,0,24,car,0.039563200475558453,579.1520689833915,Flag / decline,0,Known good,0
RETRO-2025-001362,2025-03-14,3900.0,3446.65,0.0038,1,0.3785,1,145,car,0.04032248593880703,578.5807401901257,Flag / decline,0,Known good,0
RETRO-2025-001363,2025-06-09,6800.0,686.6,0.076,1,0.3453,0,31,car,0.031193386942248158,586.2608082119536,Flag / decline,0,Known good,0
RETRO-2025-001364,2025-01-12,7000.0,672.0,0.0575,1,0.4068,0,15,car,0.03615554970735106,581.853102608184,Flag / decline,0,Known good,0
RETRO-2025-001365,2025-03-10,7700.0,1723.04,0.1272,0,0.2853,0,30,debt_consolidation,0.027174855458048448,590.359601239498,Flag / decline,0,Known good,0
RETRO-2025-001366,2025-03-16,9800.0,-548.25,0.1116,1,0.439,0,63,car,0.049388911994989265,572.454798942256,Flag / decline,0,Known good,0
RETRO-2025-001367,2025-06-21,7400.0,1515.32,0.0321,3,0.2037,0,87,debt_consolidation,0.029828204665103237,587.5926999561627,Flag / decline,0,Known good,0
RETRO-2025-001368,2025-05-11,3400.0,715.71,0.0856,1,0.3462,1,77,car,0.04605711668239609,574.5710139349266,Flag / decline,0,Known good,0
RETRO-2025-001369,2025-05-06,10300.0,1768.96,0.105,1,0.2475,0,86,debt_consolidation,0.025037579338060247,592.7864685927701,Flag / decline,0,Known good,0
RETRO-2025-001370,2025-02-13,5200.0,1440.13,0.0389,2,0.4102,0,47,home_improvement,0.03416441739384765,583.5470999117108,Flag / decline,0,Known good,0
RETRO-2025-001371,2025-06-21,2400.0,959.26,0.045,3,0.4679,0,48,major_purchase,0.04080578399645872,578.2224240708535,Flag / decline,0,Known good,0
RETRO-2025-001372,2025-05-12,7500.0,808.1,0.0395,1,0.6949,0,48,debt_consolidation,0.03744559558499565,580.8028790818071,Flag / decline,0,Known good,0
RETRO-2025-001373,2025-04-12,5300.0,1508.59,0.0513,3,0.1907,0,40,other,0.03387087572165315,583.8048527430103,Flag / decline,5,Known bad,1
RETRO-2025-001374,2025-03-30,11600.0,1008.64,0.0916,0,0.3995,0,56,debt_consolidation,0.026281261327756468,591.3508498795513,Flag / decline,0,Known good,0
RETRO-2025-001375,2025-04-04,14500.0,2360.3,0.0646,1,0.6197,0,129,home_improvement,0.030677069330652458,586.7577724238893,Flag / decline,0,Known good,0
RETRO-2025-001376,2025-05-25,4500.0,176.12,0.2943,2,0.4716,0,50,debt_consolidation,0.042617006488603636,576.914776508489,Flag / decline,0,Known good,0
RETRO-2025-001377,2025-06-29,4300.0,-369.06,0.6098,1,0.0282,0,55,debt_consolidation,0.051995168073251254,570.8917751638919,Flag / decline,0,Known good,0
RETRO-2025-001378,2025-02-03,1800.0,585.99,0.1939,2,0.466,0,26,home_improvement,0.04374289439745733,576.128435672439,Flag / decline,0,Known good,0
RETRO-2025-001379,2025-04-28,10300.0,639.7,0.1346,1,0.2776,0,44,major_purchase,0.02916852433611312,588.2576077546546,Flag / decline,0,Known good,0
RETRO-2025-001380,2025-02-21,11600.0,3618.55,0.0298,2,0.0759,0,110,debt_consolidation,0.02267266470052134,595.7191957767386,Accept,0,Known good,0
RETRO-2025-001381,2025-06-17,10400.0,3042.81,0.0411,2,0.2897,0,69,other,0.029245082917509983,588.1796987064197,Flag / decline,0,Known good,0
RETRO-2025-001382,2025-06-10,4700.0,831.35,0.0513,0,0.318,0,80,major_purchase,0.022577778440331195,595.8430054330338,Accept,0,Known good,0
RETRO-2025-001383,2025-05-01,9600.0,1376.73,0.0797,1,0.5002,2,53,car,0.091065234615115,553.5069653930524,Flag / decline,0,Known good,0
RETRO-2025-001384,2025-04-16,6200.0,-157.6,0.5764,3,0.199,0,47,debt_consolidation,0.07658106636887926,558.9613893830756,Flag / decline,0,Known good,0
RETRO-2025-001385,2025-03-08,13200.0,858.16,0.0592,1,0.1568,0,33,home_improvement,0.02625035609717474,591.385716140371,Flag / decline,0,Known good,0
RETRO-2025-001386,2025-06-27,16400.0,917.76,0.0763,0,0.234,0,43,debt_consolidation,0.023743215363139343,594.3563450637595,Accept,0,Known good,0
RETRO-2025-001387,2025-04-18,5300.0,313.65,0.0299,0,0.212,1,50,car,0.037421517571831805,580.8221602519764,Flag / decline,0,Known good,0
RETRO-2025-001388,2025-06-04,5400.0,1246.95,0.0969,0,0.1274,0,63,education,0.007642878750837508,627.5348651207128,Accept,0,Known good,0
RETRO-2025-001389,2025-06-03,23400.0,31.38,0.117,1,0.5998,0,203,car,0.0467531113304395,574.1171889083431,Flag / decline,0,Known good,0
RETRO-2025-001390,2025-06-11,30000.0,6892.14,0.0152,0,0.6311,1,32,home_improvement,0.05515699324882803,569.0920545012667,Flag / decline,0,Known good,0
RETRO-2025-001391,2025-02-16,7200.0,592.77,0.0719,1,0.9169,0,143,home_improvement,0.038406389235235094,580.0430575919763,Flag / decline,0,Known good,0
RETRO-2025-001392,2025-06-10,5600.0,251.43,0.1364,2,0.403,0,150,home_improvement,0.030264751372844127,587.1604866172985,Flag / decline,0,Known good,0
RETRO-2025-001393,2025-01-13,3600.0,2144.55,0.0479,0,0.2042,0,44,car,0.022626095804576148,595.7798965062058,Accept,0,Known good,0
RETRO-2025-001394,2025-06-27,4800.0,840.52,0.125,3,0.3727,0,56,debt_consolidation,0.039109785014514294,579.4982781403606,Flag / decline,0,Known good,0
RETRO-2025-001395,2025-01-02,1900.0,462.81,0.1072,1,0.1695,0,54,other,0.025385936469204905,592.3774692922696,Flag / decline,0,Known good,0
RETRO-2025-001396,2025-05-11,20300.0,449.7,0.0809,2,0.7523,1,71,education,0.027499535277309584,590.0072721261088,Flag / decline,0,Known good,0
RETRO-2025-001397,2025-04-09,3000.0,983.23,0.2143,1,0.4592,0,6,debt_consolidation,0.048088805266513254,573.2639561957315,Flag / decline,0,Known good,0
RETRO-2025-001398,2025-06-14,17100.0,2262.21,0.0246,1,0.2063,0,86,debt_consolidation,0.022852928980373347,595.4853708449981,Accept,0,Known good,0
RETRO-2025-001399,2025-04-26,2700.0,65.94,0.0809,1,0.3904,0,61,other,0.04676104717346504,574.1120514697825,Flag / decline,0,Known good,0
RETRO-2025-001400,2025-03-17,30000.0,977.89,0.0198,2,0.5718,0,32,home_improvement,0.04068221241344894,578.3136514703237,Flag / decline,0,Known good,0
RETRO-2025-001401,2025-03-17,1000.0,3982.11,0.0626,2,0.5755,0,67,car,0.03745157330548301,580.7980940944302,Flag / decline,0,Known good,0
RETRO-2025-001402,2025-04-29,4300.0,1209.07,0.1212,1,0.2404,1,90,debt_consolidation,0.042407836542376925,577.0630473207094,Flag / decline,0,Known good,0
RETRO-2025-001403,2025-04-24,10100.0,1086.29,0.0762,0,0.7138,0,86,debt_consolidation,0.031190876710401043,586.2632050332513,Flag / decline,0,Known good,0
RETRO-2025-001404,2025-02-10,8100.0,2715.37,0.0151,1,0.473,0,95,home_improvement,0.027659180287075362,589.8355118445172,Flag / decline,0,Known good,0
RETRO-2025-001405,2025-04-27,5700.0,362.35,0.2845,2,0.5364,0,94,car,0.04031209803259398,578.5884868329689,Flag / decline,0,Known good,0
RETRO-2025-001406,2025-03-23,4400.0,1653.14,0.1332,3,0.8053,0,39,major_purchase,0.058390940624919195,567.3491110827863,Flag / decline,0,Known good,0
RETRO-2025-001407,2025-03-24,5800.0,1948.07,0.0219,2,0.2489,0,5,major_purchase,0.04151371600733872,577.704832294928,Flag / decline,0,Known good,0
RETRO-2025-001408,2025-05-06,9200.0,2442.82,0.0191,0,0.545,0,84,home_improvement,0.026256543149010495,591.3787329162182,Flag / decline,0,Known good,0
RETRO-2025-001409,2025-01-13,5600.0,2609.07,0.0276,2,0.3634,0,45,debt_consolidation,0.03287668688743685,584.6941367428668,Flag / decline,0,Known good,0
RETRO-2025-001410,2025-06-19,10400.0,907.13,0.1544,0,0.5564,0,72,car,0.029944255589358003,587.47720583929,Flag / decline,0,Known good,0
RETRO-2025-001411,2025-06-30,7500.0,508.48,0.105,2,0.1165,0,22,home_improvement,0.031945488976648596,585.5509594064007,Flag / decline,0,Known good,0
RETRO-2025-001412,2025-03-01,4700.0,-4.64,0.2409,2,0.7885,0,49,education,0.03193549034679658,585.5602898309126,Flag / decline,0,Known good,0
RETRO-2025-001413,2025-05-05,9900.0,-392.24,0.0872,1,0.1089,0,13,education,0.017851922567550534,602.7586601123485,Accept,0,Known good,0
RETRO-2025-001414,2025-01-23,5400.0,1349.41,0.102,1,0.2951,0,73,major_purchase,0.02664780927588498,590.9403377090052,Flag / decline,0,Known good,0
RETRO-2025-001415,2025-02-24,8900.0,1088.49,0.3478,0,0.4882,0,69,car,0.03281254728754006,584.752396739898,Flag / decline,0,Known good,0
RETRO-2025-001416,2025-01-02,9700.0,759.16,0.0107,1,0.5015,0,27,major_purchase,0.034438636276284317,583.3082367765222,Flag / decline,0,Known good,0
RETRO-2025-001417,2025-04-22,6800.0,1469.45,0.1281,2,0.6582,0,134,debt_consolidation,0.03752123502273577,580.7423860164239,Flag / decline,0,Known good,0
RETRO-2025-001418,2025-03-17,3100.0,16.02,0.1288,4,0.3332,0,69,car,0.06669691224201148,563.2559520178761,Flag / decline,0,Known good,0
RETRO-2025-001419,2025-06-10,4300.0,3083.09,0.0189,0,0.3605,0,52,car,0.024456149816941636,593.4816266511585,Accept,0,Known good,0
RETRO-2025-001420,2025-04-21,10200.0,2079.51,0.1738,3,0.4617,0,46,major_purchase,0.04479493421876647,575.4109360642109,Flag / decline,0,Known good,0
RETRO-2025-001421,2025-05-22,6700.0,3731.84,0.0228,1,0.2784,0,160,car,0.02186995122929907,596.7829639125391,Accept,0,Known good,0
RETRO-2025-001422,2025-06-15,20300.0,1085.16,0.1309,1,0.7513,0,89,debt_consolidation,0.03789973695253568,580.4414263763825,Flag / decline,0,Known good,0
RETRO-2025-001423,2025-02-18,3600.0,343.18,0.0875,0,0.2456,0,80,debt_consolidation,0.02186778428209205,596.7858869170491,Accept,0,Known good,0
RETRO-2025-001424,2025-03-11,13300.0,1555.32,0.0777,1,0.3819,0,55,car,0.029366860448130694,588.0561796910529,Flag / decline,0,Known good,0
RETRO-2025-001425,2025-05-28,7600.0,-182.79,0.1449,3,0.6194,0,29,major_purchase,0.08427803528963047,555.9564970160468,Flag / decline,0,Known good,0
RETRO-2025-001426,2025-02-26,7200.0,-448.07,0.4802,0,0.2589,0,42,car,0.05207973755202001,570.8423086767799,Flag / decline,0,Known good,0
RETRO-2025-001427,2025-06-20,6000.0,1903.05,0.0316,2,0.3046,0,60,debt_consolidation,0.030056912837862222,587.3655033156658,Flag / decline,0,Known good,0
RETRO-2025-001428,2025-01-01,5700.0,746.92,0.0707,1,0.4604,1,143,education,0.016869469983415583,604.4208046786546,Accept,0,Known good,0
RETRO-2025-001429,2025-03-26,5600.0,-408.22,0.3166,1,0.7028,0,30,debt_consolidation,0.07819596836916916,558.308755113898,Flag / decline,0,Known good,0
RETRO-2025-001430,2025-03-28,12700.0,3111.14,0.1199,2,0.2569,0,37,debt_consolidation,0.033287894525817985,584.3232118100655,Flag / decline,0,Known good,0
RETRO-2025-001431,2025-01-19,12200.0,648.06,0.2042,2,0.5033,0,44,debt_consolidation,0.04181423946305376,577.4876591252059,Flag / decline,0,Known good,0
RETRO-2025-001432,2025-06-26,8100.0,2089.67,0.036,2,0.3526,0,141,car,0.027312851621313954,590.2093562737032,Flag / decline,0,Known good,0
RETRO-2025-001433,2025-03-07,2900.0,3061.2,0.0693,1,0.6312,0,89,debt_consolidation,0.0329695678844814,584.6099643638295,Flag / decline,0,Known good,0
RETRO-2025-001434,2025-03-05,10800.0,2723.46,0.0775,1,0.5068,0,121,home_improvement,0.028588863844578895,588.8540128756157,Flag / decline,0,Known good,0
RETRO-2025-001435,2025-03-20,12100.0,539.2,0.0587,0,0.154,0,58,home_improvement,0.020952321689866372,598.0468181737767,Accept,0,Known good,0
RETRO-2025-001436,2025-01-26,3300.0,-30.93,0.4134,1,0.3855,0,60,home_improvement,0.058999588970214546,567.0312470897248,Flag / decline,0,Known good,0
RETRO-2025-001437,2025-06-22,16800.0,-451.41,0.2437,0,0.37,0,147,home_improvement,0.03945630094230918,579.233348918511,Flag / decline,0,Known good,0
RETRO-2025-001438,2025-06-02,5500.0,977.3,0.1216,2,0.243,0,59,debt_consolidation,0.03061244466936369,586.8205441144171,Flag / decline,0,Known good,0
RETRO-2025-001439,2025-01-30,5700.0,1975.06,0.0781,1,0.271,0,61,home_improvement,0.026441997476790383,591.1701534910367,Flag / decline,0,Known good,0
RETRO-2025-001440,2025-05-18,10700.0,280.6,0.216,0,0.063,0,34,home_improvement,0.023773441307154558,594.3187430379143,Accept,0,Known good,0
RETRO-2025-001441,2025-03-16,8700.0,868.7,0.1493,3,0.2188,1,23,debt_consolidation,0.06791932403307083,562.6940927379136,Flag / decline,0,Known good,0
RETRO-2025-001442,2025-03-15,12600.0,-90.01,0.5933,3,0.4377,0,62,major_purchase,0.08896213327647981,554.2478308276444,Flag / decline,3,Known bad,1
RETRO-2025-001443,2025-05-12,2800.0,3699.24,0.012,1,0.2663,0,6,debt_consolidation,0.03577215099268701,582.1721826581085,Flag / decline,0,Known good,0
RETRO-2025-001444,2025-06-19,4600.0,697.69,0.0653,1,0.1101,0,17,debt_consolidation,0.028167942007023765,589.2944953346095,Flag / decline,0,Known good,0
RETRO-2025-001445,2025-04-27,17000.0,-51.33,0.7643,1,0.1356,0,33,home_improvement,0.06806455644630209,562.6279638620937,Flag / decline,0,Known good,0
RETRO-2025-001446,2025-04-16,9000.0,1611.05,0.0956,2,0.6476,0,24,home_improvement,0.047632873956439774,573.5526426051598,Flag / decline,0,Known good,0
RETRO-2025-001447,2025-01-30,7500.0,505.35,0.1968,0,0.4911,0,24,major_purchase,0.03485578017953376,582.9483704614981,Flag / decline,0,Known good,0
RETRO-2025-001448,2025-04-04,30000.0,304.81,0.074,1,0.8983,0,13,other,0.05497445098987302,569.1932789426589,Flag / decline,0,Known good,0
RETRO-2025-001449,2025-05-13,6900.0,942.69,0.0178,1,0.2517,0,55,car,0.025342666253054143,592.4279736070151,Flag / decline,0,Known good,0
RETRO-2025-001450,2025-02-26,2100.0,-206.28,0.1097,2,0.4954,0,44,debt_consolidation,0.06194878909320697,565.5332501687778,Flag / decline,0,Known good,0
RETRO-2025-001451,2025-03-18,17400.0,1591.41,0.1043,2,0.4336,0,63,other,0.034819163184496266,582.9797929223095,Flag / decline,0,Known good,0
RETRO-2025-001452,2025-02-25,7700.0,3110.85,0.045,1,0.2126,0,183,debt_consolidation,0.020623254773468158,598.5132761589101,Accept,0,Known good,0
RETRO-2025-001453,2025-03-11,4600.0,1510.08,0.0735,2,0.501,0,19,debt_consolidation,0.043311231024117464,576.4276077739552,Flag / decline,0,Known good,0
RETRO-2025-001454,2025-02-07,3300.0,274.83,0.1857,1,0.4372,0,117,major_purchase,0.029394582777349056,588.0281303339607,Flag / decline,0,Known good,0
RETRO-2025-001455,2025-06-19,16600.0,-128.81,0.2605,0,0.5359,0,44,major_purchase,0.05497553578187728,569.1926764628129,Flag / decline,0,Known good,0
RETRO-2025-001456,2025-05-27,11300.0,1076.93,0.1607,0,0.1321,0,168,debt_consolidation,0.018658130712974657,601.4604652867084,Accept,0,Known good,0
RETRO-2025-001457,2025-06-22,2400.0,-44.1,0.3621,0,0.3724,0,61,car,0.04940760854183473,572.4433106445103,Flag / decline,0,Known good,0
RETRO-2025-001458,2025-04-28,7300.0,1836.1,0.049,2,0.2869,0,66,debt_consolidation,0.02955566834487689,587.865650345089,Flag / decline,0,Known good,0
RETRO-2025-001459,2025-05-17,8200.0,-237.88,0.3578,2,0.047,0,4,debt_consolidation,0.07345999768369511,560.2593263771339,Flag / decline,0,Known good,0
RETRO-2025-001460,2025-04-25,8300.0,2567.55,0.0165,2,0.1334,0,70,home_improvement,0.02529519075963621,592.4834829761048,Flag / decline,0,Known good,0
RETRO-2025-001461,2025-06-21,26600.0,729.49,0.1004,0,0.5609,0,37,other,0.03213316337631953,585.3763491761658,Flag / decline,0,Known good,0
RETRO-2025-001462,2025-04-23,5800.0,1593.09,0.1655,3,0.1675,0,129,debt_consolidation,0.02994306485062326,587.4783886606857,Flag / decline,3,Known bad,1
RETRO-2025-001463,2025-01-15,3100.0,1858.87,0.109,1,0.1247,0,16,other,0.029684137714783242,587.7366831434075,Flag / decline,0,Known good,0
RETRO-2025-001464,2025-04-10,3900.0,894.06,0.12,1,0.707,1,17,home_improvement,0.07847243897948868,558.1982635761204,Flag / decline,6,Known bad,1
RETRO-2025-001465,2025-05-08,6100.0,1236.62,0.0427,4,0.3457,1,26,home_improvement,0.07744893193706791,558.6091067133348,Flag / decline,0,Known good,0
RETRO-2025-001466,2025-05-15,12200.0,3119.11,0.0639,0,0.2539,1,64,debt_consolidation,0.038116422092306625,580.2704297886038,Flag / decline,0,Known good,0
RETRO-2025-001467,2025-03-13,7200.0,1683.78,0.0815,1,0.4504,0,128,education,0.01001784340040201,619.6580492575961,Accept,1,Indeterminate,0
RETRO-2025-001468,2025-02-16,16800.0,1322.44,0.1091,3,0.4547,1,126,home_improvement,0.061022120237303495,565.9966153781448,Flag / decline,0,Known good,0
RETRO-2025-001469,2025-05-11,5700.0,589.63,0.1433,1,0.3507,0,6,car,0.0419939570361518,577.358498471051,Flag / decline,0,Known good,0
RETRO-2025-001470,2025-03-23,3500.0,2364.2,0.0894,2,0.1354,0,68,home_improvement,0.026830831496577365,590.7374150882803,Flag / decline,0,Known good,0
RETRO-2025-001471,2025-01-19,5900.0,100.24,0.0569,0,0.0981,0,23,other,0.03731625570652935,580.9065920075427,Flag / decline,0,Known good,0
RETRO-2025-001472,2025-06-08,5000.0,1228.92,0.1152,3,0.5347,0,58,debt_consolidation,0.0438849914534228,576.0305689071964,Flag / decline,0,Known good,0
RETRO-2025-001473,2025-06-08,3700.0,1548.58,0.0883,1,0.3224,0,76,car,0.026794467477726017,590.7776256636532,Flag / decline,0,Known good,0
RETRO-2025-001474,2025-03-26,13400.0,1294.38,0.1661,0,0.6273,0,66,debt_consolidation,0.03239913500221869,585.1305733569102,Flag / decline,0,Known good,0
RETRO-2025-001475,2025-01-17,7400.0,1773.31,0.0264,0,0.5144,0,172,home_improvement,0.022936610224819468,595.3774375285798,Accept,0,Known good,0
RETRO-2025-001476,2025-02-08,9000.0,4928.95,0.0055,0,0.4968,0,119,debt_consolidation,0.023646097922950717,594.4774791224994,Accept,0,Known good,0
RETRO-2025-001477,2025-04-19,8200.0,1004.41,0.1785,2,0.2161,0,55,education,0.011676097183985872,615.1899542798848,Accept,0,Known good,0
RETRO-2025-001478,2025-01-27,8100.0,2825.71,0.068,3,0.452,0,126,other,0.03514351137923237,582.7025586598962,Flag / decline,0,Known good,0
RETRO-2025-001479,2025-03-01,6600.0,3280.39,0.094,1,0.1781,0,72,car,0.02417617777123061,593.8221286895548,Accept,0,Known good,0
RETRO-2025-001480,2025-03-15,30000.0,702.03,0.1483,1,0.2413,0,19,home_improvement,0.03263658716283779,584.9127935542592,Flag / decline,0,Known good,0
RETRO-2025-001481,2025-01-14,3500.0,1138.46,0.075,2,0.3416,1,17,education,0.024698769117803065,593.189612736786,Accept,0,Known good,0
RETRO-2025-001482,2025-01-17,6500.0,-43.23,0.2864,1,0.4486,0,142,debt_consolidation,0.049537095009832506,572.3638591912639,Flag / decline,0,Known good,0
RETRO-2025-001483,2025-02-25,5600.0,536.75,0.0838,2,0.5738,0,121,home_improvement,0.034557930750663025,583.2048952807531,Flag / decline,0,Known good,0
RETRO-2025-001484,2025-02-19,14400.0,-619.74,0.1803,2,0.3983,0,52,debt_consolidation,0.0588381462712097,567.1152591706621,Flag / decline,0,Known good,0
RETRO-2025-001485,2025-03-16,3100.0,1305.33,0.2031,1,0.1658,1,153,home_improvement,0.038953919341653084,579.6181804129883,Flag / decline,0,Known good,0
RETRO-2025-001486,2025-01-04,7000.0,446.35,0.0416,1,0.2411,0,23,car,0.029341719170132858,588.0816397610616,Flag / decline,0,Known good,0
RETRO-2025-001487,2025-04-03,11000.0,564.78,0.0887,3,0.2711,0,19,car,0.041613216998653425,577.6327618804678,Flag / decline,0,Known good,0
RETRO-2025-001488,2025-06-09,7700.0,4432.64,0.0276,1,0.6465,0,50,car,0.03550186439828348,582.3991112832398,Flag / decline,0,Known good,0
RETRO-2025-001489,2025-02-10,16100.0,192.56,0.2363,0,0.4121,0,154,car,0.025042325156437818,592.7808594649866,Flag / decline,0,Known good,0
RETRO-2025-001490,2025-03-21,12300.0,-166.81,0.226,0,0.0,0,49,car,0.034615138263001395,583.1554599672951,Flag / decline,0,Known good,0
RETRO-2025-001491,2025-05-16,3100.0,-481.92,0.0836,1,0.2862,0,95,other,0.04024804023974311,578.636299379134,Flag / decline,0,Known good,0
RETRO-2025-001492,2025-02-27,2300.0,2893.95,0.0742,2,0.3398,0,194,car,0.02639254878406343,591.2256286590472,Flag / decline,0,Known good,0
RETRO-2025-001493,2025-03-25,7700.0,1541.61,0.0898,0,0.4104,0,28,debt_consolidation,0.029551188791045842,587.870157056965,Flag / decline,0,Known good,0
RETRO-2025-001494,2025-05-21,6800.0,1934.39,0.1919,1,0.8197,0,98,other,0.041146367284096756,577.9723489647346,Flag / decline,0,Known good,0
RETRO-2025-001495,2025-05-12,16600.0,-146.43,0.1407,2,0.2053,0,46,car,0.05019557185864172,571.9628457789925,Flag / decline,0,Known good,0
RETRO-2025-001496,2025-04-01,10500.0,1742.83,0.0156,1,0.3764,0,47,debt_consolidation,0.028667510277653,588.7724101834193,Flag / decline,0,Known good,0
RETRO-2025-001497,2025-04-17,8100.0,316.37,0.193,0,0.7771,0,5,debt_consolidation,0.05467942588765245,569.3575492857362,Flag / decline,0,Known good,0
RETRO-2025-001498,2025-05-11,9900.0,2370.96,0.0857,1,0.0823,0,28,education,0.009533903131022023,621.1008125251002,Accept,0,Known good,0
RETRO-2025-001499,2025-02-06,2400.0,2919.51,0.1014,1,0.8226,0,9,debt_consolidation,0.05572451971000424,568.7793487397028,Flag / decline,0,Known good,0
RETRO-2025-001500,2025-02-03,3700.0,137.14,0.0741,2,0.1415,0,43,major_purchase,0.04603689789764062,574.5842949480488,Flag / decline,0,Known good,0
RETRO-2025-001501,2025-03-09,4000.0,399.33,0.1102,0,0.2985,0,23,other,0.028281108672589123,589.1754448854116,Flag / decline,1,Indeterminate,0
RETRO-2025-001502,2025-01-28,12300.0,-643.34,0.3123,2,0.3325,0,88,debt_consolidation,0.0565097582296521,568.3515896972607,Flag / decline,0,Known good,0
RETRO-2025-001503,2025-06-01,12200.0,3764.87,0.0332,0,0.3156,0,32,debt_consolidation,0.025750901366164636,591.9547932898562,Flag / decline,0,Known good,0
RETRO-2025-001504,2025-02-15,7600.0,2634.44,0.0224,1,0.5182,0,26,other,0.03539888024458451,582.4860132999561,Flag / decline,0,Known good,0
RETRO-2025-001505,2025-01-19,3900.0,801.02,0.0729,1,0.5447,0,63,debt_consolidation,0.03260645367155269,584.9403455711638,Flag / decline,0,Known good,0
RETRO-2025-001506,2025-05-02,9600.0,3427.81,0.0123,1,0.2036,0,45,debt_consolidation,0.0250787117635538,592.7378881681188,Flag / decline,0,Known good,0
RETRO-2025-001507,2025-03-04,4400.0,1411.01,0.014,3,0.4386,0,24,car,0.043445409041558504,576.3343095688157,Flag / decline,0,Known good,0
RETRO-2025-001508,2025-02-16,5800.0,1548.37,0.0355,1,0.8275,0,141,home_improvement,0.03494008287652119,582.8761478356214,Flag / decline,0,Known good,0
RETRO-2025-001509,2025-04-04,7900.0,253.68,0.2644,2,0.1971,0,64,car,0.03228195612720271,585.2386133213311,Flag / decline,5,Known bad,1
RETRO-2025-001510,2025-05-20,3600.0,2928.4,0.0679,2,0.0276,0,10,debt_consolidation,0.032655339496493976,584.8956600999339,Flag / decline,0,Known good,0
RETRO-2025-001511,2025-05-02,9500.0,469.6,0.1267,1,0.2245,0,91,home_improvement,0.024742516343005026,593.1372567479041,Accept,0,Known good,0
RETRO-2025-001512,2025-04-21,10800.0,2040.94,0.1754,2,0.4507,0,49,home_improvement,0.03864046218446913,579.8607127683614,Flag / decline,0,Known good,0
RETRO-2025-001513,2025-05-01,26800.0,1152.43,0.3066,0,0.5665,0,98,major_purchase,0.03205487259185974,585.4490698881247,Flag / decline,0,Known good,0
RETRO-2025-001514,2025-04-18,5300.0,1812.8,0.0159,0,1.0,0,62,car,0.039492442657704345,579.2058453439738,Flag / decline,0,Known good,0
RETRO-2025-001515,2025-01-20,5000.0,582.77,0.0168,1,0.2758,0,49,debt_consolidation,0.02629912320704855,591.3307168841508,Flag / decline,0,Known good,0
RETRO-2025-001516,2025-01-22,6100.0,1795.7,0.0803,0,0.3393,0,215,car,0.019978093107613552,599.4493403657079,Accept,0,Known good,0
RETRO-2025-001517,2025-01-11,2700.0,1909.55,0.1402,1,0.276,0,37,debt_consolidation,0.030062607392674336,587.3598677978682,Flag / decline,0,Known good,0
RETRO-2025-001518,2025-02-06,4500.0,627.83,0.0837,1,0.5771,1,46,other,0.0596621473054149,566.6887039238719,Flag / decline,0,Known good,0
RETRO-2025-001519,2025-02-26,3800.0,2052.33,0.0201,1,0.5791,0,36,car,0.03525182577338327,582.6105266729835,Flag / decline,0,Known good,0
RETRO-2025-001520,2025-05-21,3200.0,1222.67,0.1577,1,0.4722,0,117,debt_consolidation,0.029623871131071632,587.7971157445188,Flag / decline,0,Known good,0
RETRO-2025-001521,2025-04-28,5300.0,2894.01,0.0491,1,0.6576,0,75,other,0.03410373916185891,583.6002045603525,Flag / decline,0,Known good,0
RETRO-2025-001522,2025-01-26,7100.0,1310.76,0.1138,1,0.5132,0,122,home_improvement,0.02945768089864845,587.9643833922371,Flag / decline,0,Known good,0
RETRO-2025-001523,2025-03-03,5300.0,-159.57,0.1181,2,0.7527,1,42,major_purchase,0.12501162766461435,543.2669073075355,Flag / decline,0,Known good,0
RETRO-2025-001524,2025-05-22,6800.0,760.31,0.3211,1,0.1474,1,56,car,0.04893854648358616,572.7327843439562,Flag / decline,3,Known bad,1
RETRO-2025-001525,2025-01-12,27800.0,730.36,0.1117,2,0.6706,0,60,debt_consolidation,0.042544350012160635,576.9662003131456,Flag / decline,0,Known good,0
RETRO-2025-001526,2025-03-16,7100.0,882.88,0.1936,0,0.2407,0,29,car,0.0276567962379555,589.8380697241006,Flag / decline,0,Known good,0
RETRO-2025-001527,2025-01-13,17600.0,6670.35,0.0269,0,0.778,0,78,home_improvement,0.0321832417772978,585.3299234257379,Flag / decline,0,Known good,0
RETRO-2025-001528,2025-01-31,14900.0,309.28,0.0727,1,0.4182,0,6,major_purchase,0.042119807437364994,577.2683657144831,Flag / decline,0,Known good,0
RETRO-2025-001529,2025-05-22,6200.0,-25.4,0.1744,2,0.6829,0,145,major_purchase,0.062262259596141185,565.3779693295012,Flag / decline,0,Known good,0
RETRO-2025-001530,2025-02-20,4200.0,986.25,0.1427,1,0.6573,0,122,home_improvement,0.03373322773901231,583.9264617640276,Flag / decline,0,Known good,0
RETRO-2025-001531,2025-04-10,12300.0,1229.23,0.0446,2,0.5066,1,57,car,0.06044435691767715,566.2888570771249,Flag / decline,0,Known good,0
RETRO-2025-001532,2025-03-29,8400.0,631.6,0.1675,5,0.1352,0,35,debt_consolidation,0.046690848394365346,574.157524959106,Flag / decline,0,Known good,0
RETRO-2025-001533,2025-03-16,12500.0,1479.61,0.0303,2,0.0999,1,69,major_purchase,0.042282085752005434,577.1525229428562,Flag / decline,0,Known good,0
RETRO-2025-001534,2025-01-26,11800.0,1664.35,0.0054,0,0.4839,0,134,car,0.022954800486818878,595.3540263433753,Accept,0,Known good,0
RETRO-2025-001535,2025-04-27,24400.0,1122.31,0.2734,0,0.4946,1,61,major_purchase,0.05381121511746022,569.8458616211772,Flag / decline,7,Known bad,1
RETRO-2025-001536,2025-06-01,8200.0,555.7,0.4523,1,0.3909,0,132,debt_consolidation,0.03365431964037805,583.9963914974687,Flag / decline,0,Known good,0
RETRO-2025-001537,2025-04-03,6200.0,359.81,0.0571,2,0.0922,0,50,debt_consolidation,0.026598317266734183,590.9954439344739,Flag / decline,0,Known good,0
RETRO-2025-001538,2025-04-26,3500.0,1222.27,0.0105,1,0.0544,0,62,car,0.021104090682318763,597.8340939118757,Accept,0,Known good,0
RETRO-2025-001539,2025-03-09,6900.0,-415.87,0.3633,1,0.3923,0,19,other,0.06821010201300612,562.5618234877511,Flag / decline,0,Known good,0
RETRO-2025-001540,2025-06-29,5200.0,917.09,0.1774,0,0.7283,0,50,home_improvement,0.0369828799976998,581.1755154719019,Flag / decline,0,Known good,0
RETRO-2025-001541,2025-02-25,7300.0,732.79,0.0157,1,0.2666,0,27,other,0.028665131808086858,588.7748748701447,Flag / decline,0,Known good,0
RETRO-2025-001542,2025-06-28,15400.0,1145.41,0.0989,1,0.0886,0,41,debt_consolidation,0.024712142871303414,593.173597653915,Accept,0,Known good,0
RETRO-2025-001543,2025-03-22,5800.0,1041.13,0.061,0,0.5293,0,23,home_improvement,0.03281256028177812,584.7523849256884,Flag / decline,0,Known good,0
RETRO-2025-001544,2025-05-07,12600.0,779.47,0.1168,0,0.4118,1,56,debt_consolidation,0.04577394416956838,574.7575275374106,Flag / decline,0,Known good,0
RETRO-2025-001545,2025-06-11,9800.0,1091.7,0.0925,3,0.4846,0,73,debt_consolidation,0.04003165353455147,578.7983506509337,Flag / decline,0,Known good,0
RETRO-2025-001546,2025-05-11,10400.0,411.03,0.1883,3,0.0667,0,161,debt_consolidation,0.027097770783523115,590.4438512622252,Flag / decline,0,Known good,0
RETRO-2025-001547,2025-05-06,5400.0,1610.89,0.0422,1,0.343,0,27,education,0.011482931648949164,615.6769353114192,Accept,0,Known good,0
RETRO-2025-001548,2025-03-09,3900.0,1065.94,0.2014,0,0.4986,0,29,debt_consolidation,0.034159214308937556,583.551650003212,Flag / decline,0,Known good,0
RETRO-2025-001549,2025-06-26,7600.0,1179.78,0.0731,1,0.5235,0,84,education,0.011321358839468365,616.0905288670443,Accept,0,Known good,0
RETRO-2025-001550,2025-01-12,6900.0,889.07,0.1132,0,0.378,0,51,major_purchase,0.026634114533280153,590.9555759715035,Flag / decline,0,Known good,0
RETRO-2025-001551,2025-03-01,7100.0,1815.37,0.0237,2,0.1017,1,160,debt_consolidation,0.036866439134349796,581.2699940906268,Flag / decline,0,Known good,0
RETRO-2025-001552,2025-01-07,6000.0,3888.27,0.0073,1,0.1168,0,46,other,0.023225082330314926,595.0082869708256,Accept,0,Known good,0
RETRO-2025-001553,2025-04-11,5600.0,-845.36,0.5795,1,0.6509,0,153,debt_consolidation,0.07025482328500968,561.646199757938,Flag / decline,0,Known good,0
RETRO-2025-001554,2025-01-24,3100.0,1992.89,0.136,1,0.5047,0,8,car,0.04529828632204138,575.0733096259654,Flag / decline,0,Known good,0
RETRO-2025-001555,2025-02-16,25400.0,1621.51,0.0926,0,0.5435,0,124,car,0.025971964367525534,591.7016013644134,Flag / decline,0,Known good,0
RETRO-2025-001556,2025-02-25,7200.0,97.11,0.2914,0,0.5056,1,90,home_improvement,0.0818250738225591,556.8859588248192,Flag / decline,0,Known good,0
RETRO-2025-001557,2025-06-27,7700.0,2152.39,0.1627,1,0.1942,0,101,debt_consolidation,0.02437217939213375,593.5833507727045,Accept,0,Known good,0
RETRO-2025-001558,2025-06-28,4500.0,1480.36,0.0793,1,0.5071,0,76,car,0.030852758456604828,586.5877658442668,Flag / decline,0,Known good,0
RETRO-2025-001559,2025-04-16,3600.0,379.07,0.0822,1,0.2987,0,83,other,0.02580693716152857,591.8904137286033,Flag / decline,0,Known good,0
RETRO-2025-001560,2025-06-03,3500.0,1105.52,0.1663,1,0.6106,0,32,debt_consolidation,0.040862004536992784,578.1810064647257,Flag / decline,0,Known good,0
RETRO-2025-001561,2025-05-27,11000.0,834.64,0.0846,2,0.2411,0,23,home_improvement,0.03452132605765547,583.2365682828486,Flag / decline,0,Known good,0
RETRO-2025-001562,2025-04-23,12800.0,1843.74,0.0816,1,0.1599,0,92,debt_consolidation,0.02269678371712812,595.6878054395752,Accept,0,Known good,0
RETRO-2025-001563,2025-06-12,26200.0,-596.46,0.228,0,0.4355,0,50,debt_consolidation,0.04871015127941425,572.874688489751,Flag / decline,0,Known good,0
RETRO-2025-001564,2025-05-24,3900.0,578.67,0.2687,0,0.4737,0,80,major_purchase,0.029927176533526414,587.4941756984701,Flag / decline,0,Known good,0
RETRO-2025-001565,2025-05-26,6500.0,916.84,0.0662,1,0.752,0,50,debt_consolidation,0.039672190593058376,579.0694159952761,Flag / decline,0,Known good,0
RETRO-2025-001566,2025-01-30,3500.0,1901.83,0.0338,2,0.5138,0,32,debt_consolidation,0.03925087240876791,579.3901389193364,Flag / decline,0,Known good,0
RETRO-2025-001567,2025-01-17,4100.0,-237.25,0.4243,1,0.2718,0,33,education,0.022490280380579934,595.9576261147402,Accept,0,Known good,0
RETRO-2025-001568,2025-06-14,26800.0,46.58,0.1904,2,0.5372,0,60,debt_consolidation,0.06451812425983312,564.2815422438114,Flag / decline,0,Known good,0
RETRO-2025-001569,2025-06-18,3200.0,4318.38,0.0369,3,0.2861,0,88,debt_consolidation,0.03190444625439518,585.5892772681713,Flag / decline,0,Known good,0
RETRO-2025-001570,2025-02-04,5200.0,1850.49,0.0724,1,0.6015,0,112,debt_consolidation,0.03110386196064616,586.3464041255922,Flag / decline,0,Known good,0
RETRO-2025-001571,2025-02-15,7500.0,1188.85,0.061,2,0.1709,1,47,debt_consolidation,0.048525162177573994,572.9900874954872,Flag / decline,0,Known good,0
RETRO-2025-001572,2025-05-25,19300.0,3090.24,0.0498,1,0.4504,0,15,debt_consolidation,0.03722072334373569,580.9834180222095,Flag / decline,0,Known good,0
RETRO-2025-001573,2025-03-13,10300.0,829.74,0.029,0,0.3682,0,11,car,0.0315570448089206,585.9155373481924,Flag / decline,0,Known good,0
RETRO-2025-001574,2025-04-01,3100.0,194.06,0.2117,0,0.2471,0,84,home_improvement,0.0237693475699981,594.3238330440149,Accept,0,Known good,0
RETRO-2025-001575,2025-04-26,6900.0,1324.64,0.0846,0,0.6215,0,222,debt_consolidation,0.02501332233994229,592.815154357566,Flag / decline,1,Indeterminate,0
RETRO-2025-001576,2025-03-08,11400.0,-130.0,0.5843,0,0.5681,0,44,home_improvement,0.07059495233208819,561.4962870702084,Flag / decline,0,Known good,0
RETRO-2025-001577,2025-03-09,4200.0,650.27,0.278,1,0.352,0,46,debt_consolidation,0.034067493295079875,583.6319698837175,Flag / decline,0,Known good,0
RETRO-2025-001578,2025-02-08,14200.0,242.44,0.1044,4,0.4149,0,28,major_purchase,0.05054355969839893,571.7529288753614,Flag / decline,0,Known good,0
RETRO-2025-001579,2025-03-11,2200.0,734.39,0.1365,1,0.2654,0,42,car,0.029139643692626536,588.2870493761848,Flag / decline,0,Known good,0
RETRO-2025-001580,2025-06-10,5800.0,276.31,0.3613,2,0.4772,0,30,car,0.048596803584412,572.945347051495,Flag / decline,0,Known good,0
RETRO-2025-001581,2025-02-21,3800.0,-506.13,0.4093,1,0.2854,0,41,home_improvement,0.05773827171358353,567.6934365681683,Flag / decline,0,Known good,0
RETRO-2025-001582,2025-05-25,9300.0,-223.56,0.0991,1,0.366,0,186,debt_consolidation,0.038940972037979,579.6281610383754,Flag / decline,0,Known good,0
RETRO-2025-001583,2025-04-26,5500.0,3456.72,0.0157,0,0.3891,0,129,car,0.021562301777126515,597.200814030801,Accept,0,Known good,0
RETRO-2025-001584,2025-03-16,6000.0,351.19,0.1104,1,0.2758,1,129,major_purchase,0.04086976036632417,578.1752970372778,Flag / decline,0,Known good,0
RETRO-2025-001585,2025-02-11,10200.0,948.38,0.0858,1,0.2587,0,76,debt_consolidation,0.025415838897620995,592.3426166156057,Flag / decline,0,Known good,0
RETRO-2025-001586,2025-04-19,11500.0,1537.0,0.0814,0,0.1605,1,24,car,0.041795020691017475,577.5015028107107,Flag / decline,0,Known good,0
RETRO-2025-001587,2025-04-26,6200.0,2293.03,0.0545,1,0.3637,0,49,car,0.028992100863689547,588.4379011491941,Flag / decline,0,Known good,0
RETRO-2025-001588,2025-04-21,1600.0,-454.9,0.2472,1,0.6593,0,42,major_purchase,0.06855509845759283,562.4055674489025,Flag / decline,0,Known good,0
RETRO-2025-001589,2025-03-27,6900.0,697.13,0.0704,1,0.072,0,77,car,0.021588810530291682,597.1645810056151,Accept,0,Known good,0
RETRO-2025-001590,2025-01-14,6900.0,3431.82,0.0163,1,0.3294,0,66,car,0.026165397854699533,591.4817694483078,Flag / decline,0,Known good,0
RETRO-2025-001591,2025-06-12,15700.0,929.3,0.1182,0,0.4447,0,132,debt_consolidation,0.024196595939641734,593.7971664541827,Accept,0,Known good,0
RETRO-2025-001592,2025-03-26,4500.0,3120.11,0.1238,3,0.4944,0,168,car,0.03612254296275457,581.8804437206469,Flag / decline,0,Known good,0
RETRO-2025-001593,2025-05-05,3300.0,1657.48,0.0655,0,0.33,0,27,other,0.027387112861079515,590.1288085370006,Flag / decline,0,Known good,0
RETRO-2025-001594,2025-02-15,10400.0,2613.28,0.0365,0,0.2949,0,69,major_purchase,0.02245517600787888,596.0037346319567,Accept,0,Known good,0
RETRO-2025-001595,2025-03-27,11200.0,1388.88,0.1429,1,0.5189,0,30,car,0.03775500311116319,580.5561666778797,Flag / decline,0,Known good,0
RETRO-2025-001596,2025-03-23,9900.0,-267.41,0.1215,1,0.1787,0,78,debt_consolidation,0.03919199861043094,579.4352185011787,Flag / decline,0,Known good,0
RETRO-2025-001597,2025-04-30,9500.0,1615.47,0.208,1,0.6194,0,57,major_purchase,0.03871807962070555,579.8004821416648,Flag / decline,0,Known good,0
RETRO-2025-001598,2025-03-02,5000.0,-230.13,0.2325,2,0.7425,0,8,car,0.10395441678257235,549.2752976043928,Flag / decline,0,Known good,0
RETRO-2025-001599,2025-06-13,13300.0,2400.35,0.0537,1,0.0607,0,88,debt_consolidation,0.020683870283139765,598.4268077874782,Accept,0,Known good,0
RETRO-2025-001600,2025-04-05,4700.0,1559.89,0.0768,1,0.5295,0,94,car,0.03030249433971056,587.123402489788,Flag / decline,0,Known good,0
RETRO-2025-001601,2025-04-02,6900.0,849.56,0.0554,1,0.5385,0,58,major_purchase,0.032465424942123726,585.0696205858051,Flag / decline,0,Known good,0
RETRO-2025-001602,2025-03-25,7400.0,4954.87,0.045,2,0.4339,0,249,major_purchase,0.026759050615694554,590.8168399389874,Flag / decline,0,Known good,0
RETRO-2025-001603,2025-01-20,6300.0,-729.44,0.4911,2,0.1686,0,37,home_improvement,0.06446659170009414,564.306187349,Flag / decline,0,Known good,0
RETRO-2025-001604,2025-06-18,4800.0,3574.42,0.0761,0,0.1475,0,20,major_purchase,0.024988857110602326,592.8441138396514,Accept,0,Known good,0
RETRO-2025-001605,2025-05-27,1900.0,3689.62,0.014,4,0.1171,0,104,debt_consolidation,0.030466471699532177,586.9628052643455,Flag / decline,0,Known good,0
RETRO-2025-001606,2025-05-27,5600.0,1626.85,0.0665,3,0.3518,0,76,debt_consolidation,0.03514909075453596,582.6978113342859,Flag / decline,0,Known good,0
RETRO-2025-001607,2025-05-16,8500.0,189.47,0.0734,0,0.3649,0,85,car,0.023591306096613286,594.546035051842,Accept,0,Known good,0
RETRO-2025-001608,2025-02-25,6000.0,900.51,0.0793,2,0.6343,0,62,debt_consolidation,0.0401937897917643,578.6768488039612,Flag / decline,0,Known good,0
RETRO-2025-001609,2025-06-19,5200.0,944.55,0.095,1,0.1891,0,22,debt_consolidation,0.029455211106133267,587.9668760900269,Flag / decline,0,Known good,0
RETRO-2025-001610,2025-05-31,4300.0,2593.4,0.0349,2,0.3835,0,55,home_improvement,0.03253032012711983,585.0100666745449,Flag / decline,0,Known good,0
RETRO-2025-001611,2025-01-23,5100.0,871.57,0.0729,3,0.4264,0,65,car,0.03840147729193404,580.0468954552238,Flag / decline,0,Known good,0
RETRO-2025-001612,2025-03-22,11800.0,596.15,0.1667,2,0.1389,0,52,car,0.02969431557339561,587.7264889888505,Flag / decline,0,Known good,0
RETRO-2025-001613,2025-05-22,4400.0,1450.38,0.1455,1,0.3557,0,40,major_purchase,0.03176275950034893,585.7219246494028,Flag / decline,0,Known good,0
RETRO-2025-001614,2025-04-20,6700.0,252.22,0.0876,3,0.7651,0,77,car,0.04931282979648151,572.501591048489,Flag / decline,0,Known good,0
RETRO-2025-001615,2025-04-11,11100.0,5661.69,0.0276,2,0.5875,0,20,car,0.04452534909704208,575.5932516178966,Flag / decline,0,Known good,0
RETRO-2025-001616,2025-04-12,10800.0,2089.9,0.1693,1,0.4643,0,34,debt_consolidation,0.03613263325898748,581.8720828802143,Flag / decline,0,Known good,0
RETRO-2025-001617,2025-04-30,1600.0,1190.74,0.0879,3,0.1398,0,37,major_purchase,0.033805693763159575,583.8623800315675,Flag / decline,0,Known good,0
RETRO-2025-001618,2025-03-26,4000.0,3155.99,0.048,3,0.4398,0,138,major_purchase,0.03381306346247487,583.8558704316305,Flag / decline,0,Known good,0
RETRO-2025-001619,2025-05-20,12300.0,-717.2,0.2707,1,0.5146,0,29,debt_consolidation,0.06596101400526004,563.5988219193546,Flag / decline,0,Known good,0
RETRO-2025-001620,2025-05-19,5400.0,1892.84,0.1207,1,0.4571,0,60,debt_consolidation,0.03171805827808846,585.7638927851059,Flag / decline,0,Known good,0
RETRO-2025-001621,2025-01-17,12100.0,4085.89,0.0239,0,0.3807,0,117,debt_consolidation,0.021889015341217854,596.7572604453245,Accept,0,Known good,0
RETRO-2025-001622,2025-02-27,9000.0,148.36,0.1421,0,0.2653,0,86,car,0.03679358917874277,581.3292496546051,Flag / decline,0,Known good,0
RETRO-2025-001623,2025-04-05,2700.0,1100.89,0.1153,0,0.4471,0,59,car,0.027541995149694597,589.9614956390867,Flag / decline,6,Known bad,1
RETRO-2025-001624,2025-01-25,9600.0,469.84,0.13,0,0.431,0,50,debt_consolidation,0.028215293701312583,589.2446253175838,Flag / decline,0,Known good,0
RETRO-2025-001625,2025-02-09,15500.0,1119.78,0.1707,0,0.4682,0,43,debt_consolidation,0.030655997386955416,586.7782260944405,Flag / decline,0,Known good,0
RETRO-2025-001626,2025-02-04,20400.0,478.26,0.2656,3,0.6307,0,69,debt_consolidation,0.05120510050725209,571.357612722057,Flag / decline,0,Known good,0
RETRO-2025-001627,2025-04-04,12000.0,-93.05,0.3314,2,0.4664,1,29,car,0.1231672477878673,543.7565365560807,Flag / decline,0,Known good,0
RETRO-2025-001628,2025-05-09,30000.0,4412.41,0.0319,2,0.6739,0,66,car,0.039699088798237595,579.0490511533089,Flag / decline,0,Known good,0
RETRO-2025-001629,2025-02-06,4400.0,542.95,0.2155,0,0.4866,0,85,car,0.028818764885905727,588.6160789158934,Flag / decline,0,Known good,0
RETRO-2025-001630,2025-06-25,3800.0,295.18,0.3988,0,0.5069,0,203,home_improvement,0.02905073162267989,588.3778665049937,Flag / decline,0,Known good,0
RETRO-2025-001631,2025-03-11,9600.0,6735.04,0.0151,0,0.2537,0,52,debt_consolidation,0.022384239817388307,596.0971224788475,Accept,0,Known good,0
RETRO-2025-001632,2025-06-27,3800.0,1542.82,0.1197,1,0.916,0,27,debt_consolidation,0.051573768831730434,571.1393998680217,Flag / decline,0,Known good,0
RETRO-2025-001633,2025-05-05,12200.0,-167.26,0.0971,2,0.1579,0,168,car,0.03821118801980895,580.1959387238476,Flag / decline,0,Known good,0
RETRO-2025-001634,2025-04-12,6500.0,648.82,0.1397,0,0.5176,0,36,home_improvement,0.03207140184560405,585.4337023341495,Flag / decline,0,Known good,0
RETRO-2025-001635,2025-03-20,30000.0,-521.4,0.3262,0,0.3906,1,74,debt_consolidation,0.0791307815098195,557.9365835868964,Flag / decline,0,Known good,0
RETRO-2025-001636,2025-06-26,13700.0,3432.07,0.02,0,0.5169,0,16,home_improvement,0.033357905010173994,584.2605008349453,Flag / decline,0,Known good,0
RETRO-2025-001637,2025-02-26,6500.0,313.5,0.467,3,0.1351,0,96,other,0.037978269075074095,580.3793446912043,Flag / decline,0,Known good,0
RETRO-2025-001638,2025-06-13,14800.0,2289.45,0.089,1,0.8012,0,38,home_improvement,0.0437558996509729,576.1194659383921,Flag / decline,0,Known good,0
RETRO-2025-001639,2025-02-02,12000.0,1203.16,0.2574,1,0.6604,0,105,debt_consolidation,0.03759997314387904,580.6795391288051,Flag / decline,0,Known good,0
RETRO-2025-001640,2025-01-14,3400.0,-286.42,0.2929,0,0.433,0,64,major_purchase,0.04896735854128626,572.7149277785002,Flag / decline,0,Known good,0
RETRO-2025-001641,2025-01-09,4300.0,1055.13,0.1406,2,0.3976,0,50,debt_consolidation,0.0360251492108704,581.9612601527715,Flag / decline,0,Known good,0
RETRO-2025-001642,2025-04-29,16200.0,154.79,0.1397,0,0.2366,1,60,debt_consolidation,0.040093919870984096,578.7516337581371,Flag / decline,0,Known good,0
RETRO-2025-001643,2025-03-19,30000.0,4457.93,0.0271,3,0.8465,0,74,debt_consolidation,0.05067138950572582,571.6761615492027,Flag / decline,2,Indeterminate,0
RETRO-2025-001644,2025-05-29,11500.0,1014.94,0.1336,1,0.1484,0,111,home_improvement,0.022653336225037603,595.7443748889393,Accept,0,Known good,0
RETRO-2025-001645,2025-02-11,5200.0,2240.33,0.0267,4,0.378,0,38,car,0.04433662219861749,575.7215115350257,Flag / decline,0,Known good,0
RETRO-2025-001646,2025-02-06,6500.0,750.57,0.0621,0,0.4173,0,31,car,0.02866553394367869,588.7744581435961,Flag / decline,0,Known good,0
RETRO-2025-001647,2025-01-06,4300.0,2304.16,0.0725,1,0.3628,0,103,debt_consolidation,0.0260544673706416,591.6076447114501,Flag / decline,0,Known good,0
RETRO-2025-001648,2025-02-10,15100.0,3610.51,0.0782,1,0.3358,0,22,debt_consolidation,0.03271011286337385,584.845669672301,Flag / decline,0,Known good,0
RETRO-2025-001649,2025-05-12,7600.0,3523.66,0.0347,3,0.6575,0,89,debt_consolidation,0.04266939965085541,576.8777463513479,Flag / decline,0,Known good,0
RETRO-2025-001650,2025-02-27,13000.0,1250.39,0.1059,1,0.3119,0,20,debt_consolidation,0.03322375222090881,584.3807783275158,Flag / decline,0,Known good,0
RETRO-2025-001651,2025-02-04,14000.0,1102.92,0.1015,0,0.3152,0,39,debt_consolidation,0.02621094093328671,591.430241026912,Flag / decline,0,Known good,0
RETRO-2025-001652,2025-06-18,9400.0,-548.25,0.4618,3,0.1065,0,87,debt_consolidation,0.05996286597147507,566.5344062751437,Flag / decline,0,Known good,0
RETRO-2025-001653,2025-05-17,5900.0,3549.56,0.0557,0,0.183,1,50,home_improvement,0.03725241868850516,580.9579080037112,Flag / decline,0,Known good,0
RETRO-2025-001654,2025-06-05,3300.0,1207.48,0.2132,2,0.2811,0,44,major_purchase,0.03530279294852178,582.5673153837513,Flag / decline,0,Known good,0
RETRO-2025-001655,2025-01-01,6700.0,1522.31,0.0586,2,0.3218,1,20,debt_consolidation,0.062072033212486805,565.4721125885819,Flag / decline,0,Known good,0
RETRO-2025-001656,2025-03-16,5500.0,-0.96,0.12,0,0.0079,0,97,car,0.02894673516086776,588.4844339920501,Flag / decline,0,Known good,0
RETRO-2025-001657,2025-01-03,12600.0,3241.86,0.0456,4,0.7382,0,57,major_purchase,0.05589668194644369,568.685080165727,Flag / decline,0,Known good,0
RETRO-2025-001658,2025-02-11,5500.0,388.62,0.1066,2,0.7075,0,50,other,0.04490633841824526,575.3359006281914,Flag / decline,0,Known good,0
RETRO-2025-001659,2025-06-15,12300.0,887.88,0.0791,1,0.2496,0,12,home_improvement,0.03351661918197944,584.1188039600498,Flag / decline,0,Known good,0
RETRO-2025-001660,2025-03-15,23000.0,1299.48,0.1421,1,0.2513,0,56,debt_consolidation,0.027634796441860954,589.8616837269907,Flag / decline,0,Known good,0
RETRO-2025-001661,2025-01-09,13400.0,-86.41,0.3279,0,0.7765,0,55,debt_consolidation,0.0670429225438139,563.0959514621345,Flag / decline,0,Known good,0
RETRO-2025-001662,2025-04-20,5500.0,2949.79,0.0058,1,0.6494,0,91,debt_consolidation,0.031846282133541716,585.6436615492917,Flag / decline,0,Known good,0
RETRO-2025-001663,2025-02-25,5800.0,1447.01,0.1276,3,0.472,0,49,debt_consolidation,0.04327304979006636,576.4542068237508,Flag / decline,0,Known good,0
RETRO-2025-001664,2025-01-18,5500.0,3793.37,0.011,2,0.5925,0,120,other,0.03333604074784433,584.2800718047766,Flag / decline,0,Known good,0
RETRO-2025-001665,2025-04-08,11200.0,1074.87,0.1507,1,0.7543,0,104,debt_consolidation,0.03758669120131311,580.6901315853623,Flag / decline,7,Known bad,1
RETRO-2025-001666,2025-02-04,6000.0,1658.61,0.0395,1,0.3541,0,66,major_purchase,0.027138787383093232,590.3989930358271,Flag / decline,0,Known good,0
RETRO-2025-001667,2025-03-24,18400.0,1278.0,0.0326,1,0.463,0,30,major_purchase,0.03337634007202713,584.2440090058466,Flag / decline,0,Known good,0
RETRO-2025-001668,2025-04-29,9900.0,278.3,0.0671,1,0.183,0,24,other,0.028342301493795085,589.1112630432457,Flag / decline,0,Known good,0
RETRO-2025-001669,2025-04-06,17500.0,-458.38,0.2246,2,0.4004,1,139,home_improvement,0.08675670658253434,555.0419174377324,Flag / decline,0,Known good,0
RETRO-2025-001670,2025-01-26,2300.0,1716.34,0.0388,1,0.2776,0,9,debt_consolidation,0.03473599304860562,583.0512829407002,Flag / decline,0,Known good,0
RETRO-2025-001671,2025-05-01,10900.0,2754.41,0.0272,3,0.4691,0,37,car,0.04200813833743204,577.3483290679055,Flag / decline,0,Known good,0
RETRO-2025-001672,2025-02-27,7500.0,863.7,0.0845,1,0.287,0,65,car,0.02663449293869758,590.955154814046,Flag / decline,0,Known good,0
RETRO-2025-001673,2025-03-02,9300.0,2165.07,0.1548,1,0.2901,0,19,car,0.03408604093298037,583.6157109464508,Flag / decline,0,Known good,0
RETRO-2025-001674,2025-01-05,6300.0,1155.16,0.134,0,0.2462,0,130,debt_consolidation,0.02091754219098864,598.095778560953,Accept,0,Known good,0
RETRO-2025-001675,2025-03-31,5800.0,2108.97,0.1024,0,0.279,0,5,major_purchase,0.034660743749185666,583.1161068272653,Flag / decline,0,Known good,0
RETRO-2025-001676,2025-06-30,10500.0,1261.14,0.0268,0,0.4285,0,67,major_purchase,0.024940454725806773,592.9014892076187,Accept,0,Known good,0
RETRO-2025-001677,2025-06-15,7100.0,2321.71,0.0906,1,0.2915,0,33,home_improvement,0.029903905138399595,587.5173134189429,Flag / decline,0,Known good,0
RETRO-2025-001678,2025-04-24,9400.0,-154.44,0.3637,2,0.4233,0,191,other,0.05567505270284589,568.8064854114245,Flag / decline,0,Known good,0
RETRO-2025-001679,2025-04-08,6400.0,2135.2,0.0446,1,0.0281,0,30,car,0.023783401399375494,594.30636258654,Accept,0,Known good,0
RETRO-2025-001680,2025-06-30,1500.0,144.64,0.2732,1,0.3244,0,43,major_purchase,0.05370461859494289,569.9063264762261,Flag / decline,0,Known good,0
RETRO-2025-001681,2025-03-31,21700.0,361.13,0.2036,3,0.4618,0,55,debt_consolidation,0.04449190343881822,575.6159436474654,Flag / decline,0,Known good,0
RETRO-2025-001682,2025-03-13,4100.0,-4.12,0.2212,1,0.3264,0,18,debt_consolidation,0.059213492264469814,566.9202666445751,Flag / decline,0,Known good,0
RETRO-2025-001683,2025-04-02,4600.0,4081.4,0.027,1,0.3496,1,70,home_improvement,0.04497278959023746,575.2912273784748,Flag / decline,0,Known good,0
RETRO-2025-001684,2025-06-22,4700.0,29.17,0.1399,0,0.6315,0,51,debt_consolidation,0.05318294574970147,570.2038781737513,Flag / decline,3,Known bad,1
RETRO-2025-001685,2025-05-23,4800.0,1447.13,0.08,3,0.5454,0,45,major_purchase,0.04491609358612282,575.3293385602167,Flag / decline,0,Known good,0
RETRO-2025-001686,2025-05-12,10400.0,187.33,0.296,0,0.2445,0,76,home_improvement,0.025621682537483318,592.1037743291852,Flag / decline,0,Known good,0
RETRO-2025-001687,2025-06-12,11300.0,-385.6,0.1936,1,0.0892,0,68,major_purchase,0.03928738480825186,579.3622139999164,Flag / decline,0,Known good,0
RETRO-2025-001688,2025-04-14,14600.0,-139.54,0.3545,0,0.3398,0,35,education,0.01958203224676722,600.038766639212,Accept,1,Indeterminate,0
RETRO-2025-001689,2025-01-04,12700.0,825.08,0.0901,0,0.808,0,44,car,0.03776338226958531,580.5495124377848,Flag / decline,0,Known good,0
RETRO-2025-001690,2025-01-28,6000.0,1610.37,0.1795,3,0.2633,1,61,debt_consolidation,0.06187268857664327,565.5710580238417,Flag / decline,0,Known good,0
RETRO-2025-001691,2025-06-01,8000.0,1670.92,0.0393,1,0.2336,1,64,debt_consolidation,0.041999800768827644,577.3543075359455,Flag / decline,0,Known good,0
RETRO-2025-001692,2025-05-22,2500.0,1216.33,0.1753,1,0.2154,0,51,other,0.027917382554955166,589.5597430726359,Flag / decline,0,Known good,0
RETRO-2025-001693,2025-06-21,1300.0,1217.87,0.0259,2,0.1875,0,39,debt_consolidation,0.02919572541994709,588.2299041616487,Flag / decline,0,Known good,0
RETRO-2025-001694,2025-03-27,5100.0,373.45,0.0869,1,0.6819,0,30,major_purchase,0.04126262114763353,577.8874423298817,Flag / decline,2,Indeterminate,0
RETRO-2025-001695,2025-04-10,8900.0,3206.01,0.0185,0,0.4023,0,34,car,0.027049969031622944,590.4962135065297,Flag / decline,0,Known good,0
RETRO-2025-001696,2025-05-03,8600.0,2180.3,0.0222,0,0.2834,0,56,debt_consolidation,0.02277096097693902,595.5914692568009,Accept,0,Known good,0
RETRO-2025-001697,2025-01-25,4900.0,1904.3,0.1313,1,0.3489,0,50,major_purchase,0.03018358804629714,587.240385166086,Flag / decline,7,Known bad,1
RETRO-2025-001698,2025-02-20,4400.0,-563.67,0.3615,0,0.3632,0,50,debt_consolidation,0.05057826874417539,571.7320664305671,Flag / decline,0,Known good,0
RETRO-2025-001699,2025-03-06,17200.0,1845.05,0.0825,1,0.0837,0,31,car,0.02542764475731204,592.3288673298765,Flag / decline,0,Known good,0
RETRO-2025-001700,2025-02-12,17700.0,335.27,0.2265,0,0.5729,0,26,car,0.03752057238762796,580.7429154535357,Flag / decline,0,Known good,0
RETRO-2025-001701,2025-06-29,4200.0,244.62,0.2026,1,0.2885,0,74,major_purchase,0.028441094461258726,589.0079278139452,Flag / decline,0,Known good,0
RETRO-2025-001702,2025-03-28,8500.0,1878.92,0.1042,1,0.116,0,35,home_improvement,0.026003029771406207,591.66618918922,Flag / decline,0,Known good,0
RETRO-2025-001703,2025-02-05,4900.0,380.16,0.2557,2,0.6467,0,44,home_improvement,0.048537311944369194,572.9824954887916,Flag / decline,0,Known good,0
RETRO-2025-001704,2025-01-29,15600.0,3379.12,0.0266,0,0.4808,0,56,home_improvement,0.026762174017320433,590.8133796159517,Flag / decline,0,Known good,0
RETRO-2025-001705,2025-02-28,9600.0,1097.09,0.1182,2,0.1559,0,165,debt_consolidation,0.02413684028122441,593.8702787605393,Accept,0,Known good,0
RETRO-2025-001706,2025-01-02,12700.0,1961.24,0.0637,1,0.5371,0,85,car,0.03069199634931723,586.7432916103862,Flag / decline,0,Known good,0
RETRO-2025-001707,2025-01-10,30000.0,-108.67,0.1781,0,0.2495,0,57,debt_consolidation,0.03979439667671463,578.9769991261552,Flag / decline,0,Known good,0
RETRO-2025-001708,2025-01-01,10000.0,1218.49,0.0784,1,0.4811,0,109,car,0.028501461837237226,588.9449562640388,Flag / decline,2,Indeterminate,0
RETRO-2025-001709,2025-05-02,20500.0,682.92,0.0449,1,0.7841,0,33,debt_consolidation,0.04276916434185989,576.80735515775,Flag / decline,0,Known good,0
RETRO-2025-001710,2025-01-10,7700.0,544.3,0.0364,1,0.1684,1,61,car,0.040115507076945604,578.735453639458,Flag / decline,0,Known good,0
RETRO-2025-001711,2025-05-25,8900.0,-73.02,0.0578,2,0.1327,0,86,debt_consolidation,0.04052319126281853,578.4314409582666,Flag / decline,0,Known good,0
RETRO-2025-001712,2025-03-13,3900.0,368.61,0.1607,0,0.2247,0,44,education,0.00919320435902528,622.1607190495504,Accept,0,Known good,0
RETRO-2025-001713,2025-04-25,7600.0,440.78,0.154,1,0.3167,0,52,debt_consolidation,0.029716745267236323,587.7040353345081,Flag / decline,0,Known good,0
RETRO-2025-001714,2025-06-21,6900.0,407.55,0.2079,0,0.5041,0,104,debt_consolidation,0.02813739797621293,589.3267070082131,Flag / decline,0,Known good,0
RETRO-2025-001715,2025-02-11,5500.0,3778.03,0.0429,0,0.2715,0,93,home_improvement,0.02109672131022387,597.8443884309909,Accept,0,Known good,0
RETRO-2025-001716,2025-04-23,14800.0,62.48,0.0666,0,0.3995,0,11,car,0.05318479590449608,570.2028180245034,Flag / decline,0,Known good,0
RETRO-2025-001717,2025-05-04,12300.0,1929.77,0.0907,3,0.4784,0,68,home_improvement,0.04023446333630002,578.6464425024769,Flag / decline,0,Known good,0
RETRO-2025-001718,2025-01-28,7200.0,3439.55,0.0165,3,0.3322,0,143,debt_consolidation,0.030169875829194715,587.253904254803,Flag / decline,0,Known good,0
RETRO-2025-001719,2025-02-11,13100.0,178.62,0.1267,0,0.1043,0,94,car,0.019562158835915455,600.068649625233,Accept,0,Known good,0
RETRO-2025-001720,2025-04-07,5500.0,2554.27,0.0455,1,0.035,0,172,car,0.018059367134781505,602.41920743864,Accept,0,Known good,0
RETRO-2025-001721,2025-04-23,11100.0,2109.08,0.0446,3,0.5082,0,33,car,0.04464623485800673,575.5113689929317,Flag / decline,0,Known good,0
RETRO-2025-001722,2025-06-20,6800.0,-104.75,0.3152,0,0.3412,1,106,home_improvement,0.07159625195148964,561.0588037481236,Flag / decline,0,Known good,0
RETRO-2025-001723,2025-02-07,3200.0,1469.54,0.0508,2,0.3929,0,155,car,0.028077510060451134,589.3899633588383,Flag / decline,0,Known good,0
RETRO-2025-001724,2025-03-12,7200.0,660.64,0.1221,1,0.2833,0,92,debt_consolidation,0.025804942667945727,591.8927028668375,Flag / decline,0,Known good,0
RETRO-2025-001725,2025-04-17,1400.0,-277.31,0.3627,0,0.2867,0,59,home_improvement,0.046462751886380965,574.305731931131,Flag / decline,5,Known bad,1
RETRO-2025-001726,2025-01-03,1400.0,2512.93,0.0237,0,0.3749,0,190,education,0.00739202088056399,628.5051043968156,Accept,0,Known good,0
RETRO-2025-001727,2025-06-21,9400.0,1878.56,0.0882,2,0.4066,0,79,major_purchase,0.03249569282874438,585.041829630889,Flag / decline,3,Known bad,1
RETRO-2025-001728,2025-01-11,10300.0,1818.22,0.076,3,0.7862,0,106,debt_consolidation,0.04728513277609675,573.7745951962096,Flag / decline,0,Known good,0
RETRO-2025-001729,2025-05-13,4100.0,548.8,0.297,1,0.9451,0,49,debt_consolidation,0.05451274435997175,569.4507272949281,Flag / decline,0,Known good,0
RETRO-2025-001730,2025-06-26,5600.0,378.58,0.1324,1,0.1355,0,104,car,0.02263770687426059,595.7647505193811,Accept,0,Known good,0
RETRO-2025-001731,2025-03-21,9400.0,1218.74,0.0513,1,0.4225,0,43,education,0.011443781817724047,615.7766204153459,Accept,0,Known good,0
RETRO-2025-001732,2025-06-24,4400.0,-471.19,0.5473,2,0.6924,0,75,debt_consolidation,0.0896075128141053,554.0188172488091,Flag / decline,0,Known good,0
RETRO-2025-001733,2025-06-26,3900.0,4768.67,0.0864,0,0.8051,0,53,car,0.03649018033874953,581.5772598820653,Flag / decline,0,Known good,0
RETRO-2025-001734,2025-06-03,5500.0,509.48,0.0845,2,0.4359,0,83,home_improvement,0.03291296296791034,584.6612346406505,Flag / decline,2,Indeterminate,0
RETRO-2025-001735,2025-01-08,7400.0,547.18,0.088,0,0.6407,0,35,major_purchase,0.03423268932803712,583.4874580359198,Flag / decline,0,Known good,0
RETRO-2025-001736,2025-04-18,7400.0,-77.65,0.2211,1,0.0875,0,68,major_purchase,0.04001109030295665,578.8137940315121,Flag / decline,0,Known good,0
RETRO-2025-001737,2025-01-03,2700.0,1323.74,0.1092,0,0.4029,0,57,car,0.026614614163512452,590.9772873641174,Flag / decline,0,Known good,0
RETRO-2025-001738,2025-04-27,7200.0,1122.43,0.0919,1,0.3781,0,75,education,0.010388814409123155,618.5980538347344,Accept,0,Known good,0
RETRO-2025-001739,2025-06-03,21500.0,575.43,0.054,0,0.5652,0,20,home_improvement,0.03432601496541525,583.4061147642824,Flag / decline,0,Known good,0
RETRO-2025-001740,2025-02-02,5500.0,458.26,0.1102,0,0.2123,0,49,car,0.02341929266681419,594.7622735940548,Accept,0,Known good,0
RETRO-2025-001741,2025-04-29,3600.0,2082.08,0.0461,1,0.0271,0,27,major_purchase,0.02418866206203952,593.8068635765242,Accept,0,Known good,0
RETRO-2025-001742,2025-06-30,9600.0,1964.74,0.1246,1,0.1493,1,175,other,0.03557846563932719,582.3346295182359,Flag / decline,0,Known good,0
RETRO-2025-001743,2025-02-21,5100.0,42.66,0.2034,1,0.1028,0,66,debt_consolidation,0.04017918047853306,578.6877774775847,Flag / decline,0,Known good,0
RETRO-2025-001744,2025-02-06,3100.0,754.86,0.1825,1,0.1324,0,142,car,0.02226398645703754,596.2560992468831,Accept,0,Known good,0
RETRO-2025-001745,2025-05-27,5700.0,-945.03,0.6818,3,0.5942,0,73,major_purchase,0.10350045085822569,549.41619231026,Flag / decline,0,Known good,0
RETRO-2025-001746,2025-05-09,4900.0,1118.12,0.052,2,0.168,0,28,car,0.030858591991894918,586.5821370826823,Flag / decline,0,Known good,0
RETRO-2025-001747,2025-03-07,7200.0,2183.19,0.1173,1,0.547,0,19,car,0.040669754718996344,578.3228631501036,Flag / decline,0,Known good,0
RETRO-2025-001748,2025-02-04,6300.0,293.8,0.2142,2,0.1807,0,42,major_purchase,0.032860503059089864,584.7088266544117,Flag / decline,0,Known good,0
RETRO-2025-001749,2025-06-26,5500.0,544.18,0.0771,1,0.6015,0,42,major_purchase,0.03648219191514469,581.5838164898921,Flag / decline,0,Known good,0
RETRO-2025-001750,2025-05-05,7200.0,1487.58,0.1523,1,0.1594,0,43,car,0.026978320425629383,590.5748664134711,Flag / decline,0,Known good,0
RETRO-2025-001751,2025-01-07,2700.0,2737.77,0.0456,1,0.5696,0,20,major_purchase,0.03903326944523049,579.5570816209198,Flag / decline,0,Known good,0
RETRO-2025-001752,2025-02-12,5200.0,628.01,0.0624,1,0.5359,0,152,home_improvement,0.02789899555638179,589.5792989115566,Flag / decline,6,Known bad,1
RETRO-2025-001753,2025-06-25,21400.0,-34.86,0.4626,2,0.5732,0,83,education,0.029004016518918038,588.4256906492337,Flag / decline,4,Known bad,1
RETRO-2025-001754,2025-01-26,5000.0,-358.11,0.2809,2,0.4048,0,33,debt_consolidation,0.06798268239440013,562.6652275835714,Flag / decline,0,Known good,0
RETRO-2025-001755,2025-06-29,8200.0,993.85,0.1226,1,0.2725,0,22,major_purchase,0.03211083611612001,585.3970704663326,Flag / decline,0,Known good,0
RETRO-2025-001756,2025-06-13,3500.0,-162.63,0.0397,2,0.0916,0,142,debt_consolidation,0.035748538427626174,582.1919414793691,Flag / decline,0,Known good,0
RETRO-2025-001757,2025-04-18,15000.0,623.65,0.2341,0,0.5781,0,45,debt_consolidation,0.034763453611594414,583.0276606120591,Flag / decline,0,Known good,0
RETRO-2025-001758,2025-01-02,10100.0,-130.76,0.0656,2,0.2221,0,116,debt_consolidation,0.04169632851284007,577.572688909144,Flag / decline,0,Known good,0
RETRO-2025-001759,2025-01-18,6900.0,1647.22,0.0539,1,0.7527,0,69,home_improvement,0.03739412788013169,580.8441078469888,Flag / decline,0,Known good,0
RETRO-2025-001760,2025-06-23,2000.0,825.47,0.1142,2,0.3238,0,52,car,0.033132133561244864,584.4631907594954,Flag / decline,0,Known good,0
RETRO-2025-001761,2025-06-23,10300.0,1911.69,0.0503,0,0.4259,0,58,home_improvement,0.025907655776481874,591.7750394183804,Flag / decline,0,Known good,0
RETRO-2025-001762,2025-05-19,5800.0,1028.48,0.0114,1,0.3016,0,26,home_improvement,0.029560310748035543,587.8609804953297,Flag / decline,1,Indeterminate,0
RETRO-2025-001763,2025-01-30,5900.0,1376.34,0.106,2,0.1899,0,43,education,0.011278904997283502,616.200170135453,Accept,0,Known good,0
RETRO-2025-001764,2025-04-28,15600.0,606.82,0.078,1,0.2655,0,99,home_improvement,0.02435074308407394,593.6093740668183,Accept,0,Known good,0
RETRO-2025-001765,2025-04-18,1500.0,1782.5,0.032,1,0.3076,0,36,debt_consolidation,0.028642939202854607,588.7978815054738,Flag / decline,0,Known good,0
RETRO-2025-001766,2025-06-06,7200.0,-2.53,0.111,3,0.2928,1,32,car,0.104425263503831,549.1297371532576,Flag / decline,0,Known good,0
RETRO-2025-001767,2025-06-04,16300.0,1405.46,0.233,1,0.0773,0,7,debt_consolidation,0.035300105952209074,582.5695919874744,Flag / decline,0,Known good,0
RETRO-2025-001768,2025-03-23,25200.0,-411.69,0.2936,1,0.1744,0,11,education,0.022426238521697846,596.0417961184291,Accept,0,Known good,0
RETRO-2025-001769,2025-03-20,2400.0,-114.63,0.112,2,0.7603,0,27,home_improvement,0.08176464699747943,556.9091738198024,Flag / decline,0,Known good,0
RETRO-2025-001770,2025-04-01,6400.0,4994.1,0.0239,2,0.6857,0,47,debt_consolidation,0.04203203183565914,577.3312024758303,Flag / decline,0,Known good,0
RETRO-2025-001771,2025-03-31,2300.0,3523.53,0.0232,3,0.2205,1,17,car,0.06518263038767577,563.9653774781102,Flag / decline,0,Known good,0
RETRO-2025-001772,2025-02-14,15800.0,643.77,0.1826,0,0.4005,0,52,car,0.028422071608054437,589.0277981758421,Flag / decline,0,Known good,0
RETRO-2025-001773,2025-02-07,13300.0,3364.29,0.0295,1,0.1109,0,69,debt_consolidation,0.022009689490710235,596.5950656945732,Accept,0,Known good,0
RETRO-2025-001774,2025-05-14,9800.0,8.22,0.1227,2,0.4139,1,48,home_improvement,0.09596845376065463,551.8376954568596,Flag / decline,0,Known good,0
RETRO-2025-001775,2025-03-26,3200.0,-662.33,0.537,0,0.5459,0,213,major_purchase,0.05256561432118569,570.5595713212207,Flag / decline,1,Indeterminate,0
RETRO-2025-001776,2025-05-01,10300.0,1241.36,0.0081,0,0.4889,0,88,major_purchase,0.024717441679451932,593.1672546624086,Accept,0,Known good,0
RETRO-2025-001777,2025-03-28,5500.0,895.68,0.0256,1,0.4025,0,11,major_purchase,0.03689106011533057,581.2499930427382,Flag / decline,0,Known good,0
RETRO-2025-001778,2025-04-10,4700.0,27.54,0.1601,0,0.0794,0,18,home_improvement,0.04108994497731983,578.0136400893086,Flag / decline,2,Indeterminate,0
RETRO-2025-001779,2025-03-13,11400.0,1581.34,0.0546,0,0.1877,0,58,car,0.021464430436271564,597.3349661508265,Accept,0,Known good,0
RETRO-2025-001780,2025-05-31,3500.0,863.27,0.0619,2,0.3068,0,111,car,0.02788287280373993,589.5964568728297,Flag / decline,0,Known good,0
RETRO-2025-001781,2025-02-14,5200.0,-395.71,0.3546,1,0.3851,0,20,debt_consolidation,0.06691645308191164,563.1543438328963,Flag / decline,0,Known good,0
RETRO-2025-001782,2025-02-14,5600.0,371.59,0.1228,1,0.4595,1,84,home_improvement,0.05096438248894499,571.5008959201809,Flag / decline,0,Known good,0
RETRO-2025-001783,2025-04-18,7500.0,-149.13,0.2378,1,0.6124,0,88,major_purchase,0.05861905788836316,567.2296154015863,Flag / decline,0,Known good,0
RETRO-2025-001784,2025-01-03,11400.0,1938.8,0.0216,3,0.6735,0,186,major_purchase,0.03806977576132968,580.3071616326038,Flag / decline,0,Known good,0
RETRO-2025-001785,2025-06-21,4500.0,547.09,0.2745,3,0.7095,0,51,home_improvement,0.057419313877745126,567.8630386785017,Flag / decline,0,Known good,0
RETRO-2025-001786,2025-01-13,7300.0,1084.8,0.1171,0,0.3684,0,85,debt_consolidation,0.024418331716651406,593.527398341096,Accept,0,Known good,0
RETRO-2025-001787,2025-01-22,14200.0,2344.78,0.0912,0,0.3865,0,141,debt_consolidation,0.022403208682466258,596.0721215812935,Accept,0,Known good,0
RETRO-2025-001788,2025-02-12,6900.0,-485.04,0.2754,2,0.5146,0,29,home_improvement,0.07509373840029053,559.573728938862,Flag / decline,0,Known good,0
RETRO-2025-001789,2025-06-29,2000.0,-88.04,0.1378,0,0.3039,0,142,debt_consolidation,0.034908498141855565,582.9031869721794,Flag / decline,0,Known good,0
RETRO-2025-001790,2025-01-11,18200.0,1083.89,0.0536,0,0.4151,0,68,education,0.009244608571360682,621.9983335524726,Accept,0,Known good,0
RETRO-2025-001791,2025-03-19,15400.0,635.2,0.1932,2,0.4941,0,75,home_improvement,0.03786344327318655,580.4701592352131,Flag / decline,0,Known good,0
RETRO-2025-001792,2025-05-11,4100.0,5807.0,0.0504,1,0.1651,0,67,debt_consolidation,0.023451482913641127,594.7216895069815,Accept,0,Known good,0
RETRO-2025-001793,2025-04-09,5000.0,1487.75,0.0204,0,0.3271,0,84,other,0.022064853009279305,596.5212112570275,Accept,0,Known good,0
RETRO-2025-001794,2025-03-22,10500.0,-344.73,0.1409,0,0.3416,0,123,debt_consolidation,0.036885642213308346,581.2543932162574,Flag / decline,0,Known good,0
RETRO-2025-001795,2025-01-08,4800.0,1674.62,0.0133,1,0.5796,0,139,debt_consolidation,0.028290924191614105,589.1651408446949,Flag / decline,0,Known good,0
RETRO-2025-001796,2025-05-05,26100.0,2973.37,0.0096,2,0.1926,0,60,home_improvement,0.027051956524809184,590.494034606204,Flag / decline,0,Known good,0
RETRO-2025-001797,2025-06-08,10400.0,2116.1,0.0378,0,0.3742,0,41,debt_consolidation,0.026035263362735244,591.6294888720876,Flag / decline,0,Known good,0
RETRO-2025-001798,2025-01-24,2400.0,691.27,0.1163,1,0.4965,1,53,debt_consolidation,0.05610178727673794,568.5731292881278,Flag / decline,0,Known good,0
RETRO-2025-001799,2025-04-20,2700.0,1726.25,0.0971,3,0.2066,0,49,debt_consolidation,0.03432778010774711,583.4045783102324,Flag / decline,0,Known good,0
RETRO-2025-001800,2025-03-29,9000.0,880.58,0.2157,2,0.4085,0,84,car,0.03531193159933543,582.5595737542602,Flag / decline,0,Known good,0
RETRO-2025-001801,2025-04-23,9000.0,3708.44,0.1025,3,0.64,0,79,debt_consolidation,0.04499976018001102,575.2731137546348,Flag / decline,3,Known bad,1
RETRO-2025-001802,2025-03-10,7000.0,1882.69,0.09,4,0.5653,0,37,other,0.05389798253488384,569.7967277914115,Flag / decline,0,Known good,0
RETRO-2025-001803,2025-03-31,4200.0,-687.99,0.6818,1,0.4325,0,35,car,0.07992070281235053,557.6252168098631,Flag / decline,0,Known good,0
RETRO-2025-001804,2025-02-25,22700.0,103.73,0.1185,1,0.1964,0,79,debt_consolidation,0.039578890857654675,579.1401566925358,Flag / decline,0,Known good,0
RETRO-2025-001805,2025-01-24,8700.0,2695.58,0.0178,0,0.1439,1,118,home_improvement,0.030648619514904888,586.7853907099419,Flag / decline,0,Known good,0
RETRO-2025-001806,2025-05-19,7200.0,930.37,0.0149,1,0.8327,0,140,car,0.03461023304016006,583.1596956789833,Flag / decline,0,Known good,0
RETRO-2025-001807,2025-06-08,4500.0,547.2,0.058,1,0.7208,0,89,debt_consolidation,0.03511612689576616,582.7258698427337,Flag / decline,0,Known good,0
RETRO-2025-001808,2025-06-25,2700.0,2456.32,0.07,2,0.2974,0,10,other,0.04049965577649453,578.4489116624657,Flag / decline,0,Known good,0
RETRO-2025-001809,2025-05-10,9800.0,1037.85,0.114,1,0.3757,0,86,car,0.027924791275597497,589.5518669238147,Flag / decline,0,Known good,0
RETRO-2025-001810,2025-02-02,5600.0,1234.64,0.1011,2,0.3735,0,30,major_purchase,0.037229134400763766,580.9766463426208,Flag / decline,3,Known bad,1
RETRO-2025-001811,2025-01-05,8300.0,1058.96,0.0289,1,0.3276,0,47,debt_consolidation,0.027836756506858063,589.6455874582026,Flag / decline,0,Known good,0
RETRO-2025-001812,2025-06-14,5700.0,605.27,0.2064,1,0.1662,0,95,home_improvement,0.024841083926744435,593.0196224955376,Accept,0,Known good,0
RETRO-2025-001813,2025-03-01,8200.0,1479.34,0.0224,1,0.0691,0,43,home_improvement,0.02284271443913047,595.4985721359343,Accept,2,Indeterminate,0
RETRO-2025-001814,2025-03-29,13500.0,262.2,0.1493,1,0.0,0,63,education,0.00819352695804695,625.5114807587498,Accept,0,Known good,0
RETRO-2025-001815,2025-01-14,4600.0,1489.97,0.1002,4,0.443,0,24,car,0.052737827155257544,570.4599509454438,Flag / decline,0,Known good,0
RETRO-2025-001816,2025-04-03,14400.0,2617.78,0.0462,3,0.4457,0,36,debt_consolidation,0.04198056218304195,577.3681069286611,Flag / decline,0,Known good,0
RETRO-2025-001817,2025-01-24,8400.0,-366.83,0.2174,0,0.1499,0,104,major_purchase,0.03437592756066896,583.3626981022094,Flag / decline,0,Known good,0
RETRO-2025-001818,2025-02-12,20000.0,3684.54,0.0187,0,0.3049,0,37,debt_consolidation,0.024690234306621844,593.199837600226,Accept,0,Known good,0
RETRO-2025-001819,2025-03-26,18900.0,-598.92,0.4633,2,0.1218,0,51,home_improvement,0.05805617842841086,567.5252662941211,Flag / decline,0,Known good,0
RETRO-2025-001820,2025-04-22,5600.0,411.03,0.0869,2,0.1361,0,50,car,0.02814774622205184,589.3157899674686,Flag / decline,0,Known good,0
RETRO-2025-001821,2025-05-31,4000.0,714.73,0.0779,0,0.215,0,10,car,0.029339493110391808,588.0838950667053,Flag / decline,4,Known bad,1
RETRO-2025-001822,2025-01-10,1700.0,1236.12,0.0563,1,0.5162,0,22,major_purchase,0.0371579280439774,581.0340205918787,Flag / decline,0,Known good,0
RETRO-2025-001823,2025-06-27,7400.0,945.45,0.0813,1,0.2619,0,94,car,0.02454310268420294,593.3766477584838,Accept,0,Known good,0
RETRO-2025-001824,2025-02-07,14300.0,1725.8,0.1632,2,0.4126,0,38,car,0.03868377716580131,579.8270863204511,Flag / decline,0,Known good,0
RETRO-2025-001825,2025-06-22,3300.0,591.24,0.1396,2,0.332,1,7,debt_consolidation,0.07688080875436011,558.8393066014112,Flag / decline,0,Known good,0
RETRO-2025-001826,2025-06-25,12900.0,402.44,0.0715,4,0.3711,0,136,car,0.037214464190202044,580.9884581750176,Flag / decline,0,Known good,0
RETRO-2025-001827,2025-03-28,12000.0,-96.51,0.371,0,0.723,0,87,debt_consolidation,0.06176721708963222,565.6235296883156,Flag / decline,0,Known good,0
RETRO-2025-001828,2025-02-16,5000.0,993.86,0.118,2,0.3989,0,23,home_improvement,0.04005978960689609,578.7772322343909,Flag / decline,0,Known good,0
RETRO-2025-001829,2025-03-12,4100.0,3498.53,0.1233,0,0.3815,0,45,debt_consolidation,0.027446336060591964,590.0647238598771,Flag / decline,0,Known good,0
RETRO-2025-001830,2025-05-07,5000.0,567.35,0.0981,1,0.152,0,112,debt_consolidation,0.022109269045656188,596.4618768844545,Accept,0,Known good,0
RETRO-2025-001831,2025-04-28,7400.0,2347.62,0.0506,1,0.6153,0,22,debt_consolidation,0.04002330644860096,578.8046185554414,Flag / decline,0,Known good,0
RETRO-2025-001832,2025-02-09,13500.0,1424.08,0.1052,0,0.7527,0,44,debt_consolidation,0.03653758012176273,581.5383842468987,Flag / decline,0,Known good,0
RETRO-2025-001833,2025-06-04,2900.0,1322.35,0.0626,1,0.548,0,14,car,0.04099652133779258,578.0821291017098,Flag / decline,0,Known good,0
RETRO-2025-001834,2025-06-07,10400.0,-28.47,0.2352,1,0.6584,0,3,car,0.09782766400783352,551.2246492152036,Flag / decline,0,Known good,0
RETRO-2025-001835,2025-02-21,1800.0,1420.82,0.0164,1,0.4149,0,61,home_improvement,0.028375341109114383,589.0766654828302,Flag / decline,0,Known good,0
RETRO-2025-001836,2025-04-08,4700.0,4350.26,0.0657,1,0.7482,0,59,home_improvement,0.038519951592464734,579.9544587115553,Flag / decline,0,Known good,0
RETRO-2025-001837,2025-04-14,8500.0,1826.37,0.0649,0,0.4753,0,72,car,0.02631069870355699,591.3176766810926,Flag / decline,0,Known good,0
RETRO-2025-001838,2025-03-14,8000.0,229.39,0.1209,1,0.442,0,58,education,0.011656390112107454,615.2392707593302,Accept,3,Known bad,1
RETRO-2025-001839,2025-03-21,10600.0,2268.04,0.074,1,0.6664,0,83,home_improvement,0.0344006452858329,583.3412197979184,Flag / decline,0,Known good,0
RETRO-2025-001840,2025-06-27,11800.0,285.49,0.0268,1,0.4231,0,104,debt_consolidation,0.0264141044857746,591.2014334714595,Flag / decline,0,Known good,0
RETRO-2025-001841,2025-01-22,6100.0,1312.46,0.0678,0,0.3617,0,67,debt_consolidation,0.024351273819272115,593.6087294941681,Accept,4,Known bad,1
RETRO-2025-001842,2025-04-29,12500.0,1615.37,0.0989,2,0.5475,0,56,home_improvement,0.03867500475924081,579.8338936285518,Flag / decline,0,Known good,0
RETRO-2025-001843,2025-04-09,6700.0,2403.33,0.0245,0,0.6299,0,63,home_improvement,0.029541993586127635,587.8794100849784,Flag / decline,0,Known good,0
RETRO-2025-001844,2025-06-24,18900.0,723.17,0.1789,0,0.0,0,33,car,0.022104666268366324,596.4680202162275,Accept,0,Known good,0
RETRO-2025-001845,2025-03-03,5100.0,2654.51,0.0285,0,0.0408,0,28,debt_consolidation,0.021019563467903894,597.9523845448731,Accept,0,Known good,0
RETRO-2025-001846,2025-04-04,3300.0,129.08,0.376,3,0.4182,0,74,debt_consolidation,0.0735904876742112,560.2040535368377,Flag / decline,0,Known good,0
RETRO-2025-001847,2025-05-24,4300.0,89.2,0.2673,4,0.6592,0,42,home_improvement,0.1009936672069709,550.2042051364061,Flag / decline,0,Known good,0
RETRO-2025-001848,2025-03-24,4500.0,817.82,0.0843,1,0.6835,0,217,car,0.030106403360997624,587.3165604120467,Flag / decline,4,Known bad,1
RETRO-2025-001849,2025-06-12,2900.0,751.1,0.0753,1,0.3312,0,12,debt_consolidation,0.03566259750665929,582.2639624774044,Flag / decline,0,Known good,0
RETRO-2025-001850,2025-02-07,6400.0,1235.04,0.0955,5,0.4732,0,24,major_purchase,0.06117539044246523,565.9195232190009,Flag / decline,0,Known good,0
RETRO-2025-001851,2025-03-16,5700.0,-805.07,0.3731,1,0.4801,0,56,car,0.06237534001460504,565.32213288398,Flag / decline,0,Known good,0
RETRO-2025-001852,2025-01-23,4300.0,1660.47,0.1809,2,0.2296,0,106,debt_consolidation,0.028776023267702875,588.6601742405086,Flag / decline,0,Known good,0
RETRO-2025-001853,2025-01-26,19700.0,1283.4,0.0296,1,0.3994,0,36,home_improvement,0.030766577076421765,586.6710422870219,Flag / decline,0,Known good,0
RETRO-2025-001854,2025-02-14,16500.0,4666.29,0.0626,0,0.5171,0,97,major_purchase,0.025889219260137562,591.7961259723538,Flag / decline,0,Known good,0
RETRO-2025-001855,2025-04-21,30000.0,782.68,0.0898,1,0.3839,0,72,major_purchase,0.028421069637194343,589.0288451445166,Flag / decline,7,Known bad,1
RETRO-2025-001856,2025-02-24,5800.0,2544.04,0.0153,3,0.8284,0,137,home_improvement,0.04495905721525876,575.3004541083745,Flag / decline,0,Known good,0
RETRO-2025-001857,2025-01-16,7300.0,269.14,0.0947,1,0.4177,0,44,car,0.031692874782732715,585.7875617320834,Flag / decline,0,Known good,0
RETRO-2025-001858,2025-06-08,5400.0,308.77,0.3369,1,0.7343,0,21,home_improvement,0.05418094113943045,569.6370132924434,Flag / decline,0,Known good,0
RETRO-2025-001859,2025-04-01,6500.0,101.38,0.179,0,0.6234,0,71,debt_consolidation,0.051591117493213906,571.1291676680722,Flag / decline,0,Known good,0
RETRO-2025-001860,2025-01-05,1400.0,-396.08,0.1701,2,0.3931,0,84,major_purchase,0.05400504111279265,569.7362063692531,Flag / decline,0,Known good,0
RETRO-2025-001861,2025-06-24,5800.0,2386.43,0.0331,2,0.1671,0,16,home_improvement,0.033167756299789415,584.4311214254953,Flag / decline,0,Known good,0
RETRO-2025-001862,2025-02-19,2900.0,1418.48,0.0812,2,0.107,0,58,education,0.009862468946868876,620.1136015639258,Accept,0,Known good,0
RETRO-2025-001863,2025-04-05,14200.0,866.61,0.1923,0,0.1741,1,38,car,0.04256699489498126,576.9501640330151,Flag / decline,0,Known good,0
RETRO-2025-001864,2025-06-02,14100.0,1265.88,0.0605,1,0.2281,0,106,home_improvement,0.023076452616756633,595.197922059932,Accept,0,Known good,0
RETRO-2025-001865,2025-01-22,6800.0,-235.78,0.2084,4,0.2769,0,64,car,0.06828008252246519,562.5300687481524,Flag / decline,0,Known good,0
RETRO-2025-001866,2025-05-01,5700.0,1111.06,0.2006,0,0.2475,1,63,education,0.015606585384099782,606.7030398348801,Accept,0,Known good,0
RETRO-2025-001867,2025-06-08,6900.0,211.3,0.1817,0,0.1921,1,18,home_improvement,0.04806311464764678,573.2801537279017,Flag / decline,0,Known good,0
RETRO-2025-001868,2025-06-09,7500.0,2901.19,0.0448,1,0.0571,0,43,major_purchase,0.022993922204417105,595.30373732678,Accept,0,Known good,0
RETRO-2025-001869,2025-05-22,4600.0,56.02,0.127,3,0.8299,0,55,major_purchase,0.08865704243671857,554.356614845861,Flag / decline,0,Known good,0
RETRO-2025-001870,2025-03-23,15900.0,149.5,0.2797,1,0.1838,0,10,car,0.060197960533977295,566.4142838673076,Flag / decline,0,Known good,0
RETRO-2025-001871,2025-04-17,2500.0,1213.14,0.1303,2,0.1419,0,126,debt_consolidation,0.02515223247270577,592.6512478576025,Flag / decline,0,Known good,0
RETRO-2025-001872,2025-01-18,5100.0,334.68,0.0801,0,0.4521,0,151,major_purchase,0.023167526830731824,595.0815804746196,Accept,0,Known good,0
RETRO-2025-001873,2025-01-14,14700.0,938.29,0.1358,0,0.0772,0,63,debt_consolidation,0.02055498526634265,598.6109614066806,Accept,0,Known good,0
RETRO-2025-001874,2025-05-12,12700.0,815.21,0.1765,0,0.4455,0,66,home_improvement,0.02823713562597175,589.2216491473131,Flag / decline,0,Known good,0
RETRO-2025-001875,2025-01-11,12200.0,-242.86,0.1701,0,0.2134,0,148,debt_consolidation,0.033027743184136316,584.5573602209489,Flag / decline,0,Known good,0
RETRO-2025-001876,2025-04-30,3900.0,2933.32,0.0474,1,0.3815,0,28,home_improvement,0.031958114796081724,585.5391814002048,Flag / decline,0,Known good,0
RETRO-2025-001877,2025-03-10,8800.0,1469.37,0.0486,1,0.3349,0,7,home_improvement,0.03794558200034923,580.4051696788792,Flag / decline,0,Known good,0
RETRO-2025-001878,2025-02-04,5300.0,2030.92,0.0107,1,0.528,0,66,debt_consolidation,0.030541810535230217,586.8892999239436,Flag / decline,0,Known good,0
RETRO-2025-001879,2025-01-23,7300.0,1836.32,0.0645,1,0.2674,0,183,car,0.021860655887736814,596.7955044375368,Accept,0,Known good,0
RETRO-2025-001880,2025-01-25,5800.0,341.47,0.2206,4,0.4785,0,23,debt_consolidation,0.05936293619491778,566.8429526562303,Flag / decline,0,Known good,0
RETRO-2025-001881,2025-05-08,8700.0,2332.48,0.1089,2,0.3695,0,85,home_improvement,0.0316499824320431,585.827916425029,Flag / decline,0,Known good,0
RETRO-2025-001882,2025-06-28,5100.0,700.8,0.1419,1,0.6013,0,62,major_purchase,0.03592556411684781,582.044112705833,Flag / decline,0,Known good,0
RETRO-2025-001883,2025-03-19,11200.0,-17.65,0.1388,1,0.2575,0,159,home_improvement,0.03769949445590368,580.6002842894251,Flag / decline,0,Known good,0
RETRO-2025-001884,2025-02-10,2500.0,433.89,0.2494,1,0.433,0,81,major_purchase,0.03253275148180522,585.0078376673579,Flag / decline,0,Known good,0
RETRO-2025-001885,2025-06-09,5200.0,487.32,0.3526,1,0.4219,0,193,other,0.03020746071578732,587.2168629203954,Flag / decline,0,Known good,0
RETRO-2025-001886,2025-06-16,11700.0,717.94,0.0296,1,0.6296,0,88,debt_consolidation,0.03206035903590983,585.4439681899279,Flag / decline,0,Known good,0
RETRO-2025-001887,2025-05-31,6600.0,1358.24,0.0523,0,0.1886,0,81,major_purchase,0.020318930826757783,598.951191553493,Accept,0,Known good,0
RETRO-2025-001888,2025-02-01,7000.0,691.1,0.1244,1,0.2676,1,130,home_improvement,0.040962497655568524,578.1071090324423,Flag / decline,0,Known good,0
RETRO-2025-001889,2025-02-24,22600.0,5732.25,0.0631,0,0.6009,1,46,major_purchase,0.052686722311852036,570.4894815923471,Flag / decline,0,Known good,0
RETRO-2025-001890,2025-02-17,7900.0,1317.2,0.1254,3,0.1218,0,54,home_improvement,0.03224723206511633,585.2707020316609,Flag / decline,0,Known good,0
RETRO-2025-001891,2025-05-28,8500.0,1582.28,0.0628,2,0.5911,1,22,car,0.07543750075039583,559.4312174434151,Flag / decline,0,Known good,0
RETRO-2025-001892,2025-05-16,6800.0,509.66,0.1407,1,0.2618,0,38,debt_consolidation,0.02960960960696011,587.8114339941325,Flag / decline,0,Known good,0
RETRO-2025-001893,2025-01-18,8800.0,48.36,0.2018,0,0.5921,0,11,car,0.06782244440151965,562.7382780066696,Flag / decline,0,Known good,0
RETRO-2025-001894,2025-04-14,16700.0,1373.85,0.1246,0,0.5349,0,40,debt_consolidation,0.031635229573271244,585.8418086820795,Flag / decline,0,Known good,0
RETRO-2025-001895,2025-01-14,7500.0,424.55,0.1718,1,0.6866,0,111,car,0.035791287198380914,582.1561788324354,Flag / decline,8,Known bad,1
RETRO-2025-001896,2025-04-06,10200.0,-30.63,0.3578,2,0.3157,0,29,major_purchase,0.06828226705716818,562.5290779672479,Flag / decline,0,Known good,0
RETRO-2025-001897,2025-04-30,7000.0,-187.96,0.2171,2,0.2532,0,44,car,0.05535831138495591,568.9807834792342,Flag / decline,0,Known good,0
RETRO-2025-001898,2025-06-25,4600.0,1360.87,0.0559,0,0.3244,0,12,major_purchase,0.03066949514531465,586.7651228079287,Flag / decline,0,Known good,0
RETRO-2025-001899,2025-06-28,1700.0,-351.27,0.1998,2,0.5381,0,92,debt_consolidation,0.060829390344830106,566.0938124322842,Flag / decline,0,Known good,0
RETRO-2025-001900,2025-06-10,4000.0,-1004.9,0.9131,3,0.8291,0,47,debt_consolidation,0.1516466707098217,536.8019048172474,Flag / decline,0,Known good,0
RETRO-2025-001901,2025-03-05,9400.0,822.48,0.3118,1,0.4232,0,109,major_purchase,0.032191950232033764,585.3218572828634,Flag / decline,0,Known good,0
RETRO-2025-001902,2025-05-22,4700.0,1143.8,0.308,4,0.4257,0,88,debt_consolidation,0.04923696902543079,572.548315171891,Flag / decline,0,Known good,0
RETRO-2025-001903,2025-05-30,10800.0,383.6,0.0708,1,0.2412,0,82,car,0.024489724576245736,593.4410485153514,Accept,0,Known good,0
RETRO-2025-001904,2025-01-13,4000.0,1041.35,0.0695,0,0.2982,1,63,debt_consolidation,0.03973143150392569,579.0245817450302,Flag / decline,0,Known good,0
RETRO-2025-001905,2025-03-08,20600.0,-38.29,0.252,1,0.2324,1,49,debt_consolidation,0.08050160252696603,557.3980292494149,Flag / decline,0,Known good,0
RETRO-2025-001906,2025-05-03,6400.0,1006.89,0.2757,1,0.3056,0,20,car,0.03733074704660651,580.8949547581994,Flag / decline,0,Known good,0
RETRO-2025-001907,2025-03-12,6400.0,1350.0,0.1211,1,0.0633,0,112,home_improvement,0.020932915778677015,598.074126776041,Accept,0,Known good,0
RETRO-2025-001908,2025-02-27,9600.0,38.9,0.0818,0,0.2733,0,102,debt_consolidation,0.03451159885696265,583.24499039968,Flag / decline,0,Known good,0
RETRO-2025-001909,2025-06-16,3000.0,1587.33,0.0854,2,0.6259,0,39,home_improvement,0.04313047029442371,576.553733655154,Flag / decline,0,Known good,0
RETRO-2025-001910,2025-01-24,4600.0,3413.33,0.0874,0,0.53,1,92,home_improvement,0.04549181548779754,574.9444492488298,Flag / decline,1,Indeterminate,0
RETRO-2025-001911,2025-05-16,5000.0,1089.13,0.0378,1,0.6518,0,38,debt_consolidation,0.037498477425859,580.7605741969957,Flag / decline,0,Known good,0
RETRO-2025-001912,2025-03-13,11800.0,3158.56,0.035,2,0.1163,0,26,car,0.029593086275233025,587.8280314107376,Flag / decline,0,Known good,0
RETRO-2025-001913,2025-01-21,6800.0,1385.59,0.1724,0,0.4194,0,66,home_improvement,0.027572429810505002,589.9287258460082,Flag / decline,0,Known good,0
RETRO-2025-001914,2025-02-11,18100.0,-376.88,0.2406,3,0.4504,0,43,major_purchase,0.0746331434614472,559.7656176103264,Flag / decline,0,Known good,0
RETRO-2025-001915,2025-05-28,13100.0,2327.26,0.0779,2,0.6291,0,56,debt_consolidation,0.040636733766936724,578.3472931422718,Flag / decline,0,Known good,0
RETRO-2025-001916,2025-06-10,3100.0,514.12,0.1037,1,0.3771,0,20,debt_consolidation,0.03493462386955748,582.8808195111899,Flag / decline,0,Known good,0
RETRO-2025-001917,2025-03-29,19200.0,436.68,0.0621,1,0.4168,0,42,home_improvement,0.03116544220929452,586.2875009553699,Flag / decline,0,Known good,0
RETRO-2025-001918,2025-04-12,9300.0,1983.08,0.1444,0,0.276,0,112,debt_consolidation,0.022116047262599234,596.4528322665179,Accept,0,Known good,0
RETRO-2025-001919,2025-06-08,30000.0,993.67,0.0505,0,0.6518,0,25,other,0.03543355071863918,582.4567298500601,Flag / decline,0,Known good,0
RETRO-2025-001920,2025-03-15,11600.0,1831.15,0.0516,1,0.8959,0,109,home_improvement,0.038878462754878426,579.6763921064908,Flag / decline,0,Known good,0
RETRO-2025-001921,2025-01-06,8500.0,-376.23,0.1331,1,0.3656,1,150,home_improvement,0.06919863516678851,562.1160329601279,Flag / decline,0,Known good,0
RETRO-2025-001922,2025-03-29,14900.0,1748.15,0.0689,0,0.3553,0,65,debt_consolidation,0.024364233856497476,593.5929939067836,Accept,0,Known good,0
RETRO-2025-001923,2025-01-02,1800.0,1817.6,0.1277,1,0.3661,0,26,education,0.012532404051100733,613.1228424558396,Accept,0,Known good,0
RETRO-2025-001924,2025-03-01,6600.0,1316.7,0.1509,1,0.5836,1,58,debt_consolidation,0.06063340921113285,566.1929449323713,Flag / decline,0,Known good,0
RETRO-2025-001925,2025-04-07,13500.0,4615.35,0.0325,1,0.3313,0,37,car,0.029074558440483945,588.353502748256,Flag / decline,0,Known good,0
RETRO-2025-001926,2025-02-13,9100.0,956.35,0.0943,1,0.0524,0,197,car,0.018561684801161406,601.6128366741932,Accept,0,Known good,0
RETRO-2025-001927,2025-04-21,4300.0,305.62,0.1595,1,0.0885,0,15,car,0.030202306414084966,587.2219400378774,Flag / decline,0,Known good,0
RETRO-2025-001928,2025-05-16,6400.0,173.68,0.2929,0,0.5384,0,79,debt_consolidation,0.032128222268840684,585.3809336767054,Flag / decline,3,Known bad,1
RETRO-2025-001929,2025-01-28,6800.0,-12.89,0.3675,1,0.7442,0,81,major_purchase,0.07189302443399152,560.9302242213558,Flag / decline,0,Known good,0
RETRO-2025-001930,2025-06-08,7200.0,1181.36,0.0528,1,0.3694,0,135,car,0.02471748012127655,593.1672086500789,Accept,0,Known good,0
RETRO-2025-001931,2025-04-07,7000.0,3507.3,0.1101,0,0.2481,0,64,other,0.023089761838436147,595.1808924258356,Accept,0,Known good,0
RETRO-2025-001932,2025-06-29,4100.0,3943.03,0.0738,1,0.0854,0,56,home_improvement,0.023027686230052535,595.2604024791642,Accept,0,Known good,0
RETRO-2025-001933,2025-01-20,3800.0,652.27,0.1958,1,0.2693,0,31,major_purchase,0.03200091608383137,585.4992876369106,Flag / decline,0,Known good,0
RETRO-2025-001934,2025-02-10,4800.0,375.36,0.129,1,0.3264,0,85,home_improvement,0.027188484054285793,590.3447299786341,Flag / decline,0,Known good,0
RETRO-2025-001935,2025-05-05,3500.0,981.21,0.0495,3,0.3261,0,59,education,0.01313502129815326,611.75012152562,Accept,0,Known good,0
RETRO-2025-001936,2025-01-17,4100.0,311.45,0.1697,1,0.2616,1,46,education,0.018559767625720123,601.6158734168822,Accept,2,Indeterminate,0
RETRO-2025-001937,2025-06-15,8500.0,1102.31,0.069,1,0.6758,0,103,car,0.03336322223547562,584.255743193492,Flag / decline,0,Known good,0
RETRO-2025-001938,2025-01-03,7100.0,2541.52,0.0043,0,0.6953,0,43,car,0.03259356631644979,584.9521364051261,Flag / decline,0,Known good,0
RETRO-2025-001939,2025-04-14,5300.0,2169.75,0.0071,0,0.0847,0,24,debt_consolidation,0.021966700038453392,596.652746711622,Accept,0,Known good,0
RETRO-2025-001940,2025-03-07,5800.0,-57.97,0.1362,0,0.4801,0,61,car,0.045824437003461053,574.7241897525792,Flag / decline,0,Known good,0
RETRO-2025-001941,2025-04-12,12600.0,690.71,0.1297,0,0.1524,0,11,major_purchase,0.02856376918583614,588.8800966791813,Flag / decline,0,Known good,0
RETRO-2025-001942,2025-06-03,3700.0,375.23,0.3072,3,0.6909,0,215,home_improvement,0.04620289958321663,574.4754181486677,Flag / decline,0,Known good,0
RETRO-2025-001943,2025-02-15,8000.0,191.37,0.2814,0,0.2097,0,82,home_improvement,0.024355057010927033,593.6041352420947,Accept,0,Known good,0
RETRO-2025-001944,2025-01-09,5600.0,1358.97,0.0842,2,0.4314,0,138,car,0.03021987804797215,587.2046349801144,Flag / decline,0,Known good,0
RETRO-2025-001945,2025-06-19,3100.0,1575.5,0.0959,1,0.5818,0,69,car,0.03365023724838792,584.0000136883895,Flag / decline,0,Known good,0
RETRO-2025-001946,2025-06-04,9800.0,505.84,0.1823,2,0.5248,0,240,debt_consolidation,0.03195342003579373,585.5435603856758,Flag / decline,0,Known good,0
RETRO-2025-001947,2025-04-29,8600.0,3151.17,0.0327,0,0.7695,0,130,car,0.02957348319091086,587.8477340450133,Flag / decline,0,Known good,0
RETRO-2025-001948,2025-01-16,24500.0,-721.1,0.2562,2,0.3092,0,9,home_improvement,0.07513263617762253,559.557573284565,Flag / decline,0,Known good,0
RETRO-2025-001949,2025-03-09,1100.0,-217.04,0.3246,0,0.3722,0,49,debt_consolidation,0.049783892246107506,572.2129707888053,Flag / decline,0,Known good,0
RETRO-2025-001950,2025-02-06,5500.0,1972.09,0.0302,3,0.504,0,29,home_improvement,0.04493682903632754,575.3153948295242,Flag / decline,0,Known good,0
RETRO-2025-001951,2025-05-14,8200.0,2932.75,0.0273,0,0.3191,0,140,major_purchase,0.02028160742815645,599.0053406298564,Accept,0,Known good,0
RETRO-2025-001952,2025-05-06,6600.0,1269.36,0.1894,4,0.1376,0,20,home_improvement,0.045475242787075175,574.9554636336348,Flag / decline,0,Known good,0
RETRO-2025-001953,2025-05-02,11400.0,1665.49,0.1538,3,0.2274,0,32,home_improvement,0.03885797187363894,579.6922187062504,Flag / decline,0,Known good,0
RETRO-2025-001954,2025-05-26,8500.0,1012.0,0.1411,2,0.0015,0,74,home_improvement,0.024681718416559466,593.2100432299502,Accept,0,Known good,0
RETRO-2025-001955,2025-02-05,6100.0,-395.01,0.2295,0,0.3188,1,135,debt_consolidation,0.06389190318440144,564.5822784938085,Flag / decline,0,Known good,0
RETRO-2025-001956,2025-01-28,13900.0,758.94,0.0527,0,0.7897,0,63,major_purchase,0.03423671261743572,583.483946899752,Flag / decline,0,Known good,0
RETRO-2025-001957,2025-06-20,3900.0,271.66,0.4301,1,0.0605,0,21,home_improvement,0.03407028361080202,583.6295233355967,Flag / decline,0,Known good,0
RETRO-2025-001958,2025-06-02,3100.0,-336.61,0.1994,0,0.5277,0,51,major_purchase,0.05114558686222838,571.3929777822422,Flag / decline,0,Known good,0
RETRO-2025-001959,2025-04-26,5400.0,2364.43,0.0382,0,0.3132,0,98,debt_consolidation,0.02155878764699788,597.2056205279497,Accept,0,Known good,0
RETRO-2025-001960,2025-06-14,6800.0,1093.36,0.1518,1,0.4422,1,73,debt_consolidation,0.05245826934256434,570.6218235046579,Flag / decline,0,Known good,0
RETRO-2025-001961,2025-02-05,13200.0,1056.78,0.115,1,0.245,0,70,other,0.026016281489464152,591.6510957754685,Flag / decline,0,Known good,0
RETRO-2025-001962,2025-02-20,6300.0,6147.09,0.05,0,0.0333,0,39,car,0.02013313275172017,599.2217195119532,Accept,0,Known good,0
RETRO-2025-001963,2025-03-10,12700.0,268.59,0.0802,0,0.0912,1,89,debt_consolidation,0.032159217355526806,585.3521868165503,Flag / decline,0,Known good,0
RETRO-2025-001964,2025-04-25,29600.0,3517.61,0.0571,2,0.7342,0,31,major_purchase,0.04769493347970911,573.5131938617467,Flag / decline,0,Known good,0
RETRO-2025-001965,2025-06-12,29200.0,2109.51,0.0499,2,0.4411,0,181,major_purchase,0.028439741125782885,589.0093410170721,Flag / decline,0,Known good,0
RETRO-2025-001966,2025-05-20,2500.0,-35.74,0.1865,1,0.4884,0,40,home_improvement,0.05804644203744796,567.5304039293651,Flag / decline,0,Known good,0
RETRO-2025-001967,2025-03-24,2600.0,265.22,0.2522,3,0.7834,0,56,home_improvement,0.05900207148336061,567.029956914409,Flag / decline,0,Known good,0
RETRO-2025-001968,2025-05-11,9100.0,2234.45,0.013,1,0.1431,0,19,car,0.027377188928507254,590.1395602719424,Flag / decline,0,Known good,0
RETRO-2025-001969,2025-04-19,2600.0,547.78,0.2653,1,0.0809,1,112,other,0.04001969253290717,578.8073326669638,Flag / decline,0,Known good,0
RETRO-2025-001970,2025-06-22,6900.0,-701.33,0.2037,0,0.1693,0,175,car,0.03179897071790645,585.6879692900147,Flag / decline,0,Known good,0
RETRO-2025-001971,2025-05-06,8000.0,-746.68,0.349,2,0.3517,1,48,education,0.04145029807670023,577.7508533585566,Flag / decline,0,Known good,0
RETRO-2025-001972,2025-01-15,2700.0,3544.14,0.0455,1,0.6621,1,89,debt_consolidation,0.05600783672341257,568.6243616403021,Flag / decline,0,Known good,0
RETRO-2025-001973,2025-05-01,6700.0,4095.42,0.0518,1,0.4314,0,83,home_improvement,0.028075049344420806,589.3925652809485,Flag / decline,0,Known good,0
RETRO-2025-001974,2025-01-19,2800.0,-139.37,0.2134,1,0.1776,0,37,car,0.046992646681685665,573.9624845333816,Flag / decline,0,Known good,0
RETRO-2025-001975,2025-03-26,3500.0,275.07,0.0842,2,0.1797,0,72,major_purchase,0.02744191167520093,590.0695067846714,Flag / decline,0,Known good,0
RETRO-2025-001976,2025-02-15,4600.0,2245.41,0.1099,1,0.656,1,141,home_improvement,0.05426330016922937,569.5906739161247,Flag / decline,0,Known good,0
RETRO-2025-001977,2025-04-18,5800.0,-462.2,0.3228,0,0.2614,0,99,home_improvement,0.04080219203056,578.2250721244079,Flag / decline,0,Known good,0
RETRO-2025-001978,2025-03-15,8100.0,285.48,0.125,2,0.497,0,246,debt_consolidation,0.029872456897965128,587.5486087567762,Flag / decline,0,Known good,0
RETRO-2025-001979,2025-06-14,20200.0,1107.03,0.1257,2,0.5749,0,67,car,0.03915784427681417,579.461400205442,Flag / decline,0,Known good,0
RETRO-2025-001980,2025-06-13,8800.0,366.8,0.1627,2,0.3228,1,67,car,0.05552470016440165,568.889105506003,Flag / decline,0,Known good,0
RETRO-2025-001981,2025-01-14,13600.0,787.66,0.1573,2,0.7763,0,45,car,0.049936388326703184,572.1200907251833,Flag / decline,4,Known bad,1
RETRO-2025-001982,2025-06-21,2700.0,-272.69,0.2108,0,0.4499,0,53,debt_consolidation,0.048226878951982396,573.1770433879443,Flag / decline,0,Known good,0
RETRO-2025-001983,2025-06-05,5300.0,1769.57,0.0243,2,0.2021,0,19,debt_consolidation,0.03301019428632702,584.5732191161646,Flag / decline,0,Known good,0
RETRO-2025-001984,2025-02-05,2800.0,-762.56,0.8699,1,0.9409,1,100,education,0.0739963599725775,560.0327093247314,Flag / decline,5,Known bad,1
RETRO-2025-001985,2025-02-09,5900.0,2574.75,0.0754,2,0.3854,0,59,debt_consolidation,0.03316811032696875,584.4308028798431,Flag / decline,0,Known good,0
RETRO-2025-001986,2025-03-21,5700.0,2042.25,0.0543,3,0.5257,0,20,debt_consolidation,0.0492122785444597,572.5635372435543,Flag / decline,0,Known good,0
RETRO-2025-001987,2025-01-05,3800.0,4465.45,0.0451,1,0.3311,0,65,other,0.02681738026966158,590.7522829955948,Flag / decline,0,Known good,0
RETRO-2025-001988,2025-06-20,12400.0,435.5,0.0799,1,0.2119,0,101,debt_consolidation,0.023281935370209804,594.9360618824361,Accept,0,Known good,0
RETRO-2025-001989,2025-06-21,5200.0,40.11,0.1321,0,0.2767,0,54,home_improvement,0.03968440089719657,579.0601698382459,Flag / decline,0,Known good,0
RETRO-2025-001990,2025-01-22,6200.0,1259.73,0.1256,1,0.6126,0,37,car,0.03886649899128389,579.6856316196832,Flag / decline,0,Known good,0
RETRO-2025-001991,2025-02-27,12400.0,1034.03,0.0849,1,0.2561,0,47,other,0.027373822385555382,590.1432084946529,Flag / decline,0,Known good,0
RETRO-2025-001992,2025-04-26,5800.0,233.65,0.0568,0,0.6063,0,52,car,0.03059460709184603,586.8378928376659,Flag / decline,0,Known good,0
RETRO-2025-001993,2025-04-13,14800.0,1525.2,0.1504,2,0.3822,0,49,debt_consolidation,0.035952947572476746,582.0213082702367,Flag / decline,0,Known good,0
RETRO-2025-001994,2025-02-28,2000.0,637.9,0.3732,0,0.2612,0,21,car,0.033638990979162564,584.009994378959,Flag / decline,0,Known good,0
RETRO-2025-001995,2025-01-24,2300.0,-109.59,0.14,0,0.2845,0,25,debt_consolidation,0.04527206739369282,575.0908076798321,Flag / decline,0,Known good,0
RETRO-2025-001996,2025-06-14,6500.0,422.33,0.0734,3,0.1149,0,97,other,0.02812967091910001,589.3348613285059,Flag / decline,0,Known good,0
RETRO-2025-001997,2025-04-29,16700.0,766.05,0.1615,0,0.7047,0,32,education,0.014303147700238977,609.2576649499609,Accept,0,Known good,0
RETRO-2025-001998,2025-01-05,10100.0,1885.9,0.0165,0,0.1506,1,28,other,0.03866453544399626,579.8420196623606,Flag / decline,0,Known good,0
RETRO-2025-001999,2025-03-21,5200.0,704.7,0.1029,2,0.6256,0,107,car,0.037226534896750506,580.978739026963,Flag / decline,0,Known good,0
RETRO-2025-002000,2025-04-10,2900.0,480.87,0.228,1,0.2418,0,58,major_purchase,0.029015005142172808,588.4144344326247,Flag / decline,0,Known good,0
