account_id,application_date,requested_loan_amount,disposable_income,debt_to_income_ratio,recent_application_count,revolving_utilisation,historic_defaults,time_at_address_months,loan_purpose,predicted_pd,score,decision,total_missed_payments,observed_group,observed_bad
RETRO-2025-000001,2025-02-20,7000.0,274.21,0.149,1,0.4782,0,39,car,0.0352392724948663,582.621178905346,Flag / decline,0,Known good,0
RETRO-2025-000002,2025-04-24,8900.0,1730.16,0.0857,1,0.0756,0,136,other,0.019964453418136,599.4694481618852,Accept,0,Known good,0
RETRO-2025-000003,2025-06-08,6900.0,2333.96,0.0407,0,0.6599,0,102,car,0.0283370641277661,589.1167509662703,Flag / decline,6,Known bad,1
RETRO-2025-000004,2025-04-10,16100.0,863.66,0.1702,2,0.4448,1,69,debt_consolidation,0.0610678424568063,565.9735989935922,Flag / decline,0,Known good,0
RETRO-2025-000005,2025-03-01,6400.0,295.79,0.2073,1,0.1288,0,115,car,0.0233887019751687,594.8008915167898,Accept,0,Known good,0
RETRO-2025-000006,2025-03-02,9900.0,3789.53,0.0662,0,0.4718,0,95,major_purchase,0.0251155579242953,592.694436008901,Flag / decline,0,Known good,0
RETRO-2025-000007,2025-06-16,5500.0,1275.96,0.1732,1,0.4415,0,99,debt_consolidation,0.0300270316531019,587.3950916828708,Flag / decline,0,Known good,0
RETRO-2025-000008,2025-04-27,6200.0,-583.73,0.6951,0,0.7873,0,35,major_purchase,0.092978352263201,552.8462805960918,Flag / decline,0,Known good,0
RETRO-2025-000009,2025-01-07,6600.0,1859.5,0.1429,0,0.5396,2,98,debt_consolidation,0.0787991380602107,558.0681563439599,Flag / decline,2,Indeterminate,0
RETRO-2025-000010,2025-06-28,9000.0,-51.04,0.4781,3,0.7963,0,26,debt_consolidation,0.1218242047729433,544.1170555146364,Flag / decline,0,Known good,0
RETRO-2025-000011,2025-05-28,10900.0,694.13,0.1096,4,0.6467,0,99,home_improvement,0.0499458218601005,572.1143539180355,Flag / decline,0,Known good,0
RETRO-2025-000012,2025-03-16,5300.0,49.16,0.2762,1,0.2169,0,58,home_improvement,0.0472325624045397,573.8082841537316,Flag / decline,0,Known good,0
RETRO-2025-000013,2025-06-24,9700.0,1309.88,0.1257,1,0.1152,1,81,major_purchase,0.039192348339892,579.4349505221106,Flag / decline,0,Known good,0
RETRO-2025-000014,2025-02-26,2300.0,1068.97,0.1426,0,0.0577,1,11,car,0.0452747823644426,575.0889953078959,Flag / decline,0,Known good,0
RETRO-2025-000015,2025-01-10,6800.0,1399.11,0.1666,2,0.1395,1,97,car,0.0455311562948808,574.9183182443626,Flag / decline,0,Known good,0
RETRO-2025-000016,2025-04-28,4200.0,896.81,0.1127,2,0.5369,0,147,debt_consolidation,0.0332091553495655,584.3938937355374,Flag / decline,0,Known good,0
RETRO-2025-000017,2025-01-25,5100.0,876.99,0.1088,0,0.1339,0,25,home_improvement,0.0244432380346683,593.4972461696743,Accept,0,Known good,0
RETRO-2025-000018,2025-03-27,7000.0,2495.52,0.1465,1,0.6126,2,9,education,0.052573573059776,570.5549606215247,Flag / decline,0,Known good,0
RETRO-2025-000019,2025-03-05,4100.0,3966.35,0.0553,0,0.2748,0,50,education,0.0086802064156905,623.8324237298325,Accept,0,Known good,0
RETRO-2025-000020,2025-05-13,8900.0,677.84,0.043,2,0.5613,0,79,car,0.0355734758144511,582.338825804017,Flag / decline,0,Known good,0
RETRO-2025-000021,2025-02-10,30000.0,1633.32,0.0306,3,0.2607,1,53,car,0.0568759512992308,568.15401349671,Flag / decline,1,Indeterminate,0
RETRO-2025-000022,2025-01-18,8300.0,-358.4,0.2508,1,0.0944,0,52,home_improvement,0.0428630166782852,576.7412786030129,Flag / decline,5,Known bad,1
RETRO-2025-000023,2025-04-07,3100.0,1769.2,0.045,1,0.0094,0,171,home_improvement,0.0177002109821567,603.0093747472208,Accept,0,Known good,0
RETRO-2025-000024,2025-02-24,8800.0,967.58,0.2656,1,0.0741,0,108,home_improvement,0.023587888656497,594.550316123747,Accept,0,Known good,0
RETRO-2025-000025,2025-06-10,9100.0,3673.05,0.0912,1,0.1808,1,91,debt_consolidation,0.0395366387196474,579.1722452556462,Flag / decline,0,Known good,0
RETRO-2025-000026,2025-01-19,7400.0,1417.79,0.1775,2,0.5013,0,107,home_improvement,0.0355828066223968,582.3309793490283,Flag / decline,0,Known good,0
RETRO-2025-000027,2025-04-18,6600.0,3138.34,0.0626,1,0.0611,0,13,home_improvement,0.0281604931532663,589.302347752588,Flag / decline,0,Known good,0
RETRO-2025-000028,2025-06-30,7600.0,709.63,0.0174,3,0.4562,0,80,home_improvement,0.0365646804492177,581.5161793066245,Flag / decline,0,Known good,0
RETRO-2025-000029,2025-03-27,8700.0,312.97,0.2105,1,0.2401,1,33,education,0.0198153012209339,599.6902126454654,Accept,0,Known good,0
RETRO-2025-000030,2025-06-01,16300.0,2529.56,0.0477,0,0.531,0,45,debt_consolidation,0.0292881590019422,588.1359496909507,Flag / decline,0,Known good,0
RETRO-2025-000031,2025-04-20,2800.0,2234.92,0.0787,0,0.6816,0,14,debt_consolidation,0.0404418549634823,578.4918592750133,Flag / decline,0,Known good,0
RETRO-2025-000032,2025-01-10,10400.0,2162.73,0.0551,3,0.4191,0,36,debt_consolidation,0.0413706801436589,577.808725896579,Flag / decline,0,Known good,0
RETRO-2025-000033,2025-02-22,9500.0,3075.64,0.0276,1,0.224,0,48,car,0.0255117290166276,592.2311209541588,Flag / decline,0,Known good,0
RETRO-2025-000034,2025-02-22,3300.0,2936.78,0.0174,0,0.1776,0,7,other,0.0287084570976336,588.7300101695561,Flag / decline,0,Known good,0
RETRO-2025-000035,2025-02-19,6800.0,401.45,0.2085,1,0.4404,0,22,home_improvement,0.0390111632820381,579.5740911636037,Flag / decline,0,Known good,0
RETRO-2025-000036,2025-06-02,10300.0,1269.16,0.1312,0,0.7831,0,78,major_purchase,0.0348236803620401,582.9759148355411,Flag / decline,0,Known good,0
RETRO-2025-000037,2025-05-27,4700.0,842.25,0.0641,2,0.8019,0,74,home_improvement,0.0441238351853333,575.8667487720849,Flag / decline,0,Known good,0
RETRO-2025-000038,2025-06-24,2400.0,730.07,0.0622,0,0.1225,0,45,car,0.0213313349462091,597.5183631778418,Accept,0,Known good,0
RETRO-2025-000039,2025-05-17,3600.0,278.39,0.2805,2,0.5681,0,86,debt_consolidation,0.0418005899586911,577.497490523746,Flag / decline,0,Known good,0
RETRO-2025-000040,2025-02-03,7100.0,2345.55,0.0718,2,0.1753,0,92,debt_consolidation,0.0260543849365022,591.6077384450814,Flag / decline,0,Known good,0
RETRO-2025-000041,2025-04-16,10500.0,1917.3,0.1358,0,0.0656,0,47,debt_consolidation,0.021345995608018,597.4981069559616,Accept,0,Known good,0
RETRO-2025-000042,2025-05-08,12500.0,-339.69,0.4022,1,0.6255,0,28,debt_consolidation,0.0789997996858231,557.9884876011014,Flag / decline,0,Known good,0
RETRO-2025-000043,2025-04-23,4100.0,1700.22,0.153,1,0.837,0,135,other,0.0385554406322246,579.9268223539627,Flag / decline,0,Known good,0
RETRO-2025-000044,2025-06-23,6300.0,326.58,0.1068,2,0.5364,0,14,car,0.0477367975448692,573.4866100897053,Flag / decline,0,Known good,0
RETRO-2025-000045,2025-06-16,3500.0,517.73,0.1327,1,0.4176,0,61,debt_consolidation,0.0309202653812222,586.522691541694,Flag / decline,0,Known good,0
RETRO-2025-000046,2025-02-02,6200.0,4046.02,0.0032,0,0.3548,1,38,car,0.0429060295932083,576.7110416155147,Flag / decline,0,Known good,0
RETRO-2025-000047,2025-01-11,22200.0,803.56,0.0595,2,0.0,0,56,car,0.0243021480044664,593.6684504342716,Accept,0,Known good,0
RETRO-2025-000048,2025-04-17,16500.0,198.29,0.2239,0,0.3285,0,12,debt_consolidation,0.0347130118083093,583.0710658746092,Flag / decline,0,Known good,0
RETRO-2025-000049,2025-02-22,7500.0,2367.5,0.0195,0,0.4327,0,28,other,0.028596478183145,588.8461028003205,Flag / decline,0,Known good,0
RETRO-2025-000050,2025-06-03,2500.0,-32.61,0.1873,2,0.6069,0,129,debt_consolidation,0.0603338550911213,566.345048167753,Flag / decline,0,Known good,0
RETRO-2025-000051,2025-02-22,28900.0,1178.43,0.1394,1,0.493,0,6,home_improvement,0.0468329922227927,574.0655140882458,Flag / decline,0,Known good,0
RETRO-2025-000052,2025-03-31,8800.0,948.95,0.1335,0,0.4719,0,75,debt_consolidation,0.027391556455038,590.1239955089466,Flag / decline,0,Known good,0
RETRO-2025-000053,2025-05-10,15200.0,-660.62,0.5901,1,0.1335,0,44,car,0.057613285764371,567.7597913256623,Flag / decline,0,Known good,0
RETRO-2025-000054,2025-02-08,15200.0,1038.0,0.0472,2,0.4589,0,74,car,0.0332388280737252,584.3672383905476,Flag / decline,0,Known good,0
RETRO-2025-000055,2025-01-26,15600.0,800.27,0.0471,0,0.1832,0,44,debt_consolidation,0.0222344238133905,596.2953100003377,Accept,0,Known good,0
RETRO-2025-000056,2025-01-29,7200.0,1485.02,0.0106,3,0.4945,1,23,education,0.0290251872935729,588.4040080177992,Flag / decline,0,Known good,0
RETRO-2025-000057,2025-03-16,4700.0,682.92,0.0337,4,0.213,1,93,debt_consolidation,0.0572197446387552,567.9696078095137,Flag / decline,0,Known good,0
RETRO-2025-000058,2025-01-06,6400.0,-887.92,0.482,0,0.6564,0,123,other,0.060065098887971,566.4821159257607,Flag / decline,0,Known good,0
RETRO-2025-000059,2025-02-19,5800.0,1111.0,0.0072,0,0.2827,0,39,home_improvement,0.0238527509912565,594.2203006127829,Accept,0,Known good,0
RETRO-2025-000060,2025-05-02,8700.0,-252.92,0.1023,1,0.0912,0,41,education,0.0148513983597984,608.1562897590555,Accept,0,Known good,0
RETRO-2025-000061,2025-02-20,20700.0,880.87,0.195,0,0.2208,0,105,car,0.0221776623520246,596.3707392533888,Accept,0,Known good,0
RETRO-2025-000062,2025-03-19,2100.0,1136.89,0.0879,2,0.4841,0,36,car,0.0391223216669854,579.4886540396787,Flag / decline,0,Known good,0
RETRO-2025-000063,2025-01-28,7800.0,-300.28,0.42,1,0.39,0,26,car,0.0675769097962323,562.8505251394554,Flag / decline,0,Known good,0
RETRO-2025-000064,2025-05-06,16200.0,-156.18,0.1108,1,0.5237,0,49,home_improvement,0.0548345981044786,569.2710454095657,Flag / decline,0,Known good,0
RETRO-2025-000065,2025-05-03,6600.0,116.91,0.089,0,0.2175,0,85,debt_consolidation,0.0341673927289528,583.5444982851417,Flag / decline,0,Known good,0
RETRO-2025-000066,2025-06-21,8500.0,1079.19,0.1414,0,0.5956,0,163,car,0.0268367524758117,590.7308728101191,Flag / decline,0,Known good,0
RETRO-2025-000067,2025-03-22,9900.0,1137.41,0.0827,1,0.4126,0,43,car,0.0314075002065646,586.0570523299345,Flag / decline,0,Known good,0
RETRO-2025-000068,2025-02-02,2200.0,925.55,0.0552,0,0.235,0,85,debt_consolidation,0.0209728619199605,598.0179402737075,Accept,0,Known good,0
RETRO-2025-000069,2025-05-16,2200.0,-496.06,0.1718,2,0.3422,0,89,debt_consolidation,0.0514993031437797,571.1833565580384,Flag / decline,0,Known good,0
RETRO-2025-000070,2025-01-12,10400.0,1513.17,0.0179,1,0.0128,0,54,home_improvement,0.0209803013365291,598.0074878833658,Accept,0,Known good,0
RETRO-2025-000071,2025-01-06,9100.0,307.72,0.0909,0,0.6607,0,43,debt_consolidation,0.0337415774743458,583.9190713216778,Flag / decline,0,Known good,0
RETRO-2025-000072,2025-01-19,4800.0,-631.8,0.3914,3,0.7032,0,27,car,0.1069538816506344,548.3577929556172,Flag / decline,0,Known good,0
RETRO-2025-000073,2025-04-04,9200.0,1062.89,0.2789,0,0.141,0,41,debt_consolidation,0.0257107218549161,592.0010395712129,Flag / decline,0,Known good,0
RETRO-2025-000074,2025-01-12,6500.0,1643.7,0.1171,2,0.7104,0,35,car,0.0479340165765399,573.3616726963513,Flag / decline,0,Known good,0
RETRO-2025-000075,2025-02-04,4900.0,1002.14,0.1957,2,0.119,0,23,debt_consolidation,0.033927271946776,583.7551655645528,Flag / decline,0,Known good,0
RETRO-2025-000076,2025-06-19,5900.0,1448.51,0.0371,1,0.7093,1,7,car,0.0841465353110028,556.0056964415345,Flag / decline,0,Known good,0
RETRO-2025-000077,2025-06-23,5500.0,550.19,0.1612,1,0.5579,0,18,car,0.0426706513801291,576.8768621923235,Flag / decline,0,Known good,0
RETRO-2025-000078,2025-04-14,15100.0,1701.05,0.1108,3,0.5634,0,36,other,0.0482026337388006,573.1922878325589,Flag / decline,0,Known good,0
RETRO-2025-000079,2025-01-05,1600.0,3623.42,0.0231,3,0.3192,0,96,home_improvement,0.031984424963571,585.5146523892215,Flag / decline,0,Known good,0
RETRO-2025-000080,2025-02-08,2800.0,-128.75,0.1157,1,0.3688,0,63,major_purchase,0.0468837546362798,574.032719499321,Flag / decline,0,Known good,0
RETRO-2025-000081,2025-03-04,30000.0,1258.22,0.1058,1,0.075,0,107,education,0.0077346163497639,627.187925820264,Accept,0,Known good,0
RETRO-2025-000082,2025-05-07,8500.0,677.57,0.1457,0,0.3849,0,169,debt_consolidation,0.0226017659167533,595.811658113914,Accept,0,Known good,0
RETRO-2025-000083,2025-05-04,16800.0,2433.8,0.0361,1,0.2594,0,51,car,0.0261529237041998,591.4958981980183,Flag / decline,0,Known good,0
RETRO-2025-000084,2025-01-22,5700.0,-743.91,0.5663,3,0.3495,0,16,major_purchase,0.0997607297450696,550.5981677205395,Flag / decline,0,Known good,0
RETRO-2025-000085,2025-01-25,6200.0,562.38,0.014,0,0.3954,0,177,debt_consolidation,0.0205598352764777,598.6040111667917,Accept,0,Known good,0
RETRO-2025-000086,2025-05-18,13100.0,974.0,0.0374,0,0.5939,0,160,other,0.0249343762486335,592.9087021986763,Accept,0,Known good,0
RETRO-2025-000087,2025-02-12,10200.0,1511.82,0.0896,1,0.3423,0,246,debt_consolidation,0.022532949582534,595.901676007404,Accept,0,Known good,0
RETRO-2025-000088,2025-05-14,7000.0,550.55,0.2006,3,0.8221,0,52,debt_consolidation,0.0593196302509112,566.8653379627237,Flag / decline,0,Known good,0
RETRO-2025-000089,2025-04-10,8200.0,2238.72,0.1287,0,0.1612,0,114,car,0.0198777547046007,599.5975759762953,Accept,0,Known good,0
RETRO-2025-000090,2025-05-08,5000.0,63.45,0.1524,1,0.2186,0,28,car,0.0485230134506599,572.9914303550006,Flag / decline,0,Known good,0
RETRO-2025-000091,2025-03-02,1000.0,2684.45,0.0602,2,0.1868,0,25,debt_consolidation,0.0320715152498503,585.4335969265693,Flag / decline,0,Known good,0
RETRO-2025-000092,2025-03-05,16800.0,2651.23,0.0654,1,0.5065,0,74,car,0.0306617831449949,586.7726087411226,Flag / decline,0,Known good,0
RETRO-2025-000093,2025-02-04,10600.0,-624.68,0.3915,3,0.2695,0,94,debt_consolidation,0.0639772088580604,564.5411502045581,Flag / decline,2,Indeterminate,0
RETRO-2025-000094,2025-05-30,1600.0,1231.7,0.0279,1,0.4468,0,97,debt_consolidation,0.0272454634749895,590.2826335104708,Flag / decline,0,Known good,0
RETRO-2025-000095,2025-03-17,6400.0,1461.4,0.1138,1,0.4259,0,39,car,0.0329631669133295,584.6157578200934,Flag / decline,0,Known good,0
RETRO-2025-000096,2025-02-09,5600.0,769.87,0.153,0,0.6234,0,106,car,0.0296584925919577,587.7623843597682,Flag / decline,0,Known good,0
RETRO-2025-000097,2025-04-13,30000.0,597.62,0.1844,1,0.1,0,44,debt_consolidation,0.026232837708339,591.4054975498719,Flag / decline,0,Known good,0
RETRO-2025-000098,2025-02-10,9400.0,162.12,0.4455,0,0.3416,0,131,car,0.0282579083142995,589.1998137425534,Flag / decline,0,Known good,0
RETRO-2025-000099,2025-01-15,6200.0,1449.27,0.0485,1,0.4148,0,109,education,0.0097524546613894,620.4404766734403,Accept,0,Known good,0
RETRO-2025-000100,2025-02-17,28800.0,730.95,0.0851,0,0.3472,0,51,debt_consolidation,0.025462768449617,592.2879984699978,Flag / decline,0,Known good,0
RETRO-2025-000101,2025-01-30,4000.0,1293.7,0.2342,1,0.2936,1,27,other,0.0577366003775762,567.6943229867944,Flag / decline,0,Known good,0
RETRO-2025-000102,2025-04-28,13300.0,354.49,0.2324,4,0.5651,0,85,debt_consolidation,0.0523345101640058,570.6937442324324,Flag / decline,0,Known good,0
RETRO-2025-000103,2025-03-04,3300.0,883.89,0.1976,2,0.2136,0,7,home_improvement,0.0436842695499935,576.1689008956295,Flag / decline,0,Known good,0
RETRO-2025-000104,2025-02-05,3400.0,1590.58,0.2044,1,0.8395,0,87,home_improvement,0.0429693193403836,576.6666031319064,Flag / decline,0,Known good,0
RETRO-2025-000105,2025-01-24,5000.0,82.98,0.0964,2,0.3756,0,34,home_improvement,0.0582028343842058,567.4479774825787,Flag / decline,0,Known good,0
RETRO-2025-000106,2025-02-28,19800.0,2281.57,0.0276,0,0.5013,0,90,debt_consolidation,0.0252275247032326,592.562775233424,Flag / decline,0,Known good,0
RETRO-2025-000107,2025-06-11,5300.0,1113.36,0.0831,1,0.0485,0,58,car,0.0223795894711296,596.1032547784513,Accept,0,Known good,0
RETRO-2025-000108,2025-02-20,6900.0,56.63,0.4853,1,0.6163,0,75,major_purchase,0.0715558181251782,561.0763601457109,Flag / decline,0,Known good,0
RETRO-2025-000109,2025-04-04,7200.0,1891.82,0.079,1,0.402,0,23,other,0.0342605985542083,583.4631097659517,Flag / decline,0,Known good,0
RETRO-2025-000110,2025-04-23,4700.0,781.26,0.2265,1,0.5131,0,58,debt_consolidation,0.0359675339439716,582.0091678345037,Flag / decline,0,Known good,0
RETRO-2025-000111,2025-06-20,5000.0,1180.83,0.1375,2,0.264,0,56,debt_consolidation,0.0317495150038307,585.7343534027965,Flag / decline,0,Known good,0
RETRO-2025-000112,2025-06-12,5700.0,603.19,0.1201,0,0.684,0,69,debt_consolidation,0.032561619718476,584.9813842620263,Flag / decline,0,Known good,0
RETRO-2025-000113,2025-05-04,4700.0,1571.29,0.0256,1,0.309,1,36,home_improvement,0.0482862735324048,573.1397291123354,Flag / decline,0,Known good,0
RETRO-2025-000114,2025-01-27,30000.0,183.29,0.2528,2,0.8058,0,77,car,0.0502606104889341,571.9235079865608,Flag / decline,1,Indeterminate,0
RETRO-2025-000115,2025-06-07,6200.0,1005.76,0.149,2,0.1469,1,57,major_purchase,0.0491715752073523,572.5886473110407,Flag / decline,0,Known good,0
RETRO-2025-000116,2025-02-26,2600.0,699.81,0.0984,1,0.4708,0,19,other,0.0377809491794399,580.5355664232713,Flag / decline,0,Known good,0
RETRO-2025-000117,2025-03-09,6100.0,2113.25,0.1084,1,0.6342,0,118,debt_consolidation,0.0324874503999684,585.049395072159,Flag / decline,0,Known good,0
RETRO-2025-000118,2025-05-06,5400.0,1231.0,0.1788,0,0.2727,0,18,major_purchase,0.0302329933933678,587.191724957773,Flag / decline,0,Known good,0
RETRO-2025-000119,2025-06-21,1700.0,844.81,0.1085,3,0.0083,0,42,car,0.0302876138548231,587.1380178755651,Flag / decline,0,Known good,0
RETRO-2025-000120,2025-02-18,5600.0,4942.72,0.0479,2,0.3019,0,50,debt_consolidation,0.0312396503311878,586.2166683610322,Flag / decline,0,Known good,0
RETRO-2025-000121,2025-05-17,4800.0,-13.53,0.1967,0,0.4468,0,19,car,0.0557599595028462,568.7599210684228,Flag / decline,0,Known good,0
RETRO-2025-000122,2025-05-21,3500.0,2163.95,0.1043,2,0.3365,0,14,car,0.0407232285359426,578.283341708683,Flag / decline,0,Known good,0
RETRO-2025-000123,2025-01-20,9200.0,-502.74,0.1747,3,0.4471,1,118,debt_consolidation,0.1007129992119852,550.2935103645472,Flag / decline,0,Known good,0
RETRO-2025-000124,2025-01-15,3800.0,-221.21,0.3034,2,0.291,1,82,education,0.0351343728738884,582.7103359132327,Flag / decline,0,Known good,0
RETRO-2025-000125,2025-01-05,13800.0,1414.33,0.0549,1,0.3283,0,24,debt_consolidation,0.031547243355478,585.9247926354143,Flag / decline,0,Known good,0
RETRO-2025-000126,2025-01-28,26100.0,4.24,0.1737,0,0.0872,0,39,car,0.0370398392374875,581.1294036164123,Flag / decline,0,Known good,0
RETRO-2025-000127,2025-01-04,6900.0,1279.67,0.0919,2,0.2643,1,151,debt_consolidation,0.0444062091007837,575.6741593846323,Flag / decline,0,Known good,0
RETRO-2025-000128,2025-01-02,2500.0,1899.61,0.0569,2,0.0725,0,29,education,0.0105355635890494,618.1890453580161,Accept,0,Known good,0
RETRO-2025-000129,2025-03-31,13200.0,1372.61,0.1802,1,0.47,1,69,car,0.0551678733439251,569.0860311712393,Flag / decline,0,Known good,0
RETRO-2025-000130,2025-05-12,8000.0,1357.55,0.187,1,0.5459,0,41,car,0.0379057582163564,580.4366620388254,Flag / decline,0,Known good,0
RETRO-2025-000131,2025-03-02,15800.0,-122.7,0.319,1,0.0772,0,42,home_improvement,0.0458908576061653,574.6803889089305,Flag / decline,0,Known good,0
RETRO-2025-000132,2025-01-02,8600.0,1679.68,0.023,1,0.2211,0,106,home_improvement,0.0223314045949773,596.1668684047592,Accept,0,Known good,0
RETRO-2025-000133,2025-03-17,4900.0,2823.71,0.0655,0,0.5845,0,103,home_improvement,0.0271181979175848,590.4215026722189,Flag / decline,0,Known good,0
RETRO-2025-000134,2025-05-24,8700.0,2896.03,0.0261,1,0.5723,0,104,car,0.0297445571044035,587.6762165910369,Flag / decline,0,Known good,0
RETRO-2025-000135,2025-03-25,16800.0,453.81,0.071,1,0.1794,1,56,debt_consolidation,0.042036539631506,577.3279723820157,Flag / decline,0,Known good,0
RETRO-2025-000136,2025-04-06,3900.0,2343.2,0.0911,4,0.8742,0,104,home_improvement,0.0583935405647659,567.3477466797852,Flag / decline,0,Known good,0
RETRO-2025-000137,2025-03-04,2000.0,839.56,0.0988,3,0.5808,0,47,other,0.0464834884862897,574.2922296446616,Flag / decline,0,Known good,0
RETRO-2025-000138,2025-06-23,10300.0,-12.24,0.2487,2,0.4022,0,99,debt_consolidation,0.0560127530334483,568.6216787143862,Flag / decline,0,Known good,0
RETRO-2025-000139,2025-06-29,1600.0,-1103.49,0.2633,1,0.2079,0,16,debt_consolidation,0.0566162426032392,568.2940132063042,Flag / decline,0,Known good,0
RETRO-2025-000140,2025-03-29,3900.0,3098.48,0.0471,1,0.3405,0,82,home_improvement,0.0260679926559901,591.5922693824737,Flag / decline,0,Known good,0
RETRO-2025-000141,2025-04-05,10600.0,-820.08,0.731,1,0.5555,0,210,home_improvement,0.0690431058157777,562.1857782000696,Flag / decline,0,Known good,0
RETRO-2025-000142,2025-02-16,3000.0,4248.13,0.0426,1,0.1693,0,27,car,0.0270395046467811,590.5076882401219,Flag / decline,0,Known good,0
RETRO-2025-000143,2025-04-24,2500.0,711.86,0.2466,2,0.1765,0,55,major_purchase,0.032119119303249,585.3893814529729,Flag / decline,0,Known good,0
RETRO-2025-000144,2025-04-11,12300.0,2416.29,0.0815,0,0.4756,0,30,other,0.0306103419753865,586.8225886731782,Flag / decline,0,Known good,0
RETRO-2025-000145,2025-02-05,5800.0,1047.35,0.1486,0,0.2747,0,39,car,0.026252903873268,591.3828403132497,Flag / decline,0,Known good,0
RETRO-2025-000146,2025-01-04,25400.0,869.05,0.129,1,0.273,0,15,debt_consolidation,0.0342216123022121,583.4971270449564,Flag / decline,0,Known good,0
RETRO-2025-000147,2025-03-01,2300.0,1351.92,0.1891,0,0.1967,0,66,major_purchase,0.0233455949010138,594.8553939831215,Accept,0,Known good,0
RETRO-2025-000148,2025-02-12,5600.0,-38.58,0.2202,3,0.7985,0,89,car,0.0857903501095414,555.3956314627692,Flag / decline,0,Known good,0
RETRO-2025-000149,2025-03-31,2800.0,2632.15,0.0133,0,0.1386,0,37,education,0.0079078916869597,626.5436191878333,Accept,0,Known good,0
RETRO-2025-000150,2025-04-27,8700.0,3499.24,0.0251,4,0.1619,0,45,education,0.0134937775386512,610.9621154686956,Accept,0,Known good,0
RETRO-2025-000151,2025-05-22,30000.0,1332.08,0.194,3,0.5569,0,50,debt_consolidation,0.0483277843545611,573.1136760543718,Flag / decline,0,Known good,0
RETRO-2025-000152,2025-01-12,3700.0,2211.12,0.065,0,0.8671,0,84,car,0.0350839475591353,582.7532850658198,Flag / decline,0,Known good,0
RETRO-2025-000153,2025-05-29,3000.0,411.04,0.1304,2,0.4528,0,49,home_improvement,0.0374813053471954,580.7743053791894,Flag / decline,0,Known good,0
RETRO-2025-000154,2025-04-25,18800.0,1292.04,0.0342,2,0.5068,1,54,other,0.0605198804634341,566.2505080003749,Flag / decline,0,Known good,0
RETRO-2025-000155,2025-01-08,5700.0,2918.33,0.0311,2,0.3987,0,2,home_improvement,0.0524805139430012,570.608913396722,Flag / decline,0,Known good,0
RETRO-2025-000156,2025-04-28,7500.0,-229.03,0.298,2,0.0411,1,24,car,0.0905604647322961,553.6833653171587,Flag / decline,0,Known good,0
RETRO-2025-000157,2025-01-13,2100.0,710.91,0.1012,2,0.4083,0,36,education,0.0138098956889033,610.2847051840364,Accept,0,Known good,0
RETRO-2025-000158,2025-01-11,7200.0,351.28,0.1137,1,0.3962,0,168,education,0.0093854631796659,621.557916942534,Accept,0,Known good,0
RETRO-2025-000159,2025-06-17,24400.0,1472.4,0.1319,2,0.4429,0,145,car,0.0313121660669392,586.1476083011662,Flag / decline,0,Known good,0
RETRO-2025-000160,2025-05-07,2900.0,2998.94,0.168,1,0.472,0,29,car,0.037233147527201,580.9734159225659,Flag / decline,0,Known good,0
RETRO-2025-000161,2025-03-04,4200.0,618.27,0.1621,2,0.605,0,84,debt_consolidation,0.0397049939034461,579.044582122671,Flag / decline,0,Known good,0
RETRO-2025-000162,2025-01-23,7100.0,574.82,0.1302,1,0.5024,1,12,debt_consolidation,0.0711240255488175,561.2644180241966,Flag / decline,4,Known bad,1
RETRO-2025-000163,2025-05-15,11000.0,784.74,0.1458,2,0.5393,0,91,debt_consolidation,0.0367873565392242,581.3343244718307,Flag / decline,0,Known good,0
RETRO-2025-000164,2025-05-23,11800.0,653.07,0.2595,4,0.8491,0,134,education,0.0233634385342267,594.8328214649102,Accept,0,Known good,0
RETRO-2025-000165,2025-06-27,3500.0,2444.01,0.0486,2,0.3507,0,90,debt_consolidation,0.0295835015851175,587.8376631931568,Flag / decline,0,Known good,0
RETRO-2025-000166,2025-01-13,6700.0,-570.88,0.2391,3,0.2133,0,10,car,0.0771387628092834,558.7345927202073,Flag / decline,0,Known good,0
RETRO-2025-000167,2025-04-26,2300.0,1252.28,0.1175,0,0.6999,0,41,debt_consolidation,0.0357449036067218,582.1949841869516,Flag / decline,0,Known good,0
RETRO-2025-000168,2025-06-30,6900.0,6092.63,0.0149,1,0.2588,0,87,car,0.0236261090567889,594.5024713591902,Accept,0,Known good,0
RETRO-2025-000169,2025-05-16,5800.0,2981.4,0.0342,1,0.3032,0,14,major_purchase,0.0330926817582743,584.4987460877471,Flag / decline,4,Known bad,1
RETRO-2025-000170,2025-05-30,5900.0,747.21,0.0886,0,0.5381,0,95,car,0.026917577968075,590.6417062347829,Flag / decline,0,Known good,0
RETRO-2025-000171,2025-03-16,13000.0,488.18,0.2972,2,0.5584,0,16,debt_consolidation,0.054438745405636,569.4921801386569,Flag / decline,0,Known good,0
RETRO-2025-000172,2025-04-27,11700.0,889.11,0.1899,1,0.2613,0,92,home_improvement,0.026627299326994,590.9631621526031,Flag / decline,0,Known good,0
RETRO-2025-000173,2025-01-24,1900.0,1921.25,0.1299,2,0.3467,0,13,home_improvement,0.0422711176593032,577.1603391395734,Flag / decline,0,Known good,0
RETRO-2025-000174,2025-04-02,8200.0,637.09,0.2031,0,0.2516,1,66,home_improvement,0.0418095343965027,577.4910477209389,Flag / decline,0,Known good,0
RETRO-2025-000175,2025-02-04,4200.0,1171.44,0.1369,1,0.4878,0,82,other,0.0312838165319856,586.1745884186663,Flag / decline,0,Known good,0
RETRO-2025-000176,2025-02-09,5200.0,993.58,0.1077,1,0.203,0,119,car,0.0229686359248192,595.3362320192584,Accept,0,Known good,0
RETRO-2025-000177,2025-04-17,3600.0,894.03,0.044,2,0.1558,0,127,car,0.0238635654787709,594.206901975147,Accept,0,Known good,0
RETRO-2025-000178,2025-06-18,12700.0,840.65,0.0907,2,0.3815,0,44,major_purchase,0.0350201837747682,582.8076803484003,Flag / decline,0,Known good,0
RETRO-2025-000179,2025-05-27,9300.0,1950.81,0.0975,1,0.3264,0,76,home_improvement,0.027059516549259,590.4857479291413,Flag / decline,0,Known good,0
RETRO-2025-000180,2025-04-22,12000.0,-189.36,0.485,2,0.3002,0,24,debt_consolidation,0.0757701785002851,559.2938679844372,Flag / decline,5,Known bad,1
RETRO-2025-000181,2025-06-19,7400.0,857.92,0.1467,0,0.1507,0,14,debt_consolidation,0.0278484074047416,589.6331675657408,Flag / decline,0,Known good,0
RETRO-2025-000182,2025-06-26,3300.0,1041.26,0.0974,0,0.7618,0,39,other,0.0372981510742282,580.921137011196,Flag / decline,0,Known good,0
RETRO-2025-000183,2025-05-25,14400.0,468.21,0.2251,1,0.4052,0,117,debt_consolidation,0.0294779891280512,587.9438945013766,Flag / decline,0,Known good,0
RETRO-2025-000184,2025-03-26,7600.0,644.44,0.2903,4,0.233,0,72,car,0.043145249794974,576.5434023229061,Flag / decline,0,Known good,0
RETRO-2025-000185,2025-01-19,11000.0,1676.05,0.0865,1,0.4295,0,7,home_improvement,0.042007069929795,577.3490951080754,Flag / decline,0,Known good,0
RETRO-2025-000186,2025-04-29,5700.0,528.97,0.1751,2,0.183,0,124,education,0.0099273477255582,619.9225213707031,Accept,0,Known good,0
RETRO-2025-000187,2025-05-20,9300.0,1922.24,0.1178,0,0.5046,0,55,car,0.0292145766267401,588.2107193832474,Flag / decline,0,Known good,0
RETRO-2025-000188,2025-05-22,5100.0,1129.53,0.0755,2,0.0,0,39,education,0.0096001106035887,620.8992025222349,Accept,0,Known good,0
RETRO-2025-000189,2025-06-09,3100.0,1097.64,0.0294,1,0.6968,0,109,major_purchase,0.0326769732335598,584.8759057984329,Flag / decline,0,Known good,0
RETRO-2025-000190,2025-05-23,3900.0,783.61,0.0842,2,0.1829,0,79,car,0.027105494196205,590.4353994303001,Flag / decline,0,Known good,0
RETRO-2025-000191,2025-03-13,6300.0,1219.75,0.1157,0,0.3153,1,47,debt_consolidation,0.0435790988689175,576.241623975816,Flag / decline,0,Known good,0
RETRO-2025-000192,2025-03-03,8500.0,175.97,0.138,0,0.7196,0,27,major_purchase,0.0393266151410106,579.3322381133652,Flag / decline,0,Known good,0
RETRO-2025-000193,2025-01-14,3000.0,1234.62,0.065,0,0.7917,0,8,education,0.0177117962996649,602.9901548769687,Accept,4,Known bad,1
RETRO-2025-000194,2025-04-28,14700.0,-880.19,0.3149,0,0.2068,0,80,major_purchase,0.0401989398326897,578.6729971607901,Flag / decline,0,Known good,0
RETRO-2025-000195,2025-01-03,11000.0,3766.66,0.0427,0,0.6985,0,72,debt_consolidation,0.030947064699706,586.4968960728531,Flag / decline,0,Known good,0
RETRO-2025-000196,2025-04-24,2300.0,-100.75,0.302,0,0.465,0,53,other,0.0520388445672564,570.8662183666299,Flag / decline,0,Known good,0
RETRO-2025-000197,2025-06-17,3100.0,959.25,0.0799,2,0.3573,1,23,debt_consolidation,0.0634049096223041,564.8180564782001,Flag / decline,0,Known good,0
RETRO-2025-000198,2025-01-29,12800.0,-82.04,0.5753,2,0.5834,1,68,education,0.0552154077954968,569.0597287325586,Flag / decline,0,Known good,0
RETRO-2025-000199,2025-01-16,11800.0,517.71,0.2996,0,0.2835,1,36,major_purchase,0.050460190184864,571.8030949687223,Flag / decline,0,Known good,0
RETRO-2025-000200,2025-02-03,4300.0,1254.41,0.0924,1,0.6601,0,20,car,0.0433397592067856,576.4077481545386,Flag / decline,7,Known bad,1
RETRO-2025-000201,2025-01-24,5000.0,-61.31,0.077,0,0.802,1,99,home_improvement,0.0871520594685331,554.898234176176,Flag / decline,0,Known good,0
RETRO-2025-000202,2025-02-17,9200.0,2400.77,0.0699,3,0.2486,0,39,car,0.0360824966908226,581.9136483249789,Flag / decline,0,Known good,0
RETRO-2025-000203,2025-04-01,1900.0,595.05,0.1173,3,0.155,1,38,car,0.0586074947385848,567.2356620764955,Flag / decline,0,Known good,0
RETRO-2025-000204,2025-06-18,13200.0,1505.51,0.0321,2,0.6513,0,21,other,0.0466137645475826,574.2075334291732,Flag / decline,0,Known good,0
RETRO-2025-000205,2025-05-17,6900.0,-245.78,0.1955,0,0.5391,0,76,car,0.0483493805058464,573.1001302583979,Flag / decline,0,Known good,0
RETRO-2025-000206,2025-01-09,4300.0,-1004.98,0.4571,1,0.2097,0,57,debt_consolidation,0.0534982821584909,570.0236892488062,Flag / decline,0,Known good,0
RETRO-2025-000207,2025-02-15,9400.0,2125.74,0.011,1,0.4187,0,112,home_improvement,0.025713013611221,591.9983998872622,Flag / decline,0,Known good,0
RETRO-2025-000208,2025-01-07,5400.0,1276.36,0.1092,0,0.3814,0,105,debt_consolidation,0.0237106089964107,594.3969608130602,Accept,0,Known good,0
RETRO-2025-000209,2025-03-13,18900.0,2106.78,0.0658,1,0.4305,0,87,debt_consolidation,0.0281260780290626,589.3386536261762,Flag / decline,0,Known good,0
RETRO-2025-000210,2025-04-21,12800.0,1181.49,0.088,0,0.0922,0,50,car,0.0208558419181467,598.1828326772311,Accept,0,Known good,0
RETRO-2025-000211,2025-06-16,15500.0,856.49,0.0598,4,0.5603,0,101,home_improvement,0.0449207884165662,575.3261809442257,Flag / decline,0,Known good,0
RETRO-2025-000212,2025-06-01,9400.0,1847.16,0.1051,1,0.6503,0,83,major_purchase,0.0347288762244179,583.0574079652374,Flag / decline,0,Known good,0
RETRO-2025-000213,2025-04-25,9000.0,1178.36,0.0671,2,0.1444,0,132,debt_consolidation,0.0238952045337772,594.1677366733368,Accept,0,Known good,0
RETRO-2025-000214,2025-03-28,17500.0,1736.25,0.1716,1,0.6927,0,56,major_purchase,0.040087282485038,578.756610312977,Flag / decline,0,Known good,0
RETRO-2025-000215,2025-01-29,10300.0,1206.19,0.0077,0,0.03,0,50,car,0.0187106096522853,601.3778799993627,Accept,0,Known good,0
RETRO-2025-000216,2025-01-04,8400.0,1332.52,0.0996,2,0.0757,0,47,debt_consolidation,0.0273357138820612,590.1845359816027,Flag / decline,0,Known good,0
RETRO-2025-000217,2025-02-07,8300.0,681.38,0.0476,1,0.4787,0,75,debt_consolidation,0.0295441490529872,587.8772408131473,Flag / decline,5,Known bad,1
RETRO-2025-000218,2025-04-02,2400.0,3032.49,0.0101,0,0.1239,0,12,home_improvement,0.0252784195717126,592.5031164689224,Flag / decline,0,Known good,0
RETRO-2025-000219,2025-05-08,5700.0,625.02,0.2791,0,0.8449,0,88,major_purchase,0.0398723580171558,578.9181838378805,Flag / decline,1,Indeterminate,0
RETRO-2025-000220,2025-04-01,14900.0,1970.59,0.0235,2,0.2222,0,60,car,0.0279791896892258,589.4940985093667,Flag / decline,0,Known good,0
RETRO-2025-000221,2025-02-03,6700.0,988.83,0.3112,0,0.4659,0,102,home_improvement,0.0294930260818777,587.9287325961999,Flag / decline,0,Known good,0
RETRO-2025-000222,2025-01-16,15100.0,705.22,0.0464,1,0.3903,0,29,major_purchase,0.0319836614153067,585.515363971542,Flag / decline,0,Known good,0
RETRO-2025-000223,2025-02-18,3400.0,184.1,0.1488,0,0.3427,1,106,car,0.0400950674814194,578.7507733870509,Flag / decline,0,Known good,0
RETRO-2025-000224,2025-03-20,4000.0,235.52,0.0777,1,0.4929,1,253,debt_consolidation,0.0425588741647823,576.9559139002681,Flag / decline,1,Indeterminate,0
RETRO-2025-000225,2025-03-29,15800.0,978.59,0.0546,1,0.0461,0,72,car,0.0211301342506912,597.7977409493939,Accept,0,Known good,0
RETRO-2025-000226,2025-02-22,9800.0,1053.08,0.0803,2,0.1942,0,57,debt_consolidation,0.0287383497447188,588.699093683585,Flag / decline,0,Known good,0
RETRO-2025-000227,2025-03-15,19900.0,3241.51,0.0489,2,0.6299,0,13,major_purchase,0.0498465843618086,572.1747546116029,Flag / decline,0,Known good,0
RETRO-2025-000228,2025-06-29,11300.0,6992.87,0.0031,1,0.3182,0,5,car,0.0379680028039761,580.3874534354336,Flag / decline,0,Known good,0
RETRO-2025-000229,2025-06-10,8100.0,-382.76,0.2697,1,0.2655,0,37,major_purchase,0.0523728358458359,570.6714546977042,Flag / decline,0,Known good,0
RETRO-2025-000230,2025-04-30,8300.0,968.78,0.2078,0,0.684,0,56,other,0.0358435734358882,582.1124932329742,Flag / decline,0,Known good,0
RETRO-2025-000231,2025-02-22,5800.0,1785.73,0.1138,2,0.43,0,158,education,0.0111502289978096,616.5349984885353,Accept,0,Known good,0
RETRO-2025-000232,2025-01-12,23800.0,1267.14,0.0423,1,0.2272,0,33,other,0.0274348985086586,590.0770898135459,Flag / decline,0,Known good,0
RETRO-2025-000233,2025-02-04,24000.0,1879.0,0.0379,0,0.7602,0,48,car,0.0345495190232062,583.2121708461242,Flag / decline,0,Known good,0
RETRO-2025-000234,2025-06-19,6300.0,431.3,0.1031,2,0.4199,0,107,debt_consolidation,0.0316209224181114,585.8552872225118,Flag / decline,0,Known good,0
RETRO-2025-000235,2025-06-16,4200.0,1944.34,0.1427,1,0.613,1,76,debt_consolidation,0.0591451693856134,566.9556740282903,Flag / decline,0,Known good,0
RETRO-2025-000236,2025-03-27,4700.0,-1382.92,1.5,2,0.5868,0,23,other,0.1815883388097385,530.5659790555673,Flag / decline,0,Known good,0
RETRO-2025-000237,2025-06-13,4900.0,-281.21,0.2673,2,0.2564,1,20,car,0.1068448658783403,548.3907401432457,Flag / decline,0,Known good,0
RETRO-2025-000238,2025-06-07,2300.0,1725.6,0.2022,2,0.8983,0,15,major_purchase,0.0668859692903888,563.1684338629168,Flag / decline,0,Known good,0
RETRO-2025-000239,2025-06-30,5100.0,428.62,0.1363,5,0.1274,0,115,debt_consolidation,0.037629129613392,580.6562992126724,Flag / decline,0,Known good,0
RETRO-2025-000240,2025-02-04,4400.0,1631.94,0.0564,0,0.3496,0,60,home_improvement,0.0243455074482201,593.6157334289805,Accept,0,Known good,0
RETRO-2025-000241,2025-04-25,4800.0,1629.35,0.1563,0,0.76,0,14,car,0.0454530409923375,574.9702251638503,Flag / decline,0,Known good,0
RETRO-2025-000242,2025-04-22,15800.0,-114.36,0.1999,1,0.4874,0,103,debt_consolidation,0.0505342094820357,571.7585512963426,Flag / decline,0,Known good,0
RETRO-2025-000243,2025-02-18,2300.0,3866.96,0.0293,0,0.2484,0,32,education,0.008958112371692,622.9150254471988,Accept,0,Known good,0
RETRO-2025-000244,2025-02-05,5800.0,3947.57,0.0625,0,0.1777,0,31,car,0.0236672135666217,594.4511004480939,Accept,0,Known good,0
RETRO-2025-000245,2025-03-21,4600.0,1617.94,0.0233,1,0.2464,0,79,home_improvement,0.0239039041396291,594.1569764867471,Accept,0,Known good,0
RETRO-2025-000246,2025-02-19,6500.0,2050.21,0.0679,0,0.062,0,67,debt_consolidation,0.0191352667746277,600.7178416999006,Accept,0,Known good,0
RETRO-2025-000247,2025-01-12,1700.0,3406.13,0.0205,3,0.119,0,41,debt_consolidation,0.0311713821395573,586.2818252098684,Flag / decline,0,Known good,0
RETRO-2025-000248,2025-01-19,8800.0,270.67,0.2442,0,0.0697,0,12,home_improvement,0.0286628518247765,588.7772376869058,Flag / decline,0,Known good,0
RETRO-2025-000249,2025-06-27,11000.0,1011.82,0.1997,1,0.3052,1,181,home_improvement,0.0422304222148977,577.1893569021639,Flag / decline,0,Known good,0
RETRO-2025-000250,2025-02-02,21000.0,725.83,0.1268,2,0.0222,0,87,car,0.0241972908172273,593.7963172929569,Accept,0,Known good,0
RETRO-2025-000251,2025-05-23,12900.0,1534.24,0.0638,1,0.1233,0,94,debt_consolidation,0.0216802002922166,597.0399992020566,Accept,0,Known good,0
RETRO-2025-000252,2025-05-02,3800.0,1000.25,0.1945,0,0.3664,0,41,debt_consolidation,0.0289708209075494,588.4597197796624,Flag / decline,0,Known good,0
RETRO-2025-000253,2025-06-20,3400.0,642.82,0.1467,3,0.3001,0,26,other,0.0422842962126663,577.1509479359576,Flag / decline,0,Known good,0
RETRO-2025-000254,2025-04-28,12000.0,5069.55,0.0041,1,0.4426,0,31,home_improvement,0.0320093679065525,585.4914160533975,Flag / decline,0,Known good,0
RETRO-2025-000255,2025-02-20,7700.0,3368.63,0.05,1,0.5089,0,60,debt_consolidation,0.0314165930988753,586.0484290737579,Flag / decline,0,Known good,0
RETRO-2025-000256,2025-06-16,5800.0,688.65,0.326,0,0.2073,0,116,car,0.0237379931291504,594.3628464185706,Accept,0,Known good,0
RETRO-2025-000257,2025-05-04,8700.0,-133.86,0.2993,0,0.6736,0,42,debt_consolidation,0.0632871982726582,564.8752997248467,Flag / decline,0,Known good,0
RETRO-2025-000258,2025-06-26,14400.0,711.46,0.17,0,0.6343,1,79,debt_consolidation,0.0535843462969629,569.974684726454,Flag / decline,0,Known good,0
RETRO-2025-000259,2025-05-09,9700.0,3069.81,0.1496,2,0.5977,0,30,home_improvement,0.0459848695977724,574.6184960593935,Flag / decline,0,Known good,0
RETRO-2025-000260,2025-05-12,2800.0,1092.14,0.0814,4,0.1224,0,26,car,0.039974944190144,578.8409588995919,Flag / decline,0,Known good,0
RETRO-2025-000261,2025-01-03,6300.0,2533.49,0.0818,1,0.0746,0,43,major_purchase,0.0239529762480494,594.0963526591153,Accept,0,Known good,0
RETRO-2025-000262,2025-02-13,10200.0,1470.7,0.0873,6,0.5829,0,208,major_purchase,0.0538682005845863,569.8135840183658,Flag / decline,0,Known good,0
RETRO-2025-000263,2025-05-02,12600.0,393.2,0.1361,0,0.4245,0,73,car,0.0265365512204606,591.064356598926,Flag / decline,0,Known good,0
RETRO-2025-000264,2025-02-10,7000.0,1169.35,0.0788,2,0.7867,1,93,debt_consolidation,0.0711793027226336,561.2402845127879,Flag / decline,0,Known good,0
RETRO-2025-000265,2025-04-30,3400.0,2354.26,0.06,0,0.468,0,43,debt_consolidation,0.02830250525016,589.1529878555448,Flag / decline,0,Known good,0
RETRO-2025-000266,2025-05-06,4700.0,1036.13,0.1253,1,0.2439,0,45,car,0.0281035943173117,589.3623958861568,Flag / decline,0,Known good,0
RETRO-2025-000267,2025-01-17,5400.0,-342.88,0.1398,0,0.2668,0,25,debt_consolidation,0.0446407590755961,575.5150734711659,Flag / decline,0,Known good,0
RETRO-2025-000268,2025-04-26,5300.0,3281.33,0.0475,3,0.2678,0,43,debt_consolidation,0.0355037475285537,582.3975244866743,Flag / decline,0,Known good,0
RETRO-2025-000269,2025-01-23,6200.0,527.13,0.0404,1,0.5545,0,30,other,0.0360918224074729,581.9059126843192,Flag / decline,0,Known good,0
RETRO-2025-000270,2025-03-05,5000.0,834.58,0.2186,0,0.5927,0,14,debt_consolidation,0.0416500836428474,577.6061005339396,Flag / decline,0,Known good,0
RETRO-2025-000271,2025-06-22,4000.0,173.06,0.247,1,0.4876,0,7,home_improvement,0.0492597098367395,572.5343015042705,Flag / decline,0,Known good,0
RETRO-2025-000272,2025-01-04,7000.0,-111.68,0.3051,1,0.2709,0,30,debt_consolidation,0.0556813219854166,568.8030449454229,Flag / decline,0,Known good,0
RETRO-2025-000273,2025-06-29,6000.0,322.1,0.1476,1,0.3801,0,65,other,0.030026966506327,587.3951562224128,Flag / decline,0,Known good,0
RETRO-2025-000274,2025-01-02,30000.0,1623.74,0.0836,2,0.3536,1,26,major_purchase,0.0622279053370912,565.3949514037045,Flag / decline,4,Known bad,1
RETRO-2025-000275,2025-01-18,12500.0,359.03,0.0465,1,0.4459,0,101,debt_consolidation,0.027414825091416,590.0988047345613,Flag / decline,0,Known good,0
RETRO-2025-000276,2025-01-22,3700.0,4105.62,0.0357,0,0.2355,0,97,other,0.0202482518342783,599.0538158236384,Accept,0,Known good,0
RETRO-2025-000277,2025-04-28,7900.0,2133.78,0.0324,2,0.1529,0,40,education,0.0104908405365285,618.3130938831591,Accept,0,Known good,0
RETRO-2025-000278,2025-01-26,12100.0,754.84,0.074,1,0.2637,0,93,home_improvement,0.0244912832793927,593.4391659991429,Accept,0,Known good,0
RETRO-2025-000279,2025-01-20,12500.0,852.36,0.1856,1,0.2769,0,28,car,0.0324733445169441,585.0623466807571,Flag / decline,0,Known good,0
RETRO-2025-000280,2025-05-30,6400.0,385.18,0.2404,1,0.5945,0,45,major_purchase,0.040324585084402,578.5791750124349,Flag / decline,0,Known good,0
RETRO-2025-000281,2025-01-18,7800.0,1231.07,0.0824,2,0.3619,0,36,car,0.0353752881364059,582.5059555174805,Flag / decline,0,Known good,0
RETRO-2025-000282,2025-01-23,5400.0,2967.02,0.0548,1,0.4357,0,14,major_purchase,0.0373073251416666,580.9137658481574,Flag / decline,0,Known good,0
RETRO-2025-000283,2025-04-15,11800.0,273.15,0.0623,2,0.4079,0,26,major_purchase,0.0380477781217907,580.3244987649091,Flag / decline,0,Known good,0
RETRO-2025-000284,2025-04-12,12200.0,2325.46,0.0239,0,0.2585,0,63,car,0.0219279756502454,596.7047996345605,Accept,0,Known good,0
RETRO-2025-000285,2025-04-13,5900.0,1011.18,0.1028,1,0.4186,1,60,car,0.0513044009578318,571.2986914461512,Flag / decline,0,Known good,0
RETRO-2025-000286,2025-02-12,16700.0,1046.8,0.1115,0,0.4515,0,12,debt_consolidation,0.0353126731524519,582.558945646695,Flag / decline,0,Known good,0
RETRO-2025-000287,2025-03-03,30000.0,2418.06,0.0412,3,0.2364,0,87,other,0.0308173305442986,586.6219722829067,Flag / decline,0,Known good,0
RETRO-2025-000288,2025-04-17,6700.0,1526.14,0.1317,3,0.6199,0,101,car,0.0434989843510442,576.2971337886408,Flag / decline,0,Known good,0
RETRO-2025-000289,2025-04-08,6800.0,1423.34,0.0818,1,0.2873,0,48,car,0.0279089056977969,589.5687572391026,Flag / decline,0,Known good,0
RETRO-2025-000290,2025-04-06,1800.0,-47.52,0.2067,3,0.551,1,46,debt_consolidation,0.1273280122461202,542.6606690094482,Flag / decline,3,Known bad,1
RETRO-2025-000291,2025-01-26,5800.0,-630.7,0.1852,1,0.1692,0,26,major_purchase,0.0483231806931599,573.116564360815,Flag / decline,0,Known good,0
RETRO-2025-000292,2025-06-15,16800.0,2926.19,0.0703,1,0.2298,0,25,debt_consolidation,0.029302368935495,588.1215314584034,Flag / decline,0,Known good,0
RETRO-2025-000293,2025-02-19,7800.0,897.33,0.3028,0,0.1852,0,73,home_improvement,0.0247122211652564,593.1735039217039,Accept,0,Known good,0
RETRO-2025-000294,2025-05-18,6000.0,3431.6,0.0223,1,0.3215,0,78,car,0.0254217547477135,592.3357261483001,Flag / decline,0,Known good,0
RETRO-2025-000295,2025-05-22,15600.0,111.59,0.1759,1,0.2136,0,70,car,0.0425993322779681,576.9272780041397,Flag / decline,0,Known good,0
RETRO-2025-000296,2025-06-25,4900.0,568.73,0.0472,0,0.5776,0,28,debt_consolidation,0.032743881498795,584.8148900803803,Flag / decline,0,Known good,0
RETRO-2025-000297,2025-02-19,11700.0,558.77,0.1898,2,0.2865,0,131,debt_consolidation,0.0292914037783225,588.1326567527876,Flag / decline,1,Indeterminate,0
RETRO-2025-000298,2025-03-22,6100.0,-81.46,0.0684,2,0.0,0,44,car,0.0408738852968926,578.1722609061751,Flag / decline,0,Known good,0
RETRO-2025-000299,2025-02-16,9200.0,1448.64,0.1629,1,0.7514,0,9,car,0.055048642081338,569.1520999232439,Flag / decline,4,Known bad,1
RETRO-2025-000300,2025-04-07,9600.0,1782.62,0.039,2,0.1619,0,119,debt_consolidation,0.0241470267096036,593.8578029787128,Accept,0,Known good,0
RETRO-2025-000301,2025-01-22,6300.0,435.61,0.0542,0,0.4202,0,116,car,0.0231293930465297,595.1302395516349,Accept,0,Known good,0
RETRO-2025-000302,2025-04-05,17800.0,216.91,0.2044,4,0.9185,0,41,car,0.0753928004707455,559.449714789027,Flag / decline,0,Known good,0
RETRO-2025-000303,2025-03-21,2300.0,1362.69,0.0125,1,0.0986,0,43,major_purchase,0.0232233018844575,595.0105516036418,Accept,0,Known good,0
RETRO-2025-000304,2025-04-15,2900.0,699.22,0.0948,1,0.0435,0,114,debt_consolidation,0.0201536959835695,599.1916587253061,Accept,0,Known good,0
RETRO-2025-000305,2025-01-09,16500.0,1086.48,0.1219,4,0.8475,0,144,home_improvement,0.0555425403886285,568.8792911375701,Flag / decline,0,Known good,0
RETRO-2025-000306,2025-05-05,14600.0,722.56,0.3043,0,0.6549,0,30,debt_consolidation,0.0413851916886418,577.7981698342,Flag / decline,0,Known good,0
RETRO-2025-000307,2025-06-03,5100.0,956.0,0.1657,2,0.9742,1,36,car,0.1002791048399329,550.4320063180515,Flag / decline,3,Known bad,1
RETRO-2025-000308,2025-03-11,2000.0,-489.7,0.5289,1,0.6061,0,24,home_improvement,0.0868166341132263,555.0200999035628,Flag / decline,0,Known good,0
RETRO-2025-000309,2025-02-12,6200.0,2231.27,0.0447,0,0.2082,0,53,debt_consolidation,0.0219812464673035,596.6332167255541,Accept,0,Known good,0
RETRO-2025-000310,2025-01-01,4500.0,155.14,0.2888,1,0.3378,0,68,debt_consolidation,0.0319033197446252,585.5903296600188,Flag / decline,0,Known good,0
RETRO-2025-000311,2025-03-20,8700.0,68.9,0.152,0,0.1098,0,53,home_improvement,0.0353755024805948,582.5057742764129,Flag / decline,0,Known good,0
RETRO-2025-000312,2025-01-20,13300.0,1385.61,0.0865,1,0.4166,0,59,debt_consolidation,0.030044978452559,587.3773173309455,Flag / decline,0,Known good,0
RETRO-2025-000313,2025-03-21,6500.0,86.9,0.1915,0,0.5259,0,60,debt_consolidation,0.0495188287177979,572.3750552491316,Flag / decline,0,Known good,0
RETRO-2025-000314,2025-05-08,6600.0,1049.22,0.2037,1,0.0667,0,11,home_improvement,0.0321024935956883,585.4048164953916,Flag / decline,0,Known good,0
RETRO-2025-000315,2025-02-14,4200.0,1074.62,0.0701,0,0.3132,0,87,debt_consolidation,0.0224927799979788,595.9543456260737,Accept,0,Known good,0
RETRO-2025-000316,2025-02-06,2300.0,6255.61,0.02,1,0.3223,0,34,home_improvement,0.0289921381990544,588.4378628823881,Flag / decline,0,Known good,0
RETRO-2025-000317,2025-01-02,24300.0,661.22,0.2853,1,0.6918,0,78,debt_consolidation,0.0412198947246615,577.9186211636697,Flag / decline,0,Known good,0
RETRO-2025-000318,2025-03-26,3100.0,1769.72,0.0927,0,0.6406,0,33,education,0.0128481650640623,612.3956315321464,Accept,0,Known good,0
RETRO-2025-000319,2025-06-08,8900.0,1022.65,0.0908,2,0.0424,0,145,major_purchase,0.0220578635263598,596.5305589778145,Accept,0,Known good,0
RETRO-2025-000320,2025-06-06,11500.0,513.32,0.1503,3,0.44,1,129,debt_consolidation,0.0618627405077809,565.5760035802879,Flag / decline,0,Known good,0
RETRO-2025-000321,2025-03-31,10200.0,1102.38,0.1185,1,0.1829,1,76,debt_consolidation,0.041549143600574,577.6791525059589,Flag / decline,6,Known bad,1
RETRO-2025-000322,2025-05-06,4800.0,-44.21,0.1185,2,0.3477,0,52,home_improvement,0.0541774312143871,569.6389896295852,Flag / decline,0,Known good,0
RETRO-2025-000323,2025-05-29,7300.0,-351.88,0.2476,1,0.6164,0,36,debt_consolidation,0.0679287377478175,562.6898024068327,Flag / decline,0,Known good,0
RETRO-2025-000324,2025-02-25,25700.0,817.89,0.1862,0,0.824,0,33,home_improvement,0.0428364935625861,576.7599381299228,Flag / decline,0,Known good,0
RETRO-2025-000325,2025-02-19,1600.0,4278.7,0.0341,2,0.6003,0,45,home_improvement,0.0398515974123361,578.9338351962372,Flag / decline,0,Known good,0
RETRO-2025-000326,2025-04-27,5300.0,684.79,0.1818,3,0.4682,0,102,car,0.0399348443469887,578.8711226695403,Flag / decline,0,Known good,0
RETRO-2025-000327,2025-06-10,15600.0,0.75,0.4705,4,0.1925,0,19,debt_consolidation,0.0918508305898526,553.2341685344832,Flag / decline,0,Known good,0
RETRO-2025-000328,2025-04-26,3200.0,-555.37,0.5629,0,0.2753,1,17,car,0.1057646433096048,548.7188195643486,Flag / decline,0,Known good,0
RETRO-2025-000329,2025-01-22,2100.0,1094.65,0.1626,0,0.4129,0,48,debt_consolidation,0.0286571716264511,588.7831250443393,Flag / decline,0,Known good,0
RETRO-2025-000330,2025-03-10,4500.0,751.4,0.1481,1,0.5327,0,36,debt_consolidation,0.0372360206683925,580.9711033545499,Flag / decline,0,Known good,0
RETRO-2025-000331,2025-03-07,4400.0,968.68,0.0935,1,0.5006,1,57,home_improvement,0.054766865746026,569.3087757782795,Flag / decline,0,Known good,0
RETRO-2025-000332,2025-05-27,17600.0,1946.33,0.0346,2,0.181,0,85,home_improvement,0.0258061283601143,591.8913419927251,Flag / decline,0,Known good,0
RETRO-2025-000333,2025-04-10,2900.0,837.15,0.118,1,0.489,0,90,debt_consolidation,0.0304337828975593,586.9947533112249,Flag / decline,0,Known good,0
RETRO-2025-000334,2025-05-09,7400.0,-105.34,0.2009,3,0.1535,0,179,home_improvement,0.0462297485729011,574.4578434774451,Flag / decline,0,Known good,0
RETRO-2025-000335,2025-01-29,4900.0,227.02,0.3573,2,0.6327,0,14,major_purchase,0.0613367281188978,565.8385680903687,Flag / decline,0,Known good,0
RETRO-2025-000336,2025-02-27,16400.0,1609.29,0.106,1,0.6263,0,91,major_purchase,0.0335978216820278,584.046558258383,Flag / decline,0,Known good,0
RETRO-2025-000337,2025-05-07,8300.0,2939.07,0.0366,0,0.4787,0,21,home_improvement,0.0314090676261331,586.0555656932661,Flag / decline,1,Indeterminate,0
RETRO-2025-000338,2025-06-05,30000.0,1644.46,0.1741,1,0.4415,1,89,debt_consolidation,0.0516312776754195,571.1054937644225,Flag / decline,4,Known bad,1
RETRO-2025-000339,2025-03-05,15300.0,423.17,0.2447,0,0.4151,0,1,debt_consolidation,0.0509001123348602,571.5392599193726,Flag / decline,0,Known good,0
RETRO-2025-000340,2025-03-10,6100.0,513.07,0.1994,0,0.651,0,105,major_purchase,0.0313951238792521,586.0687933182411,Flag / decline,0,Known good,0
RETRO-2025-000341,2025-03-22,4600.0,1963.13,0.1217,1,0.605,0,108,major_purchase,0.0325042488925383,585.0339782762829,Flag / decline,0,Known good,0
RETRO-2025-000342,2025-03-15,19900.0,2594.18,0.0182,1,0.4193,0,28,debt_consolidation,0.0322507820806484,585.2674199089436,Flag / decline,0,Known good,0
RETRO-2025-000343,2025-01-11,7600.0,1228.44,0.127,2,0.5775,0,9,debt_consolidation,0.0533251254555474,570.1225096562484,Flag / decline,0,Known good,0
RETRO-2025-000344,2025-06-04,10800.0,936.41,0.0518,0,0.2025,0,39,debt_consolidation,0.0230995133218168,595.1684211300114,Accept,0,Known good,0
RETRO-2025-000345,2025-01-15,3100.0,-944.42,0.5312,0,0.3604,0,39,debt_consolidation,0.0590730439129328,566.9930936675936,Flag / decline,0,Known good,0
RETRO-2025-000346,2025-05-21,2800.0,2662.77,0.0371,2,0.6395,0,59,major_purchase,0.0394718401932015,579.2215207058229,Flag / decline,0,Known good,0
RETRO-2025-000347,2025-01-10,5700.0,780.93,0.1757,2,0.7206,0,18,home_improvement,0.0557207292174911,568.7814273306462,Flag / decline,0,Known good,0
RETRO-2025-000348,2025-04-27,3500.0,3066.52,0.0232,0,0.7656,0,64,car,0.03280179408992,584.7621749714978,Flag / decline,0,Known good,0
RETRO-2025-000349,2025-04-22,3800.0,637.47,0.0997,3,0.0082,0,93,home_improvement,0.0265024349466529,591.1024872048234,Flag / decline,0,Known good,0
RETRO-2025-000350,2025-05-25,14400.0,802.39,0.0867,3,0.2296,0,104,education,0.011378480973373,615.9436448770974,Accept,0,Known good,0
RETRO-2025-000351,2025-05-21,14900.0,1255.37,0.0647,1,0.2306,1,85,education,0.0151802337507275,607.5147523478705,Accept,0,Known good,0
RETRO-2025-000352,2025-02-23,13900.0,889.08,0.2995,1,0.1313,0,5,major_purchase,0.0404625648353057,578.4764645089756,Flag / decline,0,Known good,0
RETRO-2025-000353,2025-06-26,4200.0,3779.25,0.1279,1,0.2365,1,43,car,0.0477064477075945,573.5058800930523,Flag / decline,0,Known good,0
RETRO-2025-000354,2025-02-05,9600.0,620.62,0.0788,2,0.3851,0,35,debt_consolidation,0.0360985435672334,581.9003387049623,Flag / decline,0,Known good,0
RETRO-2025-000355,2025-04-14,8100.0,1588.99,0.021,2,0.256,0,15,major_purchase,0.035633668597155,582.2882433508189,Flag / decline,0,Known good,0
RETRO-2025-000356,2025-04-26,18500.0,-711.83,0.8367,2,0.6478,0,85,debt_consolidation,0.103302937337338,549.4776641082414,Flag / decline,0,Known good,0
RETRO-2025-000357,2025-04-21,4100.0,1256.86,0.1396,2,0.3995,0,53,debt_consolidation,0.0357229328728536,582.2133822279063,Flag / decline,0,Known good,0
RETRO-2025-000358,2025-06-05,10400.0,1084.0,0.128,0,0.1663,0,62,major_purchase,0.0220151025838562,596.5878104949039,Accept,0,Known good,0
RETRO-2025-000359,2025-02-19,8000.0,1782.8,0.2637,0,0.2721,0,152,home_improvement,0.0228776191343883,595.4534850304366,Accept,0,Known good,0
RETRO-2025-000360,2025-06-24,4000.0,2182.82,0.0055,2,0.2881,0,94,major_purchase,0.0270891049680453,590.4533371662629,Flag / decline,0,Known good,0
RETRO-2025-000361,2025-06-04,3900.0,581.01,0.2987,0,0.0649,0,33,debt_consolidation,0.0253981424536746,592.3632378204513,Flag / decline,0,Known good,0
RETRO-2025-000362,2025-05-12,3900.0,4025.64,0.0037,1,0.4952,0,65,home_improvement,0.0296759551245217,587.7448812923426,Flag / decline,4,Known bad,1
RETRO-2025-000363,2025-04-16,8800.0,351.04,0.2397,1,0.2105,0,18,car,0.0342879098782903,583.4393016247685,Flag / decline,0,Known good,0
RETRO-2025-000364,2025-04-23,6200.0,1342.24,0.1823,3,0.3616,0,39,major_purchase,0.0427427416905504,576.825982962453,Flag / decline,0,Known good,0
RETRO-2025-000365,2025-02-07,6400.0,1004.08,0.1654,0,0.3325,0,121,home_improvement,0.0232061528530316,595.0323729458172,Accept,4,Known bad,1
RETRO-2025-000366,2025-02-09,7400.0,629.85,0.1322,1,0.2489,0,27,education,0.0113631914791503,615.9828887532401,Accept,0,Known good,0
RETRO-2025-000367,2025-02-21,11100.0,2684.75,0.0255,3,0.8533,0,56,home_improvement,0.0531463091596008,570.224878321353,Flag / decline,2,Indeterminate,0
RETRO-2025-000368,2025-06-17,13500.0,3120.63,0.1054,1,0.5785,0,90,car,0.0323879564740187,585.1408637489635,Flag / decline,0,Known good,0
RETRO-2025-000369,2025-05-29,6000.0,889.9,0.0269,2,0.257,0,111,debt_consolidation,0.026125101754576,591.5274341529157,Flag / decline,0,Known good,0
RETRO-2025-000370,2025-02-12,7100.0,1015.88,0.2424,3,0.3239,0,24,major_purchase,0.0466777726118591,574.1660023954221,Flag / decline,0,Known good,0
RETRO-2025-000371,2025-04-07,13700.0,7.01,0.2742,1,0.4105,0,97,home_improvement,0.0506220220575865,571.7057870828044,Flag / decline,0,Known good,0
RETRO-2025-000372,2025-02-26,2400.0,965.74,0.1186,1,0.1511,0,11,home_improvement,0.0322976538993252,585.2241178672563,Flag / decline,0,Known good,0
RETRO-2025-000373,2025-01-17,4000.0,-386.18,0.237,1,0.6081,0,45,other,0.064763962533137,564.1642233784346,Flag / decline,0,Known good,0
RETRO-2025-000374,2025-01-30,8300.0,2010.9,0.0374,0,0.7322,0,25,car,0.0374123945356108,580.8294689038282,Flag / decline,0,Known good,0
RETRO-2025-000375,2025-01-01,10400.0,1741.49,0.0059,2,0.0747,0,21,education,0.0107019058742745,617.7321891497102,Accept,0,Known good,0
RETRO-2025-000376,2025-01-12,18700.0,-203.37,0.4386,3,0.8149,0,27,other,0.1196907038454652,544.6968641581966,Flag / decline,0,Known good,0
RETRO-2025-000377,2025-03-23,7700.0,344.09,0.3335,2,0.3147,0,25,car,0.043139216016632,576.5476197140481,Flag / decline,0,Known good,0
RETRO-2025-000378,2025-02-10,7600.0,1412.41,0.0652,0,0.1954,0,32,home_improvement,0.0239323756358465,594.121787948052,Accept,0,Known good,0
RETRO-2025-000379,2025-05-22,6200.0,4640.15,0.0329,0,0.6166,0,4,debt_consolidation,0.044347955414705,575.7137947352564,Flag / decline,0,Known good,0
RETRO-2025-000380,2025-05-01,6200.0,593.99,0.0752,0,0.6212,0,28,home_improvement,0.0345856971938268,583.1808913333451,Flag / decline,0,Known good,0
RETRO-2025-000381,2025-02-06,3000.0,827.17,0.1499,1,0.6917,0,6,car,0.0550957485456096,569.1259810732909,Flag / decline,0,Known good,0
RETRO-2025-000382,2025-06-26,2900.0,1056.29,0.1299,1,0.5765,0,99,car,0.0324118749311476,585.1188498008881,Flag / decline,1,Indeterminate,0
RETRO-2025-000383,2025-01-03,7700.0,1319.26,0.0856,1,0.3026,0,71,major_purchase,0.0266110217224606,590.9812888169301,Flag / decline,6,Known bad,1
RETRO-2025-000384,2025-03-03,3300.0,1370.06,0.0841,2,0.8498,0,60,home_improvement,0.0480236397291273,573.305058072223,Flag / decline,0,Known good,0
RETRO-2025-000385,2025-04-26,16300.0,1418.85,0.1187,1,0.5337,0,19,debt_consolidation,0.0402853117377878,578.6084711828366,Flag / decline,0,Known good,0
RETRO-2025-000386,2025-01-24,10400.0,300.06,0.1961,3,0.731,0,35,home_improvement,0.0585665743625813,567.2570694050901,Flag / decline,0,Known good,0
RETRO-2025-000387,2025-03-29,5000.0,-627.07,0.5047,1,0.8275,0,11,home_improvement,0.1124168186624143,546.7433649510806,Flag / decline,0,Known good,0
RETRO-2025-000388,2025-03-04,6100.0,2051.54,0.0901,0,0.8204,0,127,other,0.03221631288869,585.2993027496461,Flag / decline,0,Known good,0
RETRO-2025-000389,2025-06-30,7400.0,3184.49,0.1099,0,0.6643,0,15,other,0.0403693904418165,578.5457855692936,Flag / decline,0,Known good,0
RETRO-2025-000390,2025-02-03,2300.0,2786.28,0.0446,1,0.2568,0,143,major_purchase,0.0222381814075314,596.2903232466064,Accept,0,Known good,0
RETRO-2025-000391,2025-06-30,5200.0,954.97,0.1486,0,0.3572,0,30,home_improvement,0.02922963364221,588.195404557386,Flag / decline,0,Known good,0
RETRO-2025-000392,2025-02-01,14700.0,1379.03,0.2668,3,0.0907,0,72,home_improvement,0.0332608483624684,584.3474721639651,Flag / decline,0,Known good,0
RETRO-2025-000393,2025-05-30,3400.0,2522.28,0.1398,0,0.802,0,161,debt_consolidation,0.031670630235094,585.8084836174058,Flag / decline,0,Known good,0
RETRO-2025-000394,2025-03-23,10000.0,2368.18,0.0358,2,0.6843,0,44,home_improvement,0.0427820929442653,576.7982445789386,Flag / decline,0,Known good,0
RETRO-2025-000395,2025-02-18,7200.0,1770.6,0.1353,1,0.6747,0,82,debt_consolidation,0.0362510889469508,581.7740979423044,Flag / decline,0,Known good,0
RETRO-2025-000396,2025-06-28,12900.0,-791.64,0.4435,1,0.0345,0,85,car,0.0433902677447618,576.3726177109658,Flag / decline,0,Known good,0
RETRO-2025-000397,2025-01-26,3900.0,-291.88,0.2052,2,0.729,0,242,debt_consolidation,0.0608510374785064,566.0828810591877,Flag / decline,0,Known good,0
RETRO-2025-000398,2025-02-25,3500.0,-260.19,0.1347,1,0.4374,0,62,car,0.050262741667447,571.9222197861493,Flag / decline,0,Known good,0
RETRO-2025-000399,2025-06-22,22000.0,653.01,0.2688,1,0.2461,0,43,home_improvement,0.0314429294541682,586.0234665765681,Flag / decline,0,Known good,0
RETRO-2025-000400,2025-03-12,8400.0,2145.87,0.0593,1,0.3512,0,19,education,0.0123747392643466,613.4927502858657,Accept,0,Known good,0
RETRO-2025-000401,2025-03-08,6500.0,1481.93,0.1479,2,0.2858,0,26,debt_consolidation,0.0367202285551326,581.3890347330854,Flag / decline,0,Known good,0
RETRO-2025-000402,2025-01-05,10500.0,2980.47,0.0341,0,0.3151,0,65,major_purchase,0.023003139257098,595.2919014263941,Accept,0,Known good,0
RETRO-2025-000403,2025-04-25,13900.0,733.34,0.1285,0,0.4033,0,54,home_improvement,0.0272310451784217,590.2983347068206,Flag / decline,0,Known good,0
RETRO-2025-000404,2025-01-31,2900.0,-321.97,0.3545,0,0.2826,0,45,debt_consolidation,0.0480371607105306,573.2965256278123,Flag / decline,0,Known good,0
RETRO-2025-000405,2025-01-03,5100.0,1317.87,0.1351,3,0.2796,0,45,car,0.0378806169108557,580.4565599709907,Flag / decline,0,Known good,0
RETRO-2025-000406,2025-06-21,10300.0,-394.67,0.3861,1,0.1519,1,10,debt_consolidation,0.1044202147565823,549.1312948755138,Flag / decline,0,Known good,0
RETRO-2025-000407,2025-03-10,7300.0,3520.92,0.0551,1,0.2619,1,95,car,0.0408007368667482,578.226144957503,Flag / decline,0,Known good,0
RETRO-2025-000408,2025-06-06,4900.0,170.38,0.1135,1,0.7965,1,82,car,0.0659823952798391,563.5888099297482,Flag / decline,0,Known good,0
RETRO-2025-000409,2025-04-27,5500.0,1048.57,0.0563,0,0.5081,0,84,car,0.0261865165913614,591.4578644109092,Flag / decline,0,Known good,0
RETRO-2025-000410,2025-03-01,3500.0,2104.63,0.0613,0,0.4242,0,110,car,0.023524917387207,594.6293095764355,Accept,0,Known good,0
RETRO-2025-000411,2025-06-15,10100.0,957.89,0.2585,1,0.2571,0,26,other,0.034073595924058,583.6266193510846,Flag / decline,0,Known good,0
RETRO-2025-000412,2025-01-14,3100.0,-183.06,0.2308,1,0.3627,1,24,other,0.0972449929789236,551.4156490512869,Flag / decline,4,Known bad,1
RETRO-2025-000413,2025-03-02,3900.0,76.63,0.1356,2,0.1605,0,25,car,0.0530531635526503,570.2783311158347,Flag / decline,0,Known good,0
RETRO-2025-000414,2025-02-04,3800.0,892.26,0.0239,2,0.1293,1,89,other,0.0413764028378165,577.8045626420542,Flag / decline,0,Known good,0
RETRO-2025-000415,2025-01-04,5700.0,1447.62,0.0577,3,0.1564,1,32,home_improvement,0.0577779752806889,567.6723862530806,Flag / decline,0,Known good,0
RETRO-2025-000416,2025-02-13,4000.0,1506.84,0.1574,0,0.5822,0,77,other,0.0303054925883034,587.1204584972643,Flag / decline,0,Known good,0
RETRO-2025-000417,2025-05-17,6900.0,573.24,0.1372,1,0.4165,0,48,car,0.0321971593868547,585.3170333493267,Flag / decline,0,Known good,0
RETRO-2025-000418,2025-06-09,4700.0,661.65,0.2428,3,0.3044,0,53,home_improvement,0.0406520071423107,578.3359910321216,Flag / decline,0,Known good,0
RETRO-2025-000419,2025-05-27,10800.0,2244.06,0.1046,2,0.0986,0,97,car,0.0248759481267463,592.9781231281082,Accept,0,Known good,0
RETRO-2025-000420,2025-02-02,9200.0,1227.53,0.2609,2,0.2735,0,33,car,0.0379851225770585,580.3739326712174,Flag / decline,0,Known good,0
RETRO-2025-000421,2025-03-05,6600.0,1560.68,0.039,1,0.4428,0,107,other,0.0269475319227784,590.6087271765671,Flag / decline,3,Known bad,1
RETRO-2025-000422,2025-05-19,16500.0,2048.15,0.2654,0,0.7987,1,79,debt_consolidation,0.065043417758438,564.0313641689689,Flag / decline,0,Known good,0
RETRO-2025-000423,2025-01-09,7600.0,325.39,0.1624,3,0.6821,1,67,debt_consolidation,0.0829789606585722,556.4456230443848,Flag / decline,0,Known good,0
RETRO-2025-000424,2025-05-25,13300.0,1731.44,0.0808,2,0.6642,0,28,car,0.0466380633052658,574.1917610244221,Flag / decline,0,Known good,0
RETRO-2025-000425,2025-04-27,7900.0,843.68,0.2372,1,0.182,0,32,car,0.0305997777018972,586.8328629246915,Flag / decline,0,Known good,0
RETRO-2025-000426,2025-04-16,19200.0,4999.69,0.0526,1,0.0842,0,16,debt_consolidation,0.0275943447509701,589.9051512160133,Flag / decline,0,Known good,0
RETRO-2025-000427,2025-05-04,5100.0,1429.43,0.0633,1,0.4985,0,110,debt_consolidation,0.0285455590516809,588.8990385238412,Flag / decline,0,Known good,0
RETRO-2025-000428,2025-04-12,6000.0,632.73,0.1864,1,0.3608,0,39,education,0.0122082930282026,613.8883453174275,Accept,0,Known good,0
RETRO-2025-000429,2025-03-19,11600.0,1473.58,0.1395,0,0.0,0,96,car,0.0180896606504037,602.3699571076993,Accept,0,Known good,0
RETRO-2025-000430,2025-04-02,20600.0,-132.33,0.1852,2,0.2701,0,16,car,0.0639261944360507,564.5657395610745,Flag / decline,0,Known good,0
RETRO-2025-000431,2025-02-15,3700.0,1594.37,0.1098,2,0.5316,0,81,debt_consolidation,0.0363014370853269,581.7325439341265,Flag / decline,0,Known good,0
RETRO-2025-000432,2025-01-14,8800.0,1918.39,0.0658,2,0.3276,0,73,car,0.0304082500941353,587.0197306489551,Flag / decline,0,Known good,0
RETRO-2025-000433,2025-02-17,3200.0,-62.38,0.2398,1,0.4953,1,108,major_purchase,0.0863742280044146,555.1814868316998,Flag / decline,0,Known good,0
RETRO-2025-000434,2025-05-19,6500.0,285.1,0.2737,0,0.4697,1,34,major_purchase,0.0577799667906004,567.6713307380778,Flag / decline,0,Known good,0
RETRO-2025-000435,2025-02-17,9100.0,972.64,0.1288,1,0.6774,0,43,car,0.0400468648316716,578.7869315665203,Flag / decline,0,Known good,0
RETRO-2025-000436,2025-01-29,9100.0,214.86,0.2879,3,0.2047,0,83,debt_consolidation,0.0361375696150134,581.8679934239558,Flag / decline,0,Known good,0
RETRO-2025-000437,2025-03-30,9900.0,1924.15,0.0886,1,0.6587,0,49,car,0.0375641583121757,580.7081099764895,Flag / decline,0,Known good,0
RETRO-2025-000438,2025-05-31,12300.0,1007.9,0.0318,1,0.7953,0,37,debt_consolidation,0.0419936183819806,577.3587413599073,Flag / decline,7,Known bad,1
RETRO-2025-000439,2025-01-03,8100.0,4393.02,0.0156,1,0.7179,0,12,debt_consolidation,0.0463695028485021,574.3665204039495,Flag / decline,0,Known good,0
RETRO-2025-000440,2025-06-06,9200.0,126.09,0.3592,0,0.0921,0,37,major_purchase,0.0427878270663691,576.7942046769598,Flag / decline,0,Known good,0
RETRO-2025-000441,2025-06-20,11500.0,503.08,0.027,1,0.0,0,63,home_improvement,0.0203905036456486,598.8476250844094,Accept,0,Known good,0
RETRO-2025-000442,2025-02-28,5000.0,74.59,0.0658,4,0.3251,1,77,major_purchase,0.1030481108307215,549.5571271522243,Flag / decline,0,Known good,0
RETRO-2025-000443,2025-06-06,9300.0,364.56,0.1813,0,0.1012,1,31,car,0.0411620249244327,577.960899954126,Flag / decline,0,Known good,0
RETRO-2025-000444,2025-04-26,10800.0,3304.22,0.0338,1,0.7266,1,6,home_improvement,0.0868126480133568,555.0215506810122,Flag / decline,0,Known good,0
RETRO-2025-000445,2025-02-19,6100.0,1977.74,0.058,2,0.4341,0,53,home_improvement,0.03463374222221,583.1394005100858,Flag / decline,0,Known good,0
RETRO-2025-000446,2025-01-23,7900.0,-21.82,0.3456,1,0.6005,0,50,other,0.0683080766946213,562.5173744043052,Flag / decline,0,Known good,0
RETRO-2025-000447,2025-06-17,10100.0,-348.63,0.2023,0,0.1617,0,53,education,0.0141950977094088,609.4796256172309,Accept,0,Known good,0
RETRO-2025-000448,2025-04-10,3800.0,780.9,0.0967,1,0.5869,0,4,other,0.0515928816690063,571.1281273435782,Flag / decline,0,Known good,0
RETRO-2025-000449,2025-01-13,3800.0,1127.82,0.0787,0,0.4038,0,110,car,0.0234362910570955,594.7408359709218,Accept,0,Known good,0
RETRO-2025-000450,2025-02-07,8500.0,477.4,0.2378,0,0.2241,0,36,debt_consolidation,0.0272317341728764,590.2975842237356,Flag / decline,0,Known good,0
RETRO-2025-000451,2025-03-11,5500.0,1039.41,0.02,4,0.8971,0,15,education,0.0289014301502018,588.5309752459924,Flag / decline,0,Known good,0
RETRO-2025-000452,2025-03-16,8300.0,1952.63,0.2202,1,0.7706,0,69,debt_consolidation,0.042695944453025,576.8590017364902,Flag / decline,0,Known good,0
RETRO-2025-000453,2025-04-02,4200.0,2797.24,0.0364,2,0.7629,0,63,debt_consolidation,0.0430359457137309,576.619889352475,Flag / decline,0,Known good,0
RETRO-2025-000454,2025-02-12,14500.0,688.47,0.0446,0,0.1727,0,43,debt_consolidation,0.0220885485861614,596.4895423630167,Accept,0,Known good,0
RETRO-2025-000455,2025-04-18,7600.0,4828.4,0.0344,0,0.2787,0,33,other,0.0249006910491891,592.9487056370723,Accept,0,Known good,0
RETRO-2025-000456,2025-04-26,8800.0,1437.54,0.0153,3,0.5799,0,59,debt_consolidation,0.0422464026541835,577.1779589126924,Flag / decline,0,Known good,0
RETRO-2025-000457,2025-04-26,10000.0,481.85,0.1741,0,0.2712,0,99,car,0.022964807803882,595.3411544749758,Accept,0,Known good,0
RETRO-2025-000458,2025-03-08,3200.0,2649.99,0.0096,4,0.4903,1,94,home_improvement,0.0695547439243195,561.9568851829772,Flag / decline,0,Known good,0
RETRO-2025-000459,2025-04-21,4100.0,-303.92,0.4354,1,0.2311,0,102,other,0.0489083828992202,572.7514892195037,Flag / decline,0,Known good,0
RETRO-2025-000460,2025-01-27,8400.0,3535.07,0.0803,1,0.3177,0,27,debt_consolidation,0.0312788323881363,586.1793342499888,Flag / decline,0,Known good,0
RETRO-2025-000461,2025-06-24,13800.0,573.52,0.1794,2,0.7455,0,26,car,0.053879969441708,569.8069219362546,Flag / decline,0,Known good,0
RETRO-2025-000462,2025-01-20,5400.0,2603.8,0.0147,0,0.5941,0,30,education,0.0118642530342152,614.7231976237698,Accept,0,Known good,0
RETRO-2025-000463,2025-05-26,4400.0,-358.35,0.3553,1,0.2189,0,181,car,0.0417933758134279,577.5026879334298,Flag / decline,0,Known good,0
RETRO-2025-000464,2025-01-08,6700.0,1470.15,0.1012,3,0.5087,0,156,other,0.0363778268346005,581.669602700537,Flag / decline,0,Known good,0
RETRO-2025-000465,2025-06-03,6500.0,1231.26,0.1564,1,0.5674,0,27,debt_consolidation,0.0402628699506922,578.6252240451286,Flag / decline,0,Known good,0
RETRO-2025-000466,2025-04-17,9200.0,2025.41,0.0077,1,0.2032,0,67,major_purchase,0.023443430925794,594.7318360076332,Accept,0,Known good,0
RETRO-2025-000467,2025-05-18,12600.0,1935.53,0.1069,2,0.3253,0,63,education,0.0118427853959014,614.7760811353206,Accept,5,Known bad,1
RETRO-2025-000468,2025-04-23,9500.0,-120.48,0.3953,0,0.4131,0,27,car,0.059192447604248,566.9311686658601,Flag / decline,0,Known good,0
RETRO-2025-000469,2025-04-06,11400.0,450.24,0.1647,1,0.1027,0,32,home_improvement,0.0272601353944344,590.2666644131,Flag / decline,0,Known good,0
RETRO-2025-000470,2025-05-27,7100.0,1659.15,0.0879,1,0.2057,0,46,other,0.0264392066328206,591.1732817759366,Flag / decline,0,Known good,0
RETRO-2025-000471,2025-04-19,1900.0,1870.99,0.0378,0,0.1517,1,40,car,0.037162019403761,581.0307211333604,Flag / decline,0,Known good,0
RETRO-2025-000472,2025-03-25,2900.0,1866.54,0.1662,1,0.3903,0,125,major_purchase,0.0276224297548394,589.8749658242441,Flag / decline,0,Known good,0
RETRO-2025-000473,2025-06-21,4700.0,1540.71,0.0658,0,0.5294,0,21,debt_consolidation,0.0333949075696845,584.2274075881123,Flag / decline,0,Known good,0
RETRO-2025-000474,2025-06-12,9500.0,2644.04,0.0201,3,0.5384,1,65,car,0.0677796136805642,562.7578310799689,Flag / decline,0,Known good,0
RETRO-2025-000475,2025-02-05,6900.0,1511.66,0.0359,1,0.1233,0,47,major_purchase,0.0237536707625317,594.3433329369637,Accept,0,Known good,0
RETRO-2025-000476,2025-03-22,3800.0,-656.22,0.2612,1,0.6658,0,52,debt_consolidation,0.0673371535218775,562.960496314096,Flag / decline,0,Known good,0
RETRO-2025-000477,2025-02-26,13000.0,1956.43,0.0548,0,0.2349,0,22,debt_consolidation,0.0260038424871432,591.6652633085032,Flag / decline,0,Known good,0
RETRO-2025-000478,2025-06-24,6700.0,1342.84,0.0147,0,0.2691,0,51,education,0.0083587598293136,624.9305872492002,Accept,0,Known good,0
RETRO-2025-000479,2025-03-07,7200.0,1604.69,0.0354,1,0.4613,0,150,car,0.0258299932112989,591.8639641261528,Flag / decline,0,Known good,0
RETRO-2025-000480,2025-03-03,6900.0,2856.9,0.0772,0,0.4312,1,85,debt_consolidation,0.0423143156491308,577.1295661467437,Flag / decline,0,Known good,0
RETRO-2025-000481,2025-06-14,17900.0,1985.72,0.0262,0,0.1986,0,55,home_improvement,0.0213935066149179,597.4325557260321,Accept,0,Known good,0
RETRO-2025-000482,2025-06-04,8500.0,131.81,0.3665,2,0.5438,0,68,car,0.0718487833672106,560.9493609916244,Flag / decline,3,Known bad,1
RETRO-2025-000483,2025-03-15,3700.0,325.15,0.2943,1,0.794,0,191,home_improvement,0.0389958575451088,579.5858735507006,Flag / decline,0,Known good,0
RETRO-2025-000484,2025-04-25,25000.0,3272.49,0.0482,1,0.4051,0,7,home_improvement,0.0400987209845486,578.7480344888753,Flag / decline,0,Known good,0
RETRO-2025-000485,2025-03-07,3000.0,1205.64,0.0234,0,0.4655,0,63,debt_consolidation,0.0258824883898824,591.8038279705302,Flag / decline,0,Known good,0
RETRO-2025-000486,2025-01-26,4800.0,2387.38,0.0213,1,0.0549,0,130,debt_consolidation,0.0188733002990785,601.1232927092191,Accept,0,Known good,0
RETRO-2025-000487,2025-02-17,5900.0,381.26,0.1384,1,0.234,0,48,debt_consolidation,0.0278591834250336,589.6216847875955,Flag / decline,0,Known good,0
RETRO-2025-000488,2025-04-06,11700.0,2119.8,0.1187,1,0.1211,0,50,car,0.0249287670237721,592.9153598743612,Accept,0,Known good,0
RETRO-2025-000489,2025-02-01,5900.0,-532.34,0.2336,1,0.7525,0,39,car,0.0737506419187951,560.1363387239787,Flag / decline,0,Known good,0
RETRO-2025-000490,2025-05-06,5900.0,308.76,0.0354,0,0.2953,0,15,debt_consolidation,0.0285481143240304,588.8963798695253,Flag / decline,0,Known good,0
RETRO-2025-000491,2025-04-07,15400.0,1556.3,0.0257,2,0.3672,1,154,home_improvement,0.0457941803142748,574.7441624646226,Flag / decline,0,Known good,0
RETRO-2025-000492,2025-01-31,22300.0,2466.56,0.0257,0,0.7937,0,64,car,0.0336030668508135,584.0418974391201,Flag / decline,0,Known good,0
RETRO-2025-000493,2025-06-30,4300.0,2920.71,0.0322,0,0.5979,0,48,debt_consolidation,0.0302395803292294,587.1852431882506,Flag / decline,5,Known bad,1
RETRO-2025-000494,2025-04-21,8700.0,-22.9,0.3558,2,0.5831,0,4,other,0.1095505524215231,547.5816152034257,Flag / decline,0,Known good,0
RETRO-2025-000495,2025-01-01,29200.0,2225.35,0.0551,1,0.5346,0,26,car,0.036710723114268,581.3967895769314,Flag / decline,0,Known good,0
RETRO-2025-000496,2025-02-12,4600.0,2359.43,0.0316,0,0.9119,0,61,debt_consolidation,0.0373457099362502,580.8829433872861,Flag / decline,0,Known good,0
RETRO-2025-000497,2025-01-27,9200.0,2046.55,0.1402,0,0.573,1,72,car,0.050756113139817,571.6253822994588,Flag / decline,0,Known good,0
RETRO-2025-000498,2025-03-11,3000.0,510.76,0.0847,0,0.2167,0,30,debt_consolidation,0.0249440418787053,592.8972333363192,Accept,0,Known good,0
RETRO-2025-000499,2025-01-02,5300.0,-520.93,0.5899,1,0.0996,1,38,other,0.0951348418567903,552.116018384339,Flag / decline,0,Known good,0
RETRO-2025-000500,2025-05-18,6100.0,-14.94,0.1936,1,0.3291,0,132,debt_consolidation,0.0427280665796252,576.8363335765988,Flag / decline,0,Known good,0
RETRO-2025-000501,2025-06-08,2800.0,-155.28,0.3995,1,0.8131,0,121,debt_consolidation,0.0728303775342204,560.527297608581,Flag / decline,0,Known good,0
RETRO-2025-000502,2025-04-22,8900.0,443.42,0.0965,0,0.5153,0,100,car,0.0263632457665857,591.2585506677291,Flag / decline,0,Known good,0
RETRO-2025-000503,2025-05-20,5300.0,707.22,0.2045,1,0.1944,1,79,car,0.0442955429174205,575.7494982393583,Flag / decline,0,Known good,0
RETRO-2025-000504,2025-02-08,11500.0,1933.82,0.0478,0,0.4616,0,30,car,0.0295451089831695,587.8762747843506,Flag / decline,0,Known good,0
RETRO-2025-000505,2025-01-09,4700.0,-710.38,0.4956,2,0.4359,1,24,car,0.1375807191251775,540.0850988195431,Flag / decline,0,Known good,0
RETRO-2025-000506,2025-04-18,9400.0,1517.86,0.0566,1,0.5288,0,99,debt_consolidation,0.0296011036390223,587.8199769781017,Flag / decline,0,Known good,0
RETRO-2025-000507,2025-01-25,11100.0,667.17,0.0697,1,0.1958,0,64,home_improvement,0.0245549844055768,593.362331026603,Accept,0,Known good,0
RETRO-2025-000508,2025-04-23,9200.0,996.26,0.0366,0,0.3936,0,51,home_improvement,0.0255166779879966,592.2253776482544,Flag / decline,0,Known good,0
RETRO-2025-000509,2025-04-05,12300.0,626.16,0.094,2,0.2306,0,60,car,0.0296355212861282,587.7854242091024,Flag / decline,0,Known good,0
RETRO-2025-000510,2025-01-29,6600.0,2776.05,0.0382,1,0.0272,0,133,car,0.0186153293738977,601.5279899713626,Accept,0,Known good,0
RETRO-2025-000511,2025-03-30,12700.0,582.28,0.1394,0,0.2738,1,165,major_purchase,0.0351396259787714,582.705865061342,Flag / decline,0,Known good,0
RETRO-2025-000512,2025-06-01,24300.0,2353.97,0.0165,1,0.2292,0,24,major_purchase,0.0283546311118183,589.0983474590441,Flag / decline,0,Known good,0
RETRO-2025-000513,2025-02-03,4800.0,3757.79,0.0235,1,0.4652,0,44,other,0.031273058801463,586.1848326925526,Flag / decline,0,Known good,0
RETRO-2025-000514,2025-04-10,3900.0,1141.06,0.0805,4,0.5664,0,191,car,0.0413960700005767,577.7902589991319,Flag / decline,0,Known good,0
RETRO-2025-000515,2025-05-25,5600.0,1386.26,0.0114,0,0.1685,0,15,education,0.0093394310478961,621.7011233086058,Accept,0,Known good,0
RETRO-2025-000516,2025-05-26,30000.0,10.61,0.16,2,0.0939,0,99,debt_consolidation,0.0413332057703256,577.8360020940366,Flag / decline,0,Known good,0
RETRO-2025-000517,2025-06-17,3700.0,-4.86,0.2277,1,0.3694,1,35,debt_consolidation,0.0922902774481239,553.0824848777037,Flag / decline,0,Known good,0
RETRO-2025-000518,2025-01-26,6800.0,11.68,0.1429,1,0.5942,0,29,home_improvement,0.0641745603401262,564.4461969182688,Flag / decline,0,Known good,0
RETRO-2025-000519,2025-02-16,3600.0,1241.95,0.022,0,0.2854,0,30,home_improvement,0.0251877393705624,592.6094931476932,Flag / decline,0,Known good,0
RETRO-2025-000520,2025-01-18,15600.0,138.06,0.1457,2,0.6452,0,51,major_purchase,0.0696696500527298,561.9056936105736,Flag / decline,0,Known good,0
RETRO-2025-000521,2025-05-14,15300.0,385.21,0.1677,1,0.1794,0,70,debt_consolidation,0.0256428036775804,592.0793730609953,Flag / decline,2,Indeterminate,0
RETRO-2025-000522,2025-06-23,6800.0,435.67,0.0192,0,0.1413,0,35,other,0.0218498141669892,596.8101378004735,Accept,0,Known good,0
RETRO-2025-000523,2025-01-02,13900.0,1029.14,0.0845,1,0.8031,0,53,home_improvement,0.0414639724074105,577.7409244893362,Flag / decline,0,Known good,0
RETRO-2025-000524,2025-06-12,9900.0,307.89,0.2502,1,0.1149,0,65,car,0.026157074345848,591.4911962781048,Flag / decline,0,Known good,0
RETRO-2025-000525,2025-06-10,24600.0,1280.87,0.0789,1,0.6515,0,19,car,0.0429710105659015,576.6654165067266,Flag / decline,0,Known good,0
RETRO-2025-000526,2025-05-13,8400.0,938.39,0.1562,1,0.3818,0,187,home_improvement,0.0255199650388969,592.2215636088006,Flag / decline,0,Known good,0
RETRO-2025-000527,2025-06-13,30000.0,1841.68,0.085,1,0.2426,0,40,major_purchase,0.0277850038898742,589.7008170052609,Flag / decline,0,Known good,0
RETRO-2025-000528,2025-02-15,2700.0,309.76,0.2666,3,0.4523,0,121,debt_consolidation,0.0407687515312918,578.2497357019338,Flag / decline,4,Known bad,1
RETRO-2025-000529,2025-02-11,5800.0,622.63,0.0764,1,0.3291,0,29,debt_consolidation,0.0311259838588225,586.3252309526354,Flag / decline,0,Known good,0
RETRO-2025-000530,2025-04-17,4900.0,-431.26,0.3426,1,0.2875,0,36,home_improvement,0.05630973156095,568.4600211517716,Flag / decline,0,Known good,0
RETRO-2025-000531,2025-04-18,8300.0,1716.57,0.047,0,0.1468,0,112,other,0.0185674230681969,601.6037492869534,Accept,0,Known good,0
RETRO-2025-000532,2025-04-08,11900.0,957.35,0.0668,2,0.344,0,15,debt_consolidation,0.0394743128055148,579.219639007302,Flag / decline,0,Known good,0
RETRO-2025-000533,2025-04-19,11100.0,281.25,0.1289,2,0.1777,0,21,car,0.03436448833297,583.3726431855564,Flag / decline,0,Known good,0
RETRO-2025-000534,2025-01-14,3900.0,-455.39,0.1149,0,0.3019,0,78,debt_consolidation,0.0377278858432462,580.5777113647035,Flag / decline,0,Known good,0
RETRO-2025-000535,2025-03-19,3600.0,-13.91,0.3167,1,0.5498,0,17,education,0.0288380548302982,588.5961988019716,Flag / decline,0,Known good,0
RETRO-2025-000536,2025-04-06,4800.0,1771.39,0.1455,0,0.4582,0,86,car,0.0267341966612895,590.8443888969701,Flag / decline,0,Known good,0
RETRO-2025-000537,2025-06-19,5600.0,629.24,0.1618,0,0.6171,0,22,car,0.0380716861336542,580.3056564534392,Flag / decline,0,Known good,0
RETRO-2025-000538,2025-03-11,14600.0,1107.0,0.1989,1,0.3527,0,36,car,0.0334765331223679,584.1545307616196,Flag / decline,0,Known good,0
RETRO-2025-000539,2025-03-31,7600.0,455.12,0.1891,1,0.3136,0,42,car,0.0314495104915451,586.0172320037027,Flag / decline,0,Known good,0
RETRO-2025-000540,2025-04-24,10700.0,1234.36,0.0818,2,0.1974,0,148,debt_consolidation,0.0247372462018477,593.1435591877291,Accept,0,Known good,0
RETRO-2025-000541,2025-06-20,13900.0,1221.8,0.1693,1,0.3642,0,169,debt_consolidation,0.0258220308379139,591.8730958590403,Flag / decline,0,Known good,0
RETRO-2025-000542,2025-02-18,3300.0,1556.38,0.0769,0,0.4804,0,63,car,0.0272250355770835,590.3048814117928,Flag / decline,0,Known good,0
RETRO-2025-000543,2025-03-12,9600.0,2638.05,0.0971,3,0.4978,0,93,debt_consolidation,0.0390542207214686,579.5409692318245,Flag / decline,0,Known good,0
RETRO-2025-000544,2025-01-21,3000.0,2661.07,0.0296,0,0.3173,0,48,education,0.0088765914525357,623.1811781137036,Accept,0,Known good,0
RETRO-2025-000545,2025-05-07,13100.0,405.17,0.1377,1,0.5983,0,56,car,0.0363138570345239,581.7223018617569,Flag / decline,0,Known good,0
RETRO-2025-000546,2025-01-20,9800.0,3059.14,0.0837,0,0.7033,0,44,debt_consolidation,0.0345973257784669,583.1708440015407,Flag / decline,0,Known good,0
RETRO-2025-000547,2025-06-02,5900.0,1182.72,0.1474,2,0.0749,0,93,other,0.0253468571026258,592.4230784415664,Flag / decline,0,Known good,0
RETRO-2025-000548,2025-01-05,9500.0,3564.94,0.0539,1,0.1968,0,53,car,0.0250411233940523,592.7822797414237,Flag / decline,1,Indeterminate,0
RETRO-2025-000549,2025-02-15,4100.0,502.55,0.1366,1,0.0956,0,13,debt_consolidation,0.0305314043785793,586.8994423697808,Flag / decline,0,Known good,0
RETRO-2025-000550,2025-02-14,5100.0,2706.58,0.0391,2,0.2719,1,108,education,0.0169379196388559,604.3019548178617,Accept,0,Known good,0
RETRO-2025-000551,2025-04-26,4200.0,754.29,0.1528,1,0.6126,0,36,car,0.0397975477718759,578.9746197483224,Flag / decline,0,Known good,0
RETRO-2025-000552,2025-01-10,5500.0,1036.27,0.3002,4,0.1743,0,110,education,0.0144155248833791,609.0285613665388,Accept,0,Known good,0
RETRO-2025-000553,2025-06-19,5400.0,299.87,0.0956,1,0.1458,0,56,debt_consolidation,0.0245564936531711,593.3605129609593,Accept,0,Known good,0
RETRO-2025-000554,2025-06-23,18400.0,-450.85,0.7689,1,0.1561,1,80,car,0.100161207823549,550.4697301723077,Flag / decline,0,Known good,0
RETRO-2025-000555,2025-04-11,8900.0,1719.66,0.0571,0,0.4004,0,86,home_improvement,0.0239431767870424,594.1084492549629,Accept,0,Known good,0
RETRO-2025-000556,2025-04-28,8800.0,887.5,0.1302,1,0.6777,1,50,major_purchase,0.0657447765948947,563.700247052119,Flag / decline,0,Known good,0
RETRO-2025-000557,2025-01-26,6200.0,833.31,0.0827,1,0.4725,0,126,car,0.0277386621858427,589.750356985358,Flag / decline,3,Known bad,1
RETRO-2025-000558,2025-03-19,1900.0,-493.12,0.3864,2,0.9479,0,89,major_purchase,0.0948342453330667,552.2169157622785,Flag / decline,0,Known good,0
RETRO-2025-000559,2025-01-30,4600.0,1340.98,0.1777,3,0.5115,0,79,debt_consolidation,0.0429044298701332,576.7121656617336,Flag / decline,0,Known good,0
RETRO-2025-000560,2025-03-13,6000.0,2166.47,0.1101,2,0.4776,0,8,debt_consolidation,0.0495656424367013,572.3463692959378,Flag / decline,0,Known good,0
RETRO-2025-000561,2025-04-08,4500.0,448.43,0.0657,1,0.6169,0,40,car,0.0369124061623696,581.232662800101,Flag / decline,1,Indeterminate,0
RETRO-2025-000562,2025-05-20,1900.0,722.72,0.1266,1,0.3701,0,24,debt_consolidation,0.0343354361234093,583.3979150743678,Flag / decline,0,Known good,0
RETRO-2025-000563,2025-04-15,21200.0,1435.96,0.1164,0,0.4699,0,74,education,0.0099842795461219,619.7558621134777,Accept,0,Known good,0
RETRO-2025-000564,2025-05-13,12800.0,2293.68,0.0575,0,0.5315,1,180,car,0.0400800588764295,578.7620273010283,Flag / decline,0,Known good,0
RETRO-2025-000565,2025-04-13,10300.0,581.62,0.1012,0,0.414,0,113,home_improvement,0.0239129613869863,594.1457780062176,Accept,0,Known good,0
RETRO-2025-000566,2025-01-10,2100.0,2104.46,0.0705,1,0.1346,0,31,car,0.026257166635375,591.3780292861704,Flag / decline,0,Known good,0
RETRO-2025-000567,2025-06-26,7400.0,36.14,0.2461,1,0.18,0,54,car,0.0454240332255553,574.9895221997908,Flag / decline,0,Known good,0
RETRO-2025-000568,2025-03-17,5200.0,1173.77,0.0847,2,0.3936,0,99,debt_consolidation,0.0309418458594324,586.5019177296512,Flag / decline,0,Known good,0
RETRO-2025-000569,2025-02-20,1600.0,3065.04,0.0356,2,0.7141,0,68,home_improvement,0.0408934016003244,578.1579000208343,Flag / decline,0,Known good,0
RETRO-2025-000570,2025-02-11,4000.0,420.2,0.1049,3,0.5175,0,164,car,0.036436446902823,581.6213889581153,Flag / decline,0,Known good,0
RETRO-2025-000571,2025-04-30,9600.0,1974.42,0.1305,2,0.1838,0,110,home_improvement,0.026591509059911,591.0030322449078,Flag / decline,0,Known good,0
RETRO-2025-000572,2025-03-07,5800.0,167.74,0.1046,1,0.1763,0,51,home_improvement,0.0257106295192479,592.0011459298091,Flag / decline,0,Known good,0
RETRO-2025-000573,2025-04-28,4900.0,537.35,0.1856,1,0.7391,0,18,education,0.0187365143913864,601.337197841495,Accept,0,Known good,0
RETRO-2025-000574,2025-04-29,7500.0,692.18,0.168,2,0.3539,0,71,debt_consolidation,0.0335653286258701,584.075447015948,Flag / decline,0,Known good,0
RETRO-2025-000575,2025-02-13,4700.0,307.56,0.1785,1,0.1241,0,105,debt_consolidation,0.0231577776116679,595.0940131280545,Accept,0,Known good,0
RETRO-2025-000576,2025-01-12,6600.0,3819.71,0.0038,1,0.3143,0,118,home_improvement,0.0233266555946069,594.879370978358,Accept,0,Known good,0
RETRO-2025-000577,2025-02-22,12700.0,782.41,0.1131,1,0.0298,0,25,debt_consolidation,0.0257543807548359,591.9507918483883,Flag / decline,0,Known good,0
RETRO-2025-000578,2025-04-12,7200.0,790.47,0.2116,1,0.6244,0,77,car,0.0371576007008569,581.0342845913418,Flag / decline,0,Known good,0
RETRO-2025-000579,2025-03-06,15600.0,686.48,0.1286,1,0.2689,0,20,car,0.0326340791567086,584.9150857666568,Flag / decline,0,Known good,0
RETRO-2025-000580,2025-04-29,6200.0,511.93,0.0972,4,0.6186,0,65,home_improvement,0.0517396853807994,571.0416756642542,Flag / decline,0,Known good,0
RETRO-2025-000581,2025-01-20,18000.0,-13.29,0.2018,1,0.5489,0,111,debt_consolidation,0.0524679808466208,570.6161865991514,Flag / decline,0,Known good,0
RETRO-2025-000582,2025-03-16,9900.0,653.12,0.1887,1,0.2599,0,93,car,0.0265282068457573,591.0736784172003,Flag / decline,0,Known good,0
RETRO-2025-000583,2025-05-29,15900.0,1072.01,0.0817,0,0.458,0,100,debt_consolidation,0.024912211700892,592.93501815852,Accept,0,Known good,0
RETRO-2025-000584,2025-04-13,7500.0,1340.82,0.0448,1,0.8858,0,40,debt_consolidation,0.0449602020986679,575.29968476301,Flag / decline,2,Indeterminate,0
RETRO-2025-000585,2025-01-20,3400.0,4829.98,0.0082,0,0.3844,0,72,home_improvement,0.0234778766351392,594.6884539760042,Accept,0,Known good,0
RETRO-2025-000586,2025-05-29,11100.0,3665.48,0.0461,1,0.5348,0,9,car,0.0427907047548324,576.7921774334694,Flag / decline,0,Known good,0
RETRO-2025-000587,2025-01-26,5600.0,501.02,0.0129,0,0.26,0,68,home_improvement,0.021513470671692,597.2676721537835,Accept,0,Known good,0
RETRO-2025-000588,2025-04-03,7900.0,582.81,0.0876,2,0.0128,0,69,car,0.0242315996956357,593.7544203613675,Accept,0,Known good,0
RETRO-2025-000589,2025-06-07,6500.0,3423.37,0.0633,1,0.5357,0,109,debt_consolidation,0.0294494474492641,587.9726939884557,Flag / decline,0,Known good,0
RETRO-2025-000590,2025-02-07,4300.0,225.11,0.1321,1,0.4979,0,85,home_improvement,0.0312476678920371,586.2090252467606,Flag / decline,0,Known good,0
RETRO-2025-000591,2025-03-11,2800.0,802.02,0.0212,2,0.6924,0,67,debt_consolidation,0.0398823555559395,578.9106495092661,Flag / decline,0,Known good,0
RETRO-2025-000592,2025-02-18,6600.0,565.28,0.13,2,0.7851,0,97,car,0.0437187156143175,576.1451185647925,Flag / decline,0,Known good,0
RETRO-2025-000593,2025-04-09,9800.0,1596.28,0.1567,3,0.6342,0,44,debt_consolidation,0.051009231296551,571.4741519796709,Flag / decline,0,Known good,0
RETRO-2025-000594,2025-06-16,10200.0,270.68,0.2909,1,0.0472,0,13,debt_consolidation,0.0328213343392636,584.7444086867607,Flag / decline,0,Known good,0
RETRO-2025-000595,2025-03-04,3300.0,101.14,0.1073,2,0.3684,0,137,car,0.0469266179615444,574.0050543224127,Flag / decline,0,Known good,0
RETRO-2025-000596,2025-06-14,19300.0,186.99,0.1223,0,0.1658,0,38,debt_consolidation,0.0237019835682274,594.4077140943489,Accept,0,Known good,0
RETRO-2025-000597,2025-02-17,2500.0,1516.96,0.0516,1,0.4869,0,112,debt_consolidation,0.0279633231243877,589.510936736941,Flag / decline,0,Known good,0
RETRO-2025-000598,2025-01-14,5700.0,348.78,0.0799,0,0.4441,0,34,debt_consolidation,0.0292350942362768,588.1898523560973,Flag / decline,2,Indeterminate,0
RETRO-2025-000599,2025-04-03,4800.0,1527.96,0.0791,2,0.1515,0,14,car,0.0345491153712157,583.2125200202627,Flag / decline,0,Known good,0
RETRO-2025-000600,2025-03-25,4800.0,1720.33,0.1876,0,0.3666,0,96,debt_consolidation,0.0251605030222955,592.641516890274,Flag / decline,0,Known good,0
RETRO-2025-000601,2025-02-10,3500.0,1494.44,0.1751,1,0.1106,0,36,car,0.0271299986744385,590.40859934687,Flag / decline,0,Known good,0
RETRO-2025-000602,2025-04-01,4800.0,1593.85,0.0329,4,0.1486,0,16,car,0.0424608091113379,577.025431566265,Flag / decline,0,Known good,0
RETRO-2025-000603,2025-03-23,2700.0,514.97,0.2769,0,0.1906,0,91,debt_consolidation,0.0235081199108938,594.650415806083,Accept,0,Known good,0
RETRO-2025-000604,2025-05-07,3400.0,-193.43,0.3277,2,0.246,0,80,car,0.0542113686531909,569.6198854972077,Flag / decline,0,Known good,0
RETRO-2025-000605,2025-06-02,9500.0,996.11,0.029,3,0.8758,1,71,major_purchase,0.0869232120342609,554.9813322296378,Flag / decline,0,Known good,0
RETRO-2025-000606,2025-05-27,5800.0,862.14,0.2345,1,0.1639,1,139,debt_consolidation,0.0403890755264329,578.5311272517433,Flag / decline,0,Known good,0
RETRO-2025-000607,2025-06-26,27900.0,1227.91,0.1469,0,0.4786,0,66,car,0.0283817369670999,589.0699725538612,Flag / decline,0,Known good,0
RETRO-2025-000608,2025-03-30,8800.0,1049.36,0.2979,1,0.5498,0,73,car,0.0375708790177393,580.7027466205186,Flag / decline,0,Known good,0
RETRO-2025-000609,2025-01-02,4500.0,601.09,0.369,2,0.6322,0,37,debt_consolidation,0.0533906883180265,570.0850574077418,Flag / decline,0,Known good,0
RETRO-2025-000610,2025-05-22,2300.0,790.41,0.0422,1,0.6456,1,31,car,0.0649052167203795,564.0970014720467,Flag / decline,0,Known good,0
RETRO-2025-000611,2025-01-20,11900.0,2375.17,0.0786,1,0.4491,0,93,car,0.0285047506011021,588.9415293467738,Flag / decline,0,Known good,0
RETRO-2025-000612,2025-01-07,19800.0,2978.32,0.0103,2,0.6399,0,208,car,0.0316716861993001,585.807490119586,Flag / decline,0,Known good,0
RETRO-2025-000613,2025-03-01,5500.0,449.74,0.2124,1,0.7789,0,82,car,0.0415880315664948,577.650988561127,Flag / decline,0,Known good,0
RETRO-2025-000614,2025-04-03,6800.0,-47.56,0.117,0,0.6698,0,45,car,0.0549735058781477,569.1938038549607,Flag / decline,0,Known good,0
RETRO-2025-000615,2025-04-22,9200.0,352.47,0.0381,2,0.666,0,117,major_purchase,0.0361777358321104,581.834738246,Flag / decline,0,Known good,0
RETRO-2025-000616,2025-02-20,13300.0,118.67,0.1046,0,0.2998,0,27,car,0.0441582097315068,575.8432413331516,Flag / decline,0,Known good,0
RETRO-2025-000617,2025-02-20,7700.0,1355.41,0.0542,2,0.5954,0,90,home_improvement,0.0360850231943946,581.9115524114106,Flag / decline,0,Known good,0
RETRO-2025-000618,2025-03-10,5900.0,3245.32,0.0238,1,0.4711,0,79,car,0.028626811586704,588.81461154318,Flag / decline,0,Known good,0
RETRO-2025-000619,2025-06-01,5800.0,943.56,0.2575,0,0.6152,0,77,debt_consolidation,0.0334318978709772,584.1943606693992,Flag / decline,0,Known good,0
RETRO-2025-000620,2025-03-20,6300.0,4935.59,0.0042,0,0.1628,1,83,debt_consolidation,0.0325986531144245,584.9474818795105,Flag / decline,0,Known good,0
RETRO-2025-000621,2025-03-09,6100.0,847.78,0.1243,3,0.2011,0,69,car,0.0330068266931839,584.5762633329233,Flag / decline,0,Known good,0
RETRO-2025-000622,2025-02-24,17600.0,140.24,0.2572,1,0.3908,0,106,home_improvement,0.0485715245452559,572.9611267970508,Flag / decline,0,Known good,0
RETRO-2025-000623,2025-01-11,7900.0,1059.9,0.0446,1,0.3916,0,15,car,0.0353942247800987,582.4899475121305,Flag / decline,0,Known good,0
RETRO-2025-000624,2025-02-03,4300.0,1749.12,0.1071,0,0.5923,0,82,home_improvement,0.0291686396433128,588.2574902644064,Flag / decline,0,Known good,0
RETRO-2025-000625,2025-02-19,6900.0,1670.88,0.1009,3,0.2443,0,90,debt_consolidation,0.0321959710283721,585.3181337612903,Flag / decline,0,Known good,0
RETRO-2025-000626,2025-06-16,14200.0,-503.27,0.1272,3,0.4222,0,57,other,0.0646982974904026,564.1955194000343,Flag / decline,0,Known good,0
RETRO-2025-000627,2025-03-04,5300.0,4222.01,0.0263,0,0.5786,0,69,other,0.0279825784297284,589.4905034454953,Flag / decline,0,Known good,0
RETRO-2025-000628,2025-03-24,1700.0,-459.53,0.1664,1,0.6393,0,124,education,0.0202569517909519,599.0411647702638,Accept,0,Known good,0
RETRO-2025-000629,2025-01-16,7300.0,1598.72,0.0383,0,0.4319,0,100,major_purchase,0.023641294726039,594.4834827151896,Accept,0,Known good,0
RETRO-2025-000630,2025-06-25,6600.0,2199.89,0.1022,1,0.2046,0,111,major_purchase,0.0231663189540228,595.0831205374225,Accept,0,Known good,0
RETRO-2025-000631,2025-05-27,26500.0,300.15,0.2248,2,0.6561,0,58,car,0.0458186568123665,574.7280043383095,Flag / decline,0,Known good,0
RETRO-2025-000632,2025-06-21,17200.0,375.96,0.1466,2,0.4383,0,92,debt_consolidation,0.0339151039570923,583.7658792714627,Flag / decline,1,Indeterminate,0
RETRO-2025-000633,2025-02-08,9100.0,1465.33,0.1333,1,0.6447,1,17,major_purchase,0.0755329157732194,559.3917675690009,Flag / decline,0,Known good,0
RETRO-2025-000634,2025-04-18,17200.0,1449.37,0.0726,1,0.4042,0,72,home_improvement,0.0285298293917117,588.9154096684839,Flag / decline,0,Known good,0
RETRO-2025-000635,2025-06-14,6300.0,4333.19,0.0361,1,0.521,0,132,car,0.0276736732136056,589.8199667888445,Flag / decline,0,Known good,0
RETRO-2025-000636,2025-02-04,12100.0,-118.23,0.0967,1,0.1742,0,146,debt_consolidation,0.0347151009604099,583.0692669488191,Flag / decline,5,Known bad,1
RETRO-2025-000637,2025-02-10,12600.0,2099.08,0.0523,1,0.4976,0,91,major_purchase,0.0291759697716354,588.2500222832053,Flag / decline,4,Known bad,1
RETRO-2025-000638,2025-06-05,4400.0,1865.91,0.0573,1,0.4268,0,70,car,0.0288608889741879,588.5726827250703,Flag / decline,0,Known good,0
RETRO-2025-000639,2025-06-17,8800.0,1075.85,0.1436,1,0.4648,0,52,major_purchase,0.0331883579988699,584.412589944096,Flag / decline,0,Known good,0
RETRO-2025-000640,2025-06-12,5200.0,1836.61,0.0793,1,0.4597,0,37,other,0.0333083435810342,584.304881680698,Flag / decline,0,Known good,0
RETRO-2025-000641,2025-05-17,3800.0,857.93,0.0885,2,0.791,1,76,car,0.0741501154262486,559.9680252688722,Flag / decline,4,Known bad,1
RETRO-2025-000642,2025-06-16,6200.0,421.04,0.2983,2,0.6413,0,79,debt_consolidation,0.0454461868588037,574.9747837276832,Flag / decline,0,Known good,0
RETRO-2025-000643,2025-01-02,3800.0,-23.96,0.3008,1,0.2128,0,35,debt_consolidation,0.0518187624270792,570.9952038047794,Flag / decline,0,Known good,0
RETRO-2025-000644,2025-01-22,6200.0,686.03,0.1186,2,0.333,0,23,home_improvement,0.0380432667100746,580.3280555606539,Flag / decline,0,Known good,0
RETRO-2025-000645,2025-06-16,13500.0,-145.49,0.2537,0,0.1721,0,19,debt_consolidation,0.0468451709556796,574.0576430496084,Flag / decline,0,Known good,0
RETRO-2025-000646,2025-02-20,13200.0,1230.79,0.0922,2,0.1479,0,108,other,0.0252067927056982,592.5871108121912,Flag / decline,0,Known good,0
RETRO-2025-000647,2025-05-11,15400.0,1668.84,0.0815,5,0.401,0,67,debt_consolidation,0.0488937461005646,572.7605696539536,Flag / decline,0,Known good,0
RETRO-2025-000648,2025-05-30,10600.0,2277.96,0.0645,0,0.3142,0,78,debt_consolidation,0.0228184660955596,595.5299338397125,Accept,0,Known good,0
RETRO-2025-000649,2025-03-16,9500.0,876.92,0.205,0,0.6095,0,57,debt_consolidation,0.0336231192762385,584.024085469664,Flag / decline,0,Known good,0
RETRO-2025-000650,2025-01-26,18600.0,1502.94,0.1323,2,0.2338,0,65,car,0.0301539198954383,587.269642954968,Flag / decline,0,Known good,0
RETRO-2025-000651,2025-02-04,6500.0,1472.63,0.0895,2,0.2441,0,56,debt_consolidation,0.0301898757554258,587.2341880053592,Flag / decline,0,Known good,0
RETRO-2025-000652,2025-04-30,8300.0,1350.01,0.0981,2,0.4305,0,87,car,0.0328452674076729,584.7226623026787,Flag / decline,0,Known good,0
RETRO-2025-000653,2025-06-30,4500.0,281.56,0.2145,2,0.4175,0,28,major_purchase,0.0422393289006054,577.1830037329026,Flag / decline,0,Known good,0
RETRO-2025-000654,2025-01-30,22600.0,248.13,0.1988,1,0.5383,0,122,debt_consolidation,0.0319475704911079,585.5490173540538,Flag / decline,0,Known good,0
RETRO-2025-000655,2025-04-20,3700.0,161.54,0.277,4,0.4749,0,108,other,0.0484730070270431,573.0226981132239,Flag / decline,0,Known good,0
RETRO-2025-000656,2025-05-30,28000.0,4062.95,0.0471,3,0.3784,0,72,education,0.0132447775787592,611.5068107638776,Accept,0,Known good,0
RETRO-2025-000657,2025-02-09,4900.0,-581.91,0.3593,2,0.4644,0,26,major_purchase,0.0778183531670528,558.4602481842699,Flag / decline,0,Known good,0
RETRO-2025-000658,2025-02-02,13000.0,515.91,0.1678,2,0.0344,0,94,car,0.0248589345877388,592.9983675067946,Accept,6,Known bad,1
RETRO-2025-000659,2025-06-20,5600.0,-481.95,0.221,2,0.3064,0,32,major_purchase,0.0607411094573056,566.1384302357386,Flag / decline,0,Known good,0
RETRO-2025-000660,2025-06-29,9900.0,-23.02,0.0959,1,0.1949,0,193,education,0.0124924876957338,613.216056625706,Accept,0,Known good,0
RETRO-2025-000661,2025-01-03,5700.0,689.26,0.0945,1,0.4987,0,102,debt_consolidation,0.0295559204905312,587.8653966904473,Flag / decline,0,Known good,0
RETRO-2025-000662,2025-06-02,9600.0,1029.53,0.0212,1,0.8283,0,127,debt_consolidation,0.0351906316397378,582.6624882339837,Flag / decline,0,Known good,0
RETRO-2025-000663,2025-05-31,26400.0,-401.12,0.8406,0,0.4045,0,89,education,0.025265980794448,592.5176863440214,Flag / decline,0,Known good,0
RETRO-2025-000664,2025-01-18,3700.0,412.84,0.1317,0,0.5934,0,81,home_improvement,0.0297745621174848,587.646232387434,Flag / decline,0,Known good,0
RETRO-2025-000665,2025-05-15,3400.0,2045.71,0.0615,0,0.5111,0,98,other,0.0257020500082545,592.0110300257816,Flag / decline,0,Known good,0
RETRO-2025-000666,2025-05-09,9900.0,243.97,0.2254,0,0.53,0,16,other,0.0390396384957975,579.5521826827355,Flag / decline,0,Known good,0
RETRO-2025-000667,2025-05-18,8300.0,5057.88,0.0816,3,0.6573,0,26,car,0.0534186642272919,570.0690896066782,Flag / decline,0,Known good,0
RETRO-2025-000668,2025-01-26,5800.0,2376.22,0.0825,2,0.5638,1,39,debt_consolidation,0.0687283552199857,562.3273704714363,Flag / decline,0,Known good,0
RETRO-2025-000669,2025-02-16,3200.0,3295.16,0.0542,2,0.3976,0,23,car,0.0382391465812227,580.1739956951408,Flag / decline,0,Known good,0
RETRO-2025-000670,2025-03-01,5800.0,299.15,0.2194,2,0.289,0,40,debt_consolidation,0.0362222131133495,581.797955205798,Flag / decline,0,Known good,0
RETRO-2025-000671,2025-06-07,5700.0,8640.75,0.0384,0,0.8126,0,30,debt_consolidation,0.0387845054242559,579.7490281002089,Flag / decline,0,Known good,0
RETRO-2025-000672,2025-05-26,2600.0,937.82,0.0918,1,0.5087,0,40,car,0.0345159326028513,583.2412378232634,Flag / decline,0,Known good,0
RETRO-2025-000673,2025-02-24,8100.0,1938.65,0.0529,2,0.5509,0,55,home_improvement,0.0376337137462011,580.6526468855711,Flag / decline,0,Known good,0
RETRO-2025-000674,2025-02-03,13300.0,1822.57,0.1127,2,0.4557,0,159,car,0.0307399961973845,586.6967727752431,Flag / decline,0,Known good,0
RETRO-2025-000675,2025-06-28,17300.0,870.8,0.0769,0,0.3877,0,29,car,0.0285941318708072,588.8485400242159,Flag / decline,0,Known good,0
RETRO-2025-000676,2025-05-06,5500.0,155.07,0.232,1,0.3426,0,82,debt_consolidation,0.0298370817728643,587.5838500709534,Flag / decline,0,Known good,0
RETRO-2025-000677,2025-06-22,20000.0,1630.34,0.1226,3,0.39,0,42,debt_consolidation,0.0414112757407335,577.779204540601,Flag / decline,0,Known good,0
RETRO-2025-000678,2025-05-26,5900.0,2942.07,0.0497,0,0.5002,0,42,car,0.0289329978065355,588.4985387291273,Flag / decline,0,Known good,0
RETRO-2025-000679,2025-02-14,3900.0,1301.91,0.109,3,0.5117,0,11,debt_consolidation,0.0552792662716201,569.024427192141,Flag / decline,0,Known good,0
RETRO-2025-000680,2025-06-18,22400.0,357.11,0.0793,2,0.7297,0,54,car,0.0442831458339155,575.7579490502687,Flag / decline,0,Known good,0
RETRO-2025-000681,2025-01-06,1800.0,780.23,0.1774,1,0.0816,0,116,debt_consolidation,0.0220042142026384,596.6024060290459,Accept,0,Known good,0
RETRO-2025-000682,2025-04-29,8400.0,205.82,0.2969,1,0.3776,0,59,debt_consolidation,0.0338784484711286,583.7981762302716,Flag / decline,0,Known good,0
RETRO-2025-000683,2025-05-20,14000.0,149.94,0.0974,3,0.4526,0,72,car,0.0625785187401742,565.2220450051875,Flag / decline,0,Known good,0
RETRO-2025-000684,2025-03-20,3200.0,271.11,0.2234,3,0.0324,0,88,other,0.0298046436636634,587.6162010905608,Flag / decline,0,Known good,0
RETRO-2025-000685,2025-05-13,30000.0,7847.81,0.0079,0,0.5163,0,77,home_improvement,0.0258118056051472,591.8848267976225,Flag / decline,0,Known good,0
RETRO-2025-000686,2025-01-10,10100.0,321.88,0.3306,1,0.6643,0,125,car,0.0386493358103334,579.8538210163985,Flag / decline,0,Known good,0
RETRO-2025-000687,2025-03-02,15400.0,657.62,0.0194,1,0.5818,0,33,debt_consolidation,0.0357945522750348,582.1534490346711,Flag / decline,0,Known good,0
RETRO-2025-000688,2025-01-10,3700.0,2746.68,0.0524,0,0.7912,0,43,debt_consolidation,0.0364054911576952,581.646840083176,Flag / decline,0,Known good,0
RETRO-2025-000689,2025-04-20,5200.0,-906.67,1.3343,1,0.6265,0,43,major_purchase,0.1378459412108376,540.020654197056,Flag / decline,0,Known good,0
RETRO-2025-000690,2025-03-29,11000.0,1871.66,0.1592,0,0.2123,0,36,debt_consolidation,0.0254865576796577,592.2603492192062,Flag / decline,0,Known good,0
RETRO-2025-000691,2025-05-29,2800.0,808.11,0.228,2,0.5609,0,221,major_purchase,0.0344339087182712,583.3123392362247,Flag / decline,0,Known good,0
RETRO-2025-000692,2025-05-11,1900.0,1101.24,0.1566,0,0.3976,0,75,home_improvement,0.0262444155625167,591.3924226318707,Flag / decline,0,Known good,0
RETRO-2025-000693,2025-03-28,11100.0,1965.89,0.054,2,0.5604,0,48,debt_consolidation,0.0387711357147522,579.7593775992772,Flag / decline,0,Known good,0
RETRO-2025-000694,2025-03-11,5600.0,1203.65,0.1668,1,0.4064,0,19,debt_consolidation,0.0377008033639408,580.5992432667604,Flag / decline,0,Known good,0
RETRO-2025-000695,2025-02-02,8100.0,2589.82,0.0606,2,0.3601,0,45,home_improvement,0.0335760297442999,584.0659299411374,Flag / decline,0,Known good,0
RETRO-2025-000696,2025-05-26,10800.0,-916.27,0.2422,1,0.3229,0,29,car,0.0557641437453428,568.7576280835683,Flag / decline,0,Known good,0
RETRO-2025-000697,2025-05-03,8800.0,826.1,0.0901,1,0.4965,0,54,other,0.0325581697985008,584.9845444031438,Flag / decline,0,Known good,0
RETRO-2025-000698,2025-03-19,6100.0,1721.86,0.1688,1,0.1832,0,89,debt_consolidation,0.0247654597648322,593.109834478395,Accept,0,Known good,0
RETRO-2025-000699,2025-06-01,6700.0,1168.01,0.0383,1,0.5358,0,74,car,0.0307804985484306,586.6575747862043,Flag / decline,0,Known good,0
RETRO-2025-000700,2025-05-09,16100.0,1580.36,0.0673,2,0.5898,0,55,other,0.039210119310872,579.4213365916955,Flag / decline,0,Known good,0
RETRO-2025-000701,2025-05-11,5400.0,499.1,0.113,2,0.506,0,82,debt_consolidation,0.0355840246058806,582.3299552696272,Flag / decline,0,Known good,0
RETRO-2025-000702,2025-06-03,4200.0,2517.58,0.0261,2,0.2779,0,48,home_improvement,0.0303673004071979,587.0598319253553,Flag / decline,0,Known good,0
RETRO-2025-000703,2025-06-05,3200.0,-432.76,0.2136,3,0.618,0,46,debt_consolidation,0.0823495210334627,556.6851280174338,Flag / decline,0,Known good,0
RETRO-2025-000704,2025-02-20,1200.0,4062.9,0.083,0,0.1714,0,27,debt_consolidation,0.0244265956787536,593.5173904725752,Accept,0,Known good,0
RETRO-2025-000705,2025-03-17,15100.0,2613.7,0.0355,0,0.3593,0,84,car,0.0228928040170229,595.4338913747707,Accept,0,Known good,0
RETRO-2025-000706,2025-01-03,4800.0,-118.91,0.2287,2,0.2701,0,62,major_purchase,0.0536190432361604,569.9549494488934,Flag / decline,0,Known good,0
RETRO-2025-000707,2025-05-20,10000.0,877.81,0.1595,2,0.4537,0,65,other,0.0366216625255599,581.4695420368369,Flag / decline,0,Known good,0
RETRO-2025-000708,2025-02-18,7000.0,1125.27,0.0522,0,0.367,0,105,car,0.0224892517568691,595.9589761801637,Accept,0,Known good,0
RETRO-2025-000709,2025-05-07,24600.0,995.33,0.1177,0,0.0931,0,77,home_improvement,0.0198925118742842,599.5757284564768,Accept,0,Known good,0
RETRO-2025-000710,2025-05-30,16100.0,2394.81,0.04,1,0.1692,0,44,debt_consolidation,0.0249796342206804,592.8550381414593,Accept,0,Known good,0
RETRO-2025-000711,2025-04-17,11100.0,827.71,0.1079,0,0.6489,0,76,car,0.030907163850468,586.535310193035,Flag / decline,0,Known good,0
RETRO-2025-000712,2025-05-12,23100.0,65.99,0.2543,3,0.3397,0,68,car,0.0645425072139699,564.2698876443297,Flag / decline,0,Known good,0
RETRO-2025-000713,2025-04-28,9600.0,-53.93,0.322,1,0.8459,0,36,major_purchase,0.0850976927524376,555.6513917962975,Flag / decline,0,Known good,0
RETRO-2025-000714,2025-01-30,4600.0,-574.62,0.33,2,0.5388,0,8,debt_consolidation,0.0954179272850548,552.0212592371586,Flag / decline,0,Known good,0
RETRO-2025-000715,2025-05-19,4500.0,-374.8,0.2649,1,0.6221,0,15,education,0.0300005276822614,587.4213598186402,Flag / decline,0,Known good,0
RETRO-2025-000716,2025-03-15,2600.0,1606.14,0.1617,1,0.408,0,67,home_improvement,0.0308656589491977,586.5753195754884,Flag / decline,0,Known good,0
RETRO-2025-000717,2025-05-23,16400.0,820.34,0.1219,0,0.0138,0,50,education,0.0073680442323557,628.5995435534755,Accept,0,Known good,0
RETRO-2025-000718,2025-05-25,3800.0,3691.72,0.0196,1,0.3373,0,75,home_improvement,0.0258580325843368,591.8318286735089,Flag / decline,0,Known good,0
RETRO-2025-000719,2025-05-16,13100.0,2167.96,0.1168,0,0.3868,0,54,debt_consolidation,0.026647812021211,590.94033465502,Flag / decline,0,Known good,0
RETRO-2025-000720,2025-01-07,16500.0,-10.86,0.1577,1,0.6334,0,92,car,0.0559455971831166,568.6583461355531,Flag / decline,4,Known bad,1
RETRO-2025-000721,2025-05-04,2700.0,3604.73,0.0379,3,0.3794,0,161,car,0.0312108878831562,586.2441031370635,Flag / decline,0,Known good,0
RETRO-2025-000722,2025-01-31,2500.0,3105.66,0.0879,0,0.6963,0,21,car,0.0387263472125882,579.7940733746201,Flag / decline,0,Known good,0
RETRO-2025-000723,2025-06-21,8700.0,1612.15,0.1173,0,0.3043,0,22,home_improvement,0.0287563793075759,588.6804616825707,Flag / decline,0,Known good,0
RETRO-2025-000724,2025-04-18,22300.0,1876.43,0.0156,0,0.6567,0,91,other,0.0282719094591259,589.1851050992814,Flag / decline,0,Known good,0
RETRO-2025-000725,2025-04-23,4300.0,2673.49,0.0919,4,0.2896,0,11,home_improvement,0.0522618817271165,570.7360259755064,Flag / decline,0,Known good,0
RETRO-2025-000726,2025-01-19,5200.0,1406.83,0.0563,0,0.4158,0,135,home_improvement,0.0225221935791303,595.9157700824378,Accept,0,Known good,0
RETRO-2025-000727,2025-03-14,5500.0,380.46,0.3203,1,0.4013,0,90,car,0.0328211491624973,584.744577004261,Flag / decline,0,Known good,0
RETRO-2025-000728,2025-06-03,1700.0,1865.61,0.1213,1,0.6331,1,42,other,0.064844734771303,564.1257677355756,Flag / decline,0,Known good,0
RETRO-2025-000729,2025-06-05,13200.0,584.78,0.0425,1,0.7496,0,47,debt_consolidation,0.0393148246221451,579.3412442300827,Flag / decline,0,Known good,0
RETRO-2025-000730,2025-02-04,1400.0,1746.26,0.0691,0,0.4983,0,3,debt_consolidation,0.0429657687664819,576.6690944885034,Flag / decline,0,Known good,0
RETRO-2025-000731,2025-03-12,7500.0,2979.58,0.0433,0,0.4764,0,31,other,0.0296462763207077,587.7746349282531,Flag / decline,0,Known good,0
RETRO-2025-000732,2025-03-12,6200.0,391.32,0.168,1,0.217,0,34,major_purchase,0.0296530656180108,587.7678259659842,Flag / decline,0,Known good,0
RETRO-2025-000733,2025-06-17,12300.0,420.14,0.042,0,0.7689,0,24,car,0.0388855403714798,579.670927407497,Flag / decline,0,Known good,0
RETRO-2025-000734,2025-06-11,10100.0,388.75,0.0632,0,0.4103,0,69,major_purchase,0.0251160089792004,592.6939044710753,Flag / decline,0,Known good,0
RETRO-2025-000735,2025-03-08,4700.0,2890.54,0.083,0,0.3212,0,17,debt_consolidation,0.0295900742683165,587.8310578905784,Flag / decline,0,Known good,0
RETRO-2025-000736,2025-03-31,9100.0,657.34,0.0613,1,0.1395,0,118,debt_consolidation,0.0211314033712864,597.7959705654973,Accept,0,Known good,0
RETRO-2025-000737,2025-02-04,1800.0,3794.95,0.05,0,0.3814,0,58,debt_consolidation,0.024994565795922,592.8373540009251,Accept,0,Known good,0
RETRO-2025-000738,2025-06-27,8100.0,-364.83,0.1478,2,0.1574,1,94,car,0.0727047400483936,560.5810252094669,Flag / decline,0,Known good,0
RETRO-2025-000739,2025-06-17,10500.0,1943.39,0.043,0,0.4938,0,207,home_improvement,0.0221557963914332,596.3998468736861,Accept,0,Known good,0
RETRO-2025-000740,2025-01-19,2800.0,1397.06,0.0291,1,0.7167,0,12,home_improvement,0.0467704467465789,574.1059675265764,Flag / decline,0,Known good,0
RETRO-2025-000741,2025-01-22,2900.0,3665.29,0.0637,1,0.6475,0,31,car,0.0392986930407825,579.3535704387068,Flag / decline,3,Known bad,1
RETRO-2025-000742,2025-03-24,19300.0,1534.49,0.0658,1,0.4151,0,39,home_improvement,0.0315738569681798,585.8996684867535,Flag / decline,0,Known good,0
RETRO-2025-000743,2025-05-02,7800.0,453.49,0.0135,0,0.7503,0,68,debt_consolidation,0.0318704691420492,585.6210346944414,Flag / decline,0,Known good,0
RETRO-2025-000744,2025-02-20,1700.0,-833.74,0.5991,1,0.6594,0,16,home_improvement,0.1004055191844052,550.3916009056053,Flag / decline,0,Known good,0
RETRO-2025-000745,2025-03-28,15100.0,786.58,0.1273,1,0.2338,1,23,home_improvement,0.0523957801656829,570.6581180624332,Flag / decline,0,Known good,0
RETRO-2025-000746,2025-03-09,12800.0,1694.02,0.0264,2,0.737,0,7,car,0.0582655191242781,567.4149978709258,Flag / decline,0,Known good,0
RETRO-2025-000747,2025-02-28,3300.0,142.38,0.3596,1,0.437,0,3,debt_consolidation,0.0901863353585452,553.8146829764253,Flag / decline,0,Known good,0
RETRO-2025-000748,2025-02-23,16100.0,5353.78,0.0058,1,0.841,0,82,other,0.0376990227206595,580.6006594863146,Flag / decline,0,Known good,0
RETRO-2025-000749,2025-03-16,3800.0,1179.41,0.2449,0,0.1172,0,120,car,0.0207032367559561,598.3992336835388,Accept,0,Known good,0
RETRO-2025-000750,2025-03-07,9900.0,1498.39,0.1114,2,0.4448,0,39,car,0.0380862120351208,580.2942138920666,Flag / decline,0,Known good,0
RETRO-2025-000751,2025-06-01,6900.0,4027.6,0.0838,1,0.1228,0,16,car,0.0291060981680653,588.3212820413872,Flag / decline,0,Known good,0
RETRO-2025-000752,2025-05-13,9100.0,499.9,0.2014,0,0.4906,0,34,education,0.0122589077179528,613.7674879340836,Accept,0,Known good,0
RETRO-2025-000753,2025-02-05,2500.0,1685.97,0.07,1,0.358,0,20,car,0.0335877409034754,584.0555179380879,Flag / decline,0,Known good,0
RETRO-2025-000754,2025-01-29,6400.0,516.91,0.131,1,0.3272,0,52,debt_consolidation,0.029474605165201,587.947307617381,Flag / decline,0,Known good,0
RETRO-2025-000755,2025-03-11,25000.0,-573.07,0.7544,1,0.1842,0,128,car,0.056937738519665,568.1207946819494,Flag / decline,0,Known good,0
RETRO-2025-000756,2025-02-13,3200.0,2096.89,0.064,2,0.1691,0,70,major_purchase,0.0269377871718528,590.6194521539701,Flag / decline,0,Known good,0
RETRO-2025-000757,2025-03-25,6100.0,609.44,0.0686,0,0.3831,0,34,car,0.0276185068349207,589.8791803346637,Flag / decline,0,Known good,0
RETRO-2025-000758,2025-04-06,7000.0,1045.77,0.1443,1,0.5524,0,80,home_improvement,0.0332406026467023,584.3656449997613,Flag / decline,0,Known good,0
RETRO-2025-000759,2025-03-06,6700.0,2013.04,0.2203,1,0.2054,0,80,car,0.0266192570287883,590.9721166708232,Flag / decline,0,Known good,0
RETRO-2025-000760,2025-02-09,11700.0,3707.04,0.0724,3,0.1453,0,75,home_improvement,0.0300137682611156,587.4082342460024,Flag / decline,0,Known good,0
RETRO-2025-000761,2025-05-15,17700.0,2409.81,0.0601,0,0.6182,0,25,car,0.0347392763574592,583.04845760111,Flag / decline,0,Known good,0
RETRO-2025-000762,2025-01-14,5300.0,893.19,0.1546,0,0.3426,0,10,education,0.0127166551558561,612.6963368849742,Accept,0,Known good,0
RETRO-2025-000763,2025-02-05,12300.0,288.16,0.364,1,0.4574,1,118,home_improvement,0.0571437079074018,568.0103029714085,Flag / decline,0,Known good,0
RETRO-2025-000764,2025-04-01,13600.0,247.07,0.1396,2,0.234,0,49,debt_consolidation,0.0317126174188431,585.7690048885337,Flag / decline,0,Known good,0
RETRO-2025-000765,2025-05-27,4300.0,2114.83,0.0302,0,0.828,0,47,car,0.0363788256226767,581.668780593036,Flag / decline,0,Known good,0
RETRO-2025-000766,2025-02-01,7100.0,393.63,0.2065,0,0.4859,0,76,home_improvement,0.029134794245467,588.2919957942212,Flag / decline,0,Known good,0
RETRO-2025-000767,2025-06-24,8500.0,260.42,0.2031,4,0.2763,0,25,car,0.0494755240413102,572.4016138702425,Flag / decline,0,Known good,0
RETRO-2025-000768,2025-03-12,4100.0,-242.08,0.529,1,0.5621,0,7,car,0.0998668506990837,550.5640890366419,Flag / decline,0,Known good,0
RETRO-2025-000769,2025-06-03,3100.0,2993.29,0.0365,1,0.3005,0,174,car,0.0221800259441365,596.3675945569523,Accept,0,Known good,0
RETRO-2025-000770,2025-02-16,6400.0,1543.54,0.1074,1,0.1772,0,75,other,0.0242344646050249,593.7509244408078,Accept,0,Known good,0
RETRO-2025-000771,2025-06-30,6000.0,1686.64,0.0568,2,0.7751,0,74,debt_consolidation,0.0429802351953204,576.6589449571233,Flag / decline,0,Known good,0
RETRO-2025-000772,2025-03-17,5600.0,1838.18,0.0954,1,0.5545,0,153,car,0.0289677350393629,588.462885053328,Flag / decline,0,Known good,0
RETRO-2025-000773,2025-02-09,17400.0,-92.75,0.1426,4,0.2255,0,86,debt_consolidation,0.059903050330417,566.5650396460396,Flag / decline,6,Known bad,1
RETRO-2025-000774,2025-03-23,6800.0,1906.56,0.1663,3,0.8002,1,43,debt_consolidation,0.0971119534261608,551.4594026112701,Flag / decline,0,Known good,0
RETRO-2025-000775,2025-03-31,5500.0,174.71,0.0224,4,0.6106,0,92,debt_consolidation,0.046184197503662,574.4876658012628,Flag / decline,0,Known good,0
RETRO-2025-000776,2025-03-07,10900.0,1464.14,0.0556,0,0.4117,0,65,major_purchase,0.0252473820843587,592.5394845536641,Flag / decline,0,Known good,0
RETRO-2025-000777,2025-04-11,11600.0,1867.62,0.0371,1,0.1919,0,31,major_purchase,0.0268343810008939,590.7334929596125,Flag / decline,0,Known good,0
RETRO-2025-000778,2025-06-17,27800.0,899.88,0.2606,1,0.2082,0,63,debt_consolidation,0.0285386303621265,588.9062486989117,Flag / decline,0,Known good,0
RETRO-2025-000779,2025-03-06,30000.0,481.95,0.0997,1,0.6234,0,89,major_purchase,0.0334881224843824,584.144197471459,Flag / decline,0,Known good,0
RETRO-2025-000780,2025-01-28,9200.0,1708.61,0.0285,1,0.2722,0,31,other,0.0284369434291064,589.0122626827429,Flag / decline,0,Known good,0
RETRO-2025-000781,2025-05-28,6700.0,1242.05,0.0582,3,0.1233,1,149,debt_consolidation,0.044290536469599,575.7529107498457,Flag / decline,0,Known good,0
RETRO-2025-000782,2025-02-09,1200.0,17.27,0.1671,0,0.3079,0,113,debt_consolidation,0.037091812147157,581.0873879404244,Flag / decline,0,Known good,0
RETRO-2025-000783,2025-03-01,11600.0,2033.34,0.0581,1,0.2415,1,7,car,0.059725740516777,566.6560138558991,Flag / decline,0,Known good,0
RETRO-2025-000784,2025-01-06,1900.0,-52.19,0.387,2,0.627,0,58,debt_consolidation,0.0795249881997877,557.7808441916691,Flag / decline,0,Known good,0
RETRO-2025-000785,2025-03-26,3700.0,1735.39,0.2482,0,0.1529,0,66,debt_consolidation,0.023524858906155,594.6293830330596,Accept,0,Known good,0
RETRO-2025-000786,2025-03-02,7100.0,2304.17,0.0614,1,0.688,0,58,other,0.0367143350452592,581.3938426201688,Flag / decline,0,Known good,0
RETRO-2025-000787,2025-01-30,3300.0,3472.37,0.0516,1,0.8767,1,26,car,0.0800042408667655,557.5924527904851,Flag / decline,0,Known good,0
RETRO-2025-000788,2025-03-16,15100.0,971.52,0.1085,3,0.3647,0,26,car,0.043299234409745,576.4359628317949,Flag / decline,0,Known good,0
RETRO-2025-000789,2025-01-02,17200.0,584.04,0.0904,0,0.741,0,48,car,0.0353306117774437,582.5437552096491,Flag / decline,0,Known good,0
RETRO-2025-000790,2025-05-09,12900.0,674.73,0.1352,2,0.3871,0,107,home_improvement,0.0315244548616795,585.9463220438159,Flag / decline,0,Known good,0
RETRO-2025-000791,2025-06-09,21300.0,2007.24,0.028,2,0.8205,0,42,other,0.047693450621426,573.5141358863658,Flag / decline,0,Known good,0
RETRO-2025-000792,2025-03-11,5900.0,1437.06,0.0226,2,0.6169,0,163,car,0.0326287439847984,584.9199624562286,Flag / decline,0,Known good,0
RETRO-2025-000793,2025-03-21,6400.0,1939.1,0.1621,2,0.2151,0,67,other,0.0302048852370669,587.2193997271205,Flag / decline,0,Known good,0
RETRO-2025-000794,2025-03-17,4900.0,3273.16,0.0435,0,0.3623,0,9,home_improvement,0.0326885122784136,584.8653743775601,Flag / decline,0,Known good,0
RETRO-2025-000795,2025-02-24,3300.0,4563.44,0.0777,0,0.3667,1,114,home_improvement,0.0383956928548941,580.0514156309474,Flag / decline,0,Known good,0
RETRO-2025-000796,2025-03-30,1700.0,1666.56,0.1016,1,0.6039,0,72,debt_consolidation,0.0341541543370779,583.5560755837895,Flag / decline,0,Known good,0
RETRO-2025-000797,2025-02-23,3100.0,-321.67,0.0774,0,0.1668,0,85,home_improvement,0.0325458285918362,584.9958516498286,Flag / decline,0,Known good,0
RETRO-2025-000798,2025-03-24,4100.0,4092.47,0.0396,1,0.2588,1,219,home_improvement,0.0352254503138351,582.6329121097637,Flag / decline,0,Known good,0
RETRO-2025-000799,2025-04-05,7300.0,2047.79,0.1801,1,0.6321,0,112,car,0.0344313704221296,583.3145421319045,Flag / decline,0,Known good,0
RETRO-2025-000800,2025-05-30,8100.0,1145.35,0.0248,2,0.3341,0,41,other,0.0325299984711037,585.0103615730613,Flag / decline,0,Known good,0
RETRO-2025-000801,2025-04-05,4100.0,47.47,0.0547,3,0.0721,0,29,car,0.0520257066386135,570.8739037416508,Flag / decline,0,Known good,0
RETRO-2025-000802,2025-01-05,7400.0,817.23,0.0228,2,0.3819,0,45,debt_consolidation,0.0332491901542636,584.3579354287666,Flag / decline,0,Known good,0
RETRO-2025-000803,2025-05-07,4400.0,1354.94,0.056,2,0.6788,0,34,major_purchase,0.0449840571137671,575.2836587776809,Flag / decline,0,Known good,0
RETRO-2025-000804,2025-06-03,2500.0,306.38,0.2,0,0.186,0,93,car,0.0220734528507405,596.5097138164014,Accept,4,Known bad,1
RETRO-2025-000805,2025-04-15,12700.0,299.07,0.234,1,0.2252,1,51,car,0.0496274630414635,572.3085269246036,Flag / decline,0,Known good,0
RETRO-2025-000806,2025-01-23,6400.0,1270.29,0.0525,1,0.2744,0,71,car,0.0254017219794853,592.3590655635785,Flag / decline,0,Known good,0
RETRO-2025-000807,2025-05-25,2400.0,-459.63,0.14,0,0.6605,0,83,debt_consolidation,0.0504194773621278,571.8276216979668,Flag / decline,0,Known good,0
RETRO-2025-000808,2025-02-27,11200.0,2099.62,0.0991,3,0.4404,0,65,debt_consolidation,0.0395609478822878,579.1537795459549,Flag / decline,0,Known good,0
RETRO-2025-000809,2025-05-03,7500.0,1962.66,0.048,1,0.1591,0,91,major_purchase,0.0221752280350615,596.3739783897711,Accept,0,Known good,0
RETRO-2025-000810,2025-03-02,5100.0,1357.24,0.047,0,0.1998,0,21,home_improvement,0.0253232860927384,592.4506210634645,Flag / decline,0,Known good,0
RETRO-2025-000811,2025-06-28,2000.0,1864.99,0.0351,5,0.4371,0,21,car,0.0581944035440944,567.4524156469881,Flag / decline,0,Known good,0
RETRO-2025-000812,2025-02-02,19000.0,3888.79,0.0894,1,0.3159,0,27,debt_consolidation,0.0314389688279004,586.0272193007588,Flag / decline,0,Known good,0
RETRO-2025-000813,2025-02-14,16900.0,1096.71,0.0348,1,0.1247,0,83,major_purchase,0.0216847041364674,597.0338728823308,Accept,0,Known good,0
RETRO-2025-000814,2025-05-31,19300.0,1702.36,0.1088,1,0.3931,0,136,debt_consolidation,0.0262011758699425,591.441282088477,Flag / decline,0,Known good,0
RETRO-2025-000815,2025-02-10,9000.0,518.1,0.071,1,0.2953,0,38,car,0.0289230257087595,588.5087815848402,Flag / decline,0,Known good,0
RETRO-2025-000816,2025-03-25,14400.0,141.47,0.4676,0,0.5028,0,35,home_improvement,0.0641302366082639,564.4674990389166,Flag / decline,0,Known good,0
RETRO-2025-000817,2025-03-26,6300.0,1555.81,0.0358,0,0.0104,0,24,home_improvement,0.021127596448297,597.8012814171248,Accept,0,Known good,0
RETRO-2025-000818,2025-01-18,8500.0,666.5,0.134,1,0.624,1,26,education,0.0264987724031802,591.106583543631,Flag / decline,0,Known good,0
RETRO-2025-000819,2025-01-06,6800.0,884.62,0.0481,1,0.2787,0,118,debt_consolidation,0.0234086925076063,594.7756497386896,Accept,0,Known good,0
RETRO-2025-000820,2025-05-13,4900.0,1939.2,0.0629,3,0.2625,0,65,debt_consolidation,0.0334816223411783,584.1499926945123,Flag / decline,0,Known good,0
RETRO-2025-000821,2025-05-04,4300.0,692.43,0.1362,0,0.5145,0,109,debt_consolidation,0.0267386487692509,590.8394522001914,Flag / decline,0,Known good,0
RETRO-2025-000822,2025-02-17,15500.0,2756.8,0.1614,0,0.3175,0,139,debt_consolidation,0.0223532833473183,596.1379674905018,Accept,0,Known good,0
RETRO-2025-000823,2025-05-20,3800.0,1917.79,0.1395,2,0.0737,0,29,car,0.0303162090339606,587.1099382816192,Flag / decline,0,Known good,0
RETRO-2025-000824,2025-06-19,7500.0,174.25,0.0987,3,0.5702,0,47,car,0.0460953935691417,574.5458863741559,Flag / decline,0,Known good,0
RETRO-2025-000825,2025-01-20,2000.0,1846.88,0.0789,2,0.0091,0,37,car,0.0265218601606038,591.0807704504333,Flag / decline,0,Known good,0
RETRO-2025-000826,2025-05-27,2700.0,1255.2,0.1608,1,0.4739,0,12,debt_consolidation,0.0424297373741027,577.047490125892,Flag / decline,0,Known good,0
RETRO-2025-000827,2025-06-12,5200.0,-221.06,0.0618,4,0.3039,0,35,home_improvement,0.069062614503156,562.1770217940079,Flag / decline,0,Known good,0
RETRO-2025-000828,2025-01-17,10900.0,2463.69,0.1534,1,0.5528,0,51,debt_consolidation,0.0359511402010396,582.0228129002683,Flag / decline,0,Known good,0
RETRO-2025-000829,2025-05-02,22700.0,617.03,0.1545,2,0.2469,0,95,debt_consolidation,0.0291353220779351,588.29145736834,Flag / decline,0,Known good,0
RETRO-2025-000830,2025-04-30,3400.0,2512.38,0.0488,1,0.2413,0,178,debt_consolidation,0.0212593663259787,597.6179981190742,Accept,0,Known good,0
RETRO-2025-000831,2025-01-15,3200.0,223.04,0.2056,1,0.3977,0,63,debt_consolidation,0.0319065355761674,585.5873255069876,Flag / decline,0,Known good,0
RETRO-2025-000832,2025-03-03,3100.0,1129.78,0.1174,3,0.7408,0,86,major_purchase,0.0485619924120848,572.967078992701,Flag / decline,0,Known good,0
RETRO-2025-000833,2025-06-21,20600.0,838.15,0.1815,2,0.284,0,51,debt_consolidation,0.0337916350729051,583.8748017657279,Flag / decline,0,Known good,0
RETRO-2025-000834,2025-01-09,6900.0,1928.34,0.06,2,0.6105,0,59,car,0.0392127058433793,579.4193556022938,Flag / decline,0,Known good,0
RETRO-2025-000835,2025-06-07,5400.0,345.55,0.2555,2,0.4648,1,138,major_purchase,0.0590929799540455,566.9827463084603,Flag / decline,0,Known good,0
RETRO-2025-000836,2025-01-31,6600.0,373.26,0.2094,0,0.2854,0,47,car,0.0268583829709891,590.7069845125586,Flag / decline,0,Known good,0
RETRO-2025-000837,2025-03-22,4400.0,556.89,0.1252,1,0.1223,0,84,car,0.0230650527212354,595.2125162681896,Accept,0,Known good,0
RETRO-2025-000838,2025-03-15,9500.0,1164.42,0.0312,0,0.1856,0,189,debt_consolidation,0.0173899884048271,603.5286774576186,Accept,0,Known good,0
RETRO-2025-000839,2025-05-09,9200.0,3766.69,0.0544,1,0.3574,0,56,debt_consolidation,0.028237036011032,589.2217538960552,Flag / decline,0,Known good,0
RETRO-2025-000840,2025-01-18,4000.0,826.88,0.2339,4,0.2648,0,40,major_purchase,0.0466056585333221,574.2127968095888,Flag / decline,0,Known good,0
RETRO-2025-000841,2025-01-09,22700.0,5414.47,0.0175,4,0.0696,1,86,home_improvement,0.0512252942672896,571.3456217287472,Flag / decline,0,Known good,0
RETRO-2025-000842,2025-03-10,9100.0,330.58,0.0455,1,0.1857,0,149,home_improvement,0.0208754927896452,598.1550795566089,Accept,0,Known good,0
RETRO-2025-000843,2025-01-18,11000.0,219.25,0.2086,1,0.5257,0,8,home_improvement,0.0484761946402409,573.0207040656106,Flag / decline,0,Known good,0
RETRO-2025-000844,2025-01-16,9400.0,1131.41,0.1194,3,0.4713,2,88,debt_consolidation,0.108463065339765,547.9046905696384,Flag / decline,0,Known good,0
RETRO-2025-000845,2025-01-12,12200.0,819.9,0.1058,1,0.4832,0,14,major_purchase,0.040169778192121,578.6948129856123,Flag / decline,0,Known good,0
RETRO-2025-000846,2025-04-12,2900.0,1869.93,0.1055,1,0.7621,0,32,debt_consolidation,0.0440929016772088,575.8879179539546,Flag / decline,0,Known good,0
RETRO-2025-000847,2025-02-09,5400.0,641.87,0.2024,0,0.6447,0,48,car,0.035464154531828,582.4309041169837,Flag / decline,0,Known good,0
RETRO-2025-000848,2025-05-10,6200.0,642.96,0.1567,2,0.4109,0,58,debt_consolidation,0.0359736676434293,582.0040640884403,Flag / decline,0,Known good,0
RETRO-2025-000849,2025-04-01,3700.0,760.8,0.1188,1,0.3736,0,40,debt_consolidation,0.0316065586127859,585.8688250678874,Flag / decline,0,Known good,0
RETRO-2025-000850,2025-02-04,7600.0,1189.35,0.084,1,0.4829,0,148,debt_consolidation,0.027278571018718,590.2466106923407,Flag / decline,0,Known good,0
RETRO-2025-000851,2025-06-04,4000.0,3707.54,0.0737,3,0.3362,0,17,debt_consolidation,0.0440740303520578,575.9008394033758,Flag / decline,0,Known good,0
RETRO-2025-000852,2025-05-17,15000.0,-150.75,0.434,1,0.2739,0,125,debt_consolidation,0.0489294511419675,572.7384233451645,Flag / decline,0,Known good,0
RETRO-2025-000853,2025-06-11,11500.0,2244.06,0.1057,3,0.2959,0,20,home_improvement,0.0426156034963442,576.9157687056747,Flag / decline,0,Known good,0
RETRO-2025-000854,2025-01-24,9700.0,244.22,0.194,0,0.1426,0,57,car,0.0229671463671468,595.3381472976104,Accept,0,Known good,0
RETRO-2025-000855,2025-02-12,6000.0,616.19,0.1173,3,0.5187,1,35,debt_consolidation,0.0784189616135851,558.2196080022803,Flag / decline,0,Known good,0
RETRO-2025-000856,2025-01-19,5800.0,108.22,0.1995,2,0.4665,0,20,other,0.072616024339902,560.6190151503597,Flag / decline,0,Known good,0
RETRO-2025-000857,2025-04-08,11200.0,532.54,0.2096,0,0.4618,0,37,car,0.0321185795539202,585.389882426335,Flag / decline,0,Known good,0
RETRO-2025-000858,2025-05-02,15800.0,987.61,0.0472,2,0.037,0,42,car,0.0259787263000065,591.6938897716531,Flag / decline,0,Known good,0
RETRO-2025-000859,2025-06-04,7200.0,2933.64,0.023,0,0.6671,0,90,car,0.0287112003727253,588.7271716342568,Flag / decline,0,Known good,0
RETRO-2025-000860,2025-03-27,3000.0,1170.85,0.1703,3,0.3533,0,36,car,0.042632723233463,576.9036637472522,Flag / decline,0,Known good,0
RETRO-2025-000861,2025-04-29,9600.0,-535.91,0.4498,0,0.494,0,87,major_purchase,0.0546568349229709,569.3701623554466,Flag / decline,0,Known good,0
RETRO-2025-000862,2025-03-27,1800.0,3049.29,0.0207,2,0.6967,0,49,car,0.0420257892976008,577.3356761587415,Flag / decline,0,Known good,0
RETRO-2025-000863,2025-03-30,10700.0,1092.14,0.1409,0,0.7504,0,100,debt_consolidation,0.0328376912491921,584.7295445965601,Flag / decline,0,Known good,0
RETRO-2025-000864,2025-06-08,2800.0,660.93,0.1416,2,0.7735,0,70,major_purchase,0.045987235546944,574.6169399895381,Flag / decline,4,Known bad,1
RETRO-2025-000865,2025-01-25,3700.0,739.94,0.2736,1,0.1832,0,124,major_purchase,0.0253227888497546,592.4512023586149,Flag / decline,0,Known good,0
RETRO-2025-000866,2025-01-02,11400.0,3502.42,0.1279,1,0.9409,0,60,debt_consolidation,0.046733041986425,574.1301849308763,Flag / decline,0,Known good,0
RETRO-2025-000867,2025-05-31,5000.0,1546.95,0.0809,1,0.2409,0,8,debt_consolidation,0.0353676830965778,582.5123867266196,Flag / decline,0,Known good,0
RETRO-2025-000868,2025-05-03,16500.0,1485.04,0.1391,2,0.4774,0,16,major_purchase,0.0457112646369032,574.7989603033657,Flag / decline,0,Known good,0
RETRO-2025-000869,2025-05-16,20800.0,142.46,0.1821,3,0.2839,0,21,home_improvement,0.0703045319005681,561.624248766795,Flag / decline,7,Known bad,1
RETRO-2025-000870,2025-03-04,2800.0,611.07,0.0949,2,0.5713,0,28,car,0.0437925360952489,576.0942114234532,Flag / decline,0,Known good,0
RETRO-2025-000871,2025-03-21,5700.0,775.39,0.2224,2,0.4346,0,25,debt_consolidation,0.0438113884576132,576.081223823441,Flag / decline,0,Known good,0
RETRO-2025-000872,2025-02-28,11900.0,2782.32,0.0356,1,0.2129,0,41,home_improvement,0.0260792909951197,591.5794315609817,Flag / decline,0,Known good,0
RETRO-2025-000873,2025-01-06,3700.0,1556.5,0.0533,1,0.3534,0,71,education,0.0099864065045703,619.7496540102607,Accept,0,Known good,0
RETRO-2025-000874,2025-02-15,13600.0,623.4,0.2391,0,0.3411,0,60,debt_consolidation,0.0275936200561089,589.9059305034875,Flag / decline,0,Known good,0
RETRO-2025-000875,2025-06-25,16600.0,2543.59,0.0615,1,0.4782,0,47,debt_consolidation,0.0321354586212191,585.3742198142666,Flag / decline,0,Known good,0
RETRO-2025-000876,2025-06-18,10100.0,336.98,0.14,1,0.5488,0,83,car,0.0328497360355153,584.71860365437,Flag / decline,0,Known good,0
RETRO-2025-000877,2025-04-07,5200.0,1026.02,0.1154,1,0.2154,0,33,home_improvement,0.0286485581117559,588.7920548585151,Flag / decline,0,Known good,0
RETRO-2025-000878,2025-02-03,6200.0,875.72,0.0564,1,0.6346,0,91,debt_consolidation,0.0326379796913441,584.9115209151042,Flag / decline,0,Known good,0
RETRO-2025-000879,2025-02-10,7700.0,2346.61,0.0389,1,0.2849,0,151,car,0.0224530853616761,596.0064828531729,Accept,0,Known good,0
RETRO-2025-000880,2025-03-31,7600.0,159.98,0.1346,1,0.3956,1,71,car,0.0501943557878506,571.9635817636791,Flag / decline,0,Known good,0
RETRO-2025-000881,2025-03-11,14400.0,2330.91,0.0527,2,0.2703,0,88,other,0.0279261908620043,589.5503792631599,Flag / decline,0,Known good,0
RETRO-2025-000882,2025-06-26,6200.0,173.11,0.1284,0,0.5259,0,150,home_improvement,0.0254829506169583,592.2645399439916,Flag / decline,0,Known good,0
RETRO-2025-000883,2025-02-05,3600.0,1333.97,0.0085,2,0.4811,0,7,car,0.0471360955766382,573.8701963202892,Flag / decline,0,Known good,0
RETRO-2025-000884,2025-04-20,1900.0,-1413.34,1.1681,2,0.5112,0,105,major_purchase,0.1127999893141241,546.6327252407095,Flag / decline,1,Indeterminate,0
RETRO-2025-000885,2025-06-13,4700.0,753.5,0.0831,2,0.2255,0,28,home_improvement,0.0330337304134076,584.5519514387454,Flag / decline,0,Known good,0
RETRO-2025-000886,2025-01-17,6600.0,2710.42,0.0762,0,0.5315,0,42,major_purchase,0.0302362631299069,587.1885072545169,Flag / decline,0,Known good,0
RETRO-2025-000887,2025-05-24,13400.0,484.44,0.2607,0,0.0214,0,137,home_improvement,0.0189729453177083,600.9684234346914,Accept,0,Known good,0
RETRO-2025-000888,2025-02-17,5200.0,1164.41,0.1124,1,0.302,0,26,car,0.0317977173542233,585.6891439476783,Flag / decline,0,Known good,0
RETRO-2025-000889,2025-06-22,9100.0,2517.76,0.079,3,0.2511,0,52,car,0.0347754461439514,583.0173499498454,Flag / decline,0,Known good,0
RETRO-2025-000890,2025-01-04,3500.0,-571.13,0.5559,1,0.2494,0,23,home_improvement,0.0678870186376567,562.7088202204042,Flag / decline,0,Known good,0
RETRO-2025-000891,2025-03-07,9700.0,1326.35,0.016,1,0.5959,0,75,home_improvement,0.0317085084663452,585.7728661259827,Flag / decline,0,Known good,0
RETRO-2025-000892,2025-06-15,2900.0,1078.96,0.2294,1,0.1632,0,117,car,0.0243634155081533,593.5939872729908,Accept,0,Known good,0
RETRO-2025-000893,2025-01-08,6100.0,2008.04,0.1193,2,0.0941,0,83,other,0.0256887256363484,592.0263868479387,Flag / decline,0,Known good,0
RETRO-2025-000894,2025-05-29,7500.0,232.11,0.183,2,0.3449,0,41,debt_consolidation,0.0367470793652572,581.3671394064326,Flag / decline,0,Known good,0
RETRO-2025-000895,2025-06-20,17600.0,-660.98,0.156,2,0.226,0,12,debt_consolidation,0.0631484727640045,564.9428897780153,Flag / decline,0,Known good,0
RETRO-2025-000896,2025-02-20,10000.0,466.44,0.0907,0,0.1134,0,54,debt_consolidation,0.0209953695032473,597.9863281967387,Accept,0,Known good,0
RETRO-2025-000897,2025-05-08,5500.0,1533.2,0.1236,1,0.8088,0,107,other,0.0383168622748279,580.1130820529048,Flag / decline,0,Known good,0
RETRO-2025-000898,2025-01-19,3700.0,2102.42,0.01,0,0.4948,0,113,education,0.0087909766463753,623.4633173671698,Accept,0,Known good,0
RETRO-2025-000899,2025-02-15,9000.0,322.38,0.1558,3,0.4533,0,13,debt_consolidation,0.0532736010720004,570.1519730439844,Flag / decline,0,Known good,0
RETRO-2025-000900,2025-01-18,2200.0,3494.39,0.0211,2,0.7295,0,54,car,0.0424843643864807,577.0087193980487,Flag / decline,0,Known good,0
RETRO-2025-000901,2025-05-09,3100.0,2481.4,0.0829,1,0.4946,0,111,major_purchase,0.0288195895789227,588.6152287274919,Flag / decline,0,Known good,0
RETRO-2025-000902,2025-02-01,11100.0,1912.12,0.0812,2,0.3595,0,98,car,0.0300852420132647,587.3374780588886,Flag / decline,0,Known good,0
RETRO-2025-000903,2025-03-27,5800.0,-147.43,0.3922,2,0.6187,0,52,debt_consolidation,0.0806275080116129,557.3489854611321,Flag / decline,0,Known good,0
RETRO-2025-000904,2025-04-26,10800.0,154.82,0.1748,0,0.8168,0,120,home_improvement,0.0344481444394062,583.2999874683815,Flag / decline,0,Known good,0
RETRO-2025-000905,2025-03-30,5000.0,2232.15,0.1084,0,0.2709,0,54,debt_consolidation,0.0241368739831618,593.870237475779,Accept,0,Known good,0
RETRO-2025-000906,2025-02-27,5100.0,1626.2,0.0781,0,0.4083,1,22,other,0.051318974276535,571.2900532482181,Flag / decline,0,Known good,0
RETRO-2025-000907,2025-01-25,13500.0,5049.94,0.0269,2,0.2196,0,80,car,0.026727981661034,590.8512817049799,Flag / decline,0,Known good,0
RETRO-2025-000908,2025-03-04,7800.0,3527.6,0.0416,0,0.6023,0,34,debt_consolidation,0.032263054511164,585.2560762758194,Flag / decline,0,Known good,0
RETRO-2025-000909,2025-02-13,7200.0,1082.37,0.1953,0,0.4425,0,14,car,0.036378717041743,581.6688699654976,Flag / decline,0,Known good,0
RETRO-2025-000910,2025-05-09,10400.0,-178.25,0.2402,3,0.5652,0,82,home_improvement,0.0738071478982326,560.1124797291639,Flag / decline,0,Known good,0
RETRO-2025-000911,2025-03-02,18700.0,707.21,0.197,1,0.099,0,49,other,0.026001577474683,591.6678437782375,Flag / decline,0,Known good,0
RETRO-2025-000912,2025-05-10,2600.0,1194.01,0.1263,1,0.2085,0,80,debt_consolidation,0.0249324064397195,592.9110400290431,Accept,0,Known good,0
RETRO-2025-000913,2025-02-28,26600.0,199.84,0.336,3,0.2078,1,59,home_improvement,0.0664315615683303,563.3791773145591,Flag / decline,0,Known good,0
RETRO-2025-000914,2025-03-29,5100.0,1724.72,0.0173,0,0.2457,0,21,car,0.0257139093507527,591.9973682214718,Flag / decline,6,Known bad,1
RETRO-2025-000915,2025-03-03,26100.0,1385.21,0.1119,0,0.7896,1,58,car,0.0608875909568124,566.0644305304563,Flag / decline,0,Known good,0
RETRO-2025-000916,2025-01-19,9200.0,964.34,0.0677,2,0.4977,0,103,major_purchase,0.0329971126432193,584.5850462629008,Flag / decline,0,Known good,0
RETRO-2025-000917,2025-02-06,12700.0,549.98,0.1827,2,0.6044,0,38,debt_consolidation,0.0456211977597783,574.8585916080173,Flag / decline,0,Known good,0
RETRO-2025-000918,2025-06-21,4800.0,-492.62,0.5157,1,0.3439,0,16,car,0.0748784252945612,559.663295592229,Flag / decline,0,Known good,0
RETRO-2025-000919,2025-06-02,6600.0,577.91,0.1323,2,0.1508,0,5,home_improvement,0.0415632318671922,577.6689464077483,Flag / decline,0,Known good,0
RETRO-2025-000920,2025-02-03,1400.0,2327.67,0.0884,2,0.1228,0,13,car,0.0343772995514578,583.3615055295109,Flag / decline,0,Known good,0
RETRO-2025-000921,2025-02-07,2600.0,1174.4,0.0803,1,0.7703,0,119,car,0.0354272992263028,582.4620079586165,Flag / decline,0,Known good,0
RETRO-2025-000922,2025-04-30,10400.0,930.84,0.0643,1,0.1383,0,51,car,0.0242224372909267,593.7656035397183,Accept,0,Known good,0
RETRO-2025-000923,2025-05-27,18500.0,1333.77,0.1048,0,0.2968,0,92,debt_consolidation,0.0225592606868656,595.8672270684307,Accept,0,Known good,0
RETRO-2025-000924,2025-03-19,21900.0,632.45,0.0604,1,0.412,0,20,debt_consolidation,0.0348192237479931,582.9797409241355,Flag / decline,0,Known good,0
RETRO-2025-000925,2025-05-02,5700.0,509.26,0.2908,2,0.6748,0,7,major_purchase,0.0667524066839393,563.230238713573,Flag / decline,0,Known good,0
RETRO-2025-000926,2025-01-20,2700.0,2586.44,0.0051,2,0.4409,0,51,major_purchase,0.0337309200762346,583.928504613057,Flag / decline,0,Known good,0
RETRO-2025-000927,2025-02-16,2700.0,-126.05,0.1983,2,0.6225,0,20,major_purchase,0.0816762746198546,556.9431531957632,Flag / decline,0,Known good,0
RETRO-2025-000928,2025-02-20,11000.0,444.67,0.2256,1,0.1881,0,111,other,0.0249984833952602,592.8327159153336,Accept,0,Known good,0
RETRO-2025-000929,2025-01-08,20000.0,-137.54,0.079,0,0.2751,0,84,car,0.0355775138989714,582.3354298581937,Flag / decline,0,Known good,0
RETRO-2025-000930,2025-02-07,13800.0,-31.2,0.2861,1,0.5458,0,144,car,0.0533103672573868,570.1309461473807,Flag / decline,0,Known good,0
RETRO-2025-000931,2025-06-05,3700.0,736.93,0.0585,1,0.1365,0,56,debt_consolidation,0.0237278566035844,594.3754697432868,Accept,0,Known good,0
RETRO-2025-000932,2025-03-16,17400.0,783.1,0.0597,0,0.1411,0,7,major_purchase,0.0287467002312039,588.6904627649351,Flag / decline,0,Known good,0
RETRO-2025-000933,2025-06-11,6300.0,466.77,0.1107,0,0.6221,0,108,debt_consolidation,0.0286522731785455,588.788203050118,Flag / decline,0,Known good,0
RETRO-2025-000934,2025-01-07,3600.0,495.39,0.121,0,0.9103,1,56,car,0.0676015415944923,562.8392475597922,Flag / decline,0,Known good,0
RETRO-2025-000935,2025-02-05,1900.0,301.17,0.0978,0,0.5947,0,72,debt_consolidation,0.0296407315642107,587.7801968664608,Flag / decline,0,Known good,0
RETRO-2025-000936,2025-05-02,12500.0,4321.44,0.0429,0,0.3218,0,40,debt_consolidation,0.0251555280435159,592.647369979742,Flag / decline,0,Known good,0
RETRO-2025-000937,2025-03-18,4400.0,301.26,0.0824,2,0.2366,0,23,car,0.0343440217836945,583.3904444481059,Flag / decline,0,Known good,0
RETRO-2025-000938,2025-01-29,2400.0,797.28,0.2229,3,0.6222,0,144,other,0.0439479386838832,575.987311745703,Flag / decline,5,Known bad,1
RETRO-2025-000939,2025-01-06,2700.0,2719.95,0.0601,1,0.5097,0,63,debt_consolidation,0.031420355123606,586.0448620589607,Flag / decline,0,Known good,0
RETRO-2025-000940,2025-01-06,10200.0,-314.55,0.1282,1,0.292,0,47,major_purchase,0.0466264358727217,574.1993074543137,Flag / decline,0,Known good,0
RETRO-2025-000941,2025-05-17,4300.0,1021.72,0.1739,0,0.2053,0,21,debt_consolidation,0.0278764734669301,589.6032697695141,Flag / decline,0,Known good,0
RETRO-2025-000942,2025-03-09,11100.0,3292.79,0.1195,2,0.4771,0,34,other,0.0401493787266106,578.7100828489874,Flag / decline,0,Known good,0
RETRO-2025-000943,2025-05-05,4800.0,3992.03,0.0083,3,0.5267,0,24,car,0.0463704314398971,574.365914487865,Flag / decline,0,Known good,0
RETRO-2025-000944,2025-01-30,3800.0,1308.75,0.0388,1,0.2604,0,136,other,0.0223906813009751,596.0886303056133,Accept,0,Known good,0
RETRO-2025-000945,2025-01-02,2900.0,2347.53,0.1311,0,0.4539,0,38,debt_consolidation,0.0300389342759622,587.3833022808706,Flag / decline,0,Known good,0
RETRO-2025-000946,2025-04-08,4600.0,175.46,0.3738,2,0.2676,0,75,car,0.0360050081423273,581.9779992658969,Flag / decline,0,Known good,0
RETRO-2025-000947,2025-04-24,7100.0,1808.12,0.1361,2,0.2636,0,86,major_purchase,0.0296069058787634,587.8141492303649,Flag / decline,0,Known good,0
RETRO-2025-000948,2025-03-14,13000.0,2179.23,0.1052,3,0.5327,0,47,car,0.0449649090249172,575.296521971665,Flag / decline,0,Known good,0
RETRO-2025-000949,2025-04-21,4700.0,1155.17,0.18,2,0.6231,0,167,debt_consolidation,0.0365608833814035,581.5192895203757,Flag / decline,0,Known good,0
RETRO-2025-000950,2025-05-13,2400.0,1402.41,0.072,3,0.5218,0,58,car,0.0421293481681593,577.2615432452312,Flag / decline,0,Known good,0
RETRO-2025-000951,2025-04-20,8200.0,3871.26,0.1032,0,0.6025,0,32,major_purchase,0.0340485298909173,583.6486021148985,Flag / decline,0,Known good,0
RETRO-2025-000952,2025-02-22,7800.0,1247.65,0.0313,1,0.6153,0,88,debt_consolidation,0.0317361702412146,585.746881319629,Flag / decline,0,Known good,0
RETRO-2025-000953,2025-01-14,7700.0,882.28,0.0263,1,0.6569,0,89,debt_consolidation,0.032627871873604,584.920759695106,Flag / decline,0,Known good,0
RETRO-2025-000954,2025-02-04,19100.0,1773.04,0.0091,1,0.1008,0,92,major_purchase,0.0205331282428891,598.64230324609,Accept,0,Known good,0
RETRO-2025-000955,2025-05-16,16600.0,3276.78,0.0333,1,0.4893,0,53,major_purchase,0.0311702568849383,586.2829003372124,Flag / decline,0,Known good,0
RETRO-2025-000956,2025-06-24,12800.0,910.95,0.1987,1,0.4134,0,61,home_improvement,0.0323136748949494,585.2093309661291,Flag / decline,0,Known good,0
RETRO-2025-000957,2025-04-21,6600.0,884.07,0.0233,1,0.3239,0,169,major_purchase,0.0224922074310306,595.9550970293776,Accept,4,Known bad,1
RETRO-2025-000958,2025-06-12,25600.0,6067.63,0.0208,2,0.3327,0,43,other,0.0321576041413985,585.3536823553795,Flag / decline,0,Known good,0
RETRO-2025-000959,2025-04-11,5100.0,-338.2,0.2287,0,0.6636,0,55,education,0.0215768959081141,597.1808609121857,Accept,0,Known good,0
RETRO-2025-000960,2025-04-28,2400.0,1833.34,0.0393,2,0.1417,0,49,debt_consolidation,0.0274077617485635,590.1064493575728,Flag / decline,0,Known good,0
RETRO-2025-000961,2025-02-01,9500.0,960.79,0.0345,1,0.4541,0,163,debt_consolidation,0.0253216249889698,592.4525629977101,Flag / decline,0,Known good,0
RETRO-2025-000962,2025-01-24,4400.0,924.96,0.0736,3,0.3562,0,32,other,0.040628895113967,578.3530952289073,Flag / decline,0,Known good,0
RETRO-2025-000963,2025-06-20,18400.0,3167.05,0.0235,2,0.4813,0,108,debt_consolidation,0.0313127526317342,586.1470503198784,Flag / decline,0,Known good,0
RETRO-2025-000964,2025-05-27,14900.0,865.08,0.1487,0,0.5442,0,115,home_improvement,0.0273921273001483,590.1233772595858,Flag / decline,0,Known good,0
RETRO-2025-000965,2025-05-11,7400.0,577.48,0.0592,1,0.8285,0,118,major_purchase,0.0365937192211542,581.4924036465505,Flag / decline,0,Known good,0
RETRO-2025-000966,2025-05-27,26800.0,421.07,0.1241,5,0.2494,0,174,debt_consolidation,0.0384528819818094,580.006754597281,Flag / decline,0,Known good,0
RETRO-2025-000967,2025-03-25,13000.0,2718.06,0.0969,0,0.4987,0,134,major_purchase,0.0248207127493771,593.0438968854979,Accept,0,Known good,0
RETRO-2025-000968,2025-01-02,5900.0,1408.86,0.0925,1,0.7651,0,119,car,0.0355908716972119,582.3241988697503,Flag / decline,0,Known good,0
RETRO-2025-000969,2025-02-14,4500.0,3664.75,0.0148,1,0.6496,1,29,home_improvement,0.0645269970382512,564.2773007458904,Flag / decline,0,Known good,0
RETRO-2025-000970,2025-03-06,2500.0,1784.12,0.2038,0,0.4351,0,99,debt_consolidation,0.0267595444228627,590.8162928386874,Flag / decline,2,Indeterminate,0
RETRO-2025-000971,2025-01-22,6600.0,-817.47,0.1839,0,0.2105,0,21,car,0.0452571806777359,575.1007471104845,Flag / decline,0,Known good,0
RETRO-2025-000972,2025-06-11,4700.0,608.04,0.1326,0,0.158,0,68,home_improvement,0.0216176453212166,597.1252180459159,Accept,0,Known good,0
RETRO-2025-000973,2025-06-27,4700.0,1087.27,0.0122,1,0.3781,0,105,car,0.0251724193435608,592.6275018570249,Flag / decline,0,Known good,0
RETRO-2025-000974,2025-05-02,7100.0,845.28,0.1449,0,0.2812,0,43,home_improvement,0.0259140707141636,591.7677058322608,Flag / decline,0,Known good,0
RETRO-2025-000975,2025-01-16,5300.0,-409.89,0.5349,2,0.6017,0,9,debt_consolidation,0.1127387969901562,546.6503723563918,Flag / decline,0,Known good,0
RETRO-2025-000976,2025-05-24,10100.0,956.53,0.0374,0,0.339,0,58,debt_consolidation,0.0239393494276885,594.1131751139986,Accept,0,Known good,0
RETRO-2025-000977,2025-03-11,7400.0,1663.31,0.039,4,0.617,0,34,car,0.0548453421595172,569.2650644591298,Flag / decline,0,Known good,0
RETRO-2025-000978,2025-04-11,2700.0,168.21,0.1298,2,0.4679,0,76,debt_consolidation,0.0353678352535358,582.5122580418843,Flag / decline,1,Indeterminate,0
RETRO-2025-000979,2025-03-07,4200.0,455.25,0.0971,0,0.0867,0,16,debt_consolidation,0.0250112689363009,592.8175839094085,Flag / decline,0,Known good,0
RETRO-2025-000980,2025-06-16,7200.0,-143.91,0.3398,2,0.4881,1,58,debt_consolidation,0.1138709462908786,546.3252187745921,Flag / decline,2,Indeterminate,0
RETRO-2025-000981,2025-06-09,10700.0,1906.84,0.0685,1,0.2121,0,69,car,0.0245578853012846,593.3588366541983,Accept,0,Known good,0
RETRO-2025-000982,2025-02-05,6000.0,297.54,0.08,0,0.4008,0,69,other,0.0252301949081893,592.5596423167317,Flag / decline,0,Known good,0
RETRO-2025-000983,2025-04-12,4200.0,2139.36,0.0176,2,0.1978,0,100,home_improvement,0.0251682361439767,592.6324210686996,Flag / decline,0,Known good,0
RETRO-2025-000984,2025-01-10,15100.0,1075.49,0.1622,2,0.5579,0,104,major_purchase,0.0369778195483893,581.1796155058321,Flag / decline,0,Known good,0
RETRO-2025-000985,2025-02-08,1500.0,14.33,0.2284,0,0.331,0,14,car,0.0545304128020149,569.4408376032678,Flag / decline,0,Known good,0
RETRO-2025-000986,2025-03-11,6100.0,1631.73,0.0315,2,0.0985,0,105,debt_consolidation,0.0232913215032451,594.9241544671956,Accept,0,Known good,0
RETRO-2025-000987,2025-04-19,5600.0,96.27,0.591,1,0.1542,0,87,car,0.0526937244724026,570.4854338343424,Flag / decline,0,Known good,0
RETRO-2025-000988,2025-02-01,3000.0,1437.38,0.1389,2,0.7019,0,9,home_improvement,0.0592217555987149,566.9159868817251,Flag / decline,0,Known good,0
RETRO-2025-000989,2025-05-07,7700.0,2076.23,0.0423,3,0.2166,0,49,home_improvement,0.0332685830711091,584.3405322016982,Flag / decline,0,Known good,0
RETRO-2025-000990,2025-02-14,3700.0,40.12,0.1491,1,0.5035,0,30,other,0.059788480276161,566.6237944317259,Flag / decline,0,Known good,0
RETRO-2025-000991,2025-02-28,26400.0,559.68,0.0788,0,0.2439,0,192,debt_consolidation,0.0188229545289877,601.2018458095033,Accept,0,Known good,0
RETRO-2025-000992,2025-04-03,2200.0,1993.58,0.2038,2,0.3772,0,33,home_improvement,0.0395845999880335,579.1358233886218,Flag / decline,0,Known good,0
RETRO-2025-000993,2025-01-22,23400.0,2537.39,0.0041,2,0.8065,0,74,debt_consolidation,0.0424372405593292,577.0421620241093,Flag / decline,5,Known bad,1
RETRO-2025-000994,2025-06-29,4200.0,490.86,0.2439,1,0.49,0,29,major_purchase,0.0398681664897974,578.9213431885063,Flag / decline,0,Known good,0
RETRO-2025-000995,2025-06-19,2600.0,350.92,0.1716,2,0.4388,0,29,home_improvement,0.0414382008869137,577.7596396858211,Flag / decline,0,Known good,0
RETRO-2025-000996,2025-06-17,5600.0,2493.2,0.0564,1,0.2273,0,33,home_improvement,0.0277176507319364,589.7728450434628,Flag / decline,0,Known good,0
RETRO-2025-000997,2025-05-30,12300.0,1872.45,0.021,1,0.2076,0,102,debt_consolidation,0.0221961295675154,596.3461778274791,Accept,0,Known good,0
RETRO-2025-000998,2025-01-10,3700.0,2196.15,0.0445,2,0.2897,0,38,other,0.0322322721078274,585.2845369125139,Flag / decline,0,Known good,0
RETRO-2025-000999,2025-04-02,3200.0,1332.85,0.1406,0,0.3243,0,102,home_improvement,0.0232780117783299,594.941040809762,Accept,0,Known good,0
RETRO-2025-001000,2025-03-26,19100.0,1144.92,0.1072,2,0.7009,0,64,major_purchase,0.042992922697243,576.6500461919413,Flag / decline,0,Known good,0
RETRO-2025-001001,2025-05-07,13400.0,-1113.59,0.9019,0,0.1222,0,10,debt_consolidation,0.0777705155691793,558.4794878554188,Flag / decline,0,Known good,0
RETRO-2025-001002,2025-02-06,5800.0,52.88,0.241,1,0.4565,0,176,debt_consolidation,0.0466598672645286,574.1776146533223,Flag / decline,0,Known good,0
RETRO-2025-001003,2025-01-21,8700.0,221.03,0.1774,0,0.0,0,78,debt_consolidation,0.0192328991437855,600.568124831958,Accept,0,Known good,0
RETRO-2025-001004,2025-02-09,20900.0,327.41,0.1937,2,0.1695,0,89,debt_consolidation,0.0284703972807536,588.9773447198817,Flag / decline,0,Known good,0
RETRO-2025-001005,2025-01-27,7900.0,550.82,0.1624,2,0.3317,0,78,education,0.0119749484678265,614.4520015913719,Accept,0,Known good,0
RETRO-2025-001006,2025-05-12,3400.0,1962.44,0.0405,1,0.4048,0,52,home_improvement,0.0293793206869686,588.043569288917,Flag / decline,0,Known good,0
RETRO-2025-001007,2025-04-30,8100.0,567.6,0.1487,0,0.4442,0,38,major_purchase,0.0301873692963899,587.2366582193329,Flag / decline,0,Known good,0
RETRO-2025-001008,2025-04-27,11600.0,-1082.94,0.5821,0,0.3025,0,55,car,0.0555035963790048,568.9007190765875,Flag / decline,1,Indeterminate,0
RETRO-2025-001009,2025-06-22,5100.0,2383.65,0.035,1,0.6917,0,64,debt_consolidation,0.0355737826888116,582.3385677159723,Flag / decline,0,Known good,0
RETRO-2025-001010,2025-02-19,11800.0,3101.87,0.032,1,0.9018,0,3,car,0.0651840545977762,563.9647030812696,Flag / decline,6,Known bad,1
RETRO-2025-001011,2025-04-24,4000.0,1959.5,0.0722,1,0.3428,0,22,debt_consolidation,0.03275141181127,584.8080304985141,Flag / decline,0,Known good,0
RETRO-2025-001012,2025-06-17,12400.0,487.41,0.2419,2,0.1491,0,87,home_improvement,0.0291063462105468,588.321028777631,Flag / decline,0,Known good,0
RETRO-2025-001013,2025-06-26,7900.0,1319.19,0.0142,0,0.5614,0,9,debt_consolidation,0.037488636181846,580.7684427386887,Flag / decline,0,Known good,0
RETRO-2025-001014,2025-05-11,4200.0,161.86,0.3565,5,0.3752,0,46,education,0.0232432469702854,594.9851921909489,Accept,0,Known good,0
RETRO-2025-001015,2025-02-02,19600.0,-811.74,0.4021,0,0.2788,0,140,car,0.0414207716860307,577.7723030297539,Flag / decline,0,Known good,0
RETRO-2025-001016,2025-01-28,18900.0,1649.05,0.0793,1,0.519,0,123,debt_consolidation,0.028830042775329,588.6044544160054,Flag / decline,0,Known good,0
RETRO-2025-001017,2025-06-28,4800.0,-227.66,0.0914,1,0.3218,0,48,car,0.0463495070151245,574.3795707063784,Flag / decline,0,Known good,0
RETRO-2025-001018,2025-01-26,6600.0,788.95,0.149,1,0.1333,0,51,debt_consolidation,0.0256501674834537,592.0708702514427,Flag / decline,0,Known good,0
RETRO-2025-001019,2025-04-29,20500.0,1311.25,0.0416,0,0.3057,0,32,major_purchase,0.0257030646572093,592.0098609236622,Flag / decline,0,Known good,0
RETRO-2025-001020,2025-05-17,10800.0,2081.91,0.0274,2,0.2577,0,39,debt_consolidation,0.0309105055277032,586.5320911871626,Flag / decline,0,Known good,0
RETRO-2025-001021,2025-02-16,2500.0,345.36,0.3536,0,0.3358,0,81,car,0.0284412133332571,589.0078036865117,Flag / decline,0,Known good,0
RETRO-2025-001022,2025-01-09,5600.0,4345.48,0.0111,3,0.4431,0,100,education,0.0128863544516982,612.308878249078,Accept,0,Known good,0
RETRO-2025-001023,2025-06-03,6700.0,-819.98,0.8447,0,0.5428,0,103,home_improvement,0.0727451409339354,560.5637388525421,Flag / decline,0,Known good,0
RETRO-2025-001024,2025-03-25,7000.0,487.68,0.1886,5,0.7276,0,175,debt_consolidation,0.0584718837341128,567.3066602574119,Flag / decline,5,Known bad,1
RETRO-2025-001025,2025-04-18,3800.0,2413.79,0.1232,1,0.2685,0,55,major_purchase,0.0277176944540621,589.7727982315216,Flag / decline,0,Known good,0
RETRO-2025-001026,2025-06-08,25600.0,510.35,0.0952,1,0.6259,0,10,major_purchase,0.0468736451222628,574.0392479643376,Flag / decline,0,Known good,0
RETRO-2025-001027,2025-02-07,3800.0,883.37,0.2299,0,0.0971,0,76,major_purchase,0.0216975352734402,597.0164262454819,Accept,0,Known good,0
RETRO-2025-001028,2025-02-02,9400.0,1151.6,0.1049,0,0.2306,0,27,home_improvement,0.026022659961439,591.6438335043982,Flag / decline,0,Known good,0
RETRO-2025-001029,2025-01-03,2300.0,1336.35,0.0946,1,0.1826,0,11,education,0.0120486805367094,614.2727339378339,Accept,0,Known good,0
RETRO-2025-001030,2025-04-19,16200.0,400.8,0.1253,3,0.2214,1,57,car,0.0582867199828472,567.4038512359602,Flag / decline,0,Known good,0
RETRO-2025-001031,2025-01-07,13900.0,3261.78,0.0306,2,0.4198,0,20,debt_consolidation,0.0390968733632666,579.5081932130538,Flag / decline,0,Known good,0
RETRO-2025-001032,2025-06-14,3300.0,-14.63,0.2471,2,0.3326,0,119,car,0.0514929361162603,571.1871177685844,Flag / decline,0,Known good,0
RETRO-2025-001033,2025-05-10,2300.0,1114.38,0.1139,0,0.1847,0,80,debt_consolidation,0.0212249876527384,597.6657092235429,Accept,0,Known good,0
RETRO-2025-001034,2025-01-01,13800.0,3247.76,0.0163,1,0.6016,0,190,debt_consolidation,0.0274343082053903,590.0777281684852,Flag / decline,0,Known good,0
RETRO-2025-001035,2025-05-09,6500.0,1160.72,0.074,3,0.214,0,48,major_purchase,0.0340742251615884,583.6260677142253,Flag / decline,0,Known good,0
RETRO-2025-001036,2025-02-16,17200.0,2493.01,0.0662,0,0.6983,1,45,car,0.0571475512467169,568.0082447806537,Flag / decline,0,Known good,0
RETRO-2025-001037,2025-02-08,4800.0,-197.11,0.0961,0,0.1443,0,121,debt_consolidation,0.0306165122393366,586.8165893904694,Flag / decline,0,Known good,0
RETRO-2025-001038,2025-06-30,2300.0,2771.12,0.0741,1,0.2239,1,77,car,0.0414939837550109,577.7191443647555,Flag / decline,0,Known good,0
RETRO-2025-001039,2025-06-17,7400.0,2497.05,0.0641,1,0.3188,0,20,car,0.0324193566466404,585.1119670413193,Flag / decline,0,Known good,0
RETRO-2025-001040,2025-01-13,9000.0,3273.19,0.013,0,0.1696,0,71,car,0.0198653933988232,599.6158887295394,Accept,0,Known good,0
RETRO-2025-001041,2025-06-07,11400.0,2236.9,0.047,2,0.1743,0,60,home_improvement,0.0273882791647725,590.1275451950215,Flag / decline,2,Indeterminate,0
RETRO-2025-001042,2025-06-24,4000.0,173.77,0.2193,2,0.5253,0,51,major_purchase,0.0420197783682345,577.3399844609597,Flag / decline,3,Known bad,1
RETRO-2025-001043,2025-01-30,6800.0,4826.48,0.0736,2,0.5174,0,60,education,0.0136155972809094,610.6992324249725,Accept,0,Known good,0
RETRO-2025-001044,2025-04-26,2800.0,1272.55,0.1577,0,0.8682,0,115,other,0.0356877677559215,582.2428517829687,Flag / decline,0,Known good,0
RETRO-2025-001045,2025-04-15,4800.0,319.05,0.0234,1,0.4456,0,68,home_improvement,0.0287234443358839,588.7145057076082,Flag / decline,0,Known good,0
RETRO-2025-001046,2025-01-08,5000.0,1645.33,0.0153,1,0.2745,0,57,major_purchase,0.0256164519016337,592.1098203123295,Flag / decline,0,Known good,0
RETRO-2025-001047,2025-03-08,4100.0,5227.83,0.1022,0,0.386,0,82,home_improvement,0.0246421874983282,593.2574629402764,Accept,0,Known good,0
RETRO-2025-001048,2025-01-02,6700.0,1008.18,0.0595,0,0.4888,0,44,debt_consolidation,0.0286615507121271,588.7785861516716,Flag / decline,0,Known good,0
RETRO-2025-001049,2025-04-11,3900.0,4318.59,0.0594,1,0.4559,0,88,home_improvement,0.028518212099986,588.9275063605488,Flag / decline,0,Known good,0
RETRO-2025-001050,2025-01-30,5700.0,2633.7,0.0588,2,0.4997,0,58,major_purchase,0.0359869649674929,581.9930024893588,Flag / decline,0,Known good,0
RETRO-2025-001051,2025-05-08,5700.0,148.62,0.1533,1,0.6181,1,61,debt_consolidation,0.0973010884749495,551.3972165771338,Flag / decline,0,Known good,0
RETRO-2025-001052,2025-02-08,2500.0,-144.0,0.3002,1,0.2308,0,120,car,0.0433073749355539,576.430293110917,Flag / decline,0,Known good,0
RETRO-2025-001053,2025-05-13,8900.0,-23.91,0.0953,0,0.1651,0,58,car,0.0349884211233866,582.834811892235,Flag / decline,0,Known good,0
RETRO-2025-001054,2025-04-19,3800.0,2078.4,0.0549,0,0.3555,0,103,home_improvement,0.022395611508415,596.0821321460396,Accept,0,Known good,0
RETRO-2025-001055,2025-04-04,14700.0,368.36,0.3597,0,0.1485,0,145,debt_consolidation,0.022378274325646,596.1049892549739,Accept,0,Known good,0
RETRO-2025-001056,2025-03-16,8700.0,1099.75,0.0652,1,0.2127,0,32,debt_consolidation,0.0277045953942837,589.7868262034868,Flag / decline,2,Indeterminate,0
RETRO-2025-001057,2025-03-20,3400.0,40.92,0.2227,0,0.1316,1,60,car,0.0624181014063793,565.3010429364552,Flag / decline,0,Known good,0
RETRO-2025-001058,2025-05-31,15600.0,3302.14,0.0559,3,0.245,0,19,debt_consolidation,0.0398244846245456,578.954287218447,Flag / decline,0,Known good,0
RETRO-2025-001059,2025-06-08,15200.0,1168.26,0.0816,0,0.4835,0,26,debt_consolidation,0.0315032102195064,585.966406465266,Flag / decline,0,Known good,0
RETRO-2025-001060,2025-04-21,3400.0,1795.35,0.0773,1,0.4317,0,32,major_purchase,0.033278806374287,584.3313617397279,Flag / decline,1,Indeterminate,0
RETRO-2025-001061,2025-01-21,7600.0,1222.36,0.0628,1,0.6558,0,148,debt_consolidation,0.0308422227307743,586.5979343475726,Flag / decline,0,Known good,0
RETRO-2025-001062,2025-06-19,8200.0,1627.69,0.0376,0,0.5216,0,25,major_purchase,0.0316559658483677,585.8222838340939,Flag / decline,0,Known good,0
RETRO-2025-001063,2025-04-20,7900.0,406.24,0.2178,4,0.2718,1,35,major_purchase,0.0789659396754798,558.001918064896,Flag / decline,0,Known good,0
RETRO-2025-001064,2025-06-07,11000.0,-981.23,1.5,3,0.5731,0,100,debt_consolidation,0.1650405427555633,533.9005897278046,Flag / decline,0,Known good,0
RETRO-2025-001065,2025-05-20,7400.0,842.52,0.1015,0,0.2976,0,36,major_purchase,0.0261743101629189,591.4716790055769,Flag / decline,0,Known good,0
RETRO-2025-001066,2025-04-30,1800.0,1777.8,0.0306,1,0.0621,0,64,home_improvement,0.0214375921240882,597.371857916941,Accept,0,Known good,0
RETRO-2025-001067,2025-03-15,6300.0,787.15,0.3489,0,0.1848,0,41,major_purchase,0.0280084202808422,589.4631021125094,Flag / decline,0,Known good,0
RETRO-2025-001068,2025-01-08,13500.0,2723.19,0.0848,1,0.5238,0,39,debt_consolidation,0.0348962632746304,582.9136673636227,Flag / decline,0,Known good,0
RETRO-2025-001069,2025-03-05,5000.0,5514.01,0.0551,1,0.508,0,89,car,0.0295839075414591,587.8372551808835,Flag / decline,0,Known good,0
RETRO-2025-001070,2025-06-10,9600.0,5310.59,0.0093,1,0.7651,0,31,car,0.0414820020940745,577.727838003311,Flag / decline,0,Known good,0
RETRO-2025-001071,2025-01-07,20900.0,3131.53,0.009,0,0.156,0,33,debt_consolidation,0.0221527402953324,596.4039173364467,Accept,0,Known good,0
RETRO-2025-001072,2025-05-24,9200.0,540.15,0.13,1,0.3598,0,11,debt_consolidation,0.0384256188685143,580.0280373776305,Flag / decline,0,Known good,0
RETRO-2025-001073,2025-06-05,6200.0,1094.75,0.3197,0,0.1013,1,68,car,0.0401589121851149,578.7029457267377,Flag / decline,3,Known bad,1
RETRO-2025-001074,2025-02-05,19100.0,4309.69,0.0205,2,0.5252,0,26,home_improvement,0.0405168775436748,578.4361267618289,Flag / decline,0,Known good,0
RETRO-2025-001075,2025-02-08,5300.0,359.83,0.3343,1,0.4392,0,76,debt_consolidation,0.035100120207383,582.7395037320518,Flag / decline,0,Known good,0
RETRO-2025-001076,2025-05-04,15700.0,632.62,0.1991,2,0.1628,0,146,car,0.0262483138531978,591.3880215392962,Flag / decline,0,Known good,0
RETRO-2025-001077,2025-01-28,8900.0,9.29,0.5314,3,0.0179,0,43,home_improvement,0.0655283019125616,563.8020945801545,Flag / decline,0,Known good,0
RETRO-2025-001078,2025-03-23,7200.0,1757.0,0.1381,1,0.0894,0,41,car,0.0254392408372591,592.3153684079307,Flag / decline,0,Known good,0
RETRO-2025-001079,2025-03-18,16100.0,2124.19,0.0072,1,0.2906,0,61,education,0.0094024551136178,621.5052306275439,Accept,0,Known good,0
RETRO-2025-001080,2025-05-11,11700.0,603.63,0.1553,1,0.5928,0,43,education,0.014180769235134,609.5091847199171,Accept,0,Known good,0
RETRO-2025-001081,2025-03-26,12000.0,1503.26,0.1161,1,0.0886,0,55,debt_consolidation,0.0238744239462882,594.1934548067819,Accept,0,Known good,0
RETRO-2025-001082,2025-06-03,3000.0,-422.92,0.2592,1,0.2494,0,5,debt_consolidation,0.0686295283066968,562.3719521912177,Flag / decline,0,Known good,0
RETRO-2025-001083,2025-01-06,8900.0,1968.99,0.081,1,0.2341,0,22,other,0.0302257529226573,587.1988514065894,Flag / decline,0,Known good,0
RETRO-2025-001084,2025-06-02,5300.0,570.23,0.1011,0,0.2929,0,108,major_purchase,0.021853650305786,596.8049592491175,Accept,0,Known good,0
RETRO-2025-001085,2025-02-26,11800.0,-269.36,0.1773,2,0.4402,0,27,car,0.0670201787131011,563.1064449998898,Flag / decline,0,Known good,0
RETRO-2025-001086,2025-01-18,13600.0,1683.99,0.1167,2,0.5266,2,27,debt_consolidation,0.1186066489201649,544.9948987223079,Flag / decline,0,Known good,0
RETRO-2025-001087,2025-06-26,7400.0,-436.97,0.1024,2,0.7597,0,127,other,0.0641411151066698,564.4622695298485,Flag / decline,0,Known good,0
RETRO-2025-001088,2025-04-20,4000.0,426.09,0.0941,1,0.7734,0,75,car,0.0386039425564042,579.8890919448088,Flag / decline,0,Known good,0
RETRO-2025-001089,2025-02-09,3500.0,1252.86,0.0895,1,0.0158,0,19,car,0.026129623537751,591.5223065246582,Flag / decline,0,Known good,0
RETRO-2025-001090,2025-01-08,9600.0,2550.46,0.0193,0,0.4957,1,28,car,0.0508092535688588,571.5935734228835,Flag / decline,0,Known good,0
RETRO-2025-001091,2025-04-07,2600.0,567.94,0.0979,0,0.2191,0,66,debt_consolidation,0.0222486590568526,596.276422565277,Accept,0,Known good,0
RETRO-2025-001092,2025-03-10,4700.0,1414.04,0.0729,1,0.1365,0,48,home_improvement,0.0245756314983944,593.3374686260324,Accept,0,Known good,0
RETRO-2025-001093,2025-03-21,2100.0,1280.61,0.0864,1,0.3309,0,20,debt_consolidation,0.0332608946179596,584.3474306566244,Flag / decline,0,Known good,0
RETRO-2025-001094,2025-02-19,6800.0,4047.55,0.0201,0,0.8817,0,70,debt_consolidation,0.0353826207946066,582.4997559091877,Flag / decline,0,Known good,0
RETRO-2025-001095,2025-01-25,4000.0,2254.31,0.014,4,0.3557,0,104,car,0.0368279004251367,581.3013271207903,Flag / decline,0,Known good,0
RETRO-2025-001096,2025-04-26,17000.0,721.69,0.0413,1,0.6094,0,87,home_improvement,0.0318734355867864,585.6182607399802,Flag / decline,0,Known good,0
RETRO-2025-001097,2025-01-30,7200.0,3893.11,0.0739,2,0.3448,0,20,major_purchase,0.0380018077269556,580.3607607923822,Flag / decline,0,Known good,0
RETRO-2025-001098,2025-04-11,5600.0,1499.16,0.1608,2,0.4914,0,75,major_purchase,0.0369182896606887,581.2278878510557,Flag / decline,0,Known good,0
RETRO-2025-001099,2025-06-12,10000.0,1072.7,0.0303,0,0.2589,0,56,major_purchase,0.022458483672058,595.9993871123289,Accept,0,Known good,0
RETRO-2025-001100,2025-02-09,6700.0,2089.44,0.0288,2,0.4406,0,38,major_purchase,0.0359303534898759,582.040122997323,Flag / decline,0,Known good,0
RETRO-2025-001101,2025-05-01,9800.0,1025.43,0.042,1,0.3284,0,39,car,0.0289642885366134,588.4664206281293,Flag / decline,0,Known good,0
RETRO-2025-001102,2025-05-02,8000.0,558.73,0.0539,0,0.2364,1,33,major_purchase,0.041419867293062,577.7729602637937,Flag / decline,0,Known good,0
RETRO-2025-001103,2025-03-26,9200.0,0.29,0.1204,1,0.2628,0,28,major_purchase,0.0491082429502666,572.6277564801669,Flag / decline,0,Known good,0
RETRO-2025-001104,2025-03-02,12400.0,688.24,0.064,1,0.2533,1,37,home_improvement,0.0472955381844758,573.7679312620111,Flag / decline,0,Known good,0
RETRO-2025-001105,2025-03-25,3100.0,1983.06,0.093,4,0.1675,0,99,car,0.0338308544853016,583.8401613954472,Flag / decline,0,Known good,0
RETRO-2025-001106,2025-05-15,8200.0,2379.79,0.0553,1,0.711,0,9,car,0.0494547628637865,572.4143544503398,Flag / decline,0,Known good,0
RETRO-2025-001107,2025-02-10,9500.0,1227.28,0.0894,3,0.3856,0,29,debt_consolidation,0.0426982918471838,576.857344659737,Flag / decline,0,Known good,0
RETRO-2025-001108,2025-03-25,7000.0,1140.05,0.1993,0,0.2631,0,58,car,0.0253255730402033,592.4479476817663,Flag / decline,0,Known good,0
RETRO-2025-001109,2025-04-04,1800.0,1752.76,0.1573,3,0.2418,0,56,debt_consolidation,0.0360835933219774,581.9127385744537,Flag / decline,0,Known good,0
RETRO-2025-001110,2025-06-24,1500.0,2047.71,0.0421,1,0.1997,1,132,other,0.0365193462441928,581.5533332863345,Flag / decline,0,Known good,0
RETRO-2025-001111,2025-06-12,6400.0,109.05,0.5905,2,0.5192,0,7,car,0.113816218877245,546.3408715201314,Flag / decline,0,Known good,0
RETRO-2025-001112,2025-02-03,5300.0,283.27,0.0882,1,0.4503,0,56,major_purchase,0.0311588563340008,586.2937951408671,Flag / decline,0,Known good,0
RETRO-2025-001113,2025-06-07,7300.0,2466.17,0.0935,2,0.81,0,36,major_purchase,0.0507386582209072,571.6358373683404,Flag / decline,0,Known good,0
RETRO-2025-001114,2025-02-09,13800.0,1047.75,0.0294,2,0.1281,0,134,car,0.0228929893292789,595.4336523374243,Accept,0,Known good,0
RETRO-2025-001115,2025-06-09,5900.0,455.53,0.1116,0,0.0635,0,64,debt_consolidation,0.0199241452798893,599.5289496566212,Accept,0,Known good,0
RETRO-2025-001116,2025-06-11,2600.0,1706.49,0.0121,2,0.4771,1,9,car,0.0759915629577855,559.2027735841506,Flag / decline,0,Known good,0
RETRO-2025-001117,2025-02-20,4000.0,1099.45,0.086,0,0.506,0,126,debt_consolidation,0.0250182792185145,592.8092902648384,Flag / decline,0,Known good,0
RETRO-2025-001118,2025-06-04,6800.0,951.87,0.1733,2,0.2449,0,40,home_improvement,0.0338408633402187,583.8313273259489,Flag / decline,0,Known good,0
RETRO-2025-001119,2025-05-05,5500.0,-471.36,0.229,0,0.5749,0,9,debt_consolidation,0.0701685275711752,561.684341487814,Flag / decline,0,Known good,0
RETRO-2025-001120,2025-01-26,13600.0,2301.45,0.0075,2,0.2314,1,34,car,0.0515118868687613,571.1759242350813,Flag / decline,0,Known good,0
RETRO-2025-001121,2025-04-29,7900.0,1279.03,0.1038,1,0.1106,0,64,debt_consolidation,0.0235053565977924,594.6538893517175,Accept,0,Known good,0
RETRO-2025-001122,2025-04-23,2000.0,-14.35,0.3902,1,0.5821,0,109,major_purchase,0.0615978683819223,565.7079553771748,Flag / decline,0,Known good,0
RETRO-2025-001123,2025-04-25,10000.0,2737.19,0.1077,1,0.0627,0,42,debt_consolidation,0.0242653308344782,593.7132853039611,Accept,0,Known good,0
RETRO-2025-001124,2025-06-16,13800.0,465.09,0.1964,0,0.6922,0,125,car,0.0314788868228887,585.9894175990238,Flag / decline,0,Known good,0
RETRO-2025-001125,2025-06-13,4500.0,851.5,0.2352,0,0.5811,0,48,car,0.0345199358116562,583.2377718614727,Flag / decline,1,Indeterminate,0
RETRO-2025-001126,2025-05-30,22000.0,2072.82,0.0118,0,0.2169,0,88,major_purchase,0.0199152948131345,599.5420302015023,Accept,0,Known good,0
RETRO-2025-001127,2025-04-11,3600.0,2562.34,0.0728,0,0.8145,0,55,major_purchase,0.0361945075269806,581.8208628214591,Flag / decline,0,Known good,0
RETRO-2025-001128,2025-06-25,6700.0,27.83,0.2132,0,0.2239,0,104,car,0.0363448571150906,581.6967524420018,Flag / decline,0,Known good,0
RETRO-2025-001129,2025-01-16,7100.0,1932.42,0.0589,2,0.1352,0,71,debt_consolidation,0.0260607506155615,591.6005010528122,Flag / decline,0,Known good,0
RETRO-2025-001130,2025-04-24,2700.0,933.19,0.0829,1,0.5325,0,78,debt_consolidation,0.0314342078681623,586.0317309525857,Flag / decline,0,Known good,0
RETRO-2025-001131,2025-03-21,9400.0,2952.44,0.0255,0,0.3252,0,31,debt_consolidation,0.0259353597346775,591.7433807834594,Flag / decline,0,Known good,0
RETRO-2025-001132,2025-01-21,5200.0,1166.52,0.1076,0,0.0256,0,36,car,0.021132047489707,597.7950720800615,Accept,0,Known good,0
RETRO-2025-001133,2025-04-29,4200.0,28.18,0.1986,2,0.5405,0,39,education,0.0263497424607124,591.2737336483203,Flag / decline,0,Known good,0
RETRO-2025-001134,2025-01-29,7000.0,2741.92,0.0493,2,0.2799,0,27,home_improvement,0.033858836323657,583.8154702412289,Flag / decline,0,Known good,0
RETRO-2025-001135,2025-06-04,3700.0,1243.98,0.1641,2,0.3251,0,47,debt_consolidation,0.0349286965804031,582.8858927271999,Flag / decline,0,Known good,0
RETRO-2025-001136,2025-03-14,7900.0,170.53,0.2764,4,0.0297,0,72,education,0.0135007085175032,610.9470959593074,Accept,0,Known good,0
RETRO-2025-001137,2025-01-17,4200.0,3382.43,0.0358,2,0.4169,0,86,car,0.0311272493014564,586.3240202205394,Flag / decline,0,Known good,0
RETRO-2025-001138,2025-05-16,4100.0,1502.65,0.0599,1,0.7221,0,13,education,0.0177310574476117,602.9582282244122,Accept,0,Known good,0
RETRO-2025-001139,2025-04-09,3100.0,2110.64,0.03,2,0.3451,0,77,debt_consolidation,0.0297958677532217,587.6249593049874,Flag / decline,0,Known good,0
RETRO-2025-001140,2025-02-18,10100.0,-512.99,0.4329,0,0.2383,0,77,major_purchase,0.0450831673556757,575.2171623417945,Flag / decline,0,Known good,0
RETRO-2025-001141,2025-04-16,11500.0,1711.11,0.1209,0,0.2203,0,80,car,0.0219530160869314,596.6711302821914,Accept,0,Known good,0
RETRO-2025-001142,2025-04-21,4600.0,3141.8,0.023,4,0.3814,0,123,debt_consolidation,0.0368278671715535,581.3013541704821,Flag / decline,0,Known good,0
RETRO-2025-001143,2025-06-30,7400.0,-95.35,0.2452,0,0.3143,0,70,home_improvement,0.0425267377876455,576.9786782878965,Flag / decline,2,Indeterminate,0
RETRO-2025-001144,2025-06-01,4800.0,1104.06,0.1517,1,0.7263,0,112,home_improvement,0.0363562119940118,581.6873993079452,Flag / decline,0,Known good,0
RETRO-2025-001145,2025-05-17,8100.0,1414.99,0.03,3,0.5928,1,30,home_improvement,0.0799622954826893,557.608900061464,Flag / decline,0,Known good,0
RETRO-2025-001146,2025-03-29,6600.0,1624.71,0.1234,2,0.1748,0,50,car,0.029804766626936,587.616078392993,Flag / decline,0,Known good,0
RETRO-2025-001147,2025-04-15,5700.0,529.51,0.1049,3,0.9199,0,171,debt_consolidation,0.0496843262677333,572.2737585506403,Flag / decline,0,Known good,0
RETRO-2025-001148,2025-04-30,6900.0,565.84,0.2633,0,0.7182,0,23,education,0.0164154740999114,605.2212905168685,Accept,0,Known good,0
RETRO-2025-001149,2025-04-18,1300.0,701.87,0.1845,2,0.2969,1,74,car,0.0544074974499965,569.5097006131667,Flag / decline,0,Known good,0
RETRO-2025-001150,2025-06-20,2800.0,-447.92,0.4419,1,0.5106,0,45,home_improvement,0.0692547240012678,562.0909162042444,Flag / decline,0,Known good,0
RETRO-2025-001151,2025-01-01,4200.0,769.34,0.2899,0,0.2572,0,82,car,0.025456678864382,592.2950801903361,Flag / decline,0,Known good,0
RETRO-2025-001152,2025-06-17,3200.0,545.92,0.2797,3,0.3873,0,112,car,0.0395766956661375,579.1418230308559,Flag / decline,0,Known good,0
RETRO-2025-001153,2025-03-15,15700.0,2191.17,0.1065,0,0.3317,0,103,debt_consolidation,0.0228090404727453,595.5421332969966,Accept,0,Known good,0
RETRO-2025-001154,2025-06-22,12100.0,1340.96,0.0196,0,0.315,0,80,debt_consolidation,0.0220113306402743,596.5928658682119,Accept,0,Known good,0
RETRO-2025-001155,2025-04-23,13600.0,1322.1,0.0905,0,0.5142,0,121,debt_consolidation,0.025431332603119,592.3245736822887,Flag / decline,0,Known good,0
RETRO-2025-001156,2025-04-30,6200.0,969.69,0.1777,2,0.6515,0,39,car,0.0469806491082328,573.9702153345959,Flag / decline,0,Known good,0
RETRO-2025-001157,2025-06-02,4600.0,425.12,0.0274,2,0.3324,0,103,debt_consolidation,0.0280963343425447,589.3700661849415,Flag / decline,0,Known good,0
RETRO-2025-001158,2025-03-12,3700.0,1660.03,0.0439,0,0.284,0,88,major_purchase,0.0215171369011717,597.2626473088869,Accept,0,Known good,0
RETRO-2025-001159,2025-04-06,11600.0,1994.81,0.0358,0,0.5035,0,93,debt_consolidation,0.0252883233335475,592.4915209185297,Flag / decline,0,Known good,0
RETRO-2025-001160,2025-04-26,3300.0,1657.29,0.0671,4,0.2573,0,107,debt_consolidation,0.0352227043746816,582.6352435772421,Flag / decline,0,Known good,0
RETRO-2025-001161,2025-02-06,3900.0,1564.39,0.0664,0,0.0,0,10,car,0.0244975469206956,593.4316022941351,Accept,0,Known good,0
RETRO-2025-001162,2025-03-24,14300.0,-60.76,0.0684,1,0.7626,1,43,major_purchase,0.1077054815218879,548.1314422341184,Flag / decline,4,Known bad,1
RETRO-2025-001163,2025-02-25,3500.0,925.07,0.3527,1,0.6079,0,25,debt_consolidation,0.0483431984962528,573.1040072255043,Flag / decline,4,Known bad,1
RETRO-2025-001164,2025-05-02,8200.0,895.94,0.0944,2,0.5795,0,35,debt_consolidation,0.0425620742734237,576.9536479444033,Flag / decline,0,Known good,0
RETRO-2025-001165,2025-05-12,10900.0,1210.01,0.041,1,0.6009,0,58,debt_consolidation,0.0337661930204359,583.8972940986994,Flag / decline,0,Known good,0
RETRO-2025-001166,2025-04-28,5200.0,411.39,0.2809,2,0.6608,0,48,car,0.0492840450712007,572.5193120912487,Flag / decline,0,Known good,0
RETRO-2025-001167,2025-02-22,6800.0,1179.32,0.0982,0,0.3182,0,50,major_purchase,0.0251941584684911,592.6019506626446,Flag / decline,0,Known good,0
RETRO-2025-001168,2025-05-26,10500.0,1946.32,0.0349,1,0.4036,0,53,other,0.0291444705199873,588.2821268230975,Flag / decline,0,Known good,0
RETRO-2025-001169,2025-04-20,11500.0,1649.15,0.049,1,0.1369,0,11,car,0.0303761659793968,587.0511455925488,Flag / decline,0,Known good,0
RETRO-2025-001170,2025-03-11,8700.0,1534.37,0.0687,1,0.4275,0,11,debt_consolidation,0.0388038597251652,579.7340519896935,Flag / decline,0,Known good,0
RETRO-2025-001171,2025-01-05,7200.0,-880.04,0.8466,2,0.3987,1,97,major_purchase,0.13774719249104,540.0446363340515,Flag / decline,0,Known good,0
RETRO-2025-001172,2025-04-18,7300.0,-583.13,0.3811,0,0.457,0,64,car,0.053090050502574,570.2571524830533,Flag / decline,0,Known good,0
RETRO-2025-001173,2025-01-31,1600.0,-671.75,0.5776,1,0.2049,0,37,home_improvement,0.061980670878194,565.5174237212403,Flag / decline,4,Known bad,1
RETRO-2025-001174,2025-05-08,7200.0,1371.3,0.0424,1,0.5148,0,37,car,0.0338905844997566,583.7874795061258,Flag / decline,0,Known good,0
RETRO-2025-001175,2025-03-22,4300.0,1412.99,0.0847,2,0.5251,0,73,car,0.0360641981307288,581.9288324939214,Flag / decline,0,Known good,0
RETRO-2025-001176,2025-06-30,2300.0,719.66,0.2491,0,0.4176,0,27,other,0.0335158540355134,584.119485512528,Flag / decline,0,Known good,0
RETRO-2025-001177,2025-05-08,6000.0,1877.13,0.0128,1,0.4839,0,72,car,0.029122464800289,588.3045753796354,Flag / decline,0,Known good,0
RETRO-2025-001178,2025-02-23,8100.0,-130.88,0.2279,2,0.2413,0,117,car,0.0474276575887366,573.6834389918552,Flag / decline,0,Known good,0
RETRO-2025-001179,2025-02-16,16800.0,2852.79,0.0988,1,0.1916,0,8,debt_consolidation,0.0344493462889629,583.2989448967576,Flag / decline,0,Known good,0
RETRO-2025-001180,2025-02-03,4000.0,1083.14,0.0688,2,0.3649,1,96,debt_consolidation,0.0507744625502837,571.6143951207002,Flag / decline,0,Known good,0
RETRO-2025-001181,2025-03-25,8800.0,4034.0,0.0682,2,0.298,0,33,home_improvement,0.0337425815541201,583.9181827185406,Flag / decline,0,Known good,0
RETRO-2025-001182,2025-06-12,14800.0,1768.19,0.0507,1,0.71,0,63,car,0.0365924888337193,581.4934106649856,Flag / decline,0,Known good,0
RETRO-2025-001183,2025-06-23,8200.0,1062.15,0.0753,0,0.2651,0,55,car,0.0233866763257462,594.8034504521287,Accept,0,Known good,0
RETRO-2025-001184,2025-04-28,10700.0,2943.82,0.0338,0,0.175,0,57,education,0.0077098027240308,627.2813631202157,Accept,0,Known good,0
RETRO-2025-001185,2025-02-11,22800.0,1768.81,0.0446,3,0.2202,0,149,car,0.0279672228984496,589.5067972822116,Flag / decline,0,Known good,0
RETRO-2025-001186,2025-02-04,7600.0,112.46,0.2195,0,0.4636,0,17,car,0.0583610855548752,567.364782587374,Flag / decline,0,Known good,0
RETRO-2025-001187,2025-05-11,6300.0,1151.32,0.1327,0,0.3794,0,88,home_improvement,0.0247754900117153,593.0978539771293,Accept,0,Known good,0
RETRO-2025-001188,2025-03-29,7700.0,1827.26,0.0881,0,0.318,0,34,car,0.0265885020321512,591.0063844280945,Flag / decline,0,Known good,0
RETRO-2025-001189,2025-03-29,8900.0,463.81,0.1648,1,0.1413,0,132,home_improvement,0.0224017315685714,596.0740676694776,Accept,0,Known good,0
RETRO-2025-001190,2025-06-26,4300.0,411.41,0.0681,0,0.3286,0,73,debt_consolidation,0.0233928127397151,594.7956991899267,Accept,0,Known good,0
RETRO-2025-001191,2025-04-09,5700.0,440.28,0.0835,0,0.395,0,32,debt_consolidation,0.0284545248808792,588.9939068085775,Flag / decline,0,Known good,0
RETRO-2025-001192,2025-03-20,15900.0,2463.55,0.0394,3,0.0,0,20,car,0.0321547846080615,585.3562963930916,Flag / decline,0,Known good,0
RETRO-2025-001193,2025-05-25,6000.0,3234.34,0.0375,3,0.6971,0,71,debt_consolidation,0.0457074516487013,574.8014825305866,Flag / decline,7,Known bad,1
RETRO-2025-001194,2025-01-02,8200.0,1224.95,0.1905,2,0.1257,0,63,other,0.0289899282655521,588.4401280315528,Flag / decline,0,Known good,0
RETRO-2025-001195,2025-05-19,6700.0,1631.76,0.042,1,0.0482,0,18,debt_consolidation,0.0261290374096599,591.5229711356243,Flag / decline,0,Known good,0
RETRO-2025-001196,2025-02-07,27300.0,633.48,0.0681,1,0.3371,0,29,home_improvement,0.0311386595862853,586.313105402388,Flag / decline,0,Known good,0
RETRO-2025-001197,2025-02-09,9700.0,965.22,0.0869,0,0.4614,0,47,debt_consolidation,0.0283019981899371,589.1535198558631,Flag / decline,0,Known good,0
RETRO-2025-001198,2025-02-08,11800.0,3648.4,0.0746,0,0.5913,0,31,debt_consolidation,0.03322663847593,584.3781856627263,Flag / decline,6,Known bad,1
RETRO-2025-001199,2025-01-15,6800.0,652.7,0.1396,1,0.4268,0,64,debt_consolidation,0.0310639193624101,586.3846706796435,Flag / decline,0,Known good,0
RETRO-2025-001200,2025-05-24,6500.0,915.44,0.1773,2,0.2833,0,116,home_improvement,0.0295273420465436,587.8941595303488,Flag / decline,0,Known good,0
RETRO-2025-001201,2025-02-12,5500.0,1234.34,0.1292,0,0.6948,1,47,home_improvement,0.0591602456903028,566.9478576481015,Flag / decline,7,Known bad,1
RETRO-2025-001202,2025-02-13,7100.0,1153.03,0.0375,1,0.1927,0,128,car,0.0213935312271618,597.4325218052833,Accept,0,Known good,0
RETRO-2025-001203,2025-03-20,14000.0,-348.87,0.4991,0,0.439,0,126,debt_consolidation,0.0511509163474168,571.3898092316965,Flag / decline,0,Known good,0
RETRO-2025-001204,2025-04-03,7700.0,770.1,0.0986,0,0.369,0,82,car,0.0242451320137709,593.7379110229421,Accept,0,Known good,0
RETRO-2025-001205,2025-02-24,30000.0,1203.66,0.0908,0,0.4115,0,88,major_purchase,0.0246623726184631,593.2332404198435,Accept,0,Known good,0
RETRO-2025-001206,2025-04-11,5200.0,635.6,0.0635,1,0.2915,0,78,home_improvement,0.0255683319257472,592.1654976571707,Flag / decline,0,Known good,0
RETRO-2025-001207,2025-01-08,17200.0,417.95,0.0301,1,0.2745,1,82,car,0.0414372684765314,577.7603170080072,Flag / decline,0,Known good,0
RETRO-2025-001208,2025-06-13,10800.0,1718.15,0.0738,1,0.5335,0,83,home_improvement,0.0309449401514464,586.4989402503483,Flag / decline,0,Known good,0
RETRO-2025-001209,2025-01-15,5000.0,274.63,0.1556,0,0.3685,0,111,education,0.0088533363349482,623.2575464837988,Accept,0,Known good,0
RETRO-2025-001210,2025-03-10,3300.0,3792.84,0.0091,3,0.3641,0,12,car,0.0453307218373269,575.0516760756509,Flag / decline,0,Known good,0
RETRO-2025-001211,2025-05-20,3600.0,-175.75,0.0451,2,0.2999,0,59,debt_consolidation,0.0486002466316999,572.943198426554,Flag / decline,0,Known good,0
RETRO-2025-001212,2025-02-23,14600.0,-574.9,0.5576,1,0.5172,0,64,home_improvement,0.0714427305238168,561.125511527295,Flag / decline,0,Known good,0
RETRO-2025-001213,2025-03-11,30000.0,706.06,0.0191,1,0.1722,0,175,other,0.0197335536890923,599.8119012311995,Accept,0,Known good,0
RETRO-2025-001214,2025-05-12,7000.0,494.01,0.0496,2,0.6062,0,135,car,0.0339985490052152,583.6924817011159,Flag / decline,0,Known good,0
RETRO-2025-001215,2025-04-29,6400.0,1630.11,0.0778,2,0.0951,0,63,debt_consolidation,0.0260796384694422,591.5790368265097,Flag / decline,0,Known good,0
RETRO-2025-001216,2025-06-12,4700.0,1509.41,0.0532,0,0.2868,0,42,debt_consolidation,0.0244515907327994,593.4871409046793,Accept,0,Known good,0
RETRO-2025-001217,2025-04-08,10400.0,-300.66,0.3637,0,0.5471,0,194,major_purchase,0.0472568456323553,573.79271817424,Flag / decline,0,Known good,0
RETRO-2025-001218,2025-05-07,3000.0,199.1,0.2615,2,0.3262,0,237,other,0.028931710892986,588.4998603918722,Flag / decline,4,Known bad,1
RETRO-2025-001219,2025-01-30,9100.0,403.3,0.0616,1,0.4702,0,238,home_improvement,0.0246005638002619,593.3074732737122,Accept,0,Known good,0
RETRO-2025-001220,2025-03-26,5300.0,1917.9,0.1759,0,0.0896,0,150,debt_consolidation,0.01856974035612,601.6000803027371,Accept,0,Known good,0
RETRO-2025-001221,2025-04-15,7500.0,240.35,0.2105,1,0.2072,0,81,other,0.0264167879702089,591.1984227402195,Flag / decline,0,Known good,0
RETRO-2025-001222,2025-02-11,8900.0,1235.18,0.1286,0,0.5491,0,62,car,0.0299294433572352,587.4919228278175,Flag / decline,0,Known good,0
RETRO-2025-001223,2025-03-15,2600.0,1089.39,0.189,3,0.5121,0,131,car,0.0399332801460314,578.8722998757108,Flag / decline,0,Known good,0
RETRO-2025-001224,2025-01-15,5000.0,553.77,0.1185,1,0.3395,0,33,car,0.0316997982577659,585.7810528257385,Flag / decline,0,Known good,0
RETRO-2025-001225,2025-04-29,10200.0,1029.48,0.1315,1,0.0722,0,22,car,0.0275441015030669,589.9592265404345,Flag / decline,0,Known good,0
RETRO-2025-001226,2025-06-10,3200.0,1149.06,0.0169,0,0.3486,0,66,major_purchase,0.0232805521608281,594.937817042606,Accept,0,Known good,0
RETRO-2025-001227,2025-02-20,12100.0,2895.14,0.0498,1,0.2519,0,80,car,0.0244252127458379,593.5190650095388,Accept,0,Known good,0
RETRO-2025-001228,2025-06-14,18800.0,719.19,0.1722,2,0.4563,0,66,debt_consolidation,0.0369421754609257,581.2085100473271,Flag / decline,0,Known good,0
RETRO-2025-001229,2025-06-15,3700.0,1030.74,0.06,3,0.4556,0,69,education,0.0143331364405564,609.1963537968641,Accept,0,Known good,0
RETRO-2025-001230,2025-04-15,9200.0,2966.11,0.0812,1,0.3483,0,80,car,0.0269923575480469,590.559441051305,Flag / decline,0,Known good,0
RETRO-2025-001231,2025-03-24,12700.0,1027.51,0.1128,1,0.3148,0,14,debt_consolidation,0.0353341892729308,582.5407266732853,Flag / decline,0,Known good,0
RETRO-2025-001232,2025-06-23,4600.0,4390.07,0.0419,4,0.378,0,76,car,0.0401917940783552,578.6783414970705,Flag / decline,0,Known good,0
RETRO-2025-001233,2025-05-16,8000.0,1623.23,0.0459,2,0.4254,0,86,debt_consolidation,0.0315670437012405,585.9060984891,Flag / decline,0,Known good,0
RETRO-2025-001234,2025-06-24,6600.0,2650.42,0.0185,1,0.352,0,65,home_improvement,0.0267509115939443,590.8258587629213,Flag / decline,0,Known good,0
RETRO-2025-001235,2025-05-13,5100.0,1665.19,0.0699,1,0.8724,0,23,debt_consolidation,0.0493213810964419,572.4963284114519,Flag / decline,0,Known good,0
RETRO-2025-001236,2025-03-19,4600.0,-774.26,1.1082,1,0.102,1,79,debt_consolidation,0.1206713060809098,544.4292738538264,Flag / decline,0,Known good,0
RETRO-2025-001237,2025-05-04,16900.0,2108.83,0.0757,0,0.1679,0,69,education,0.0076625426936089,627.460152084006,Accept,0,Known good,0
RETRO-2025-001238,2025-05-10,3300.0,1413.91,0.0696,1,0.4738,0,141,home_improvement,0.0270112899146374,590.5386486651137,Flag / decline,0,Known good,0
RETRO-2025-001239,2025-04-16,4500.0,3336.2,0.0271,2,0.3751,0,26,debt_consolidation,0.0361515873783589,581.8563835312939,Flag / decline,0,Known good,0
RETRO-2025-001240,2025-06-03,6600.0,-74.22,0.2257,3,0.1706,0,75,car,0.0546735680718946,569.3608193712142,Flag / decline,0,Known good,0
RETRO-2025-001241,2025-01-29,3900.0,1020.33,0.1059,1,0.0849,0,56,debt_consolidation,0.0235601987508515,594.5850259675393,Accept,0,Known good,0
RETRO-2025-001242,2025-02-16,4700.0,2053.59,0.0416,2,0.4506,0,169,car,0.0288028298886333,588.6325111803285,Flag / decline,0,Known good,0
RETRO-2025-001243,2025-03-20,10600.0,1115.75,0.0905,1,0.3626,0,81,home_improvement,0.0274319952538136,590.0802295268008,Flag / decline,0,Known good,0
RETRO-2025-001244,2025-03-24,1600.0,692.08,0.2159,0,0.1693,0,119,car,0.0211688082172293,597.743838627088,Accept,0,Known good,0
RETRO-2025-001245,2025-06-30,8400.0,4219.08,0.0608,5,0.5525,0,50,debt_consolidation,0.0567517930799294,568.2208676477729,Flag / decline,5,Known bad,1
RETRO-2025-001246,2025-03-04,4600.0,2585.03,0.0588,0,0.4313,1,46,home_improvement,0.0460041852005817,574.6057945369412,Flag / decline,0,Known good,0
RETRO-2025-001247,2025-03-08,12400.0,6623.89,0.0535,0,0.1242,0,40,home_improvement,0.0216294890551302,597.109064797793,Accept,0,Known good,0
RETRO-2025-001248,2025-05-20,12800.0,437.09,0.0735,2,0.3125,0,110,home_improvement,0.028286690902612,589.169584400181,Flag / decline,0,Known good,0
RETRO-2025-001249,2025-02-13,4200.0,243.7,0.2486,2,0.2978,1,100,major_purchase,0.0543319207119527,569.5521151139476,Flag / decline,0,Known good,0
RETRO-2025-001250,2025-06-01,18800.0,1240.62,0.1322,1,0.321,0,44,debt_consolidation,0.0301442358003793,587.2791991403437,Flag / decline,0,Known good,0
RETRO-2025-001251,2025-05-24,5600.0,453.5,0.1242,2,0.522,1,158,debt_consolidation,0.0551693744841247,569.0852002127451,Flag / decline,0,Known good,0
RETRO-2025-001252,2025-02-02,18000.0,2289.83,0.0869,1,0.2099,0,31,home_improvement,0.0282194949783479,589.2402045281771,Flag / decline,0,Known good,0
RETRO-2025-001253,2025-06-05,16700.0,1142.51,0.058,2,0.5799,0,37,major_purchase,0.0411299773808033,577.9843378804868,Flag / decline,0,Known good,0
RETRO-2025-001254,2025-05-08,17700.0,1005.04,0.0388,1,0.422,0,86,debt_consolidation,0.0274477006758267,590.0632488113522,Flag / decline,0,Known good,0
RETRO-2025-001255,2025-05-28,4500.0,1944.9,0.1136,0,0.3881,0,62,home_improvement,0.0260319529840142,591.6332559437468,Flag / decline,0,Known good,0
RETRO-2025-001256,2025-02-25,8300.0,1877.93,0.0576,1,0.5532,0,58,major_purchase,0.0328991929677316,584.6737197890964,Flag / decline,0,Known good,0
RETRO-2025-001257,2025-03-25,3900.0,3075.11,0.0535,1,0.3167,0,2,home_improvement,0.0439301924410374,575.9995009279642,Flag / decline,0,Known good,0
RETRO-2025-001258,2025-05-12,13500.0,-705.91,0.6995,1,0.0886,0,34,debt_consolidation,0.0624803417422741,565.2703700485087,Flag / decline,0,Known good,0
RETRO-2025-001259,2025-03-07,4400.0,318.24,0.2003,1,0.3749,0,43,home_improvement,0.0331647199666541,584.4338535842555,Flag / decline,0,Known good,0
RETRO-2025-001260,2025-02-03,9500.0,1061.36,0.0755,2,0.8899,0,53,debt_consolidation,0.0502175327993195,571.9495575864808,Flag / decline,0,Known good,0
RETRO-2025-001261,2025-06-28,12100.0,1581.31,0.028,0,0.3632,0,42,major_purchase,0.0255266185636086,592.2138448376953,Flag / decline,0,Known good,0
RETRO-2025-001262,2025-05-23,9400.0,923.76,0.0962,0,0.18,0,39,major_purchase,0.0234276566582824,594.751723398238,Accept,0,Known good,0
RETRO-2025-001263,2025-05-03,16100.0,-66.74,0.3559,1,0.1122,0,99,debt_consolidation,0.0423106774366731,577.1321567453076,Flag / decline,0,Known good,0
RETRO-2025-001264,2025-01-31,13900.0,1395.75,0.1399,0,0.2087,0,5,home_improvement,0.0336713026064931,583.9813275423577,Flag / decline,0,Known good,0
RETRO-2025-001265,2025-02-02,7000.0,328.19,0.0945,0,0.4908,0,44,major_purchase,0.0294404258242014,587.9818027327002,Flag / decline,0,Known good,0
RETRO-2025-001266,2025-01-01,4900.0,723.37,0.1289,2,0.6725,0,54,education,0.0163516864009816,605.3355013835908,Accept,0,Known good,0
RETRO-2025-001267,2025-04-07,6100.0,541.15,0.0695,0,0.6695,0,30,debt_consolidation,0.0354075829475461,582.478660208146,Flag / decline,0,Known good,0
RETRO-2025-001268,2025-03-28,14700.0,245.34,0.1588,1,0.3108,0,43,home_improvement,0.0305890488548416,586.8433007481239,Flag / decline,4,Known bad,1
RETRO-2025-001269,2025-01-30,30000.0,2148.26,0.0119,0,0.4101,0,24,car,0.0286130239198967,588.8289214810088,Flag / decline,0,Known good,0
RETRO-2025-001270,2025-04-02,3300.0,295.0,0.1736,2,0.1296,0,45,debt_consolidation,0.030310080305515,587.1159543451549,Flag / decline,0,Known good,0
RETRO-2025-001271,2025-04-07,4500.0,138.59,0.2274,0,0.6309,0,33,debt_consolidation,0.0604328833610334,566.2946870012471,Flag / decline,0,Known good,0
RETRO-2025-001272,2025-01-30,9200.0,4350.43,0.0545,1,0.1809,0,43,debt_consolidation,0.0255743301017735,592.1585518878416,Flag / decline,0,Known good,0
RETRO-2025-001273,2025-04-14,16700.0,320.78,0.286,0,0.1985,0,162,home_improvement,0.0216890821380164,597.0279189316141,Accept,3,Known bad,1
RETRO-2025-001274,2025-03-28,4500.0,1644.5,0.0775,1,0.7617,0,48,debt_consolidation,0.040559780816877,578.4042993352076,Flag / decline,0,Known good,0
RETRO-2025-001275,2025-03-12,1100.0,1514.44,0.0579,0,0.8977,0,46,home_improvement,0.0393422214888077,579.3203212802379,Flag / decline,0,Known good,0
RETRO-2025-001276,2025-06-15,5700.0,1605.5,0.0349,1,0.2967,0,32,car,0.0289877256999074,588.442385795461,Flag / decline,0,Known good,0
RETRO-2025-001277,2025-05-19,5300.0,-141.19,0.1794,1,0.3934,0,96,home_improvement,0.0467925697265971,574.0916528516084,Flag / decline,0,Known good,0
RETRO-2025-001278,2025-06-02,4600.0,77.66,0.289,1,0.4677,0,192,car,0.0480288336021334,573.301780197693,Flag / decline,0,Known good,0
RETRO-2025-001279,2025-02-28,10500.0,3670.0,0.0275,1,0.3614,0,34,home_improvement,0.030073054595421,587.349531593255,Flag / decline,0,Known good,0
RETRO-2025-001280,2025-01-18,3000.0,689.03,0.0948,2,0.2777,0,25,car,0.0353398129989311,582.5359664932666,Flag / decline,0,Known good,0
RETRO-2025-001281,2025-02-28,2300.0,-783.48,0.2907,1,0.4933,0,49,other,0.0607363650450526,566.140829813252,Flag / decline,0,Known good,0
RETRO-2025-001282,2025-04-22,6100.0,-934.12,0.1706,1,0.2271,0,10,car,0.0576832576432865,567.7226267825815,Flag / decline,0,Known good,0
RETRO-2025-001283,2025-05-03,5100.0,519.87,0.0354,2,0.6467,1,39,debt_consolidation,0.0708856075865994,561.3687080112229,Flag / decline,0,Known good,0
RETRO-2025-001284,2025-01-14,9700.0,704.73,0.1839,2,0.9183,0,124,debt_consolidation,0.0485016734339578,573.0047699880616,Flag / decline,0,Known good,0
RETRO-2025-001285,2025-06-08,12000.0,434.88,0.3318,1,0.3816,0,57,debt_consolidation,0.0350379683741213,582.7924991617642,Flag / decline,0,Known good,0
RETRO-2025-001286,2025-04-16,7300.0,-434.82,0.4212,2,0.2276,0,7,debt_consolidation,0.0818287856207271,556.8845333219992,Flag / decline,0,Known good,0
RETRO-2025-001287,2025-01-05,4100.0,833.15,0.2112,2,0.7212,0,91,car,0.0444888054403272,575.6180463836854,Flag / decline,0,Known good,0
RETRO-2025-001288,2025-03-13,5500.0,445.68,0.0286,0,0.5365,0,16,debt_consolidation,0.034091059179029,583.6113133978956,Flag / decline,0,Known good,0
RETRO-2025-001289,2025-04-29,1600.0,2668.73,0.099,3,0.5736,0,126,debt_consolidation,0.0395612432594665,579.1535552386491,Flag / decline,0,Known good,0
RETRO-2025-001290,2025-01-06,25500.0,-40.74,0.3439,5,0.5088,1,89,major_purchase,0.1552096575042798,536.0103764843896,Flag / decline,0,Known good,0
RETRO-2025-001291,2025-06-14,8500.0,663.64,0.1059,1,0.4015,0,49,debt_consolidation,0.0310056867211484,586.4405452214767,Flag / decline,0,Known good,0
RETRO-2025-001292,2025-03-20,9400.0,203.43,0.3965,0,0.3649,0,47,car,0.0327438434345827,584.8149247580559,Flag / decline,0,Known good,0
RETRO-2025-001293,2025-05-02,10200.0,123.43,0.2932,1,0.5827,0,23,major_purchase,0.0730712051836535,560.4245484078327,Flag / decline,0,Known good,0
RETRO-2025-001294,2025-02-10,13600.0,-133.03,0.4813,3,0.5659,0,48,debt_consolidation,0.094317188008827,552.3911415475243,Flag / decline,0,Known good,0
RETRO-2025-001295,2025-01-16,1700.0,359.03,0.0638,1,0.5686,0,38,debt_consolidation,0.0357650868905482,582.1780925300775,Flag / decline,0,Known good,0
RETRO-2025-001296,2025-02-26,5800.0,359.63,0.1723,0,0.2012,0,60,education,0.0086488282933491,623.9378301175101,Accept,0,Known good,0
RETRO-2025-001297,2025-03-30,4400.0,1092.61,0.0525,0,0.6665,0,123,debt_consolidation,0.0278768881286455,589.602828264082,Flag / decline,0,Known good,0
RETRO-2025-001298,2025-06-06,3700.0,4083.34,0.0749,1,0.673,0,18,major_purchase,0.0439390621237753,575.9934081116346,Flag / decline,0,Known good,0
RETRO-2025-001299,2025-03-26,6000.0,-474.25,0.7261,1,0.1643,0,52,major_purchase,0.0632224503148409,564.9068291117901,Flag / decline,0,Known good,0
RETRO-2025-001300,2025-02-05,3800.0,2300.65,0.0074,1,0.1081,0,26,debt_consolidation,0.0252486759826718,592.5379675624049,Flag / decline,0,Known good,0
RETRO-2025-001301,2025-05-20,10800.0,2432.82,0.0615,2,0.1143,0,100,debt_consolidation,0.0242977273932717,593.6738302247518,Accept,0,Known good,0
RETRO-2025-001302,2025-05-08,7100.0,1226.92,0.0918,2,0.0602,0,83,debt_consolidation,0.0245075555320925,593.4195202359178,Accept,0,Known good,0
RETRO-2025-001303,2025-03-17,14500.0,2054.01,0.0617,3,0.4289,0,152,debt_consolidation,0.0333313933677512,584.2842333288681,Flag / decline,0,Known good,0
RETRO-2025-001304,2025-06-18,5800.0,177.82,0.4096,0,0.1496,0,38,debt_consolidation,0.0287944104138839,588.6411969551492,Flag / decline,0,Known good,0
RETRO-2025-001305,2025-04-29,1400.0,7251.34,0.0224,3,0.4441,0,19,debt_consolidation,0.0454875633583574,574.9472748926415,Flag / decline,0,Known good,0
RETRO-2025-001306,2025-04-04,23500.0,209.99,0.1221,2,0.0448,0,127,major_purchase,0.0230993512222121,595.1686283992358,Accept,0,Known good,0
RETRO-2025-001307,2025-02-21,6600.0,243.4,0.1021,1,0.6288,0,26,major_purchase,0.0408968258584963,578.1553809898356,Flag / decline,0,Known good,0
RETRO-2025-001308,2025-04-02,13100.0,2536.93,0.0298,1,0.6147,0,82,debt_consolidation,0.0320469270296333,585.4564597517344,Flag / decline,0,Known good,0
RETRO-2025-001309,2025-01-02,8500.0,596.82,0.0847,0,0.1151,0,16,car,0.0253587531156765,592.4091874732993,Flag / decline,0,Known good,0
RETRO-2025-001310,2025-02-02,5200.0,2823.96,0.0505,1,0.2585,0,75,home_improvement,0.0248239497534745,593.0400383591524,Accept,0,Known good,0
RETRO-2025-001311,2025-03-14,10300.0,3964.44,0.0401,1,0.308,0,60,debt_consolidation,0.0265697314750811,591.0273178636579,Flag / decline,0,Known good,0
RETRO-2025-001312,2025-01-27,30000.0,3394.08,0.0398,1,0.3653,0,48,car,0.0288177028918097,588.6171737763117,Flag / decline,0,Known good,0
RETRO-2025-001313,2025-02-02,5400.0,985.31,0.0381,0,0.3271,0,109,major_purchase,0.0214270802035753,597.3863198463793,Accept,0,Known good,0
RETRO-2025-001314,2025-03-26,4100.0,233.62,0.18,0,0.147,0,68,major_purchase,0.0221771497309078,596.3714213253725,Accept,0,Known good,0
RETRO-2025-001315,2025-02-07,3700.0,-416.09,0.3512,1,0.3465,0,14,car,0.0683033517694813,562.5195166486159,Flag / decline,0,Known good,0
RETRO-2025-001316,2025-01-08,11000.0,477.52,0.1576,2,0.6113,0,14,debt_consolidation,0.0524583193069732,570.6217945009989,Flag / decline,0,Known good,0
RETRO-2025-001317,2025-04-14,5500.0,835.84,0.0861,1,0.7406,1,31,debt_consolidation,0.0719560529303438,560.9029795777024,Flag / decline,0,Known good,0
RETRO-2025-001318,2025-06-08,7400.0,1575.97,0.0764,1,0.3644,0,97,debt_consolidation,0.0264158643919863,591.1994589138067,Flag / decline,0,Known good,0
RETRO-2025-001319,2025-05-26,2800.0,1101.08,0.0472,0,0.6163,0,89,debt_consolidation,0.0281047964484228,589.3611259978974,Flag / decline,0,Known good,0
RETRO-2025-001320,2025-05-08,5800.0,824.51,0.0529,0,0.6011,0,44,debt_consolidation,0.0311992149881579,586.2552441928788,Flag / decline,0,Known good,0
RETRO-2025-001321,2025-05-12,5100.0,5116.23,0.0292,0,0.3103,0,116,car,0.0207920027487786,598.2731703223416,Accept,0,Known good,0
RETRO-2025-001322,2025-04-07,4600.0,1281.79,0.175,1,0.7465,2,37,education,0.0481758184704996,573.2091567077006,Flag / decline,0,Known good,0
RETRO-2025-001323,2025-06-11,12500.0,2018.1,0.0618,0,0.7578,0,71,debt_consolidation,0.0329647131884086,584.6143582021334,Flag / decline,0,Known good,0
RETRO-2025-001324,2025-04-13,2900.0,953.54,0.0835,2,0.3541,0,65,debt_consolidation,0.0320431720205829,585.4599527585317,Flag / decline,0,Known good,0
RETRO-2025-001325,2025-04-13,9100.0,444.96,0.0917,2,0.1721,0,54,debt_consolidation,0.0287150847368306,588.7231528357886,Flag / decline,0,Known good,0
RETRO-2025-001326,2025-06-24,7900.0,2711.83,0.0865,1,0.2313,0,64,debt_consolidation,0.0255728089984719,592.1603131452687,Flag / decline,0,Known good,0
RETRO-2025-001327,2025-03-28,3400.0,1261.37,0.0634,0,0.2294,0,75,major_purchase,0.021432539236178,597.3788086359655,Accept,0,Known good,0
RETRO-2025-001328,2025-01-24,7000.0,1231.7,0.1247,0,0.2973,0,137,major_purchase,0.0214654486368569,597.3335674275029,Accept,0,Known good,0
RETRO-2025-001329,2025-05-13,13600.0,-784.73,0.5085,1,0.419,0,21,car,0.0758049805999997,559.2795315830781,Flag / decline,0,Known good,0
RETRO-2025-001330,2025-05-09,17700.0,1161.07,0.0711,2,0.6133,0,61,debt_consolidation,0.0394036119898743,579.2734881288709,Flag / decline,0,Known good,0
RETRO-2025-001331,2025-03-29,3000.0,1807.75,0.0964,0,0.4991,0,15,debt_consolidation,0.0350823322768512,582.754661846028,Flag / decline,0,Known good,0
RETRO-2025-001332,2025-01-02,3200.0,2114.42,0.0575,0,0.078,0,19,debt_consolidation,0.0235036781865179,594.655999346328,Accept,0,Known good,0
RETRO-2025-001333,2025-01-10,26000.0,3075.84,0.0982,0,0.3464,1,49,home_improvement,0.043819959909847,576.0753206189673,Flag / decline,0,Known good,0
RETRO-2025-001334,2025-06-04,4600.0,-487.06,0.2908,2,0.0,0,163,home_improvement,0.0389117840740976,579.6506727076885,Flag / decline,0,Known good,0
RETRO-2025-001335,2025-01-06,10700.0,367.39,0.2004,4,0.8355,0,259,car,0.0530136990625729,570.3010050392219,Flag / decline,0,Known good,0
RETRO-2025-001336,2025-04-12,16800.0,1617.05,0.1167,2,0.7828,0,42,debt_consolidation,0.0492997087945058,572.5096676520217,Flag / decline,0,Known good,0
RETRO-2025-001337,2025-03-22,4700.0,2982.46,0.0286,0,0.5172,0,127,car,0.0241858680995856,593.8102792146676,Accept,0,Known good,0
RETRO-2025-001338,2025-02-08,7300.0,1277.38,0.1235,3,0.5255,1,64,car,0.0722492620139164,560.7765259455631,Flag / decline,0,Known good,0
RETRO-2025-001339,2025-06-28,3100.0,1001.79,0.0321,1,0.2293,0,136,debt_consolidation,0.0217317076439839,596.9700108661896,Accept,0,Known good,0
RETRO-2025-001340,2025-01-20,10000.0,997.06,0.11,1,0.1409,0,26,home_improvement,0.0279142330359084,589.5630919149141,Flag / decline,0,Known good,0
RETRO-2025-001341,2025-03-19,6500.0,3172.22,0.0525,3,0.4307,0,25,debt_consolidation,0.0440946166173413,575.8867439729341,Flag / decline,0,Known good,0
RETRO-2025-001342,2025-05-21,8400.0,1437.35,0.0687,1,0.3502,0,184,home_improvement,0.0234154934958072,594.7670670180623,Accept,0,Known good,0
RETRO-2025-001343,2025-01-01,4300.0,1765.11,0.0453,4,0.7444,0,45,car,0.0582447498783583,567.4259212699204,Flag / decline,0,Known good,0
RETRO-2025-001344,2025-02-13,4500.0,386.77,0.0847,0,0.2927,0,45,home_improvement,0.0248591062879438,592.998163133602,Accept,0,Known good,0
RETRO-2025-001345,2025-03-01,6000.0,942.19,0.1039,3,0.273,0,73,debt_consolidation,0.0341324011868311,583.575108651401,Flag / decline,0,Known good,0
RETRO-2025-001346,2025-03-09,5500.0,2565.78,0.1031,2,0.5471,0,58,car,0.0385643796463687,579.9198651310187,Flag / decline,0,Known good,0
RETRO-2025-001347,2025-02-20,5800.0,2571.94,0.0179,2,0.2597,0,87,home_improvement,0.0270534301374393,590.4924191765892,Flag / decline,0,Known good,0
RETRO-2025-001348,2025-06-02,1400.0,-242.79,0.2269,0,0.3204,0,31,debt_consolidation,0.0479044282290795,573.3803856222952,Flag / decline,0,Known good,0
RETRO-2025-001349,2025-04-29,26500.0,1503.27,0.0203,1,0.3763,0,22,other,0.0324059608876095,585.1242914767043,Flag / decline,0,Known good,0
RETRO-2025-001350,2025-06-05,10000.0,253.16,0.1522,1,0.3149,0,126,debt_consolidation,0.0257099537987065,592.0019242826909,Flag / decline,0,Known good,0
RETRO-2025-001351,2025-02-11,11200.0,1633.89,0.0202,0,0.3922,0,114,debt_consolidation,0.0221261582877181,596.4393454986135,Accept,5,Known bad,1
RETRO-2025-001352,2025-01-26,5300.0,1143.78,0.1192,2,0.261,0,93,debt_consolidation,0.0288236343326496,588.6110592719909,Flag / decline,0,Known good,0
RETRO-2025-001353,2025-05-03,12700.0,1168.68,0.1401,1,0.5152,0,12,debt_consolidation,0.0431920620207276,576.5107014048185,Flag / decline,0,Known good,0
RETRO-2025-001354,2025-05-29,7200.0,341.28,0.0305,1,0.6873,0,126,car,0.0317103116537962,585.7711715871042,Flag / decline,0,Known good,0
RETRO-2025-001355,2025-06-07,10700.0,5235.4,0.0604,0,0.471,1,16,car,0.0558278800385367,568.7227202905216,Flag / decline,0,Known good,0
RETRO-2025-001356,2025-04-06,13000.0,1290.46,0.0834,0,0.5175,0,82,home_improvement,0.0270102964328222,590.5397393997305,Flag / decline,0,Known good,0
RETRO-2025-001357,2025-05-11,6300.0,1471.47,0.0286,1,0.2217,0,150,major_purchase,0.0212040859383466,597.6947538244781,Accept,0,Known good,0
RETRO-2025-001358,2025-06-10,3100.0,2160.84,0.0835,2,0.3903,0,11,education,0.0161730892227723,605.6576229716632,Accept,0,Known good,0
RETRO-2025-001359,2025-02-26,3100.0,-729.2,0.2413,0,0.0932,0,58,debt_consolidation,0.036688311097858,581.4150816678612,Flag / decline,0,Known good,0
RETRO-2025-001360,2025-06-17,14600.0,1577.01,0.1102,1,0.2833,0,53,home_improvement,0.027950578110427,589.5244689728082,Flag / decline,0,Known good,0
RETRO-2025-001361,2025-03-28,8600.0,1687.79,0.0474,1,0.6205,0,24,car,0.0395632004755584,579.1520689833915,Flag / decline,0,Known good,0
RETRO-2025-001362,2025-03-14,3900.0,3446.65,0.0038,1,0.3785,1,145,car,0.040322485938807,578.5807401901257,Flag / decline,0,Known good,0
RETRO-2025-001363,2025-06-09,6800.0,686.6,0.076,1,0.3453,0,31,car,0.0311933869422481,586.2608082119536,Flag / decline,0,Known good,0
RETRO-2025-001364,2025-01-12,7000.0,672.0,0.0575,1,0.4068,0,15,car,0.036155549707351,581.853102608184,Flag / decline,0,Known good,0
RETRO-2025-001365,2025-03-10,7700.0,1723.04,0.1272,0,0.2853,0,30,debt_consolidation,0.0271748554580484,590.359601239498,Flag / decline,0,Known good,0
RETRO-2025-001366,2025-03-16,9800.0,-548.25,0.1116,1,0.439,0,63,car,0.0493889119949892,572.454798942256,Flag / decline,0,Known good,0
RETRO-2025-001367,2025-06-21,7400.0,1515.32,0.0321,3,0.2037,0,87,debt_consolidation,0.0298282046651032,587.5926999561627,Flag / decline,0,Known good,0
RETRO-2025-001368,2025-05-11,3400.0,715.71,0.0856,1,0.3462,1,77,car,0.046057116682396,574.5710139349266,Flag / decline,0,Known good,0
RETRO-2025-001369,2025-05-06,10300.0,1768.96,0.105,1,0.2475,0,86,debt_consolidation,0.0250375793380602,592.7864685927701,Flag / decline,0,Known good,0
RETRO-2025-001370,2025-02-13,5200.0,1440.13,0.0389,2,0.4102,0,47,home_improvement,0.0341644173938476,583.5470999117108,Flag / decline,0,Known good,0
RETRO-2025-001371,2025-06-21,2400.0,959.26,0.045,3,0.4679,0,48,major_purchase,0.0408057839964587,578.2224240708535,Flag / decline,0,Known good,0
RETRO-2025-001372,2025-05-12,7500.0,808.1,0.0395,1,0.6949,0,48,debt_consolidation,0.0374455955849956,580.8028790818071,Flag / decline,0,Known good,0
RETRO-2025-001373,2025-04-12,5300.0,1508.59,0.0513,3,0.1907,0,40,other,0.0338708757216531,583.8048527430103,Flag / decline,5,Known bad,1
RETRO-2025-001374,2025-03-30,11600.0,1008.64,0.0916,0,0.3995,0,56,debt_consolidation,0.0262812613277564,591.3508498795513,Flag / decline,0,Known good,0
RETRO-2025-001375,2025-04-04,14500.0,2360.3,0.0646,1,0.6197,0,129,home_improvement,0.0306770693306524,586.7577724238893,Flag / decline,0,Known good,0
RETRO-2025-001376,2025-05-25,4500.0,176.12,0.2943,2,0.4716,0,50,debt_consolidation,0.0426170064886036,576.914776508489,Flag / decline,0,Known good,0
RETRO-2025-001377,2025-06-29,4300.0,-369.06,0.6098,1,0.0282,0,55,debt_consolidation,0.0519951680732512,570.8917751638919,Flag / decline,0,Known good,0
RETRO-2025-001378,2025-02-03,1800.0,585.99,0.1939,2,0.466,0,26,home_improvement,0.0437428943974573,576.128435672439,Flag / decline,0,Known good,0
RETRO-2025-001379,2025-04-28,10300.0,639.7,0.1346,1,0.2776,0,44,major_purchase,0.0291685243361131,588.2576077546546,Flag / decline,0,Known good,0
RETRO-2025-001380,2025-02-21,11600.0,3618.55,0.0298,2,0.0759,0,110,debt_consolidation,0.0226726647005213,595.7191957767386,Accept,0,Known good,0
RETRO-2025-001381,2025-06-17,10400.0,3042.81,0.0411,2,0.2897,0,69,other,0.0292450829175099,588.1796987064197,Flag / decline,0,Known good,0
RETRO-2025-001382,2025-06-10,4700.0,831.35,0.0513,0,0.318,0,80,major_purchase,0.0225777784403311,595.8430054330338,Accept,0,Known good,0
RETRO-2025-001383,2025-05-01,9600.0,1376.73,0.0797,1,0.5002,2,53,car,0.091065234615115,553.5069653930524,Flag / decline,0,Known good,0
RETRO-2025-001384,2025-04-16,6200.0,-157.6,0.5764,3,0.199,0,47,debt_consolidation,0.0765810663688792,558.9613893830756,Flag / decline,0,Known good,0
RETRO-2025-001385,2025-03-08,13200.0,858.16,0.0592,1,0.1568,0,33,home_improvement,0.0262503560971747,591.385716140371,Flag / decline,0,Known good,0
RETRO-2025-001386,2025-06-27,16400.0,917.76,0.0763,0,0.234,0,43,debt_consolidation,0.0237432153631393,594.3563450637595,Accept,0,Known good,0
RETRO-2025-001387,2025-04-18,5300.0,313.65,0.0299,0,0.212,1,50,car,0.0374215175718318,580.8221602519764,Flag / decline,0,Known good,0
RETRO-2025-001388,2025-06-04,5400.0,1246.95,0.0969,0,0.1274,0,63,education,0.0076428787508375,627.5348651207128,Accept,0,Known good,0
RETRO-2025-001389,2025-06-03,23400.0,31.38,0.117,1,0.5998,0,203,car,0.0467531113304395,574.1171889083431,Flag / decline,0,Known good,0
RETRO-2025-001390,2025-06-11,30000.0,6892.14,0.0152,0,0.6311,1,32,home_improvement,0.055156993248828,569.0920545012667,Flag / decline,0,Known good,0
RETRO-2025-001391,2025-02-16,7200.0,592.77,0.0719,1,0.9169,0,143,home_improvement,0.038406389235235,580.0430575919763,Flag / decline,0,Known good,0
RETRO-2025-001392,2025-06-10,5600.0,251.43,0.1364,2,0.403,0,150,home_improvement,0.0302647513728441,587.1604866172985,Flag / decline,0,Known good,0
RETRO-2025-001393,2025-01-13,3600.0,2144.55,0.0479,0,0.2042,0,44,car,0.0226260958045761,595.7798965062058,Accept,0,Known good,0
RETRO-2025-001394,2025-06-27,4800.0,840.52,0.125,3,0.3727,0,56,debt_consolidation,0.0391097850145142,579.4982781403606,Flag / decline,0,Known good,0
RETRO-2025-001395,2025-01-02,1900.0,462.81,0.1072,1,0.1695,0,54,other,0.0253859364692049,592.3774692922696,Flag / decline,0,Known good,0
RETRO-2025-001396,2025-05-11,20300.0,449.7,0.0809,2,0.7523,1,71,education,0.0274995352773095,590.0072721261088,Flag / decline,0,Known good,0
RETRO-2025-001397,2025-04-09,3000.0,983.23,0.2143,1,0.4592,0,6,debt_consolidation,0.0480888052665132,573.2639561957315,Flag / decline,0,Known good,0
RETRO-2025-001398,2025-06-14,17100.0,2262.21,0.0246,1,0.2063,0,86,debt_consolidation,0.0228529289803733,595.4853708449981,Accept,0,Known good,0
RETRO-2025-001399,2025-04-26,2700.0,65.94,0.0809,1,0.3904,0,61,other,0.046761047173465,574.1120514697825,Flag / decline,0,Known good,0
RETRO-2025-001400,2025-03-17,30000.0,977.89,0.0198,2,0.5718,0,32,home_improvement,0.0406822124134489,578.3136514703237,Flag / decline,0,Known good,0
RETRO-2025-001401,2025-03-17,1000.0,3982.11,0.0626,2,0.5755,0,67,car,0.037451573305483,580.7980940944302,Flag / decline,0,Known good,0
RETRO-2025-001402,2025-04-29,4300.0,1209.07,0.1212,1,0.2404,1,90,debt_consolidation,0.0424078365423769,577.0630473207094,Flag / decline,0,Known good,0
RETRO-2025-001403,2025-04-24,10100.0,1086.29,0.0762,0,0.7138,0,86,debt_consolidation,0.031190876710401,586.2632050332513,Flag / decline,0,Known good,0
RETRO-2025-001404,2025-02-10,8100.0,2715.37,0.0151,1,0.473,0,95,home_improvement,0.0276591802870753,589.8355118445172,Flag / decline,0,Known good,0
RETRO-2025-001405,2025-04-27,5700.0,362.35,0.2845,2,0.5364,0,94,car,0.0403120980325939,578.5884868329689,Flag / decline,0,Known good,0
RETRO-2025-001406,2025-03-23,4400.0,1653.14,0.1332,3,0.8053,0,39,major_purchase,0.0583909406249191,567.3491110827863,Flag / decline,0,Known good,0
RETRO-2025-001407,2025-03-24,5800.0,1948.07,0.0219,2,0.2489,0,5,major_purchase,0.0415137160073387,577.704832294928,Flag / decline,0,Known good,0
RETRO-2025-001408,2025-05-06,9200.0,2442.82,0.0191,0,0.545,0,84,home_improvement,0.0262565431490104,591.3787329162182,Flag / decline,0,Known good,0
RETRO-2025-001409,2025-01-13,5600.0,2609.07,0.0276,2,0.3634,0,45,debt_consolidation,0.0328766868874368,584.6941367428668,Flag / decline,0,Known good,0
RETRO-2025-001410,2025-06-19,10400.0,907.13,0.1544,0,0.5564,0,72,car,0.029944255589358,587.47720583929,Flag / decline,0,Known good,0
RETRO-2025-001411,2025-06-30,7500.0,508.48,0.105,2,0.1165,0,22,home_improvement,0.0319454889766485,585.5509594064007,Flag / decline,0,Known good,0
RETRO-2025-001412,2025-03-01,4700.0,-4.64,0.2409,2,0.7885,0,49,education,0.0319354903467965,585.5602898309126,Flag / decline,0,Known good,0
RETRO-2025-001413,2025-05-05,9900.0,-392.24,0.0872,1,0.1089,0,13,education,0.0178519225675505,602.7586601123485,Accept,0,Known good,0
RETRO-2025-001414,2025-01-23,5400.0,1349.41,0.102,1,0.2951,0,73,major_purchase,0.0266478092758849,590.9403377090052,Flag / decline,0,Known good,0
RETRO-2025-001415,2025-02-24,8900.0,1088.49,0.3478,0,0.4882,0,69,car,0.03281254728754,584.752396739898,Flag / decline,0,Known good,0
RETRO-2025-001416,2025-01-02,9700.0,759.16,0.0107,1,0.5015,0,27,major_purchase,0.0344386362762843,583.3082367765222,Flag / decline,0,Known good,0
RETRO-2025-001417,2025-04-22,6800.0,1469.45,0.1281,2,0.6582,0,134,debt_consolidation,0.0375212350227357,580.7423860164239,Flag / decline,0,Known good,0
RETRO-2025-001418,2025-03-17,3100.0,16.02,0.1288,4,0.3332,0,69,car,0.0666969122420114,563.2559520178761,Flag / decline,0,Known good,0
RETRO-2025-001419,2025-06-10,4300.0,3083.09,0.0189,0,0.3605,0,52,car,0.0244561498169416,593.4816266511585,Accept,0,Known good,0
RETRO-2025-001420,2025-04-21,10200.0,2079.51,0.1738,3,0.4617,0,46,major_purchase,0.0447949342187664,575.4109360642109,Flag / decline,0,Known good,0
RETRO-2025-001421,2025-05-22,6700.0,3731.84,0.0228,1,0.2784,0,160,car,0.021869951229299,596.7829639125391,Accept,0,Known good,0
RETRO-2025-001422,2025-06-15,20300.0,1085.16,0.1309,1,0.7513,0,89,debt_consolidation,0.0378997369525356,580.4414263763825,Flag / decline,0,Known good,0
RETRO-2025-001423,2025-02-18,3600.0,343.18,0.0875,0,0.2456,0,80,debt_consolidation,0.021867784282092,596.7858869170491,Accept,0,Known good,0
RETRO-2025-001424,2025-03-11,13300.0,1555.32,0.0777,1,0.3819,0,55,car,0.0293668604481306,588.0561796910529,Flag / decline,0,Known good,0
RETRO-2025-001425,2025-05-28,7600.0,-182.79,0.1449,3,0.6194,0,29,major_purchase,0.0842780352896304,555.9564970160468,Flag / decline,0,Known good,0
RETRO-2025-001426,2025-02-26,7200.0,-448.07,0.4802,0,0.2589,0,42,car,0.05207973755202,570.8423086767799,Flag / decline,0,Known good,0
RETRO-2025-001427,2025-06-20,6000.0,1903.05,0.0316,2,0.3046,0,60,debt_consolidation,0.0300569128378622,587.3655033156658,Flag / decline,0,Known good,0
RETRO-2025-001428,2025-01-01,5700.0,746.92,0.0707,1,0.4604,1,143,education,0.0168694699834155,604.4208046786546,Accept,0,Known good,0
RETRO-2025-001429,2025-03-26,5600.0,-408.22,0.3166,1,0.7028,0,30,debt_consolidation,0.0781959683691691,558.308755113898,Flag / decline,0,Known good,0
RETRO-2025-001430,2025-03-28,12700.0,3111.14,0.1199,2,0.2569,0,37,debt_consolidation,0.0332878945258179,584.3232118100655,Flag / decline,0,Known good,0
RETRO-2025-001431,2025-01-19,12200.0,648.06,0.2042,2,0.5033,0,44,debt_consolidation,0.0418142394630537,577.4876591252059,Flag / decline,0,Known good,0
RETRO-2025-001432,2025-06-26,8100.0,2089.67,0.036,2,0.3526,0,141,car,0.0273128516213139,590.2093562737032,Flag / decline,0,Known good,0
RETRO-2025-001433,2025-03-07,2900.0,3061.2,0.0693,1,0.6312,0,89,debt_consolidation,0.0329695678844814,584.6099643638295,Flag / decline,0,Known good,0
RETRO-2025-001434,2025-03-05,10800.0,2723.46,0.0775,1,0.5068,0,121,home_improvement,0.0285888638445788,588.8540128756157,Flag / decline,0,Known good,0
RETRO-2025-001435,2025-03-20,12100.0,539.2,0.0587,0,0.154,0,58,home_improvement,0.0209523216898663,598.0468181737767,Accept,0,Known good,0
RETRO-2025-001436,2025-01-26,3300.0,-30.93,0.4134,1,0.3855,0,60,home_improvement,0.0589995889702145,567.0312470897248,Flag / decline,0,Known good,0
RETRO-2025-001437,2025-06-22,16800.0,-451.41,0.2437,0,0.37,0,147,home_improvement,0.0394563009423091,579.233348918511,Flag / decline,0,Known good,0
RETRO-2025-001438,2025-06-02,5500.0,977.3,0.1216,2,0.243,0,59,debt_consolidation,0.0306124446693636,586.8205441144171,Flag / decline,0,Known good,0
RETRO-2025-001439,2025-01-30,5700.0,1975.06,0.0781,1,0.271,0,61,home_improvement,0.0264419974767903,591.1701534910367,Flag / decline,0,Known good,0
RETRO-2025-001440,2025-05-18,10700.0,280.6,0.216,0,0.063,0,34,home_improvement,0.0237734413071545,594.3187430379143,Accept,0,Known good,0
RETRO-2025-001441,2025-03-16,8700.0,868.7,0.1493,3,0.2188,1,23,debt_consolidation,0.0679193240330708,562.6940927379136,Flag / decline,0,Known good,0
RETRO-2025-001442,2025-03-15,12600.0,-90.01,0.5933,3,0.4377,0,62,major_purchase,0.0889621332764798,554.2478308276444,Flag / decline,3,Known bad,1
RETRO-2025-001443,2025-05-12,2800.0,3699.24,0.012,1,0.2663,0,6,debt_consolidation,0.035772150992687,582.1721826581085,Flag / decline,0,Known good,0
RETRO-2025-001444,2025-06-19,4600.0,697.69,0.0653,1,0.1101,0,17,debt_consolidation,0.0281679420070237,589.2944953346095,Flag / decline,0,Known good,0
RETRO-2025-001445,2025-04-27,17000.0,-51.33,0.7643,1,0.1356,0,33,home_improvement,0.068064556446302,562.6279638620937,Flag / decline,0,Known good,0
RETRO-2025-001446,2025-04-16,9000.0,1611.05,0.0956,2,0.6476,0,24,home_improvement,0.0476328739564397,573.5526426051598,Flag / decline,0,Known good,0
RETRO-2025-001447,2025-01-30,7500.0,505.35,0.1968,0,0.4911,0,24,major_purchase,0.0348557801795337,582.9483704614981,Flag / decline,0,Known good,0
RETRO-2025-001448,2025-04-04,30000.0,304.81,0.074,1,0.8983,0,13,other,0.054974450989873,569.1932789426589,Flag / decline,0,Known good,0
RETRO-2025-001449,2025-05-13,6900.0,942.69,0.0178,1,0.2517,0,55,car,0.0253426662530541,592.4279736070151,Flag / decline,0,Known good,0
RETRO-2025-001450,2025-02-26,2100.0,-206.28,0.1097,2,0.4954,0,44,debt_consolidation,0.0619487890932069,565.5332501687778,Flag / decline,0,Known good,0
RETRO-2025-001451,2025-03-18,17400.0,1591.41,0.1043,2,0.4336,0,63,other,0.0348191631844962,582.9797929223095,Flag / decline,0,Known good,0
RETRO-2025-001452,2025-02-25,7700.0,3110.85,0.045,1,0.2126,0,183,debt_consolidation,0.0206232547734681,598.5132761589101,Accept,0,Known good,0
RETRO-2025-001453,2025-03-11,4600.0,1510.08,0.0735,2,0.501,0,19,debt_consolidation,0.0433112310241174,576.4276077739552,Flag / decline,0,Known good,0
RETRO-2025-001454,2025-02-07,3300.0,274.83,0.1857,1,0.4372,0,117,major_purchase,0.029394582777349,588.0281303339607,Flag / decline,0,Known good,0
RETRO-2025-001455,2025-06-19,16600.0,-128.81,0.2605,0,0.5359,0,44,major_purchase,0.0549755357818772,569.1926764628129,Flag / decline,0,Known good,0
RETRO-2025-001456,2025-05-27,11300.0,1076.93,0.1607,0,0.1321,0,168,debt_consolidation,0.0186581307129746,601.4604652867084,Accept,0,Known good,0
RETRO-2025-001457,2025-06-22,2400.0,-44.1,0.3621,0,0.3724,0,61,car,0.0494076085418347,572.4433106445103,Flag / decline,0,Known good,0
RETRO-2025-001458,2025-04-28,7300.0,1836.1,0.049,2,0.2869,0,66,debt_consolidation,0.0295556683448768,587.865650345089,Flag / decline,0,Known good,0
RETRO-2025-001459,2025-05-17,8200.0,-237.88,0.3578,2,0.047,0,4,debt_consolidation,0.0734599976836951,560.2593263771339,Flag / decline,0,Known good,0
RETRO-2025-001460,2025-04-25,8300.0,2567.55,0.0165,2,0.1334,0,70,home_improvement,0.0252951907596362,592.4834829761048,Flag / decline,0,Known good,0
RETRO-2025-001461,2025-06-21,26600.0,729.49,0.1004,0,0.5609,0,37,other,0.0321331633763195,585.3763491761658,Flag / decline,0,Known good,0
RETRO-2025-001462,2025-04-23,5800.0,1593.09,0.1655,3,0.1675,0,129,debt_consolidation,0.0299430648506232,587.4783886606857,Flag / decline,3,Known bad,1
RETRO-2025-001463,2025-01-15,3100.0,1858.87,0.109,1,0.1247,0,16,other,0.0296841377147832,587.7366831434075,Flag / decline,0,Known good,0
RETRO-2025-001464,2025-04-10,3900.0,894.06,0.12,1,0.707,1,17,home_improvement,0.0784724389794886,558.1982635761204,Flag / decline,6,Known bad,1
RETRO-2025-001465,2025-05-08,6100.0,1236.62,0.0427,4,0.3457,1,26,home_improvement,0.0774489319370679,558.6091067133348,Flag / decline,0,Known good,0
RETRO-2025-001466,2025-05-15,12200.0,3119.11,0.0639,0,0.2539,1,64,debt_consolidation,0.0381164220923066,580.2704297886038,Flag / decline,0,Known good,0
RETRO-2025-001467,2025-03-13,7200.0,1683.78,0.0815,1,0.4504,0,128,education,0.010017843400402,619.6580492575961,Accept,1,Indeterminate,0
RETRO-2025-001468,2025-02-16,16800.0,1322.44,0.1091,3,0.4547,1,126,home_improvement,0.0610221202373034,565.9966153781448,Flag / decline,0,Known good,0
RETRO-2025-001469,2025-05-11,5700.0,589.63,0.1433,1,0.3507,0,6,car,0.0419939570361518,577.358498471051,Flag / decline,0,Known good,0
RETRO-2025-001470,2025-03-23,3500.0,2364.2,0.0894,2,0.1354,0,68,home_improvement,0.0268308314965773,590.7374150882803,Flag / decline,0,Known good,0
RETRO-2025-001471,2025-01-19,5900.0,100.24,0.0569,0,0.0981,0,23,other,0.0373162557065293,580.9065920075427,Flag / decline,0,Known good,0
RETRO-2025-001472,2025-06-08,5000.0,1228.92,0.1152,3,0.5347,0,58,debt_consolidation,0.0438849914534228,576.0305689071964,Flag / decline,0,Known good,0
RETRO-2025-001473,2025-06-08,3700.0,1548.58,0.0883,1,0.3224,0,76,car,0.026794467477726,590.7776256636532,Flag / decline,0,Known good,0
RETRO-2025-001474,2025-03-26,13400.0,1294.38,0.1661,0,0.6273,0,66,debt_consolidation,0.0323991350022186,585.1305733569102,Flag / decline,0,Known good,0
RETRO-2025-001475,2025-01-17,7400.0,1773.31,0.0264,0,0.5144,0,172,home_improvement,0.0229366102248194,595.3774375285798,Accept,0,Known good,0
RETRO-2025-001476,2025-02-08,9000.0,4928.95,0.0055,0,0.4968,0,119,debt_consolidation,0.0236460979229507,594.4774791224994,Accept,0,Known good,0
RETRO-2025-001477,2025-04-19,8200.0,1004.41,0.1785,2,0.2161,0,55,education,0.0116760971839858,615.1899542798848,Accept,0,Known good,0
RETRO-2025-001478,2025-01-27,8100.0,2825.71,0.068,3,0.452,0,126,other,0.0351435113792323,582.7025586598962,Flag / decline,0,Known good,0
RETRO-2025-001479,2025-03-01,6600.0,3280.39,0.094,1,0.1781,0,72,car,0.0241761777712306,593.8221286895548,Accept,0,Known good,0
RETRO-2025-001480,2025-03-15,30000.0,702.03,0.1483,1,0.2413,0,19,home_improvement,0.0326365871628377,584.9127935542592,Flag / decline,0,Known good,0
RETRO-2025-001481,2025-01-14,3500.0,1138.46,0.075,2,0.3416,1,17,education,0.024698769117803,593.189612736786,Accept,0,Known good,0
RETRO-2025-001482,2025-01-17,6500.0,-43.23,0.2864,1,0.4486,0,142,debt_consolidation,0.0495370950098325,572.3638591912639,Flag / decline,0,Known good,0
RETRO-2025-001483,2025-02-25,5600.0,536.75,0.0838,2,0.5738,0,121,home_improvement,0.034557930750663,583.2048952807531,Flag / decline,0,Known good,0
RETRO-2025-001484,2025-02-19,14400.0,-619.74,0.1803,2,0.3983,0,52,debt_consolidation,0.0588381462712097,567.1152591706621,Flag / decline,0,Known good,0
RETRO-2025-001485,2025-03-16,3100.0,1305.33,0.2031,1,0.1658,1,153,home_improvement,0.038953919341653,579.6181804129883,Flag / decline,0,Known good,0
RETRO-2025-001486,2025-01-04,7000.0,446.35,0.0416,1,0.2411,0,23,car,0.0293417191701328,588.0816397610616,Flag / decline,0,Known good,0
RETRO-2025-001487,2025-04-03,11000.0,564.78,0.0887,3,0.2711,0,19,car,0.0416132169986534,577.6327618804678,Flag / decline,0,Known good,0
RETRO-2025-001488,2025-06-09,7700.0,4432.64,0.0276,1,0.6465,0,50,car,0.0355018643982834,582.3991112832398,Flag / decline,0,Known good,0
RETRO-2025-001489,2025-02-10,16100.0,192.56,0.2363,0,0.4121,0,154,car,0.0250423251564378,592.7808594649866,Flag / decline,0,Known good,0
RETRO-2025-001490,2025-03-21,12300.0,-166.81,0.226,0,0.0,0,49,car,0.0346151382630013,583.1554599672951,Flag / decline,0,Known good,0
RETRO-2025-001491,2025-05-16,3100.0,-481.92,0.0836,1,0.2862,0,95,other,0.0402480402397431,578.636299379134,Flag / decline,0,Known good,0
RETRO-2025-001492,2025-02-27,2300.0,2893.95,0.0742,2,0.3398,0,194,car,0.0263925487840634,591.2256286590472,Flag / decline,0,Known good,0
RETRO-2025-001493,2025-03-25,7700.0,1541.61,0.0898,0,0.4104,0,28,debt_consolidation,0.0295511887910458,587.870157056965,Flag / decline,0,Known good,0
RETRO-2025-001494,2025-05-21,6800.0,1934.39,0.1919,1,0.8197,0,98,other,0.0411463672840967,577.9723489647346,Flag / decline,0,Known good,0
RETRO-2025-001495,2025-05-12,16600.0,-146.43,0.1407,2,0.2053,0,46,car,0.0501955718586417,571.9628457789925,Flag / decline,0,Known good,0
RETRO-2025-001496,2025-04-01,10500.0,1742.83,0.0156,1,0.3764,0,47,debt_consolidation,0.028667510277653,588.7724101834193,Flag / decline,0,Known good,0
RETRO-2025-001497,2025-04-17,8100.0,316.37,0.193,0,0.7771,0,5,debt_consolidation,0.0546794258876524,569.3575492857362,Flag / decline,0,Known good,0
RETRO-2025-001498,2025-05-11,9900.0,2370.96,0.0857,1,0.0823,0,28,education,0.009533903131022,621.1008125251002,Accept,0,Known good,0
RETRO-2025-001499,2025-02-06,2400.0,2919.51,0.1014,1,0.8226,0,9,debt_consolidation,0.0557245197100042,568.7793487397028,Flag / decline,0,Known good,0
RETRO-2025-001500,2025-02-03,3700.0,137.14,0.0741,2,0.1415,0,43,major_purchase,0.0460368978976406,574.5842949480488,Flag / decline,0,Known good,0
RETRO-2025-001501,2025-03-09,4000.0,399.33,0.1102,0,0.2985,0,23,other,0.0282811086725891,589.1754448854116,Flag / decline,1,Indeterminate,0
RETRO-2025-001502,2025-01-28,12300.0,-643.34,0.3123,2,0.3325,0,88,debt_consolidation,0.0565097582296521,568.3515896972607,Flag / decline,0,Known good,0
RETRO-2025-001503,2025-06-01,12200.0,3764.87,0.0332,0,0.3156,0,32,debt_consolidation,0.0257509013661646,591.9547932898562,Flag / decline,0,Known good,0
RETRO-2025-001504,2025-02-15,7600.0,2634.44,0.0224,1,0.5182,0,26,other,0.0353988802445845,582.4860132999561,Flag / decline,0,Known good,0
RETRO-2025-001505,2025-01-19,3900.0,801.02,0.0729,1,0.5447,0,63,debt_consolidation,0.0326064536715526,584.9403455711638,Flag / decline,0,Known good,0
RETRO-2025-001506,2025-05-02,9600.0,3427.81,0.0123,1,0.2036,0,45,debt_consolidation,0.0250787117635538,592.7378881681188,Flag / decline,0,Known good,0
RETRO-2025-001507,2025-03-04,4400.0,1411.01,0.014,3,0.4386,0,24,car,0.0434454090415585,576.3343095688157,Flag / decline,0,Known good,0
RETRO-2025-001508,2025-02-16,5800.0,1548.37,0.0355,1,0.8275,0,141,home_improvement,0.0349400828765211,582.8761478356214,Flag / decline,0,Known good,0
RETRO-2025-001509,2025-04-04,7900.0,253.68,0.2644,2,0.1971,0,64,car,0.0322819561272027,585.2386133213311,Flag / decline,5,Known bad,1
RETRO-2025-001510,2025-05-20,3600.0,2928.4,0.0679,2,0.0276,0,10,debt_consolidation,0.0326553394964939,584.8956600999339,Flag / decline,0,Known good,0
RETRO-2025-001511,2025-05-02,9500.0,469.6,0.1267,1,0.2245,0,91,home_improvement,0.024742516343005,593.1372567479041,Accept,0,Known good,0
RETRO-2025-001512,2025-04-21,10800.0,2040.94,0.1754,2,0.4507,0,49,home_improvement,0.0386404621844691,579.8607127683614,Flag / decline,0,Known good,0
RETRO-2025-001513,2025-05-01,26800.0,1152.43,0.3066,0,0.5665,0,98,major_purchase,0.0320548725918597,585.4490698881247,Flag / decline,0,Known good,0
RETRO-2025-001514,2025-04-18,5300.0,1812.8,0.0159,0,1.0,0,62,car,0.0394924426577043,579.2058453439738,Flag / decline,0,Known good,0
RETRO-2025-001515,2025-01-20,5000.0,582.77,0.0168,1,0.2758,0,49,debt_consolidation,0.0262991232070485,591.3307168841508,Flag / decline,0,Known good,0
RETRO-2025-001516,2025-01-22,6100.0,1795.7,0.0803,0,0.3393,0,215,car,0.0199780931076135,599.4493403657079,Accept,0,Known good,0
RETRO-2025-001517,2025-01-11,2700.0,1909.55,0.1402,1,0.276,0,37,debt_consolidation,0.0300626073926743,587.3598677978682,Flag / decline,0,Known good,0
RETRO-2025-001518,2025-02-06,4500.0,627.83,0.0837,1,0.5771,1,46,other,0.0596621473054149,566.6887039238719,Flag / decline,0,Known good,0
RETRO-2025-001519,2025-02-26,3800.0,2052.33,0.0201,1,0.5791,0,36,car,0.0352518257733832,582.6105266729835,Flag / decline,0,Known good,0
RETRO-2025-001520,2025-05-21,3200.0,1222.67,0.1577,1,0.4722,0,117,debt_consolidation,0.0296238711310716,587.7971157445188,Flag / decline,0,Known good,0
RETRO-2025-001521,2025-04-28,5300.0,2894.01,0.0491,1,0.6576,0,75,other,0.0341037391618589,583.6002045603525,Flag / decline,0,Known good,0
RETRO-2025-001522,2025-01-26,7100.0,1310.76,0.1138,1,0.5132,0,122,home_improvement,0.0294576808986484,587.9643833922371,Flag / decline,0,Known good,0
RETRO-2025-001523,2025-03-03,5300.0,-159.57,0.1181,2,0.7527,1,42,major_purchase,0.1250116276646143,543.2669073075355,Flag / decline,0,Known good,0
RETRO-2025-001524,2025-05-22,6800.0,760.31,0.3211,1,0.1474,1,56,car,0.0489385464835861,572.7327843439562,Flag / decline,3,Known bad,1
RETRO-2025-001525,2025-01-12,27800.0,730.36,0.1117,2,0.6706,0,60,debt_consolidation,0.0425443500121606,576.9662003131456,Flag / decline,0,Known good,0
RETRO-2025-001526,2025-03-16,7100.0,882.88,0.1936,0,0.2407,0,29,car,0.0276567962379555,589.8380697241006,Flag / decline,0,Known good,0
RETRO-2025-001527,2025-01-13,17600.0,6670.35,0.0269,0,0.778,0,78,home_improvement,0.0321832417772978,585.3299234257379,Flag / decline,0,Known good,0
RETRO-2025-001528,2025-01-31,14900.0,309.28,0.0727,1,0.4182,0,6,major_purchase,0.0421198074373649,577.2683657144831,Flag / decline,0,Known good,0
RETRO-2025-001529,2025-05-22,6200.0,-25.4,0.1744,2,0.6829,0,145,major_purchase,0.0622622595961411,565.3779693295012,Flag / decline,0,Known good,0
RETRO-2025-001530,2025-02-20,4200.0,986.25,0.1427,1,0.6573,0,122,home_improvement,0.0337332277390123,583.9264617640276,Flag / decline,0,Known good,0
RETRO-2025-001531,2025-04-10,12300.0,1229.23,0.0446,2,0.5066,1,57,car,0.0604443569176771,566.2888570771249,Flag / decline,0,Known good,0
RETRO-2025-001532,2025-03-29,8400.0,631.6,0.1675,5,0.1352,0,35,debt_consolidation,0.0466908483943653,574.157524959106,Flag / decline,0,Known good,0
RETRO-2025-001533,2025-03-16,12500.0,1479.61,0.0303,2,0.0999,1,69,major_purchase,0.0422820857520054,577.1525229428562,Flag / decline,0,Known good,0
RETRO-2025-001534,2025-01-26,11800.0,1664.35,0.0054,0,0.4839,0,134,car,0.0229548004868188,595.3540263433753,Accept,0,Known good,0
RETRO-2025-001535,2025-04-27,24400.0,1122.31,0.2734,0,0.4946,1,61,major_purchase,0.0538112151174602,569.8458616211772,Flag / decline,7,Known bad,1
RETRO-2025-001536,2025-06-01,8200.0,555.7,0.4523,1,0.3909,0,132,debt_consolidation,0.033654319640378,583.9963914974687,Flag / decline,0,Known good,0
RETRO-2025-001537,2025-04-03,6200.0,359.81,0.0571,2,0.0922,0,50,debt_consolidation,0.0265983172667341,590.9954439344739,Flag / decline,0,Known good,0
RETRO-2025-001538,2025-04-26,3500.0,1222.27,0.0105,1,0.0544,0,62,car,0.0211040906823187,597.8340939118757,Accept,0,Known good,0
RETRO-2025-001539,2025-03-09,6900.0,-415.87,0.3633,1,0.3923,0,19,other,0.0682101020130061,562.5618234877511,Flag / decline,0,Known good,0
RETRO-2025-001540,2025-06-29,5200.0,917.09,0.1774,0,0.7283,0,50,home_improvement,0.0369828799976998,581.1755154719019,Flag / decline,0,Known good,0
RETRO-2025-001541,2025-02-25,7300.0,732.79,0.0157,1,0.2666,0,27,other,0.0286651318080868,588.7748748701447,Flag / decline,0,Known good,0
RETRO-2025-001542,2025-06-28,15400.0,1145.41,0.0989,1,0.0886,0,41,debt_consolidation,0.0247121428713034,593.173597653915,Accept,0,Known good,0
RETRO-2025-001543,2025-03-22,5800.0,1041.13,0.061,0,0.5293,0,23,home_improvement,0.0328125602817781,584.7523849256884,Flag / decline,0,Known good,0
RETRO-2025-001544,2025-05-07,12600.0,779.47,0.1168,0,0.4118,1,56,debt_consolidation,0.0457739441695683,574.7575275374106,Flag / decline,0,Known good,0
RETRO-2025-001545,2025-06-11,9800.0,1091.7,0.0925,3,0.4846,0,73,debt_consolidation,0.0400316535345514,578.7983506509337,Flag / decline,0,Known good,0
RETRO-2025-001546,2025-05-11,10400.0,411.03,0.1883,3,0.0667,0,161,debt_consolidation,0.0270977707835231,590.4438512622252,Flag / decline,0,Known good,0
RETRO-2025-001547,2025-05-06,5400.0,1610.89,0.0422,1,0.343,0,27,education,0.0114829316489491,615.6769353114192,Accept,0,Known good,0
RETRO-2025-001548,2025-03-09,3900.0,1065.94,0.2014,0,0.4986,0,29,debt_consolidation,0.0341592143089375,583.551650003212,Flag / decline,0,Known good,0
RETRO-2025-001549,2025-06-26,7600.0,1179.78,0.0731,1,0.5235,0,84,education,0.0113213588394683,616.0905288670443,Accept,0,Known good,0
RETRO-2025-001550,2025-01-12,6900.0,889.07,0.1132,0,0.378,0,51,major_purchase,0.0266341145332801,590.9555759715035,Flag / decline,0,Known good,0
RETRO-2025-001551,2025-03-01,7100.0,1815.37,0.0237,2,0.1017,1,160,debt_consolidation,0.0368664391343497,581.2699940906268,Flag / decline,0,Known good,0
RETRO-2025-001552,2025-01-07,6000.0,3888.27,0.0073,1,0.1168,0,46,other,0.0232250823303149,595.0082869708256,Accept,0,Known good,0
RETRO-2025-001553,2025-04-11,5600.0,-845.36,0.5795,1,0.6509,0,153,debt_consolidation,0.0702548232850096,561.646199757938,Flag / decline,0,Known good,0
RETRO-2025-001554,2025-01-24,3100.0,1992.89,0.136,1,0.5047,0,8,car,0.0452982863220413,575.0733096259654,Flag / decline,0,Known good,0
RETRO-2025-001555,2025-02-16,25400.0,1621.51,0.0926,0,0.5435,0,124,car,0.0259719643675255,591.7016013644134,Flag / decline,0,Known good,0
RETRO-2025-001556,2025-02-25,7200.0,97.11,0.2914,0,0.5056,1,90,home_improvement,0.0818250738225591,556.8859588248192,Flag / decline,0,Known good,0
RETRO-2025-001557,2025-06-27,7700.0,2152.39,0.1627,1,0.1942,0,101,debt_consolidation,0.0243721793921337,593.5833507727045,Accept,0,Known good,0
RETRO-2025-001558,2025-06-28,4500.0,1480.36,0.0793,1,0.5071,0,76,car,0.0308527584566048,586.5877658442668,Flag / decline,0,Known good,0
RETRO-2025-001559,2025-04-16,3600.0,379.07,0.0822,1,0.2987,0,83,other,0.0258069371615285,591.8904137286033,Flag / decline,0,Known good,0
RETRO-2025-001560,2025-06-03,3500.0,1105.52,0.1663,1,0.6106,0,32,debt_consolidation,0.0408620045369927,578.1810064647257,Flag / decline,0,Known good,0
RETRO-2025-001561,2025-05-27,11000.0,834.64,0.0846,2,0.2411,0,23,home_improvement,0.0345213260576554,583.2365682828486,Flag / decline,0,Known good,0
RETRO-2025-001562,2025-04-23,12800.0,1843.74,0.0816,1,0.1599,0,92,debt_consolidation,0.0226967837171281,595.6878054395752,Accept,0,Known good,0
RETRO-2025-001563,2025-06-12,26200.0,-596.46,0.228,0,0.4355,0,50,debt_consolidation,0.0487101512794142,572.874688489751,Flag / decline,0,Known good,0
RETRO-2025-001564,2025-05-24,3900.0,578.67,0.2687,0,0.4737,0,80,major_purchase,0.0299271765335264,587.4941756984701,Flag / decline,0,Known good,0
RETRO-2025-001565,2025-05-26,6500.0,916.84,0.0662,1,0.752,0,50,debt_consolidation,0.0396721905930583,579.0694159952761,Flag / decline,0,Known good,0
RETRO-2025-001566,2025-01-30,3500.0,1901.83,0.0338,2,0.5138,0,32,debt_consolidation,0.0392508724087679,579.3901389193364,Flag / decline,0,Known good,0
RETRO-2025-001567,2025-01-17,4100.0,-237.25,0.4243,1,0.2718,0,33,education,0.0224902803805799,595.9576261147402,Accept,0,Known good,0
RETRO-2025-001568,2025-06-14,26800.0,46.58,0.1904,2,0.5372,0,60,debt_consolidation,0.0645181242598331,564.2815422438114,Flag / decline,0,Known good,0
RETRO-2025-001569,2025-06-18,3200.0,4318.38,0.0369,3,0.2861,0,88,debt_consolidation,0.0319044462543951,585.5892772681713,Flag / decline,0,Known good,0
RETRO-2025-001570,2025-02-04,5200.0,1850.49,0.0724,1,0.6015,0,112,debt_consolidation,0.0311038619606461,586.3464041255922,Flag / decline,0,Known good,0
RETRO-2025-001571,2025-02-15,7500.0,1188.85,0.061,2,0.1709,1,47,debt_consolidation,0.0485251621775739,572.9900874954872,Flag / decline,0,Known good,0
RETRO-2025-001572,2025-05-25,19300.0,3090.24,0.0498,1,0.4504,0,15,debt_consolidation,0.0372207233437356,580.9834180222095,Flag / decline,0,Known good,0
RETRO-2025-001573,2025-03-13,10300.0,829.74,0.029,0,0.3682,0,11,car,0.0315570448089206,585.9155373481924,Flag / decline,0,Known good,0
RETRO-2025-001574,2025-04-01,3100.0,194.06,0.2117,0,0.2471,0,84,home_improvement,0.0237693475699981,594.3238330440149,Accept,0,Known good,0
RETRO-2025-001575,2025-04-26,6900.0,1324.64,0.0846,0,0.6215,0,222,debt_consolidation,0.0250133223399422,592.815154357566,Flag / decline,1,Indeterminate,0
RETRO-2025-001576,2025-03-08,11400.0,-130.0,0.5843,0,0.5681,0,44,home_improvement,0.0705949523320881,561.4962870702084,Flag / decline,0,Known good,0
RETRO-2025-001577,2025-03-09,4200.0,650.27,0.278,1,0.352,0,46,debt_consolidation,0.0340674932950798,583.6319698837175,Flag / decline,0,Known good,0
RETRO-2025-001578,2025-02-08,14200.0,242.44,0.1044,4,0.4149,0,28,major_purchase,0.0505435596983989,571.7529288753614,Flag / decline,0,Known good,0
RETRO-2025-001579,2025-03-11,2200.0,734.39,0.1365,1,0.2654,0,42,car,0.0291396436926265,588.2870493761848,Flag / decline,0,Known good,0
RETRO-2025-001580,2025-06-10,5800.0,276.31,0.3613,2,0.4772,0,30,car,0.048596803584412,572.945347051495,Flag / decline,0,Known good,0
RETRO-2025-001581,2025-02-21,3800.0,-506.13,0.4093,1,0.2854,0,41,home_improvement,0.0577382717135835,567.6934365681683,Flag / decline,0,Known good,0
RETRO-2025-001582,2025-05-25,9300.0,-223.56,0.0991,1,0.366,0,186,debt_consolidation,0.038940972037979,579.6281610383754,Flag / decline,0,Known good,0
RETRO-2025-001583,2025-04-26,5500.0,3456.72,0.0157,0,0.3891,0,129,car,0.0215623017771265,597.200814030801,Accept,0,Known good,0
RETRO-2025-001584,2025-03-16,6000.0,351.19,0.1104,1,0.2758,1,129,major_purchase,0.0408697603663241,578.1752970372778,Flag / decline,0,Known good,0
RETRO-2025-001585,2025-02-11,10200.0,948.38,0.0858,1,0.2587,0,76,debt_consolidation,0.0254158388976209,592.3426166156057,Flag / decline,0,Known good,0
RETRO-2025-001586,2025-04-19,11500.0,1537.0,0.0814,0,0.1605,1,24,car,0.0417950206910174,577.5015028107107,Flag / decline,0,Known good,0
RETRO-2025-001587,2025-04-26,6200.0,2293.03,0.0545,1,0.3637,0,49,car,0.0289921008636895,588.4379011491941,Flag / decline,0,Known good,0
RETRO-2025-001588,2025-04-21,1600.0,-454.9,0.2472,1,0.6593,0,42,major_purchase,0.0685550984575928,562.4055674489025,Flag / decline,0,Known good,0
RETRO-2025-001589,2025-03-27,6900.0,697.13,0.0704,1,0.072,0,77,car,0.0215888105302916,597.1645810056151,Accept,0,Known good,0
RETRO-2025-001590,2025-01-14,6900.0,3431.82,0.0163,1,0.3294,0,66,car,0.0261653978546995,591.4817694483078,Flag / decline,0,Known good,0
RETRO-2025-001591,2025-06-12,15700.0,929.3,0.1182,0,0.4447,0,132,debt_consolidation,0.0241965959396417,593.7971664541827,Accept,0,Known good,0
RETRO-2025-001592,2025-03-26,4500.0,3120.11,0.1238,3,0.4944,0,168,car,0.0361225429627545,581.8804437206469,Flag / decline,0,Known good,0
RETRO-2025-001593,2025-05-05,3300.0,1657.48,0.0655,0,0.33,0,27,other,0.0273871128610795,590.1288085370006,Flag / decline,0,Known good,0
RETRO-2025-001594,2025-02-15,10400.0,2613.28,0.0365,0,0.2949,0,69,major_purchase,0.0224551760078788,596.0037346319567,Accept,0,Known good,0
RETRO-2025-001595,2025-03-27,11200.0,1388.88,0.1429,1,0.5189,0,30,car,0.0377550031111631,580.5561666778797,Flag / decline,0,Known good,0
RETRO-2025-001596,2025-03-23,9900.0,-267.41,0.1215,1,0.1787,0,78,debt_consolidation,0.0391919986104309,579.4352185011787,Flag / decline,0,Known good,0
RETRO-2025-001597,2025-04-30,9500.0,1615.47,0.208,1,0.6194,0,57,major_purchase,0.0387180796207055,579.8004821416648,Flag / decline,0,Known good,0
RETRO-2025-001598,2025-03-02,5000.0,-230.13,0.2325,2,0.7425,0,8,car,0.1039544167825723,549.2752976043928,Flag / decline,0,Known good,0
RETRO-2025-001599,2025-06-13,13300.0,2400.35,0.0537,1,0.0607,0,88,debt_consolidation,0.0206838702831397,598.4268077874782,Accept,0,Known good,0
RETRO-2025-001600,2025-04-05,4700.0,1559.89,0.0768,1,0.5295,0,94,car,0.0303024943397105,587.123402489788,Flag / decline,0,Known good,0
RETRO-2025-001601,2025-04-02,6900.0,849.56,0.0554,1,0.5385,0,58,major_purchase,0.0324654249421237,585.0696205858051,Flag / decline,0,Known good,0
RETRO-2025-001602,2025-03-25,7400.0,4954.87,0.045,2,0.4339,0,249,major_purchase,0.0267590506156945,590.8168399389874,Flag / decline,0,Known good,0
RETRO-2025-001603,2025-01-20,6300.0,-729.44,0.4911,2,0.1686,0,37,home_improvement,0.0644665917000941,564.306187349,Flag / decline,0,Known good,0
RETRO-2025-001604,2025-06-18,4800.0,3574.42,0.0761,0,0.1475,0,20,major_purchase,0.0249888571106023,592.8441138396514,Accept,0,Known good,0
RETRO-2025-001605,2025-05-27,1900.0,3689.62,0.014,4,0.1171,0,104,debt_consolidation,0.0304664716995321,586.9628052643455,Flag / decline,0,Known good,0
RETRO-2025-001606,2025-05-27,5600.0,1626.85,0.0665,3,0.3518,0,76,debt_consolidation,0.0351490907545359,582.6978113342859,Flag / decline,0,Known good,0
RETRO-2025-001607,2025-05-16,8500.0,189.47,0.0734,0,0.3649,0,85,car,0.0235913060966132,594.546035051842,Accept,0,Known good,0
RETRO-2025-001608,2025-02-25,6000.0,900.51,0.0793,2,0.6343,0,62,debt_consolidation,0.0401937897917643,578.6768488039612,Flag / decline,0,Known good,0
RETRO-2025-001609,2025-06-19,5200.0,944.55,0.095,1,0.1891,0,22,debt_consolidation,0.0294552111061332,587.9668760900269,Flag / decline,0,Known good,0
RETRO-2025-001610,2025-05-31,4300.0,2593.4,0.0349,2,0.3835,0,55,home_improvement,0.0325303201271198,585.0100666745449,Flag / decline,0,Known good,0
RETRO-2025-001611,2025-01-23,5100.0,871.57,0.0729,3,0.4264,0,65,car,0.038401477291934,580.0468954552238,Flag / decline,0,Known good,0
RETRO-2025-001612,2025-03-22,11800.0,596.15,0.1667,2,0.1389,0,52,car,0.0296943155733956,587.7264889888505,Flag / decline,0,Known good,0
RETRO-2025-001613,2025-05-22,4400.0,1450.38,0.1455,1,0.3557,0,40,major_purchase,0.0317627595003489,585.7219246494028,Flag / decline,0,Known good,0
RETRO-2025-001614,2025-04-20,6700.0,252.22,0.0876,3,0.7651,0,77,car,0.0493128297964815,572.501591048489,Flag / decline,0,Known good,0
RETRO-2025-001615,2025-04-11,11100.0,5661.69,0.0276,2,0.5875,0,20,car,0.044525349097042,575.5932516178966,Flag / decline,0,Known good,0
RETRO-2025-001616,2025-04-12,10800.0,2089.9,0.1693,1,0.4643,0,34,debt_consolidation,0.0361326332589874,581.8720828802143,Flag / decline,0,Known good,0
RETRO-2025-001617,2025-04-30,1600.0,1190.74,0.0879,3,0.1398,0,37,major_purchase,0.0338056937631595,583.8623800315675,Flag / decline,0,Known good,0
RETRO-2025-001618,2025-03-26,4000.0,3155.99,0.048,3,0.4398,0,138,major_purchase,0.0338130634624748,583.8558704316305,Flag / decline,0,Known good,0
RETRO-2025-001619,2025-05-20,12300.0,-717.2,0.2707,1,0.5146,0,29,debt_consolidation,0.06596101400526,563.5988219193546,Flag / decline,0,Known good,0
RETRO-2025-001620,2025-05-19,5400.0,1892.84,0.1207,1,0.4571,0,60,debt_consolidation,0.0317180582780884,585.7638927851059,Flag / decline,0,Known good,0
RETRO-2025-001621,2025-01-17,12100.0,4085.89,0.0239,0,0.3807,0,117,debt_consolidation,0.0218890153412178,596.7572604453245,Accept,0,Known good,0
RETRO-2025-001622,2025-02-27,9000.0,148.36,0.1421,0,0.2653,0,86,car,0.0367935891787427,581.3292496546051,Flag / decline,0,Known good,0
RETRO-2025-001623,2025-04-05,2700.0,1100.89,0.1153,0,0.4471,0,59,car,0.0275419951496945,589.9614956390867,Flag / decline,6,Known bad,1
RETRO-2025-001624,2025-01-25,9600.0,469.84,0.13,0,0.431,0,50,debt_consolidation,0.0282152937013125,589.2446253175838,Flag / decline,0,Known good,0
RETRO-2025-001625,2025-02-09,15500.0,1119.78,0.1707,0,0.4682,0,43,debt_consolidation,0.0306559973869554,586.7782260944405,Flag / decline,0,Known good,0
RETRO-2025-001626,2025-02-04,20400.0,478.26,0.2656,3,0.6307,0,69,debt_consolidation,0.051205100507252,571.357612722057,Flag / decline,0,Known good,0
RETRO-2025-001627,2025-04-04,12000.0,-93.05,0.3314,2,0.4664,1,29,car,0.1231672477878673,543.7565365560807,Flag / decline,0,Known good,0
RETRO-2025-001628,2025-05-09,30000.0,4412.41,0.0319,2,0.6739,0,66,car,0.0396990887982375,579.0490511533089,Flag / decline,0,Known good,0
RETRO-2025-001629,2025-02-06,4400.0,542.95,0.2155,0,0.4866,0,85,car,0.0288187648859057,588.6160789158934,Flag / decline,0,Known good,0
RETRO-2025-001630,2025-06-25,3800.0,295.18,0.3988,0,0.5069,0,203,home_improvement,0.0290507316226798,588.3778665049937,Flag / decline,0,Known good,0
RETRO-2025-001631,2025-03-11,9600.0,6735.04,0.0151,0,0.2537,0,52,debt_consolidation,0.0223842398173883,596.0971224788475,Accept,0,Known good,0
RETRO-2025-001632,2025-06-27,3800.0,1542.82,0.1197,1,0.916,0,27,debt_consolidation,0.0515737688317304,571.1393998680217,Flag / decline,0,Known good,0
RETRO-2025-001633,2025-05-05,12200.0,-167.26,0.0971,2,0.1579,0,168,car,0.0382111880198089,580.1959387238476,Flag / decline,0,Known good,0
RETRO-2025-001634,2025-04-12,6500.0,648.82,0.1397,0,0.5176,0,36,home_improvement,0.032071401845604,585.4337023341495,Flag / decline,0,Known good,0
RETRO-2025-001635,2025-03-20,30000.0,-521.4,0.3262,0,0.3906,1,74,debt_consolidation,0.0791307815098195,557.9365835868964,Flag / decline,0,Known good,0
RETRO-2025-001636,2025-06-26,13700.0,3432.07,0.02,0,0.5169,0,16,home_improvement,0.0333579050101739,584.2605008349453,Flag / decline,0,Known good,0
RETRO-2025-001637,2025-02-26,6500.0,313.5,0.467,3,0.1351,0,96,other,0.037978269075074,580.3793446912043,Flag / decline,0,Known good,0
RETRO-2025-001638,2025-06-13,14800.0,2289.45,0.089,1,0.8012,0,38,home_improvement,0.0437558996509729,576.1194659383921,Flag / decline,0,Known good,0
RETRO-2025-001639,2025-02-02,12000.0,1203.16,0.2574,1,0.6604,0,105,debt_consolidation,0.037599973143879,580.6795391288051,Flag / decline,0,Known good,0
RETRO-2025-001640,2025-01-14,3400.0,-286.42,0.2929,0,0.433,0,64,major_purchase,0.0489673585412862,572.7149277785002,Flag / decline,0,Known good,0
RETRO-2025-001641,2025-01-09,4300.0,1055.13,0.1406,2,0.3976,0,50,debt_consolidation,0.0360251492108704,581.9612601527715,Flag / decline,0,Known good,0
RETRO-2025-001642,2025-04-29,16200.0,154.79,0.1397,0,0.2366,1,60,debt_consolidation,0.040093919870984,578.7516337581371,Flag / decline,0,Known good,0
RETRO-2025-001643,2025-03-19,30000.0,4457.93,0.0271,3,0.8465,0,74,debt_consolidation,0.0506713895057258,571.6761615492027,Flag / decline,2,Indeterminate,0
RETRO-2025-001644,2025-05-29,11500.0,1014.94,0.1336,1,0.1484,0,111,home_improvement,0.0226533362250376,595.7443748889393,Accept,0,Known good,0
RETRO-2025-001645,2025-02-11,5200.0,2240.33,0.0267,4,0.378,0,38,car,0.0443366221986174,575.7215115350257,Flag / decline,0,Known good,0
RETRO-2025-001646,2025-02-06,6500.0,750.57,0.0621,0,0.4173,0,31,car,0.0286655339436786,588.7744581435961,Flag / decline,0,Known good,0
RETRO-2025-001647,2025-01-06,4300.0,2304.16,0.0725,1,0.3628,0,103,debt_consolidation,0.0260544673706416,591.6076447114501,Flag / decline,0,Known good,0
RETRO-2025-001648,2025-02-10,15100.0,3610.51,0.0782,1,0.3358,0,22,debt_consolidation,0.0327101128633738,584.845669672301,Flag / decline,0,Known good,0
RETRO-2025-001649,2025-05-12,7600.0,3523.66,0.0347,3,0.6575,0,89,debt_consolidation,0.0426693996508554,576.8777463513479,Flag / decline,0,Known good,0
RETRO-2025-001650,2025-02-27,13000.0,1250.39,0.1059,1,0.3119,0,20,debt_consolidation,0.0332237522209088,584.3807783275158,Flag / decline,0,Known good,0
RETRO-2025-001651,2025-02-04,14000.0,1102.92,0.1015,0,0.3152,0,39,debt_consolidation,0.0262109409332867,591.430241026912,Flag / decline,0,Known good,0
RETRO-2025-001652,2025-06-18,9400.0,-548.25,0.4618,3,0.1065,0,87,debt_consolidation,0.059962865971475,566.5344062751437,Flag / decline,0,Known good,0
RETRO-2025-001653,2025-05-17,5900.0,3549.56,0.0557,0,0.183,1,50,home_improvement,0.0372524186885051,580.9579080037112,Flag / decline,0,Known good,0
RETRO-2025-001654,2025-06-05,3300.0,1207.48,0.2132,2,0.2811,0,44,major_purchase,0.0353027929485217,582.5673153837513,Flag / decline,0,Known good,0
RETRO-2025-001655,2025-01-01,6700.0,1522.31,0.0586,2,0.3218,1,20,debt_consolidation,0.0620720332124868,565.4721125885819,Flag / decline,0,Known good,0
RETRO-2025-001656,2025-03-16,5500.0,-0.96,0.12,0,0.0079,0,97,car,0.0289467351608677,588.4844339920501,Flag / decline,0,Known good,0
RETRO-2025-001657,2025-01-03,12600.0,3241.86,0.0456,4,0.7382,0,57,major_purchase,0.0558966819464436,568.685080165727,Flag / decline,0,Known good,0
RETRO-2025-001658,2025-02-11,5500.0,388.62,0.1066,2,0.7075,0,50,other,0.0449063384182452,575.3359006281914,Flag / decline,0,Known good,0
RETRO-2025-001659,2025-06-15,12300.0,887.88,0.0791,1,0.2496,0,12,home_improvement,0.0335166191819794,584.1188039600498,Flag / decline,0,Known good,0
RETRO-2025-001660,2025-03-15,23000.0,1299.48,0.1421,1,0.2513,0,56,debt_consolidation,0.0276347964418609,589.8616837269907,Flag / decline,0,Known good,0
RETRO-2025-001661,2025-01-09,13400.0,-86.41,0.3279,0,0.7765,0,55,debt_consolidation,0.0670429225438139,563.0959514621345,Flag / decline,0,Known good,0
RETRO-2025-001662,2025-04-20,5500.0,2949.79,0.0058,1,0.6494,0,91,debt_consolidation,0.0318462821335417,585.6436615492917,Flag / decline,0,Known good,0
RETRO-2025-001663,2025-02-25,5800.0,1447.01,0.1276,3,0.472,0,49,debt_consolidation,0.0432730497900663,576.4542068237508,Flag / decline,0,Known good,0
RETRO-2025-001664,2025-01-18,5500.0,3793.37,0.011,2,0.5925,0,120,other,0.0333360407478443,584.2800718047766,Flag / decline,0,Known good,0
RETRO-2025-001665,2025-04-08,11200.0,1074.87,0.1507,1,0.7543,0,104,debt_consolidation,0.0375866912013131,580.6901315853623,Flag / decline,7,Known bad,1
RETRO-2025-001666,2025-02-04,6000.0,1658.61,0.0395,1,0.3541,0,66,major_purchase,0.0271387873830932,590.3989930358271,Flag / decline,0,Known good,0
RETRO-2025-001667,2025-03-24,18400.0,1278.0,0.0326,1,0.463,0,30,major_purchase,0.0333763400720271,584.2440090058466,Flag / decline,0,Known good,0
RETRO-2025-001668,2025-04-29,9900.0,278.3,0.0671,1,0.183,0,24,other,0.028342301493795,589.1112630432457,Flag / decline,0,Known good,0
RETRO-2025-001669,2025-04-06,17500.0,-458.38,0.2246,2,0.4004,1,139,home_improvement,0.0867567065825343,555.0419174377324,Flag / decline,0,Known good,0
RETRO-2025-001670,2025-01-26,2300.0,1716.34,0.0388,1,0.2776,0,9,debt_consolidation,0.0347359930486056,583.0512829407002,Flag / decline,0,Known good,0
RETRO-2025-001671,2025-05-01,10900.0,2754.41,0.0272,3,0.4691,0,37,car,0.042008138337432,577.3483290679055,Flag / decline,0,Known good,0
RETRO-2025-001672,2025-02-27,7500.0,863.7,0.0845,1,0.287,0,65,car,0.0266344929386975,590.955154814046,Flag / decline,0,Known good,0
RETRO-2025-001673,2025-03-02,9300.0,2165.07,0.1548,1,0.2901,0,19,car,0.0340860409329803,583.6157109464508,Flag / decline,0,Known good,0
RETRO-2025-001674,2025-01-05,6300.0,1155.16,0.134,0,0.2462,0,130,debt_consolidation,0.0209175421909886,598.095778560953,Accept,0,Known good,0
RETRO-2025-001675,2025-03-31,5800.0,2108.97,0.1024,0,0.279,0,5,major_purchase,0.0346607437491856,583.1161068272653,Flag / decline,0,Known good,0
RETRO-2025-001676,2025-06-30,10500.0,1261.14,0.0268,0,0.4285,0,67,major_purchase,0.0249404547258067,592.9014892076187,Accept,0,Known good,0
RETRO-2025-001677,2025-06-15,7100.0,2321.71,0.0906,1,0.2915,0,33,home_improvement,0.0299039051383995,587.5173134189429,Flag / decline,0,Known good,0
RETRO-2025-001678,2025-04-24,9400.0,-154.44,0.3637,2,0.4233,0,191,other,0.0556750527028458,568.8064854114245,Flag / decline,0,Known good,0
RETRO-2025-001679,2025-04-08,6400.0,2135.2,0.0446,1,0.0281,0,30,car,0.0237834013993754,594.30636258654,Accept,0,Known good,0
RETRO-2025-001680,2025-06-30,1500.0,144.64,0.2732,1,0.3244,0,43,major_purchase,0.0537046185949428,569.9063264762261,Flag / decline,0,Known good,0
RETRO-2025-001681,2025-03-31,21700.0,361.13,0.2036,3,0.4618,0,55,debt_consolidation,0.0444919034388182,575.6159436474654,Flag / decline,0,Known good,0
RETRO-2025-001682,2025-03-13,4100.0,-4.12,0.2212,1,0.3264,0,18,debt_consolidation,0.0592134922644698,566.9202666445751,Flag / decline,0,Known good,0
RETRO-2025-001683,2025-04-02,4600.0,4081.4,0.027,1,0.3496,1,70,home_improvement,0.0449727895902374,575.2912273784748,Flag / decline,0,Known good,0
RETRO-2025-001684,2025-06-22,4700.0,29.17,0.1399,0,0.6315,0,51,debt_consolidation,0.0531829457497014,570.2038781737513,Flag / decline,3,Known bad,1
RETRO-2025-001685,2025-05-23,4800.0,1447.13,0.08,3,0.5454,0,45,major_purchase,0.0449160935861228,575.3293385602167,Flag / decline,0,Known good,0
RETRO-2025-001686,2025-05-12,10400.0,187.33,0.296,0,0.2445,0,76,home_improvement,0.0256216825374833,592.1037743291852,Flag / decline,0,Known good,0
RETRO-2025-001687,2025-06-12,11300.0,-385.6,0.1936,1,0.0892,0,68,major_purchase,0.0392873848082518,579.3622139999164,Flag / decline,0,Known good,0
RETRO-2025-001688,2025-04-14,14600.0,-139.54,0.3545,0,0.3398,0,35,education,0.0195820322467672,600.038766639212,Accept,1,Indeterminate,0
RETRO-2025-001689,2025-01-04,12700.0,825.08,0.0901,0,0.808,0,44,car,0.0377633822695853,580.5495124377848,Flag / decline,0,Known good,0
RETRO-2025-001690,2025-01-28,6000.0,1610.37,0.1795,3,0.2633,1,61,debt_consolidation,0.0618726885766432,565.5710580238417,Flag / decline,0,Known good,0
RETRO-2025-001691,2025-06-01,8000.0,1670.92,0.0393,1,0.2336,1,64,debt_consolidation,0.0419998007688276,577.3543075359455,Flag / decline,0,Known good,0
RETRO-2025-001692,2025-05-22,2500.0,1216.33,0.1753,1,0.2154,0,51,other,0.0279173825549551,589.5597430726359,Flag / decline,0,Known good,0
RETRO-2025-001693,2025-06-21,1300.0,1217.87,0.0259,2,0.1875,0,39,debt_consolidation,0.029195725419947,588.2299041616487,Flag / decline,0,Known good,0
RETRO-2025-001694,2025-03-27,5100.0,373.45,0.0869,1,0.6819,0,30,major_purchase,0.0412626211476335,577.8874423298817,Flag / decline,2,Indeterminate,0
RETRO-2025-001695,2025-04-10,8900.0,3206.01,0.0185,0,0.4023,0,34,car,0.0270499690316229,590.4962135065297,Flag / decline,0,Known good,0
RETRO-2025-001696,2025-05-03,8600.0,2180.3,0.0222,0,0.2834,0,56,debt_consolidation,0.022770960976939,595.5914692568009,Accept,0,Known good,0
RETRO-2025-001697,2025-01-25,4900.0,1904.3,0.1313,1,0.3489,0,50,major_purchase,0.0301835880462971,587.240385166086,Flag / decline,7,Known bad,1
RETRO-2025-001698,2025-02-20,4400.0,-563.67,0.3615,0,0.3632,0,50,debt_consolidation,0.0505782687441753,571.7320664305671,Flag / decline,0,Known good,0
RETRO-2025-001699,2025-03-06,17200.0,1845.05,0.0825,1,0.0837,0,31,car,0.025427644757312,592.3288673298765,Flag / decline,0,Known good,0
RETRO-2025-001700,2025-02-12,17700.0,335.27,0.2265,0,0.5729,0,26,car,0.0375205723876279,580.7429154535357,Flag / decline,0,Known good,0
RETRO-2025-001701,2025-06-29,4200.0,244.62,0.2026,1,0.2885,0,74,major_purchase,0.0284410944612587,589.0079278139452,Flag / decline,0,Known good,0
RETRO-2025-001702,2025-03-28,8500.0,1878.92,0.1042,1,0.116,0,35,home_improvement,0.0260030297714062,591.66618918922,Flag / decline,0,Known good,0
RETRO-2025-001703,2025-02-05,4900.0,380.16,0.2557,2,0.6467,0,44,home_improvement,0.0485373119443691,572.9824954887916,Flag / decline,0,Known good,0
RETRO-2025-001704,2025-01-29,15600.0,3379.12,0.0266,0,0.4808,0,56,home_improvement,0.0267621740173204,590.8133796159517,Flag / decline,0,Known good,0
RETRO-2025-001705,2025-02-28,9600.0,1097.09,0.1182,2,0.1559,0,165,debt_consolidation,0.0241368402812244,593.8702787605393,Accept,0,Known good,0
RETRO-2025-001706,2025-01-02,12700.0,1961.24,0.0637,1,0.5371,0,85,car,0.0306919963493172,586.7432916103862,Flag / decline,0,Known good,0
RETRO-2025-001707,2025-01-10,30000.0,-108.67,0.1781,0,0.2495,0,57,debt_consolidation,0.0397943966767146,578.9769991261552,Flag / decline,0,Known good,0
RETRO-2025-001708,2025-01-01,10000.0,1218.49,0.0784,1,0.4811,0,109,car,0.0285014618372372,588.9449562640388,Flag / decline,2,Indeterminate,0
RETRO-2025-001709,2025-05-02,20500.0,682.92,0.0449,1,0.7841,0,33,debt_consolidation,0.0427691643418598,576.80735515775,Flag / decline,0,Known good,0
RETRO-2025-001710,2025-01-10,7700.0,544.3,0.0364,1,0.1684,1,61,car,0.0401155070769456,578.735453639458,Flag / decline,0,Known good,0
RETRO-2025-001711,2025-05-25,8900.0,-73.02,0.0578,2,0.1327,0,86,debt_consolidation,0.0405231912628185,578.4314409582666,Flag / decline,0,Known good,0
RETRO-2025-001712,2025-03-13,3900.0,368.61,0.1607,0,0.2247,0,44,education,0.0091932043590252,622.1607190495504,Accept,0,Known good,0
RETRO-2025-001713,2025-04-25,7600.0,440.78,0.154,1,0.3167,0,52,debt_consolidation,0.0297167452672363,587.7040353345081,Flag / decline,0,Known good,0
RETRO-2025-001714,2025-06-21,6900.0,407.55,0.2079,0,0.5041,0,104,debt_consolidation,0.0281373979762129,589.3267070082131,Flag / decline,0,Known good,0
RETRO-2025-001715,2025-02-11,5500.0,3778.03,0.0429,0,0.2715,0,93,home_improvement,0.0210967213102238,597.8443884309909,Accept,0,Known good,0
RETRO-2025-001716,2025-04-23,14800.0,62.48,0.0666,0,0.3995,0,11,car,0.053184795904496,570.2028180245034,Flag / decline,0,Known good,0
RETRO-2025-001717,2025-05-04,12300.0,1929.77,0.0907,3,0.4784,0,68,home_improvement,0.0402344633363,578.6464425024769,Flag / decline,0,Known good,0
RETRO-2025-001718,2025-01-28,7200.0,3439.55,0.0165,3,0.3322,0,143,debt_consolidation,0.0301698758291947,587.253904254803,Flag / decline,0,Known good,0
RETRO-2025-001719,2025-02-11,13100.0,178.62,0.1267,0,0.1043,0,94,car,0.0195621588359154,600.068649625233,Accept,0,Known good,0
RETRO-2025-001720,2025-04-07,5500.0,2554.27,0.0455,1,0.035,0,172,car,0.0180593671347815,602.41920743864,Accept,0,Known good,0
RETRO-2025-001721,2025-04-23,11100.0,2109.08,0.0446,3,0.5082,0,33,car,0.0446462348580067,575.5113689929317,Flag / decline,0,Known good,0
RETRO-2025-001722,2025-06-20,6800.0,-104.75,0.3152,0,0.3412,1,106,home_improvement,0.0715962519514896,561.0588037481236,Flag / decline,0,Known good,0
RETRO-2025-001723,2025-02-07,3200.0,1469.54,0.0508,2,0.3929,0,155,car,0.0280775100604511,589.3899633588383,Flag / decline,0,Known good,0
RETRO-2025-001724,2025-03-12,7200.0,660.64,0.1221,1,0.2833,0,92,debt_consolidation,0.0258049426679457,591.8927028668375,Flag / decline,0,Known good,0
RETRO-2025-001725,2025-04-17,1400.0,-277.31,0.3627,0,0.2867,0,59,home_improvement,0.0464627518863809,574.305731931131,Flag / decline,5,Known bad,1
RETRO-2025-001726,2025-01-03,1400.0,2512.93,0.0237,0,0.3749,0,190,education,0.0073920208805639,628.5051043968156,Accept,0,Known good,0
RETRO-2025-001727,2025-06-21,9400.0,1878.56,0.0882,2,0.4066,0,79,major_purchase,0.0324956928287443,585.041829630889,Flag / decline,3,Known bad,1
RETRO-2025-001728,2025-01-11,10300.0,1818.22,0.076,3,0.7862,0,106,debt_consolidation,0.0472851327760967,573.7745951962096,Flag / decline,0,Known good,0
RETRO-2025-001729,2025-05-13,4100.0,548.8,0.297,1,0.9451,0,49,debt_consolidation,0.0545127443599717,569.4507272949281,Flag / decline,0,Known good,0
RETRO-2025-001730,2025-06-26,5600.0,378.58,0.1324,1,0.1355,0,104,car,0.0226377068742605,595.7647505193811,Accept,0,Known good,0
RETRO-2025-001731,2025-03-21,9400.0,1218.74,0.0513,1,0.4225,0,43,education,0.011443781817724,615.7766204153459,Accept,0,Known good,0
RETRO-2025-001732,2025-06-24,4400.0,-471.19,0.5473,2,0.6924,0,75,debt_consolidation,0.0896075128141053,554.0188172488091,Flag / decline,0,Known good,0
RETRO-2025-001733,2025-06-26,3900.0,4768.67,0.0864,0,0.8051,0,53,car,0.0364901803387495,581.5772598820653,Flag / decline,0,Known good,0
RETRO-2025-001734,2025-06-03,5500.0,509.48,0.0845,2,0.4359,0,83,home_improvement,0.0329129629679103,584.6612346406505,Flag / decline,2,Indeterminate,0
RETRO-2025-001735,2025-01-08,7400.0,547.18,0.088,0,0.6407,0,35,major_purchase,0.0342326893280371,583.4874580359198,Flag / decline,0,Known good,0
RETRO-2025-001736,2025-04-18,7400.0,-77.65,0.2211,1,0.0875,0,68,major_purchase,0.0400110903029566,578.8137940315121,Flag / decline,0,Known good,0
RETRO-2025-001737,2025-01-03,2700.0,1323.74,0.1092,0,0.4029,0,57,car,0.0266146141635124,590.9772873641174,Flag / decline,0,Known good,0
RETRO-2025-001738,2025-04-27,7200.0,1122.43,0.0919,1,0.3781,0,75,education,0.0103888144091231,618.5980538347344,Accept,0,Known good,0
RETRO-2025-001739,2025-06-03,21500.0,575.43,0.054,0,0.5652,0,20,home_improvement,0.0343260149654152,583.4061147642824,Flag / decline,0,Known good,0
RETRO-2025-001740,2025-02-02,5500.0,458.26,0.1102,0,0.2123,0,49,car,0.0234192926668141,594.7622735940548,Accept,0,Known good,0
RETRO-2025-001741,2025-04-29,3600.0,2082.08,0.0461,1,0.0271,0,27,major_purchase,0.0241886620620395,593.8068635765242,Accept,0,Known good,0
RETRO-2025-001742,2025-06-30,9600.0,1964.74,0.1246,1,0.1493,1,175,other,0.0355784656393271,582.3346295182359,Flag / decline,0,Known good,0
RETRO-2025-001743,2025-02-21,5100.0,42.66,0.2034,1,0.1028,0,66,debt_consolidation,0.040179180478533,578.6877774775847,Flag / decline,0,Known good,0
RETRO-2025-001744,2025-02-06,3100.0,754.86,0.1825,1,0.1324,0,142,car,0.0222639864570375,596.2560992468831,Accept,0,Known good,0
RETRO-2025-001745,2025-05-27,5700.0,-945.03,0.6818,3,0.5942,0,73,major_purchase,0.1035004508582256,549.41619231026,Flag / decline,0,Known good,0
RETRO-2025-001746,2025-05-09,4900.0,1118.12,0.052,2,0.168,0,28,car,0.0308585919918949,586.5821370826823,Flag / decline,0,Known good,0
RETRO-2025-001747,2025-03-07,7200.0,2183.19,0.1173,1,0.547,0,19,car,0.0406697547189963,578.3228631501036,Flag / decline,0,Known good,0
RETRO-2025-001748,2025-02-04,6300.0,293.8,0.2142,2,0.1807,0,42,major_purchase,0.0328605030590898,584.7088266544117,Flag / decline,0,Known good,0
RETRO-2025-001749,2025-06-26,5500.0,544.18,0.0771,1,0.6015,0,42,major_purchase,0.0364821919151446,581.5838164898921,Flag / decline,0,Known good,0
RETRO-2025-001750,2025-05-05,7200.0,1487.58,0.1523,1,0.1594,0,43,car,0.0269783204256293,590.5748664134711,Flag / decline,0,Known good,0
RETRO-2025-001751,2025-01-07,2700.0,2737.77,0.0456,1,0.5696,0,20,major_purchase,0.0390332694452304,579.5570816209198,Flag / decline,0,Known good,0
RETRO-2025-001752,2025-02-12,5200.0,628.01,0.0624,1,0.5359,0,152,home_improvement,0.0278989955563817,589.5792989115566,Flag / decline,6,Known bad,1
RETRO-2025-001753,2025-06-25,21400.0,-34.86,0.4626,2,0.5732,0,83,education,0.029004016518918,588.4256906492337,Flag / decline,4,Known bad,1
RETRO-2025-001754,2025-01-26,5000.0,-358.11,0.2809,2,0.4048,0,33,debt_consolidation,0.0679826823944001,562.6652275835714,Flag / decline,0,Known good,0
RETRO-2025-001755,2025-06-29,8200.0,993.85,0.1226,1,0.2725,0,22,major_purchase,0.03211083611612,585.3970704663326,Flag / decline,0,Known good,0
RETRO-2025-001756,2025-06-13,3500.0,-162.63,0.0397,2,0.0916,0,142,debt_consolidation,0.0357485384276261,582.1919414793691,Flag / decline,0,Known good,0
RETRO-2025-001757,2025-04-18,15000.0,623.65,0.2341,0,0.5781,0,45,debt_consolidation,0.0347634536115944,583.0276606120591,Flag / decline,0,Known good,0
RETRO-2025-001758,2025-01-02,10100.0,-130.76,0.0656,2,0.2221,0,116,debt_consolidation,0.04169632851284,577.572688909144,Flag / decline,0,Known good,0
RETRO-2025-001759,2025-01-18,6900.0,1647.22,0.0539,1,0.7527,0,69,home_improvement,0.0373941278801316,580.8441078469888,Flag / decline,0,Known good,0
RETRO-2025-001760,2025-06-23,2000.0,825.47,0.1142,2,0.3238,0,52,car,0.0331321335612448,584.4631907594954,Flag / decline,0,Known good,0
RETRO-2025-001761,2025-06-23,10300.0,1911.69,0.0503,0,0.4259,0,58,home_improvement,0.0259076557764818,591.7750394183804,Flag / decline,0,Known good,0
RETRO-2025-001762,2025-05-19,5800.0,1028.48,0.0114,1,0.3016,0,26,home_improvement,0.0295603107480355,587.8609804953297,Flag / decline,1,Indeterminate,0
RETRO-2025-001763,2025-01-30,5900.0,1376.34,0.106,2,0.1899,0,43,education,0.0112789049972835,616.200170135453,Accept,0,Known good,0
RETRO-2025-001764,2025-04-28,15600.0,606.82,0.078,1,0.2655,0,99,home_improvement,0.0243507430840739,593.6093740668183,Accept,0,Known good,0
RETRO-2025-001765,2025-04-18,1500.0,1782.5,0.032,1,0.3076,0,36,debt_consolidation,0.0286429392028546,588.7978815054738,Flag / decline,0,Known good,0
RETRO-2025-001766,2025-06-06,7200.0,-2.53,0.111,3,0.2928,1,32,car,0.104425263503831,549.1297371532576,Flag / decline,0,Known good,0
RETRO-2025-001767,2025-06-04,16300.0,1405.46,0.233,1,0.0773,0,7,debt_consolidation,0.035300105952209,582.5695919874744,Flag / decline,0,Known good,0
RETRO-2025-001768,2025-03-23,25200.0,-411.69,0.2936,1,0.1744,0,11,education,0.0224262385216978,596.0417961184291,Accept,0,Known good,0
RETRO-2025-001769,2025-03-20,2400.0,-114.63,0.112,2,0.7603,0,27,home_improvement,0.0817646469974794,556.9091738198024,Flag / decline,0,Known good,0
RETRO-2025-001770,2025-04-01,6400.0,4994.1,0.0239,2,0.6857,0,47,debt_consolidation,0.0420320318356591,577.3312024758303,Flag / decline,0,Known good,0
RETRO-2025-001771,2025-03-31,2300.0,3523.53,0.0232,3,0.2205,1,17,car,0.0651826303876757,563.9653774781102,Flag / decline,0,Known good,0
RETRO-2025-001772,2025-02-14,15800.0,643.77,0.1826,0,0.4005,0,52,car,0.0284220716080544,589.0277981758421,Flag / decline,0,Known good,0
RETRO-2025-001773,2025-02-07,13300.0,3364.29,0.0295,1,0.1109,0,69,debt_consolidation,0.0220096894907102,596.5950656945732,Accept,0,Known good,0
RETRO-2025-001774,2025-05-14,9800.0,8.22,0.1227,2,0.4139,1,48,home_improvement,0.0959684537606546,551.8376954568596,Flag / decline,0,Known good,0
RETRO-2025-001775,2025-03-26,3200.0,-662.33,0.537,0,0.5459,0,213,major_purchase,0.0525656143211856,570.5595713212207,Flag / decline,1,Indeterminate,0
RETRO-2025-001776,2025-05-01,10300.0,1241.36,0.0081,0,0.4889,0,88,major_purchase,0.0247174416794519,593.1672546624086,Accept,0,Known good,0
RETRO-2025-001777,2025-03-28,5500.0,895.68,0.0256,1,0.4025,0,11,major_purchase,0.0368910601153305,581.2499930427382,Flag / decline,0,Known good,0
RETRO-2025-001778,2025-04-10,4700.0,27.54,0.1601,0,0.0794,0,18,home_improvement,0.0410899449773198,578.0136400893086,Flag / decline,2,Indeterminate,0
RETRO-2025-001779,2025-03-13,11400.0,1581.34,0.0546,0,0.1877,0,58,car,0.0214644304362715,597.3349661508265,Accept,0,Known good,0
RETRO-2025-001780,2025-05-31,3500.0,863.27,0.0619,2,0.3068,0,111,car,0.0278828728037399,589.5964568728297,Flag / decline,0,Known good,0
RETRO-2025-001781,2025-02-14,5200.0,-395.71,0.3546,1,0.3851,0,20,debt_consolidation,0.0669164530819116,563.1543438328963,Flag / decline,0,Known good,0
RETRO-2025-001782,2025-02-14,5600.0,371.59,0.1228,1,0.4595,1,84,home_improvement,0.0509643824889449,571.5008959201809,Flag / decline,0,Known good,0
RETRO-2025-001783,2025-04-18,7500.0,-149.13,0.2378,1,0.6124,0,88,major_purchase,0.0586190578883631,567.2296154015863,Flag / decline,0,Known good,0
RETRO-2025-001784,2025-01-03,11400.0,1938.8,0.0216,3,0.6735,0,186,major_purchase,0.0380697757613296,580.3071616326038,Flag / decline,0,Known good,0
RETRO-2025-001785,2025-06-21,4500.0,547.09,0.2745,3,0.7095,0,51,home_improvement,0.0574193138777451,567.8630386785017,Flag / decline,0,Known good,0
RETRO-2025-001786,2025-01-13,7300.0,1084.8,0.1171,0,0.3684,0,85,debt_consolidation,0.0244183317166514,593.527398341096,Accept,0,Known good,0
RETRO-2025-001787,2025-01-22,14200.0,2344.78,0.0912,0,0.3865,0,141,debt_consolidation,0.0224032086824662,596.0721215812935,Accept,0,Known good,0
RETRO-2025-001788,2025-02-12,6900.0,-485.04,0.2754,2,0.5146,0,29,home_improvement,0.0750937384002905,559.573728938862,Flag / decline,0,Known good,0
RETRO-2025-001789,2025-06-29,2000.0,-88.04,0.1378,0,0.3039,0,142,debt_consolidation,0.0349084981418555,582.9031869721794,Flag / decline,0,Known good,0
RETRO-2025-001790,2025-01-11,18200.0,1083.89,0.0536,0,0.4151,0,68,education,0.0092446085713606,621.9983335524726,Accept,0,Known good,0
RETRO-2025-001791,2025-03-19,15400.0,635.2,0.1932,2,0.4941,0,75,home_improvement,0.0378634432731865,580.4701592352131,Flag / decline,0,Known good,0
RETRO-2025-001792,2025-05-11,4100.0,5807.0,0.0504,1,0.1651,0,67,debt_consolidation,0.0234514829136411,594.7216895069815,Accept,0,Known good,0
RETRO-2025-001793,2025-04-09,5000.0,1487.75,0.0204,0,0.3271,0,84,other,0.0220648530092793,596.5212112570275,Accept,0,Known good,0
RETRO-2025-001794,2025-03-22,10500.0,-344.73,0.1409,0,0.3416,0,123,debt_consolidation,0.0368856422133083,581.2543932162574,Flag / decline,0,Known good,0
RETRO-2025-001795,2025-01-08,4800.0,1674.62,0.0133,1,0.5796,0,139,debt_consolidation,0.0282909241916141,589.1651408446949,Flag / decline,0,Known good,0
RETRO-2025-001796,2025-05-05,26100.0,2973.37,0.0096,2,0.1926,0,60,home_improvement,0.0270519565248091,590.494034606204,Flag / decline,0,Known good,0
RETRO-2025-001797,2025-06-08,10400.0,2116.1,0.0378,0,0.3742,0,41,debt_consolidation,0.0260352633627352,591.6294888720876,Flag / decline,0,Known good,0
RETRO-2025-001798,2025-01-24,2400.0,691.27,0.1163,1,0.4965,1,53,debt_consolidation,0.0561017872767379,568.5731292881278,Flag / decline,0,Known good,0
RETRO-2025-001799,2025-04-20,2700.0,1726.25,0.0971,3,0.2066,0,49,debt_consolidation,0.0343277801077471,583.4045783102324,Flag / decline,0,Known good,0
RETRO-2025-001800,2025-03-29,9000.0,880.58,0.2157,2,0.4085,0,84,car,0.0353119315993354,582.5595737542602,Flag / decline,0,Known good,0
RETRO-2025-001801,2025-04-23,9000.0,3708.44,0.1025,3,0.64,0,79,debt_consolidation,0.044999760180011,575.2731137546348,Flag / decline,3,Known bad,1
RETRO-2025-001802,2025-03-10,7000.0,1882.69,0.09,4,0.5653,0,37,other,0.0538979825348838,569.7967277914115,Flag / decline,0,Known good,0
RETRO-2025-001803,2025-03-31,4200.0,-687.99,0.6818,1,0.4325,0,35,car,0.0799207028123505,557.6252168098631,Flag / decline,0,Known good,0
RETRO-2025-001804,2025-02-25,22700.0,103.73,0.1185,1,0.1964,0,79,debt_consolidation,0.0395788908576546,579.1401566925358,Flag / decline,0,Known good,0
RETRO-2025-001805,2025-01-24,8700.0,2695.58,0.0178,0,0.1439,1,118,home_improvement,0.0306486195149048,586.7853907099419,Flag / decline,0,Known good,0
RETRO-2025-001806,2025-05-19,7200.0,930.37,0.0149,1,0.8327,0,140,car,0.03461023304016,583.1596956789833,Flag / decline,0,Known good,0
RETRO-2025-001807,2025-06-08,4500.0,547.2,0.058,1,0.7208,0,89,debt_consolidation,0.0351161268957661,582.7258698427337,Flag / decline,0,Known good,0
RETRO-2025-001808,2025-06-25,2700.0,2456.32,0.07,2,0.2974,0,10,other,0.0404996557764945,578.4489116624657,Flag / decline,0,Known good,0
RETRO-2025-001809,2025-05-10,9800.0,1037.85,0.114,1,0.3757,0,86,car,0.0279247912755974,589.5518669238147,Flag / decline,0,Known good,0
RETRO-2025-001810,2025-02-02,5600.0,1234.64,0.1011,2,0.3735,0,30,major_purchase,0.0372291344007637,580.9766463426208,Flag / decline,3,Known bad,1
RETRO-2025-001811,2025-01-05,8300.0,1058.96,0.0289,1,0.3276,0,47,debt_consolidation,0.027836756506858,589.6455874582026,Flag / decline,0,Known good,0
RETRO-2025-001812,2025-06-14,5700.0,605.27,0.2064,1,0.1662,0,95,home_improvement,0.0248410839267444,593.0196224955376,Accept,0,Known good,0
RETRO-2025-001813,2025-03-01,8200.0,1479.34,0.0224,1,0.0691,0,43,home_improvement,0.0228427144391304,595.4985721359343,Accept,2,Indeterminate,0
RETRO-2025-001814,2025-03-29,13500.0,262.2,0.1493,1,0.0,0,63,education,0.0081935269580469,625.5114807587498,Accept,0,Known good,0
RETRO-2025-001815,2025-01-14,4600.0,1489.97,0.1002,4,0.443,0,24,car,0.0527378271552575,570.4599509454438,Flag / decline,0,Known good,0
RETRO-2025-001816,2025-04-03,14400.0,2617.78,0.0462,3,0.4457,0,36,debt_consolidation,0.0419805621830419,577.3681069286611,Flag / decline,0,Known good,0
RETRO-2025-001817,2025-01-24,8400.0,-366.83,0.2174,0,0.1499,0,104,major_purchase,0.0343759275606689,583.3626981022094,Flag / decline,0,Known good,0
RETRO-2025-001818,2025-02-12,20000.0,3684.54,0.0187,0,0.3049,0,37,debt_consolidation,0.0246902343066218,593.199837600226,Accept,0,Known good,0
RETRO-2025-001819,2025-03-26,18900.0,-598.92,0.4633,2,0.1218,0,51,home_improvement,0.0580561784284108,567.5252662941211,Flag / decline,0,Known good,0
RETRO-2025-001820,2025-04-22,5600.0,411.03,0.0869,2,0.1361,0,50,car,0.0281477462220518,589.3157899674686,Flag / decline,0,Known good,0
RETRO-2025-001821,2025-05-31,4000.0,714.73,0.0779,0,0.215,0,10,car,0.0293394931103918,588.0838950667053,Flag / decline,4,Known bad,1
RETRO-2025-001822,2025-01-10,1700.0,1236.12,0.0563,1,0.5162,0,22,major_purchase,0.0371579280439774,581.0340205918787,Flag / decline,0,Known good,0
RETRO-2025-001823,2025-06-27,7400.0,945.45,0.0813,1,0.2619,0,94,car,0.0245431026842029,593.3766477584838,Accept,0,Known good,0
RETRO-2025-001824,2025-02-07,14300.0,1725.8,0.1632,2,0.4126,0,38,car,0.0386837771658013,579.8270863204511,Flag / decline,0,Known good,0
RETRO-2025-001825,2025-06-22,3300.0,591.24,0.1396,2,0.332,1,7,debt_consolidation,0.0768808087543601,558.8393066014112,Flag / decline,0,Known good,0
RETRO-2025-001826,2025-06-25,12900.0,402.44,0.0715,4,0.3711,0,136,car,0.037214464190202,580.9884581750176,Flag / decline,0,Known good,0
RETRO-2025-001827,2025-03-28,12000.0,-96.51,0.371,0,0.723,0,87,debt_consolidation,0.0617672170896322,565.6235296883156,Flag / decline,0,Known good,0
RETRO-2025-001828,2025-02-16,5000.0,993.86,0.118,2,0.3989,0,23,home_improvement,0.040059789606896,578.7772322343909,Flag / decline,0,Known good,0
RETRO-2025-001829,2025-03-12,4100.0,3498.53,0.1233,0,0.3815,0,45,debt_consolidation,0.0274463360605919,590.0647238598771,Flag / decline,0,Known good,0
RETRO-2025-001830,2025-05-07,5000.0,567.35,0.0981,1,0.152,0,112,debt_consolidation,0.0221092690456561,596.4618768844545,Accept,0,Known good,0
RETRO-2025-001831,2025-04-28,7400.0,2347.62,0.0506,1,0.6153,0,22,debt_consolidation,0.0400233064486009,578.8046185554414,Flag / decline,0,Known good,0
RETRO-2025-001832,2025-02-09,13500.0,1424.08,0.1052,0,0.7527,0,44,debt_consolidation,0.0365375801217627,581.5383842468987,Flag / decline,0,Known good,0
RETRO-2025-001833,2025-06-04,2900.0,1322.35,0.0626,1,0.548,0,14,car,0.0409965213377925,578.0821291017098,Flag / decline,0,Known good,0
RETRO-2025-001834,2025-06-07,10400.0,-28.47,0.2352,1,0.6584,0,3,car,0.0978276640078335,551.2246492152036,Flag / decline,0,Known good,0
RETRO-2025-001835,2025-02-21,1800.0,1420.82,0.0164,1,0.4149,0,61,home_improvement,0.0283753411091143,589.0766654828302,Flag / decline,0,Known good,0
RETRO-2025-001836,2025-04-08,4700.0,4350.26,0.0657,1,0.7482,0,59,home_improvement,0.0385199515924647,579.9544587115553,Flag / decline,0,Known good,0
RETRO-2025-001837,2025-04-14,8500.0,1826.37,0.0649,0,0.4753,0,72,car,0.0263106987035569,591.3176766810926,Flag / decline,0,Known good,0
RETRO-2025-001838,2025-03-14,8000.0,229.39,0.1209,1,0.442,0,58,education,0.0116563901121074,615.2392707593302,Accept,3,Known bad,1
RETRO-2025-001839,2025-03-21,10600.0,2268.04,0.074,1,0.6664,0,83,home_improvement,0.0344006452858329,583.3412197979184,Flag / decline,0,Known good,0
RETRO-2025-001840,2025-06-27,11800.0,285.49,0.0268,1,0.4231,0,104,debt_consolidation,0.0264141044857746,591.2014334714595,Flag / decline,0,Known good,0
RETRO-2025-001841,2025-01-22,6100.0,1312.46,0.0678,0,0.3617,0,67,debt_consolidation,0.0243512738192721,593.6087294941681,Accept,4,Known bad,1
RETRO-2025-001842,2025-04-29,12500.0,1615.37,0.0989,2,0.5475,0,56,home_improvement,0.0386750047592408,579.8338936285518,Flag / decline,0,Known good,0
RETRO-2025-001843,2025-04-09,6700.0,2403.33,0.0245,0,0.6299,0,63,home_improvement,0.0295419935861276,587.8794100849784,Flag / decline,0,Known good,0
RETRO-2025-001844,2025-06-24,18900.0,723.17,0.1789,0,0.0,0,33,car,0.0221046662683663,596.4680202162275,Accept,0,Known good,0
RETRO-2025-001845,2025-03-03,5100.0,2654.51,0.0285,0,0.0408,0,28,debt_consolidation,0.0210195634679038,597.9523845448731,Accept,0,Known good,0
RETRO-2025-001846,2025-04-04,3300.0,129.08,0.376,3,0.4182,0,74,debt_consolidation,0.0735904876742112,560.2040535368377,Flag / decline,0,Known good,0
RETRO-2025-001847,2025-05-24,4300.0,89.2,0.2673,4,0.6592,0,42,home_improvement,0.1009936672069709,550.2042051364061,Flag / decline,0,Known good,0
RETRO-2025-001848,2025-03-24,4500.0,817.82,0.0843,1,0.6835,0,217,car,0.0301064033609976,587.3165604120467,Flag / decline,4,Known bad,1
RETRO-2025-001849,2025-06-12,2900.0,751.1,0.0753,1,0.3312,0,12,debt_consolidation,0.0356625975066592,582.2639624774044,Flag / decline,0,Known good,0
RETRO-2025-001850,2025-02-07,6400.0,1235.04,0.0955,5,0.4732,0,24,major_purchase,0.0611753904424652,565.9195232190009,Flag / decline,0,Known good,0
RETRO-2025-001851,2025-03-16,5700.0,-805.07,0.3731,1,0.4801,0,56,car,0.062375340014605,565.32213288398,Flag / decline,0,Known good,0
RETRO-2025-001852,2025-01-23,4300.0,1660.47,0.1809,2,0.2296,0,106,debt_consolidation,0.0287760232677028,588.6601742405086,Flag / decline,0,Known good,0
RETRO-2025-001853,2025-01-26,19700.0,1283.4,0.0296,1,0.3994,0,36,home_improvement,0.0307665770764217,586.6710422870219,Flag / decline,0,Known good,0
RETRO-2025-001854,2025-02-14,16500.0,4666.29,0.0626,0,0.5171,0,97,major_purchase,0.0258892192601375,591.7961259723538,Flag / decline,0,Known good,0
RETRO-2025-001855,2025-04-21,30000.0,782.68,0.0898,1,0.3839,0,72,major_purchase,0.0284210696371943,589.0288451445166,Flag / decline,7,Known bad,1
RETRO-2025-001856,2025-02-24,5800.0,2544.04,0.0153,3,0.8284,0,137,home_improvement,0.0449590572152587,575.3004541083745,Flag / decline,0,Known good,0
RETRO-2025-001857,2025-01-16,7300.0,269.14,0.0947,1,0.4177,0,44,car,0.0316928747827327,585.7875617320834,Flag / decline,0,Known good,0
RETRO-2025-001858,2025-06-08,5400.0,308.77,0.3369,1,0.7343,0,21,home_improvement,0.0541809411394304,569.6370132924434,Flag / decline,0,Known good,0
RETRO-2025-001859,2025-04-01,6500.0,101.38,0.179,0,0.6234,0,71,debt_consolidation,0.0515911174932139,571.1291676680722,Flag / decline,0,Known good,0
RETRO-2025-001860,2025-01-05,1400.0,-396.08,0.1701,2,0.3931,0,84,major_purchase,0.0540050411127926,569.7362063692531,Flag / decline,0,Known good,0
RETRO-2025-001861,2025-06-24,5800.0,2386.43,0.0331,2,0.1671,0,16,home_improvement,0.0331677562997894,584.4311214254953,Flag / decline,0,Known good,0
RETRO-2025-001862,2025-02-19,2900.0,1418.48,0.0812,2,0.107,0,58,education,0.0098624689468688,620.1136015639258,Accept,0,Known good,0
RETRO-2025-001863,2025-04-05,14200.0,866.61,0.1923,0,0.1741,1,38,car,0.0425669948949812,576.9501640330151,Flag / decline,0,Known good,0
RETRO-2025-001864,2025-06-02,14100.0,1265.88,0.0605,1,0.2281,0,106,home_improvement,0.0230764526167566,595.197922059932,Accept,0,Known good,0
RETRO-2025-001865,2025-01-22,6800.0,-235.78,0.2084,4,0.2769,0,64,car,0.0682800825224651,562.5300687481524,Flag / decline,0,Known good,0
RETRO-2025-001866,2025-05-01,5700.0,1111.06,0.2006,0,0.2475,1,63,education,0.0156065853840997,606.7030398348801,Accept,0,Known good,0
RETRO-2025-001867,2025-06-08,6900.0,211.3,0.1817,0,0.1921,1,18,home_improvement,0.0480631146476467,573.2801537279017,Flag / decline,0,Known good,0
RETRO-2025-001868,2025-06-09,7500.0,2901.19,0.0448,1,0.0571,0,43,major_purchase,0.0229939222044171,595.30373732678,Accept,0,Known good,0
RETRO-2025-001869,2025-05-22,4600.0,56.02,0.127,3,0.8299,0,55,major_purchase,0.0886570424367185,554.356614845861,Flag / decline,0,Known good,0
RETRO-2025-001870,2025-03-23,15900.0,149.5,0.2797,1,0.1838,0,10,car,0.0601979605339772,566.4142838673076,Flag / decline,0,Known good,0
RETRO-2025-001871,2025-04-17,2500.0,1213.14,0.1303,2,0.1419,0,126,debt_consolidation,0.0251522324727057,592.6512478576025,Flag / decline,0,Known good,0
RETRO-2025-001872,2025-01-18,5100.0,334.68,0.0801,0,0.4521,0,151,major_purchase,0.0231675268307318,595.0815804746196,Accept,0,Known good,0
RETRO-2025-001873,2025-01-14,14700.0,938.29,0.1358,0,0.0772,0,63,debt_consolidation,0.0205549852663426,598.6109614066806,Accept,0,Known good,0
RETRO-2025-001874,2025-05-12,12700.0,815.21,0.1765,0,0.4455,0,66,home_improvement,0.0282371356259717,589.2216491473131,Flag / decline,0,Known good,0
RETRO-2025-001875,2025-01-11,12200.0,-242.86,0.1701,0,0.2134,0,148,debt_consolidation,0.0330277431841363,584.5573602209489,Flag / decline,0,Known good,0
RETRO-2025-001876,2025-04-30,3900.0,2933.32,0.0474,1,0.3815,0,28,home_improvement,0.0319581147960817,585.5391814002048,Flag / decline,0,Known good,0
RETRO-2025-001877,2025-03-10,8800.0,1469.37,0.0486,1,0.3349,0,7,home_improvement,0.0379455820003492,580.4051696788792,Flag / decline,0,Known good,0
RETRO-2025-001878,2025-02-04,5300.0,2030.92,0.0107,1,0.528,0,66,debt_consolidation,0.0305418105352302,586.8892999239436,Flag / decline,0,Known good,0
RETRO-2025-001879,2025-01-23,7300.0,1836.32,0.0645,1,0.2674,0,183,car,0.0218606558877368,596.7955044375368,Accept,0,Known good,0
RETRO-2025-001880,2025-01-25,5800.0,341.47,0.2206,4,0.4785,0,23,debt_consolidation,0.0593629361949177,566.8429526562303,Flag / decline,0,Known good,0
RETRO-2025-001881,2025-05-08,8700.0,2332.48,0.1089,2,0.3695,0,85,home_improvement,0.0316499824320431,585.827916425029,Flag / decline,0,Known good,0
RETRO-2025-001882,2025-06-28,5100.0,700.8,0.1419,1,0.6013,0,62,major_purchase,0.0359255641168478,582.044112705833,Flag / decline,0,Known good,0
RETRO-2025-001883,2025-03-19,11200.0,-17.65,0.1388,1,0.2575,0,159,home_improvement,0.0376994944559036,580.6002842894251,Flag / decline,0,Known good,0
RETRO-2025-001884,2025-02-10,2500.0,433.89,0.2494,1,0.433,0,81,major_purchase,0.0325327514818052,585.0078376673579,Flag / decline,0,Known good,0
RETRO-2025-001885,2025-06-09,5200.0,487.32,0.3526,1,0.4219,0,193,other,0.0302074607157873,587.2168629203954,Flag / decline,0,Known good,0
RETRO-2025-001886,2025-06-16,11700.0,717.94,0.0296,1,0.6296,0,88,debt_consolidation,0.0320603590359098,585.4439681899279,Flag / decline,0,Known good,0
RETRO-2025-001887,2025-05-31,6600.0,1358.24,0.0523,0,0.1886,0,81,major_purchase,0.0203189308267577,598.951191553493,Accept,0,Known good,0
RETRO-2025-001888,2025-02-01,7000.0,691.1,0.1244,1,0.2676,1,130,home_improvement,0.0409624976555685,578.1071090324423,Flag / decline,0,Known good,0
RETRO-2025-001889,2025-02-24,22600.0,5732.25,0.0631,0,0.6009,1,46,major_purchase,0.052686722311852,570.4894815923471,Flag / decline,0,Known good,0
RETRO-2025-001890,2025-02-17,7900.0,1317.2,0.1254,3,0.1218,0,54,home_improvement,0.0322472320651163,585.2707020316609,Flag / decline,0,Known good,0
RETRO-2025-001891,2025-05-28,8500.0,1582.28,0.0628,2,0.5911,1,22,car,0.0754375007503958,559.4312174434151,Flag / decline,0,Known good,0
RETRO-2025-001892,2025-05-16,6800.0,509.66,0.1407,1,0.2618,0,38,debt_consolidation,0.0296096096069601,587.8114339941325,Flag / decline,0,Known good,0
RETRO-2025-001893,2025-01-18,8800.0,48.36,0.2018,0,0.5921,0,11,car,0.0678224444015196,562.7382780066696,Flag / decline,0,Known good,0
RETRO-2025-001894,2025-04-14,16700.0,1373.85,0.1246,0,0.5349,0,40,debt_consolidation,0.0316352295732712,585.8418086820795,Flag / decline,0,Known good,0
RETRO-2025-001895,2025-01-14,7500.0,424.55,0.1718,1,0.6866,0,111,car,0.0357912871983809,582.1561788324354,Flag / decline,8,Known bad,1
RETRO-2025-001896,2025-04-06,10200.0,-30.63,0.3578,2,0.3157,0,29,major_purchase,0.0682822670571681,562.5290779672479,Flag / decline,0,Known good,0
RETRO-2025-001897,2025-04-30,7000.0,-187.96,0.2171,2,0.2532,0,44,car,0.0553583113849559,568.9807834792342,Flag / decline,0,Known good,0
RETRO-2025-001898,2025-06-25,4600.0,1360.87,0.0559,0,0.3244,0,12,major_purchase,0.0306694951453146,586.7651228079287,Flag / decline,0,Known good,0
RETRO-2025-001899,2025-06-28,1700.0,-351.27,0.1998,2,0.5381,0,92,debt_consolidation,0.0608293903448301,566.0938124322842,Flag / decline,0,Known good,0
RETRO-2025-001900,2025-06-10,4000.0,-1004.9,0.9131,3,0.8291,0,47,debt_consolidation,0.1516466707098217,536.8019048172474,Flag / decline,0,Known good,0
RETRO-2025-001901,2025-03-05,9400.0,822.48,0.3118,1,0.4232,0,109,major_purchase,0.0321919502320337,585.3218572828634,Flag / decline,0,Known good,0
RETRO-2025-001902,2025-05-22,4700.0,1143.8,0.308,4,0.4257,0,88,debt_consolidation,0.0492369690254307,572.548315171891,Flag / decline,0,Known good,0
RETRO-2025-001903,2025-05-30,10800.0,383.6,0.0708,1,0.2412,0,82,car,0.0244897245762457,593.4410485153514,Accept,0,Known good,0
RETRO-2025-001904,2025-01-13,4000.0,1041.35,0.0695,0,0.2982,1,63,debt_consolidation,0.0397314315039256,579.0245817450302,Flag / decline,0,Known good,0
RETRO-2025-001905,2025-03-08,20600.0,-38.29,0.252,1,0.2324,1,49,debt_consolidation,0.080501602526966,557.3980292494149,Flag / decline,0,Known good,0
RETRO-2025-001906,2025-05-03,6400.0,1006.89,0.2757,1,0.3056,0,20,car,0.0373307470466065,580.8949547581994,Flag / decline,0,Known good,0
RETRO-2025-001907,2025-03-12,6400.0,1350.0,0.1211,1,0.0633,0,112,home_improvement,0.020932915778677,598.074126776041,Accept,0,Known good,0
RETRO-2025-001908,2025-02-27,9600.0,38.9,0.0818,0,0.2733,0,102,debt_consolidation,0.0345115988569626,583.24499039968,Flag / decline,0,Known good,0
RETRO-2025-001909,2025-06-16,3000.0,1587.33,0.0854,2,0.6259,0,39,home_improvement,0.0431304702944237,576.553733655154,Flag / decline,0,Known good,0
RETRO-2025-001910,2025-01-24,4600.0,3413.33,0.0874,0,0.53,1,92,home_improvement,0.0454918154877975,574.9444492488298,Flag / decline,1,Indeterminate,0
RETRO-2025-001911,2025-05-16,5000.0,1089.13,0.0378,1,0.6518,0,38,debt_consolidation,0.037498477425859,580.7605741969957,Flag / decline,0,Known good,0
RETRO-2025-001912,2025-03-13,11800.0,3158.56,0.035,2,0.1163,0,26,car,0.029593086275233,587.8280314107376,Flag / decline,0,Known good,0
RETRO-2025-001913,2025-01-21,6800.0,1385.59,0.1724,0,0.4194,0,66,home_improvement,0.027572429810505,589.9287258460082,Flag / decline,0,Known good,0
RETRO-2025-001914,2025-02-11,18100.0,-376.88,0.2406,3,0.4504,0,43,major_purchase,0.0746331434614472,559.7656176103264,Flag / decline,0,Known good,0
RETRO-2025-001915,2025-05-28,13100.0,2327.26,0.0779,2,0.6291,0,56,debt_consolidation,0.0406367337669367,578.3472931422718,Flag / decline,0,Known good,0
RETRO-2025-001916,2025-06-10,3100.0,514.12,0.1037,1,0.3771,0,20,debt_consolidation,0.0349346238695574,582.8808195111899,Flag / decline,0,Known good,0
RETRO-2025-001917,2025-03-29,19200.0,436.68,0.0621,1,0.4168,0,42,home_improvement,0.0311654422092945,586.2875009553699,Flag / decline,0,Known good,0
RETRO-2025-001918,2025-04-12,9300.0,1983.08,0.1444,0,0.276,0,112,debt_consolidation,0.0221160472625992,596.4528322665179,Accept,0,Known good,0
RETRO-2025-001919,2025-06-08,30000.0,993.67,0.0505,0,0.6518,0,25,other,0.0354335507186391,582.4567298500601,Flag / decline,0,Known good,0
RETRO-2025-001920,2025-03-15,11600.0,1831.15,0.0516,1,0.8959,0,109,home_improvement,0.0388784627548784,579.6763921064908,Flag / decline,0,Known good,0
RETRO-2025-001921,2025-01-06,8500.0,-376.23,0.1331,1,0.3656,1,150,home_improvement,0.0691986351667885,562.1160329601279,Flag / decline,0,Known good,0
RETRO-2025-001922,2025-03-29,14900.0,1748.15,0.0689,0,0.3553,0,65,debt_consolidation,0.0243642338564974,593.5929939067836,Accept,0,Known good,0
RETRO-2025-001923,2025-01-02,1800.0,1817.6,0.1277,1,0.3661,0,26,education,0.0125324040511007,613.1228424558396,Accept,0,Known good,0
RETRO-2025-001924,2025-03-01,6600.0,1316.7,0.1509,1,0.5836,1,58,debt_consolidation,0.0606334092111328,566.1929449323713,Flag / decline,0,Known good,0
RETRO-2025-001925,2025-04-07,13500.0,4615.35,0.0325,1,0.3313,0,37,car,0.0290745584404839,588.353502748256,Flag / decline,0,Known good,0
RETRO-2025-001926,2025-02-13,9100.0,956.35,0.0943,1,0.0524,0,197,car,0.0185616848011614,601.6128366741932,Accept,0,Known good,0
RETRO-2025-001927,2025-04-21,4300.0,305.62,0.1595,1,0.0885,0,15,car,0.0302023064140849,587.2219400378774,Flag / decline,0,Known good,0
RETRO-2025-001928,2025-05-16,6400.0,173.68,0.2929,0,0.5384,0,79,debt_consolidation,0.0321282222688406,585.3809336767054,Flag / decline,3,Known bad,1
RETRO-2025-001929,2025-01-28,6800.0,-12.89,0.3675,1,0.7442,0,81,major_purchase,0.0718930244339915,560.9302242213558,Flag / decline,0,Known good,0
RETRO-2025-001930,2025-06-08,7200.0,1181.36,0.0528,1,0.3694,0,135,car,0.0247174801212765,593.1672086500789,Accept,0,Known good,0
RETRO-2025-001931,2025-04-07,7000.0,3507.3,0.1101,0,0.2481,0,64,other,0.0230897618384361,595.1808924258356,Accept,0,Known good,0
RETRO-2025-001932,2025-06-29,4100.0,3943.03,0.0738,1,0.0854,0,56,home_improvement,0.0230276862300525,595.2604024791642,Accept,0,Known good,0
RETRO-2025-001933,2025-01-20,3800.0,652.27,0.1958,1,0.2693,0,31,major_purchase,0.0320009160838313,585.4992876369106,Flag / decline,0,Known good,0
RETRO-2025-001934,2025-02-10,4800.0,375.36,0.129,1,0.3264,0,85,home_improvement,0.0271884840542857,590.3447299786341,Flag / decline,0,Known good,0
RETRO-2025-001935,2025-05-05,3500.0,981.21,0.0495,3,0.3261,0,59,education,0.0131350212981532,611.75012152562,Accept,0,Known good,0
RETRO-2025-001936,2025-01-17,4100.0,311.45,0.1697,1,0.2616,1,46,education,0.0185597676257201,601.6158734168822,Accept,2,Indeterminate,0
RETRO-2025-001937,2025-06-15,8500.0,1102.31,0.069,1,0.6758,0,103,car,0.0333632222354756,584.255743193492,Flag / decline,0,Known good,0
RETRO-2025-001938,2025-01-03,7100.0,2541.52,0.0043,0,0.6953,0,43,car,0.0325935663164497,584.9521364051261,Flag / decline,0,Known good,0
RETRO-2025-001939,2025-04-14,5300.0,2169.75,0.0071,0,0.0847,0,24,debt_consolidation,0.0219667000384533,596.652746711622,Accept,0,Known good,0
RETRO-2025-001940,2025-03-07,5800.0,-57.97,0.1362,0,0.4801,0,61,car,0.045824437003461,574.7241897525792,Flag / decline,0,Known good,0
RETRO-2025-001941,2025-04-12,12600.0,690.71,0.1297,0,0.1524,0,11,major_purchase,0.0285637691858361,588.8800966791813,Flag / decline,0,Known good,0
RETRO-2025-001942,2025-06-03,3700.0,375.23,0.3072,3,0.6909,0,215,home_improvement,0.0462028995832166,574.4754181486677,Flag / decline,0,Known good,0
RETRO-2025-001943,2025-02-15,8000.0,191.37,0.2814,0,0.2097,0,82,home_improvement,0.024355057010927,593.6041352420947,Accept,0,Known good,0
RETRO-2025-001944,2025-01-09,5600.0,1358.97,0.0842,2,0.4314,0,138,car,0.0302198780479721,587.2046349801144,Flag / decline,0,Known good,0
RETRO-2025-001945,2025-06-19,3100.0,1575.5,0.0959,1,0.5818,0,69,car,0.0336502372483879,584.0000136883895,Flag / decline,0,Known good,0
RETRO-2025-001946,2025-06-04,9800.0,505.84,0.1823,2,0.5248,0,240,debt_consolidation,0.0319534200357937,585.5435603856758,Flag / decline,0,Known good,0
RETRO-2025-001947,2025-04-29,8600.0,3151.17,0.0327,0,0.7695,0,130,car,0.0295734831909108,587.8477340450133,Flag / decline,0,Known good,0
RETRO-2025-001948,2025-01-16,24500.0,-721.1,0.2562,2,0.3092,0,9,home_improvement,0.0751326361776225,559.557573284565,Flag / decline,0,Known good,0
RETRO-2025-001949,2025-03-09,1100.0,-217.04,0.3246,0,0.3722,0,49,debt_consolidation,0.0497838922461075,572.2129707888053,Flag / decline,0,Known good,0
RETRO-2025-001950,2025-02-06,5500.0,1972.09,0.0302,3,0.504,0,29,home_improvement,0.0449368290363275,575.3153948295242,Flag / decline,0,Known good,0
RETRO-2025-001951,2025-05-14,8200.0,2932.75,0.0273,0,0.3191,0,140,major_purchase,0.0202816074281564,599.0053406298564,Accept,0,Known good,0
RETRO-2025-001952,2025-05-06,6600.0,1269.36,0.1894,4,0.1376,0,20,home_improvement,0.0454752427870751,574.9554636336348,Flag / decline,0,Known good,0
RETRO-2025-001953,2025-05-02,11400.0,1665.49,0.1538,3,0.2274,0,32,home_improvement,0.0388579718736389,579.6922187062504,Flag / decline,0,Known good,0
RETRO-2025-001954,2025-05-26,8500.0,1012.0,0.1411,2,0.0015,0,74,home_improvement,0.0246817184165594,593.2100432299502,Accept,0,Known good,0
RETRO-2025-001955,2025-02-05,6100.0,-395.01,0.2295,0,0.3188,1,135,debt_consolidation,0.0638919031844014,564.5822784938085,Flag / decline,0,Known good,0
RETRO-2025-001956,2025-01-28,13900.0,758.94,0.0527,0,0.7897,0,63,major_purchase,0.0342367126174357,583.483946899752,Flag / decline,0,Known good,0
RETRO-2025-001957,2025-06-20,3900.0,271.66,0.4301,1,0.0605,0,21,home_improvement,0.034070283610802,583.6295233355967,Flag / decline,0,Known good,0
RETRO-2025-001958,2025-06-02,3100.0,-336.61,0.1994,0,0.5277,0,51,major_purchase,0.0511455868622283,571.3929777822422,Flag / decline,0,Known good,0
RETRO-2025-001959,2025-04-26,5400.0,2364.43,0.0382,0,0.3132,0,98,debt_consolidation,0.0215587876469978,597.2056205279497,Accept,0,Known good,0
RETRO-2025-001960,2025-06-14,6800.0,1093.36,0.1518,1,0.4422,1,73,debt_consolidation,0.0524582693425643,570.6218235046579,Flag / decline,0,Known good,0
RETRO-2025-001961,2025-02-05,13200.0,1056.78,0.115,1,0.245,0,70,other,0.0260162814894641,591.6510957754685,Flag / decline,0,Known good,0
RETRO-2025-001962,2025-02-20,6300.0,6147.09,0.05,0,0.0333,0,39,car,0.0201331327517201,599.2217195119532,Accept,0,Known good,0
RETRO-2025-001963,2025-03-10,12700.0,268.59,0.0802,0,0.0912,1,89,debt_consolidation,0.0321592173555268,585.3521868165503,Flag / decline,0,Known good,0
RETRO-2025-001964,2025-04-25,29600.0,3517.61,0.0571,2,0.7342,0,31,major_purchase,0.0476949334797091,573.5131938617467,Flag / decline,0,Known good,0
RETRO-2025-001965,2025-06-12,29200.0,2109.51,0.0499,2,0.4411,0,181,major_purchase,0.0284397411257828,589.0093410170721,Flag / decline,0,Known good,0
RETRO-2025-001966,2025-05-20,2500.0,-35.74,0.1865,1,0.4884,0,40,home_improvement,0.0580464420374479,567.5304039293651,Flag / decline,0,Known good,0
RETRO-2025-001967,2025-03-24,2600.0,265.22,0.2522,3,0.7834,0,56,home_improvement,0.0590020714833606,567.029956914409,Flag / decline,0,Known good,0
RETRO-2025-001968,2025-05-11,9100.0,2234.45,0.013,1,0.1431,0,19,car,0.0273771889285072,590.1395602719424,Flag / decline,0,Known good,0
RETRO-2025-001969,2025-04-19,2600.0,547.78,0.2653,1,0.0809,1,112,other,0.0400196925329071,578.8073326669638,Flag / decline,0,Known good,0
RETRO-2025-001970,2025-06-22,6900.0,-701.33,0.2037,0,0.1693,0,175,car,0.0317989707179064,585.6879692900147,Flag / decline,0,Known good,0
RETRO-2025-001971,2025-05-06,8000.0,-746.68,0.349,2,0.3517,1,48,education,0.0414502980767002,577.7508533585566,Flag / decline,0,Known good,0
RETRO-2025-001972,2025-01-15,2700.0,3544.14,0.0455,1,0.6621,1,89,debt_consolidation,0.0560078367234125,568.6243616403021,Flag / decline,0,Known good,0
RETRO-2025-001973,2025-05-01,6700.0,4095.42,0.0518,1,0.4314,0,83,home_improvement,0.0280750493444208,589.3925652809485,Flag / decline,0,Known good,0
RETRO-2025-001974,2025-01-19,2800.0,-139.37,0.2134,1,0.1776,0,37,car,0.0469926466816856,573.9624845333816,Flag / decline,0,Known good,0
RETRO-2025-001975,2025-03-26,3500.0,275.07,0.0842,2,0.1797,0,72,major_purchase,0.0274419116752009,590.0695067846714,Flag / decline,0,Known good,0
RETRO-2025-001976,2025-02-15,4600.0,2245.41,0.1099,1,0.656,1,141,home_improvement,0.0542633001692293,569.5906739161247,Flag / decline,0,Known good,0
RETRO-2025-001977,2025-04-18,5800.0,-462.2,0.3228,0,0.2614,0,99,home_improvement,0.04080219203056,578.2250721244079,Flag / decline,0,Known good,0
RETRO-2025-001978,2025-03-15,8100.0,285.48,0.125,2,0.497,0,246,debt_consolidation,0.0298724568979651,587.5486087567762,Flag / decline,0,Known good,0
RETRO-2025-001979,2025-06-14,20200.0,1107.03,0.1257,2,0.5749,0,67,car,0.0391578442768141,579.461400205442,Flag / decline,0,Known good,0
RETRO-2025-001980,2025-06-13,8800.0,366.8,0.1627,2,0.3228,1,67,car,0.0555247001644016,568.889105506003,Flag / decline,0,Known good,0
RETRO-2025-001981,2025-01-14,13600.0,787.66,0.1573,2,0.7763,0,45,car,0.0499363883267031,572.1200907251833,Flag / decline,4,Known bad,1
RETRO-2025-001982,2025-06-21,2700.0,-272.69,0.2108,0,0.4499,0,53,debt_consolidation,0.0482268789519823,573.1770433879443,Flag / decline,0,Known good,0
RETRO-2025-001983,2025-06-05,5300.0,1769.57,0.0243,2,0.2021,0,19,debt_consolidation,0.033010194286327,584.5732191161646,Flag / decline,0,Known good,0
RETRO-2025-001984,2025-02-05,2800.0,-762.56,0.8699,1,0.9409,1,100,education,0.0739963599725775,560.0327093247314,Flag / decline,5,Known bad,1
RETRO-2025-001985,2025-02-09,5900.0,2574.75,0.0754,2,0.3854,0,59,debt_consolidation,0.0331681103269687,584.4308028798431,Flag / decline,0,Known good,0
RETRO-2025-001986,2025-03-21,5700.0,2042.25,0.0543,3,0.5257,0,20,debt_consolidation,0.0492122785444597,572.5635372435543,Flag / decline,0,Known good,0
RETRO-2025-001987,2025-01-05,3800.0,4465.45,0.0451,1,0.3311,0,65,other,0.0268173802696615,590.7522829955948,Flag / decline,0,Known good,0
RETRO-2025-001988,2025-06-20,12400.0,435.5,0.0799,1,0.2119,0,101,debt_consolidation,0.0232819353702098,594.9360618824361,Accept,0,Known good,0
RETRO-2025-001989,2025-06-21,5200.0,40.11,0.1321,0,0.2767,0,54,home_improvement,0.0396844008971965,579.0601698382459,Flag / decline,0,Known good,0
RETRO-2025-001990,2025-01-22,6200.0,1259.73,0.1256,1,0.6126,0,37,car,0.0388664989912838,579.6856316196832,Flag / decline,0,Known good,0
RETRO-2025-001991,2025-02-27,12400.0,1034.03,0.0849,1,0.2561,0,47,other,0.0273738223855553,590.1432084946529,Flag / decline,0,Known good,0
RETRO-2025-001992,2025-04-26,5800.0,233.65,0.0568,0,0.6063,0,52,car,0.030594607091846,586.8378928376659,Flag / decline,0,Known good,0
RETRO-2025-001993,2025-04-13,14800.0,1525.2,0.1504,2,0.3822,0,49,debt_consolidation,0.0359529475724767,582.0213082702367,Flag / decline,0,Known good,0
RETRO-2025-001994,2025-02-28,2000.0,637.9,0.3732,0,0.2612,0,21,car,0.0336389909791625,584.009994378959,Flag / decline,0,Known good,0
RETRO-2025-001995,2025-01-24,2300.0,-109.59,0.14,0,0.2845,0,25,debt_consolidation,0.0452720673936928,575.0908076798321,Flag / decline,0,Known good,0
RETRO-2025-001996,2025-06-14,6500.0,422.33,0.0734,3,0.1149,0,97,other,0.0281296709191,589.3348613285059,Flag / decline,0,Known good,0
RETRO-2025-001997,2025-04-29,16700.0,766.05,0.1615,0,0.7047,0,32,education,0.0143031477002389,609.2576649499609,Accept,0,Known good,0
RETRO-2025-001998,2025-01-05,10100.0,1885.9,0.0165,0,0.1506,1,28,other,0.0386645354439962,579.8420196623606,Flag / decline,0,Known good,0
RETRO-2025-001999,2025-03-21,5200.0,704.7,0.1029,2,0.6256,0,107,car,0.0372265348967505,580.978739026963,Flag / decline,0,Known good,0
RETRO-2025-002000,2025-04-10,2900.0,480.87,0.228,1,0.2418,0,58,major_purchase,0.0290150051421728,588.4144344326247,Flag / decline,0,Known good,0
