account_id,DelphiScore,E1A04,E1A09,E1B01,E1B07,E1B09,E1B12,E1B13,E1E01,E1E02,E1A01,E1A02,EA1C01,EA4Q01
ACC-10000000,825,0,0,1,0,5,1,0,1,1,0,0,N,N
ACC-10000001,871,0,0,2,0,3,1,0,2,3,0,0,N,N
ACC-10000002,881,0,0,1,0,1,0,0,2,2,0,0,N,N
ACC-10000003,800,0,1,0,1,2,0,0,0,1,0,0,N,N
ACC-10000004,841,0,1,2,1,2,0,0,2,2,0,0,N,T
ACC-10000005,906,0,0,1,0,4,1,0,1,2,0,0,N,N
ACC-10000006,886,0,0,0,N,0,0,0,2,3,0,0,N,N
ACC-10000007,857,0,0,1,0,4,0,0,1,2,0,0,N,N
ACC-10000008,715,0,0,1,0,2,0,0,1,1,0,0,N,N
ACC-10000009,762,0,0,2,0,4,1,0,2,2,0,0,N,T
ACC-10000010,736,0,0,0,0,2,1,0,0,1,0,0,N,N
ACC-10000011,818,0,1,1,3,4,0,1,1,1,0,0,N,N
ACC-10000012,848,0,0,2,0,2,0,0,2,2,0,0,N,N
ACC-10000013,851,0,0,1,0,4,0,0,1,4,0,0,N,N
ACC-10000014,870,0,0,2,0,3,0,0,2,2,0,0,N,N
ACC-10000015,845,0,0,0,0,1,0,0,0,0,0,0,N,T
ACC-10000016,748,1,1,1,D,4,0,1,1,1,1,12,N,N
ACC-10000017,785,0,1,0,1,5,1,0,0,1,0,0,N,N
ACC-10000018,929,0,0,0,0,6,0,0,0,4,0,0,N,N
ACC-10000019,900,0,0,0,0,2,1,0,0,0,0,0,N,N
ACC-10000020,858,0,1,1,1,1,0,0,2,2,0,0,N,N
ACC-10000021,775,0,0,1,0,2,1,0,1,1,0,0,N,T
ACC-10000022,605,1,1,0,D,0,0,1,3,3,1,7,N,N
ACC-10000023,855,0,0,1,0,2,0,0,1,1,0,0,N,N
ACC-10000024,688,1,1,2,D,4,0,1,2,3,1,4,N,N
ACC-10000025,933,0,0,1,0,1,0,0,2,2,0,0,N,T
ACC-10000026,826,0,0,1,0,4,1,0,1,2,0,0,N,N
ACC-10000027,838,0,0,0,0,4,1,0,0,1,0,0,N,N
ACC-10000028,699,1,1,1,D,1,0,1,2,2,1,9,N,N
ACC-10000029,748,1,1,1,D,2,0,1,1,1,1,13,N,N
ACC-10000030,886,0,0,2,0,5,0,0,2,2,0,0,N,N
ACC-10000031,877,0,0,0,0,3,0,0,0,4,0,0,N,N
ACC-10000032,924,0,0,0,0,3,0,0,0,2,0,0,N,N
ACC-10000033,825,0,1,1,1,3,1,0,1,2,0,0,N,N
ACC-10000034,821,0,0,1,0,1,0,0,3,3,0,0,N,N
ACC-10000035,843,0,0,2,0,2,0,0,2,3,0,0,N,N
ACC-10000036,723,1,2,1,D,1,0,1,1,1,1,5,N,N
ACC-10000037,831,0,0,1,0,1,0,0,1,1,0,0,N,N
ACC-10000038,878,0,0,2,0,4,0,0,2,2,0,0,N,N
ACC-10000039,876,0,0,1,0,4,0,0,1,2,0,0,N,N
ACC-10000040,752,1,1,1,D,2,0,2,1,1,1,5,N,N
ACC-10000041,787,0,0,1,0,3,0,0,1,2,0,0,N,N
ACC-10000042,829,0,0,2,0,2,0,0,3,4,0,0,N,N
ACC-10000043,841,0,2,0,3,5,1,1,0,1,0,0,N,N
ACC-10000044,867,0,1,0,1,1,0,0,0,1,0,0,N,N
ACC-10000045,827,0,0,3,0,4,1,0,3,4,0,0,N,N
ACC-10000046,970,0,0,0,0,5,0,0,0,2,0,0,N,N
ACC-10000047,786,0,0,1,0,7,0,0,1,3,0,0,N,T
ACC-10000048,788,0,1,2,1,5,2,0,2,2,0,0,N,N
ACC-10000049,943,0,0,0,N,0,0,0,0,0,0,0,N,N
ACC-10000050,752,0,1,0,1,4,0,0,0,0,0,0,N,N
ACC-10000051,825,0,0,2,0,2,1,0,2,2,0,0,N,N
ACC-10000052,924,0,0,0,N,0,0,0,0,2,0,0,N,N
ACC-10000053,800,0,0,0,0,3,0,0,0,1,0,0,N,N
ACC-10000054,783,1,1,1,D,3,0,2,1,1,1,6,N,T
ACC-10000055,798,1,1,1,D,3,0,1,1,1,1,16,N,N
ACC-10000056,806,0,0,2,0,3,1,0,2,2,0,0,N,N
ACC-10000057,679,1,1,1,D,3,0,1,1,2,1,6,N,N
ACC-10000058,831,0,0,3,0,3,0,0,3,4,0,0,N,N
ACC-10000059,769,0,1,1,3,3,0,1,1,1,0,0,N,N
ACC-10000060,854,0,0,0,0,2,0,0,0,0,0,0,N,N
ACC-10000061,942,0,0,0,0,4,0,0,0,2,1,5,N,N
ACC-10000062,751,0,0,2,0,2,1,0,4,4,0,0,N,N
ACC-10000063,883,0,0,2,0,4,0,0,2,2,0,0,N,N
ACC-10000064,820,0,0,2,0,7,0,0,2,2,0,0,N,N
ACC-10000065,845,0,0,0,0,2,0,0,0,1,0,0,N,N
ACC-10000066,883,0,0,2,0,7,2,0,2,3,0,0,N,T
ACC-10000067,659,1,2,3,D,4,2,1,3,4,1,14,N,N
ACC-10000068,873,0,0,3,0,3,1,0,3,5,0,0,N,N
ACC-10000069,712,0,2,0,1,0,0,0,1,1,0,0,N,T
ACC-10000070,827,0,0,0,0,5,1,0,0,0,0,0,N,N
ACC-10000071,922,0,1,0,1,4,0,0,0,0,0,0,N,N
ACC-10000072,858,0,0,1,0,3,0,0,1,3,0,0,N,N
ACC-10000073,888,0,1,2,3,3,1,1,2,2,0,0,N,N
ACC-10000074,889,0,0,1,0,4,1,0,1,2,0,0,N,N
ACC-10000075,848,0,0,0,0,5,1,0,0,0,0,0,N,N
ACC-10000076,816,0,0,1,0,2,1,0,1,2,0,0,N,N
ACC-10000077,827,0,0,1,0,1,0,0,1,2,0,0,N,N
ACC-10000078,810,0,0,1,0,1,0,0,1,1,0,0,N,N
ACC-10000079,779,0,0,1,0,2,1,0,1,2,0,0,N,N
ACC-10000080,872,0,0,1,0,5,2,0,1,1,0,0,N,N
ACC-10000081,876,0,0,0,0,2,0,0,0,2,0,0,N,N
ACC-10000082,786,0,1,1,1,4,0,0,1,2,0,0,N,N
ACC-10000083,821,0,0,0,0,2,0,0,0,2,0,0,N,N
ACC-10000084,805,0,0,0,0,4,0,0,0,1,0,0,N,N
ACC-10000085,824,0,0,1,0,2,0,0,1,2,0,0,N,T
ACC-10000086,834,0,1,1,1,2,0,0,1,3,0,0,N,N
ACC-10000087,828,0,0,1,0,4,0,0,1,3,0,0,N,N
ACC-10000088,745,0,0,1,0,3,1,0,1,1,0,0,N,N
ACC-10000089,787,0,1,2,1,3,1,0,2,3,0,0,N,N
ACC-10000090,766,0,0,0,0,1,0,0,0,2,0,0,N,T
ACC-10000091,782,0,0,4,0,4,1,0,4,4,0,0,N,N
ACC-10000092,835,0,0,0,0,6,0,0,0,0,0,0,N,N
ACC-10000093,847,0,0,0,0,3,0,0,0,1,0,0,N,N
ACC-10000094,764,1,2,0,D,5,0,1,0,1,1,2,N,N
ACC-10000095,723,0,0,2,0,2,1,0,4,4,0,0,N,N
ACC-10000096,689,1,1,3,D,3,0,1,3,6,1,8,N,N
ACC-10000097,808,0,0,0,N,0,0,0,1,1,0,0,N,N
ACC-10000098,776,0,1,2,1,3,1,0,2,3,0,0,N,N
ACC-10000099,737,0,0,3,0,4,1,0,3,4,0,0,N,T
ACC-10000100,794,0,0,1,0,3,0,0,1,2,0,0,N,N
ACC-10000101,952,0,0,0,0,3,1,0,0,1,0,0,N,N
ACC-10000102,815,0,0,0,0,2,0,0,0,2,0,0,N,N
ACC-10000103,780,0,0,2,0,3,0,0,2,2,0,0,N,N
ACC-10000104,844,0,0,0,0,2,0,0,0,0,0,0,N,T
ACC-10000105,798,0,0,0,N,0,0,0,0,0,0,0,N,N
ACC-10000106,823,0,1,1,3,8,0,1,1,1,0,0,N,N
ACC-10000107,943,0,0,1,0,1,0,0,2,3,0,0,N,N
ACC-10000108,805,1,1,0,D,4,1,1,0,1,1,11,N,N
ACC-10000109,786,0,0,1,0,1,0,0,1,2,0,0,N,N
ACC-10000110,860,0,0,2,0,3,1,0,2,3,0,0,N,N
ACC-10000111,934,0,0,0,N,0,0,0,0,0,0,0,N,N
ACC-10000112,844,0,0,1,0,5,1,0,1,1,0,0,N,N
ACC-10000113,798,0,0,3,0,4,1,0,3,4,0,0,N,N
ACC-10000114,967,0,0,2,0,2,0,0,3,4,0,0,N,N
ACC-10000115,759,0,0,0,0,3,0,0,0,0,0,0,N,T
ACC-10000116,819,0,1,4,1,4,0,0,4,5,0,0,N,N
ACC-10000117,918,0,0,0,0,4,1,0,0,2,0,0,N,N
ACC-10000118,813,0,0,0,N,0,0,0,1,2,0,0,N,N
ACC-10000119,773,0,0,3,0,7,1,0,3,5,0,0,N,T
ACC-10000120,965,0,0,1,0,2,0,0,1,1,0,0,N,N
ACC-10000121,836,0,1,3,3,4,0,1,3,4,0,0,N,N
ACC-10000122,737,0,0,2,0,3,1,0,2,3,1,10,N,T
ACC-10000123,831,0,0,3,0,3,0,0,3,3,0,0,N,N
ACC-10000124,711,0,0,1,0,3,0,0,1,1,0,0,N,N
ACC-10000125,795,0,0,2,0,6,0,0,2,2,0,0,N,N
ACC-10000126,758,0,1,2,1,4,2,0,2,3,0,0,N,N
ACC-10000127,790,0,0,0,0,4,0,0,0,1,0,0,N,N
ACC-10000128,885,0,0,1,0,1,0,0,1,1,0,0,N,N
ACC-10000129,784,1,1,1,D,5,0,1,1,3,1,3,N,N
ACC-10000130,861,0,2,0,1,2,0,0,0,0,0,0,N,N
ACC-10000131,660,1,1,2,D,5,0,2,2,3,1,4,N,N
ACC-10000132,867,0,0,1,0,2,1,0,1,2,0,0,N,N
ACC-10000133,713,1,1,2,D,2,0,1,4,7,1,8,N,N
ACC-10000134,739,0,0,1,0,1,0,0,2,4,0,0,N,N
ACC-10000135,841,0,0,3,0,4,0,0,3,4,0,0,N,N
ACC-10000136,867,0,0,1,0,4,0,0,1,1,0,0,N,N
ACC-10000137,806,0,1,0,1,3,0,0,0,0,0,0,N,N
ACC-10000138,810,0,0,1,0,1,0,0,1,1,0,0,N,N
ACC-10000139,828,0,0,0,0,3,1,0,0,2,0,0,N,N
ACC-10000140,753,0,0,2,0,5,0,0,2,3,0,0,N,N
ACC-10000141,748,0,0,0,0,6,1,0,0,0,0,0,N,N
ACC-10000142,838,0,0,1,0,3,1,0,1,3,0,0,N,N
ACC-10000143,834,0,0,0,N,0,0,0,0,1,0,0,N,N
ACC-10000144,885,0,0,2,0,4,0,0,2,2,0,0,N,N
ACC-10000145,799,0,0,2,0,5,0,0,2,5,0,0,N,N
ACC-10000146,902,0,0,1,0,2,0,0,1,5,0,0,N,N
ACC-10000147,753,1,1,1,D,1,0,2,1,2,1,12,N,N
ACC-10000148,781,0,1,1,1,3,1,0,1,1,0,0,N,N
ACC-10000149,817,0,0,2,0,2,0,0,3,3,0,0,N,N
ACC-10000150,810,0,0,1,0,4,0,0,1,1,0,0,N,N
ACC-10000151,899,0,1,1,1,2,0,0,1,1,0,0,N,N
ACC-10000152,765,0,0,1,0,5,0,0,1,4,0,0,N,T
ACC-10000153,810,0,2,2,1,5,1,0,2,4,0,0,N,N
ACC-10000154,792,0,0,0,0,3,1,0,0,1,0,0,N,N
ACC-10000155,863,0,0,2,0,4,1,0,2,3,0,0,N,N
ACC-10000156,720,0,1,0,3,2,0,1,0,1,0,0,N,T
ACC-10000157,868,1,1,0,D,1,0,1,0,0,1,2,N,N
ACC-10000158,775,0,0,1,0,2,1,0,1,1,0,0,N,N
ACC-10000159,752,0,1,0,1,3,0,0,0,0,0,0,N,N
ACC-10000160,750,0,0,1,0,3,0,0,1,6,0,0,N,N
ACC-10000161,814,1,1,0,D,3,0,1,0,0,1,15,N,N
ACC-10000162,795,0,0,1,0,4,0,0,1,1,0,0,N,N
ACC-10000163,809,0,0,0,0,9,1,0,0,0,0,0,N,N
ACC-10000164,791,0,1,1,1,3,1,0,1,2,0,0,N,N
ACC-10000165,880,0,0,0,0,4,0,0,0,0,0,0,N,N
ACC-10000166,846,0,0,2,0,3,1,0,2,3,0,0,N,N
ACC-10000167,868,0,0,2,0,2,0,0,2,3,0,0,N,N
ACC-10000168,832,0,1,0,1,1,0,0,0,0,0,0,N,N
ACC-10000169,843,0,0,0,0,4,1,0,0,1,0,0,N,N
ACC-10000170,768,0,1,2,3,5,1,1,2,2,0,0,N,N
ACC-10000171,878,0,0,0,0,2,0,0,0,0,0,0,N,N
ACC-10000172,786,1,1,2,D,2,0,1,2,2,1,6,N,N
ACC-10000173,812,0,0,0,0,3,0,0,0,1,0,0,N,N
ACC-10000174,803,0,0,1,0,2,0,0,1,2,0,0,N,N
ACC-10000175,856,0,0,1,0,3,0,0,1,2,0,0,N,N
ACC-10000176,778,0,2,1,3,3,0,1,1,2,0,0,N,N
ACC-10000177,708,1,1,0,D,2,0,1,0,1,1,2,N,T
ACC-10000178,749,1,1,1,D,6,0,2,1,1,1,9,N,N
ACC-10000179,963,0,0,1,0,3,0,0,1,1,0,0,N,N
ACC-10000180,891,0,0,0,0,2,0,0,0,0,0,0,N,N
ACC-10000181,764,0,2,2,1,3,0,0,2,4,0,0,N,N
ACC-10000182,754,1,1,1,D,1,0,1,2,2,1,8,N,N
ACC-10000183,819,0,0,2,0,2,0,0,3,3,0,0,N,N
ACC-10000184,732,0,0,1,0,1,0,0,1,2,0,0,N,N
ACC-10000185,899,0,0,0,0,2,1,0,0,1,0,0,N,N
ACC-10000186,905,0,0,1,0,1,0,0,1,2,0,0,N,N
ACC-10000187,885,0,0,2,0,4,0,0,2,2,0,0,N,N
ACC-10000188,840,0,0,0,0,1,0,0,0,0,0,0,N,N
ACC-10000189,724,1,1,1,D,2,1,1,1,3,1,22,N,T
ACC-10000190,799,0,0,4,0,7,2,0,4,6,0,0,N,N
ACC-10000191,890,0,1,2,1,3,0,0,2,5,0,0,N,N
ACC-10000192,909,0,0,0,0,3,0,0,0,0,0,0,N,N
ACC-10000193,830,0,0,2,0,3,0,0,2,2,0,0,N,N
ACC-10000194,804,0,1,2,1,2,0,0,2,3,0,0,N,N
ACC-10000195,797,0,0,1,0,4,0,0,1,2,0,0,N,N
ACC-10000196,774,0,0,1,0,6,1,0,1,2,0,0,N,N
ACC-10000197,886,0,0,1,0,2,1,0,1,2,0,0,N,N
ACC-10000198,841,0,0,0,0,7,2,0,0,0,0,0,N,N
ACC-10000199,769,0,0,0,0,2,0,0,0,0,0,0,N,N
ACC-10000200,739,0,0,0,0,5,1,0,0,1,0,0,N,N
ACC-10000201,825,0,0,1,0,1,0,0,2,2,0,0,N,N
ACC-10000202,733,0,1,1,1,6,1,0,1,3,0,0,N,N
ACC-10000203,745,0,1,2,1,6,1,0,2,3,0,0,N,N
ACC-10000204,828,0,0,3,0,3,0,0,3,3,0,0,N,T
ACC-10000205,807,0,0,0,0,6,1,0,0,0,0,0,N,N
ACC-10000206,723,1,1,2,D,3,0,1,2,2,1,5,N,N
ACC-10000207,773,1,1,1,D,4,0,1,1,1,1,10,N,N
ACC-10000208,845,0,0,0,0,1,0,0,0,0,0,0,N,N
ACC-10000209,877,0,0,0,0,3,0,0,0,0,0,0,N,N
ACC-10000210,782,0,2,1,1,2,0,0,1,1,0,0,N,N
ACC-10000211,827,0,0,0,0,3,1,0,0,0,0,0,N,N
ACC-10000212,865,0,0,0,0,5,0,0,0,0,0,0,N,N
ACC-10000213,917,0,0,2,0,3,0,0,2,3,0,0,N,N
ACC-10000214,837,0,0,0,0,5,0,0,0,1,0,0,N,T
ACC-10000215,801,0,1,0,1,2,0,0,0,1,0,0,N,N
ACC-10000216,721,0,0,2,0,4,0,0,2,2,0,0,N,T
ACC-10000217,852,0,0,2,0,4,0,0,2,2,0,0,N,N
ACC-10000218,875,0,0,0,0,2,0,0,0,0,0,0,N,N
ACC-10000219,748,1,1,1,D,2,0,2,1,3,1,4,N,N
ACC-10000220,789,0,1,3,1,3,0,0,3,3,0,0,N,N
ACC-10000221,835,0,0,0,0,2,0,0,0,2,0,0,N,N
ACC-10000222,808,0,1,1,1,1,0,0,2,2,0,0,N,N
ACC-10000223,924,0,0,1,0,1,1,0,1,2,0,0,N,N
ACC-10000224,831,0,0,1,0,1,1,0,1,3,0,0,N,N
ACC-10000225,770,0,0,0,0,2,0,0,0,1,0,0,N,N
ACC-10000226,832,0,1,2,1,2,0,0,2,2,0,0,N,N
ACC-10000227,659,1,1,2,D,5,0,1,2,2,1,49,N,N
ACC-10000228,850,0,0,1,0,4,0,0,1,2,0,0,N,N
ACC-10000229,832,0,0,1,0,1,0,0,2,2,0,0,N,N
ACC-10000230,759,0,0,0,N,0,0,0,1,2,1,7,N,T
ACC-10000231,821,0,0,0,0,4,1,0,0,0,0,0,N,N
ACC-10000232,794,0,0,0,0,3,1,0,0,1,0,0,N,N
ACC-10000233,693,0,2,3,1,3,1,0,4,5,0,0,N,N
ACC-10000234,910,0,0,0,0,3,0,0,0,3,0,0,N,N
ACC-10000235,771,0,1,0,1,4,0,0,0,2,0,0,N,N
ACC-10000236,820,1,1,0,D,1,0,1,0,0,1,15,N,N
ACC-10000237,792,0,0,1,0,2,1,0,1,1,0,0,N,N
ACC-10000238,831,0,0,0,0,1,0,0,0,1,0,0,N,N
ACC-10000239,837,0,0,2,0,2,0,0,3,4,0,0,N,N
ACC-10000240,819,0,1,2,1,5,0,0,2,2,0,0,N,N
ACC-10000241,857,0,0,2,0,4,0,0,2,2,0,0,N,N
ACC-10000242,803,0,0,1,0,6,1,0,1,1,0,0,N,N
ACC-10000243,826,0,0,3,0,4,0,0,3,4,0,0,N,N
ACC-10000244,832,0,0,1,0,1,0,0,1,4,0,0,N,N
ACC-10000245,919,0,0,0,0,3,0,0,0,3,0,0,N,N
ACC-10000246,856,0,0,0,0,3,1,0,0,0,0,0,N,N
ACC-10000247,821,0,0,1,0,7,1,0,1,2,0,0,N,N
ACC-10000248,948,0,0,0,0,1,0,0,0,0,0,0,N,N
ACC-10000249,914,0,0,1,0,1,0,0,2,3,0,0,N,N
ACC-10000250,943,0,0,1,0,3,0,0,1,2,0,0,N,N
ACC-10000251,971,0,0,0,0,2,0,0,0,3,0,0,N,N
ACC-10000252,954,0,0,0,0,3,0,0,0,2,0,0,N,N
ACC-10000253,899,0,0,0,0,4,1,0,0,0,0,0,N,N
ACC-10000254,854,0,0,0,0,5,1,0,0,2,0,0,N,N
ACC-10000255,853,0,0,2,0,2,1,0,2,3,0,0,N,N
ACC-10000256,755,1,1,1,D,1,0,1,1,1,1,21,N,N
ACC-10000257,815,0,0,0,0,2,0,0,0,0,0,0,N,T
ACC-10000258,831,0,0,0,0,4,0,0,0,1,0,0,N,N
ACC-10000259,801,0,1,0,1,2,0,0,0,0,0,0,N,T
ACC-10000260,826,0,1,0,1,5,1,0,0,6,0,0,N,N
ACC-10000261,887,0,2,0,1,2,0,0,0,0,0,0,N,N
ACC-10000262,922,0,0,0,0,4,0,0,0,2,0,0,N,N
ACC-10000263,804,0,0,3,0,3,0,0,3,3,0,0,N,N
ACC-10000264,773,0,0,1,0,1,0,0,4,5,0,0,N,N
ACC-10000265,763,0,0,1,0,1,1,0,1,1,0,0,N,T
ACC-10000266,741,0,0,1,0,4,1,0,1,3,0,0,N,N
ACC-10000267,786,0,0,1,0,1,0,0,1,2,0,0,N,N
ACC-10000268,690,1,2,1,D,1,0,3,1,2,1,3,N,T
ACC-10000269,715,0,0,0,N,0,0,0,2,4,0,0,N,T
ACC-10000270,833,1,1,1,D,7,1,1,1,2,1,4,N,N
ACC-10000271,854,0,1,0,3,1,0,1,0,1,0,0,N,N
ACC-10000272,861,0,0,2,0,2,0,0,2,2,0,0,N,N
ACC-10000273,918,0,0,0,0,2,0,0,0,0,1,6,N,N
ACC-10000274,865,0,0,0,N,0,0,0,2,2,0,0,N,T
ACC-10000275,840,0,0,2,0,3,0,0,2,3,0,0,N,N
ACC-10000276,670,1,1,3,D,4,0,1,3,3,1,17,N,N
ACC-10000277,802,0,0,1,0,1,0,0,2,4,0,0,N,T
ACC-10000278,747,1,1,3,D,3,0,1,3,4,1,6,N,N
ACC-10000279,742,1,1,2,D,3,1,1,2,3,1,4,N,N
ACC-10000280,804,0,0,2,0,2,0,0,2,2,0,0,N,N
ACC-10000281,787,0,0,1,0,4,0,0,1,3,0,0,N,N
ACC-10000282,848,0,0,1,0,5,0,0,1,3,0,0,N,N
ACC-10000283,800,0,0,0,0,5,0,0,0,0,0,0,N,N
ACC-10000284,811,0,0,3,0,7,0,0,3,5,0,0,N,T
ACC-10000285,861,0,0,0,0,4,0,0,0,1,0,0,N,N
ACC-10000286,776,0,0,2,0,4,0,0,2,3,0,0,N,N
ACC-10000287,786,0,2,0,3,2,0,1,0,1,0,0,N,N
ACC-10000288,829,0,0,2,0,4,1,0,2,4,0,0,N,N
ACC-10000289,777,0,0,1,0,1,0,0,1,1,0,0,N,N
ACC-10000290,879,0,0,1,0,1,0,0,1,1,0,0,N,N
ACC-10000291,789,0,0,2,0,2,0,0,3,4,0,0,N,N
ACC-10000292,877,0,0,1,0,5,1,0,1,1,0,0,N,N
ACC-10000293,827,0,0,1,0,4,0,0,1,2,0,0,N,N
ACC-10000294,873,0,0,2,0,2,0,0,2,3,1,4,N,N
ACC-10000295,825,0,0,1,0,5,1,0,1,2,0,0,N,N
ACC-10000296,786,0,0,2,0,4,1,0,2,4,0,0,N,N
ACC-10000297,794,0,0,2,0,2,0,0,4,4,0,0,N,T
ACC-10000298,938,0,1,2,3,2,0,1,2,3,0,0,N,N
ACC-10000299,746,0,0,2,0,3,1,0,2,3,0,0,N,N
ACC-10000300,829,1,1,1,D,4,0,2,1,3,1,7,N,N
ACC-10000301,787,0,0,1,0,1,0,0,3,5,0,0,N,N
ACC-10000302,873,0,0,1,0,3,0,0,1,1,0,0,N,N
ACC-10000303,698,1,1,3,D,4,0,1,3,3,1,6,N,N
ACC-10000304,730,0,0,2,0,8,1,0,2,2,0,0,N,N
ACC-10000305,855,0,0,3,0,3,0,0,4,4,0,0,N,N
ACC-10000306,777,0,0,1,0,1,0,0,1,2,0,0,N,N
ACC-10000307,742,1,1,0,D,4,0,1,0,1,1,9,N,N
ACC-10000308,798,0,0,1,0,3,0,0,1,3,0,0,N,N
ACC-10000309,765,0,2,2,1,2,1,0,2,2,0,0,N,N
ACC-10000310,876,0,0,2,0,6,0,0,2,3,0,0,N,N
ACC-10000311,872,0,0,1,0,4,0,0,1,2,0,0,N,N
ACC-10000312,876,0,0,2,0,5,0,0,2,3,0,0,N,N
ACC-10000313,788,0,0,0,0,5,2,0,0,0,0,0,N,N
ACC-10000314,774,0,1,1,3,3,0,1,1,1,0,0,N,N
ACC-10000315,881,0,0,1,0,4,1,0,1,1,0,0,N,N
ACC-10000316,978,0,0,0,0,4,0,0,0,1,0,0,N,N
ACC-10000317,830,1,1,2,D,4,0,1,2,2,1,17,N,N
ACC-10000318,837,0,0,2,0,6,1,0,2,4,0,0,N,N
ACC-10000319,886,0,0,0,0,4,0,0,0,1,0,0,N,N
ACC-10000320,745,0,1,0,1,5,1,0,0,0,0,0,N,N
ACC-10000321,807,0,1,3,1,5,0,0,3,3,0,0,N,N
ACC-10000322,708,1,1,0,D,3,1,1,0,0,1,3,N,N
ACC-10000323,803,0,0,3,0,5,1,0,3,4,0,0,N,T
ACC-10000324,786,0,0,2,0,4,1,0,2,2,0,0,N,T
ACC-10000325,854,0,1,2,1,5,0,0,2,2,0,0,N,N
ACC-10000326,766,1,1,0,D,3,0,1,0,1,2,8,N,N
ACC-10000327,833,0,0,0,0,8,3,0,0,1,0,0,N,N
ACC-10000328,729,0,0,1,0,1,0,0,2,2,0,0,N,N
ACC-10000329,999,0,0,0,0,3,0,0,0,0,0,0,N,N
ACC-10000330,929,0,0,0,0,4,0,0,0,0,0,0,N,N
ACC-10000331,906,0,0,0,0,5,0,0,0,0,0,0,N,N
ACC-10000332,849,0,0,0,0,8,0,0,0,3,0,0,N,N
ACC-10000333,800,0,1,1,1,2,0,0,1,1,0,0,N,N
ACC-10000334,804,0,0,1,0,4,1,0,1,1,0,0,N,N
ACC-10000335,840,0,1,0,1,1,0,0,0,1,0,0,N,N
ACC-10000336,778,0,1,1,3,1,0,1,2,3,0,0,N,N
ACC-10000337,840,0,1,0,1,1,0,0,0,0,0,0,N,N
ACC-10000338,744,0,0,2,0,7,2,0,2,2,0,0,N,N
ACC-10000339,758,0,0,2,0,2,0,0,3,6,0,0,N,N
ACC-10000340,827,0,0,1,0,2,0,0,1,2,0,0,N,N
ACC-10000341,903,0,0,1,0,5,1,0,1,6,0,0,N,N
ACC-10000342,802,1,2,0,D,3,0,2,0,0,1,2,N,N
ACC-10000343,728,0,0,1,0,1,0,0,3,3,0,0,N,N
ACC-10000344,678,0,0,1,0,1,0,0,2,3,0,0,N,N
ACC-10000345,872,0,0,0,N,0,0,0,2,2,0,0,N,N
ACC-10000346,722,0,0,4,0,6,0,0,4,6,0,0,N,N
ACC-10000347,694,0,3,1,3,3,0,2,1,1,0,0,N,N
ACC-10000348,861,0,0,1,0,3,0,0,1,1,0,0,N,N
ACC-10000349,830,0,1,1,1,3,0,0,1,2,0,0,N,N
ACC-10000350,899,0,0,1,0,1,0,0,2,3,0,0,N,N
ACC-10000351,649,1,1,1,D,8,0,1,1,1,1,16,N,N
ACC-10000352,815,0,0,0,0,3,2,0,0,0,0,0,N,N
ACC-10000353,836,0,0,0,0,4,0,0,0,2,0,0,N,N
ACC-10000354,830,0,0,1,0,6,0,0,1,1,0,0,N,N
ACC-10000355,873,0,0,1,0,1,0,0,1,1,0,0,N,N
ACC-10000356,813,0,0,1,0,4,1,0,1,1,0,0,N,N
ACC-10000357,824,0,0,0,0,4,0,0,0,2,0,0,N,N
ACC-10000358,624,0,0,3,0,6,2,0,3,5,0,0,N,T
ACC-10000359,786,0,0,0,N,0,0,0,0,0,0,0,N,T
ACC-10000360,795,0,1,0,1,0,0,0,2,4,0,0,N,N
ACC-10000361,860,0,0,1,0,3,0,0,1,1,0,0,N,N
ACC-10000362,815,0,0,1,0,2,0,0,1,1,0,0,N,N
ACC-10000363,859,0,0,0,0,3,0,0,0,2,0,0,N,N
ACC-10000364,829,0,0,0,0,3,1,0,0,2,0,0,N,T
ACC-10000365,921,0,0,0,N,0,0,0,1,3,0,0,N,N
ACC-10000366,746,0,1,3,1,3,0,0,3,4,0,0,N,N
ACC-10000367,963,0,0,0,0,3,0,0,0,0,0,0,N,T
ACC-10000368,843,0,0,1,0,1,0,0,1,1,0,0,N,N
ACC-10000369,799,0,0,2,0,3,0,0,2,3,0,0,N,N
ACC-10000370,670,0,1,2,1,2,0,0,2,3,0,0,N,N
ACC-10000371,770,0,0,0,0,5,0,0,0,1,0,0,N,N
ACC-10000372,923,0,0,1,0,2,0,0,1,2,0,0,N,N
ACC-10000373,871,0,0,1,0,5,0,0,1,2,0,0,N,N
ACC-10000374,896,0,1,1,1,4,0,0,1,2,0,0,N,N
ACC-10000375,852,0,0,0,0,2,0,0,0,1,0,0,N,N
ACC-10000376,766,0,0,2,0,4,1,0,2,2,0,0,N,N
ACC-10000377,795,0,0,3,0,3,0,0,4,5,0,0,N,N
ACC-10000378,825,0,0,1,0,3,0,0,1,2,0,0,N,N
ACC-10000379,879,0,0,0,0,4,0,0,0,1,0,0,N,N
ACC-10000380,927,0,0,0,0,2,0,0,0,0,0,0,N,N
ACC-10000381,668,1,2,0,D,5,0,1,0,1,1,14,N,N
ACC-10000382,901,0,0,2,0,3,0,0,2,3,0,0,N,N
ACC-10000383,909,0,0,2,0,2,0,0,4,7,0,0,N,N
ACC-10000384,810,0,0,1,0,1,1,0,1,2,0,0,N,T
ACC-10000385,719,1,1,0,D,1,0,1,0,0,1,2,N,N
ACC-10000386,749,0,0,5,0,5,1,0,5,6,0,0,N,N
ACC-10000387,861,0,0,1,0,3,0,0,1,1,0,0,N,N
ACC-10000388,847,0,0,0,0,3,0,0,0,0,0,0,N,N
ACC-10000389,804,0,1,0,1,6,3,0,0,0,0,0,N,N
ACC-10000390,839,0,0,0,0,3,1,0,0,1,0,0,N,N
ACC-10000391,876,0,0,0,0,4,0,0,0,1,0,0,N,N
ACC-10000392,783,0,0,2,0,4,0,0,2,3,0,0,N,N
ACC-10000393,833,0,0,1,0,3,0,0,1,1,0,0,N,N
ACC-10000394,822,0,0,1,0,1,0,0,2,3,0,0,N,N
ACC-10000395,775,0,0,1,0,4,0,0,1,2,0,0,N,N
ACC-10000396,825,0,0,3,0,7,0,0,3,5,0,0,N,N
ACC-10000397,748,0,0,1,0,5,0,0,1,2,0,0,N,N
ACC-10000398,880,0,0,0,0,1,0,0,0,0,0,0,N,N
ACC-10000399,787,0,0,4,0,4,0,0,6,6,0,0,N,N
ACC-10000400,856,0,0,0,0,5,2,0,0,2,0,0,N,N
ACC-10000401,859,0,0,3,0,3,0,0,3,3,0,0,N,N
ACC-10000402,914,0,0,1,0,1,0,0,2,2,0,0,N,N
ACC-10000403,862,0,0,1,0,2,0,0,1,1,0,0,N,N
ACC-10000404,869,0,0,0,N,0,0,0,1,3,0,0,N,T
ACC-10000405,794,0,1,3,1,4,1,0,3,4,0,0,N,N
ACC-10000406,861,0,0,2,0,3,0,0,2,2,0,0,N,N
ACC-10000407,840,0,0,1,0,7,3,0,1,2,0,0,N,N
ACC-10000408,820,0,0,1,0,4,0,0,1,2,0,0,N,N
ACC-10000409,815,0,0,2,0,5,1,0,2,3,0,0,N,T
ACC-10000410,820,0,1,1,1,4,0,0,1,1,0,0,N,N
ACC-10000411,860,0,0,0,N,0,0,0,2,2,0,0,N,T
ACC-10000412,827,0,0,1,0,3,0,0,1,1,0,0,N,N
ACC-10000413,729,1,1,2,D,7,0,2,2,4,1,7,N,N
ACC-10000414,848,0,1,1,1,3,0,0,1,1,0,0,N,N
ACC-10000415,818,0,0,2,0,5,0,0,2,2,0,0,N,N
ACC-10000416,811,0,0,3,0,4,0,0,3,4,0,0,N,N
ACC-10000417,918,0,0,1,0,1,0,0,1,1,0,0,N,N
ACC-10000418,879,0,0,1,0,2,1,0,1,1,0,0,N,N
ACC-10000419,728,0,0,2,0,5,2,0,2,3,0,0,N,N
ACC-10000420,801,0,0,1,0,4,1,0,1,5,0,0,N,N
ACC-10000421,914,0,0,0,0,4,0,0,0,1,0,0,N,N
ACC-10000422,934,0,0,1,0,6,0,0,1,1,0,0,N,N
ACC-10000423,846,0,1,1,1,3,1,0,1,2,0,0,N,N
ACC-10000424,968,0,0,2,0,4,0,0,2,4,0,0,N,N
ACC-10000425,857,0,0,2,0,6,0,0,2,3,0,0,N,N
ACC-10000426,795,0,1,1,1,3,1,0,1,1,0,0,N,N
ACC-10000427,777,0,0,1,0,5,0,0,1,1,0,0,N,N
ACC-10000428,834,0,0,1,0,5,1,0,1,1,0,0,N,N
ACC-10000429,871,0,0,1,0,4,1,0,1,2,0,0,N,N
ACC-10000430,807,0,0,0,0,6,2,0,0,1,0,0,N,N
ACC-10000431,924,0,1,0,1,3,0,0,0,0,0,0,N,N
ACC-10000432,907,0,0,0,0,4,1,0,0,1,0,0,N,N
ACC-10000433,888,0,0,2,0,4,0,0,2,4,1,1,N,N
ACC-10000434,881,0,0,1,0,5,0,0,1,2,0,0,N,N
ACC-10000435,774,0,0,0,N,0,0,0,0,0,0,0,N,N
ACC-10000436,893,0,1,0,3,2,0,1,0,2,0,0,N,N
ACC-10000437,800,0,0,3,0,3,0,0,3,4,0,0,N,N
ACC-10000438,853,0,0,0,0,2,0,0,0,1,0,0,N,N
ACC-10000439,700,0,1,3,3,3,0,1,4,4,0,0,N,N
ACC-10000440,777,0,0,3,0,5,2,0,3,5,0,0,N,N
ACC-10000441,717,0,0,3,0,5,1,0,3,4,0,0,N,N
ACC-10000442,759,0,0,2,0,3,1,0,2,3,0,0,N,N
ACC-10000443,879,0,1,1,3,1,0,1,2,2,0,0,N,N
ACC-10000444,763,0,0,2,0,3,0,0,2,3,0,0,N,N
ACC-10000445,849,0,1,0,1,0,0,0,0,2,0,0,N,N
ACC-10000446,935,0,0,1,0,4,1,0,1,2,0,0,N,N
ACC-10000447,912,0,0,0,0,1,1,0,0,2,0,0,N,N
ACC-10000448,746,0,0,2,0,2,0,0,2,2,1,3,N,N
ACC-10000449,796,0,0,1,0,3,1,0,1,3,0,0,N,N
ACC-10000450,879,0,1,1,3,1,0,1,1,1,0,0,N,N
ACC-10000451,814,0,0,0,0,5,2,0,0,0,0,0,N,N
ACC-10000452,775,1,1,1,D,7,0,1,1,1,1,4,N,N
ACC-10000453,891,0,0,1,0,6,1,0,1,2,0,0,N,N
ACC-10000454,826,0,0,0,0,6,1,0,0,2,0,0,N,N
ACC-10000455,765,0,0,1,0,3,1,0,1,3,0,0,N,N
ACC-10000456,699,0,1,2,3,4,1,1,2,3,0,0,N,N
ACC-10000457,812,0,0,1,0,3,0,0,1,2,0,0,N,N
ACC-10000458,950,0,0,0,N,0,0,0,2,2,0,0,N,N
ACC-10000459,761,0,0,2,0,2,0,0,2,3,0,0,N,T
ACC-10000460,860,0,0,1,0,3,0,0,1,2,0,0,N,N
ACC-10000461,700,0,1,2,1,3,2,0,2,3,0,0,N,N
ACC-10000462,759,0,0,3,0,3,0,0,3,5,0,0,N,N
ACC-10000463,769,0,1,1,1,1,0,0,2,4,0,0,N,N
ACC-10000464,849,0,0,1,0,1,0,0,3,4,0,0,N,N
ACC-10000465,785,0,0,1,0,3,1,0,1,2,0,0,N,N
ACC-10000466,944,0,0,0,0,1,0,0,0,1,0,0,N,N
ACC-10000467,782,0,0,2,0,2,1,0,2,2,1,12,N,N
ACC-10000468,878,0,0,2,0,3,0,0,2,2,0,0,N,N
ACC-10000469,768,0,0,1,0,1,0,0,2,2,0,0,N,N
ACC-10000470,800,0,0,2,0,4,0,0,2,2,0,0,N,N
ACC-10000471,906,0,0,1,0,5,0,0,1,3,0,0,N,N
ACC-10000472,912,0,0,1,0,2,0,0,1,1,0,0,N,N
ACC-10000473,848,0,0,1,0,3,0,0,1,2,0,0,N,T
ACC-10000474,662,0,0,2,0,5,0,0,2,3,0,0,N,T
ACC-10000475,924,0,0,0,0,6,1,0,0,0,0,0,N,N
ACC-10000476,867,0,0,1,0,3,0,0,1,2,1,1,N,N
ACC-10000477,721,0,1,6,1,6,1,0,6,7,0,0,N,T
ACC-10000478,850,0,0,3,0,7,1,0,3,5,0,0,N,N
ACC-10000479,849,0,1,0,1,0,0,0,0,1,0,0,N,N
ACC-10000480,768,0,1,2,3,3,0,1,2,2,0,0,N,N
ACC-10000481,835,0,2,1,1,2,0,0,1,1,0,0,N,N
ACC-10000482,813,0,1,3,1,6,2,0,3,3,0,0,N,N
ACC-10000483,928,0,0,2,0,2,0,0,2,2,0,0,N,N
ACC-10000484,844,0,0,1,0,1,0,0,1,5,0,0,N,N
ACC-10000485,814,0,1,1,1,6,0,0,1,2,0,0,N,N
ACC-10000486,776,0,0,2,0,5,0,0,2,3,0,0,N,N
ACC-10000487,875,0,0,0,0,3,0,0,0,0,0,0,N,N
ACC-10000488,915,0,0,0,0,4,0,0,0,0,0,0,N,N
ACC-10000489,857,0,1,3,3,4,0,1,3,3,0,0,N,N
ACC-10000490,839,0,0,0,0,7,0,0,0,0,0,0,N,N
ACC-10000491,801,0,0,3,0,3,0,0,3,3,0,0,N,N
ACC-10000492,885,0,0,0,0,1,1,0,0,1,0,0,N,N
ACC-10000493,863,0,0,2,0,4,0,0,2,2,0,0,N,N
ACC-10000494,810,1,2,0,D,2,0,2,0,0,1,23,N,N
ACC-10000495,901,0,0,1,0,5,0,0,1,6,0,0,N,N
ACC-10000496,929,0,0,2,0,2,0,0,2,5,0,0,N,T
ACC-10000497,814,0,0,1,0,4,0,0,1,1,0,0,N,N
ACC-10000498,765,0,0,1,0,2,1,0,1,1,0,0,N,N
ACC-10000499,847,0,0,2,0,2,0,0,2,2,0,0,N,N
ACC-10000500,926,0,1,1,1,4,1,0,1,2,0,0,N,N
ACC-10000501,873,0,0,0,0,6,1,0,0,0,0,0,N,N
ACC-10000502,838,0,1,0,1,0,0,0,1,1,0,0,N,N
ACC-10000503,792,0,0,1,0,3,1,0,1,2,0,0,N,N
ACC-10000504,885,0,0,1,0,6,0,0,1,2,0,0,N,N
ACC-10000505,883,0,0,1,0,1,0,0,1,4,0,0,N,T
ACC-10000506,856,0,0,1,0,6,0,0,1,1,0,0,N,N
ACC-10000507,762,0,0,0,0,2,1,0,0,0,0,0,N,N
ACC-10000508,755,0,0,1,0,5,1,0,1,2,0,0,N,N
ACC-10000509,820,0,0,3,0,3,1,0,3,3,1,3,N,N
ACC-10000510,790,0,0,1,0,1,0,0,4,4,0,0,N,N
ACC-10000511,818,0,0,1,0,2,0,0,1,1,0,0,N,N
ACC-10000512,740,1,1,2,D,2,0,1,2,4,1,23,N,N
ACC-10000513,867,0,0,1,0,5,1,0,1,2,0,0,N,N
ACC-10000514,920,0,0,0,0,3,1,0,0,4,0,0,N,N
ACC-10000515,852,0,0,2,0,2,0,0,3,4,0,0,N,N
ACC-10000516,808,0,0,0,0,3,0,0,0,1,0,0,N,N
ACC-10000517,810,0,0,2,0,3,0,0,2,2,0,0,N,N
ACC-10000518,968,0,0,2,0,4,0,0,2,3,0,0,N,N
ACC-10000519,843,0,0,0,0,4,0,0,0,1,0,0,N,N
ACC-10000520,699,0,0,2,0,4,1,0,2,3,0,0,N,N
ACC-10000521,854,1,2,1,D,5,0,2,1,1,1,18,N,N
ACC-10000522,872,0,0,0,0,9,0,0,0,0,0,0,N,N
ACC-10000523,830,0,0,3,0,4,0,0,3,3,0,0,N,N
ACC-10000524,746,1,2,2,D,2,0,1,3,4,1,38,N,N
ACC-10000525,804,0,0,2,0,5,1,0,2,3,0,0,N,N
ACC-10000526,864,1,1,0,D,2,0,2,0,1,1,5,N,N
ACC-10000527,789,0,0,2,0,4,1,0,2,2,0,0,N,N
ACC-10000528,821,0,0,0,0,2,2,0,0,0,0,0,N,N
ACC-10000529,900,0,1,1,1,6,0,0,1,1,0,0,N,N
ACC-10000530,826,0,0,1,0,2,0,0,1,1,0,0,N,N
ACC-10000531,823,0,0,2,0,2,1,0,2,2,0,0,N,N
ACC-10000532,883,0,0,1,0,4,0,0,1,1,0,0,N,N
ACC-10000533,841,0,0,2,0,3,1,0,2,2,0,0,N,N
ACC-10000534,766,1,2,2,D,3,0,2,2,4,1,8,N,N
ACC-10000535,816,0,0,0,0,5,2,0,0,1,0,0,N,N
ACC-10000536,980,0,0,1,0,3,0,0,1,3,0,0,N,N
ACC-10000537,919,0,0,0,0,2,0,0,0,0,0,0,N,T
ACC-10000538,860,0,0,0,0,7,0,0,0,0,0,0,N,N
ACC-10000539,754,0,0,2,0,2,0,0,2,3,0,0,N,N
ACC-10000540,856,0,0,0,N,0,0,0,1,2,0,0,N,N
ACC-10000541,821,0,0,3,0,4,1,0,3,3,0,0,N,N
ACC-10000542,812,0,0,0,0,3,0,0,0,0,0,0,N,N
ACC-10000543,907,0,0,1,0,2,0,0,1,2,0,0,N,N
ACC-10000544,763,0,0,1,0,1,0,0,3,3,0,0,N,N
ACC-10000545,795,0,0,1,0,2,0,0,1,3,0,0,N,N
ACC-10000546,848,0,0,2,0,5,0,0,2,4,0,0,N,N
ACC-10000547,825,0,0,4,0,4,0,0,4,4,0,0,N,N
ACC-10000548,772,1,1,1,D,5,1,1,1,2,1,2,N,N
ACC-10000549,955,0,0,1,0,3,0,0,1,1,0,0,N,N
ACC-10000550,936,0,0,0,0,1,0,0,0,1,0,0,N,N
ACC-10000551,828,0,0,2,0,2,0,0,2,3,0,0,N,N
ACC-10000552,864,0,0,0,0,4,0,0,0,1,0,0,N,N
ACC-10000553,833,0,1,2,1,5,0,0,2,3,0,0,N,N
ACC-10000554,830,0,0,0,0,5,0,0,0,2,0,0,N,N
ACC-10000555,868,0,0,0,0,4,0,0,0,1,0,0,N,N
ACC-10000556,919,0,0,0,0,3,1,0,0,3,0,0,N,N
ACC-10000557,781,0,1,4,1,5,0,0,4,7,0,0,N,N
ACC-10000558,817,0,0,3,0,3,0,0,5,5,0,0,N,N
ACC-10000559,866,0,0,1,0,1,0,0,1,1,1,31,N,N
ACC-10000560,881,0,0,0,0,3,1,0,0,0,0,0,N,N
ACC-10000561,823,0,0,1,0,2,1,0,1,1,0,0,N,N
ACC-10000562,816,0,0,2,0,2,0,0,2,2,0,0,N,N
ACC-10000563,877,0,1,1,1,2,0,0,1,2,0,0,N,N
ACC-10000564,754,0,0,1,0,3,1,0,1,1,0,0,N,T
ACC-10000565,828,0,0,1,0,1,0,0,2,2,0,0,N,N
ACC-10000566,753,1,1,1,D,1,0,1,2,5,1,12,N,N
ACC-10000567,976,0,0,2,0,3,0,0,2,2,0,0,N,N
ACC-10000568,776,0,1,1,1,1,0,0,2,2,0,0,N,N
ACC-10000569,844,0,0,0,0,2,0,0,0,0,0,0,N,N
ACC-10000570,888,0,0,1,0,2,0,0,1,1,0,0,N,N
ACC-10000571,797,0,0,1,0,1,1,0,2,4,0,0,N,N
ACC-10000572,852,0,0,0,0,1,0,0,0,0,0,0,N,N
ACC-10000573,762,0,1,2,1,3,0,0,2,4,0,0,N,N
ACC-10000574,714,0,0,3,0,6,2,0,3,4,0,0,N,N
ACC-10000575,899,0,1,1,1,6,0,0,1,2,0,0,N,N
ACC-10000576,877,0,0,0,0,8,0,0,0,0,1,2,N,N
ACC-10000577,869,0,0,1,0,2,0,0,1,3,0,0,N,T
ACC-10000578,922,0,0,1,0,3,0,0,1,2,0,0,N,N
ACC-10000579,924,0,0,0,0,2,0,0,0,0,0,0,N,N
ACC-10000580,722,0,0,2,0,2,0,0,4,6,0,0,N,N
ACC-10000581,886,0,0,1,0,1,1,0,4,5,0,0,N,N
ACC-10000582,930,0,0,0,0,3,0,0,0,0,0,0,N,N
ACC-10000583,847,0,0,1,0,4,0,0,1,1,0,0,N,N
ACC-10000584,862,0,0,5,0,7,1,0,5,5,0,0,N,N
ACC-10000585,908,0,0,0,0,6,0,0,0,1,0,0,N,N
ACC-10000586,813,0,0,1,0,5,0,0,1,2,0,0,N,N
ACC-10000587,864,0,0,1,0,4,0,0,1,1,0,0,N,T
ACC-10000588,758,0,1,1,1,1,0,0,2,4,0,0,N,N
ACC-10000589,814,0,1,2,1,4,1,0,2,4,0,0,N,N
ACC-10000590,874,0,0,0,0,3,0,0,0,1,0,0,N,T
ACC-10000591,834,0,1,2,1,2,0,0,3,3,0,0,N,N
ACC-10000592,748,1,2,1,D,2,0,1,1,3,1,9,N,N
ACC-10000593,821,0,1,0,1,6,0,0,0,2,0,0,N,N
ACC-10000594,843,0,0,0,0,5,0,0,0,0,0,0,N,T
ACC-10000595,944,0,0,2,0,3,0,0,2,3,0,0,N,N
ACC-10000596,818,0,1,0,1,4,0,0,0,1,0,0,N,N
ACC-10000597,789,0,0,1,0,6,1,0,1,1,0,0,N,N
ACC-10000598,920,0,0,0,0,4,1,0,0,0,0,0,N,N
ACC-10000599,857,0,1,1,3,3,0,1,1,3,0,0,N,N
ACC-10000600,823,0,0,1,0,1,0,0,2,2,0,0,N,N
ACC-10000601,739,1,1,0,D,1,0,1,0,2,1,6,N,N
ACC-10000602,852,0,0,3,0,4,0,0,3,5,0,0,N,T
ACC-10000603,811,0,0,1,0,3,0,0,1,1,1,17,N,N
ACC-10000604,790,0,0,0,0,3,0,0,0,1,0,0,N,N
ACC-10000605,958,0,0,0,0,3,0,0,0,0,0,0,N,N
ACC-10000606,854,0,0,2,0,2,0,0,2,3,0,0,N,N
ACC-10000607,731,0,0,0,0,1,0,0,0,0,0,0,N,N
ACC-10000608,832,0,0,2,0,2,1,0,2,2,0,0,N,N
ACC-10000609,903,0,0,1,0,4,0,0,1,3,0,0,N,N
ACC-10000610,869,0,0,1,0,2,0,0,1,3,0,0,N,N
ACC-10000611,744,1,1,1,D,4,1,1,1,1,1,17,N,N
ACC-10000612,895,0,0,0,0,1,1,0,0,1,0,0,N,N
ACC-10000613,815,0,0,0,N,0,0,0,2,2,0,0,N,N
ACC-10000614,915,0,0,0,0,2,0,0,0,0,0,0,N,N
ACC-10000615,724,0,0,3,0,5,0,0,3,4,1,10,N,N
ACC-10000616,799,0,0,2,0,2,0,0,6,6,0,0,N,N
ACC-10000617,774,0,0,1,0,2,1,0,1,3,0,0,N,N
ACC-10000618,716,0,1,0,3,2,1,1,0,1,0,0,N,N
ACC-10000619,702,1,1,2,D,3,0,2,2,3,1,6,N,T
ACC-10000620,733,1,1,3,D,4,1,1,3,3,1,5,N,N
ACC-10000621,859,0,0,0,0,4,0,0,0,2,0,0,N,N
ACC-10000622,872,0,1,0,1,3,0,0,0,2,0,0,N,N
ACC-10000623,818,0,0,0,N,0,0,0,1,1,0,0,N,N
ACC-10000624,909,0,0,1,0,4,0,0,1,5,0,0,N,N
ACC-10000625,870,0,1,2,1,2,0,0,3,3,0,0,N,N
ACC-10000626,875,0,0,1,0,4,1,0,1,2,0,0,N,N
ACC-10000627,870,0,0,0,0,1,0,0,0,0,0,0,N,N
ACC-10000628,841,0,0,0,0,6,1,0,0,0,0,0,N,N
ACC-10000629,831,0,0,3,0,3,0,0,4,6,0,0,N,N
ACC-10000630,909,0,0,1,0,7,1,0,1,2,0,0,N,N
ACC-10000631,829,0,0,1,0,2,1,0,1,3,0,0,N,N
ACC-10000632,713,1,1,1,D,3,0,1,1,1,1,4,N,N
ACC-10000633,871,0,0,0,0,3,1,0,0,2,0,0,N,T
ACC-10000634,759,0,0,1,0,2,0,0,1,2,0,0,N,N
ACC-10000635,863,0,0,0,0,5,1,0,0,0,0,0,N,N
ACC-10000636,779,0,1,1,1,1,0,0,3,4,0,0,N,N
ACC-10000637,863,0,0,2,0,3,0,0,2,3,0,0,N,N
ACC-10000638,877,0,0,1,0,2,0,0,1,1,0,0,N,N
ACC-10000639,927,0,0,1,0,1,0,0,1,1,0,0,N,N
ACC-10000640,860,0,0,0,N,0,0,0,0,0,0,0,N,N
ACC-10000641,811,0,0,2,0,4,0,0,2,3,0,0,N,N
ACC-10000642,914,0,0,2,0,5,0,0,2,2,0,0,N,N
ACC-10000643,770,0,1,0,1,1,0,0,0,2,0,0,N,N
ACC-10000644,878,0,0,1,0,6,2,0,1,1,0,0,N,N
ACC-10000645,868,0,0,1,0,2,0,0,1,5,0,0,N,N
ACC-10000646,825,0,0,3,0,9,0,0,3,4,0,0,N,N
ACC-10000647,845,0,0,1,0,3,0,0,1,2,0,0,N,N
ACC-10000648,963,0,0,0,0,5,0,0,0,0,0,0,N,N
ACC-10000649,869,0,0,2,0,2,0,0,2,3,0,0,N,T
ACC-10000650,827,1,1,1,D,3,0,1,1,1,1,4,N,N
ACC-10000651,740,1,1,2,D,2,1,1,2,3,1,2,N,N
ACC-10000652,838,0,0,0,N,0,0,0,1,2,0,0,N,N
ACC-10000653,768,0,0,4,0,4,1,0,4,5,0,0,N,N
ACC-10000654,792,0,1,2,1,8,1,0,2,2,0,0,N,T
ACC-10000655,717,1,1,2,D,5,0,1,2,2,1,5,N,N
ACC-10000656,755,0,0,2,0,6,0,0,2,3,0,0,N,N
ACC-10000657,846,0,0,1,0,3,0,0,1,3,0,0,N,N
ACC-10000658,922,0,0,1,0,1,1,0,1,2,0,0,N,N
ACC-10000659,873,0,0,1,0,4,1,0,1,4,0,0,N,N
ACC-10000660,816,0,0,2,0,5,1,0,2,2,0,0,N,N
ACC-10000661,822,0,0,3,0,3,0,0,3,3,0,0,N,N
ACC-10000662,884,0,0,1,0,4,0,0,1,1,0,0,N,N
ACC-10000663,757,1,1,4,D,4,0,1,4,4,1,25,N,N
ACC-10000664,877,1,1,2,D,2,0,1,2,2,1,17,N,N
ACC-10000665,937,0,0,2,0,3,0,0,2,2,0,0,N,N
ACC-10000666,809,0,0,0,0,2,0,0,0,1,0,0,N,N
ACC-10000667,794,0,0,2,0,3,1,0,2,3,0,0,N,N
ACC-10000668,800,0,0,0,0,2,1,0,0,2,0,0,N,N
ACC-10000669,788,0,0,1,0,2,0,0,1,1,0,0,N,N
ACC-10000670,654,1,2,1,D,1,0,1,1,4,1,4,N,T
ACC-10000671,779,0,0,1,0,6,2,0,1,1,0,0,N,N
ACC-10000672,732,1,2,1,D,3,0,1,1,2,1,28,N,N
ACC-10000673,922,0,0,1,0,2,1,0,1,2,0,0,N,N
ACC-10000674,756,0,0,1,0,3,1,0,1,1,0,0,N,N
ACC-10000675,772,0,0,1,0,3,1,0,1,2,0,0,N,N
ACC-10000676,858,0,0,1,0,2,0,0,1,3,0,0,N,N
ACC-10000677,952,0,0,1,0,5,0,0,1,1,0,0,N,N
ACC-10000678,889,0,0,2,0,4,0,0,2,2,0,0,N,N
ACC-10000679,841,1,1,1,D,3,0,1,1,3,1,5,N,N
ACC-10000680,778,0,1,1,1,3,0,0,1,1,0,0,N,N
ACC-10000681,865,0,0,4,0,6,0,0,4,4,0,0,N,N
ACC-10000682,815,0,0,2,0,4,0,0,2,3,0,0,N,T
ACC-10000683,889,0,0,0,0,6,0,0,0,0,0,0,N,N
ACC-10000684,854,0,0,0,N,0,0,0,1,1,0,0,N,N
ACC-10000685,743,0,0,1,0,4,1,0,1,1,0,0,N,N
ACC-10000686,828,0,1,2,1,3,2,0,2,2,0,0,N,N
ACC-10000687,904,0,0,1,0,5,1,0,1,1,0,0,N,N
ACC-10000688,838,1,1,1,D,5,0,1,1,2,1,10,N,N
ACC-10000689,867,0,0,1,0,2,1,0,1,3,0,0,N,N
ACC-10000690,734,0,0,2,0,5,0,0,2,2,0,0,N,T
ACC-10000691,753,0,1,0,1,0,0,0,0,0,0,0,N,N
ACC-10000692,809,0,0,1,0,3,0,0,1,1,0,0,N,N
ACC-10000693,801,0,0,2,0,2,1,0,2,3,0,0,N,N
ACC-10000694,810,0,0,0,0,2,0,0,0,1,0,0,N,N
ACC-10000695,847,0,0,2,0,3,0,0,2,4,0,0,N,N
ACC-10000696,882,0,0,0,0,4,0,0,0,1,0,0,N,N
ACC-10000697,839,0,0,1,0,4,0,0,1,1,0,0,N,N
ACC-10000698,837,0,0,2,0,4,0,0,2,5,0,0,N,N
ACC-10000699,771,1,1,2,D,7,1,1,2,2,1,8,N,T
ACC-10000700,822,0,0,1,0,6,0,0,1,5,0,0,N,N
ACC-10000701,848,0,0,1,0,1,0,0,2,3,0,0,N,N
ACC-10000702,832,0,0,1,0,1,0,0,1,1,0,0,N,N
ACC-10000703,806,0,1,1,1,5,1,0,1,1,0,0,N,N
ACC-10000704,864,0,0,0,0,2,0,0,0,1,0,0,N,N
ACC-10000705,761,0,0,2,0,5,0,0,2,4,0,0,N,N
ACC-10000706,852,0,0,2,0,4,0,0,2,5,0,0,N,N
ACC-10000707,833,0,0,1,0,2,0,0,1,3,0,0,N,N
ACC-10000708,892,0,1,1,1,2,0,0,1,1,0,0,N,N
ACC-10000709,814,0,0,2,0,5,1,0,2,3,0,0,N,N
ACC-10000710,810,0,0,1,0,4,1,0,1,2,0,0,N,N
ACC-10000711,829,0,0,2,0,2,0,0,2,4,0,0,N,N
ACC-10000712,871,0,0,0,0,2,0,0,0,0,0,0,N,N
ACC-10000713,846,0,0,1,0,3,0,0,1,1,0,0,N,N
ACC-10000714,898,0,0,2,0,3,0,0,2,2,0,0,N,N
ACC-10000715,861,0,0,0,0,4,0,0,0,1,0,0,N,N
ACC-10000716,720,1,1,0,D,3,0,2,0,1,1,5,N,T
ACC-10000717,764,1,1,1,D,1,0,1,2,2,1,9,N,N
ACC-10000718,791,0,0,2,0,7,0,0,2,3,0,0,N,N
ACC-10000719,778,0,0,1,0,1,0,0,2,2,0,0,N,N
ACC-10000720,887,0,0,0,0,2,0,0,0,0,0,0,N,N
ACC-10000721,878,0,0,0,0,4,1,0,0,1,0,0,N,N
ACC-10000722,856,0,0,3,0,3,0,0,3,4,0,0,N,N
ACC-10000723,822,0,0,2,0,4,1,0,2,2,0,0,N,N
ACC-10000724,764,1,1,0,D,3,0,1,0,0,1,16,N,T
ACC-10000725,974,0,0,1,0,3,0,0,1,2,0,0,N,N
ACC-10000726,863,0,0,1,0,3,2,0,1,3,0,0,N,T
ACC-10000727,817,0,0,0,0,1,1,0,0,2,0,0,N,N
ACC-10000728,852,0,0,2,0,3,0,0,2,3,0,0,N,N
ACC-10000729,814,0,0,3,0,3,1,0,3,4,0,0,N,N
ACC-10000730,759,0,0,0,0,5,1,0,0,0,0,0,N,N
ACC-10000731,856,0,0,1,0,4,0,0,1,2,0,0,N,N
ACC-10000732,779,1,1,0,D,2,0,1,0,0,1,9,N,N
ACC-10000733,773,0,1,1,1,3,0,0,1,1,0,0,N,N
ACC-10000734,819,0,0,3,0,3,0,0,3,3,0,0,N,N
ACC-10000735,672,1,1,1,D,3,0,1,1,1,1,23,N,N
ACC-10000736,809,0,0,0,0,5,0,0,0,0,0,0,N,N
ACC-10000737,819,0,1,1,1,2,0,0,1,1,0,0,N,N
ACC-10000738,967,0,0,1,0,6,0,0,1,2,0,0,N,N
ACC-10000739,812,0,1,1,1,9,1,0,1,2,0,0,N,N
ACC-10000740,814,0,1,1,1,4,0,0,1,1,0,0,N,N
ACC-10000741,823,0,0,1,0,3,0,0,1,4,0,0,N,N
ACC-10000742,834,0,0,0,N,0,0,0,0,1,0,0,N,N
ACC-10000743,764,0,0,2,0,2,0,0,2,2,0,0,N,N
ACC-10000744,885,0,0,0,0,3,1,0,0,1,0,0,N,N
ACC-10000745,857,0,0,0,0,2,1,0,0,3,0,0,N,T
ACC-10000746,818,0,0,1,0,1,0,0,1,2,0,0,N,N
ACC-10000747,862,0,2,0,1,6,0,0,0,2,0,0,N,N
ACC-10000748,879,0,0,0,0,4,0,0,0,0,0,0,N,N
ACC-10000749,828,0,0,3,0,4,1,0,3,3,0,0,N,N
ACC-10000750,612,1,2,2,D,3,0,2,2,3,1,6,N,N
ACC-10000751,904,0,0,2,0,4,0,0,2,5,0,0,N,N
ACC-10000752,784,0,0,0,0,1,1,0,0,0,0,0,N,N
ACC-10000753,936,0,0,1,0,1,0,0,1,1,0,0,N,N
ACC-10000754,817,0,0,1,0,1,0,0,2,2,0,0,N,N
ACC-10000755,854,0,0,1,0,7,0,0,1,3,0,0,N,N
ACC-10000756,909,0,0,1,0,6,0,0,1,2,0,0,N,N
ACC-10000757,839,0,0,1,0,5,2,0,1,2,0,0,N,N
ACC-10000758,873,0,0,1,0,2,0,0,1,2,0,0,N,N
ACC-10000759,915,0,0,2,0,2,0,0,2,3,0,0,N,N
ACC-10000760,771,0,0,1,0,6,0,0,1,3,0,0,N,T
ACC-10000761,904,0,0,2,0,3,1,0,2,2,0,0,N,N
ACC-10000762,650,1,2,3,D,6,1,1,3,3,1,4,N,N
ACC-10000763,880,0,0,1,0,1,0,0,1,2,0,0,N,N
ACC-10000764,856,0,0,1,0,8,1,0,1,2,0,0,N,T
ACC-10000765,827,0,0,2,0,3,0,0,2,3,0,0,N,N
ACC-10000766,871,0,0,2,0,2,0,0,3,3,0,0,N,N
ACC-10000767,846,0,1,1,3,4,1,1,1,2,0,0,N,N
ACC-10000768,866,0,0,2,0,3,0,0,2,3,0,0,N,N
ACC-10000769,942,0,1,0,1,3,0,0,0,1,0,0,N,N
ACC-10000770,837,0,0,2,0,3,0,0,2,4,0,0,N,N
ACC-10000771,912,0,0,0,0,3,0,0,0,0,0,0,N,N
ACC-10000772,671,0,0,3,0,3,0,0,3,3,0,0,N,N
ACC-10000773,841,0,0,1,0,4,0,0,1,2,0,0,N,N
ACC-10000774,776,0,0,0,0,1,0,0,0,1,0,0,N,N
ACC-10000775,896,0,1,3,1,3,0,0,3,3,0,0,N,N
ACC-10000776,781,0,0,2,0,2,1,0,2,3,0,0,N,N
ACC-10000777,854,0,0,2,0,3,0,0,2,3,0,0,N,N
ACC-10000778,852,0,0,1,0,4,0,0,1,2,0,0,N,N
ACC-10000779,800,0,0,1,0,2,0,0,1,2,0,0,N,T
ACC-10000780,933,0,0,3,0,4,0,0,3,3,0,0,N,N
ACC-10000781,819,0,0,2,0,4,0,0,2,2,0,0,N,N
ACC-10000782,879,0,0,0,0,4,0,0,0,0,0,0,N,N
ACC-10000783,859,0,0,0,0,2,1,0,0,1,0,0,N,N
ACC-10000784,833,0,1,2,1,5,0,0,2,2,0,0,N,N
ACC-10000785,881,0,0,0,0,5,1,0,0,0,0,0,N,N
ACC-10000786,673,0,0,5,0,6,1,0,5,8,0,0,N,N
ACC-10000787,910,0,0,0,0,3,0,0,0,2,0,0,N,N
ACC-10000788,880,0,1,1,3,1,0,1,1,3,0,0,N,N
ACC-10000789,808,0,0,2,0,3,0,0,2,2,0,0,N,N
ACC-10000790,878,0,0,4,0,6,0,0,4,5,0,0,N,N
ACC-10000791,762,0,0,0,0,3,1,0,0,0,0,0,N,N
ACC-10000792,888,0,0,2,0,4,0,0,2,2,0,0,N,N
ACC-10000793,779,0,1,2,1,3,0,0,2,3,0,0,N,N
ACC-10000794,853,0,0,1,0,5,1,0,1,3,0,0,N,N
ACC-10000795,711,0,1,2,1,6,2,0,2,4,0,0,N,N
ACC-10000796,799,0,0,1,0,4,1,0,1,3,0,0,N,N
ACC-10000797,870,0,0,1,0,3,0,0,1,2,0,0,N,N
ACC-10000798,881,0,0,0,0,3,0,0,0,1,0,0,N,N
ACC-10000799,779,0,0,3,0,3,1,0,4,5,0,0,N,N
ACC-10000800,891,0,0,0,0,2,1,0,0,0,1,4,N,N
ACC-10000801,816,0,0,3,0,5,0,0,3,3,0,0,N,N
ACC-10000802,758,0,0,3,0,3,0,0,4,5,0,0,N,N
ACC-10000803,745,0,0,1,0,6,1,0,1,1,0,0,N,N
ACC-10000804,809,0,0,0,0,3,0,0,0,4,0,0,N,N
ACC-10000805,762,0,1,1,1,2,0,0,1,1,0,0,N,T
ACC-10000806,858,0,0,2,0,5,0,0,2,3,0,0,N,N
ACC-10000807,748,0,0,0,N,0,0,0,1,3,0,0,N,N
ACC-10000808,799,0,1,1,3,2,0,1,1,2,0,0,N,N
ACC-10000809,830,0,0,1,0,6,1,0,1,2,0,0,N,T
ACC-10000810,739,0,0,2,0,3,0,0,2,3,0,0,N,N
ACC-10000811,783,0,0,2,0,5,0,0,2,2,0,0,N,N
ACC-10000812,832,0,0,2,0,8,1,0,2,2,0,0,N,N
ACC-10000813,816,0,2,0,1,2,0,0,0,1,0,0,N,N
ACC-10000814,823,0,0,1,0,2,1,0,1,1,0,0,N,N
ACC-10000815,824,0,0,1,0,1,0,0,4,4,0,0,N,N
ACC-10000816,687,0,0,1,0,1,0,0,2,2,0,0,N,N
ACC-10000817,903,0,0,2,0,5,0,0,2,3,0,0,N,N
ACC-10000818,901,0,0,1,0,2,0,0,1,1,0,0,N,N
ACC-10000819,756,0,1,3,1,3,0,0,4,6,0,0,N,N
ACC-10000820,834,0,0,1,0,1,0,0,1,3,0,0,N,N
ACC-10000821,808,0,0,2,0,4,0,0,2,3,0,0,N,N
ACC-10000822,780,0,0,0,0,3,0,0,0,0,0,0,N,N
ACC-10000823,812,0,0,2,0,3,0,0,2,4,0,0,N,N
ACC-10000824,824,0,0,1,0,1,0,0,1,1,0,0,N,N
ACC-10000825,748,0,0,2,0,2,0,0,2,2,0,0,N,N
ACC-10000826,849,0,0,1,0,3,1,0,1,1,0,0,N,N
ACC-10000827,934,0,0,2,0,5,1,0,2,3,0,0,N,N
ACC-10000828,886,0,0,0,0,9,1,0,0,0,0,0,N,N
ACC-10000829,909,1,1,2,D,3,0,1,2,2,1,8,N,N
ACC-10000830,908,0,0,3,0,3,0,0,4,4,0,0,N,N
ACC-10000831,823,1,1,0,D,0,0,1,0,0,1,21,N,N
ACC-10000832,847,0,0,1,0,3,0,0,1,1,0,0,N,N
ACC-10000833,746,1,1,1,D,4,1,1,1,1,1,7,N,N
ACC-10000834,840,0,0,0,0,2,0,0,0,0,0,0,N,N
ACC-10000835,776,1,1,1,D,3,1,1,1,2,1,3,N,N
ACC-10000836,656,0,0,2,0,3,0,0,2,3,0,0,N,N
ACC-10000837,715,0,0,2,0,3,1,0,2,2,0,0,N,N
ACC-10000838,778,0,0,0,0,7,0,0,0,0,0,0,N,N
ACC-10000839,844,0,0,0,0,2,0,0,0,0,0,0,N,N
ACC-10000840,725,1,1,0,D,0,0,1,1,2,1,7,N,N
ACC-10000841,810,0,0,2,0,5,1,0,2,3,0,0,N,N
ACC-10000842,810,0,1,1,1,3,0,0,1,2,0,0,N,N
ACC-10000843,843,0,1,0,3,1,0,1,0,1,0,0,N,N
ACC-10000844,818,0,0,2,0,2,0,0,2,2,0,0,N,N
ACC-10000845,793,0,0,0,0,4,0,0,0,0,0,0,N,N
ACC-10000846,757,0,1,3,1,3,0,0,3,3,0,0,N,N
ACC-10000847,863,0,1,1,1,2,0,0,1,1,0,0,N,N
ACC-10000848,773,1,1,0,D,2,0,1,0,1,1,11,N,N
ACC-10000849,829,0,0,2,0,3,1,0,2,3,0,0,N,N
ACC-10000850,904,0,0,0,N,0,0,0,1,1,0,0,N,N
ACC-10000851,836,0,0,2,0,3,0,0,2,4,0,0,N,N
ACC-10000852,817,0,0,1,0,3,0,0,1,1,0,0,N,N
ACC-10000853,812,0,0,1,0,1,0,0,1,1,0,0,N,N
ACC-10000854,697,1,2,1,D,1,1,1,1,2,1,10,N,T
ACC-10000855,873,0,0,2,0,3,0,0,2,2,0,0,N,N
ACC-10000856,939,0,0,1,0,3,0,0,1,3,0,0,N,N
ACC-10000857,724,0,0,3,0,3,2,0,4,5,0,0,N,N
ACC-10000858,870,0,0,1,0,1,0,0,1,2,0,0,N,N
ACC-10000859,826,0,0,0,0,3,0,0,0,1,0,0,N,N
ACC-10000860,832,0,0,3,0,3,0,0,3,4,0,0,N,N
ACC-10000861,801,0,2,0,1,3,0,0,0,2,0,0,N,N
ACC-10000862,874,0,1,3,1,3,1,0,3,5,0,0,N,N
ACC-10000863,751,1,1,2,D,2,1,1,2,2,1,35,N,N
ACC-10000864,831,0,1,2,1,4,0,0,2,2,0,0,N,N
ACC-10000865,862,0,0,0,0,5,0,0,0,0,0,0,N,N
ACC-10000866,922,0,0,0,0,3,0,0,0,1,0,0,N,N
ACC-10000867,708,0,1,0,1,0,0,0,2,2,1,4,N,N
ACC-10000868,778,0,0,1,0,2,2,0,1,3,0,0,N,N
ACC-10000869,864,0,0,1,0,4,0,0,1,3,0,0,N,N
ACC-10000870,784,0,0,3,0,3,0,0,3,5,0,0,N,N
ACC-10000871,876,0,0,1,0,2,0,0,1,2,0,0,N,N
ACC-10000872,887,0,0,1,0,2,0,0,1,2,0,0,N,T
ACC-10000873,959,0,0,1,0,2,0,0,1,3,0,0,N,N
ACC-10000874,726,0,1,2,1,2,1,0,4,5,0,0,N,N
ACC-10000875,592,1,1,2,D,2,1,1,3,3,1,14,N,T
ACC-10000876,794,0,0,2,0,3,0,0,2,2,0,0,N,N
ACC-10000877,778,0,1,1,1,2,0,0,1,1,0,0,N,N
ACC-10000878,795,0,1,0,1,3,1,0,0,2,0,0,N,N
ACC-10000879,814,0,3,2,1,8,0,0,2,2,0,0,N,N
ACC-10000880,868,0,1,2,1,2,1,0,2,2,0,0,N,N
ACC-10000881,865,0,1,2,1,6,0,0,2,5,0,0,N,N
ACC-10000882,862,0,0,3,0,4,0,0,3,4,0,0,N,N
ACC-10000883,746,1,2,1,D,3,1,1,1,2,1,3,N,N
ACC-10000884,853,0,0,0,N,0,0,0,0,0,0,0,N,N
ACC-10000885,763,0,1,2,1,4,0,0,2,2,0,0,N,N
ACC-10000886,791,0,0,2,0,3,0,0,2,2,0,0,N,N
ACC-10000887,796,0,0,2,0,3,1,0,2,2,0,0,N,N
ACC-10000888,786,0,0,1,0,1,0,0,2,4,0,0,N,N
ACC-10000889,834,0,0,1,0,3,1,0,1,2,0,0,N,N
ACC-10000890,910,0,0,0,0,3,1,0,0,1,0,0,N,N
ACC-10000891,773,1,1,2,D,2,0,2,2,3,1,6,N,N
ACC-10000892,962,0,0,0,0,4,1,0,0,1,0,0,N,N
ACC-10000893,830,0,0,0,0,4,0,0,0,1,0,0,N,N
ACC-10000894,832,0,0,1,0,2,0,0,1,1,0,0,N,N
ACC-10000895,795,0,0,1,0,3,2,0,1,1,0,0,N,N
ACC-10000896,835,0,0,4,0,6,0,0,4,5,0,0,N,N
ACC-10000897,827,1,2,1,D,1,0,1,1,4,1,5,N,N
ACC-10000898,913,0,0,1,0,4,0,0,1,3,0,0,N,N
ACC-10000899,758,0,1,2,1,6,1,0,2,3,0,0,N,N
ACC-10000900,893,0,0,0,0,2,0,0,0,0,0,0,N,N
ACC-10000901,877,0,0,2,0,3,2,0,2,3,0,0,N,N
ACC-10000902,860,0,0,1,0,3,1,0,1,1,0,0,N,N
ACC-10000903,866,0,0,0,N,0,0,0,2,2,0,0,N,N
ACC-10000904,827,0,0,3,0,5,1,0,3,4,0,0,N,N
ACC-10000905,826,0,0,1,0,7,0,0,1,2,0,0,N,N
ACC-10000906,813,0,0,0,0,2,0,0,0,0,1,19,N,T
ACC-10000907,783,1,1,0,D,5,0,1,0,1,1,10,N,N
ACC-10000908,888,0,0,1,0,5,1,0,1,2,0,0,N,N
ACC-10000909,938,0,0,0,0,3,0,0,0,1,0,0,N,N
ACC-10000910,831,0,0,2,0,6,1,0,2,4,0,0,N,N
ACC-10000911,764,0,1,1,1,3,0,0,1,3,0,0,N,N
ACC-10000912,829,0,0,1,0,2,1,0,1,2,0,0,N,N
ACC-10000913,793,0,0,1,0,2,0,0,1,1,0,0,N,N
ACC-10000914,878,0,0,1,0,4,1,0,1,1,0,0,N,N
ACC-10000915,787,0,0,2,0,4,0,0,2,2,0,0,N,N
ACC-10000916,674,0,0,4,0,4,1,0,4,4,0,0,N,N
ACC-10000917,862,0,1,0,1,0,0,0,0,0,0,0,N,N
ACC-10000918,859,0,0,1,0,5,0,0,1,3,0,0,N,N
ACC-10000919,792,0,0,1,0,1,0,0,2,3,0,0,N,N
ACC-10000920,753,0,0,2,0,2,1,0,2,3,0,0,N,N
ACC-10000921,735,1,1,1,D,1,0,1,2,4,1,38,N,N
ACC-10000922,814,0,0,1,0,7,1,0,1,4,0,0,N,N
ACC-10000923,795,0,0,1,0,3,2,0,1,1,0,0,N,N
ACC-10000924,754,0,0,2,0,4,0,0,2,2,0,0,N,N
ACC-10000925,722,0,1,1,1,1,0,0,2,3,0,0,N,N
ACC-10000926,715,1,1,4,D,5,2,1,4,5,1,9,N,N
ACC-10000927,814,0,0,0,0,3,0,0,0,1,0,0,N,N
ACC-10000928,912,0,0,1,0,5,0,0,1,1,1,6,N,N
ACC-10000929,938,0,0,2,0,2,0,0,3,6,0,0,N,N
ACC-10000930,816,0,0,1,0,5,0,0,1,2,0,0,N,N
ACC-10000931,728,1,1,1,D,3,0,2,1,4,1,5,N,N
ACC-10000932,888,0,0,1,0,3,0,0,1,1,0,0,N,T
ACC-10000933,829,0,0,0,0,2,0,0,0,2,0,0,N,N
ACC-10000934,854,0,0,1,0,2,0,0,1,1,0,0,N,N
ACC-10000935,857,0,0,2,0,2,1,0,2,4,0,0,N,N
ACC-10000936,824,0,0,4,0,4,0,0,4,4,0,0,N,N
ACC-10000937,747,0,0,3,0,3,0,0,4,4,0,0,N,N
ACC-10000938,916,0,0,0,0,2,1,0,0,0,0,0,N,T
ACC-10000939,907,0,0,1,0,7,0,0,1,1,0,0,N,N
ACC-10000940,855,0,0,1,0,5,0,0,1,1,0,0,N,N
ACC-10000941,813,0,0,0,N,0,0,0,2,4,0,0,N,N
ACC-10000942,963,0,0,0,0,4,0,0,0,1,0,0,N,N
ACC-10000943,912,0,0,0,0,2,0,0,0,3,0,0,N,N
ACC-10000944,843,0,0,1,0,4,0,0,1,3,0,0,N,N
ACC-10000945,753,1,1,2,D,2,1,2,3,3,1,11,N,T
ACC-10000946,853,0,0,1,0,2,0,0,1,1,0,0,N,N
ACC-10000947,910,0,0,1,0,3,1,0,1,1,0,0,N,N
ACC-10000948,778,1,1,2,D,4,0,1,2,4,1,3,N,N
ACC-10000949,786,0,1,0,1,3,0,0,0,0,1,5,N,N
ACC-10000950,813,0,0,0,0,7,0,0,0,0,0,0,N,N
ACC-10000951,829,0,0,1,0,3,0,0,1,5,0,0,N,N
ACC-10000952,806,0,0,2,0,3,0,0,2,2,0,0,N,N
ACC-10000953,919,0,0,0,N,0,0,0,1,2,0,0,N,N
ACC-10000954,726,1,1,1,D,3,0,1,1,2,1,2,N,N
ACC-10000955,732,1,1,1,D,4,0,1,1,1,1,51,N,N
ACC-10000956,767,0,0,0,0,1,0,0,0,0,0,0,N,N
ACC-10000957,852,0,0,1,0,4,0,0,1,1,0,0,N,T
ACC-10000958,713,0,0,2,0,2,0,0,2,2,0,0,N,N
ACC-10000959,818,0,0,0,0,2,1,0,0,0,0,0,N,N
ACC-10000960,837,0,0,2,0,4,0,0,2,2,0,0,N,N
ACC-10000961,836,0,0,0,0,5,0,0,0,0,0,0,N,N
ACC-10000962,880,0,1,1,1,1,0,0,1,2,0,0,N,N
ACC-10000963,795,0,0,1,0,1,0,0,2,2,0,0,N,N
ACC-10000964,825,0,0,0,0,2,0,0,0,0,0,0,N,N
ACC-10000965,896,0,0,0,0,4,0,0,0,1,0,0,N,N
ACC-10000966,766,0,0,1,0,2,2,0,1,2,0,0,N,N
ACC-10000967,791,0,1,2,1,7,0,0,2,4,0,0,N,N
ACC-10000968,716,0,1,0,1,6,2,0,0,2,0,0,N,N
ACC-10000969,780,0,0,4,0,5,0,0,4,5,0,0,N,N
ACC-10000970,999,0,0,0,0,1,0,0,0,1,0,0,N,N
ACC-10000971,785,0,0,1,0,3,0,0,1,2,0,0,N,N
ACC-10000972,799,0,0,4,0,4,0,0,4,6,0,0,N,N
ACC-10000973,867,0,0,1,0,3,0,0,1,1,0,0,N,N
ACC-10000974,778,0,0,0,N,0,0,0,1,3,0,0,N,N
ACC-10000975,902,0,0,2,0,4,1,0,2,3,0,0,N,N
ACC-10000976,751,0,0,4,0,5,1,0,4,4,0,0,N,N
ACC-10000977,727,0,0,2,0,2,0,0,4,5,0,0,N,T
ACC-10000978,890,0,0,1,0,1,0,0,1,4,0,0,N,N
ACC-10000979,778,0,0,2,0,5,1,0,2,3,0,0,N,N
ACC-10000980,817,0,0,1,0,4,0,0,1,1,0,0,N,N
ACC-10000981,776,0,1,1,3,5,0,1,1,3,0,0,N,N
ACC-10000982,728,0,0,2,0,3,0,0,2,2,0,0,N,N
ACC-10000983,806,0,0,2,0,4,0,0,2,3,0,0,N,N
ACC-10000984,842,0,1,0,1,2,0,0,0,0,0,0,N,N
ACC-10000985,832,0,0,1,0,1,0,0,3,4,0,0,N,N
ACC-10000986,857,0,0,1,0,1,0,0,1,3,0,0,N,N
ACC-10000987,753,0,2,1,1,1,1,0,1,2,0,0,N,N
ACC-10000988,882,0,0,0,0,3,1,0,0,0,0,0,N,N
ACC-10000989,791,0,1,2,1,2,0,0,3,3,0,0,N,N
ACC-10000990,763,0,0,0,0,6,1,0,0,0,0,0,N,N
ACC-10000991,847,0,0,2,0,3,0,0,2,4,0,0,N,N
ACC-10000992,799,0,0,1,0,3,0,0,1,1,0,0,N,N
ACC-10000993,851,0,0,3,0,5,2,0,3,3,0,0,N,N
ACC-10000994,868,0,0,1,0,3,1,0,1,3,0,0,N,N
ACC-10000995,865,0,0,1,0,6,1,0,1,2,0,0,N,N
ACC-10000996,859,0,0,1,0,1,0,0,3,3,0,0,N,N
ACC-10000997,780,0,0,1,0,6,0,0,1,3,0,0,N,N
ACC-10000998,714,1,1,3,D,6,2,1,3,4,2,14,N,N
ACC-10000999,794,0,1,1,1,3,1,0,1,1,0,0,N,N
ACC-10001000,775,0,0,0,0,2,1,0,0,0,0,0,N,N
ACC-10001001,831,0,0,2,0,4,0,0,2,2,0,0,N,N
ACC-10001002,801,0,0,1,0,1,0,0,1,2,0,0,N,N
ACC-10001003,764,0,0,0,N,0,0,0,1,2,0,0,N,N
ACC-10001004,664,1,2,2,D,2,1,1,3,3,1,8,N,N
ACC-10001005,815,1,1,1,D,2,0,1,1,2,1,15,N,N
ACC-10001006,821,0,1,1,1,2,0,0,1,1,0,0,N,N
ACC-10001007,804,0,0,1,0,4,0,0,1,2,0,0,N,N
ACC-10001008,915,0,0,1,0,2,2,0,1,1,0,0,N,T
ACC-10001009,742,1,1,1,D,4,1,1,1,3,1,9,N,N
ACC-10001010,770,0,0,1,0,1,0,0,4,4,0,0,N,N
ACC-10001011,822,0,0,2,0,3,0,0,2,4,0,0,N,N
ACC-10001012,712,1,2,1,D,2,0,1,1,1,1,4,N,N
ACC-10001013,865,0,0,2,0,6,1,0,2,4,0,0,N,N
ACC-10001014,881,0,0,0,0,3,0,0,0,2,0,0,N,N
ACC-10001015,807,0,0,1,0,2,0,0,1,3,0,0,N,N
ACC-10001016,754,0,0,4,0,4,1,0,4,5,0,0,N,N
ACC-10001017,964,0,1,0,1,1,0,0,0,1,0,0,N,N
ACC-10001018,924,0,0,2,0,6,0,0,2,3,1,11,N,N
ACC-10001019,816,0,1,3,3,3,1,1,3,3,0,0,N,T
ACC-10001020,827,0,1,0,1,2,1,0,0,2,0,0,N,N
ACC-10001021,848,0,1,2,3,2,0,1,2,4,0,0,N,N
ACC-10001022,866,0,0,1,0,2,0,0,1,2,0,0,N,N
ACC-10001023,966,0,0,0,N,0,0,0,0,2,0,0,N,N
ACC-10001024,704,0,0,3,0,3,0,0,4,5,0,0,N,N
ACC-10001025,761,0,0,1,0,1,0,0,1,2,0,0,N,N
ACC-10001026,742,0,0,1,0,1,0,0,4,5,0,0,N,N
ACC-10001027,817,0,0,1,0,2,0,0,1,1,0,0,N,N
ACC-10001028,835,0,0,1,0,4,0,0,1,2,0,0,N,N
ACC-10001029,881,0,0,0,0,2,0,0,0,1,0,0,N,N
ACC-10001030,907,0,0,0,0,1,0,0,0,0,0,0,N,N
ACC-10001031,765,0,0,3,0,6,3,0,3,5,0,0,N,N
ACC-10001032,847,0,0,0,0,2,0,0,0,1,0,0,N,N
ACC-10001033,792,0,0,1,0,5,0,0,1,1,0,0,N,N
ACC-10001034,999,0,0,1,0,3,0,0,1,2,0,0,N,N
ACC-10001035,843,0,0,1,0,3,1,0,1,1,0,0,N,N
ACC-10001036,696,1,2,0,D,0,0,1,1,2,1,4,N,T
ACC-10001037,838,0,0,1,0,1,0,0,1,4,0,0,N,N
ACC-10001038,858,0,0,1,0,2,0,0,1,1,1,20,N,N
ACC-10001039,810,0,1,0,1,0,0,0,0,2,0,0,N,N
ACC-10001040,828,0,0,1,0,1,0,0,1,1,0,0,N,N
ACC-10001041,812,0,0,3,0,4,2,0,3,4,0,0,N,N
ACC-10001042,864,1,2,0,D,5,0,1,0,2,1,3,N,N
ACC-10001043,861,1,1,0,D,0,0,1,0,0,1,12,N,N
ACC-10001044,846,0,0,0,0,2,0,0,0,0,0,0,N,N
ACC-10001045,804,0,0,2,0,8,0,0,2,2,0,0,N,T
ACC-10001046,780,0,0,0,0,2,0,0,0,1,0,0,N,N
ACC-10001047,847,0,0,1,0,5,0,0,1,2,0,0,N,N
ACC-10001048,793,0,1,1,1,1,0,0,1,1,0,0,N,N
ACC-10001049,871,0,1,0,1,5,1,0,0,1,0,0,N,N
ACC-10001050,776,0,0,0,0,2,0,0,0,0,0,0,N,N
ACC-10001051,933,0,0,0,0,4,0,0,0,1,0,0,N,T
ACC-10001052,798,0,1,1,1,1,0,0,1,2,0,0,N,N
ACC-10001053,856,0,0,2,0,3,0,0,2,3,0,0,N,N
ACC-10001054,825,0,1,1,3,2,1,1,1,4,0,0,N,N
ACC-10001055,704,1,2,1,D,1,0,1,4,6,1,3,N,N
ACC-10001056,880,0,0,2,0,5,1,0,2,2,0,0,N,N
ACC-10001057,775,0,0,1,0,7,1,0,1,2,0,0,N,N
ACC-10001058,879,0,1,0,3,3,0,1,0,2,0,0,N,N
ACC-10001059,677,1,1,1,D,1,0,1,4,5,1,12,N,N
ACC-10001060,847,0,0,0,0,5,0,0,0,0,0,0,N,N
ACC-10001061,817,0,1,0,1,2,0,0,0,0,0,0,N,N
ACC-10001062,804,0,2,0,1,3,0,0,0,0,0,0,N,N
ACC-10001063,920,0,0,0,0,3,0,0,0,2,0,0,N,N
ACC-10001064,787,1,1,1,D,1,0,1,2,5,1,12,N,N
ACC-10001065,832,0,0,1,0,2,0,0,1,1,0,0,N,N
ACC-10001066,864,0,0,0,0,3,0,0,0,2,0,0,N,N
ACC-10001067,850,0,0,0,N,0,0,0,1,1,0,0,N,N
ACC-10001068,824,0,0,2,0,7,1,0,2,3,0,0,N,N
ACC-10001069,863,0,0,0,0,4,0,0,0,1,0,0,N,N
ACC-10001070,763,1,1,0,D,2,0,1,0,4,1,19,N,N
ACC-10001071,875,0,0,1,0,7,1,0,1,2,0,0,N,N
ACC-10001072,699,1,2,2,D,3,2,1,2,4,1,5,N,N
ACC-10001073,770,0,0,1,0,1,0,0,2,2,0,0,N,N
ACC-10001074,829,0,0,0,N,0,0,0,1,1,0,0,N,T
ACC-10001075,884,0,0,1,0,8,1,0,1,2,0,0,N,N
ACC-10001076,751,0,1,1,1,4,0,0,1,2,0,0,N,N
ACC-10001077,748,1,1,0,D,4,1,1,0,1,1,3,N,N
ACC-10001078,836,0,0,1,0,3,0,0,1,1,0,0,N,T
ACC-10001079,792,0,1,0,1,5,1,0,0,0,0,0,N,N
ACC-10001080,798,0,0,1,0,2,1,0,1,1,0,0,N,N
ACC-10001081,925,0,0,1,0,1,0,0,1,2,0,0,N,N
ACC-10001082,832,0,0,1,0,1,0,0,2,3,0,0,N,N
ACC-10001083,748,0,0,3,0,4,0,0,3,4,0,0,N,N
ACC-10001084,851,0,0,1,0,2,0,0,1,3,0,0,N,N
ACC-10001085,834,0,0,1,0,3,0,0,1,1,0,0,N,T
ACC-10001086,908,0,1,0,3,7,0,1,0,1,0,0,N,N
ACC-10001087,894,0,1,0,3,1,0,1,0,0,0,0,N,N
ACC-10001088,933,0,0,0,0,4,0,0,0,0,0,0,N,N
ACC-10001089,791,0,0,0,N,0,0,0,0,1,0,0,N,N
ACC-10001090,893,0,0,2,0,2,0,0,2,4,0,0,N,N
ACC-10001091,738,1,2,1,D,3,0,1,1,1,1,7,N,N
ACC-10001092,784,0,1,2,3,5,0,1,2,2,0,0,N,N
ACC-10001093,775,1,1,1,D,5,0,1,1,1,1,6,N,N
ACC-10001094,852,0,1,2,1,5,0,0,2,2,0,0,N,N
ACC-10001095,821,0,1,0,3,3,2,2,0,1,0,0,N,N
ACC-10001096,802,0,0,1,0,1,0,0,3,4,0,0,N,N
ACC-10001097,793,1,1,1,D,3,0,1,1,3,1,8,N,N
ACC-10001098,879,0,0,1,0,1,0,0,1,2,0,0,N,N
ACC-10001099,626,0,1,2,3,3,2,1,2,2,0,0,N,N
ACC-10001100,731,1,1,0,D,4,0,2,0,0,1,5,N,N
ACC-10001101,883,0,0,1,0,7,0,0,1,4,0,0,N,N
ACC-10001102,822,0,1,1,1,8,2,0,1,1,0,0,N,N
ACC-10001103,875,0,0,0,0,4,0,0,0,0,0,0,N,N
ACC-10001104,799,0,0,2,0,2,1,0,2,3,0,0,N,T
ACC-10001105,818,0,0,0,0,7,1,0,0,0,0,0,N,N
ACC-10001106,880,0,0,0,0,2,0,0,0,0,0,0,N,N
ACC-10001107,792,0,0,1,0,2,0,0,1,3,0,0,N,N
ACC-10001108,913,0,0,0,0,2,0,0,0,1,0,0,N,N
ACC-10001109,851,0,0,2,0,3,0,0,2,2,0,0,N,N
ACC-10001110,904,0,1,1,1,3,1,0,1,1,0,0,N,N
ACC-10001111,823,0,1,1,3,2,1,1,1,3,0,0,N,N
ACC-10001112,888,0,0,1,0,2,0,0,1,1,0,0,N,N
ACC-10001113,803,0,0,1,0,4,0,0,1,1,0,0,N,N
ACC-10001114,665,2,2,1,D,1,0,2,4,6,2,2,N,N
ACC-10001115,830,0,0,1,0,1,0,0,2,2,0,0,N,N
ACC-10001116,799,0,0,1,0,1,0,0,1,3,0,0,N,N
ACC-10001117,847,0,0,1,0,6,0,0,1,2,0,0,N,N
ACC-10001118,720,1,1,0,D,4,1,1,0,0,1,9,N,N
ACC-10001119,948,0,0,2,0,4,0,0,2,3,0,0,N,N
ACC-10001120,912,0,0,0,0,1,0,0,0,1,0,0,N,N
ACC-10001121,835,0,0,0,0,2,1,0,0,0,0,0,N,N
ACC-10001122,791,0,0,1,0,6,2,0,1,1,0,0,N,N
ACC-10001123,538,1,2,2,D,6,2,1,2,2,1,5,N,N
ACC-10001124,781,0,0,0,N,0,0,0,1,3,0,0,N,N
ACC-10001125,862,0,0,1,0,3,0,0,1,2,0,0,N,N
ACC-10001126,801,0,0,1,0,2,0,0,1,3,0,0,N,N
ACC-10001127,756,0,1,1,1,4,0,0,1,1,0,0,N,N
ACC-10001128,682,1,2,1,D,2,0,1,1,3,1,20,N,N
ACC-10001129,803,0,1,1,3,4,1,1,1,3,0,0,N,N
ACC-10001130,873,0,0,0,0,5,0,0,0,1,0,0,N,N
ACC-10001131,844,0,0,0,0,3,0,0,0,0,0,0,N,N
ACC-10001132,873,0,0,1,0,7,0,0,1,1,0,0,N,N
ACC-10001133,797,0,1,2,1,3,0,0,2,2,0,0,N,N
ACC-10001134,845,0,0,0,N,0,0,0,0,0,0,0,N,N
ACC-10001135,770,0,0,0,N,0,0,0,2,2,0,0,N,T
ACC-10001136,910,0,0,0,0,2,0,0,0,0,0,0,N,N
ACC-10001137,798,0,0,2,0,2,0,0,3,5,0,0,N,N
ACC-10001138,857,0,1,1,1,5,0,0,1,1,0,0,N,N
ACC-10001139,892,0,0,1,0,1,1,0,1,1,0,0,N,N
ACC-10001140,861,0,0,1,0,6,0,0,1,4,0,0,N,N
ACC-10001141,788,0,0,0,0,2,1,0,0,1,0,0,N,N
ACC-10001142,720,1,1,0,D,3,0,2,0,0,1,2,N,N
ACC-10001143,824,0,0,2,0,6,0,0,2,2,0,0,N,N
ACC-10001144,904,0,0,3,0,6,0,0,3,3,0,0,N,N
ACC-10001145,787,0,0,3,0,6,1,0,3,4,0,0,N,N
ACC-10001146,735,1,1,3,D,6,1,1,3,4,1,21,N,N
ACC-10001147,921,0,0,2,0,2,0,0,2,3,0,0,N,N
ACC-10001148,827,0,1,1,1,3,0,0,1,1,0,0,N,N
ACC-10001149,910,0,0,0,0,3,0,0,0,0,0,0,N,N
ACC-10001150,896,0,0,1,0,2,0,0,1,1,0,0,N,N
ACC-10001151,834,0,0,1,0,4,0,0,1,2,0,0,N,N
ACC-10001152,736,0,0,1,0,1,0,0,2,2,0,0,N,N
ACC-10001153,822,0,0,2,0,3,0,0,2,2,0,0,N,N
ACC-10001154,884,0,1,1,1,4,1,0,1,3,0,0,N,N
ACC-10001155,865,0,0,1,0,6,1,0,1,1,0,0,N,N
ACC-10001156,854,0,0,1,0,2,0,0,1,2,0,0,N,N
ACC-10001157,862,0,0,1,0,3,0,0,1,1,0,0,N,N
ACC-10001158,869,0,0,0,0,3,0,0,0,0,0,0,N,T
ACC-10001159,937,0,0,1,0,3,0,0,1,1,0,0,N,N
ACC-10001160,839,0,1,0,1,4,0,0,0,0,0,0,N,T
ACC-10001161,765,1,1,2,D,3,0,1,2,3,1,12,N,N
ACC-10001162,881,0,0,0,0,5,1,0,0,0,0,0,N,N
ACC-10001163,786,0,0,0,0,5,0,0,0,0,0,0,N,N
ACC-10001164,938,0,0,0,0,3,0,0,0,3,0,0,N,N
ACC-10001165,810,0,0,1,0,1,0,0,1,1,0,0,N,N
ACC-10001166,874,0,0,0,0,3,0,0,0,2,0,0,N,N
ACC-10001167,796,0,1,0,1,5,0,0,0,0,0,0,N,N
ACC-10001168,797,0,0,1,0,1,0,0,1,4,0,0,N,N
ACC-10001169,750,0,0,5,0,5,0,0,5,7,0,0,N,N
ACC-10001170,827,0,0,1,0,1,0,0,2,2,0,0,N,N
ACC-10001171,769,0,1,1,1,1,0,0,1,3,0,0,N,N
ACC-10001172,857,0,1,1,3,1,0,1,1,2,0,0,N,N
ACC-10001173,820,0,0,0,0,6,0,0,0,0,0,0,N,N
ACC-10001174,774,0,0,1,0,1,0,0,2,2,0,0,N,N
ACC-10001175,760,1,2,2,D,3,0,1,2,2,1,11,N,N
ACC-10001176,819,0,0,2,0,3,1,0,2,2,0,0,N,N
ACC-10001177,860,0,0,1,0,3,0,0,1,2,0,0,N,N
ACC-10001178,832,0,0,1,0,3,0,0,1,2,0,0,N,N
ACC-10001179,841,0,0,1,0,3,0,0,1,3,0,0,N,N
ACC-10001180,793,1,1,0,D,3,0,1,0,1,1,33,N,N
ACC-10001181,839,0,0,2,0,5,0,0,2,3,0,0,N,T
ACC-10001182,928,0,0,1,0,1,0,0,4,6,0,0,N,N
ACC-10001183,740,1,1,2,D,4,0,2,2,2,1,8,N,N
ACC-10001184,773,0,0,2,0,5,2,0,2,3,0,0,N,N
ACC-10001185,730,0,1,2,1,5,2,0,2,3,0,0,N,N
ACC-10001186,850,0,0,0,0,3,0,0,0,2,0,0,N,N
ACC-10001187,809,0,1,1,3,1,0,1,2,2,0,0,N,N
ACC-10001188,833,0,0,1,0,5,0,0,1,2,0,0,N,N
ACC-10001189,858,0,0,0,0,1,0,0,0,1,0,0,N,N
ACC-10001190,764,0,0,2,0,5,0,0,2,4,0,0,N,N
ACC-10001191,827,0,0,1,0,2,0,0,1,1,0,0,N,N
ACC-10001192,930,0,0,3,0,4,0,0,3,3,0,0,N,N
ACC-10001193,884,0,0,0,0,1,0,0,0,1,0,0,N,N
ACC-10001194,748,0,0,1,0,1,0,0,4,4,0,0,N,N
ACC-10001195,786,0,0,2,0,5,0,0,2,5,0,0,N,N
ACC-10001196,871,0,0,1,0,3,1,0,1,1,0,0,N,N
ACC-10001197,862,0,0,0,0,2,0,0,0,1,0,0,N,N
ACC-10001198,742,2,2,1,D,2,0,2,1,2,2,4,N,N
ACC-10001199,805,0,1,1,1,2,0,0,1,2,0,0,N,N
ACC-10001200,777,0,0,2,0,2,0,0,3,4,0,0,N,N
ACC-10001201,892,0,0,1,0,3,0,0,1,1,0,0,N,N
ACC-10001202,819,0,1,2,1,2,0,0,2,3,0,0,N,N
ACC-10001203,949,0,0,1,0,3,0,0,1,2,0,0,N,N
ACC-10001204,803,0,0,1,0,2,0,0,1,1,0,0,N,N
ACC-10001205,889,0,0,0,0,6,3,0,0,1,0,0,N,N
ACC-10001206,948,0,0,0,0,4,1,0,0,1,1,12,N,N
ACC-10001207,796,0,0,2,0,4,0,0,2,4,0,0,N,N
ACC-10001208,813,0,0,1,0,4,0,0,1,2,0,0,N,N
ACC-10001209,852,0,0,1,0,4,1,0,1,1,0,0,N,N
ACC-10001210,789,0,0,3,0,5,0,0,3,5,0,0,N,N
ACC-10001211,734,1,1,2,D,5,0,1,2,3,1,9,N,N
ACC-10001212,844,0,0,0,0,2,1,0,0,2,0,0,N,N
ACC-10001213,794,0,0,2,0,5,0,0,2,4,0,0,N,N
ACC-10001214,674,0,0,2,0,2,0,0,4,4,0,0,N,N
ACC-10001215,750,0,0,3,0,4,1,0,3,3,0,0,N,N
ACC-10001216,848,0,0,2,0,3,1,0,2,3,0,0,N,N
ACC-10001217,879,0,0,1,0,1,0,0,1,1,0,0,N,N
ACC-10001218,670,0,1,2,3,2,1,1,3,3,0,0,N,N
ACC-10001219,898,0,0,0,0,1,0,0,0,1,0,0,N,N
ACC-10001220,733,0,1,1,3,3,0,2,1,2,0,0,N,N
ACC-10001221,819,0,0,1,0,3,0,0,1,2,0,0,N,N
ACC-10001222,766,0,0,2,0,2,0,0,4,5,0,0,N,N
ACC-10001223,876,0,0,1,0,1,0,0,1,1,0,0,N,N
ACC-10001224,859,0,0,0,0,2,1,0,0,1,0,0,N,N
ACC-10001225,826,0,0,0,0,5,0,0,0,2,0,0,N,N
ACC-10001226,844,0,0,0,0,5,0,0,0,0,0,0,N,N
ACC-10001227,824,0,0,1,0,4,0,0,1,2,0,0,N,N
ACC-10001228,762,0,0,2,0,6,0,0,2,2,0,0,N,N
ACC-10001229,862,0,0,1,0,6,0,0,1,2,0,0,N,N
ACC-10001230,765,0,0,2,0,4,0,0,2,2,0,0,N,N
ACC-10001231,798,0,0,3,0,5,0,0,3,5,0,0,N,N
ACC-10001232,854,0,0,1,0,5,0,0,1,2,0,0,N,N
ACC-10001233,817,0,1,2,1,4,0,0,2,3,0,0,N,N
ACC-10001234,803,0,0,2,0,4,0,0,2,3,0,0,N,T
ACC-10001235,708,0,0,0,0,6,0,0,0,1,0,0,N,N
ACC-10001236,761,0,0,1,0,3,2,0,1,1,1,5,N,N
ACC-10001237,762,0,0,2,0,4,1,0,2,4,0,0,N,N
ACC-10001238,806,0,0,1,0,2,0,0,1,3,0,0,N,N
ACC-10001239,832,0,0,1,0,5,0,0,1,4,0,0,N,N
ACC-10001240,755,0,0,1,0,1,0,0,3,3,0,0,N,N
ACC-10001241,760,0,0,1,0,3,0,0,1,3,0,0,N,N
ACC-10001242,963,0,0,0,0,2,0,0,0,1,0,0,N,N
ACC-10001243,786,1,1,1,D,2,0,1,1,1,1,7,N,N
ACC-10001244,869,0,1,1,1,4,0,0,1,2,0,0,N,N
ACC-10001245,857,0,0,2,0,4,1,0,2,3,0,0,N,N
ACC-10001246,758,0,0,2,0,3,0,0,2,3,0,0,N,N
ACC-10001247,897,0,0,0,0,4,0,0,0,1,0,0,N,N
ACC-10001248,831,1,1,0,D,3,0,1,0,1,1,3,N,N
ACC-10001249,860,0,0,1,0,2,0,0,1,2,0,0,N,N
ACC-10001250,929,0,0,1,0,2,0,0,1,2,0,0,N,N
ACC-10001251,806,0,0,0,0,2,0,0,0,1,0,0,N,N
ACC-10001252,742,1,1,1,D,3,0,1,1,3,1,23,N,N
ACC-10001253,959,0,0,0,0,3,0,0,0,1,0,0,N,N
ACC-10001254,902,0,0,1,0,1,0,0,1,1,0,0,N,N
ACC-10001255,885,0,0,1,0,1,0,0,1,2,0,0,N,N
ACC-10001256,749,0,0,2,0,2,0,0,2,3,0,0,N,N
ACC-10001257,705,1,2,0,D,3,0,1,0,1,1,8,N,N
ACC-10001258,726,1,1,1,D,3,1,1,1,3,1,4,N,N
ACC-10001259,820,0,1,1,3,4,1,1,1,1,0,0,N,N
ACC-10001260,731,1,1,1,D,2,0,1,1,2,1,7,N,N
ACC-10001261,906,0,0,1,0,4,0,0,1,1,0,0,N,N
ACC-10001262,817,0,0,1,0,1,0,0,1,2,0,0,N,N
ACC-10001263,931,0,0,0,0,4,0,0,0,2,0,0,N,N
ACC-10001264,804,1,1,0,D,5,0,1,0,1,1,17,N,N
ACC-10001265,830,0,0,1,0,3,1,0,1,1,0,0,N,N
ACC-10001266,831,0,0,2,0,5,0,0,2,2,0,0,N,N
ACC-10001267,902,0,0,0,0,2,0,0,0,1,0,0,N,N
ACC-10001268,808,0,0,2,0,3,0,0,2,2,0,0,N,N
ACC-10001269,800,0,0,1,0,3,1,0,1,3,0,0,N,N
ACC-10001270,784,0,1,1,1,5,0,0,1,1,0,0,N,N
ACC-10001271,823,0,0,1,0,2,1,0,1,2,0,0,N,N
ACC-10001272,870,0,0,0,0,4,0,0,0,1,0,0,N,N
ACC-10001273,880,0,0,1,0,2,0,0,1,2,0,0,N,N
ACC-10001274,905,0,0,0,0,3,1,0,0,0,0,0,N,N
ACC-10001275,881,0,0,0,0,3,1,0,0,1,0,0,N,N
ACC-10001276,999,0,0,0,N,0,0,0,1,1,0,0,N,N
ACC-10001277,840,0,1,3,1,5,0,0,3,3,0,0,N,N
ACC-10001278,754,1,1,1,D,5,0,1,1,1,1,6,N,N
ACC-10001279,947,0,0,2,0,3,0,0,2,4,0,0,N,N
ACC-10001280,851,0,0,0,0,4,0,0,0,0,0,0,N,N
ACC-10001281,945,0,0,1,0,5,1,0,1,3,0,0,N,N
ACC-10001282,704,1,2,0,D,2,0,1,0,1,1,7,N,N
ACC-10001283,854,0,1,1,1,2,0,0,1,2,0,0,N,N
ACC-10001284,746,0,0,2,0,4,0,0,2,4,0,0,N,N
ACC-10001285,976,0,0,0,0,2,0,0,0,0,0,0,N,N
ACC-10001286,747,1,1,0,D,3,0,1,0,1,1,7,N,N
ACC-10001287,796,0,0,1,0,2,0,0,1,2,0,0,N,N
ACC-10001288,884,0,0,1,0,2,0,0,1,6,0,0,N,N
ACC-10001289,854,0,0,2,0,5,0,0,2,2,0,0,N,N
ACC-10001290,781,0,0,2,0,5,0,0,2,3,0,0,N,N
ACC-10001291,853,0,0,1,0,6,0,0,1,1,0,0,N,N
ACC-10001292,850,0,0,3,0,6,0,0,3,4,0,0,N,N
ACC-10001293,862,0,0,3,0,3,2,0,3,3,0,0,N,N
ACC-10001294,887,0,1,1,3,1,0,1,2,3,0,0,N,N
ACC-10001295,741,0,1,1,1,2,1,0,1,1,0,0,N,N
ACC-10001296,915,0,0,1,0,3,0,0,1,1,0,0,N,N
ACC-10001297,819,1,1,0,D,2,0,1,0,1,1,4,N,N
ACC-10001298,805,0,0,4,0,4,0,0,4,6,0,0,N,N
ACC-10001299,656,1,3,1,D,1,0,3,2,3,1,9,N,N
ACC-10001300,792,0,0,3,0,4,0,0,3,4,0,0,N,N
ACC-10001301,740,0,0,1,0,1,0,0,2,3,0,0,N,T
ACC-10001302,893,0,0,2,0,2,0,0,3,3,0,0,N,N
ACC-10001303,775,1,1,2,D,5,0,2,2,2,1,3,N,N
ACC-10001304,822,0,0,1,0,3,1,0,1,1,0,0,N,N
ACC-10001305,887,0,0,0,N,0,0,0,1,3,0,0,N,N
ACC-10001306,704,1,2,0,D,4,1,2,0,0,1,11,N,N
ACC-10001307,680,1,1,2,D,2,1,1,2,3,1,16,N,N
ACC-10001308,876,0,0,1,0,2,0,0,1,1,0,0,N,N
ACC-10001309,732,1,1,0,D,5,2,1,0,2,1,7,N,N
ACC-10001310,743,0,0,0,0,4,2,0,0,1,0,0,N,N
ACC-10001311,832,0,0,2,0,4,0,0,2,3,0,0,N,N
ACC-10001312,725,0,2,1,1,5,0,0,1,1,0,0,N,N
ACC-10001313,901,0,0,2,0,8,1,0,2,2,0,0,N,N
ACC-10001314,845,0,0,0,0,1,1,0,0,0,0,0,N,N
ACC-10001315,857,0,0,1,0,5,0,0,1,1,0,0,N,T
ACC-10001316,857,0,0,2,0,2,0,0,2,6,0,0,N,N
ACC-10001317,831,0,0,1,0,3,1,0,1,2,0,0,N,N
ACC-10001318,783,1,1,1,D,6,1,1,1,1,1,8,N,N
ACC-10001319,876,0,0,0,0,2,0,0,0,3,0,0,N,N
ACC-10001320,635,1,1,1,D,2,0,1,1,1,1,14,N,T
ACC-10001321,821,0,0,1,0,3,1,0,1,1,0,0,N,N
ACC-10001322,891,0,0,1,0,4,0,0,1,2,0,0,N,N
ACC-10001323,808,1,1,2,D,4,0,1,2,4,1,14,N,N
ACC-10001324,860,0,0,2,0,2,0,0,2,2,0,0,N,N
ACC-10001325,792,0,1,1,1,4,0,0,1,1,0,0,N,N
ACC-10001326,860,0,0,2,0,8,1,0,2,4,0,0,N,N
ACC-10001327,821,0,1,1,1,1,1,0,1,3,0,0,N,T
ACC-10001328,808,1,1,0,D,1,0,1,0,0,1,5,N,N
ACC-10001329,810,0,0,2,0,6,1,0,2,3,0,0,N,N
ACC-10001330,856,0,0,2,0,6,1,0,2,3,0,0,N,N
ACC-10001331,834,0,1,0,1,5,0,0,0,1,0,0,N,N
ACC-10001332,797,0,0,1,0,3,1,0,1,3,0,0,N,N
ACC-10001333,900,0,0,1,0,2,0,0,1,2,0,0,N,N
ACC-10001334,874,0,0,0,0,2,0,0,0,2,0,0,N,N
ACC-10001335,859,0,0,2,0,8,0,0,2,5,0,0,N,N
ACC-10001336,677,1,1,4,D,5,2,3,4,4,1,12,N,N
ACC-10001337,872,0,0,0,0,5,1,0,0,0,0,0,N,N
ACC-10001338,920,0,0,0,0,1,0,0,0,0,0,0,N,N
ACC-10001339,818,0,0,1,0,2,1,0,1,2,0,0,N,N
ACC-10001340,794,0,1,2,1,5,0,0,2,3,0,0,N,N
ACC-10001341,849,0,0,3,0,3,0,0,3,3,0,0,N,N
ACC-10001342,814,0,0,0,0,3,1,0,0,2,0,0,N,N
ACC-10001343,803,0,1,1,1,3,0,0,1,1,0,0,N,N
ACC-10001344,890,0,1,1,1,3,0,0,1,1,0,0,N,N
ACC-10001345,825,0,1,0,1,2,0,0,0,1,0,0,N,N
ACC-10001346,754,2,2,0,D,0,0,2,1,2,2,13,Y,N
ACC-10001347,995,0,0,0,0,4,0,0,0,1,0,0,N,N
ACC-10001348,831,0,0,1,0,3,0,0,1,1,0,0,N,N
ACC-10001349,841,0,0,1,0,2,0,0,1,3,0,0,N,N
ACC-10001350,839,0,0,1,0,1,1,0,1,4,0,0,N,N
ACC-10001351,797,0,0,0,0,2,0,0,0,0,0,0,N,N
ACC-10001352,755,0,0,2,0,2,0,0,3,3,0,0,N,N
ACC-10001353,942,0,1,0,1,2,0,0,0,1,0,0,N,N
ACC-10001354,892,0,0,0,0,5,2,0,0,3,0,0,N,N
ACC-10001355,834,0,0,1,0,5,1,0,1,1,0,0,N,N
ACC-10001356,680,0,1,3,1,6,2,0,3,4,0,0,N,N
ACC-10001357,786,0,0,3,0,4,0,0,3,4,0,0,N,N
ACC-10001358,805,0,0,1,0,5,3,0,1,2,0,0,N,N
ACC-10001359,807,0,0,4,0,4,0,0,4,5,0,0,N,N
ACC-10001360,829,0,0,1,0,1,0,0,1,1,0,0,N,N
ACC-10001361,746,1,1,1,D,2,1,1,1,2,1,1,N,N
ACC-10001362,731,0,0,3,0,4,1,0,3,4,0,0,N,N
ACC-10001363,875,0,1,1,1,4,0,0,1,1,0,0,N,N
ACC-10001364,825,0,0,2,0,4,0,0,2,3,0,0,N,N
ACC-10001365,802,0,0,0,0,3,0,0,0,2,0,0,N,N
ACC-10001366,755,0,0,3,0,5,0,0,3,4,0,0,N,N
ACC-10001367,795,0,0,2,0,4,0,0,2,2,0,0,N,N
ACC-10001368,800,0,0,0,0,3,1,0,0,0,0,0,N,N
ACC-10001369,912,0,0,2,0,4,0,0,2,3,0,0,N,N
ACC-10001370,732,1,1,3,D,4,0,1,3,4,1,3,N,T
ACC-10001371,805,0,0,0,0,4,1,0,0,1,0,0,N,N
ACC-10001372,797,0,0,1,0,2,0,0,1,1,0,0,N,N
ACC-10001373,780,0,0,1,0,3,0,0,1,3,0,0,N,T
ACC-10001374,702,1,1,1,D,2,0,1,1,3,1,4,N,N
ACC-10001375,825,0,1,2,1,6,0,0,2,3,0,0,N,N
ACC-10001376,889,0,0,1,0,6,1,0,1,1,0,0,N,N
ACC-10001377,794,0,0,2,0,6,0,0,2,2,0,0,N,N
ACC-10001378,811,0,0,0,0,1,0,0,0,2,0,0,N,N
ACC-10001379,831,0,0,1,0,5,0,0,1,5,0,0,N,N
ACC-10001380,763,0,0,3,0,6,1,0,3,3,0,0,N,N
ACC-10001381,914,0,0,1,0,4,0,0,1,2,0,0,N,N
ACC-10001382,767,0,0,1,0,1,0,0,2,3,0,0,N,N
ACC-10001383,889,0,0,0,0,5,0,0,0,0,0,0,N,N
ACC-10001384,826,0,0,2,0,4,1,0,2,2,0,0,N,N
ACC-10001385,763,0,0,1,0,3,0,0,1,3,0,0,N,N
ACC-10001386,842,0,0,0,0,4,1,0,0,0,0,0,N,N
ACC-10001387,891,0,0,1,0,2,0,0,1,2,0,0,N,N
ACC-10001388,907,0,0,0,0,4,0,0,0,0,0,0,N,N
ACC-10001389,719,1,2,1,D,2,1,3,1,2,1,9,N,N
ACC-10001390,841,0,0,1,0,5,0,0,1,3,0,0,N,N
ACC-10001391,893,0,0,1,0,4,2,0,1,2,0,0,N,N
ACC-10001392,829,0,0,1,0,4,0,0,1,3,0,0,N,N
ACC-10001393,775,0,1,1,3,1,0,1,1,4,0,0,N,N
ACC-10001394,760,0,0,0,0,2,1,0,0,0,0,0,N,T
ACC-10001395,923,0,0,2,0,3,2,0,2,3,0,0,N,N
ACC-10001396,741,0,0,3,0,5,1,0,3,5,0,0,N,N
ACC-10001397,801,0,0,0,0,5,0,0,0,0,0,0,N,N
ACC-10001398,829,1,1,2,D,5,0,1,2,2,1,28,N,N
ACC-10001399,778,1,1,2,D,2,0,1,2,2,1,11,N,N
ACC-10001400,835,0,0,2,0,4,0,0,2,2,0,0,N,N
ACC-10001401,755,1,1,2,D,2,0,1,2,3,1,3,N,N
ACC-10001402,738,0,1,2,1,4,0,0,2,3,0,0,N,N
ACC-10001403,889,0,0,2,0,3,0,0,2,3,0,0,N,N
ACC-10001404,819,0,1,1,1,3,2,0,1,1,0,0,N,N
ACC-10001405,812,0,0,1,0,2,0,0,1,3,0,0,N,N
ACC-10001406,801,0,0,3,0,4,1,0,3,3,0,0,N,N
ACC-10001407,890,0,0,1,0,2,0,0,1,3,0,0,N,N
ACC-10001408,805,0,0,2,0,2,1,0,2,3,0,0,N,N
ACC-10001409,749,0,0,2,0,2,0,0,2,4,0,0,N,N
ACC-10001410,762,0,1,0,1,5,2,0,0,0,0,0,N,N
ACC-10001411,870,0,0,1,0,1,0,0,1,1,0,0,N,N
ACC-10001412,815,1,2,0,D,2,0,1,0,0,1,3,N,N
ACC-10001413,794,0,1,2,1,2,0,0,2,2,0,0,N,N
ACC-10001414,683,0,1,1,1,3,0,0,1,2,0,0,N,N
ACC-10001415,814,0,0,0,0,1,0,0,0,1,0,0,N,N
ACC-10001416,866,0,0,0,0,1,0,0,0,0,0,0,N,N
ACC-10001417,845,0,1,0,3,1,0,1,0,3,0,0,N,N
ACC-10001418,776,1,1,2,D,3,1,1,2,3,1,21,N,N
ACC-10001419,878,0,0,1,0,4,0,0,1,2,0,0,N,N
ACC-10001420,852,0,0,2,0,3,0,0,2,5,0,0,N,N
ACC-10001421,846,0,1,1,1,2,1,0,1,2,0,0,N,N
ACC-10001422,820,1,1,0,D,5,0,1,0,0,1,6,N,N
ACC-10001423,842,0,0,1,0,2,0,0,1,2,0,0,N,N
ACC-10001424,858,0,0,2,0,2,1,0,2,4,0,0,N,N
ACC-10001425,815,0,0,1,0,3,0,0,1,1,0,0,N,N
ACC-10001426,664,1,1,1,D,2,0,1,1,1,1,36,N,N
ACC-10001427,784,0,1,3,1,4,0,0,3,5,0,0,N,T
ACC-10001428,727,0,0,2,0,2,0,0,3,3,0,0,N,N
ACC-10001429,789,0,0,1,0,2,0,0,1,4,0,0,N,N
ACC-10001430,854,0,0,0,0,4,0,0,0,1,0,0,N,N
ACC-10001431,996,0,0,2,0,2,1,0,2,2,0,0,N,N
ACC-10001432,799,0,0,2,0,4,0,0,2,3,0,0,N,N
ACC-10001433,801,0,0,2,0,2,0,0,2,2,0,0,N,N
ACC-10001434,942,0,0,1,0,4,0,0,1,2,0,0,N,N
ACC-10001435,714,1,1,1,D,5,0,1,1,1,1,41,N,N
ACC-10001436,785,0,1,3,1,3,0,0,3,3,0,0,N,N
ACC-10001437,822,0,0,1,0,1,0,0,1,5,0,0,N,N
ACC-10001438,806,0,0,2,0,3,2,0,2,2,0,0,N,N
ACC-10001439,857,0,0,3,0,4,2,0,3,6,0,0,N,N
ACC-10001440,851,0,0,2,0,3,0,0,2,3,0,0,N,N
ACC-10001441,818,0,0,1,0,2,0,0,1,1,0,0,N,N
ACC-10001442,809,0,0,1,0,1,0,0,2,3,0,0,N,T
ACC-10001443,910,0,0,2,0,3,1,0,2,2,0,0,N,N
ACC-10001444,806,0,1,3,1,4,0,0,3,4,0,0,N,N
ACC-10001445,799,0,0,2,0,5,0,0,2,2,0,0,N,N
ACC-10001446,909,0,0,0,0,3,0,0,0,2,0,0,N,N
ACC-10001447,785,0,0,1,0,3,0,0,1,2,0,0,N,N
ACC-10001448,859,1,1,0,D,2,0,2,0,2,1,3,N,N
ACC-10001449,819,0,1,2,1,4,0,0,2,3,0,0,N,N
ACC-10001450,793,0,0,1,0,6,1,0,1,2,0,0,N,N
ACC-10001451,725,0,0,1,0,7,0,0,1,1,0,0,N,N
ACC-10001452,774,1,1,1,D,2,0,1,1,2,1,4,N,N
ACC-10001453,822,0,0,1,0,2,0,0,1,3,0,0,N,N
ACC-10001454,747,1,1,0,D,1,0,1,0,0,1,4,N,N
ACC-10001455,854,0,0,0,0,3,0,0,0,1,0,0,N,N
ACC-10001456,735,0,1,0,1,5,1,0,0,0,0,0,N,N
ACC-10001457,689,0,0,2,0,3,1,0,2,4,0,0,N,N
ACC-10001458,817,0,0,1,0,4,1,0,1,1,0,0,N,N
ACC-10001459,847,0,1,1,1,6,0,0,1,1,0,0,N,N
ACC-10001460,841,0,0,0,0,2,0,0,0,2,0,0,N,N
ACC-10001461,814,0,0,1,0,1,0,0,4,5,0,0,N,N
ACC-10001462,874,0,0,0,0,5,2,0,0,2,0,0,N,N
ACC-10001463,799,0,0,2,0,2,0,0,2,2,0,0,N,T
ACC-10001464,783,0,0,2,0,2,0,0,3,3,0,0,N,N
ACC-10001465,775,0,0,1,0,5,0,0,1,1,0,0,N,N
ACC-10001466,698,0,1,2,1,7,1,0,2,3,0,0,N,N
ACC-10001467,770,1,1,0,D,1,0,1,0,1,1,24,N,N
ACC-10001468,881,0,0,0,0,4,0,0,0,1,0,0,N,T
ACC-10001469,746,0,1,1,3,2,0,1,1,1,0,0,N,N
ACC-10001470,689,1,1,2,D,2,0,1,3,3,1,18,N,N
ACC-10001471,838,0,0,2,0,5,0,0,2,3,0,0,N,N
ACC-10001472,873,0,0,0,0,4,0,0,0,0,0,0,N,N
ACC-10001473,920,0,0,0,0,4,0,0,0,1,0,0,N,N
ACC-10001474,945,0,1,0,1,6,1,0,0,0,0,0,N,N
ACC-10001475,849,0,1,0,1,3,0,0,0,1,0,0,N,N
ACC-10001476,769,1,1,2,D,2,0,1,2,3,1,6,N,N
ACC-10001477,748,0,0,2,0,3,0,0,2,2,0,0,N,N
ACC-10001478,809,0,0,2,0,6,1,0,2,4,0,0,N,N
ACC-10001479,743,0,1,1,1,1,1,0,1,2,0,0,N,N
ACC-10001480,844,0,0,0,0,2,0,0,0,0,0,0,N,N
ACC-10001481,845,0,0,3,0,6,0,0,3,3,0,0,N,N
ACC-10001482,845,0,0,0,0,7,0,0,0,3,0,0,N,N
ACC-10001483,738,0,0,1,0,1,0,0,2,4,0,0,N,N
ACC-10001484,905,0,0,0,0,5,1,0,0,0,0,0,N,N
ACC-10001485,853,0,0,1,0,3,0,0,1,1,0,0,N,N
ACC-10001486,833,1,1,2,D,2,0,1,2,2,1,4,N,N
ACC-10001487,792,0,0,2,0,6,0,0,2,3,0,0,N,N
ACC-10001488,872,0,0,1,0,6,0,0,1,5,0,0,N,N
ACC-10001489,696,0,1,0,1,1,0,0,0,1,0,0,N,N
ACC-10001490,750,0,1,1,1,3,0,0,1,2,0,0,N,N
ACC-10001491,813,0,0,0,0,5,0,0,0,2,0,0,N,N
ACC-10001492,830,0,0,1,0,4,1,0,1,1,0,0,N,N
ACC-10001493,868,0,0,1,0,3,0,0,1,1,0,0,N,N
ACC-10001494,828,0,0,2,0,2,0,0,2,2,0,0,N,N
ACC-10001495,844,0,0,2,0,2,0,0,2,2,0,0,N,N
ACC-10001496,783,0,0,4,0,6,2,0,4,7,0,0,N,N
ACC-10001497,870,0,0,1,0,2,0,0,1,3,0,0,N,N
ACC-10001498,829,0,0,1,0,1,0,0,2,3,0,0,N,N
ACC-10001499,829,0,2,1,1,3,1,0,1,1,0,0,N,N
ACC-10001500,920,0,0,0,0,3,0,0,0,0,0,0,N,N
ACC-10001501,777,0,0,3,0,4,0,0,3,3,0,0,N,N
ACC-10001502,797,0,0,0,0,2,1,0,0,1,0,0,N,N
ACC-10001503,799,0,0,3,0,4,0,0,3,3,0,0,N,N
ACC-10001504,932,0,0,1,0,2,0,0,1,1,0,0,N,N
ACC-10001505,733,0,0,2,0,4,1,0,2,2,0,0,N,N
ACC-10001506,890,0,0,1,0,3,0,0,1,1,0,0,N,N
ACC-10001507,850,0,0,2,0,3,0,0,2,3,0,0,N,N
ACC-10001508,864,0,0,1,0,3,0,0,1,2,0,0,N,N
ACC-10001509,928,0,0,1,0,2,0,0,1,2,0,0,N,N
ACC-10001510,801,0,0,2,0,2,0,0,2,2,0,0,N,N
ACC-10001511,887,0,0,1,0,3,0,0,1,1,0,0,N,N
ACC-10001512,840,0,0,1,0,1,1,0,2,2,0,0,N,N
ACC-10001513,785,0,0,0,N,0,0,0,3,4,0,0,N,N
ACC-10001514,868,0,0,0,0,3,0,0,0,0,0,0,N,N
ACC-10001515,777,0,0,1,0,3,1,0,1,2,0,0,N,N
ACC-10001516,772,0,1,1,1,1,0,0,3,4,0,0,N,N
ACC-10001517,662,1,2,0,D,2,0,1,0,0,1,8,N,N
ACC-10001518,798,0,0,0,0,2,0,0,0,0,0,0,N,N
ACC-10001519,773,1,1,0,D,2,1,1,0,1,1,28,N,N
ACC-10001520,815,0,0,0,0,2,0,0,0,2,0,0,N,N
ACC-10001521,785,0,1,1,3,2,0,1,1,2,0,0,N,N
ACC-10001522,770,0,0,1,0,4,0,0,1,2,0,0,N,N
ACC-10001523,891,0,0,2,0,3,0,0,2,2,0,0,N,N
ACC-10001524,718,0,2,1,1,1,0,0,1,3,0,0,N,N
ACC-10001525,817,0,0,2,0,3,1,0,2,2,0,0,N,N
ACC-10001526,858,0,0,1,0,4,0,0,1,1,0,0,N,N
ACC-10001527,874,0,0,0,0,5,0,0,0,1,0,0,N,N
ACC-10001528,880,0,1,1,1,5,0,0,1,1,0,0,N,N
ACC-10001529,877,0,0,1,0,2,0,0,1,1,0,0,N,N
ACC-10001530,888,0,0,1,0,6,0,0,1,2,0,0,N,N
ACC-10001531,801,0,0,2,0,3,0,0,2,2,0,0,N,N
ACC-10001532,874,0,1,0,1,2,0,0,0,1,0,0,N,N
ACC-10001533,859,0,1,0,1,1,0,0,0,0,0,0,N,N
ACC-10001534,892,0,0,1,0,6,0,0,1,2,0,0,N,N
ACC-10001535,805,0,1,2,1,5,1,0,2,3,0,0,N,N
ACC-10001536,856,0,0,1,0,3,0,0,1,2,0,0,N,N
ACC-10001537,848,0,0,1,0,1,0,0,1,1,0,0,N,N
ACC-10001538,742,0,2,1,3,4,1,1,1,1,0,0,N,N
ACC-10001539,724,0,2,1,1,1,1,0,2,3,0,0,N,N
ACC-10001540,837,1,2,0,D,1,0,3,0,0,1,25,N,N
ACC-10001541,768,1,2,1,D,1,0,2,2,2,1,6,N,N
ACC-10001542,785,0,0,3,0,5,2,0,3,4,0,0,N,N
ACC-10001543,802,0,1,2,3,3,1,1,2,2,0,0,N,N
ACC-10001544,823,0,0,0,0,5,0,0,0,0,0,0,N,N
ACC-10001545,858,0,0,1,0,3,0,0,1,2,0,0,N,N
ACC-10001546,838,0,0,0,0,3,0,0,0,0,0,0,N,N
ACC-10001547,784,0,0,1,0,2,0,0,1,2,0,0,N,T
ACC-10001548,825,0,0,2,0,2,0,0,2,3,0,0,N,N
ACC-10001549,839,0,0,1,0,1,0,0,2,4,0,0,N,N
ACC-10001550,790,0,0,1,0,1,0,0,2,2,0,0,N,N
ACC-10001551,763,0,0,2,0,4,0,0,2,3,0,0,N,N
ACC-10001552,808,0,0,2,0,4,0,0,2,3,0,0,N,N
ACC-10001553,829,1,1,1,D,5,1,1,1,4,1,8,N,N
ACC-10001554,922,0,0,1,0,3,0,0,1,1,0,0,N,N
ACC-10001555,809,0,0,2,0,2,0,0,2,3,0,0,N,N
ACC-10001556,858,0,0,0,0,2,0,0,0,0,0,0,N,N
ACC-10001557,767,0,0,0,0,6,1,0,0,1,1,8,N,N
ACC-10001558,833,0,2,1,1,4,0,0,1,2,1,6,N,N
ACC-10001559,806,0,0,2,0,3,0,0,2,3,0,0,N,N
ACC-10001560,755,1,1,1,D,3,1,1,1,4,1,3,N,N
ACC-10001561,711,0,1,2,1,4,0,0,2,3,0,0,N,N
ACC-10001562,882,0,0,0,N,0,0,0,0,3,0,0,N,N
ACC-10001563,715,0,1,3,1,4,0,0,3,4,0,0,N,N
ACC-10001564,827,0,0,0,0,2,0,0,0,0,0,0,N,N
ACC-10001565,747,0,1,1,3,4,0,1,1,1,0,0,N,N
ACC-10001566,795,0,0,1,0,3,0,0,1,1,0,0,N,N
ACC-10001567,919,0,0,0,0,2,0,0,0,0,0,0,N,N
ACC-10001568,836,0,0,1,0,2,0,0,1,2,0,0,N,N
ACC-10001569,856,0,1,0,1,3,0,0,0,1,0,0,N,N
ACC-10001570,735,0,1,1,1,1,0,0,1,1,0,0,N,N
ACC-10001571,744,0,0,2,0,2,0,0,2,2,0,0,N,N
ACC-10001572,889,0,0,1,0,2,0,0,1,1,0,0,N,N
ACC-10001573,793,0,0,1,0,5,0,0,1,4,0,0,N,N
ACC-10001574,839,0,1,1,1,4,0,0,1,2,0,0,N,N
ACC-10001575,826,0,1,2,1,3,2,0,2,3,0,0,N,N
ACC-10001576,901,0,0,1,0,3,0,0,1,2,0,0,N,N
ACC-10001577,754,0,1,2,3,3,1,1,2,4,0,0,N,N
ACC-10001578,843,0,0,0,0,3,0,0,0,2,0,0,N,N
ACC-10001579,769,0,0,2,0,2,1,0,2,4,0,0,N,N
ACC-10001580,794,0,0,2,0,7,1,0,2,3,0,0,N,N
ACC-10001581,923,0,0,1,0,3,0,0,1,1,0,0,N,N
ACC-10001582,811,0,2,1,1,3,0,0,1,1,0,0,N,N
ACC-10001583,865,0,0,0,0,4,1,0,0,0,0,0,N,N
ACC-10001584,826,0,1,1,1,4,1,0,1,3,0,0,N,N
ACC-10001585,815,0,1,1,1,3,0,0,1,1,0,0,N,N
ACC-10001586,775,0,0,2,0,2,0,0,2,2,0,0,N,N
ACC-10001587,814,0,1,2,1,3,1,0,2,3,0,0,N,N
ACC-10001588,849,0,1,1,1,4,2,0,1,3,0,0,N,N
ACC-10001589,751,1,1,2,D,6,1,1,2,3,1,8,N,N
ACC-10001590,906,0,0,0,0,1,0,0,0,1,0,0,N,N
ACC-10001591,786,1,1,0,D,6,0,1,0,0,1,18,N,N
ACC-10001592,858,0,0,2,0,3,0,0,2,3,0,0,N,N
ACC-10001593,859,0,0,0,N,0,0,0,0,0,0,0,N,N
ACC-10001594,867,0,0,2,0,3,0,0,2,3,1,11,N,N
ACC-10001595,830,0,0,1,0,2,0,0,1,2,0,0,N,T
ACC-10001596,905,0,0,1,0,9,0,0,1,5,0,0,N,N
ACC-10001597,779,0,0,2,0,2,0,0,3,4,0,0,N,N
ACC-10001598,748,0,0,0,0,1,0,0,0,2,0,0,N,N
ACC-10001599,878,0,0,2,0,4,0,0,2,3,0,0,N,N
ACC-10001600,859,0,0,0,N,0,0,0,3,3,0,0,N,N
ACC-10001601,734,0,0,2,0,2,0,0,2,2,0,0,N,N
ACC-10001602,772,0,0,1,0,2,0,0,1,1,0,0,N,N
ACC-10001603,879,0,0,1,0,6,0,0,1,2,0,0,N,N
ACC-10001604,704,1,2,1,D,1,0,1,2,2,1,8,N,N
ACC-10001605,862,0,0,2,0,6,0,0,2,4,0,0,N,N
ACC-10001606,873,0,0,0,N,0,0,0,0,1,0,0,N,N
ACC-10001607,950,0,1,1,1,5,0,0,1,1,1,21,N,N
ACC-10001608,824,0,1,0,1,2,1,0,0,1,0,0,N,N
ACC-10001609,846,0,1,0,1,2,0,0,0,0,0,0,N,N
ACC-10001610,940,0,0,0,0,1,0,0,0,0,0,0,N,N
ACC-10001611,723,1,2,2,D,5,0,1,2,3,1,5,N,N
ACC-10001612,874,0,0,1,0,1,0,0,1,3,0,0,N,N
ACC-10001613,825,0,0,1,0,2,0,0,1,1,0,0,N,N
ACC-10001614,718,0,1,1,1,4,0,0,1,1,0,0,N,N
ACC-10001615,819,0,0,0,0,5,1,0,0,0,0,0,N,N
ACC-10001616,706,0,1,1,1,2,0,0,1,2,0,0,N,N
ACC-10001617,982,0,0,0,0,5,1,0,0,2,0,0,N,N
ACC-10001618,799,0,0,2,0,9,3,0,2,3,0,0,N,N
ACC-10001619,774,0,0,1,0,3,0,0,1,2,0,0,N,N
ACC-10001620,880,0,0,2,0,2,1,0,2,2,0,0,N,N
ACC-10001621,764,0,1,0,1,1,0,0,0,0,0,0,N,N
ACC-10001622,676,2,2,1,D,5,2,2,1,2,2,11,N,N
ACC-10001623,743,0,0,0,N,0,0,0,5,5,0,0,N,N
ACC-10001624,901,0,0,0,0,4,0,0,0,1,0,0,N,N
ACC-10001625,835,0,0,1,0,1,0,0,1,2,0,0,N,N
ACC-10001626,827,0,0,0,0,3,1,0,0,0,0,0,N,N
ACC-10001627,795,0,1,0,1,3,0,0,0,2,0,0,N,N
ACC-10001628,903,0,0,0,0,4,0,0,0,0,0,0,N,N
ACC-10001629,877,0,0,0,0,3,2,0,0,1,0,0,N,N
ACC-10001630,830,0,1,0,1,4,1,0,0,1,0,0,N,N
ACC-10001631,865,0,0,1,0,4,1,0,1,1,0,0,N,N
ACC-10001632,852,0,0,0,0,5,1,0,0,0,0,0,N,T
ACC-10001633,843,0,1,1,3,2,0,1,1,2,0,0,N,N
ACC-10001634,716,1,1,1,D,4,2,1,1,2,1,7,N,N
ACC-10001635,750,1,1,3,D,3,0,1,3,3,1,13,N,T
ACC-10001636,999,0,0,0,0,2,0,0,0,3,0,0,N,N
ACC-10001637,871,0,0,0,0,3,0,0,0,0,0,0,N,N
ACC-10001638,753,0,0,2,0,2,0,0,4,4,0,0,N,N
ACC-10001639,805,0,0,1,0,2,0,0,1,1,0,0,N,N
ACC-10001640,729,0,0,1,0,3,1,0,1,2,0,0,N,N
ACC-10001641,899,0,1,1,1,2,0,0,1,2,0,0,N,N
ACC-10001642,707,0,0,0,0,4,0,0,0,1,0,0,N,N
ACC-10001643,735,0,1,2,1,2,0,0,5,5,0,0,N,N
ACC-10001644,900,0,0,1,0,2,0,0,1,2,0,0,N,N
ACC-10001645,862,0,0,3,0,3,1,0,4,4,0,0,N,N
ACC-10001646,834,0,0,0,0,1,0,0,0,0,0,0,N,T
ACC-10001647,875,0,0,2,0,3,0,0,2,2,0,0,N,N
ACC-10001648,736,1,2,0,D,4,0,2,0,1,1,6,N,N
ACC-10001649,892,0,0,0,0,9,1,0,0,3,0,0,N,N
ACC-10001650,820,0,0,1,0,5,1,0,1,3,0,0,N,N
ACC-10001651,845,0,1,3,3,3,0,1,3,4,0,0,N,N
ACC-10001652,711,2,2,1,D,5,0,3,1,4,2,4,N,N
ACC-10001653,820,0,0,2,0,3,0,0,2,3,0,0,N,N
ACC-10001654,770,0,0,0,0,4,1,0,0,0,0,0,N,N
ACC-10001655,735,1,3,1,D,3,0,2,1,1,1,19,N,N
ACC-10001656,940,0,0,0,0,5,0,0,0,1,0,0,N,N
ACC-10001657,799,0,1,1,1,5,0,0,1,1,0,0,N,N
ACC-10001658,881,0,0,3,0,3,0,0,3,4,0,0,N,N
ACC-10001659,849,0,0,2,0,2,0,0,3,4,0,0,N,N
ACC-10001660,800,0,0,0,0,3,1,0,0,0,0,0,N,N
ACC-10001661,888,0,0,0,0,3,0,0,0,3,0,0,N,N
ACC-10001662,806,0,0,2,0,4,0,0,2,2,0,0,N,N
ACC-10001663,744,0,0,2,0,2,1,0,4,5,0,0,N,N
ACC-10001664,719,0,1,1,1,4,1,0,1,2,0,0,N,N
ACC-10001665,836,0,0,1,0,2,0,0,1,1,0,0,N,N
ACC-10001666,862,0,0,1,0,3,0,0,1,5,0,0,N,N
ACC-10001667,928,0,0,1,0,5,0,0,1,1,0,0,N,N
ACC-10001668,771,1,1,1,D,3,0,1,1,1,1,19,N,N
ACC-10001669,788,0,0,2,0,4,0,0,2,3,0,0,N,N
ACC-10001670,880,0,0,2,0,3,0,0,2,3,0,0,N,N
ACC-10001671,793,1,1,1,D,1,0,1,4,5,1,2,N,N
ACC-10001672,780,0,0,0,0,3,0,0,0,1,0,0,N,N
ACC-10001673,818,0,1,0,1,1,1,0,0,0,0,0,N,N
ACC-10001674,862,0,1,2,1,2,0,0,2,3,0,0,N,N
ACC-10001675,798,1,1,2,D,2,1,1,2,3,1,8,N,N
ACC-10001676,791,0,0,1,0,3,1,0,1,2,0,0,N,N
ACC-10001677,860,0,0,2,0,5,0,0,2,4,0,0,N,N
ACC-10001678,844,0,1,3,1,4,0,0,3,3,0,0,N,N
ACC-10001679,847,0,0,1,0,4,0,0,1,1,0,0,N,N
ACC-10001680,767,1,1,1,D,1,0,1,1,1,1,5,N,N
ACC-10001681,906,0,0,2,0,5,0,0,2,3,0,0,N,N
ACC-10001682,832,0,0,2,0,7,1,0,2,4,0,0,N,N
ACC-10001683,770,0,0,2,0,2,1,0,3,3,0,0,N,N
ACC-10001684,825,0,0,1,0,3,0,0,1,2,0,0,N,N
ACC-10001685,904,0,0,0,0,3,0,0,0,0,0,0,N,N
ACC-10001686,858,1,1,1,D,5,0,1,1,2,1,10,N,N
ACC-10001687,818,0,0,1,0,4,1,0,1,3,0,0,N,N
ACC-10001688,906,0,1,0,1,3,1,0,0,1,0,0,N,N
ACC-10001689,751,0,0,4,0,4,0,0,6,7,0,0,N,N
ACC-10001690,895,0,0,0,N,0,0,0,0,1,0,0,N,N
ACC-10001691,741,0,0,2,0,2,0,0,2,3,0,0,N,T
ACC-10001692,848,0,0,2,0,2,0,0,2,3,0,0,N,N
ACC-10001693,632,0,2,2,1,2,0,0,2,2,0,0,N,N
ACC-10001694,749,1,1,1,D,3,0,1,1,1,1,44,N,T
ACC-10001695,735,1,1,1,D,3,0,1,1,3,1,5,N,T
ACC-10001696,788,0,0,2,0,3,1,0,2,2,0,0,N,N
ACC-10001697,869,0,0,2,0,4,1,0,2,4,0,0,N,N
ACC-10001698,801,0,1,1,1,2,1,0,1,1,0,0,N,N
ACC-10001699,791,0,0,2,0,3,0,0,2,2,0,0,N,N
ACC-10001700,763,0,0,2,0,2,0,0,5,5,0,0,N,N
ACC-10001701,888,0,1,1,1,5,0,0,1,2,0,0,N,N
ACC-10001702,747,0,2,0,1,6,0,0,0,0,0,0,N,N
ACC-10001703,794,0,1,3,1,5,0,0,3,4,0,0,N,N
ACC-10001704,806,1,1,1,D,4,0,2,1,2,1,3,N,N
ACC-10001705,859,0,0,0,0,3,0,0,0,0,0,0,N,N
ACC-10001706,726,0,0,1,0,1,0,0,3,3,0,0,N,N
ACC-10001707,839,0,1,0,1,5,0,0,0,0,0,0,N,N
ACC-10001708,774,0,0,3,0,3,1,0,4,4,1,3,N,N
ACC-10001709,868,0,0,0,0,7,0,0,0,2,0,0,N,T
ACC-10001710,787,0,0,0,0,6,0,0,0,1,0,0,N,N
ACC-10001711,908,0,0,1,0,2,0,0,1,2,0,0,N,N
ACC-10001712,816,0,0,1,0,5,1,0,1,2,0,0,N,N
ACC-10001713,849,0,0,2,0,3,0,0,2,2,0,0,N,N
ACC-10001714,897,0,0,0,0,6,0,0,0,0,0,0,N,N
ACC-10001715,892,0,1,0,3,1,0,1,0,0,0,0,N,N
ACC-10001716,867,0,0,1,0,1,0,0,1,2,0,0,N,N
ACC-10001717,692,0,0,1,0,1,0,0,3,5,0,0,N,N
ACC-10001718,704,1,1,3,D,3,0,1,3,5,1,12,N,N
ACC-10001719,852,0,0,2,0,3,0,0,2,3,0,0,N,N
ACC-10001720,777,0,0,0,0,3,1,0,0,0,0,0,N,T
ACC-10001721,753,1,1,1,D,1,0,1,1,1,1,13,N,N
ACC-10001722,708,1,1,0,D,5,0,1,0,0,1,9,N,N
ACC-10001723,866,0,0,2,0,6,0,0,2,3,0,0,N,N
ACC-10001724,772,0,0,1,0,2,1,0,1,3,0,0,N,N
ACC-10001725,828,0,0,0,0,3,0,0,0,1,0,0,N,N
ACC-10001726,798,0,0,3,0,4,0,0,3,4,0,0,N,N
ACC-10001727,870,0,0,3,0,3,0,0,3,3,0,0,N,N
ACC-10001728,821,0,1,1,1,3,2,0,1,2,0,0,N,N
ACC-10001729,821,0,0,1,0,2,0,0,1,1,0,0,N,N
ACC-10001730,694,1,1,1,D,2,0,1,1,2,1,13,N,N
ACC-10001731,912,0,1,0,1,4,0,0,0,2,0,0,N,N
ACC-10001732,736,0,0,3,0,4,0,0,3,4,0,0,N,N
ACC-10001733,825,0,0,1,0,5,0,0,1,1,0,0,N,N
ACC-10001734,893,0,0,0,0,3,0,0,0,1,0,0,N,N
ACC-10001735,776,0,0,2,0,6,1,0,2,2,0,0,N,N
ACC-10001736,838,0,1,1,1,3,0,0,1,1,0,0,N,N
ACC-10001737,786,0,0,1,0,4,3,0,1,1,0,0,N,N
ACC-10001738,927,0,0,0,0,3,0,0,0,0,0,0,N,N
ACC-10001739,828,0,0,0,0,4,0,0,0,1,0,0,N,N
ACC-10001740,796,0,0,3,0,4,0,0,3,3,0,0,N,N
ACC-10001741,766,0,0,2,0,4,1,0,2,3,0,0,N,N
ACC-10001742,714,0,0,1,0,6,1,0,1,1,0,0,N,N
ACC-10001743,808,0,0,1,0,2,0,0,1,2,0,0,N,N
ACC-10001744,795,0,0,0,0,6,0,0,0,2,0,0,N,N
ACC-10001745,834,0,0,0,0,3,1,0,0,1,0,0,N,N
ACC-10001746,758,1,1,0,D,9,1,1,0,1,1,2,N,N
ACC-10001747,916,0,0,0,0,2,0,0,0,2,0,0,N,N
ACC-10001748,894,0,0,1,0,3,0,0,1,2,0,0,N,N
ACC-10001749,890,0,0,1,0,3,0,0,1,2,0,0,N,N
ACC-10001750,855,0,0,1,0,2,1,0,1,1,0,0,N,N
ACC-10001751,796,0,0,2,0,2,0,0,4,4,0,0,N,T
ACC-10001752,770,0,1,0,1,2,0,0,0,0,0,0,N,N
ACC-10001753,864,0,0,1,0,1,0,0,2,3,0,0,N,N
ACC-10001754,854,0,0,0,0,4,0,0,0,1,0,0,N,N
ACC-10001755,885,0,0,1,0,2,0,0,1,4,0,0,N,N
ACC-10001756,940,0,0,3,0,3,0,0,3,5,0,0,N,N
ACC-10001757,819,0,0,1,0,5,0,0,1,2,0,0,N,N
ACC-10001758,844,0,0,2,0,3,0,0,2,3,0,0,N,N
ACC-10001759,870,0,0,2,0,7,1,0,2,3,0,0,N,N
ACC-10001760,706,0,0,3,0,3,0,0,6,7,0,0,N,N
ACC-10001761,888,0,0,0,0,7,1,0,0,1,0,0,N,N
ACC-10001762,844,0,0,1,0,3,0,0,1,1,0,0,N,N
ACC-10001763,822,0,0,0,N,0,0,0,1,3,0,0,N,N
ACC-10001764,844,0,0,2,0,6,1,0,2,2,0,0,N,N
ACC-10001765,884,0,0,0,N,0,0,0,1,2,0,0,N,N
ACC-10001766,794,0,0,2,0,2,0,0,3,4,0,0,N,N
ACC-10001767,796,1,1,1,D,3,0,1,1,1,1,10,N,N
ACC-10001768,943,0,0,0,N,0,0,0,2,3,0,0,N,N
ACC-10001769,805,0,0,1,0,4,2,0,1,2,1,2,N,N
ACC-10001770,870,0,0,1,0,6,3,0,1,3,0,0,N,N
ACC-10001771,786,1,1,1,D,2,0,1,1,1,1,3,N,N
ACC-10001772,852,0,0,1,0,2,0,0,1,2,0,0,N,N
ACC-10001773,844,0,0,0,0,4,0,0,0,0,0,0,N,N
ACC-10001774,790,1,1,1,D,4,1,1,1,2,1,1,N,N
ACC-10001775,791,1,1,0,D,1,0,1,0,1,1,19,N,N
ACC-10001776,845,0,1,0,1,3,0,0,0,3,0,0,N,N
ACC-10001777,876,0,1,1,1,7,0,0,1,2,0,0,N,N
ACC-10001778,686,1,2,0,D,4,0,1,0,0,1,25,N,N
ACC-10001779,679,0,1,2,1,4,0,0,2,3,0,0,N,N
ACC-10001780,873,0,1,1,1,4,0,0,1,3,0,0,N,N
ACC-10001781,808,0,1,3,1,4,1,0,3,3,0,0,N,N
ACC-10001782,867,0,0,0,0,2,1,0,0,0,0,0,N,N
ACC-10001783,965,0,0,1,0,4,0,0,1,1,0,0,N,N
ACC-10001784,791,0,0,1,0,4,0,0,1,1,0,0,N,N
ACC-10001785,888,0,0,1,0,7,0,0,1,2,0,0,N,N
ACC-10001786,808,0,0,0,0,2,0,0,0,0,0,0,N,N
ACC-10001787,805,0,0,1,0,4,2,0,1,3,0,0,N,T
ACC-10001788,789,0,0,2,0,2,0,0,2,2,0,0,N,N
ACC-10001789,936,0,0,0,0,5,0,0,0,1,0,0,N,N
ACC-10001790,852,0,0,0,0,7,2,0,0,1,0,0,N,T
ACC-10001791,754,1,1,1,D,2,0,1,1,1,1,4,N,N
ACC-10001792,779,0,1,2,1,3,0,0,2,3,0,0,N,N
ACC-10001793,748,1,1,1,D,2,0,1,1,3,1,5,N,N
ACC-10001794,858,0,0,1,0,6,0,0,1,2,0,0,N,N
ACC-10001795,849,0,0,1,0,1,0,0,1,3,0,0,N,N
ACC-10001796,782,0,1,1,1,3,0,0,1,1,0,0,N,T
ACC-10001797,809,0,0,1,0,2,1,0,1,1,0,0,N,N
ACC-10001798,789,0,0,1,0,4,0,0,1,3,0,0,N,N
ACC-10001799,760,1,1,2,D,2,0,1,2,2,1,9,N,N
ACC-10001800,933,0,0,1,0,2,0,0,1,2,0,0,N,N
ACC-10001801,881,0,0,0,0,2,0,0,0,0,0,0,N,N
ACC-10001802,886,0,0,0,0,1,0,0,0,2,0,0,N,N
ACC-10001803,835,0,0,1,0,1,0,0,1,1,0,0,N,N
ACC-10001804,849,0,0,0,0,1,0,0,0,0,0,0,N,N
ACC-10001805,830,0,0,1,0,3,0,0,1,4,0,0,N,N
ACC-10001806,820,0,0,1,0,1,0,0,1,1,0,0,N,N
ACC-10001807,795,0,0,3,0,3,0,0,3,6,0,0,N,N
ACC-10001808,669,0,1,4,1,4,0,0,4,4,0,0,N,T
ACC-10001809,876,0,0,1,0,2,1,0,1,1,0,0,N,N
ACC-10001810,795,0,0,2,0,3,1,0,2,2,0,0,N,N
ACC-10001811,912,0,0,2,0,2,0,0,3,4,0,0,N,N
ACC-10001812,887,1,1,1,D,2,0,1,1,3,1,14,N,N
ACC-10001813,796,0,1,2,3,3,1,1,2,3,0,0,N,N
ACC-10001814,729,1,1,1,D,4,0,2,1,1,1,1,N,N
ACC-10001815,881,0,0,0,0,4,1,0,0,3,0,0,N,N
ACC-10001816,754,0,0,2,0,2,0,0,2,3,0,0,N,N
ACC-10001817,824,0,0,2,0,5,1,0,2,2,0,0,N,N
ACC-10001818,769,0,1,0,1,2,0,0,0,0,0,0,N,N
ACC-10001819,840,0,0,2,0,8,3,0,2,3,0,0,N,N
ACC-10001820,712,0,0,3,0,3,0,0,3,4,0,0,N,N
ACC-10001821,744,0,0,0,0,4,2,0,0,0,0,0,N,N
ACC-10001822,857,0,0,1,0,5,0,0,1,1,0,0,N,N
ACC-10001823,834,0,0,2,0,2,0,0,2,5,0,0,N,N
ACC-10001824,868,0,0,1,0,2,0,0,1,2,0,0,N,N
ACC-10001825,816,1,1,1,D,3,0,1,1,1,1,10,N,N
ACC-10001826,842,0,0,1,0,3,0,0,1,1,0,0,N,T
ACC-10001827,929,0,0,1,0,1,0,0,2,3,0,0,N,N
ACC-10001828,817,1,1,2,D,2,1,1,2,3,1,6,N,N
ACC-10001829,823,0,0,0,0,5,0,0,0,0,0,0,N,N
ACC-10001830,736,1,1,1,D,2,0,1,1,2,1,9,N,N
ACC-10001831,805,0,0,1,0,2,0,0,1,1,0,0,N,N
ACC-10001832,750,1,1,0,D,0,0,1,2,2,1,3,N,N
ACC-10001833,846,0,1,3,1,3,0,0,3,4,0,0,N,N
ACC-10001834,848,0,0,1,0,4,1,0,1,2,0,0,N,N
ACC-10001835,797,0,0,0,0,2,0,0,0,0,0,0,N,N
ACC-10001836,820,0,1,1,1,5,2,0,1,2,0,0,N,N
ACC-10001837,885,0,0,1,0,3,0,0,1,1,0,0,N,N
ACC-10001838,919,0,0,0,0,1,0,0,0,1,0,0,N,N
ACC-10001839,870,0,0,0,0,4,1,0,0,2,0,0,N,N
ACC-10001840,774,0,0,1,0,3,1,0,1,2,0,0,N,N
ACC-10001841,804,0,1,1,1,4,0,0,1,1,0,0,N,N
ACC-10001842,731,0,0,2,0,5,1,0,2,4,0,0,N,N
ACC-10001843,834,0,0,0,0,6,0,0,0,1,0,0,N,T
ACC-10001844,700,0,0,3,0,5,1,0,3,4,0,0,N,N
ACC-10001845,840,1,1,0,D,1,0,2,0,1,1,24,N,N
ACC-10001846,759,0,0,1,0,3,0,0,1,2,0,0,N,T
ACC-10001847,821,0,1,2,3,5,0,1,2,3,0,0,N,N
ACC-10001848,860,0,0,1,0,1,0,0,2,5,0,0,N,T
ACC-10001849,827,0,0,1,0,1,0,0,1,2,0,0,N,N
ACC-10001850,830,0,0,1,0,4,1,0,1,1,0,0,N,N
ACC-10001851,890,0,0,1,0,6,1,0,1,2,0,0,N,N
ACC-10001852,932,0,0,1,0,3,1,0,1,1,0,0,N,N
ACC-10001853,777,0,0,4,0,6,2,0,4,4,0,0,N,N
ACC-10001854,872,0,0,1,0,7,0,0,1,1,0,0,N,T
ACC-10001855,739,0,0,1,0,3,0,0,1,1,0,0,N,T
ACC-10001856,825,0,0,4,0,5,0,0,4,5,0,0,N,N
ACC-10001857,895,0,0,2,0,4,0,0,2,2,0,0,N,N
ACC-10001858,914,0,0,0,0,2,0,0,0,2,0,0,N,N
ACC-10001859,805,0,0,1,0,1,0,0,1,2,0,0,N,N
ACC-10001860,707,0,1,1,3,1,1,1,3,3,0,0,N,N
ACC-10001861,766,0,1,1,1,5,1,0,1,2,0,0,N,N
ACC-10001862,883,0,0,1,0,6,0,0,1,2,0,0,N,N
ACC-10001863,862,0,0,0,0,4,1,0,0,0,0,0,N,N
ACC-10001864,787,0,0,1,0,4,0,0,1,2,0,0,N,N
ACC-10001865,810,0,0,1,0,5,0,0,1,3,0,0,N,N
ACC-10001866,869,0,0,0,0,2,0,0,0,1,0,0,N,N
ACC-10001867,812,0,0,1,0,5,0,0,1,5,0,0,N,N
ACC-10001868,806,0,1,2,1,2,0,0,2,4,0,0,N,N
ACC-10001869,774,0,0,3,0,6,2,0,3,6,0,0,N,N
ACC-10001870,916,0,0,0,0,5,2,0,0,1,0,0,N,T
ACC-10001871,790,0,1,1,1,1,0,0,1,1,0,0,N,N
ACC-10001872,872,0,0,2,0,7,0,0,2,2,0,0,N,N
ACC-10001873,877,0,1,1,1,3,2,0,1,1,0,0,N,N
ACC-10001874,903,0,0,1,0,1,0,0,1,2,0,0,N,N
ACC-10001875,825,0,0,1,0,5,0,0,1,1,0,0,N,N
ACC-10001876,919,0,0,0,0,1,0,0,0,1,0,0,N,N
ACC-10001877,859,0,0,1,0,3,0,0,1,4,0,0,N,N
ACC-10001878,840,0,0,0,0,3,0,0,0,1,0,0,N,N
ACC-10001879,772,0,0,1,0,2,1,0,1,1,1,4,N,T
ACC-10001880,840,0,0,1,0,4,1,0,1,2,0,0,N,N
ACC-10001881,813,0,0,2,0,5,0,0,2,2,1,3,N,N
ACC-10001882,968,0,0,0,0,3,0,0,0,1,0,0,N,N
ACC-10001883,803,1,1,1,D,4,0,2,1,2,1,3,N,N
ACC-10001884,859,0,0,0,0,4,0,0,0,2,0,0,N,N
ACC-10001885,840,0,0,0,0,4,0,0,0,1,0,0,N,N
ACC-10001886,843,0,0,1,0,1,0,0,2,3,0,0,N,N
ACC-10001887,795,1,2,2,D,2,0,2,2,4,1,10,N,N
ACC-10001888,844,0,0,0,0,4,0,0,0,0,0,0,N,N
ACC-10001889,801,0,0,2,0,2,0,0,6,6,0,0,N,N
ACC-10001890,926,0,0,0,0,5,0,0,0,1,0,0,N,N
ACC-10001891,784,1,1,0,D,1,0,1,0,0,1,3,N,N
ACC-10001892,839,0,0,1,0,4,0,0,1,1,0,0,N,N
ACC-10001893,780,0,0,2,0,3,0,0,2,2,0,0,N,N
ACC-10001894,750,0,2,1,1,3,0,0,1,1,0,0,N,T
ACC-10001895,740,0,0,1,0,1,0,0,2,5,0,0,N,N
ACC-10001896,809,1,2,3,D,3,0,1,4,7,1,7,N,N
ACC-10001897,797,1,1,1,D,4,0,1,1,2,1,7,N,N
ACC-10001898,727,1,1,2,D,3,0,1,2,3,1,6,N,N
ACC-10001899,779,0,0,3,0,5,2,0,3,4,0,0,N,N
ACC-10001900,809,0,0,1,0,3,0,0,1,2,0,0,N,N
ACC-10001901,786,0,1,0,1,1,0,0,0,0,0,0,N,N
ACC-10001902,831,1,1,0,D,2,0,1,0,0,1,5,N,N
ACC-10001903,692,1,1,1,D,4,0,1,1,2,1,11,N,N
ACC-10001904,786,1,1,0,D,4,1,1,0,0,1,47,N,N
ACC-10001905,744,0,0,3,0,3,0,0,4,4,0,0,N,N
ACC-10001906,970,0,0,0,0,4,0,0,0,0,0,0,N,N
ACC-10001907,867,0,0,0,0,3,0,0,0,1,0,0,N,N
ACC-10001908,924,0,0,1,0,1,0,0,2,3,0,0,N,N
ACC-10001909,897,0,0,0,0,3,1,0,0,0,0,0,N,N
ACC-10001910,823,0,1,2,1,3,0,0,2,6,0,0,N,N
ACC-10001911,834,1,1,0,D,3,0,2,0,1,1,18,N,N
ACC-10001912,856,0,1,0,3,1,1,1,0,0,0,0,N,N
ACC-10001913,859,0,2,1,1,1,0,0,1,1,0,0,N,N
ACC-10001914,754,0,0,1,0,1,0,0,1,3,0,0,N,T
ACC-10001915,793,0,0,2,0,2,0,0,2,3,0,0,N,N
ACC-10001916,776,0,0,1,0,1,0,0,3,5,0,0,N,N
ACC-10001917,876,0,0,1,0,1,0,0,2,2,0,0,N,N
ACC-10001918,855,0,1,1,1,2,0,0,1,2,0,0,N,N
ACC-10001919,888,0,0,1,0,2,0,0,1,2,0,0,N,N
ACC-10001920,867,0,0,1,0,2,0,0,1,2,0,0,N,N
ACC-10001921,842,0,0,0,0,2,0,0,0,1,0,0,N,T
ACC-10001922,888,0,0,2,0,6,0,0,2,4,0,0,N,N
ACC-10001923,879,0,0,0,0,1,0,0,0,1,0,0,N,N
ACC-10001924,975,0,0,0,0,5,0,0,0,1,0,0,N,N
ACC-10001925,806,0,1,0,1,1,0,0,0,2,0,0,N,N
ACC-10001926,762,1,1,2,D,6,0,1,2,4,1,11,N,N
ACC-10001927,699,0,0,2,0,2,2,0,3,3,1,6,N,N
ACC-10001928,903,0,0,3,0,6,0,0,3,3,0,0,N,N
ACC-10001929,900,0,0,0,0,3,0,0,0,0,0,0,N,N
ACC-10001930,849,0,0,1,0,2,0,0,1,1,0,0,N,N
ACC-10001931,758,0,0,4,0,7,0,0,4,4,0,0,N,N
ACC-10001932,964,0,0,0,0,6,0,0,0,2,0,0,N,N
ACC-10001933,762,0,0,1,0,1,1,0,3,3,0,0,N,N
ACC-10001934,796,0,0,0,0,5,0,0,0,1,1,8,N,N
ACC-10001935,752,0,0,0,0,1,0,0,0,0,0,0,N,T
ACC-10001936,902,0,0,0,0,1,0,0,0,0,0,0,N,N
ACC-10001937,937,0,1,1,1,1,0,0,1,1,0,0,N,N
ACC-10001938,873,0,0,1,0,2,0,0,1,1,0,0,N,N
ACC-10001939,820,0,0,1,0,4,0,0,1,1,0,0,N,N
ACC-10001940,858,0,1,0,1,2,0,0,0,0,0,0,N,N
ACC-10001941,747,0,1,0,1,0,0,0,1,1,0,0,N,N
ACC-10001942,867,0,0,1,0,3,0,0,1,2,0,0,N,N
ACC-10001943,693,0,0,4,0,5,1,0,4,5,0,0,N,N
ACC-10001944,747,0,0,2,0,5,1,0,2,2,0,0,N,N
ACC-10001945,873,0,1,1,1,4,0,0,1,4,0,0,N,N
ACC-10001946,735,1,4,0,D,1,0,1,0,1,1,4,N,N
ACC-10001947,812,0,0,2,0,3,1,0,2,2,0,0,N,N
ACC-10001948,867,0,0,2,0,2,1,0,2,2,0,0,N,N
ACC-10001949,780,0,0,1,0,4,0,0,1,1,0,0,N,N
ACC-10001950,865,0,0,2,0,3,0,0,2,3,0,0,N,T
ACC-10001951,794,0,1,3,3,7,1,1,3,5,0,0,N,N
ACC-10001952,852,0,0,0,0,4,0,0,0,1,0,0,N,N
ACC-10001953,882,0,0,2,0,6,0,0,2,2,0,0,N,N
ACC-10001954,861,0,0,2,0,4,0,0,2,2,0,0,N,T
ACC-10001955,685,1,1,1,D,1,0,1,1,3,1,14,N,T
ACC-10001956,784,0,0,1,0,4,0,0,1,1,0,0,N,N
ACC-10001957,776,0,0,3,0,5,2,0,3,4,0,0,N,N
ACC-10001958,903,0,0,1,0,4,0,0,1,2,0,0,N,N
ACC-10001959,854,1,1,0,D,0,0,1,1,1,1,21,N,N
ACC-10001960,776,0,1,1,1,4,0,0,1,2,0,0,N,N
ACC-10001961,855,0,0,2,0,2,1,0,2,3,0,0,N,N
ACC-10001962,793,0,0,1,0,2,0,0,1,2,0,0,N,N
ACC-10001963,882,0,0,3,0,4,1,0,3,4,0,0,N,N
ACC-10001964,686,1,1,2,D,4,1,1,2,4,1,8,N,N
ACC-10001965,804,0,0,1,0,1,0,0,1,1,0,0,N,T
ACC-10001966,797,0,0,0,0,2,0,0,0,1,0,0,N,N
ACC-10001967,811,0,0,2,0,3,0,0,2,3,0,0,N,N
ACC-10001968,888,0,0,1,0,5,0,0,1,1,0,0,N,N
ACC-10001969,878,0,1,0,1,4,0,0,0,0,0,0,N,N
ACC-10001970,735,0,0,1,0,3,0,0,1,2,0,0,N,T
ACC-10001971,855,0,0,2,0,5,1,0,2,3,0,0,N,N
ACC-10001972,859,0,1,0,1,3,0,0,0,0,0,0,N,N
ACC-10001973,796,0,1,1,3,3,1,1,1,1,0,0,N,T
ACC-10001974,817,0,0,1,0,3,0,0,1,4,0,0,N,N
ACC-10001975,743,0,0,0,0,2,0,0,0,2,0,0,N,N
ACC-10001976,820,0,0,1,0,4,1,0,1,1,0,0,N,N
ACC-10001977,764,0,1,1,3,4,0,1,1,1,1,14,N,T
ACC-10001978,941,0,0,0,0,2,0,0,0,0,0,0,N,N
ACC-10001979,782,0,0,1,0,2,1,0,1,3,0,0,N,N
ACC-10001980,820,0,0,0,0,3,0,0,0,0,0,0,N,N
ACC-10001981,848,0,0,1,0,1,0,0,3,4,0,0,N,N
ACC-10001982,825,0,0,0,0,1,0,0,0,0,0,0,N,T
ACC-10001983,892,0,0,1,0,5,0,0,1,1,0,0,N,N
ACC-10001984,755,0,0,1,0,2,0,0,1,1,0,0,N,N
ACC-10001985,792,0,1,0,1,2,0,0,0,0,0,0,N,N
ACC-10001986,834,0,0,1,0,1,0,0,1,2,0,0,N,N
ACC-10001987,912,0,0,0,0,3,0,0,0,1,0,0,N,N
ACC-10001988,855,0,0,0,N,0,0,0,2,4,0,0,N,N
ACC-10001989,821,0,0,1,0,1,0,0,2,2,1,10,N,N
ACC-10001990,803,0,0,2,0,3,0,0,2,2,0,0,N,T
ACC-10001991,786,0,0,1,0,6,1,0,1,5,0,0,N,T
ACC-10001992,778,0,0,3,0,3,0,0,3,6,0,0,N,N
ACC-10001993,851,0,2,1,1,4,0,0,1,2,0,0,N,N
ACC-10001994,924,0,0,1,0,4,0,0,1,1,0,0,N,N
ACC-10001995,746,0,1,2,1,2,1,0,2,3,0,0,N,N
ACC-10001996,917,0,0,2,0,5,1,0,2,5,0,0,N,N
ACC-10001997,722,0,0,1,0,2,0,0,1,2,0,0,N,N
ACC-10001998,817,0,1,1,3,5,1,1,1,2,0,0,N,N
ACC-10001999,731,1,2,2,D,2,0,1,3,4,1,19,N,N
ACC-10002000,898,0,1,1,3,3,0,1,1,4,0,0,N,N
ACC-10002001,833,0,2,0,1,5,0,0,0,0,0,0,N,N
ACC-10002002,798,0,0,2,0,2,0,0,3,4,0,0,N,N
ACC-10002003,905,0,0,2,0,4,0,0,2,4,0,0,N,N
ACC-10002004,826,0,0,1,0,4,3,0,1,2,0,0,N,N
ACC-10002005,896,0,0,2,0,4,0,0,2,4,0,0,N,N
ACC-10002006,932,0,0,0,0,3,0,0,0,1,0,0,N,N
ACC-10002007,844,0,0,0,N,0,0,0,0,2,0,0,N,N
ACC-10002008,769,0,0,2,0,3,0,0,2,2,0,0,N,N
ACC-10002009,786,0,0,4,0,4,1,0,5,6,0,0,N,N
ACC-10002010,852,1,2,1,D,6,1,1,1,2,1,5,N,N
ACC-10002011,986,0,1,0,1,7,1,0,0,0,0,0,N,N
ACC-10002012,869,0,0,1,0,5,0,0,1,3,0,0,N,N
ACC-10002013,899,0,0,1,0,5,0,0,1,2,0,0,N,N
ACC-10002014,821,0,1,0,1,6,0,0,0,1,0,0,N,T
ACC-10002015,779,0,0,1,0,3,0,0,1,2,0,0,N,T
ACC-10002016,808,0,1,0,1,4,1,0,0,0,0,0,N,N
ACC-10002017,938,0,0,1,0,4,0,0,1,2,0,0,N,N
ACC-10002018,836,0,0,0,0,4,1,0,0,0,0,0,N,N
ACC-10002019,829,0,0,1,0,2,1,0,1,1,0,0,N,N
ACC-10002020,858,0,0,0,N,0,0,0,4,6,0,0,N,N
ACC-10002021,895,0,0,1,0,7,0,0,1,2,0,0,N,N
ACC-10002022,801,0,1,0,3,0,0,1,1,3,0,0,N,N
ACC-10002023,865,0,0,1,0,2,0,0,1,2,0,0,N,N
ACC-10002024,873,0,0,0,0,5,1,0,0,1,0,0,N,N
ACC-10002025,923,0,0,1,0,4,0,0,1,2,0,0,N,N
ACC-10002026,793,0,2,2,1,5,0,0,2,2,0,0,N,N
ACC-10002027,860,0,0,1,0,1,0,0,3,4,0,0,N,N
ACC-10002028,813,0,0,0,N,0,0,0,0,2,0,0,N,N
ACC-10002029,905,0,0,0,N,0,0,0,1,1,0,0,N,N
ACC-10002030,886,0,0,0,0,7,0,0,0,2,0,0,N,N
ACC-10002031,767,0,0,1,0,2,0,0,1,1,0,0,N,N
ACC-10002032,778,0,0,3,0,4,0,0,3,3,0,0,N,N
ACC-10002033,747,0,0,1,0,3,1,0,1,2,1,18,N,N
ACC-10002034,849,0,0,1,0,2,0,0,1,1,0,0,N,N
ACC-10002035,765,1,1,0,D,2,0,1,0,1,2,5,N,N
ACC-10002036,919,0,0,1,0,3,0,0,1,3,0,0,N,N
ACC-10002037,685,1,2,1,D,2,1,1,1,2,1,9,N,N
ACC-10002038,782,0,1,1,1,4,0,0,1,2,0,0,N,N
ACC-10002039,844,0,0,1,0,3,1,0,1,1,0,0,N,N
ACC-10002040,891,0,0,0,0,3,0,0,0,1,0,0,N,N
ACC-10002041,802,0,0,2,0,5,2,0,2,6,0,0,N,N
ACC-10002042,807,0,0,3,0,4,1,0,3,4,0,0,N,N
ACC-10002043,932,0,0,0,0,6,0,0,0,2,0,0,N,N
ACC-10002044,813,0,1,1,1,2,0,0,1,1,0,0,N,N
ACC-10002045,883,0,0,0,0,4,1,0,0,0,0,0,N,N
ACC-10002046,859,0,1,1,1,5,0,0,1,2,0,0,N,N
ACC-10002047,802,0,0,2,0,5,1,0,2,2,0,0,N,N
ACC-10002048,749,0,0,2,0,4,0,0,2,2,0,0,N,N
ACC-10002049,917,0,0,0,0,3,0,0,0,1,0,0,N,N
ACC-10002050,858,0,0,1,0,3,0,0,1,2,0,0,N,N
ACC-10002051,792,1,1,0,D,0,0,1,2,3,1,5,N,N
ACC-10002052,742,0,1,2,1,2,1,0,4,4,0,0,N,N
ACC-10002053,901,0,0,0,0,2,0,0,0,1,0,0,N,N
ACC-10002054,876,0,1,0,1,9,1,0,0,0,0,0,N,N
ACC-10002055,751,0,0,4,0,4,1,0,6,6,0,0,N,N
ACC-10002056,672,0,2,2,1,4,0,0,2,2,0,0,N,N
ACC-10002057,786,0,0,3,0,6,0,0,3,3,0,0,N,N
ACC-10002058,835,0,0,1,0,2,0,0,1,1,0,0,N,N
ACC-10002059,760,0,0,3,0,5,1,0,3,3,0,0,N,N
ACC-10002060,863,0,0,1,0,3,0,0,1,1,0,0,N,N
ACC-10002061,799,0,1,0,1,4,0,0,0,2,0,0,N,N
ACC-10002062,877,0,1,0,1,2,0,0,0,0,0,0,N,N
ACC-10002063,759,0,1,1,1,3,1,0,1,1,0,0,N,T
ACC-10002064,889,0,1,1,1,4,0,0,1,1,0,0,N,N
ACC-10002065,797,0,0,1,0,4,1,0,1,1,0,0,N,N
ACC-10002066,872,0,0,1,0,2,0,0,1,2,1,32,N,N
ACC-10002067,729,1,1,1,D,2,0,1,1,1,1,3,N,N
ACC-10002068,853,0,0,2,0,3,2,0,2,3,0,0,N,N
ACC-10002069,722,0,0,1,0,3,0,0,1,1,0,0,N,T
ACC-10002070,783,0,0,0,0,2,1,0,0,1,0,0,N,N
ACC-10002071,852,0,1,0,1,5,0,0,0,0,0,0,N,N
ACC-10002072,866,0,0,0,0,2,1,0,0,2,0,0,N,N
ACC-10002073,852,0,0,0,N,0,0,0,3,4,0,0,N,N
ACC-10002074,903,0,0,0,0,1,0,0,0,0,0,0,N,N
ACC-10002075,830,0,0,2,0,5,0,0,2,6,0,0,N,N
ACC-10002076,750,0,1,0,1,3,0,0,0,2,0,0,N,N
ACC-10002077,818,0,0,2,0,2,0,0,2,2,0,0,N,N
ACC-10002078,846,0,0,1,0,2,1,0,1,3,0,0,N,N
ACC-10002079,950,0,0,1,0,4,1,0,1,4,0,0,N,N
ACC-10002080,779,0,0,2,0,3,0,0,2,2,0,0,N,N
ACC-10002081,854,0,1,4,1,7,0,0,4,4,0,0,N,N
ACC-10002082,724,0,0,1,0,2,2,0,1,2,0,0,N,N
ACC-10002083,893,0,0,0,N,0,0,0,1,4,0,0,N,N
ACC-10002084,969,0,0,0,0,2,0,0,0,1,0,0,N,N
ACC-10002085,854,0,0,0,N,0,0,0,1,3,0,0,N,N
ACC-10002086,834,0,0,0,0,3,1,0,0,0,0,0,N,N
ACC-10002087,830,0,0,0,0,6,3,0,0,1,0,0,N,N
ACC-10002088,835,0,0,0,0,3,0,0,0,2,0,0,N,N
ACC-10002089,797,1,1,1,D,3,1,1,1,1,1,10,N,N
ACC-10002090,829,0,1,1,1,2,0,0,1,1,0,0,N,N
ACC-10002091,783,0,0,3,0,4,0,0,3,3,0,0,N,N
ACC-10002092,738,0,1,3,1,5,0,0,3,4,0,0,N,N
ACC-10002093,865,0,1,0,1,3,0,0,0,1,0,0,N,N
ACC-10002094,790,0,0,1,0,5,1,0,1,1,0,0,N,N
ACC-10002095,775,0,0,2,0,4,0,0,2,3,0,0,N,N
ACC-10002096,866,0,0,1,0,6,0,0,1,3,0,0,N,N
ACC-10002097,767,0,0,0,0,2,1,0,0,3,0,0,N,T
ACC-10002098,840,0,0,2,0,3,0,0,2,3,0,0,N,N
ACC-10002099,613,2,2,0,D,0,0,2,2,3,2,27,N,N
ACC-10002100,770,0,0,2,0,6,2,0,2,2,0,0,N,N
ACC-10002101,752,0,1,2,1,5,0,0,2,3,0,0,N,N
ACC-10002102,847,0,1,0,1,0,0,0,0,1,1,9,N,N
ACC-10002103,942,0,0,0,0,2,0,0,0,1,0,0,N,N
ACC-10002104,838,0,0,1,0,4,0,0,1,1,0,0,N,N
ACC-10002105,768,0,2,2,3,3,0,1,2,2,0,0,N,T
ACC-10002106,773,0,0,1,0,3,0,0,1,3,0,0,N,N
ACC-10002107,662,0,1,2,1,2,0,0,3,6,0,0,N,N
ACC-10002108,831,1,1,0,D,4,0,1,0,0,1,9,N,N
ACC-10002109,732,0,0,2,0,2,1,0,6,6,0,0,N,N
ACC-10002110,758,0,0,2,0,4,1,0,2,3,0,0,N,N
ACC-10002111,794,0,1,1,1,5,1,0,1,2,0,0,N,N
ACC-10002112,891,0,0,1,0,2,0,0,1,2,0,0,N,N
ACC-10002113,756,1,1,1,D,4,0,1,1,1,1,7,N,N
ACC-10002114,834,0,0,0,0,6,1,0,0,1,0,0,N,N
ACC-10002115,849,0,0,1,0,1,0,0,1,2,0,0,N,N
ACC-10002116,884,0,0,0,0,3,0,0,0,1,0,0,N,N
ACC-10002117,886,0,0,0,0,3,0,0,0,0,0,0,N,N
ACC-10002118,840,0,0,0,0,2,0,0,0,0,1,8,N,T
ACC-10002119,864,0,0,2,0,5,1,0,2,3,0,0,N,N
ACC-10002120,877,0,1,1,1,3,0,0,1,2,0,0,N,N
ACC-10002121,844,0,1,1,1,2,0,0,1,2,0,0,N,N
ACC-10002122,705,0,0,3,0,5,1,0,3,3,0,0,N,N
ACC-10002123,970,0,0,0,0,4,0,0,0,1,0,0,N,N
ACC-10002124,861,0,0,1,0,4,0,0,1,2,0,0,N,N
ACC-10002125,771,0,0,2,0,4,0,0,2,3,0,0,N,N
ACC-10002126,937,0,0,0,N,0,0,0,2,4,0,0,N,N
ACC-10002127,817,1,1,1,D,2,0,1,1,1,1,8,N,N
ACC-10002128,817,0,0,2,0,4,1,0,2,2,0,0,N,N
ACC-10002129,852,0,1,1,1,9,1,0,1,1,0,0,N,N
ACC-10002130,712,1,3,1,D,4,3,1,1,2,2,4,N,N
ACC-10002131,877,0,0,0,0,3,1,0,0,1,0,0,N,N
ACC-10002132,768,0,0,2,0,4,1,0,2,2,0,0,N,N
ACC-10002133,714,1,2,0,D,2,0,2,0,0,1,8,N,N
ACC-10002134,864,0,0,2,0,5,0,0,2,3,0,0,N,N
ACC-10002135,940,0,0,1,0,1,0,0,1,2,0,0,N,N
ACC-10002136,835,0,1,2,1,4,0,0,2,2,0,0,N,N
ACC-10002137,809,0,0,0,0,3,0,0,0,1,0,0,N,N
ACC-10002138,841,0,1,1,1,3,0,0,1,3,0,0,N,N
ACC-10002139,795,0,0,0,N,0,0,0,2,3,0,0,N,N
ACC-10002140,908,0,1,0,1,2,1,0,0,1,0,0,N,N
ACC-10002141,888,0,0,3,0,4,0,0,3,4,0,0,N,N
ACC-10002142,810,0,0,2,0,2,0,0,2,5,0,0,N,N
ACC-10002143,869,0,0,2,0,2,0,0,3,3,0,0,N,N
ACC-10002144,785,0,0,0,0,4,0,0,0,0,0,0,N,N
ACC-10002145,859,0,1,3,1,3,0,0,3,3,0,0,N,N
ACC-10002146,834,0,0,2,0,2,0,0,2,2,0,0,N,N
ACC-10002147,770,0,0,2,0,3,1,0,2,3,0,0,N,N
ACC-10002148,804,0,0,2,0,3,0,0,2,2,0,0,N,N
ACC-10002149,865,0,0,0,0,4,1,0,0,0,0,0,N,N
ACC-10002150,854,0,0,0,0,1,0,0,0,0,0,0,N,N
ACC-10002151,851,0,0,2,0,2,0,0,2,3,0,0,N,N
ACC-10002152,922,0,0,1,0,4,0,0,1,1,0,0,N,N
ACC-10002153,761,0,1,2,3,8,0,1,2,3,0,0,N,N
ACC-10002154,990,0,0,0,0,2,0,0,0,1,0,0,N,N
ACC-10002155,817,0,1,1,1,1,0,0,1,2,0,0,N,N
ACC-10002156,862,0,0,1,0,3,0,0,1,4,0,0,N,N
ACC-10002157,868,0,0,0,0,4,0,0,0,1,0,0,N,N
ACC-10002158,760,0,0,2,0,6,1,0,2,4,0,0,N,N
ACC-10002159,865,0,0,1,0,1,0,0,1,1,0,0,N,T
ACC-10002160,893,0,0,0,0,3,0,0,0,1,1,6,N,N
ACC-10002161,860,0,0,0,0,2,1,0,0,3,0,0,N,N
ACC-10002162,839,0,0,2,0,2,0,0,3,3,0,0,N,N
ACC-10002163,840,0,0,2,0,2,0,0,2,4,0,0,N,N
ACC-10002164,896,0,0,1,0,1,0,0,2,5,0,0,N,N
ACC-10002165,844,0,0,0,0,5,1,0,0,0,0,0,N,N
ACC-10002166,927,0,1,2,1,2,0,0,3,4,0,0,N,N
ACC-10002167,786,0,0,2,0,3,2,0,2,3,0,0,N,N
ACC-10002168,851,0,0,1,0,1,0,0,1,2,0,0,N,N
ACC-10002169,795,0,0,4,0,4,1,0,4,5,0,0,N,T
ACC-10002170,938,0,0,0,N,0,0,0,1,1,0,0,N,N
ACC-10002171,717,0,0,1,0,6,0,0,1,1,0,0,N,N
ACC-10002172,909,0,0,1,0,1,1,0,1,2,0,0,N,N
ACC-10002173,878,0,0,0,0,1,0,0,0,0,0,0,N,N
ACC-10002174,928,0,0,1,0,2,0,0,1,2,0,0,N,N
ACC-10002175,926,0,0,2,0,6,2,0,2,4,0,0,N,N
ACC-10002176,823,0,0,0,0,6,2,0,0,0,0,0,N,N
ACC-10002177,850,0,1,1,1,1,0,0,2,4,0,0,N,N
ACC-10002178,813,0,0,1,0,1,0,0,1,1,0,0,N,N
ACC-10002179,675,1,3,2,D,2,0,1,4,4,1,5,N,N
ACC-10002180,891,0,0,2,0,4,0,0,2,2,0,0,N,N
ACC-10002181,775,0,0,1,0,5,0,0,1,2,0,0,N,N
ACC-10002182,808,0,0,2,0,2,0,0,4,5,0,0,N,N
ACC-10002183,810,0,1,0,1,0,0,0,2,3,0,0,N,N
ACC-10002184,855,0,0,2,0,5,0,0,2,3,0,0,N,N
ACC-10002185,829,0,2,1,3,3,0,1,1,1,0,0,N,T
ACC-10002186,924,0,0,0,0,4,1,0,0,0,0,0,N,N
ACC-10002187,811,0,0,1,0,4,0,0,1,1,0,0,N,N
ACC-10002188,892,0,0,1,0,1,0,0,1,1,0,0,N,N
ACC-10002189,843,0,0,1,0,2,0,0,1,2,0,0,N,N
ACC-10002190,781,0,1,1,1,4,0,0,1,3,0,0,N,T
ACC-10002191,887,0,0,2,0,7,1,0,2,3,0,0,N,N
ACC-10002192,797,0,0,1,0,2,0,0,1,2,0,0,N,N
ACC-10002193,827,0,0,0,N,0,0,0,0,1,0,0,N,N
ACC-10002194,733,0,0,1,0,1,0,0,4,5,0,0,N,N
ACC-10002195,799,0,0,2,0,3,0,0,2,2,0,0,N,T
ACC-10002196,811,0,1,1,1,1,0,0,1,3,0,0,N,N
ACC-10002197,869,0,0,1,0,2,0,0,1,2,0,0,N,N
ACC-10002198,799,0,0,0,0,3,0,0,0,1,0,0,N,N
ACC-10002199,854,0,1,0,1,1,1,0,0,1,0,0,N,N
ACC-10002200,806,0,0,1,0,3,2,0,1,3,0,0,N,N
ACC-10002201,822,0,0,1,0,7,0,0,1,1,0,0,N,N
ACC-10002202,896,0,0,1,0,1,0,0,4,4,0,0,N,N
ACC-10002203,827,0,0,2,0,2,0,0,2,3,0,0,N,N
ACC-10002204,873,0,0,1,0,1,0,0,1,2,0,0,N,N
ACC-10002205,860,1,1,2,D,2,0,2,3,4,1,5,N,N
ACC-10002206,959,0,0,0,0,3,0,0,0,0,0,0,N,N
ACC-10002207,845,0,0,1,0,2,0,0,1,1,0,0,N,N
ACC-10002208,814,0,0,1,0,6,2,0,1,1,0,0,N,N
ACC-10002209,794,0,0,2,0,3,0,0,2,3,0,0,N,N
ACC-10002210,746,0,0,2,0,4,1,0,2,5,0,0,N,N
ACC-10002211,720,0,2,3,1,6,1,0,3,3,0,0,N,N
ACC-10002212,885,0,0,2,0,2,0,0,3,4,0,0,N,N
ACC-10002213,865,0,0,0,0,5,1,0,0,1,1,12,N,N
ACC-10002214,963,0,0,0,0,1,0,0,0,0,0,0,N,N
ACC-10002215,832,1,1,1,D,2,0,2,1,2,1,12,N,N
ACC-10002216,886,0,0,1,0,2,0,0,1,2,0,0,N,N
ACC-10002217,895,0,0,0,0,3,0,0,0,1,0,0,N,N
ACC-10002218,860,0,0,1,0,1,0,0,1,2,0,0,N,N
ACC-10002219,853,0,0,1,0,1,0,0,1,2,0,0,N,N
ACC-10002220,791,0,0,1,0,3,0,0,1,3,0,0,N,N
ACC-10002221,814,0,1,1,1,5,1,0,1,1,0,0,N,N
ACC-10002222,866,0,0,1,0,2,0,0,1,1,0,0,N,N
ACC-10002223,862,0,0,0,0,5,1,0,0,1,0,0,N,N
ACC-10002224,863,0,0,2,0,2,0,0,2,5,0,0,N,N
ACC-10002225,873,0,0,0,0,6,1,0,0,0,0,0,N,N
ACC-10002226,734,1,1,1,D,3,0,2,1,1,1,10,N,N
ACC-10002227,776,0,0,0,0,2,0,0,0,2,0,0,N,N
ACC-10002228,775,0,0,1,0,2,1,0,1,1,0,0,N,N
ACC-10002229,773,0,1,1,3,8,2,1,1,2,0,0,N,N
ACC-10002230,845,0,1,2,1,4,0,0,2,3,0,0,N,N
ACC-10002231,861,0,0,1,0,1,0,0,1,2,0,0,N,N
ACC-10002232,902,0,0,0,0,4,0,0,0,0,0,0,N,N
ACC-10002233,820,0,1,1,1,3,0,0,1,2,0,0,N,N
ACC-10002234,899,0,0,2,0,3,0,0,2,4,0,0,N,N
ACC-10002235,823,0,0,2,0,2,0,0,2,4,0,0,N,N
ACC-10002236,860,0,0,1,0,5,1,0,1,2,0,0,N,N
ACC-10002237,830,0,0,2,0,3,0,0,2,2,0,0,N,N
ACC-10002238,861,0,0,0,0,2,0,0,0,1,0,0,N,N
ACC-10002239,830,0,0,4,0,4,0,0,4,5,0,0,N,N
ACC-10002240,854,0,1,2,1,4,0,0,2,2,0,0,N,N
ACC-10002241,778,0,0,1,0,4,0,0,1,2,0,0,N,N
ACC-10002242,801,0,0,1,0,2,0,0,1,1,0,0,N,N
ACC-10002243,806,0,1,1,1,1,0,0,1,1,0,0,N,N
ACC-10002244,879,0,1,0,1,4,0,0,0,1,0,0,N,N
ACC-10002245,750,0,0,2,0,6,1,0,2,3,0,0,N,N
ACC-10002246,802,0,1,1,1,3,0,0,1,3,0,0,N,N
ACC-10002247,848,0,0,2,0,3,0,0,2,2,0,0,N,N
ACC-10002248,887,0,0,1,0,5,0,0,1,1,0,0,N,N
ACC-10002249,674,0,1,3,1,3,1,0,3,3,0,0,N,N
ACC-10002250,832,0,0,1,0,4,1,0,1,1,0,0,N,N
ACC-10002251,787,0,1,1,1,3,0,0,1,4,0,0,N,N
ACC-10002252,775,0,0,1,0,1,0,0,1,3,0,0,N,N
ACC-10002253,844,0,0,0,0,3,1,0,0,0,0,0,N,N
ACC-10002254,902,0,0,2,0,5,1,0,2,3,0,0,N,N
ACC-10002255,870,0,0,1,0,4,0,0,1,1,0,0,N,N
ACC-10002256,835,0,0,1,0,5,0,0,1,3,0,0,N,N
ACC-10002257,750,0,0,2,0,2,0,0,4,4,0,0,N,T
ACC-10002258,824,0,0,0,0,6,2,0,0,1,0,0,N,N
ACC-10002259,663,1,1,2,D,5,1,1,2,2,1,14,N,N
ACC-10002260,838,0,0,0,0,3,2,0,0,0,0,0,N,N
ACC-10002261,887,0,0,0,0,4,0,0,0,0,0,0,N,N
ACC-10002262,806,0,0,1,0,3,1,0,1,1,0,0,N,N
ACC-10002263,756,0,0,0,0,2,1,0,0,0,0,0,N,T
ACC-10002264,771,0,0,1,0,4,1,0,1,2,0,0,N,N
ACC-10002265,799,0,0,0,0,3,0,0,0,0,0,0,N,N
ACC-10002266,809,0,1,0,1,3,0,0,0,1,0,0,N,N
ACC-10002267,740,0,0,3,0,6,2,0,3,3,0,0,N,N
ACC-10002268,826,0,1,0,1,2,0,0,0,1,0,0,N,T
ACC-10002269,759,0,0,2,0,7,1,0,2,4,0,0,N,N
ACC-10002270,784,0,0,3,0,3,0,0,3,4,0,0,N,N
ACC-10002271,880,1,2,0,D,1,0,1,0,1,1,5,N,N
ACC-10002272,841,0,0,0,0,9,1,0,0,0,0,0,N,N
ACC-10002273,964,0,0,1,0,1,0,0,2,3,0,0,N,N
ACC-10002274,912,0,0,0,0,3,1,0,0,1,0,0,N,N
ACC-10002275,818,0,0,1,0,3,0,0,1,2,0,0,N,N
ACC-10002276,866,0,0,1,0,5,0,0,1,2,0,0,N,N
ACC-10002277,826,0,0,1,0,3,0,0,1,2,0,0,N,N
ACC-10002278,871,0,0,0,0,5,0,0,0,1,0,0,N,N
ACC-10002279,756,0,1,1,1,2,0,0,1,1,0,0,N,N
ACC-10002280,747,0,2,2,1,3,0,0,2,3,0,0,N,T
ACC-10002281,913,0,0,0,N,0,0,0,0,4,0,0,N,N
ACC-10002282,776,0,0,1,0,2,0,0,1,1,0,0,N,N
ACC-10002283,727,0,1,1,3,5,0,1,1,1,0,0,N,N
ACC-10002284,885,0,0,0,0,1,1,0,0,1,0,0,N,N
ACC-10002285,755,1,1,1,D,2,0,1,1,2,1,2,N,T
ACC-10002286,764,0,0,0,0,5,0,0,0,0,0,0,N,N
ACC-10002287,808,0,0,0,0,3,0,0,0,1,0,0,N,N
ACC-10002288,800,1,2,0,D,2,0,1,0,0,1,4,N,N
ACC-10002289,901,0,0,1,0,1,0,0,1,1,0,0,N,N
ACC-10002290,819,0,0,0,0,3,0,0,0,0,0,0,N,N
ACC-10002291,665,1,1,3,D,3,1,1,3,4,1,7,N,N
ACC-10002292,847,0,0,0,0,5,0,0,0,0,0,0,N,T
ACC-10002293,862,0,0,2,0,3,0,0,2,2,0,0,N,N
ACC-10002294,830,0,0,1,0,2,0,0,1,1,0,0,N,N
ACC-10002295,800,0,2,1,3,6,2,1,1,2,0,0,N,N
ACC-10002296,866,0,0,1,0,8,2,0,1,1,0,0,N,N
ACC-10002297,842,0,1,1,1,3,1,0,1,2,0,0,N,N
ACC-10002298,927,0,0,0,0,2,0,0,0,1,0,0,N,N
ACC-10002299,736,1,1,3,D,3,0,1,3,5,1,6,N,N
ACC-10002300,793,1,1,1,D,4,0,2,1,1,1,5,N,N
ACC-10002301,795,0,1,1,3,4,0,1,1,3,0,0,N,N
ACC-10002302,913,0,0,1,0,3,0,0,1,3,0,0,N,N
ACC-10002303,963,0,0,1,0,1,0,0,1,2,0,0,N,N
ACC-10002304,868,0,0,2,0,2,0,0,2,2,0,0,N,N
ACC-10002305,881,0,0,1,0,5,0,0,1,1,0,0,N,N
ACC-10002306,821,1,1,0,D,2,0,1,0,0,1,3,N,N
ACC-10002307,790,0,0,0,0,2,2,0,0,1,0,0,N,N
ACC-10002308,866,0,0,2,0,5,0,0,2,9,0,0,N,N
ACC-10002309,789,0,0,1,0,3,0,0,1,2,0,0,N,N
ACC-10002310,869,0,1,2,3,4,0,1,2,3,0,0,N,N
ACC-10002311,714,1,1,0,D,3,0,1,0,1,1,9,N,N
ACC-10002312,763,0,0,2,0,2,0,0,4,4,0,0,N,N
ACC-10002313,919,0,0,0,0,2,0,0,0,0,0,0,N,N
ACC-10002314,874,0,0,1,0,4,0,0,1,2,0,0,N,N
ACC-10002315,721,1,3,0,D,1,0,1,0,1,1,5,N,N
ACC-10002316,777,1,1,0,D,2,0,1,0,0,1,24,N,N
ACC-10002317,898,0,0,1,0,1,0,0,1,1,0,0,N,N
ACC-10002318,852,0,1,0,1,3,1,0,0,3,0,0,N,N
ACC-10002319,849,0,1,0,1,4,0,0,0,0,0,0,N,N
ACC-10002320,899,0,0,0,0,6,1,0,0,0,0,0,N,N
ACC-10002321,795,0,2,0,1,0,0,0,0,2,0,0,N,N
ACC-10002322,825,0,0,2,0,2,1,0,2,3,0,0,N,N
ACC-10002323,807,0,0,2,0,3,1,0,2,2,0,0,N,N
ACC-10002324,925,0,1,0,1,5,0,0,0,3,0,0,N,N
ACC-10002325,833,0,0,1,0,2,1,0,1,1,0,0,N,N
ACC-10002326,762,0,0,2,0,7,0,0,2,3,0,0,N,N
ACC-10002327,805,0,0,2,0,3,0,0,2,3,0,0,N,N
ACC-10002328,776,1,1,0,D,2,0,1,0,4,1,18,N,N
ACC-10002329,887,0,0,0,0,5,0,0,0,0,0,0,N,N
ACC-10002330,807,0,0,1,0,1,0,0,1,2,0,0,N,N
ACC-10002331,777,0,1,1,1,2,0,0,1,1,0,0,N,N
ACC-10002332,864,0,0,0,0,2,0,0,0,0,0,0,N,N
ACC-10002333,773,0,0,3,0,6,0,0,3,4,0,0,N,N
ACC-10002334,915,0,0,1,0,2,0,0,1,1,0,0,N,N
ACC-10002335,784,1,2,0,D,3,0,2,0,0,1,7,N,N
ACC-10002336,840,0,0,2,0,2,0,0,2,2,0,0,N,N
ACC-10002337,932,0,0,0,N,0,0,0,2,2,0,0,N,N
ACC-10002338,826,0,0,0,0,2,0,0,0,1,0,0,N,N
ACC-10002339,934,0,0,0,0,4,0,0,0,0,0,0,N,N
ACC-10002340,852,0,0,3,0,4,0,0,3,3,0,0,N,N
ACC-10002341,890,0,0,1,0,1,0,0,1,1,0,0,N,N
ACC-10002342,745,0,1,1,1,1,0,0,1,3,0,0,N,N
ACC-10002343,756,0,1,2,1,5,0,0,2,2,0,0,N,N
ACC-10002344,721,1,1,4,D,4,2,2,4,5,1,28,N,N
ACC-10002345,787,0,1,0,1,0,0,0,2,3,0,0,N,N
ACC-10002346,778,0,1,0,1,2,0,0,0,0,0,0,N,N
ACC-10002347,823,0,1,0,1,1,1,0,0,2,0,0,N,N
ACC-10002348,787,0,1,1,1,1,0,0,2,4,0,0,N,N
ACC-10002349,837,0,0,0,0,2,0,0,0,2,0,0,N,N
ACC-10002350,788,0,0,2,0,4,1,0,2,3,0,0,N,N
ACC-10002351,794,0,0,2,0,5,1,0,2,3,0,0,N,N
ACC-10002352,876,0,0,2,0,2,0,0,2,3,0,0,N,N
ACC-10002353,869,0,0,1,0,3,0,0,1,1,0,0,N,N
ACC-10002354,893,0,1,0,1,1,0,0,0,0,0,0,N,N
ACC-10002355,764,0,0,1,0,3,0,0,1,2,0,0,N,T
ACC-10002356,701,0,1,1,3,3,1,1,1,4,0,0,N,N
ACC-10002357,837,0,0,0,0,1,1,0,0,0,0,0,N,N
ACC-10002358,906,0,0,0,0,3,0,0,0,1,0,0,N,N
ACC-10002359,874,0,1,1,1,3,0,0,1,1,0,0,N,N
ACC-10002360,779,0,1,1,1,1,0,0,1,1,0,0,N,T
ACC-10002361,832,0,0,2,0,2,0,0,3,4,0,0,N,N
ACC-10002362,846,0,0,1,0,2,0,0,1,1,0,0,N,N
ACC-10002363,830,0,0,1,0,1,0,0,1,2,0,0,N,N
ACC-10002364,785,0,0,1,0,1,0,0,2,4,0,0,N,N
ACC-10002365,815,0,0,4,0,6,0,0,4,4,0,0,N,N
ACC-10002366,723,1,1,1,D,3,1,1,1,1,1,9,N,N
ACC-10002367,894,0,0,3,0,3,0,0,3,3,0,0,N,N
ACC-10002368,857,0,0,0,0,1,0,0,0,1,0,0,N,N
ACC-10002369,834,0,0,0,0,4,0,0,0,0,0,0,N,T
ACC-10002370,811,0,0,1,0,3,0,0,1,2,0,0,N,N
ACC-10002371,862,0,0,1,0,4,0,0,1,1,0,0,N,N
ACC-10002372,821,1,1,2,D,4,0,1,2,3,1,9,N,N
ACC-10002373,595,1,1,4,D,4,1,1,5,8,1,38,N,N
ACC-10002374,879,0,1,0,1,2,0,0,0,0,0,0,N,N
ACC-10002375,945,0,0,0,0,1,0,0,0,2,0,0,N,N
ACC-10002376,806,0,0,2,0,2,0,0,2,2,0,0,N,N
ACC-10002377,868,0,0,0,N,0,0,0,3,4,0,0,N,N
ACC-10002378,860,0,1,1,1,3,0,0,1,2,0,0,N,N
ACC-10002379,813,0,0,2,0,2,1,0,3,3,0,0,N,N
ACC-10002380,710,0,1,1,1,3,0,0,1,2,0,0,N,T
ACC-10002381,699,1,1,1,D,7,1,1,1,1,1,14,N,N
ACC-10002382,798,0,1,0,1,4,1,0,0,1,0,0,N,N
ACC-10002383,832,0,0,1,0,4,0,0,1,1,0,0,N,N
ACC-10002384,884,0,0,0,0,5,0,0,0,2,0,0,N,N
ACC-10002385,783,0,0,2,0,3,0,0,2,3,0,0,N,N
ACC-10002386,806,0,0,1,0,2,0,0,1,1,0,0,N,N
ACC-10002387,778,0,0,0,N,0,0,0,1,1,0,0,N,T
ACC-10002388,802,0,0,1,0,1,1,0,3,3,0,0,N,N
ACC-10002389,811,0,0,1,0,4,0,0,1,1,0,0,N,N
ACC-10002390,895,0,0,1,0,2,0,0,1,2,0,0,N,N
ACC-10002391,833,0,0,2,0,5,1,0,2,2,0,0,N,N
ACC-10002392,880,0,0,0,0,4,1,0,0,2,0,0,N,T
ACC-10002393,892,0,0,1,0,4,0,0,1,3,0,0,N,N
ACC-10002394,930,0,0,0,0,4,0,0,0,0,0,0,N,N
ACC-10002395,932,0,0,1,0,2,0,0,1,4,0,0,N,N
ACC-10002396,915,0,0,0,0,1,0,0,0,1,0,0,N,N
ACC-10002397,808,0,1,2,3,2,1,1,2,3,0,0,N,N
ACC-10002398,798,0,1,2,3,5,0,1,2,2,0,0,N,N
ACC-10002399,817,0,0,1,0,1,0,0,1,2,0,0,N,N
ACC-10002400,795,0,0,1,0,1,0,0,1,1,0,0,N,N
ACC-10002401,738,0,0,0,N,0,0,0,1,2,0,0,N,N
ACC-10002402,850,0,0,0,N,0,0,0,1,4,0,0,N,N
ACC-10002403,936,0,0,1,0,2,0,0,1,3,0,0,N,N
ACC-10002404,717,0,0,1,0,3,0,0,1,2,0,0,N,N
ACC-10002405,855,0,0,1,0,2,2,0,1,2,0,0,N,N
ACC-10002406,716,0,0,1,0,3,1,0,1,1,0,0,N,N
ACC-10002407,952,0,0,2,0,4,1,0,2,3,0,0,N,N
ACC-10002408,815,0,1,1,1,4,0,0,1,2,0,0,N,T
ACC-10002409,837,0,0,1,0,4,0,0,1,1,0,0,N,N
ACC-10002410,904,0,0,1,0,9,1,0,1,2,0,0,N,N
ACC-10002411,974,0,0,0,0,3,0,0,0,1,0,0,N,N
ACC-10002412,879,0,0,2,0,2,0,0,3,3,0,0,N,N
ACC-10002413,885,0,0,1,0,5,0,0,1,2,0,0,N,N
ACC-10002414,838,1,1,2,D,2,0,1,2,2,1,8,N,N
ACC-10002415,793,0,1,1,1,4,2,0,1,2,0,0,N,N
ACC-10002416,788,0,0,2,0,2,0,0,2,5,0,0,N,N
ACC-10002417,714,0,1,1,1,5,0,0,1,1,0,0,N,N
ACC-10002418,877,0,1,1,1,3,0,0,1,2,0,0,N,N
ACC-10002419,780,0,0,2,0,3,3,0,2,2,0,0,N,N
ACC-10002420,818,0,0,0,0,3,0,0,0,0,0,0,N,N
ACC-10002421,751,1,1,2,D,4,1,1,2,2,1,1,N,N
ACC-10002422,837,0,0,1,0,1,0,0,1,1,0,0,N,N
ACC-10002423,837,0,0,1,0,3,0,0,1,3,0,0,N,N
ACC-10002424,866,0,0,1,0,1,0,0,1,1,0,0,N,N
ACC-10002425,922,0,0,1,0,4,1,0,1,2,0,0,N,N
ACC-10002426,799,0,0,1,0,2,0,0,1,1,0,0,N,N
ACC-10002427,833,0,0,1,0,1,0,0,1,1,0,0,N,N
ACC-10002428,761,0,0,1,0,5,0,0,1,1,0,0,N,N
ACC-10002429,903,0,0,2,0,6,0,0,2,3,0,0,N,N
ACC-10002430,835,0,0,0,0,5,0,0,0,2,0,0,N,N
ACC-10002431,883,0,0,0,0,6,0,0,0,3,0,0,N,N
ACC-10002432,849,0,0,1,0,4,0,0,1,1,0,0,N,N
ACC-10002433,818,0,0,1,0,1,0,0,3,3,0,0,N,N
ACC-10002434,797,0,0,2,0,3,0,0,2,2,0,0,N,N
ACC-10002435,801,0,0,1,0,7,1,0,1,3,0,0,N,N
ACC-10002436,749,0,0,2,0,3,0,0,2,3,0,0,N,N
ACC-10002437,864,0,0,0,N,0,0,0,0,0,0,0,N,N
ACC-10002438,785,0,1,2,1,2,1,0,2,2,0,0,N,N
ACC-10002439,808,0,1,1,1,1,0,0,2,4,0,0,N,N
ACC-10002440,779,1,1,1,D,1,0,1,2,3,1,10,N,N
ACC-10002441,879,0,0,0,0,1,0,0,0,0,0,0,N,N
ACC-10002442,689,0,1,0,1,4,0,0,0,0,0,0,N,N
ACC-10002443,764,0,1,2,1,7,1,0,2,5,0,0,N,N
ACC-10002444,665,1,2,0,D,3,1,1,0,1,1,15,N,N
ACC-10002445,753,0,0,1,0,4,0,0,1,2,0,0,N,N
ACC-10002446,862,0,0,1,0,1,0,0,1,1,0,0,N,N
ACC-10002447,905,0,0,0,0,7,1,0,0,1,0,0,N,N
ACC-10002448,827,0,1,3,1,4,0,0,3,3,0,0,N,N
ACC-10002449,869,0,0,1,0,2,0,0,1,1,0,0,N,N
ACC-10002450,817,0,0,0,0,2,1,0,0,1,0,0,N,N
ACC-10002451,849,0,1,1,1,4,0,0,1,2,0,0,N,N
ACC-10002452,762,0,0,2,0,3,1,0,2,6,0,0,N,N
ACC-10002453,808,0,0,2,0,6,0,0,2,4,0,0,N,T
ACC-10002454,864,1,1,1,D,2,0,1,1,1,1,4,N,N
ACC-10002455,733,0,1,3,3,3,1,1,3,4,0,0,N,T
ACC-10002456,835,0,0,1,0,4,0,0,1,3,0,0,N,N
ACC-10002457,799,0,0,0,N,0,0,0,2,4,0,0,N,N
ACC-10002458,750,0,0,1,0,1,0,0,4,5,0,0,N,N
ACC-10002459,780,0,1,1,1,2,0,0,1,1,0,0,N,T
ACC-10002460,839,0,1,0,1,2,0,0,0,3,0,0,N,N
ACC-10002461,835,0,0,2,0,4,1,0,2,5,0,0,N,N
ACC-10002462,763,1,1,1,D,4,0,1,1,1,1,7,N,N
ACC-10002463,900,0,0,0,0,4,1,0,0,0,0,0,N,N
ACC-10002464,812,0,0,1,0,2,0,0,1,1,0,0,N,N
ACC-10002465,778,0,1,0,3,4,1,1,0,0,0,0,N,N
ACC-10002466,878,0,0,0,0,1,0,0,0,1,0,0,N,N
ACC-10002467,772,0,0,2,0,2,0,0,2,3,0,0,N,N
ACC-10002468,818,0,0,2,0,4,0,0,2,2,0,0,N,N
ACC-10002469,955,0,0,0,0,6,0,0,0,1,0,0,N,N
ACC-10002470,750,0,1,1,1,5,0,0,1,2,0,0,N,N
ACC-10002471,845,0,0,0,0,5,2,0,0,0,0,0,N,N
ACC-10002472,792,0,0,3,0,3,1,0,3,4,0,0,N,N
ACC-10002473,853,0,0,1,0,1,0,0,2,4,0,0,N,T
ACC-10002474,883,0,0,1,0,2,0,0,1,4,0,0,N,N
ACC-10002475,859,0,0,1,0,4,1,0,1,1,0,0,N,N
ACC-10002476,817,0,0,0,0,4,1,0,0,0,0,0,N,N
ACC-10002477,746,0,0,2,0,7,1,0,2,2,0,0,N,N
ACC-10002478,795,0,0,3,0,7,0,0,3,5,0,0,N,N
ACC-10002479,638,0,1,3,1,7,1,0,3,4,0,0,N,N
ACC-10002480,828,0,0,0,0,7,0,0,0,1,0,0,N,N
ACC-10002481,862,0,0,0,0,3,0,0,0,1,0,0,N,N
ACC-10002482,891,0,0,0,0,4,1,0,0,2,0,0,N,N
ACC-10002483,814,0,1,1,1,6,2,0,1,1,0,0,N,N
ACC-10002484,841,0,3,1,3,3,0,1,1,2,0,0,N,N
ACC-10002485,866,0,0,0,0,6,0,0,0,1,0,0,N,N
ACC-10002486,842,0,0,1,0,2,1,0,1,1,0,0,N,N
ACC-10002487,814,0,0,1,0,4,0,0,1,2,0,0,N,N
ACC-10002488,704,0,1,1,1,1,0,0,3,3,0,0,N,N
ACC-10002489,764,0,0,2,0,4,1,0,2,5,0,0,N,N
ACC-10002490,900,0,0,2,0,4,1,0,2,2,0,0,N,N
ACC-10002491,978,0,0,0,0,1,0,0,0,0,0,0,N,N
ACC-10002492,818,0,0,1,0,3,0,0,1,1,0,0,N,N
ACC-10002493,811,0,1,1,1,3,1,0,1,1,0,0,N,N
ACC-10002494,674,1,1,1,D,3,0,1,1,2,1,8,N,N
ACC-10002495,750,0,0,0,N,0,0,0,2,2,0,0,N,N
ACC-10002496,783,0,0,2,0,6,0,0,2,3,0,0,N,N
ACC-10002497,765,0,0,0,0,2,0,0,0,2,0,0,N,N
ACC-10002498,810,0,0,1,0,1,0,0,2,2,0,0,N,N
ACC-10002499,899,0,0,0,0,2,0,0,0,0,0,0,N,N
ACC-10002500,827,0,0,0,0,1,0,0,0,0,0,0,N,N
ACC-10002501,890,0,0,2,0,4,1,0,2,3,0,0,N,N
ACC-10002502,871,0,0,0,0,4,0,0,0,1,0,0,N,T
ACC-10002503,790,1,1,0,D,2,0,1,0,1,1,5,N,N
ACC-10002504,748,0,0,3,0,3,0,0,3,4,0,0,N,N
ACC-10002505,867,0,1,1,1,1,0,0,1,2,0,0,N,N
ACC-10002506,874,0,0,1,0,1,0,0,2,3,0,0,N,T
ACC-10002507,715,1,1,1,D,7,2,2,1,1,1,3,N,N
ACC-10002508,872,0,0,2,0,2,0,0,2,3,1,3,N,N
ACC-10002509,839,0,0,1,0,4,0,0,1,1,0,0,N,N
ACC-10002510,838,0,0,1,0,2,0,0,1,1,0,0,N,T
ACC-10002511,861,0,0,1,0,2,0,0,1,1,0,0,N,N
ACC-10002512,792,0,0,0,0,2,2,0,0,1,0,0,N,N
ACC-10002513,746,0,0,0,0,3,0,0,0,0,0,0,N,N
ACC-10002514,759,0,0,1,0,5,0,0,1,1,0,0,N,N
ACC-10002515,819,0,2,1,3,2,0,1,1,2,0,0,N,N
ACC-10002516,839,0,0,1,0,5,2,0,1,1,0,0,N,N
ACC-10002517,853,0,0,0,0,6,0,0,0,3,0,0,N,N
ACC-10002518,862,0,0,2,0,2,0,0,2,2,0,0,N,N
ACC-10002519,769,0,0,0,0,3,3,0,0,1,0,0,N,T
ACC-10002520,863,0,1,1,1,6,0,0,1,2,0,0,N,N
ACC-10002521,895,0,0,1,0,8,0,0,1,1,0,0,N,N
ACC-10002522,801,1,1,2,D,3,0,1,2,2,1,4,N,N
ACC-10002523,900,0,1,1,1,4,0,0,1,1,0,0,N,N
ACC-10002524,899,0,0,3,0,3,0,0,3,5,0,0,N,N
ACC-10002525,853,0,0,2,0,5,1,0,2,3,0,0,N,N
ACC-10002526,969,0,0,0,0,1,1,0,0,1,0,0,N,N
ACC-10002527,887,0,1,0,1,4,2,0,0,0,0,0,N,N
ACC-10002528,672,0,1,2,1,4,0,0,2,2,0,0,N,N
ACC-10002529,855,0,0,1,0,3,0,0,1,2,0,0,N,N
ACC-10002530,864,0,0,0,0,2,0,0,0,0,0,0,N,N
ACC-10002531,862,0,0,2,0,2,0,0,2,3,0,0,N,N
ACC-10002532,876,0,0,2,0,6,0,0,2,4,0,0,N,N
ACC-10002533,861,0,2,2,1,5,0,0,2,2,0,0,N,N
ACC-10002534,735,0,1,2,1,6,0,0,2,3,0,0,N,N
ACC-10002535,825,0,0,3,0,4,0,0,3,3,0,0,N,T
ACC-10002536,842,0,0,1,0,1,0,0,1,2,0,0,N,N
ACC-10002537,894,0,0,0,0,5,2,0,0,0,0,0,N,N
ACC-10002538,832,0,0,0,0,3,1,0,0,1,0,0,N,N
ACC-10002539,745,0,0,3,0,3,0,0,3,3,0,0,N,N
ACC-10002540,769,0,1,3,3,8,1,1,3,3,0,0,N,T
ACC-10002541,848,0,0,1,0,5,0,0,1,1,0,0,N,T
ACC-10002542,845,0,1,1,1,3,1,0,1,1,0,0,N,N
ACC-10002543,955,0,0,0,0,2,0,0,0,0,0,0,N,N
ACC-10002544,887,0,0,0,0,4,0,0,0,0,0,0,N,N
ACC-10002545,839,1,1,0,D,6,0,1,0,1,1,8,N,N
ACC-10002546,758,0,0,0,0,2,0,0,0,1,0,0,N,N
ACC-10002547,935,0,1,0,1,4,0,0,0,0,0,0,N,N
ACC-10002548,749,0,0,3,0,3,0,0,5,8,0,0,N,N
ACC-10002549,775,0,0,0,0,1,0,0,0,2,0,0,N,N
ACC-10002550,812,0,0,0,0,1,0,0,0,1,0,0,N,N
ACC-10002551,847,0,1,1,1,2,0,0,1,3,0,0,N,N
ACC-10002552,808,0,0,3,0,3,0,0,3,5,0,0,N,N
ACC-10002553,819,1,1,1,D,5,1,1,1,1,1,5,N,N
ACC-10002554,797,0,0,3,0,4,1,0,3,4,0,0,N,N
ACC-10002555,702,0,0,2,0,4,0,0,2,3,0,0,N,N
ACC-10002556,878,0,0,1,0,4,0,0,1,2,0,0,N,T
ACC-10002557,799,0,0,2,0,5,0,0,2,2,0,0,N,N
ACC-10002558,781,0,0,1,0,5,0,0,1,1,0,0,N,N
ACC-10002559,877,0,0,0,0,1,0,0,0,2,0,0,N,N
ACC-10002560,746,0,0,1,0,6,1,0,1,1,0,0,N,T
ACC-10002561,758,0,0,1,0,5,0,0,1,3,0,0,N,N
ACC-10002562,862,1,1,0,D,4,0,1,0,1,1,5,N,N
ACC-10002563,743,0,0,2,0,2,0,0,3,3,0,0,N,N
ACC-10002564,848,0,0,0,N,0,0,0,3,7,0,0,N,N
ACC-10002565,769,0,1,1,1,2,1,0,1,1,0,0,N,N
ACC-10002566,802,0,0,2,0,7,1,0,2,2,0,0,N,N
ACC-10002567,730,0,0,1,0,1,0,0,3,3,0,0,N,N
ACC-10002568,872,0,0,1,0,4,0,0,1,2,0,0,N,N
ACC-10002569,781,0,2,0,3,5,1,1,0,0,0,0,N,N
ACC-10002570,841,0,0,1,0,2,0,0,1,1,0,0,N,N
ACC-10002571,904,0,0,1,0,3,1,0,1,1,0,0,N,N
ACC-10002572,846,0,0,1,0,5,0,0,1,1,0,0,N,N
ACC-10002573,775,1,1,1,D,1,0,1,2,4,1,6,N,N
ACC-10002574,793,0,0,2,0,5,0,0,2,3,0,0,N,N
ACC-10002575,918,0,0,0,0,2,0,0,0,1,0,0,N,N
ACC-10002576,802,0,0,3,0,3,0,0,4,4,0,0,N,N
ACC-10002577,733,0,1,2,1,3,1,0,2,2,0,0,N,N
ACC-10002578,880,0,0,1,0,3,0,0,1,1,0,0,N,N
ACC-10002579,841,0,1,1,1,6,1,0,1,2,0,0,N,N
ACC-10002580,782,0,0,0,0,3,1,0,0,2,0,0,N,N
ACC-10002581,748,1,1,2,D,4,0,1,2,2,1,5,N,N
ACC-10002582,828,0,1,2,1,2,0,0,2,3,0,0,N,T
ACC-10002583,880,0,0,1,0,5,0,0,1,3,0,0,N,N
ACC-10002584,759,0,0,2,0,2,0,0,2,3,0,0,N,N
ACC-10002585,793,0,1,1,1,3,0,0,1,1,0,0,N,N
ACC-10002586,850,0,0,1,0,3,1,0,1,2,0,0,N,N
ACC-10002587,782,0,0,1,0,4,1,0,1,2,0,0,N,N
ACC-10002588,855,0,0,1,0,2,0,0,1,3,0,0,N,N
ACC-10002589,885,0,0,2,0,3,0,0,2,3,0,0,N,N
ACC-10002590,812,0,0,1,0,5,1,0,1,1,0,0,N,T
ACC-10002591,829,1,1,0,D,3,1,1,0,2,1,3,N,N
ACC-10002592,948,0,0,0,N,0,0,0,2,2,0,0,N,N
ACC-10002593,824,0,0,0,0,3,0,0,0,2,0,0,N,N
ACC-10002594,775,1,1,2,D,2,1,2,2,2,1,6,N,N
ACC-10002595,649,1,2,1,D,1,0,1,3,3,1,16,N,N
ACC-10002596,823,0,0,1,0,5,1,0,1,1,0,0,N,N
ACC-10002597,853,1,1,0,D,0,0,2,0,1,1,27,N,N
ACC-10002598,809,0,0,2,0,3,0,0,2,2,0,0,N,N
ACC-10002599,901,0,0,1,0,4,1,0,1,1,0,0,N,N
ACC-10002600,860,0,0,0,0,4,0,0,0,0,0,0,N,N
ACC-10002601,913,0,0,0,0,4,0,0,0,0,0,0,N,N
ACC-10002602,844,0,0,1,0,4,0,0,1,3,0,0,N,N
ACC-10002603,857,0,0,2,0,3,0,0,2,5,0,0,N,N
ACC-10002604,751,1,2,1,D,3,0,2,1,3,1,7,N,N
ACC-10002605,803,0,0,4,0,4,1,0,4,4,0,0,N,N
ACC-10002606,759,0,0,4,0,4,0,0,5,5,0,0,N,N
ACC-10002607,862,0,0,0,N,0,0,0,1,1,0,0,N,N
ACC-10002608,734,0,0,4,0,5,1,0,4,5,0,0,N,N
ACC-10002609,799,0,0,1,0,1,0,0,1,2,0,0,N,N
ACC-10002610,830,0,1,2,1,5,0,0,2,4,0,0,N,N
ACC-10002611,753,0,0,2,0,9,2,0,2,3,0,0,N,N
ACC-10002612,871,0,0,0,0,6,1,0,0,3,0,0,N,N
ACC-10002613,819,0,0,1,0,5,0,0,1,1,0,0,N,N
ACC-10002614,839,0,0,0,0,2,0,0,0,1,0,0,N,N
ACC-10002615,860,0,1,0,1,5,2,0,0,2,0,0,N,N
ACC-10002616,789,0,0,1,0,4,0,0,1,1,0,0,N,N
ACC-10002617,686,1,1,2,D,2,0,1,2,5,1,14,N,T
ACC-10002618,847,0,0,0,N,0,0,0,2,6,0,0,N,N
ACC-10002619,911,0,2,0,1,5,0,0,0,0,0,0,N,N
ACC-10002620,880,0,0,2,0,2,0,0,4,5,0,0,N,N
ACC-10002621,919,0,0,0,0,2,0,0,0,0,0,0,N,N
ACC-10002622,757,0,0,2,0,2,0,0,3,3,0,0,N,N
ACC-10002623,844,0,0,2,0,3,0,0,2,3,0,0,N,N
ACC-10002624,817,0,0,1,0,4,0,0,1,2,0,0,N,N
ACC-10002625,901,0,0,2,0,4,1,0,2,4,0,0,N,N
ACC-10002626,901,0,0,2,0,4,0,0,2,3,0,0,N,N
ACC-10002627,903,0,1,0,1,1,0,0,0,1,0,0,N,N
ACC-10002628,828,0,0,0,0,8,2,0,0,1,0,0,N,N
ACC-10002629,844,0,0,0,0,5,1,0,0,0,0,0,N,N
ACC-10002630,934,0,0,0,0,2,0,0,0,2,0,0,N,N
ACC-10002631,904,0,0,1,0,1,0,0,1,1,0,0,N,N
ACC-10002632,831,0,0,1,0,1,0,0,2,3,0,0,N,N
ACC-10002633,701,0,0,2,0,5,0,0,2,4,0,0,N,N
ACC-10002634,726,1,1,1,D,1,0,1,1,2,1,6,N,T
ACC-10002635,775,0,0,0,0,1,0,0,0,1,0,0,N,N
ACC-10002636,892,0,0,0,0,2,0,0,0,1,0,0,N,N
ACC-10002637,836,0,0,1,0,2,1,0,1,2,0,0,N,N
ACC-10002638,868,0,0,1,0,4,0,0,1,2,0,0,N,N
ACC-10002639,968,0,0,1,0,3,0,0,1,2,0,0,N,N
ACC-10002640,826,0,1,1,1,2,0,0,1,3,0,0,N,N
ACC-10002641,753,0,0,1,0,7,1,0,1,1,0,0,N,N
ACC-10002642,677,2,2,1,D,1,0,2,3,5,2,7,Y,N
ACC-10002643,831,0,0,1,0,3,0,0,1,1,0,0,N,N
ACC-10002644,861,0,0,1,0,2,0,0,1,2,0,0,N,N
ACC-10002645,901,0,0,0,0,4,1,0,0,1,0,0,N,N
ACC-10002646,769,0,0,1,0,3,0,0,1,1,0,0,N,N
ACC-10002647,790,0,1,1,1,5,0,0,1,3,0,0,N,N
ACC-10002648,912,0,0,1,0,4,0,0,1,1,0,0,N,N
ACC-10002649,746,1,1,1,D,1,0,1,1,3,1,5,N,T
ACC-10002650,833,0,0,1,0,5,0,0,1,2,0,0,N,N
ACC-10002651,837,0,1,0,1,2,0,0,0,1,0,0,N,N
ACC-10002652,818,0,1,2,3,4,1,1,2,3,0,0,N,N
ACC-10002653,807,0,0,3,0,4,0,0,3,5,0,0,N,N
ACC-10002654,808,0,0,1,0,5,0,0,1,1,0,0,N,N
ACC-10002655,761,0,0,2,0,5,0,0,2,2,0,0,N,N
ACC-10002656,759,0,0,0,0,1,0,0,0,1,0,0,N,N
ACC-10002657,776,0,1,2,1,2,2,0,2,5,0,0,N,N
ACC-10002658,770,0,0,1,0,1,0,0,1,1,0,0,N,N
ACC-10002659,851,0,0,2,0,2,0,0,3,4,0,0,N,N
ACC-10002660,890,0,1,1,1,4,0,0,1,1,0,0,N,N
ACC-10002661,850,0,0,0,0,3,0,0,0,0,0,0,N,N
ACC-10002662,910,0,0,1,0,5,1,0,1,1,0,0,N,N
ACC-10002663,797,0,0,0,0,3,0,0,0,1,0,0,N,N
ACC-10002664,929,0,0,0,0,3,0,0,0,1,0,0,N,N
ACC-10002665,851,0,1,2,1,5,0,0,2,2,0,0,N,T
ACC-10002666,805,1,1,1,D,5,1,1,1,2,1,6,N,N
ACC-10002667,857,0,0,1,0,3,0,0,1,1,0,0,N,N
ACC-10002668,873,0,0,0,0,3,0,0,0,1,0,0,N,N
ACC-10002669,819,0,0,3,0,3,1,0,3,3,0,0,N,N
ACC-10002670,825,0,0,0,0,5,0,0,0,1,0,0,N,N
ACC-10002671,809,0,0,0,0,5,1,0,0,1,0,0,N,N
ACC-10002672,780,1,1,0,D,1,1,1,0,1,1,16,N,N
ACC-10002673,789,0,0,0,0,3,0,0,0,1,0,0,N,N
ACC-10002674,866,0,0,1,0,1,0,0,2,2,0,0,N,N
ACC-10002675,872,0,1,0,3,2,1,1,0,3,1,14,N,N
ACC-10002676,928,0,1,0,1,2,1,0,0,0,0,0,N,N
ACC-10002677,764,0,1,1,1,5,0,0,1,1,0,0,N,N
ACC-10002678,848,0,1,1,1,2,0,0,1,2,0,0,N,N
ACC-10002679,817,1,1,0,D,2,0,1,0,2,1,6,N,N
ACC-10002680,837,0,0,0,0,3,0,0,0,0,0,0,N,N
ACC-10002681,874,0,0,1,0,4,1,0,1,2,0,0,N,N
ACC-10002682,838,0,0,2,0,2,0,0,2,3,0,0,N,N
ACC-10002683,879,0,0,0,0,1,0,0,0,1,0,0,N,N
ACC-10002684,744,0,1,0,1,0,0,0,0,0,0,0,N,N
ACC-10002685,861,0,0,1,0,1,1,0,1,1,0,0,N,N
ACC-10002686,851,0,0,0,0,6,0,0,0,0,0,0,N,N
ACC-10002687,950,0,0,1,0,6,1,0,1,1,0,0,N,N
ACC-10002688,773,0,0,0,0,2,0,0,0,0,0,0,N,N
ACC-10002689,875,0,0,1,0,4,0,0,1,2,0,0,N,N
ACC-10002690,844,0,0,4,0,4,0,0,4,8,0,0,N,T
ACC-10002691,820,0,0,2,0,3,0,0,2,3,0,0,N,N
ACC-10002692,880,0,0,2,0,2,0,0,3,4,0,0,N,N
ACC-10002693,878,0,1,0,3,2,0,1,0,0,0,0,N,N
ACC-10002694,844,0,0,1,0,2,1,0,1,2,0,0,N,N
ACC-10002695,856,0,0,0,0,4,1,0,0,0,0,0,N,N
ACC-10002696,871,0,0,0,0,3,1,0,0,1,0,0,N,N
ACC-10002697,867,0,1,1,1,5,0,0,1,2,0,0,N,N
ACC-10002698,853,0,0,1,0,5,0,0,1,2,0,0,N,N
ACC-10002699,755,1,1,1,D,1,1,2,4,5,1,18,N,N
ACC-10002700,888,0,0,0,0,3,1,0,0,1,0,0,N,N
ACC-10002701,757,0,1,2,1,3,0,0,2,2,0,0,N,N
ACC-10002702,743,0,0,2,0,3,0,0,2,2,0,0,N,T
ACC-10002703,773,0,0,0,0,2,0,0,0,0,0,0,N,N
ACC-10002704,816,0,1,1,1,2,1,0,1,1,0,0,N,N
ACC-10002705,899,0,0,1,0,1,0,0,1,3,0,0,N,T
ACC-10002706,870,0,1,0,1,1,1,0,0,3,0,0,N,N
ACC-10002707,760,0,0,1,0,1,0,0,5,6,0,0,N,N
ACC-10002708,876,0,0,1,0,3,0,0,1,2,0,0,N,N
ACC-10002709,842,0,0,1,0,1,0,0,1,1,0,0,N,N
ACC-10002710,780,0,0,0,0,5,0,0,0,1,0,0,N,N
ACC-10002711,833,0,1,1,1,4,0,0,1,2,0,0,N,N
ACC-10002712,873,0,0,0,0,2,0,0,0,1,0,0,N,N
ACC-10002713,810,0,1,1,1,3,0,0,1,1,0,0,N,T
ACC-10002714,709,0,0,3,0,3,1,0,4,5,0,0,N,N
ACC-10002715,739,1,1,4,D,4,0,1,4,4,1,1,N,N
ACC-10002716,769,1,1,1,D,3,1,2,1,2,1,10,N,N
ACC-10002717,828,0,0,1,0,1,0,0,2,3,0,0,N,N
ACC-10002718,647,2,2,1,D,1,0,3,2,3,2,4,N,N
ACC-10002719,788,0,1,1,3,3,1,1,1,2,0,0,N,N
ACC-10002720,879,0,0,0,N,0,0,0,0,2,0,0,N,N
ACC-10002721,846,1,1,1,D,3,0,2,1,2,1,17,N,N
ACC-10002722,773,1,1,0,D,1,0,1,0,2,1,4,N,N
ACC-10002723,872,0,0,0,0,5,1,0,0,0,0,0,N,N
ACC-10002724,806,0,0,3,0,3,0,0,4,4,0,0,N,N
ACC-10002725,841,0,0,0,N,0,0,0,0,1,0,0,N,N
ACC-10002726,891,0,0,0,0,2,0,0,0,1,0,0,N,N
ACC-10002727,923,0,0,1,0,1,0,0,1,2,0,0,N,N
ACC-10002728,912,0,0,2,0,2,0,0,3,5,0,0,N,N
ACC-10002729,822,0,1,3,1,3,1,0,3,3,0,0,N,N
ACC-10002730,798,0,1,1,1,1,0,0,3,3,0,0,N,N
ACC-10002731,791,0,0,2,0,2,1,0,3,4,0,0,N,N
ACC-10002732,824,0,0,0,0,2,1,0,0,0,0,0,N,N
ACC-10002733,888,0,0,0,0,9,1,0,0,4,0,0,N,N
ACC-10002734,892,0,0,1,0,1,0,0,1,1,0,0,N,N
ACC-10002735,860,0,0,1,0,5,0,0,1,2,0,0,N,N
ACC-10002736,840,0,1,3,1,4,0,0,3,3,0,0,N,N
ACC-10002737,764,0,1,2,1,2,0,0,2,5,0,0,N,N
ACC-10002738,834,0,0,2,0,5,0,0,2,2,0,0,N,N
ACC-10002739,999,0,0,1,0,1,0,0,1,2,0,0,N,N
ACC-10002740,826,0,0,2,0,3,2,0,2,3,0,0,N,N
ACC-10002741,907,0,0,0,0,4,0,0,0,1,0,0,N,N
ACC-10002742,735,0,2,1,3,2,0,1,1,1,0,0,N,N
ACC-10002743,839,0,0,1,0,2,0,0,1,3,0,0,N,T
ACC-10002744,799,0,1,0,1,1,0,0,0,0,0,0,N,N
ACC-10002745,889,0,0,0,0,5,0,0,0,1,0,0,N,N
ACC-10002746,751,1,1,1,D,1,0,1,2,2,1,4,N,N
ACC-10002747,855,0,0,1,0,4,0,0,1,2,0,0,N,N
ACC-10002748,904,0,0,0,0,3,0,0,0,1,0,0,N,N
ACC-10002749,774,0,0,2,0,3,1,0,2,2,0,0,N,N
ACC-10002750,924,0,0,1,0,4,0,0,1,2,0,0,N,N
ACC-10002751,701,1,1,1,D,6,3,1,1,1,1,19,N,N
ACC-10002752,781,0,0,1,0,3,1,0,1,2,0,0,N,T
ACC-10002753,888,0,0,0,0,5,0,0,0,0,0,0,N,N
ACC-10002754,864,0,0,1,0,4,1,0,1,2,0,0,N,N
ACC-10002755,788,0,0,1,0,3,0,0,1,1,0,0,N,N
ACC-10002756,847,0,0,0,0,1,0,0,0,0,0,0,N,N
ACC-10002757,898,0,0,1,0,1,0,0,1,1,0,0,N,N
ACC-10002758,897,0,2,0,1,1,0,0,0,2,0,0,N,N
ACC-10002759,901,0,0,0,0,8,0,0,0,0,0,0,N,N
ACC-10002760,846,0,0,1,0,2,0,0,1,2,0,0,N,N
ACC-10002761,863,0,0,2,0,2,0,0,2,4,0,0,N,N
ACC-10002762,722,0,0,2,0,2,0,0,2,2,0,0,N,N
ACC-10002763,832,0,0,1,0,2,0,0,1,2,0,0,N,N
ACC-10002764,930,0,0,2,0,2,0,0,2,3,0,0,N,N
ACC-10002765,814,0,1,1,1,6,0,0,1,2,0,0,N,N
ACC-10002766,828,0,0,1,0,4,0,0,1,3,0,0,N,N
ACC-10002767,818,0,0,1,0,1,0,0,5,6,0,0,N,N
ACC-10002768,757,0,1,2,1,2,0,0,3,3,0,0,N,N
ACC-10002769,882,0,0,0,0,2,0,0,0,1,1,21,N,N
ACC-10002770,876,0,0,1,0,3,0,0,1,1,0,0,N,N
ACC-10002771,786,0,0,2,0,2,1,0,2,5,0,0,N,N
ACC-10002772,741,0,0,1,0,3,0,0,1,1,0,0,N,T
ACC-10002773,782,0,1,1,1,2,0,0,1,2,0,0,N,T
ACC-10002774,725,0,0,2,0,2,0,0,2,3,0,0,N,N
ACC-10002775,815,0,0,2,0,2,1,0,2,2,0,0,N,T
ACC-10002776,857,0,0,2,0,2,0,0,2,2,0,0,N,N
ACC-10002777,852,0,0,0,0,2,0,0,0,1,0,0,N,N
ACC-10002778,773,0,0,0,0,2,0,0,0,0,0,0,N,N
ACC-10002779,782,0,0,2,0,3,0,0,2,4,0,0,N,N
ACC-10002780,772,0,2,1,3,1,0,1,1,1,0,0,N,N
ACC-10002781,884,0,0,0,0,5,0,0,0,1,0,0,N,N
ACC-10002782,932,0,0,0,N,0,0,0,2,5,0,0,N,N
ACC-10002783,777,1,1,0,D,2,0,2,0,0,1,4,N,N
ACC-10002784,841,0,0,1,0,2,0,0,1,3,0,0,N,N
ACC-10002785,868,0,0,1,0,2,0,0,1,3,0,0,N,N
ACC-10002786,749,0,0,2,0,3,0,0,2,2,0,0,N,N
ACC-10002787,647,0,2,3,1,7,0,0,3,4,0,0,N,N
ACC-10002788,818,0,1,0,1,4,3,0,0,1,0,0,N,N
ACC-10002789,754,0,0,3,0,8,2,0,3,3,0,0,N,N
ACC-10002790,877,0,0,2,0,4,0,0,2,2,0,0,N,N
ACC-10002791,916,0,0,1,0,3,0,0,1,1,0,0,N,N
ACC-10002792,891,0,0,0,0,5,0,0,0,1,0,0,N,N
ACC-10002793,896,0,0,2,0,3,0,0,2,2,0,0,N,N
ACC-10002794,811,0,0,1,0,1,0,0,2,5,0,0,N,N
ACC-10002795,892,0,0,0,0,2,0,0,0,2,0,0,N,N
ACC-10002796,779,0,0,1,0,6,1,0,1,2,0,0,N,N
ACC-10002797,809,0,0,4,0,4,0,0,5,7,0,0,N,N
ACC-10002798,850,0,1,1,3,1,0,1,1,3,0,0,N,N
ACC-10002799,827,0,0,2,0,2,0,0,2,2,0,0,N,N
ACC-10002800,890,0,0,0,0,5,0,0,0,2,0,0,N,N
ACC-10002801,877,0,0,4,0,4,1,0,4,6,0,0,N,N
ACC-10002802,856,0,0,2,0,2,1,0,3,3,0,0,N,N
ACC-10002803,740,1,2,1,D,1,0,1,1,2,1,3,N,N
ACC-10002804,818,0,0,2,0,2,1,0,2,3,0,0,N,N
ACC-10002805,836,0,0,0,0,3,1,0,0,1,0,0,N,T
ACC-10002806,764,0,0,1,0,1,0,0,1,4,0,0,N,N
ACC-10002807,730,0,0,0,N,0,0,0,1,4,0,0,N,N
ACC-10002808,759,0,1,2,1,2,1,0,3,5,0,0,N,N
ACC-10002809,789,1,2,1,D,3,0,1,1,1,1,6,N,N
ACC-10002810,893,0,0,2,0,5,1,0,2,4,0,0,N,N
ACC-10002811,799,0,0,1,0,4,1,0,1,2,0,0,N,N
ACC-10002812,787,0,1,2,1,3,0,0,2,3,0,0,N,N
ACC-10002813,870,0,0,1,0,1,0,0,1,2,0,0,N,N
ACC-10002814,838,0,0,1,0,3,0,0,1,3,0,0,N,N
ACC-10002815,885,0,0,1,0,7,2,0,1,2,0,0,N,N
ACC-10002816,799,0,0,0,0,2,0,0,0,0,0,0,N,N
ACC-10002817,848,0,0,3,0,3,0,0,4,4,0,0,N,N
ACC-10002818,819,0,0,0,0,4,1,0,0,1,0,0,N,N
ACC-10002819,894,0,1,0,1,5,0,0,0,1,0,0,N,N
ACC-10002820,871,0,0,0,0,2,0,0,0,0,0,0,N,N
ACC-10002821,802,0,1,1,1,3,0,0,1,3,0,0,N,N
ACC-10002822,756,0,1,1,1,2,0,0,1,2,0,0,N,N
ACC-10002823,764,0,0,2,0,4,0,0,2,3,0,0,N,N
ACC-10002824,871,0,0,0,0,4,1,0,0,1,0,0,N,N
ACC-10002825,920,0,0,0,0,5,1,0,0,1,0,0,N,N
ACC-10002826,765,0,1,2,1,4,0,0,2,2,0,0,N,N
ACC-10002827,816,0,0,1,0,4,2,0,1,2,0,0,N,N
ACC-10002828,885,0,0,0,0,6,0,0,0,0,0,0,N,N
ACC-10002829,850,0,0,2,0,2,0,0,2,3,0,0,N,N
ACC-10002830,876,0,0,0,0,2,0,0,0,0,0,0,N,N
ACC-10002831,860,0,0,1,0,5,2,0,1,2,0,0,N,N
ACC-10002832,855,0,1,1,1,1,0,0,1,2,0,0,N,N
ACC-10002833,872,0,1,2,1,2,0,0,3,5,0,0,N,N
ACC-10002834,844,0,0,1,0,4,0,0,1,1,0,0,N,N
ACC-10002835,898,0,0,0,0,4,0,0,0,1,0,0,N,N
ACC-10002836,781,0,0,0,0,3,1,0,0,1,0,0,N,T
ACC-10002837,742,1,1,0,D,7,4,1,0,3,1,12,N,N
ACC-10002838,862,0,0,1,0,4,1,0,1,2,0,0,N,N
ACC-10002839,795,0,0,1,0,1,0,0,4,4,0,0,N,N
ACC-10002840,801,0,0,3,0,4,1,0,3,7,0,0,N,N
ACC-10002841,797,0,0,0,0,3,0,0,0,0,0,0,N,N
ACC-10002842,849,0,0,0,0,6,2,0,0,0,0,0,N,T
ACC-10002843,820,0,0,0,0,2,0,0,0,2,0,0,N,N
ACC-10002844,788,0,0,1,0,5,0,0,1,3,0,0,N,N
ACC-10002845,865,0,0,1,0,1,0,0,1,1,0,0,N,N
ACC-10002846,819,0,1,0,1,4,1,0,0,0,0,0,N,N
ACC-10002847,782,0,0,2,0,4,1,0,2,3,0,0,N,N
ACC-10002848,868,1,1,1,D,2,0,1,1,2,1,7,N,N
ACC-10002849,891,0,0,0,0,4,0,0,0,0,0,0,N,N
ACC-10002850,765,0,0,0,0,3,1,0,0,2,0,0,N,N
ACC-10002851,816,1,1,2,D,3,0,1,2,2,1,11,N,N
ACC-10002852,657,1,1,3,D,5,1,1,3,4,1,8,N,N
ACC-10002853,693,1,1,1,D,4,2,1,1,2,1,8,N,N
ACC-10002854,890,0,0,1,0,5,2,0,1,2,0,0,N,N
ACC-10002855,858,0,0,0,0,5,0,0,0,3,0,0,N,N
ACC-10002856,836,0,0,1,0,3,2,0,1,1,0,0,N,N
ACC-10002857,814,0,0,0,N,0,0,0,1,1,0,0,N,N
ACC-10002858,853,1,1,0,D,3,0,1,0,1,1,2,N,N
ACC-10002859,868,0,0,0,0,3,0,0,0,0,0,0,N,N
ACC-10002860,805,0,0,2,0,2,0,0,2,2,0,0,N,N
ACC-10002861,816,0,0,2,0,2,0,0,2,3,0,0,N,N
ACC-10002862,870,0,0,2,0,2,0,0,3,3,0,0,N,N
ACC-10002863,852,0,0,0,0,4,0,0,0,4,0,0,N,T
ACC-10002864,807,0,0,0,0,2,1,0,0,0,0,0,N,N
ACC-10002865,822,0,1,1,1,3,1,0,1,1,0,0,N,N
ACC-10002866,819,1,1,0,D,2,0,2,0,1,1,29,N,N
ACC-10002867,942,0,0,0,0,2,0,0,0,0,0,0,N,N
ACC-10002868,905,0,0,1,0,7,0,0,1,1,0,0,N,N
ACC-10002869,817,0,1,2,3,3,1,1,2,3,0,0,N,N
ACC-10002870,784,0,0,3,0,4,1,0,3,3,0,0,N,N
ACC-10002871,920,0,0,0,N,0,0,0,1,1,0,0,N,N
ACC-10002872,836,0,0,1,0,3,0,0,1,1,0,0,N,N
ACC-10002873,816,0,0,3,0,5,1,0,3,3,0,0,N,N
ACC-10002874,803,0,0,2,0,3,1,0,2,3,0,0,N,N
ACC-10002875,895,0,0,0,0,2,0,0,0,2,0,0,N,N
ACC-10002876,721,1,1,0,D,3,0,1,0,0,1,9,N,N
ACC-10002877,877,0,0,0,0,4,0,0,0,0,0,0,N,N
ACC-10002878,933,0,0,1,0,1,0,0,1,2,0,0,N,N
ACC-10002879,872,1,1,1,D,2,0,1,1,3,1,14,N,N
ACC-10002880,850,0,0,1,0,2,0,0,1,2,0,0,N,N
ACC-10002881,783,0,0,1,0,3,0,0,1,2,0,0,N,N
ACC-10002882,673,0,1,1,1,3,0,0,1,1,0,0,N,N
ACC-10002883,886,0,0,2,0,2,0,0,2,2,0,0,N,N
ACC-10002884,903,0,0,1,0,4,1,0,1,1,0,0,N,N
ACC-10002885,892,0,0,1,0,1,0,0,1,1,0,0,N,N
ACC-10002886,754,0,0,2,0,3,0,0,2,3,0,0,N,N
ACC-10002887,754,1,1,1,D,2,0,1,1,1,1,14,N,N
ACC-10002888,877,0,0,2,0,3,0,0,2,3,0,0,N,N
ACC-10002889,767,0,0,0,0,4,1,0,0,1,0,0,N,N
ACC-10002890,843,0,0,1,0,1,0,0,1,4,0,0,N,N
ACC-10002891,897,0,0,2,0,5,3,0,2,2,0,0,N,N
ACC-10002892,879,0,1,2,3,3,1,1,2,2,0,0,N,N
ACC-10002893,775,0,1,2,1,2,0,0,2,3,0,0,N,N
ACC-10002894,679,1,1,2,D,3,0,1,2,3,1,2,N,N
ACC-10002895,810,0,1,3,1,4,1,0,3,3,0,0,N,N
ACC-10002896,870,0,0,0,0,1,0,0,0,3,0,0,N,N
ACC-10002897,753,0,0,0,0,2,1,0,0,1,0,0,N,N
ACC-10002898,813,0,0,0,N,0,0,0,2,3,0,0,N,N
ACC-10002899,725,1,1,2,D,8,0,1,2,3,1,6,N,T
ACC-10002900,785,0,0,1,0,7,0,0,1,1,0,0,N,N
ACC-10002901,820,0,1,0,1,2,0,0,0,1,0,0,N,N
ACC-10002902,826,0,0,1,0,2,1,0,1,1,0,0,N,N
ACC-10002903,845,1,1,2,D,3,0,1,2,2,1,5,N,N
ACC-10002904,871,1,1,1,D,2,0,1,1,1,1,6,N,N
ACC-10002905,704,0,0,1,0,4,2,0,1,1,0,0,N,N
ACC-10002906,925,0,0,2,0,2,0,0,2,2,0,0,N,N
ACC-10002907,687,0,0,3,0,3,0,0,3,3,0,0,N,N
ACC-10002908,847,0,0,0,0,2,0,0,0,1,0,0,N,N
ACC-10002909,774,0,0,1,0,7,0,0,1,1,0,0,N,T
ACC-10002910,840,0,0,2,0,2,1,0,2,4,0,0,N,N
ACC-10002911,822,0,1,0,1,6,1,0,0,2,0,0,N,N
ACC-10002912,802,0,0,1,0,2,0,0,1,1,0,0,N,N
ACC-10002913,804,0,0,0,N,0,0,0,0,1,0,0,N,T
ACC-10002914,822,0,0,1,0,4,0,0,1,2,0,0,N,N
ACC-10002915,803,0,0,1,0,1,0,0,3,3,0,0,N,N
ACC-10002916,859,0,1,1,1,1,0,0,1,1,0,0,N,N
ACC-10002917,734,1,1,1,D,4,1,1,1,2,1,9,N,N
ACC-10002918,787,0,0,1,0,1,1,0,2,3,0,0,N,N
ACC-10002919,794,0,0,1,0,3,2,0,1,5,0,0,N,N
ACC-10002920,960,0,1,0,1,2,0,0,0,2,0,0,N,N
ACC-10002921,717,0,0,2,0,7,0,0,2,2,0,0,N,N
ACC-10002922,915,0,0,1,0,3,0,0,1,2,0,0,N,N
ACC-10002923,888,0,0,0,0,3,0,0,0,2,0,0,N,N
ACC-10002924,757,1,1,0,D,2,1,1,0,1,1,14,N,N
ACC-10002925,890,0,0,0,0,1,0,0,0,0,0,0,N,N
ACC-10002926,855,0,0,1,0,2,0,0,1,2,0,0,N,N
ACC-10002927,781,0,0,3,0,3,1,0,3,4,0,0,N,N
ACC-10002928,761,0,0,1,0,4,1,0,1,3,0,0,N,N
ACC-10002929,740,1,1,2,D,6,0,1,2,3,1,32,N,N
ACC-10002930,859,0,1,1,1,3,1,0,1,2,0,0,N,N
ACC-10002931,817,0,0,2,0,3,0,0,2,2,0,0,N,N
ACC-10002932,733,0,0,1,0,5,1,0,1,1,0,0,N,N
ACC-10002933,754,0,0,2,0,5,0,0,2,3,0,0,N,N
ACC-10002934,791,0,2,1,1,5,0,0,1,2,0,0,N,N
ACC-10002935,795,0,1,0,1,6,2,0,0,0,0,0,N,N
ACC-10002936,896,0,0,1,0,1,0,0,2,2,0,0,N,N
ACC-10002937,795,0,0,0,0,5,0,0,0,0,0,0,N,N
ACC-10002938,807,0,0,1,0,3,0,0,1,2,0,0,N,N
ACC-10002939,789,0,0,1,0,6,3,0,1,1,0,0,N,N
ACC-10002940,884,0,0,0,N,0,0,0,1,2,0,0,N,N
ACC-10002941,897,0,0,2,0,5,0,0,2,3,0,0,N,N
ACC-10002942,690,0,0,3,0,4,1,0,3,4,0,0,N,N
ACC-10002943,781,0,1,1,1,6,0,0,1,3,0,0,N,N
ACC-10002944,851,0,1,2,1,4,0,0,2,3,0,0,N,N
ACC-10002945,716,0,1,3,3,4,0,1,3,3,0,0,N,N
ACC-10002946,924,0,0,0,N,0,0,0,0,0,0,0,N,N
ACC-10002947,770,0,2,3,1,8,0,0,3,5,0,0,N,N
ACC-10002948,898,0,0,2,0,5,0,0,2,3,0,0,N,N
ACC-10002949,801,1,1,1,D,3,0,1,1,1,1,9,N,N
ACC-10002950,813,0,3,0,1,4,0,0,0,1,0,0,N,N
ACC-10002951,790,0,1,0,1,4,0,0,0,0,0,0,N,N
ACC-10002952,722,0,0,2,0,2,1,0,3,4,0,0,N,N
ACC-10002953,814,0,0,0,0,3,0,0,0,2,0,0,N,N
ACC-10002954,948,0,0,0,N,0,0,0,0,0,0,0,N,N
ACC-10002955,872,0,0,2,0,4,0,0,2,2,0,0,N,N
ACC-10002956,869,0,0,1,0,5,0,0,1,2,0,0,N,N
ACC-10002957,855,0,0,0,0,3,0,0,0,1,0,0,N,N
ACC-10002958,951,0,0,0,0,2,0,0,0,3,0,0,N,N
ACC-10002959,825,0,0,1,0,2,0,0,1,1,0,0,N,N
ACC-10002960,897,0,0,0,0,1,0,0,0,1,0,0,N,N
ACC-10002961,771,1,1,4,D,7,0,1,4,4,1,8,N,N
ACC-10002962,799,0,0,2,0,4,3,0,2,2,0,0,N,N
ACC-10002963,870,0,0,3,0,7,1,0,3,4,0,0,N,N
ACC-10002964,738,1,1,3,D,3,1,2,5,5,1,9,N,N
ACC-10002965,763,0,0,1,0,5,0,0,1,1,0,0,N,T
ACC-10002966,809,0,0,2,0,2,0,0,3,4,0,0,N,N
ACC-10002967,827,0,0,0,0,6,1,0,0,1,0,0,N,N
ACC-10002968,711,1,1,1,D,1,0,1,1,2,1,17,N,T
ACC-10002969,806,0,0,2,0,3,1,0,2,3,0,0,N,N
ACC-10002970,876,0,0,2,0,5,0,0,2,3,0,0,N,N
ACC-10002971,730,0,0,1,0,5,1,0,1,1,0,0,N,N
ACC-10002972,808,0,1,0,3,4,0,1,0,3,0,0,N,N
ACC-10002973,791,0,1,1,1,1,0,0,1,1,0,0,N,N
ACC-10002974,747,1,1,1,D,5,0,1,1,3,1,11,N,N
ACC-10002975,788,0,0,0,0,7,3,0,0,1,0,0,N,N
ACC-10002976,864,0,0,0,0,3,1,0,0,0,0,0,N,N
ACC-10002977,795,0,0,1,0,9,0,0,1,2,0,0,N,N
ACC-10002978,860,0,0,1,0,4,1,0,1,1,0,0,N,N
ACC-10002979,758,0,0,1,0,1,0,0,2,3,0,0,N,N
ACC-10002980,666,0,0,0,N,0,0,0,2,3,0,0,N,N
ACC-10002981,749,0,0,3,0,3,0,0,4,4,0,0,N,N
ACC-10002982,778,0,1,0,1,4,2,0,0,2,0,0,N,N
ACC-10002983,857,0,1,2,1,6,0,0,2,2,0,0,N,N
ACC-10002984,897,0,1,0,3,4,0,2,0,0,0,0,N,N
ACC-10002985,875,0,1,1,1,3,0,0,1,1,0,0,N,T
ACC-10002986,831,0,0,1,0,5,0,0,1,1,0,0,N,N
ACC-10002987,928,0,0,1,0,1,0,0,1,3,0,0,N,N
ACC-10002988,833,0,0,0,0,4,0,0,0,0,0,0,N,N
ACC-10002989,874,0,1,1,1,1,0,0,1,2,0,0,N,N
ACC-10002990,836,0,0,1,0,5,2,0,1,3,0,0,N,N
ACC-10002991,846,0,0,0,N,0,0,0,0,1,0,0,N,N
ACC-10002992,793,1,1,1,D,2,0,1,1,1,2,4,N,N
ACC-10002993,802,0,1,0,3,5,0,1,0,1,0,0,N,N
ACC-10002994,866,0,0,0,N,0,0,0,3,3,0,0,N,N
ACC-10002995,836,0,0,0,0,1,0,0,0,1,0,0,N,N
ACC-10002996,754,1,1,1,D,3,1,1,1,1,1,6,N,N
ACC-10002997,871,0,0,1,0,5,1,0,1,1,0,0,N,N
ACC-10002998,793,0,0,1,0,1,1,0,1,2,0,0,N,N
ACC-10002999,788,0,0,1,0,2,0,0,1,2,0,0,N,N
ACC-10003000,877,0,1,1,1,6,2,0,1,2,0,0,N,N
ACC-10003001,765,0,1,1,1,3,1,0,1,1,0,0,N,N
ACC-10003002,839,0,0,1,0,1,0,0,1,1,0,0,N,N
ACC-10003003,819,0,0,1,0,2,0,0,1,2,0,0,N,N
ACC-10003004,814,0,1,2,1,6,0,0,2,3,0,0,N,N
ACC-10003005,830,0,0,0,0,4,0,0,0,0,0,0,N,N
ACC-10003006,897,0,0,0,0,4,1,0,0,0,0,0,N,N
ACC-10003007,759,0,0,0,0,1,0,0,0,0,0,0,N,N
ACC-10003008,840,0,0,1,0,2,0,0,1,4,0,0,N,N
ACC-10003009,907,0,0,1,0,1,0,0,1,2,0,0,N,N
ACC-10003010,736,0,0,3,0,4,0,0,3,5,0,0,N,N
ACC-10003011,836,0,0,1,0,1,0,0,1,2,0,0,N,N
ACC-10003012,723,0,0,3,0,3,0,0,3,3,0,0,N,N
ACC-10003013,785,0,0,2,0,3,2,0,2,3,0,0,N,N
ACC-10003014,754,0,0,2,0,2,1,0,3,3,0,0,N,N
ACC-10003015,680,0,1,2,1,2,1,0,2,2,0,0,N,N
ACC-10003016,767,0,0,3,0,4,0,0,3,4,0,0,N,N
ACC-10003017,803,0,0,1,0,3,0,0,1,2,0,0,N,N
ACC-10003018,840,0,0,3,0,3,0,0,3,3,0,0,N,N
ACC-10003019,756,0,0,2,0,4,1,0,2,2,0,0,N,N
ACC-10003020,813,0,1,2,1,2,0,0,2,2,0,0,N,N
ACC-10003021,748,0,1,2,1,2,0,0,2,2,0,0,N,N
ACC-10003022,762,0,1,1,1,2,0,0,1,1,0,0,N,N
ACC-10003023,895,0,0,2,0,4,0,0,2,2,0,0,N,N
ACC-10003024,770,0,0,4,0,5,0,0,4,4,0,0,N,N
ACC-10003025,911,0,0,1,0,5,0,0,1,2,0,0,N,N
ACC-10003026,820,0,0,0,0,3,0,0,0,2,0,0,N,N
ACC-10003027,790,0,0,1,0,5,0,0,1,2,0,0,N,N
ACC-10003028,738,0,0,0,0,3,0,0,0,0,0,0,N,N
ACC-10003029,865,0,0,1,0,3,0,0,1,1,0,0,N,N
ACC-10003030,818,0,1,1,1,3,0,0,1,2,0,0,N,T
ACC-10003031,805,0,1,1,1,6,1,0,1,1,0,0,N,N
ACC-10003032,817,0,1,0,1,8,1,0,0,1,0,0,N,N
ACC-10003033,771,1,1,1,D,2,0,1,1,1,1,1,N,N
ACC-10003034,941,0,0,1,0,6,0,0,1,2,0,0,N,N
ACC-10003035,905,0,0,0,0,3,0,0,0,0,0,0,N,N
ACC-10003036,886,0,1,0,1,2,0,0,0,1,0,0,N,N
ACC-10003037,840,0,0,1,0,4,0,0,1,1,0,0,N,N
ACC-10003038,779,0,0,4,0,6,1,0,4,4,0,0,N,N
ACC-10003039,889,0,0,1,0,4,0,0,1,2,0,0,N,N
ACC-10003040,777,0,0,0,0,5,0,0,0,1,0,0,N,N
ACC-10003041,812,0,0,0,0,1,0,0,0,0,0,0,N,N
ACC-10003042,696,0,0,2,0,4,0,0,2,3,0,0,N,T
ACC-10003043,832,0,0,1,0,1,0,0,1,4,0,0,N,N
ACC-10003044,779,0,1,1,3,2,0,1,1,2,0,0,N,N
ACC-10003045,830,0,0,0,0,6,1,0,0,0,0,0,N,N
ACC-10003046,853,0,0,0,0,5,3,0,0,1,0,0,N,N
ACC-10003047,704,0,0,3,0,4,0,0,3,3,0,0,N,T
ACC-10003048,836,0,1,2,1,4,1,0,2,3,0,0,N,N
ACC-10003049,902,0,0,1,0,3,0,0,1,2,0,0,N,N
ACC-10003050,913,0,0,0,N,0,0,0,1,2,0,0,N,N
ACC-10003051,837,0,0,0,0,3,0,0,0,0,0,0,N,N
ACC-10003052,883,0,0,1,0,2,0,0,1,2,0,0,N,N
ACC-10003053,847,0,0,1,0,1,1,0,1,2,0,0,N,N
ACC-10003054,861,0,0,1,0,4,1,0,1,3,0,0,N,N
ACC-10003055,903,0,0,1,0,1,0,0,1,1,0,0,N,N
ACC-10003056,674,1,2,1,D,2,0,1,1,2,1,5,N,N
ACC-10003057,880,0,0,1,0,4,1,0,1,1,0,0,N,N
ACC-10003058,830,0,0,3,0,4,0,0,3,3,0,0,N,N
ACC-10003059,839,0,1,2,1,4,0,0,2,4,0,0,N,N
ACC-10003060,865,0,1,2,1,5,0,0,2,2,0,0,N,N
ACC-10003061,821,0,0,0,0,1,0,0,0,0,0,0,N,N
ACC-10003062,945,0,0,0,0,1,0,0,0,1,0,0,N,N
ACC-10003063,933,0,0,2,0,4,0,0,2,3,0,0,N,N
ACC-10003064,739,0,0,3,0,3,0,0,3,5,0,0,N,N
ACC-10003065,742,0,0,2,0,2,0,0,3,4,0,0,N,N
ACC-10003066,835,0,1,1,3,3,0,1,1,4,0,0,N,N
ACC-10003067,879,0,0,1,0,2,1,0,1,1,0,0,N,T
ACC-10003068,959,0,0,1,0,5,1,0,1,2,0,0,N,N
ACC-10003069,906,0,0,0,0,3,0,0,0,0,0,0,N,N
ACC-10003070,631,0,2,1,1,5,1,0,1,3,0,0,N,N
ACC-10003071,776,0,0,2,0,3,1,0,2,2,0,0,N,N
ACC-10003072,782,0,1,0,1,2,0,0,0,1,0,0,N,N
ACC-10003073,706,0,0,1,0,1,0,0,3,3,0,0,N,N
ACC-10003074,959,0,0,0,0,2,0,0,0,1,0,0,N,N
ACC-10003075,819,0,0,2,0,2,0,0,2,2,0,0,N,N
ACC-10003076,767,0,0,3,0,3,0,0,3,6,0,0,N,N
ACC-10003077,858,0,0,1,0,1,0,0,2,5,0,0,N,N
ACC-10003078,927,0,0,0,0,3,0,0,0,0,0,0,N,N
ACC-10003079,909,0,0,2,0,2,1,0,2,2,0,0,N,N
ACC-10003080,881,0,0,0,0,3,0,0,0,1,0,0,N,N
ACC-10003081,723,1,1,1,D,1,0,1,3,4,1,4,N,N
ACC-10003082,869,0,0,2,0,3,0,0,2,2,0,0,N,N
ACC-10003083,869,0,0,2,0,5,2,0,2,6,0,0,N,N
ACC-10003084,797,0,0,2,0,3,1,0,2,3,0,0,N,N
ACC-10003085,866,0,2,0,1,3,1,0,0,1,0,0,N,N
ACC-10003086,821,0,0,0,0,3,0,0,0,1,0,0,N,N
ACC-10003087,949,0,0,0,0,3,0,0,0,1,0,0,N,N
ACC-10003088,854,0,0,1,0,5,0,0,1,4,0,0,N,N
ACC-10003089,826,0,0,2,0,2,1,0,3,3,1,32,N,N
ACC-10003090,878,0,0,1,0,2,1,0,1,1,0,0,N,N
ACC-10003091,877,0,0,1,0,3,0,0,1,1,0,0,N,N
ACC-10003092,826,0,0,1,0,4,0,0,1,4,0,0,N,N
ACC-10003093,906,0,0,1,0,4,0,0,1,2,0,0,N,N
ACC-10003094,851,0,0,1,0,2,0,0,1,1,0,0,N,N
ACC-10003095,790,0,0,1,0,1,0,0,1,1,0,0,N,N
ACC-10003096,735,0,0,4,0,4,0,0,4,6,0,0,N,N
ACC-10003097,788,0,1,3,1,3,0,0,4,4,0,0,N,N
ACC-10003098,795,0,0,0,0,1,0,0,0,0,0,0,N,N
ACC-10003099,955,0,0,0,0,1,0,0,0,0,0,0,N,N
ACC-10003100,924,0,0,1,0,3,0,0,1,2,0,0,N,N
ACC-10003101,798,0,0,3,0,6,0,0,3,3,0,0,N,N
ACC-10003102,856,0,1,0,1,4,0,0,0,2,0,0,N,N
ACC-10003103,914,0,0,0,0,6,1,0,0,1,0,0,N,N
ACC-10003104,781,0,0,2,0,3,0,0,2,2,0,0,N,T
ACC-10003105,933,0,0,0,0,1,1,0,0,0,0,0,N,N
ACC-10003106,777,0,0,1,0,2,0,0,1,1,0,0,N,N
ACC-10003107,799,0,0,0,0,3,1,0,0,0,0,0,N,N
ACC-10003108,728,0,0,1,0,1,1,0,3,4,0,0,N,N
ACC-10003109,766,0,0,0,0,3,0,0,0,0,0,0,N,T
ACC-10003110,829,0,0,1,0,2,0,0,1,2,0,0,N,T
ACC-10003111,744,0,0,3,0,3,1,0,3,4,0,0,N,N
ACC-10003112,800,0,0,0,0,7,1,0,0,2,0,0,N,N
ACC-10003113,805,0,0,0,0,4,0,0,0,2,0,0,N,N
ACC-10003114,877,0,1,0,1,2,0,0,0,0,0,0,N,N
ACC-10003115,957,0,0,0,N,0,0,0,1,1,0,0,N,N
ACC-10003116,885,0,0,1,0,2,0,0,1,5,0,0,N,N
ACC-10003117,777,0,0,0,N,0,0,0,4,4,0,0,N,T
ACC-10003118,828,0,1,1,3,2,0,1,1,4,0,0,N,N
ACC-10003119,859,0,0,1,0,4,0,0,1,2,0,0,N,N
ACC-10003120,768,1,1,1,D,4,2,1,1,1,1,17,N,N
ACC-10003121,959,0,0,0,0,6,0,0,0,0,0,0,N,N
ACC-10003122,797,0,0,1,0,1,0,0,1,2,0,0,N,N
ACC-10003123,921,0,0,1,0,2,0,0,1,1,0,0,N,N
ACC-10003124,918,0,0,0,0,6,1,0,0,0,0,0,N,N
ACC-10003125,827,0,0,1,0,5,0,0,1,1,0,0,N,N
ACC-10003126,726,0,1,1,1,1,0,0,1,3,0,0,N,T
ACC-10003127,848,0,0,1,0,2,1,0,1,2,0,0,N,N
ACC-10003128,829,0,0,1,0,5,0,0,1,1,0,0,N,N
ACC-10003129,889,0,0,1,0,1,0,0,1,2,0,0,N,N
ACC-10003130,884,0,0,0,0,4,0,0,0,1,0,0,N,N
ACC-10003131,756,0,1,1,1,1,0,0,1,2,0,0,N,T
ACC-10003132,803,0,0,0,0,2,1,0,0,0,0,0,N,N
ACC-10003133,780,0,0,0,0,3,1,0,0,0,0,0,N,N
ACC-10003134,781,0,0,1,0,3,0,0,1,1,0,0,N,T
ACC-10003135,752,0,0,0,N,0,0,0,2,3,0,0,N,N
ACC-10003136,832,0,0,2,0,5,1,0,2,3,0,0,N,N
ACC-10003137,723,0,0,2,0,4,0,0,2,3,0,0,N,T
ACC-10003138,843,0,0,1,0,5,0,0,1,1,0,0,N,N
ACC-10003139,989,0,0,1,0,3,0,0,1,2,0,0,N,N
ACC-10003140,825,0,1,0,1,4,2,0,0,0,0,0,N,T
ACC-10003141,939,0,0,1,0,1,0,0,2,2,0,0,N,N
ACC-10003142,773,0,1,2,3,4,0,1,2,2,0,0,N,N
ACC-10003143,754,0,1,2,1,3,1,0,2,2,0,0,N,N
ACC-10003144,819,0,0,1,0,2,1,0,1,2,0,0,N,N
ACC-10003145,826,0,0,1,0,5,1,0,1,2,0,0,N,N
ACC-10003146,769,0,1,2,3,2,0,1,4,4,0,0,N,N
ACC-10003147,863,0,0,1,0,2,0,0,1,2,0,0,N,N
ACC-10003148,876,0,0,0,N,0,0,0,0,0,0,0,N,N
ACC-10003149,727,1,1,2,D,5,0,2,2,2,1,16,N,N
ACC-10003150,812,0,0,0,0,2,0,0,0,1,0,0,N,T
ACC-10003151,886,0,0,0,0,4,0,0,0,0,0,0,N,N
ACC-10003152,836,0,0,0,0,3,0,0,0,1,0,0,N,N
ACC-10003153,836,0,0,2,0,6,0,0,2,2,0,0,N,N
ACC-10003154,818,0,0,3,0,3,0,0,3,5,0,0,N,N
ACC-10003155,788,0,0,2,0,2,0,0,2,2,0,0,N,N
ACC-10003156,697,0,1,1,1,1,0,0,2,3,0,0,N,N
ACC-10003157,962,0,0,0,0,6,0,0,0,1,0,0,N,N
ACC-10003158,860,0,0,1,0,2,0,0,1,2,0,0,N,T
ACC-10003159,887,0,0,1,0,3,0,0,1,3,0,0,N,N
ACC-10003160,883,0,0,1,0,3,0,0,1,2,0,0,N,N
ACC-10003161,821,0,0,0,0,4,0,0,0,1,0,0,N,N
ACC-10003162,764,0,0,2,0,3,0,0,2,3,0,0,N,N
ACC-10003163,838,0,0,0,0,3,0,0,0,1,0,0,N,N
ACC-10003164,815,0,1,2,1,5,1,0,2,2,0,0,N,N
ACC-10003165,845,0,0,1,0,4,1,0,1,1,0,0,N,N
ACC-10003166,788,0,0,4,0,4,0,0,6,6,0,0,N,N
ACC-10003167,848,0,0,0,0,2,1,0,0,0,0,0,N,N
ACC-10003168,866,0,0,1,0,4,0,0,1,4,0,0,N,N
ACC-10003169,923,0,1,0,1,1,0,0,0,2,0,0,N,N
ACC-10003170,874,0,0,0,0,4,2,0,0,1,0,0,N,N
ACC-10003171,847,0,0,0,0,4,0,0,0,1,0,0,N,N
ACC-10003172,724,0,1,0,1,6,3,0,0,1,0,0,N,N
ACC-10003173,782,0,0,1,0,4,0,0,1,2,0,0,N,N
ACC-10003174,853,0,0,2,0,7,0,0,2,2,0,0,N,N
ACC-10003175,835,0,0,2,0,2,0,0,2,4,0,0,N,N
ACC-10003176,823,0,0,2,0,2,1,0,3,3,0,0,N,N
ACC-10003177,799,0,0,1,0,1,0,0,1,2,0,0,N,N
ACC-10003178,764,0,0,2,0,2,0,0,3,4,0,0,N,N
ACC-10003179,895,0,0,1,0,2,0,0,1,2,0,0,N,N
ACC-10003180,808,0,1,2,1,2,0,0,3,4,0,0,N,N
ACC-10003181,684,0,1,1,1,8,1,0,1,1,0,0,N,N
ACC-10003182,762,0,0,3,0,5,1,0,3,3,0,0,N,N
ACC-10003183,867,0,1,1,1,4,0,0,1,1,0,0,N,N
ACC-10003184,824,0,0,1,0,7,0,0,1,2,0,0,N,T
ACC-10003185,787,0,0,3,0,3,0,0,3,3,0,0,N,N
ACC-10003186,888,0,0,0,0,5,0,0,0,0,0,0,N,T
ACC-10003187,788,0,0,1,0,1,0,0,2,2,0,0,N,N
ACC-10003188,956,0,0,1,0,3,0,0,1,2,0,0,N,N
ACC-10003189,901,0,1,1,1,3,1,0,1,1,0,0,N,N
ACC-10003190,788,0,1,0,1,6,0,0,0,0,0,0,N,N
ACC-10003191,885,0,0,1,0,2,0,0,1,2,0,0,N,N
ACC-10003192,751,0,0,1,0,1,1,0,4,5,0,0,N,N
ACC-10003193,934,0,0,1,0,2,0,0,1,3,0,0,N,N
ACC-10003194,956,0,0,3,0,4,1,0,3,3,0,0,N,N
ACC-10003195,830,0,0,0,0,5,0,0,0,2,0,0,N,N
ACC-10003196,869,0,0,1,0,1,0,0,3,4,0,0,N,N
ACC-10003197,801,0,0,1,0,6,0,0,1,2,0,0,N,T
ACC-10003198,912,0,0,0,0,1,1,0,0,1,0,0,N,N
ACC-10003199,968,0,0,0,0,2,0,0,0,1,0,0,N,N
ACC-10003200,740,0,0,3,0,3,1,0,4,6,0,0,N,N
ACC-10003201,849,0,0,1,0,6,0,0,1,1,0,0,N,T
ACC-10003202,811,0,0,2,0,2,0,0,3,4,0,0,N,N
ACC-10003203,936,0,0,2,0,3,0,0,2,4,0,0,N,N
ACC-10003204,771,0,0,0,N,0,0,0,1,2,0,0,N,N
ACC-10003205,888,0,1,1,1,5,0,0,1,1,0,0,N,N
ACC-10003206,790,0,1,0,1,3,0,0,0,1,0,0,N,N
ACC-10003207,681,0,3,1,1,3,1,0,1,1,0,0,N,N
ACC-10003208,833,0,0,0,0,1,0,0,0,0,0,0,N,N
ACC-10003209,717,0,0,0,N,0,0,0,1,3,0,0,N,N
ACC-10003210,728,0,2,0,1,4,0,0,0,0,0,0,N,N
ACC-10003211,867,0,0,1,0,5,0,0,1,2,0,0,N,N
ACC-10003212,746,0,0,0,N,0,0,0,0,3,0,0,N,N
ACC-10003213,868,0,0,0,0,2,0,0,0,0,0,0,N,N
ACC-10003214,850,0,0,0,0,5,1,0,0,1,0,0,N,N
ACC-10003215,796,0,0,1,0,1,0,0,1,2,0,0,N,N
ACC-10003216,885,0,0,2,0,2,0,0,2,2,1,6,N,N
ACC-10003217,719,1,1,1,D,5,1,1,1,1,1,22,N,N
ACC-10003218,744,0,2,2,3,4,1,1,2,2,0,0,N,N
ACC-10003219,757,0,0,1,0,2,0,0,1,1,0,0,N,T
ACC-10003220,797,0,0,2,0,4,0,0,2,3,0,0,N,N
ACC-10003221,740,0,2,1,1,4,1,0,1,3,0,0,N,N
ACC-10003222,806,0,1,1,1,1,0,0,1,3,0,0,N,N
ACC-10003223,918,0,0,1,0,2,0,0,1,1,0,0,N,N
ACC-10003224,723,0,1,0,1,2,0,0,0,3,0,0,N,N
ACC-10003225,866,0,0,1,0,3,0,0,1,1,0,0,N,N
ACC-10003226,632,0,1,2,3,3,1,1,2,2,0,0,N,T
ACC-10003227,788,0,0,0,0,6,2,0,0,1,0,0,N,N
ACC-10003228,866,0,0,2,0,2,0,0,2,3,0,0,N,N
ACC-10003229,862,0,0,0,0,1,1,0,0,2,0,0,N,N
ACC-10003230,833,0,0,0,0,6,0,0,0,1,0,0,N,N
ACC-10003231,765,0,0,1,0,3,1,0,1,3,0,0,N,N
ACC-10003232,872,0,0,1,0,3,0,0,1,2,0,0,N,N
ACC-10003233,828,0,0,2,0,4,0,0,2,2,0,0,N,N
ACC-10003234,830,0,0,0,0,5,1,0,0,0,0,0,N,N
ACC-10003235,909,0,0,0,0,4,0,0,0,1,0,0,N,N
ACC-10003236,862,0,0,1,0,1,0,0,1,1,0,0,N,N
ACC-10003237,778,0,0,1,0,5,0,0,1,1,0,0,N,N
ACC-10003238,835,0,0,2,0,2,0,0,3,3,0,0,N,N
ACC-10003239,886,0,0,1,0,3,0,0,1,1,0,0,N,N
ACC-10003240,897,0,0,3,0,6,0,0,3,3,0,0,N,N
ACC-10003241,842,0,0,1,0,1,0,0,1,3,0,0,N,N
ACC-10003242,800,0,0,1,0,2,0,0,1,1,0,0,N,N
ACC-10003243,797,0,0,0,0,3,0,0,0,3,0,0,N,N
ACC-10003244,876,0,0,0,0,6,1,0,0,0,0,0,N,N
ACC-10003245,839,0,0,0,0,3,0,0,0,1,0,0,N,N
ACC-10003246,863,0,0,0,0,4,0,0,0,1,0,0,N,N
ACC-10003247,828,0,1,1,1,5,0,0,1,1,0,0,N,N
ACC-10003248,819,0,0,0,N,0,0,0,1,3,0,0,N,N
ACC-10003249,847,0,0,0,0,4,2,0,0,0,0,0,N,N
ACC-10003250,774,0,0,1,0,1,1,0,1,3,0,0,N,N
ACC-10003251,815,0,0,1,0,1,0,0,3,3,0,0,N,N
ACC-10003252,708,0,1,2,1,2,0,0,2,2,0,0,N,N
ACC-10003253,753,1,2,0,D,1,0,1,0,1,1,3,N,N
ACC-10003254,767,0,0,0,0,2,0,0,0,1,0,0,N,T
ACC-10003255,913,0,0,1,0,1,0,0,2,6,0,0,N,N
ACC-10003256,827,0,0,1,0,2,0,0,1,2,0,0,N,N
ACC-10003257,836,0,0,2,0,7,0,0,2,3,0,0,N,N
ACC-10003258,827,0,0,0,0,3,0,0,0,0,0,0,N,N
ACC-10003259,914,0,0,1,0,3,1,0,1,1,0,0,N,N
ACC-10003260,682,1,1,1,D,5,0,2,1,2,1,12,N,T
ACC-10003261,838,0,0,0,0,1,0,0,0,0,0,0,N,N
ACC-10003262,850,0,0,1,0,3,1,0,1,1,0,0,N,N
ACC-10003263,895,0,0,1,0,6,0,0,1,2,0,0,N,N
ACC-10003264,902,0,0,1,0,8,2,0,1,2,0,0,N,N
ACC-10003265,799,1,1,0,D,1,0,1,0,0,1,1,N,N
ACC-10003266,900,0,0,0,0,2,0,0,0,0,0,0,N,N
ACC-10003267,702,1,3,2,D,3,1,1,2,2,1,6,N,N
ACC-10003268,840,0,0,1,0,3,0,0,1,2,0,0,N,N
ACC-10003269,747,0,1,2,1,2,0,0,2,2,0,0,N,N
ACC-10003270,784,0,0,2,0,2,0,0,2,3,0,0,N,N
ACC-10003271,830,0,0,1,0,3,0,0,1,2,0,0,N,N
ACC-10003272,790,0,0,1,0,1,0,0,1,1,0,0,N,N
ACC-10003273,843,0,0,1,0,5,0,0,1,1,0,0,N,N
ACC-10003274,852,0,0,0,N,0,0,0,0,2,0,0,N,N
ACC-10003275,875,0,0,2,0,5,0,0,2,2,0,0,N,N
ACC-10003276,768,0,2,1,1,3,0,0,1,1,0,0,N,N
ACC-10003277,867,0,0,1,0,2,0,0,1,2,0,0,N,N
ACC-10003278,755,1,1,1,D,7,0,1,1,2,1,4,N,N
ACC-10003279,804,0,0,1,0,3,0,0,1,1,0,0,N,N
ACC-10003280,921,0,1,1,1,3,0,0,1,2,0,0,N,N
ACC-10003281,770,1,1,3,D,3,0,1,3,3,1,4,N,N
ACC-10003282,826,0,1,2,1,2,1,0,3,3,0,0,N,N
ACC-10003283,846,0,0,2,0,4,0,0,2,3,0,0,N,N
ACC-10003284,779,0,0,1,0,1,0,0,1,1,0,0,N,N
ACC-10003285,931,0,0,1,0,2,0,0,1,1,0,0,N,N
ACC-10003286,851,0,0,0,0,4,2,0,0,3,0,0,N,N
ACC-10003287,852,0,0,1,0,5,1,0,1,1,0,0,N,N
ACC-10003288,807,0,1,2,1,2,0,0,2,4,0,0,N,N
ACC-10003289,888,0,1,2,1,2,0,0,4,4,0,0,N,N
ACC-10003290,872,0,0,0,0,3,1,0,0,0,0,0,N,N
ACC-10003291,860,0,0,1,0,5,0,0,1,2,0,0,N,N
ACC-10003292,884,0,0,1,0,1,0,0,2,2,0,0,N,N
ACC-10003293,821,0,0,1,0,4,1,0,1,5,0,0,N,N
ACC-10003294,867,0,0,1,0,1,0,0,2,4,0,0,N,N
ACC-10003295,846,0,1,0,1,1,0,0,0,0,0,0,N,N
ACC-10003296,780,0,0,1,0,7,2,0,1,1,0,0,N,N
ACC-10003297,970,0,0,2,0,5,1,0,2,2,0,0,N,N
ACC-10003298,859,0,0,3,0,3,1,0,3,3,0,0,N,N
ACC-10003299,873,0,0,2,0,6,1,0,2,3,0,0,N,N
ACC-10003300,825,0,0,0,0,4,1,0,0,0,0,0,N,N
ACC-10003301,696,0,0,2,0,2,0,0,2,2,0,0,N,N
ACC-10003302,878,0,0,1,0,5,1,0,1,3,0,0,N,N
ACC-10003303,826,0,1,0,3,3,0,1,0,2,0,0,N,N
ACC-10003304,757,0,0,1,0,1,0,0,4,6,0,0,N,N
ACC-10003305,866,0,0,1,0,4,1,0,1,2,0,0,N,N
ACC-10003306,901,0,0,1,0,2,1,0,1,1,0,0,N,N
ACC-10003307,864,0,1,0,1,2,0,0,0,2,0,0,N,N
ACC-10003308,823,0,1,1,1,1,0,0,1,2,0,0,N,N
ACC-10003309,817,0,0,1,0,4,0,0,1,2,0,0,N,N
ACC-10003310,720,0,1,1,1,6,2,0,1,2,0,0,N,N
ACC-10003311,761,0,0,1,0,2,2,0,1,1,0,0,N,N
ACC-10003312,825,0,1,0,1,3,0,0,0,1,0,0,N,T
ACC-10003313,804,0,0,2,0,3,0,0,2,2,0,0,N,N
ACC-10003314,939,0,0,0,0,1,0,0,0,0,0,0,N,N
ACC-10003315,831,0,0,2,0,5,0,0,2,2,0,0,N,N
ACC-10003316,864,0,0,2,0,5,0,0,2,5,0,0,N,N
ACC-10003317,891,0,0,0,0,7,0,0,0,0,0,0,N,N
ACC-10003318,825,0,0,2,0,3,1,0,2,2,0,0,N,N
ACC-10003319,820,0,0,2,0,4,0,0,2,3,0,0,N,N
ACC-10003320,803,0,0,1,0,5,3,0,1,2,0,0,N,N
ACC-10003321,741,1,1,1,D,4,0,1,1,2,1,14,N,N
ACC-10003322,946,0,0,2,0,4,0,0,2,2,0,0,N,N
ACC-10003323,864,0,0,1,0,1,0,0,4,4,0,0,N,N
ACC-10003324,891,0,0,1,0,1,0,0,1,3,0,0,N,N
ACC-10003325,865,0,0,1,0,1,0,0,1,1,0,0,N,N
ACC-10003326,809,0,1,0,3,4,0,2,0,0,0,0,N,N
ACC-10003327,868,0,1,1,1,5,1,0,1,1,0,0,N,N
ACC-10003328,834,0,0,1,0,3,0,0,1,1,0,0,N,N
ACC-10003329,792,0,1,0,1,6,0,0,0,0,0,0,N,N
ACC-10003330,796,0,0,2,0,3,0,0,2,3,0,0,N,N
ACC-10003331,804,0,1,0,1,1,0,0,0,1,0,0,N,N
ACC-10003332,799,0,0,2,0,3,0,0,2,5,0,0,N,N
ACC-10003333,806,0,0,1,0,6,2,0,1,2,0,0,N,N
ACC-10003334,809,0,0,1,0,1,0,0,1,3,0,0,N,N
ACC-10003335,888,0,0,1,0,3,0,0,1,1,1,27,N,N
ACC-10003336,955,0,0,0,0,1,0,0,0,1,0,0,N,N
ACC-10003337,901,0,0,1,0,1,0,0,1,1,0,0,N,N
ACC-10003338,883,0,0,2,0,2,0,0,2,2,0,0,N,T
ACC-10003339,886,0,0,0,0,5,1,0,0,3,0,0,N,N
ACC-10003340,883,0,0,0,0,4,0,0,0,0,0,0,N,N
ACC-10003341,689,1,1,1,D,3,0,1,1,2,1,10,N,N
ACC-10003342,857,0,0,1,0,2,1,0,1,1,0,0,N,N
ACC-10003343,833,0,0,2,0,2,0,0,2,2,0,0,N,N
ACC-10003344,760,0,1,1,1,1,0,0,2,3,0,0,N,N
ACC-10003345,854,0,1,0,1,2,0,0,0,0,0,0,N,N
ACC-10003346,710,0,0,1,0,6,1,0,1,1,0,0,N,N
ACC-10003347,811,0,1,1,1,1,0,0,1,1,0,0,N,N
ACC-10003348,882,0,0,2,0,2,0,0,2,2,0,0,N,N
ACC-10003349,840,0,0,0,0,5,0,0,0,1,0,0,N,N
ACC-10003350,773,0,1,4,1,5,1,0,4,4,1,3,N,N
ACC-10003351,774,1,1,0,D,3,0,1,0,0,1,3,N,N
ACC-10003352,814,0,1,3,3,4,0,1,3,3,0,0,N,N
ACC-10003353,741,0,0,1,0,2,0,0,1,1,0,0,N,N
ACC-10003354,765,0,0,2,0,5,0,0,2,5,0,0,N,N
ACC-10003355,804,0,0,1,0,5,1,0,1,1,0,0,N,N
ACC-10003356,902,0,0,1,0,3,0,0,1,2,0,0,N,N
ACC-10003357,754,0,0,1,0,4,0,0,1,1,0,0,N,N
ACC-10003358,783,0,0,3,0,5,0,0,3,5,0,0,N,T
ACC-10003359,900,0,0,1,0,7,0,0,1,1,0,0,N,N
ACC-10003360,856,0,0,2,0,3,2,0,2,2,0,0,N,N
ACC-10003361,893,0,0,2,0,5,0,0,2,3,0,0,N,N
ACC-10003362,740,1,2,3,D,3,0,2,5,5,1,48,N,N
ACC-10003363,797,1,1,1,D,1,0,1,2,3,1,29,N,N
ACC-10003364,771,0,1,0,1,1,0,0,0,2,0,0,N,N
ACC-10003365,776,0,1,1,1,4,1,0,1,2,0,0,N,N
ACC-10003366,776,0,0,3,0,6,1,0,3,3,0,0,N,N
ACC-10003367,875,0,1,1,1,3,0,0,1,3,0,0,N,N
ACC-10003368,883,0,0,0,0,4,0,0,0,0,0,0,N,N
ACC-10003369,821,1,1,0,D,6,0,1,0,1,1,10,N,N
ACC-10003370,887,0,0,3,0,3,0,0,4,5,0,0,N,N
ACC-10003371,894,0,0,1,0,5,2,0,1,2,0,0,N,N
ACC-10003372,791,0,0,2,0,6,0,0,2,3,0,0,N,N
ACC-10003373,678,2,2,0,D,4,0,3,0,2,2,4,N,N
ACC-10003374,833,0,0,2,0,4,1,0,2,2,0,0,N,N
ACC-10003375,818,0,0,0,0,7,1,0,0,2,0,0,N,N
ACC-10003376,816,0,1,1,3,3,1,1,1,3,0,0,N,N
ACC-10003377,862,0,0,0,0,5,0,0,0,0,1,10,N,T
ACC-10003378,785,0,0,1,0,3,1,0,1,2,0,0,N,N
ACC-10003379,868,0,0,1,0,1,0,0,1,2,0,0,N,N
ACC-10003380,784,0,0,3,0,3,0,0,3,4,0,0,N,N
ACC-10003381,807,0,1,0,1,4,2,0,0,1,0,0,N,N
ACC-10003382,863,0,0,1,0,3,0,0,1,3,0,0,N,N
ACC-10003383,813,0,0,1,0,1,0,0,2,2,0,0,N,N
ACC-10003384,857,0,0,0,N,0,0,0,3,4,0,0,N,N
ACC-10003385,763,1,1,0,D,3,1,1,0,4,1,11,N,N
ACC-10003386,782,0,1,1,1,1,0,0,2,2,0,0,N,N
ACC-10003387,907,0,0,0,0,6,0,0,0,0,0,0,N,T
ACC-10003388,907,0,0,2,0,3,0,0,2,3,0,0,N,N
ACC-10003389,827,0,0,1,0,1,0,0,2,2,0,0,N,N
ACC-10003390,893,0,0,0,0,2,0,0,0,0,0,0,N,N
ACC-10003391,816,0,1,0,1,4,1,0,0,0,0,0,N,N
ACC-10003392,857,0,1,0,3,5,0,1,0,2,1,5,N,N
ACC-10003393,850,0,0,0,0,1,0,0,0,0,0,0,N,N
ACC-10003394,844,0,0,2,0,3,0,0,2,2,0,0,N,N
ACC-10003395,832,0,0,1,0,2,1,0,1,1,0,0,N,N
ACC-10003396,863,0,0,2,0,4,0,0,2,2,0,0,N,N
ACC-10003397,791,0,1,1,1,4,1,0,1,1,0,0,N,N
ACC-10003398,744,1,1,1,D,2,1,1,1,1,1,8,N,N
ACC-10003399,907,0,0,1,0,1,0,0,2,3,0,0,N,N
ACC-10003400,820,0,0,2,0,5,1,0,2,3,0,0,N,N
ACC-10003401,883,0,0,2,0,2,0,0,3,3,0,0,N,N
ACC-10003402,857,0,0,1,0,7,3,0,1,4,0,0,N,N
ACC-10003403,868,0,0,1,0,4,1,0,1,2,0,0,N,N
ACC-10003404,793,0,1,4,3,6,0,1,4,5,0,0,N,N
ACC-10003405,763,0,0,0,0,4,1,0,0,2,1,4,N,N
ACC-10003406,823,0,1,1,1,4,0,0,1,2,0,0,N,N
ACC-10003407,819,0,0,1,0,4,0,0,1,1,0,0,N,N
ACC-10003408,793,0,0,2,0,3,1,0,2,3,0,0,N,N
ACC-10003409,901,0,0,0,0,3,0,0,0,0,0,0,N,N
ACC-10003410,691,0,0,1,0,1,0,0,1,1,0,0,N,N
ACC-10003411,883,0,1,0,1,0,0,0,0,0,0,0,N,N
ACC-10003412,861,1,1,0,D,4,0,1,0,1,1,5,N,N
ACC-10003413,758,0,0,2,0,2,1,0,2,2,0,0,N,N
ACC-10003414,881,0,0,0,0,4,0,0,0,0,0,0,N,N
ACC-10003415,838,0,0,1,0,5,0,0,1,1,0,0,N,N
ACC-10003416,736,0,1,2,3,7,1,1,2,2,0,0,N,N
ACC-10003417,790,0,0,1,0,1,0,0,1,4,0,0,N,N
ACC-10003418,799,0,0,0,0,4,1,0,0,0,0,0,N,N
ACC-10003419,780,0,0,1,0,1,0,0,1,1,0,0,N,N
ACC-10003420,819,1,1,2,D,3,0,1,2,2,1,9,N,N
ACC-10003421,786,0,0,0,0,2,1,0,0,0,0,0,N,N
ACC-10003422,793,0,0,2,0,4,0,0,2,3,0,0,N,N
ACC-10003423,801,0,0,0,N,0,0,0,4,4,0,0,N,N
ACC-10003424,855,0,0,1,0,2,0,0,1,1,0,0,N,N
ACC-10003425,810,0,0,3,0,3,0,0,3,3,0,0,N,N
ACC-10003426,819,0,1,0,3,3,1,1,0,0,0,0,N,N
ACC-10003427,933,0,0,0,0,1,0,0,0,0,0,0,N,N
ACC-10003428,754,0,1,2,1,3,1,0,2,2,0,0,N,N
ACC-10003429,829,0,0,1,0,3,1,0,1,1,0,0,N,N
ACC-10003430,917,0,0,2,0,4,0,0,2,2,0,0,N,N
ACC-10003431,935,0,1,1,1,4,1,0,1,4,0,0,N,N
ACC-10003432,759,1,1,1,D,2,0,1,1,1,1,16,N,N
ACC-10003433,959,0,0,1,0,4,0,0,1,1,0,0,N,N
ACC-10003434,924,0,1,0,1,3,0,0,0,1,0,0,N,N
ACC-10003435,731,0,0,0,0,3,2,0,0,0,0,0,N,N
ACC-10003436,728,0,1,3,1,8,2,0,3,6,0,0,N,N
ACC-10003437,850,0,0,2,0,4,0,0,2,4,0,0,N,N
ACC-10003438,791,0,0,0,0,3,2,0,0,3,0,0,N,N
ACC-10003439,693,0,0,1,0,4,0,0,1,3,0,0,N,N
ACC-10003440,922,0,1,0,1,3,0,0,0,3,0,0,N,N
ACC-10003441,768,0,0,1,0,1,1,0,4,5,0,0,N,N
ACC-10003442,891,0,0,0,0,3,1,0,0,1,0,0,N,N
ACC-10003443,767,0,0,2,0,4,0,0,2,2,0,0,N,T
ACC-10003444,741,1,2,1,D,3,0,1,1,2,1,7,N,N
ACC-10003445,905,0,0,1,0,1,0,0,1,3,0,0,N,N
ACC-10003446,871,0,0,1,0,2,0,0,1,1,0,0,N,N
ACC-10003447,875,0,0,1,0,4,1,0,1,2,0,0,N,N
ACC-10003448,874,0,1,2,1,2,0,0,2,2,0,0,N,N
ACC-10003449,745,1,1,0,D,5,1,1,0,1,1,5,N,N
ACC-10003450,853,0,0,2,0,3,0,0,2,5,0,0,N,N
ACC-10003451,782,0,0,1,0,2,0,0,1,1,0,0,N,N
ACC-10003452,780,1,1,0,D,3,0,1,0,2,1,2,N,N
ACC-10003453,884,0,0,0,N,0,0,0,1,2,0,0,N,N
ACC-10003454,716,1,1,0,D,3,0,1,0,0,1,13,N,N
ACC-10003455,780,0,0,1,0,1,0,0,1,3,0,0,N,N
ACC-10003456,860,0,0,1,0,4,0,0,1,1,0,0,N,N
ACC-10003457,888,0,0,0,0,4,2,0,0,1,0,0,N,N
ACC-10003458,824,0,1,1,3,2,1,1,1,2,0,0,N,N
ACC-10003459,839,1,1,0,D,4,0,1,0,0,1,11,N,N
ACC-10003460,743,0,0,1,0,6,0,0,1,1,0,0,N,N
ACC-10003461,825,0,0,0,0,1,0,0,0,2,0,0,N,N
ACC-10003462,839,0,0,1,0,2,1,0,1,3,0,0,N,N
ACC-10003463,817,0,0,2,0,3,0,0,2,2,0,0,N,N
ACC-10003464,822,1,1,1,D,6,1,2,1,2,1,5,N,N
ACC-10003465,883,0,0,2,0,3,1,0,2,2,0,0,N,N
ACC-10003466,837,0,0,1,0,3,0,0,1,1,0,0,N,N
ACC-10003467,796,0,1,0,1,0,0,0,4,5,0,0,N,N
ACC-10003468,852,0,0,0,0,1,0,0,0,0,0,0,N,N
ACC-10003469,837,0,0,2,0,3,0,0,2,2,0,0,N,N
ACC-10003470,840,0,0,0,0,5,0,0,0,1,0,0,N,T
ACC-10003471,811,0,0,1,0,5,0,0,1,1,0,0,N,N
ACC-10003472,872,0,0,0,0,4,0,0,0,0,0,0,N,N
ACC-10003473,753,0,0,1,0,5,0,0,1,1,0,0,N,N
ACC-10003474,806,0,0,3,0,4,0,0,3,3,0,0,N,N
ACC-10003475,863,0,0,0,N,0,0,0,1,1,0,0,N,N
ACC-10003476,833,0,1,1,1,2,0,0,1,2,0,0,N,N
ACC-10003477,837,0,1,2,1,7,0,0,2,5,0,0,N,N
ACC-10003478,765,0,1,1,1,5,1,0,1,1,0,0,N,N
ACC-10003479,857,0,1,1,1,7,0,0,1,1,0,0,N,N
ACC-10003480,767,0,0,2,0,7,1,0,2,3,0,0,N,T
ACC-10003481,828,0,0,0,0,4,0,0,0,1,0,0,N,N
ACC-10003482,847,0,0,0,0,2,1,0,0,1,0,0,N,N
ACC-10003483,827,0,1,0,1,1,0,0,0,0,0,0,N,N
ACC-10003484,766,0,0,0,0,3,1,0,0,0,0,0,N,T
ACC-10003485,852,0,0,0,0,2,0,0,0,0,0,0,N,N
ACC-10003486,723,0,0,3,0,3,0,0,3,3,0,0,N,N
ACC-10003487,875,0,0,0,0,1,0,0,0,2,0,0,N,N
ACC-10003488,938,0,0,1,0,3,0,0,1,1,0,0,N,N
ACC-10003489,803,1,2,0,D,6,0,1,0,0,1,3,N,N
ACC-10003490,813,1,1,1,D,2,0,1,1,2,1,12,N,N
ACC-10003491,821,0,0,2,0,3,1,0,2,2,0,0,N,N
ACC-10003492,835,0,0,1,0,2,0,0,1,1,0,0,N,N
ACC-10003493,892,0,0,1,0,2,0,0,1,2,0,0,N,N
ACC-10003494,802,1,1,1,D,1,0,1,2,2,1,3,N,N
ACC-10003495,765,1,1,0,D,5,0,1,0,1,1,6,N,N
ACC-10003496,856,0,0,1,0,3,0,0,1,1,1,2,N,N
ACC-10003497,813,0,0,4,0,5,0,0,4,6,0,0,N,N
ACC-10003498,655,0,1,1,3,1,0,1,3,3,0,0,N,N
ACC-10003499,718,0,0,0,N,0,0,0,1,2,0,0,N,N
ACC-10003500,827,0,1,0,1,4,0,0,0,2,0,0,N,N
ACC-10003501,798,0,1,2,1,6,2,0,2,2,0,0,N,T
ACC-10003502,821,0,0,2,0,5,1,0,2,4,0,0,N,N
ACC-10003503,877,0,0,1,0,2,1,0,1,2,0,0,N,N
ACC-10003504,834,0,0,2,0,2,0,0,2,4,0,0,N,N
ACC-10003505,911,0,0,0,0,4,0,0,0,2,0,0,N,N
ACC-10003506,748,0,1,2,1,3,0,0,2,2,0,0,N,N
ACC-10003507,818,0,0,3,0,7,0,0,3,4,0,0,N,N
ACC-10003508,745,0,0,2,0,2,1,0,2,2,0,0,N,N
ACC-10003509,810,0,1,0,1,4,0,0,0,0,0,0,N,N
ACC-10003510,843,0,0,3,0,3,0,0,3,3,0,0,N,N
ACC-10003511,712,1,1,2,D,3,0,2,2,4,1,10,N,N
ACC-10003512,721,1,1,1,D,2,0,1,1,1,1,5,N,T
ACC-10003513,792,0,0,1,0,1,1,0,4,4,0,0,N,N
ACC-10003514,849,0,0,0,N,0,0,0,1,1,0,0,N,N
ACC-10003515,798,0,1,2,1,3,0,0,2,2,0,0,N,N
ACC-10003516,849,0,0,1,0,4,0,0,1,1,0,0,N,N
ACC-10003517,864,0,0,2,0,4,0,0,2,2,0,0,N,N
ACC-10003518,913,0,0,2,0,3,0,0,2,2,0,0,N,N
ACC-10003519,857,0,0,1,0,3,0,0,1,2,0,0,N,T
ACC-10003520,724,1,1,1,D,1,0,1,1,1,1,3,N,T
ACC-10003521,790,0,0,1,0,1,1,0,2,2,0,0,N,N
ACC-10003522,738,0,0,3,0,5,0,0,3,3,0,0,N,N
ACC-10003523,793,0,0,2,0,2,0,0,2,3,0,0,N,N
ACC-10003524,832,0,0,1,0,1,0,0,1,2,0,0,N,N
ACC-10003525,820,0,0,0,0,2,0,0,0,1,0,0,N,N
ACC-10003526,807,0,0,2,0,5,2,0,2,4,0,0,N,N
ACC-10003527,707,1,1,3,D,3,0,1,4,6,1,7,N,N
ACC-10003528,670,0,1,4,1,4,0,0,4,4,0,0,N,N
ACC-10003529,838,0,0,0,0,1,0,0,0,3,0,0,N,N
ACC-10003530,890,0,0,1,0,4,0,0,1,1,0,0,N,N
ACC-10003531,899,0,0,0,0,7,1,0,0,2,0,0,N,N
ACC-10003532,785,0,0,1,0,1,0,0,3,3,0,0,N,T
ACC-10003533,819,0,0,3,0,4,0,0,3,4,0,0,N,N
ACC-10003534,808,0,0,0,0,4,0,0,0,0,0,0,N,T
ACC-10003535,761,0,0,2,0,3,0,0,2,4,0,0,N,N
ACC-10003536,797,0,1,0,3,4,1,1,0,0,0,0,N,T
ACC-10003537,849,0,0,0,0,2,0,0,0,2,0,0,N,N
ACC-10003538,632,1,1,1,D,1,0,1,1,2,1,13,N,N
ACC-10003539,843,0,0,2,0,7,1,0,2,2,0,0,N,N
ACC-10003540,711,0,0,0,0,4,0,0,0,0,0,0,N,N
ACC-10003541,794,0,0,1,0,2,0,0,1,2,0,0,N,N
ACC-10003542,818,0,0,0,0,3,0,0,0,0,0,0,N,N
ACC-10003543,865,0,0,0,0,8,0,0,0,0,0,0,N,N
ACC-10003544,845,0,0,1,0,4,0,0,1,2,0,0,N,N
ACC-10003545,801,0,0,1,0,5,0,0,1,4,0,0,N,N
ACC-10003546,774,0,0,3,0,3,0,0,4,5,0,0,N,N
ACC-10003547,747,0,0,2,0,5,0,0,2,3,0,0,N,T
ACC-10003548,909,0,0,1,0,5,0,0,1,3,0,0,N,N
ACC-10003549,864,0,0,0,N,0,0,0,1,4,0,0,N,N
ACC-10003550,774,0,0,0,0,3,1,0,0,0,0,0,N,T
ACC-10003551,848,0,1,0,3,2,0,1,0,2,0,0,N,N
ACC-10003552,889,0,1,0,3,0,0,1,2,3,0,0,N,N
ACC-10003553,783,0,2,0,1,0,0,0,1,2,0,0,N,N
ACC-10003554,829,0,0,0,0,3,1,0,0,0,0,0,N,N
ACC-10003555,736,1,1,4,D,7,0,2,4,4,1,3,N,N
ACC-10003556,798,0,1,1,1,3,0,0,1,1,0,0,N,N
ACC-10003557,775,0,0,1,0,5,0,0,1,1,0,0,N,N
ACC-10003558,825,0,0,0,0,2,0,0,0,0,0,0,N,N
ACC-10003559,669,1,1,1,D,3,0,1,1,2,1,7,N,N
ACC-10003560,805,0,0,3,0,3,0,0,4,4,0,0,N,N
ACC-10003561,690,0,0,3,0,4,0,0,3,3,0,0,N,N
ACC-10003562,813,0,0,2,0,2,0,0,3,3,0,0,N,N
ACC-10003563,725,0,0,2,0,4,1,0,2,2,0,0,N,N
ACC-10003564,760,0,0,2,0,2,0,0,3,4,0,0,N,N
ACC-10003565,764,0,0,1,0,4,0,0,1,1,0,0,N,N
ACC-10003566,828,0,0,2,0,2,1,0,4,5,0,0,N,N
ACC-10003567,853,0,1,2,1,6,0,0,2,2,0,0,N,N
ACC-10003568,875,0,1,1,1,6,0,0,1,2,0,0,N,N
ACC-10003569,759,0,0,1,0,2,0,0,1,1,0,0,N,N
ACC-10003570,808,1,1,0,D,1,0,1,0,0,1,9,N,N
ACC-10003571,919,0,0,0,0,6,0,0,0,0,0,0,N,N
ACC-10003572,823,0,1,0,1,2,1,0,0,1,0,0,N,N
ACC-10003573,869,0,1,0,1,1,0,0,0,1,0,0,N,N
ACC-10003574,787,0,0,3,0,4,0,0,3,3,0,0,N,N
ACC-10003575,830,0,0,1,0,1,0,0,1,1,0,0,N,N
ACC-10003576,839,0,0,0,N,0,0,0,0,1,0,0,N,N
ACC-10003577,826,0,1,1,1,8,0,0,1,1,0,0,N,N
ACC-10003578,791,0,1,1,1,5,1,0,1,1,0,0,N,N
ACC-10003579,807,0,0,0,N,0,0,0,1,1,0,0,N,N
ACC-10003580,780,1,1,2,D,4,0,1,2,2,1,4,N,N
ACC-10003581,906,0,0,3,0,6,0,0,3,3,0,0,N,N
ACC-10003582,875,0,0,1,0,6,0,0,1,1,0,0,N,N
ACC-10003583,763,1,1,1,D,4,0,2,1,2,1,10,N,N
ACC-10003584,800,0,0,1,0,1,0,0,1,1,0,0,N,N
ACC-10003585,782,1,1,0,D,5,0,1,0,1,1,5,N,N
ACC-10003586,681,1,3,0,D,8,0,1,0,0,1,39,N,N
ACC-10003587,825,1,1,0,D,4,0,1,0,0,1,3,N,N
ACC-10003588,719,0,1,3,1,4,1,0,3,4,0,0,N,N
ACC-10003589,874,0,1,1,3,3,0,1,1,3,0,0,N,N
ACC-10003590,787,1,1,2,D,2,0,1,2,3,1,3,N,N
ACC-10003591,768,0,0,2,0,5,1,0,2,4,0,0,N,N
ACC-10003592,871,0,0,1,0,4,0,0,1,2,0,0,N,N
ACC-10003593,781,0,0,0,0,3,0,0,0,0,0,0,N,T
ACC-10003594,675,1,1,1,D,4,3,1,1,3,1,3,N,N
ACC-10003595,777,0,0,2,0,3,0,0,2,2,0,0,N,T
ACC-10003596,908,0,0,1,0,2,1,0,1,1,0,0,N,N
ACC-10003597,817,0,1,1,1,4,0,0,1,1,0,0,N,N
ACC-10003598,802,0,0,1,0,1,0,0,3,3,0,0,N,N
ACC-10003599,775,0,1,2,1,2,0,0,3,5,0,0,N,N
ACC-10003600,839,0,0,0,N,0,0,0,1,2,0,0,N,N
ACC-10003601,782,0,0,0,0,3,1,0,0,1,0,0,N,N
ACC-10003602,792,0,0,3,0,4,1,0,3,3,0,0,N,N
ACC-10003603,850,0,0,1,0,1,0,0,2,3,1,3,N,N
ACC-10003604,844,0,1,0,1,6,1,0,0,0,0,0,N,N
ACC-10003605,850,0,0,0,0,3,0,0,0,1,0,0,N,N
ACC-10003606,872,0,1,1,3,4,0,1,1,2,0,0,N,N
ACC-10003607,925,0,0,1,0,1,0,0,2,2,0,0,N,N
ACC-10003608,792,0,0,2,0,4,1,0,2,3,0,0,N,N
ACC-10003609,749,0,0,1,0,3,0,0,1,1,0,0,N,N
ACC-10003610,875,0,0,0,0,3,0,0,0,0,0,0,N,N
ACC-10003611,752,0,1,2,1,7,0,0,2,3,0,0,N,N
ACC-10003612,904,0,0,2,0,2,0,0,2,3,0,0,N,N
ACC-10003613,664,1,1,1,D,5,0,1,1,3,1,6,N,N
ACC-10003614,810,0,0,1,0,1,0,0,3,5,0,0,N,N
ACC-10003615,799,0,0,1,0,1,0,0,1,1,0,0,N,T
ACC-10003616,873,0,0,0,0,3,0,0,0,2,0,0,N,N
ACC-10003617,828,0,0,1,0,1,0,0,1,3,0,0,N,N
ACC-10003618,935,0,0,0,0,2,0,0,0,0,0,0,N,N
ACC-10003619,902,0,0,0,0,3,0,0,0,1,0,0,N,N
ACC-10003620,873,0,0,1,0,2,0,0,1,2,0,0,N,N
ACC-10003621,837,0,0,1,0,2,2,0,1,3,0,0,N,N
ACC-10003622,805,0,0,4,0,4,0,0,6,8,0,0,N,N
ACC-10003623,656,0,1,1,3,6,1,1,1,1,0,0,N,N
ACC-10003624,881,0,0,0,0,1,0,0,0,0,0,0,N,T
ACC-10003625,868,0,1,1,1,2,0,0,1,2,0,0,N,N
ACC-10003626,943,0,0,1,0,5,0,0,1,1,0,0,N,N
ACC-10003627,877,0,1,0,1,2,0,0,0,1,0,0,N,N
ACC-10003628,819,0,0,2,0,2,1,0,2,2,0,0,N,N
ACC-10003629,883,0,0,1,0,3,1,0,1,1,0,0,N,N
ACC-10003630,827,0,0,2,0,3,0,0,2,3,0,0,N,N
ACC-10003631,893,0,0,0,0,2,0,0,0,1,0,0,N,N
ACC-10003632,870,0,0,1,0,3,1,0,1,1,0,0,N,N
ACC-10003633,858,0,0,0,0,4,1,0,0,0,0,0,N,N
ACC-10003634,831,0,0,0,0,2,0,0,0,2,0,0,N,N
ACC-10003635,875,0,0,0,0,4,0,0,0,2,0,0,N,T
ACC-10003636,838,0,0,3,0,4,0,0,3,4,1,8,N,N
ACC-10003637,680,1,1,3,D,3,1,1,3,6,1,10,N,N
ACC-10003638,874,0,0,2,0,3,0,0,2,2,0,0,N,N
ACC-10003639,863,0,0,2,0,3,0,0,2,3,0,0,N,N
ACC-10003640,707,1,1,1,D,1,0,1,1,3,1,3,N,N
ACC-10003641,825,1,3,1,D,3,1,2,1,1,1,14,N,N
ACC-10003642,945,0,1,0,1,2,0,0,0,0,0,0,N,N
ACC-10003643,858,0,0,1,0,3,0,0,1,1,0,0,N,N
ACC-10003644,930,0,0,2,0,4,0,0,2,3,0,0,N,N
ACC-10003645,854,0,0,3,0,3,0,0,3,3,0,0,N,N
ACC-10003646,817,0,1,2,1,3,2,0,2,2,0,0,N,N
ACC-10003647,837,0,0,1,0,6,0,0,1,2,0,0,N,N
ACC-10003648,718,0,1,2,1,4,2,0,2,2,0,0,N,N
ACC-10003649,871,0,0,0,0,5,0,0,0,0,0,0,N,N
ACC-10003650,814,0,0,1,0,5,0,0,1,3,0,0,N,N
ACC-10003651,713,0,0,1,0,3,1,0,1,2,0,0,N,N
ACC-10003652,819,0,0,2,0,2,0,0,3,4,0,0,N,N
ACC-10003653,851,0,1,0,1,2,0,0,0,1,0,0,N,T
ACC-10003654,811,0,0,2,0,4,1,0,2,2,0,0,N,N
ACC-10003655,881,0,0,0,0,1,0,0,0,0,0,0,N,N
ACC-10003656,798,0,1,4,1,5,0,0,4,5,0,0,N,N
ACC-10003657,847,0,0,1,0,1,0,0,1,2,0,0,N,N
ACC-10003658,830,0,0,1,0,6,1,0,1,3,0,0,N,N
ACC-10003659,906,0,0,2,0,5,0,0,2,2,0,0,N,N
ACC-10003660,894,0,0,2,0,2,0,0,2,3,0,0,N,N
ACC-10003661,862,1,1,0,D,1,0,1,0,0,1,18,N,N
ACC-10003662,713,1,1,1,D,8,4,2,1,1,1,21,N,N
ACC-10003663,942,0,0,1,0,1,1,0,1,1,0,0,N,N
ACC-10003664,857,0,0,1,0,3,1,0,1,5,0,0,N,N
ACC-10003665,844,0,0,2,0,3,1,0,2,3,0,0,N,N
ACC-10003666,828,0,1,1,1,4,0,0,1,1,0,0,N,N
ACC-10003667,810,0,0,0,N,0,0,0,3,3,0,0,N,N
ACC-10003668,807,0,0,2,0,3,0,0,2,3,0,0,N,T
ACC-10003669,929,0,0,0,0,4,0,0,0,0,0,0,N,N
ACC-10003670,811,0,1,0,1,0,0,0,0,1,0,0,N,N
ACC-10003671,813,0,0,2,0,5,0,0,2,4,0,0,N,N
ACC-10003672,836,0,0,0,0,2,0,0,0,0,0,0,N,N
ACC-10003673,722,0,0,5,0,6,1,0,5,5,1,1,N,N
ACC-10003674,830,0,1,3,1,6,0,0,3,4,0,0,N,N
ACC-10003675,792,0,0,2,0,2,1,0,2,3,0,0,N,N
ACC-10003676,753,0,1,2,1,5,2,0,2,2,0,0,N,N
ACC-10003677,916,0,0,0,N,0,0,0,2,4,0,0,N,N
ACC-10003678,909,0,0,0,0,4,0,0,0,1,0,0,N,N
ACC-10003679,886,0,0,1,0,8,0,0,1,4,0,0,N,N
ACC-10003680,770,1,1,1,D,4,0,1,1,1,1,3,N,N
ACC-10003681,865,0,0,2,0,3,0,0,2,3,0,0,N,N
ACC-10003682,762,1,1,1,D,5,1,1,1,2,1,5,N,N
ACC-10003683,788,0,0,1,0,2,0,0,1,1,0,0,N,N
ACC-10003684,906,0,0,1,0,6,0,0,1,1,0,0,N,N
ACC-10003685,772,0,1,0,1,4,1,0,0,1,0,0,N,N
ACC-10003686,769,0,1,2,3,2,1,1,3,3,0,0,N,T
ACC-10003687,986,0,0,0,0,2,0,0,0,0,0,0,N,N
ACC-10003688,785,0,0,2,0,2,0,0,2,3,0,0,N,N
ACC-10003689,945,0,0,0,0,4,0,0,0,0,0,0,N,N
ACC-10003690,888,0,0,0,0,2,0,0,0,0,0,0,N,N
ACC-10003691,756,1,1,1,D,9,2,1,1,1,1,4,N,N
ACC-10003692,787,0,1,2,1,2,0,0,5,5,0,0,N,N
ACC-10003693,714,0,0,2,0,4,0,0,2,3,0,0,N,N
ACC-10003694,776,1,1,0,D,3,0,1,0,1,1,1,N,N
ACC-10003695,696,0,1,0,1,1,1,0,0,1,0,0,N,N
ACC-10003696,792,0,1,1,1,1,0,0,1,2,0,0,N,N
ACC-10003697,796,0,1,1,1,2,0,0,1,2,0,0,N,N
ACC-10003698,782,0,0,1,0,3,2,0,1,2,0,0,N,N
ACC-10003699,793,0,0,0,0,1,0,0,0,0,0,0,N,T
ACC-10003700,900,0,0,0,0,3,0,0,0,2,0,0,N,N
ACC-10003701,804,0,0,1,0,3,0,0,1,1,0,0,N,N
ACC-10003702,824,0,1,1,1,1,1,0,1,3,0,0,N,N
ACC-10003703,730,0,0,2,0,4,1,0,2,3,0,0,N,N
ACC-10003704,795,1,1,2,D,4,0,1,2,2,1,2,N,N
ACC-10003705,830,1,1,1,D,3,0,1,1,2,1,25,N,N
ACC-10003706,848,0,0,1,0,1,0,0,1,2,0,0,N,N
ACC-10003707,798,0,0,0,N,0,0,0,3,6,0,0,N,N
ACC-10003708,840,0,2,3,1,3,1,0,3,5,0,0,N,N
ACC-10003709,950,0,1,0,1,3,0,0,0,0,0,0,N,N
ACC-10003710,793,0,0,1,0,1,0,0,1,2,0,0,N,T
ACC-10003711,921,0,0,0,0,1,0,0,0,0,0,0,N,N
ACC-10003712,793,0,0,1,0,1,0,0,1,2,0,0,N,N
ACC-10003713,864,0,0,2,0,4,0,0,2,3,0,0,N,N
ACC-10003714,919,0,0,2,0,5,2,0,2,3,1,3,N,N
ACC-10003715,795,0,0,0,0,4,0,0,0,2,0,0,N,N
ACC-10003716,762,0,0,1,0,1,0,0,2,3,0,0,N,N
ACC-10003717,843,0,0,1,0,2,0,0,1,2,0,0,N,N
ACC-10003718,669,1,1,1,D,4,0,1,1,2,1,5,N,N
ACC-10003719,689,0,1,1,3,1,0,1,3,4,0,0,N,T
ACC-10003720,840,0,0,1,0,4,0,0,1,1,0,0,N,N
ACC-10003721,823,0,0,0,0,2,1,0,0,0,0,0,N,N
ACC-10003722,841,0,1,2,1,2,0,0,4,7,0,0,N,N
ACC-10003723,749,0,1,2,3,2,0,1,2,2,0,0,N,N
ACC-10003724,830,0,0,0,N,0,0,0,3,3,0,0,N,N
ACC-10003725,880,0,0,1,0,3,0,0,1,1,0,0,N,N
ACC-10003726,830,0,0,2,0,2,0,0,2,3,0,0,N,N
ACC-10003727,905,0,1,0,3,4,0,1,0,1,0,0,N,T
ACC-10003728,800,1,1,2,D,4,0,1,2,3,1,7,N,N
ACC-10003729,830,1,1,0,D,2,1,2,0,0,1,4,N,N
ACC-10003730,805,1,1,1,D,2,0,1,1,2,1,4,N,N
ACC-10003731,866,0,0,2,0,4,1,0,2,3,0,0,N,N
ACC-10003732,887,0,0,0,0,3,2,0,0,0,0,0,N,N
ACC-10003733,822,0,0,1,0,2,0,0,1,2,0,0,N,N
ACC-10003734,785,0,0,0,0,5,0,0,0,1,0,0,N,N
ACC-10003735,722,0,1,1,3,2,0,1,1,2,0,0,N,N
ACC-10003736,788,0,0,0,0,1,0,0,0,2,0,0,N,N
ACC-10003737,908,0,0,0,0,3,0,0,0,1,0,0,N,N
ACC-10003738,960,0,0,2,0,2,0,0,2,3,0,0,N,N
ACC-10003739,850,0,0,0,0,4,0,0,0,0,0,0,N,N
ACC-10003740,774,0,1,0,1,1,0,0,0,1,0,0,N,N
ACC-10003741,838,0,0,2,0,2,1,0,4,4,0,0,N,N
ACC-10003742,835,0,0,1,0,5,0,0,1,2,0,0,N,N
ACC-10003743,786,1,1,3,D,3,0,1,3,3,1,23,N,N
ACC-10003744,911,0,0,1,0,2,0,0,1,1,0,0,N,N
ACC-10003745,851,0,0,0,N,0,0,0,3,5,0,0,N,N
ACC-10003746,871,0,0,0,N,0,0,0,2,2,0,0,N,N
ACC-10003747,884,0,0,2,0,2,0,0,3,3,0,0,N,N
ACC-10003748,787,0,0,1,0,3,0,0,1,5,0,0,N,N
ACC-10003749,692,1,3,1,D,3,0,1,1,1,1,5,N,N
ACC-10003750,953,0,0,0,0,6,0,0,0,0,0,0,N,N
ACC-10003751,772,1,2,1,D,8,0,1,1,1,1,1,N,N
ACC-10003752,703,1,1,2,D,3,0,1,2,2,1,18,N,N
ACC-10003753,796,0,0,2,0,3,1,0,2,3,0,0,N,T
ACC-10003754,809,0,0,2,0,3,0,0,2,2,0,0,N,N
ACC-10003755,787,0,1,1,1,4,1,0,1,2,0,0,N,N
ACC-10003756,894,0,0,0,0,3,0,0,0,1,0,0,N,N
ACC-10003757,780,1,1,2,D,3,0,1,2,2,1,8,N,N
ACC-10003758,863,1,1,1,D,2,0,1,1,3,1,2,N,N
ACC-10003759,805,0,1,1,1,4,0,0,1,2,0,0,N,N
ACC-10003760,819,0,0,3,0,3,0,0,3,3,0,0,N,N
ACC-10003761,738,0,2,1,1,1,0,0,1,1,0,0,N,N
ACC-10003762,875,0,0,1,0,3,1,0,1,1,0,0,N,N
ACC-10003763,761,0,0,0,0,4,1,0,0,2,0,0,N,N
ACC-10003764,863,0,0,0,0,3,0,0,0,1,0,0,N,N
ACC-10003765,813,0,1,2,1,4,0,0,2,2,0,0,N,N
ACC-10003766,805,0,0,2,0,3,0,0,2,2,0,0,N,N
ACC-10003767,890,0,0,1,0,3,0,0,1,2,0,0,N,N
ACC-10003768,783,0,1,1,3,3,0,1,1,1,0,0,N,N
ACC-10003769,705,0,2,2,3,2,0,1,4,4,0,0,N,N
ACC-10003770,861,0,1,0,1,4,0,0,0,1,0,0,N,N
ACC-10003771,832,0,0,0,0,3,0,0,0,0,0,0,N,N
ACC-10003772,844,0,0,1,0,7,0,0,1,2,0,0,N,N
ACC-10003773,932,0,0,0,0,2,0,0,0,0,0,0,N,N
ACC-10003774,736,1,1,1,D,1,0,1,3,4,1,3,N,N
ACC-10003775,732,0,0,3,0,3,0,0,4,5,0,0,N,N
ACC-10003776,817,0,0,1,0,3,1,0,1,3,0,0,N,N
ACC-10003777,779,0,0,2,0,4,0,0,2,3,0,0,N,N
ACC-10003778,837,0,1,1,1,9,0,0,1,2,0,0,N,N
ACC-10003779,744,0,1,1,1,3,0,0,1,1,0,0,N,N
ACC-10003780,808,0,0,1,0,6,2,0,1,2,0,0,N,N
ACC-10003781,879,0,1,1,1,2,0,0,1,2,0,0,N,N
ACC-10003782,863,0,0,1,0,4,0,0,1,4,0,0,N,N
ACC-10003783,777,0,1,2,1,2,0,0,2,3,0,0,N,N
ACC-10003784,856,0,0,0,0,1,1,0,0,1,0,0,N,N
ACC-10003785,847,0,1,1,1,1,0,0,4,6,0,0,N,T
ACC-10003786,892,0,0,1,0,3,0,0,1,1,0,0,N,N
ACC-10003787,856,0,0,1,0,1,0,0,2,2,0,0,N,N
ACC-10003788,794,0,0,0,N,0,0,0,1,1,0,0,N,N
ACC-10003789,813,0,0,3,0,5,0,0,3,3,0,0,N,N
ACC-10003790,846,0,0,2,0,2,0,0,2,3,0,0,N,T
ACC-10003791,765,0,0,1,0,5,0,0,1,2,0,0,N,N
ACC-10003792,784,0,0,0,0,4,1,0,0,0,0,0,N,N
ACC-10003793,879,0,0,0,0,1,0,0,0,1,0,0,N,T
ACC-10003794,723,0,1,2,1,3,2,0,2,3,0,0,N,N
ACC-10003795,798,0,0,1,0,2,0,0,1,1,0,0,N,N
ACC-10003796,807,0,0,2,0,3,0,0,2,3,0,0,N,N
ACC-10003797,798,0,0,3,0,5,0,0,3,4,0,0,N,N
ACC-10003798,747,0,0,3,0,4,1,0,3,5,0,0,N,N
ACC-10003799,795,0,0,0,N,0,0,0,2,2,1,4,N,N
ACC-10003800,760,0,0,1,0,4,1,0,1,3,0,0,N,N
ACC-10003801,887,0,1,1,1,3,0,0,1,2,0,0,N,N
ACC-10003802,705,0,0,3,0,3,0,0,4,5,0,0,N,N
ACC-10003803,797,0,2,1,1,2,0,0,1,5,0,0,N,N
ACC-10003804,857,0,0,0,N,0,0,0,2,2,0,0,N,N
ACC-10003805,780,1,1,0,D,3,0,1,0,0,1,2,N,T
ACC-10003806,835,0,1,0,1,4,1,0,0,3,0,0,N,N
ACC-10003807,802,0,1,2,1,5,1,0,2,3,0,0,N,N
ACC-10003808,785,1,1,2,D,2,1,1,4,4,1,13,N,N
ACC-10003809,943,0,0,1,0,6,0,0,1,2,0,0,N,N
ACC-10003810,816,0,0,3,0,5,2,0,3,4,0,0,N,N
ACC-10003811,797,0,0,1,0,1,0,0,1,1,0,0,N,T
ACC-10003812,745,0,0,1,0,3,0,0,1,2,0,0,N,T
ACC-10003813,861,0,0,0,0,3,0,0,0,0,0,0,N,N
ACC-10003814,893,0,0,0,0,2,1,0,0,0,1,15,N,N
ACC-10003815,754,0,0,1,0,6,2,0,1,2,0,0,N,N
ACC-10003816,967,0,1,1,1,1,0,0,1,1,0,0,N,N
ACC-10003817,937,0,0,0,0,4,0,0,0,0,0,0,N,N
ACC-10003818,871,0,0,1,0,5,1,0,1,2,0,0,N,N
ACC-10003819,749,0,1,0,1,6,2,0,0,0,0,0,N,T
ACC-10003820,890,0,0,2,0,2,1,0,5,7,0,0,N,N
ACC-10003821,853,0,0,1,0,5,1,0,1,1,0,0,N,N
ACC-10003822,853,0,0,0,0,3,1,0,0,0,0,0,N,N
ACC-10003823,741,0,1,0,1,4,1,0,0,1,0,0,N,N
ACC-10003824,813,0,0,2,0,3,0,0,2,2,0,0,N,N
ACC-10003825,899,0,0,0,0,2,0,0,0,1,0,0,N,N
ACC-10003826,821,0,0,0,0,5,1,0,0,1,0,0,N,N
ACC-10003827,848,0,0,1,0,3,0,0,1,1,0,0,N,N
ACC-10003828,778,0,0,4,0,4,0,0,4,4,0,0,N,N
ACC-10003829,824,0,1,1,1,3,0,0,1,2,0,0,N,N
ACC-10003830,905,0,0,1,0,2,0,0,1,1,0,0,N,N
ACC-10003831,846,0,1,0,1,2,0,0,0,0,0,0,N,N
ACC-10003832,901,0,0,2,0,2,0,0,3,4,0,0,N,N
ACC-10003833,893,0,0,0,0,2,0,0,0,3,0,0,N,N
ACC-10003834,772,1,1,2,D,3,0,1,2,2,1,10,N,N
ACC-10003835,824,0,0,1,0,3,0,0,1,1,0,0,N,N
ACC-10003836,885,0,0,0,0,4,1,0,0,0,0,0,N,N
ACC-10003837,688,0,1,2,3,4,0,1,2,2,0,0,N,T
ACC-10003838,795,0,0,1,0,3,0,0,1,2,0,0,N,N
ACC-10003839,787,0,0,0,0,4,0,0,0,1,0,0,N,N
ACC-10003840,947,0,0,0,N,0,0,0,0,1,0,0,N,N
ACC-10003841,836,0,0,1,0,1,0,0,2,3,0,0,N,N
ACC-10003842,974,0,0,0,0,1,0,0,0,1,0,0,N,N
ACC-10003843,894,0,1,1,1,5,0,0,1,1,0,0,N,N
ACC-10003844,803,0,0,1,0,5,1,0,1,1,0,0,N,N
ACC-10003845,897,0,0,1,0,2,0,0,1,2,0,0,N,N
ACC-10003846,733,0,0,2,0,2,1,0,3,4,0,0,N,N
ACC-10003847,885,0,0,2,0,3,0,0,2,2,0,0,N,N
ACC-10003848,837,0,0,1,0,1,0,0,2,4,0,0,N,N
ACC-10003849,791,0,1,2,1,3,0,0,2,5,0,0,N,N
ACC-10003850,855,0,0,1,0,1,0,0,2,2,0,0,N,N
ACC-10003851,754,0,0,4,0,4,0,0,4,6,0,0,N,T
ACC-10003852,861,0,0,1,0,2,0,0,1,1,0,0,N,N
ACC-10003853,953,0,0,0,0,2,0,0,0,1,0,0,N,N
ACC-10003854,789,1,1,1,D,5,0,1,1,2,1,14,N,N
ACC-10003855,827,0,3,0,1,7,0,0,0,0,0,0,N,N
ACC-10003856,947,0,0,0,0,1,1,0,0,2,0,0,N,N
ACC-10003857,781,0,1,1,1,5,1,0,1,1,0,0,N,N
ACC-10003858,784,0,0,2,0,5,2,0,2,4,0,0,N,N
ACC-10003859,877,0,1,2,3,2,0,1,2,5,0,0,N,N
ACC-10003860,887,0,0,4,0,4,0,0,5,5,0,0,N,N
ACC-10003861,941,0,0,1,0,3,0,0,1,1,0,0,N,N
ACC-10003862,739,0,0,1,0,8,4,0,1,1,0,0,N,N
ACC-10003863,893,0,0,2,0,3,0,0,2,2,0,0,N,N
ACC-10003864,836,0,0,2,0,5,0,0,2,3,0,0,N,N
ACC-10003865,838,0,0,2,0,3,0,0,2,3,0,0,N,N
ACC-10003866,736,1,1,1,D,2,0,2,1,3,1,14,N,N
ACC-10003867,824,0,1,1,1,5,1,0,1,2,0,0,N,N
ACC-10003868,757,0,0,0,0,2,0,0,0,0,0,0,N,N
ACC-10003869,804,0,0,1,0,1,0,0,2,2,0,0,N,N
ACC-10003870,816,0,1,2,3,4,1,1,2,3,0,0,N,N
ACC-10003871,822,0,0,1,0,3,0,0,1,2,0,0,N,N
ACC-10003872,827,0,0,2,0,7,2,0,2,4,0,0,N,N
ACC-10003873,750,0,1,1,1,3,1,0,1,1,0,0,N,T
ACC-10003874,769,0,0,2,0,2,0,0,5,6,0,0,N,N
ACC-10003875,886,0,0,1,0,2,1,0,1,2,0,0,N,N
ACC-10003876,798,0,0,2,0,4,0,0,2,3,0,0,N,T
ACC-10003877,789,0,1,1,1,4,1,0,1,1,0,0,N,N
ACC-10003878,838,0,0,0,0,3,0,0,0,0,0,0,N,N
ACC-10003879,831,0,0,1,0,2,1,0,1,2,0,0,N,N
ACC-10003880,880,0,0,0,0,6,0,0,0,2,0,0,N,N
ACC-10003881,866,0,0,0,0,2,0,0,0,0,0,0,N,N
ACC-10003882,752,0,1,0,1,0,0,0,1,1,0,0,N,N
ACC-10003883,737,0,0,2,0,3,0,0,2,5,0,0,N,N
ACC-10003884,865,0,0,2,0,3,0,0,2,2,0,0,N,N
ACC-10003885,776,0,0,3,0,3,0,0,3,3,0,0,N,N
ACC-10003886,830,0,0,1,0,2,0,0,1,3,0,0,N,N
ACC-10003887,846,0,0,2,0,4,0,0,2,3,1,30,N,N
ACC-10003888,883,0,0,2,0,2,0,0,2,2,0,0,N,N
ACC-10003889,838,0,0,3,0,3,0,0,3,3,0,0,N,N
ACC-10003890,845,0,0,2,0,2,0,0,2,3,1,13,N,N
ACC-10003891,737,0,1,1,1,1,0,0,4,5,0,0,N,N
ACC-10003892,829,0,0,0,0,3,1,0,0,0,0,0,N,N
ACC-10003893,717,0,1,2,1,3,1,0,2,3,0,0,N,T
ACC-10003894,854,0,0,0,0,4,0,0,0,1,0,0,N,T
ACC-10003895,846,0,1,0,3,0,0,1,0,0,0,0,N,N
ACC-10003896,781,0,0,2,0,4,0,0,2,4,0,0,N,N
ACC-10003897,880,0,1,2,1,2,0,0,2,3,0,0,N,N
ACC-10003898,901,0,0,0,0,2,0,0,0,0,0,0,N,N
ACC-10003899,776,0,0,0,0,2,0,0,0,1,0,0,N,T
ACC-10003900,959,0,0,0,0,1,0,0,0,0,0,0,N,N
ACC-10003901,874,0,0,1,0,5,0,0,1,2,0,0,N,N
ACC-10003902,836,0,0,0,0,6,1,0,0,0,0,0,N,N
ACC-10003903,786,0,1,3,1,5,0,0,3,5,0,0,N,N
ACC-10003904,837,0,0,0,0,3,2,0,0,3,0,0,N,N
ACC-10003905,884,0,0,1,0,5,1,0,1,1,0,0,N,N
ACC-10003906,853,0,1,1,1,1,0,0,3,4,0,0,N,N
ACC-10003907,787,0,0,1,0,5,1,0,1,2,0,0,N,T
ACC-10003908,693,1,2,1,D,1,0,1,1,1,1,1,N,N
ACC-10003909,914,0,0,0,0,6,2,0,0,1,0,0,N,N
ACC-10003910,832,0,0,1,0,3,0,0,1,3,0,0,N,N
ACC-10003911,858,0,0,2,0,2,0,0,3,3,0,0,N,N
ACC-10003912,824,0,1,0,3,0,0,1,0,0,0,0,N,T
ACC-10003913,843,0,0,1,0,2,0,0,1,1,0,0,N,N
ACC-10003914,811,0,0,0,0,2,0,0,0,3,0,0,N,N
ACC-10003915,765,1,1,0,D,5,0,1,0,0,1,8,N,N
ACC-10003916,780,0,0,0,0,4,0,0,0,1,0,0,N,T
ACC-10003917,789,0,0,1,0,5,4,0,1,1,1,9,N,N
ACC-10003918,792,0,1,2,1,6,0,0,2,3,0,0,N,N
ACC-10003919,752,1,1,2,D,2,0,1,3,5,1,5,N,N
ACC-10003920,757,0,0,2,0,2,1,0,2,3,0,0,N,N
ACC-10003921,866,0,0,1,0,1,1,0,2,3,0,0,N,N
ACC-10003922,793,0,1,4,1,6,1,0,4,6,0,0,N,N
ACC-10003923,882,0,0,1,0,6,1,0,1,2,0,0,N,N
ACC-10003924,846,0,0,1,0,1,0,0,1,1,0,0,N,N
ACC-10003925,721,0,0,1,0,1,1,0,3,4,0,0,N,N
ACC-10003926,825,0,0,2,0,4,0,0,2,3,0,0,N,N
ACC-10003927,885,0,0,2,0,3,2,0,2,3,0,0,N,N
ACC-10003928,763,0,1,0,1,6,0,0,0,0,0,0,N,N
ACC-10003929,835,0,0,2,0,2,0,0,2,2,0,0,N,N
ACC-10003930,734,0,1,2,1,4,1,0,2,2,0,0,N,T
ACC-10003931,836,0,0,3,0,5,0,0,3,4,0,0,N,N
ACC-10003932,826,0,0,3,0,3,2,0,4,5,0,0,N,T
ACC-10003933,739,0,0,0,0,4,2,0,0,2,1,12,N,T
ACC-10003934,801,1,2,0,D,2,1,1,0,2,1,5,N,N
ACC-10003935,771,0,0,1,0,1,0,0,1,1,0,0,N,N
ACC-10003936,821,0,0,1,0,1,0,0,1,1,0,0,N,N
ACC-10003937,843,0,1,1,3,1,0,1,2,2,0,0,N,N
ACC-10003938,810,0,0,1,0,5,1,0,1,3,0,0,N,N
ACC-10003939,886,0,0,0,0,2,0,0,0,0,0,0,N,N
ACC-10003940,874,0,0,1,0,3,0,0,1,1,0,0,N,N
ACC-10003941,840,0,0,3,0,3,0,0,3,3,0,0,N,N
ACC-10003942,691,0,0,1,0,2,1,0,1,2,0,0,N,T
ACC-10003943,880,0,0,1,0,1,0,0,1,1,0,0,N,N
ACC-10003944,846,0,0,3,0,5,1,0,3,3,0,0,N,N
ACC-10003945,811,0,0,2,0,3,0,0,2,2,0,0,N,N
ACC-10003946,933,0,1,1,1,3,0,0,1,4,0,0,N,N
ACC-10003947,718,0,1,2,1,3,0,0,2,3,0,0,N,T
ACC-10003948,856,0,0,1,0,1,0,0,1,2,0,0,N,N
ACC-10003949,943,0,2,1,1,3,0,0,1,2,0,0,N,N
ACC-10003950,805,0,0,0,0,6,0,0,0,1,0,0,N,T
ACC-10003951,871,0,0,0,0,4,1,0,0,0,0,0,N,N
ACC-10003952,815,0,0,2,0,2,0,0,3,4,0,0,N,N
ACC-10003953,865,0,1,1,1,3,0,0,1,3,0,0,N,N
ACC-10003954,713,1,1,1,D,1,0,1,1,1,1,8,N,N
ACC-10003955,802,0,0,2,0,3,0,0,2,2,0,0,N,N
ACC-10003956,849,0,0,0,N,0,0,0,2,3,0,0,N,N
ACC-10003957,794,0,1,1,1,1,1,0,2,4,0,0,N,N
ACC-10003958,921,0,0,1,0,2,0,0,1,1,0,0,N,N
ACC-10003959,758,0,0,2,0,3,0,0,2,3,0,0,N,N
ACC-10003960,897,0,0,1,0,5,0,0,1,1,0,0,N,N
ACC-10003961,787,0,0,2,0,4,0,0,2,3,0,0,N,N
ACC-10003962,808,0,0,1,0,4,0,0,1,3,0,0,N,N
ACC-10003963,868,0,0,1,0,3,0,0,1,3,0,0,N,N
ACC-10003964,837,0,0,1,0,5,1,0,1,2,0,0,N,N
ACC-10003965,895,0,0,1,0,6,1,0,1,2,0,0,N,N
ACC-10003966,780,0,0,2,0,2,0,0,2,3,0,0,N,N
ACC-10003967,738,1,1,0,D,0,0,1,0,2,1,12,N,N
ACC-10003968,927,0,0,1,0,4,0,0,1,3,0,0,N,N
ACC-10003969,788,0,0,3,0,4,1,0,3,3,0,0,N,N
ACC-10003970,826,0,0,3,0,4,1,0,3,3,0,0,N,N
ACC-10003971,908,0,0,0,0,2,0,0,0,1,0,0,N,N
ACC-10003972,832,0,0,2,0,2,0,0,2,3,0,0,N,N
ACC-10003973,817,0,1,1,1,1,1,0,1,2,0,0,N,N
ACC-10003974,758,0,1,0,1,0,0,0,1,3,0,0,N,N
ACC-10003975,862,0,0,0,0,7,0,0,0,0,0,0,N,N
ACC-10003976,814,0,1,2,1,3,0,0,2,3,0,0,N,N
ACC-10003977,757,0,0,2,0,3,1,0,2,2,0,0,N,N
ACC-10003978,774,0,0,1,0,1,0,0,3,4,0,0,N,N
ACC-10003979,797,0,0,1,0,5,0,0,1,1,0,0,N,N
ACC-10003980,896,0,0,0,0,6,1,0,0,1,0,0,N,N
ACC-10003981,838,0,0,1,0,4,1,0,1,2,0,0,N,N
ACC-10003982,737,0,0,2,0,6,1,0,2,3,0,0,N,N
ACC-10003983,893,0,0,1,0,7,0,0,1,1,0,0,N,N
ACC-10003984,932,0,0,1,0,2,0,0,1,1,0,0,N,N
ACC-10003985,822,0,1,1,1,1,0,0,2,2,0,0,N,N
ACC-10003986,787,1,1,0,D,3,0,1,0,1,1,14,N,N
ACC-10003987,867,0,0,2,0,2,0,0,3,4,0,0,N,N
ACC-10003988,865,0,1,2,1,2,0,0,3,4,0,0,N,N
ACC-10003989,957,0,0,0,N,0,0,0,0,1,0,0,N,N
ACC-10003990,882,0,0,1,0,4,0,0,1,2,0,0,N,N
ACC-10003991,850,0,0,0,0,4,0,0,0,3,0,0,N,N
ACC-10003992,889,0,0,2,0,3,0,0,2,2,0,0,N,N
ACC-10003993,853,0,1,1,3,2,0,1,1,2,0,0,N,N
ACC-10003994,820,0,0,2,0,2,0,0,3,4,0,0,N,N
ACC-10003995,868,0,0,1,0,2,0,0,1,2,0,0,N,N
ACC-10003996,892,0,0,1,0,1,0,0,2,3,0,0,N,N
ACC-10003997,756,0,0,1,0,6,0,0,1,3,0,0,N,N
ACC-10003998,888,0,0,0,0,3,0,0,0,1,0,0,N,N
ACC-10003999,810,0,0,1,0,2,0,0,1,3,0,0,N,N
ACC-10004000,810,0,0,0,0,1,1,0,0,0,0,0,N,N
ACC-10004001,808,0,1,0,1,3,1,0,0,1,0,0,N,N
ACC-10004002,755,0,0,0,0,7,0,0,0,2,0,0,N,N
ACC-10004003,741,0,0,0,N,0,0,0,5,5,0,0,N,N
ACC-10004004,801,0,0,0,0,5,1,0,0,3,0,0,N,N
ACC-10004005,817,0,0,0,0,1,0,0,0,0,0,0,N,N
ACC-10004006,825,0,0,1,0,7,2,0,1,1,0,0,N,N
ACC-10004007,847,0,0,0,0,1,0,0,0,2,0,0,N,N
ACC-10004008,904,0,0,2,0,2,0,0,3,4,0,0,N,N
ACC-10004009,716,0,1,1,1,1,0,0,2,3,0,0,N,N
ACC-10004010,887,0,0,1,0,1,1,0,2,2,0,0,N,N
ACC-10004011,833,0,1,0,1,6,1,0,0,1,0,0,N,N
ACC-10004012,806,0,0,1,0,1,0,0,2,2,0,0,N,N
ACC-10004013,751,0,1,2,1,2,1,0,2,3,0,0,N,N
ACC-10004014,780,0,1,1,1,4,0,0,1,1,0,0,N,N
ACC-10004015,890,0,0,4,0,4,1,0,6,7,0,0,N,N
ACC-10004016,855,0,0,0,0,3,1,0,0,0,0,0,N,N
ACC-10004017,823,0,1,1,1,1,0,0,1,3,0,0,N,N
ACC-10004018,746,0,0,2,0,3,0,0,2,2,0,0,N,N
ACC-10004019,703,0,0,3,0,5,0,0,3,3,0,0,N,N
ACC-10004020,823,0,0,0,0,3,0,0,0,1,0,0,N,N
ACC-10004021,863,0,0,0,0,7,0,0,0,2,0,0,N,N
ACC-10004022,881,0,1,1,1,5,0,0,1,2,0,0,N,N
ACC-10004023,734,0,1,1,1,5,1,0,1,5,0,0,N,N
ACC-10004024,847,0,0,3,0,5,0,0,3,3,0,0,N,N
ACC-10004025,899,0,0,2,0,3,0,0,2,2,0,0,N,N
ACC-10004026,746,1,1,0,D,2,0,1,0,0,1,13,N,N
ACC-10004027,830,0,1,0,1,4,1,0,0,0,0,0,N,N
ACC-10004028,818,1,1,1,D,5,0,1,1,2,1,7,N,N
ACC-10004029,807,0,2,1,1,2,0,0,1,2,0,0,N,N
ACC-10004030,745,0,0,3,0,5,1,0,3,5,0,0,N,N
ACC-10004031,921,0,0,2,0,7,1,0,2,3,0,0,N,N
ACC-10004032,913,0,0,1,0,5,0,0,1,1,0,0,N,N
ACC-10004033,856,0,0,0,0,2,0,0,0,0,0,0,N,N
ACC-10004034,899,0,0,1,0,2,0,0,1,2,0,0,N,N
ACC-10004035,923,0,0,1,0,3,0,0,1,2,0,0,N,N
ACC-10004036,791,0,0,0,0,2,0,0,0,1,0,0,N,N
ACC-10004037,935,0,0,1,0,3,1,0,1,2,0,0,N,N
ACC-10004038,859,0,0,0,0,5,1,0,0,0,0,0,N,N
ACC-10004039,866,0,0,0,0,2,0,0,0,0,0,0,N,N
ACC-10004040,812,0,0,1,0,1,1,0,1,1,0,0,N,N
ACC-10004041,964,0,0,0,0,2,0,0,0,1,0,0,N,N
ACC-10004042,762,0,0,2,0,2,0,0,2,4,0,0,N,N
ACC-10004043,821,0,0,0,0,5,0,0,0,3,0,0,N,N
ACC-10004044,797,0,0,1,0,2,0,0,1,3,0,0,N,N
ACC-10004045,798,0,0,2,0,2,0,0,2,3,0,0,N,N
ACC-10004046,832,0,0,2,0,3,1,0,2,3,0,0,N,N
ACC-10004047,963,0,0,1,0,4,0,0,1,2,0,0,N,N
ACC-10004048,785,0,0,4,0,5,0,0,4,5,0,0,N,N
ACC-10004049,869,0,0,0,0,2,0,0,0,2,0,0,N,N
ACC-10004050,725,0,1,0,1,4,2,0,0,1,0,0,N,T
ACC-10004051,692,0,0,3,0,4,1,0,3,5,0,0,N,N
ACC-10004052,866,0,0,0,0,6,1,0,0,0,0,0,N,N
ACC-10004053,870,0,1,0,1,3,0,0,0,1,0,0,N,N
ACC-10004054,890,0,0,1,0,1,0,0,2,5,0,0,N,N
ACC-10004055,821,0,0,1,0,1,0,0,2,4,0,0,N,N
ACC-10004056,736,1,2,2,D,2,0,2,2,3,1,11,N,N
ACC-10004057,863,0,0,1,0,1,0,0,1,1,0,0,N,N
ACC-10004058,830,0,0,2,0,2,2,0,2,2,0,0,N,N
ACC-10004059,828,0,0,2,0,4,0,0,2,2,0,0,N,N
ACC-10004060,908,0,0,2,0,5,0,0,2,2,0,0,N,N
ACC-10004061,757,0,0,0,0,2,0,0,0,0,0,0,N,N
ACC-10004062,906,0,1,0,1,2,0,0,0,0,0,0,N,N
ACC-10004063,798,0,0,2,0,2,0,0,2,3,0,0,N,N
ACC-10004064,823,0,0,2,0,2,1,0,5,5,0,0,N,N
ACC-10004065,910,0,0,1,0,3,0,0,1,2,0,0,N,N
ACC-10004066,694,0,2,3,1,3,0,0,3,4,0,0,N,N
ACC-10004067,849,0,0,2,0,3,0,0,2,2,0,0,N,N
ACC-10004068,864,0,0,1,0,5,1,0,1,1,0,0,N,N
ACC-10004069,819,0,1,4,3,4,2,1,5,5,0,0,N,N
ACC-10004070,913,0,1,0,1,2,0,0,0,0,0,0,N,N
ACC-10004071,856,0,0,0,0,3,1,0,0,0,0,0,N,N
ACC-10004072,702,1,1,4,D,5,0,1,4,4,1,4,N,N
ACC-10004073,873,0,0,1,0,1,0,0,1,1,0,0,N,N
ACC-10004074,848,0,0,0,0,4,2,0,0,2,0,0,N,N
ACC-10004075,942,0,0,0,0,3,0,0,0,2,0,0,N,N
ACC-10004076,922,0,0,1,0,8,0,0,1,3,0,0,N,N
ACC-10004077,748,1,1,0,D,0,0,1,3,3,1,41,N,N
ACC-10004078,850,0,0,2,0,5,1,0,2,3,0,0,N,N
ACC-10004079,890,0,1,1,1,7,0,0,1,1,0,0,N,N
ACC-10004080,847,0,0,1,0,3,1,0,1,3,0,0,N,N
ACC-10004081,935,0,0,1,0,2,0,0,1,3,0,0,N,N
ACC-10004082,671,2,2,1,D,1,0,2,1,2,2,7,Y,N
ACC-10004083,699,0,0,1,0,3,0,0,1,1,0,0,N,N
ACC-10004084,740,0,0,2,0,2,0,0,2,2,0,0,N,N
ACC-10004085,938,0,0,1,0,2,0,0,1,1,0,0,N,N
ACC-10004086,938,0,0,2,0,5,0,0,2,2,0,0,N,N
ACC-10004087,815,0,0,2,0,3,0,0,2,2,0,0,N,N
ACC-10004088,785,0,0,1,0,3,0,0,1,1,0,0,N,N
ACC-10004089,694,0,0,2,0,3,1,0,2,2,0,0,N,T
ACC-10004090,861,0,0,1,0,2,0,0,1,1,0,0,N,N
ACC-10004091,772,0,0,1,0,3,0,0,1,1,0,0,N,N
ACC-10004092,867,0,0,1,0,4,1,0,1,3,0,0,N,N
ACC-10004093,893,0,0,1,0,5,0,0,1,2,0,0,N,N
ACC-10004094,731,0,1,2,1,4,1,0,2,5,0,0,N,N
ACC-10004095,818,0,1,0,3,0,0,1,1,1,0,0,N,N
ACC-10004096,872,0,0,0,0,5,0,0,0,2,0,0,N,N
ACC-10004097,844,0,0,1,0,6,0,0,1,1,0,0,N,N
ACC-10004098,791,0,1,3,3,8,4,1,3,3,0,0,N,N
ACC-10004099,768,0,1,0,1,3,1,0,0,0,0,0,N,N
ACC-10004100,758,1,1,1,D,2,0,2,1,2,1,4,N,T
ACC-10004101,771,0,0,2,0,3,1,0,2,3,0,0,N,N
ACC-10004102,840,0,0,0,0,4,1,0,0,1,0,0,N,T
ACC-10004103,861,1,1,0,D,3,0,1,0,1,1,5,N,N
ACC-10004104,712,1,1,1,D,3,2,2,1,1,1,5,N,T
ACC-10004105,754,0,0,3,0,3,1,0,3,6,0,0,N,N
ACC-10004106,964,0,0,0,0,3,0,0,0,1,0,0,N,N
ACC-10004107,923,0,0,0,0,7,0,0,0,1,0,0,N,N
ACC-10004108,848,0,0,1,0,4,0,0,1,2,0,0,N,N
ACC-10004109,697,0,0,1,0,1,0,0,4,4,0,0,N,T
ACC-10004110,907,0,0,0,N,0,0,0,0,1,0,0,N,N
ACC-10004111,829,0,0,2,0,3,0,0,2,2,0,0,N,N
ACC-10004112,839,1,1,2,D,2,0,1,2,3,1,2,N,N
ACC-10004113,793,0,1,0,1,1,0,0,0,0,0,0,N,N
ACC-10004114,730,0,0,1,0,3,0,0,1,2,0,0,N,N
ACC-10004115,740,0,0,2,0,2,0,0,5,8,0,0,N,N
ACC-10004116,852,0,0,2,0,2,1,0,2,3,0,0,N,N
ACC-10004117,703,1,1,1,D,2,0,1,1,2,1,4,N,N
ACC-10004118,927,0,1,0,1,6,1,0,0,1,0,0,N,N
ACC-10004119,829,0,0,0,0,4,0,0,0,0,0,0,N,N
ACC-10004120,768,0,0,3,0,6,1,0,3,3,0,0,N,N
ACC-10004121,850,0,0,1,0,1,0,0,2,3,0,0,N,N
ACC-10004122,896,0,0,1,0,1,0,0,1,1,0,0,N,N
ACC-10004123,927,0,1,0,1,0,0,0,0,1,0,0,N,N
ACC-10004124,935,0,0,0,0,3,0,0,0,1,0,0,N,N
ACC-10004125,979,0,1,0,1,0,0,0,0,0,0,0,N,N
ACC-10004126,847,0,0,2,0,7,1,0,2,4,0,0,N,N
ACC-10004127,863,0,0,0,N,0,0,0,2,3,0,0,N,N
ACC-10004128,838,0,0,1,0,5,0,0,1,2,0,0,N,N
ACC-10004129,817,0,1,1,1,3,0,0,1,3,0,0,N,N
ACC-10004130,929,0,0,0,N,0,0,0,1,1,0,0,N,N
ACC-10004131,893,0,0,1,0,7,1,0,1,2,0,0,N,N
ACC-10004132,781,0,1,0,1,3,0,0,0,1,0,0,N,N
ACC-10004133,816,1,1,0,D,3,1,1,0,1,1,7,N,N
ACC-10004134,785,0,0,1,0,3,0,0,1,1,0,0,N,N
ACC-10004135,746,1,1,1,D,1,0,1,1,1,1,4,N,N
ACC-10004136,803,0,0,2,0,3,1,0,2,3,0,0,N,N
ACC-10004137,810,0,0,1,0,1,0,0,1,2,0,0,N,N
ACC-10004138,741,0,0,2,0,5,0,0,2,3,0,0,N,N
ACC-10004139,858,0,0,0,0,3,0,0,0,0,0,0,N,T
ACC-10004140,906,0,0,1,0,3,1,0,1,2,0,0,N,N
ACC-10004141,829,0,0,1,0,3,0,0,1,1,0,0,N,N
ACC-10004142,804,0,1,2,3,3,1,1,2,3,0,0,N,N
ACC-10004143,811,0,0,0,0,4,0,0,0,1,0,0,N,N
ACC-10004144,773,0,1,1,1,5,2,0,1,2,0,0,N,N
ACC-10004145,748,0,0,3,0,4,0,0,3,4,0,0,N,N
ACC-10004146,839,0,0,1,0,7,1,0,1,3,1,8,N,N
ACC-10004147,768,1,1,2,D,4,0,1,2,3,1,4,N,N
ACC-10004148,832,0,0,0,0,4,0,0,0,1,0,0,N,N
ACC-10004149,821,0,0,3,0,4,0,0,3,3,0,0,N,N
ACC-10004150,938,0,0,3,0,3,0,0,3,4,0,0,N,N
ACC-10004151,739,0,0,2,0,5,2,0,2,2,0,0,N,N
ACC-10004152,760,0,0,0,0,4,0,0,0,0,0,0,N,N
ACC-10004153,724,0,0,2,0,6,1,0,2,3,0,0,N,N
ACC-10004154,823,0,0,1,0,2,0,0,1,1,0,0,N,N
ACC-10004155,729,0,0,4,0,4,1,0,5,5,0,0,N,N
ACC-10004156,831,0,0,3,0,3,0,0,3,3,0,0,N,N
ACC-10004157,893,0,0,0,0,4,0,0,0,0,0,0,N,N
ACC-10004158,881,0,0,1,0,4,1,0,1,2,0,0,N,N
ACC-10004159,852,1,1,0,D,3,1,1,0,0,1,8,N,N
ACC-10004160,965,0,0,0,0,4,0,0,0,2,0,0,N,N
ACC-10004161,883,0,0,1,0,7,1,0,1,2,0,0,N,N
ACC-10004162,656,0,1,1,1,4,1,0,1,2,0,0,N,N
ACC-10004163,799,0,0,3,0,4,0,0,3,5,0,0,N,N
ACC-10004164,819,0,0,1,0,3,0,0,1,1,0,0,N,N
ACC-10004165,807,0,0,2,0,2,0,0,2,2,0,0,N,N
ACC-10004166,815,0,0,1,0,2,1,0,1,3,0,0,N,N
ACC-10004167,852,0,0,1,0,3,0,0,1,2,0,0,N,N
ACC-10004168,793,0,0,1,0,1,0,0,3,5,0,0,N,N
ACC-10004169,756,0,0,1,0,7,0,0,1,2,0,0,N,N
ACC-10004170,767,0,0,2,0,4,1,0,2,2,0,0,N,N
ACC-10004171,729,0,0,4,0,6,3,0,4,7,0,0,N,T
ACC-10004172,850,0,0,1,0,2,1,0,1,1,0,0,N,N
ACC-10004173,886,0,1,0,3,7,1,1,0,1,0,0,N,N
ACC-10004174,952,0,0,1,0,1,1,0,1,3,0,0,N,N
ACC-10004175,858,0,0,2,0,4,1,0,2,3,0,0,N,N
ACC-10004176,853,0,1,1,1,3,0,0,1,2,0,0,N,N
ACC-10004177,769,0,0,1,0,1,0,0,2,3,0,0,N,N
ACC-10004178,727,0,0,2,0,2,0,0,3,3,0,0,N,N
ACC-10004179,841,0,0,0,0,5,1,0,0,0,0,0,N,N
ACC-10004180,732,1,2,2,D,4,0,1,2,4,1,13,N,N
ACC-10004181,747,0,0,1,0,6,2,0,1,3,0,0,N,T
ACC-10004182,814,0,0,1,0,1,1,0,2,2,0,0,N,T
ACC-10004183,802,0,1,4,1,4,0,0,5,5,0,0,N,N
ACC-10004184,795,0,0,2,0,2,0,0,2,5,0,0,N,N
ACC-10004185,868,0,0,2,0,3,0,0,2,3,0,0,N,N
ACC-10004186,873,0,0,1,0,3,0,0,1,2,0,0,N,N
ACC-10004187,752,1,1,1,D,1,0,1,2,2,1,15,N,N
ACC-10004188,822,0,0,1,0,2,0,0,1,1,0,0,N,N
ACC-10004189,820,0,1,1,1,2,0,0,1,1,0,0,N,N
ACC-10004190,892,0,0,1,0,6,1,0,1,1,0,0,N,N
ACC-10004191,810,1,2,0,D,3,0,1,0,0,1,24,N,N
ACC-10004192,863,0,0,1,0,2,0,0,1,1,0,0,N,N
ACC-10004193,746,0,1,0,1,3,0,0,0,1,0,0,N,N
ACC-10004194,847,1,1,0,D,0,0,1,1,1,1,2,N,N
ACC-10004195,861,0,1,1,1,2,0,0,1,2,0,0,N,N
ACC-10004196,839,0,1,1,1,4,0,0,1,3,0,0,N,N
ACC-10004197,653,1,1,1,D,1,0,2,2,3,1,7,N,N
ACC-10004198,767,1,2,1,D,5,0,3,1,1,1,11,N,T
ACC-10004199,866,0,0,0,0,4,0,0,0,1,0,0,N,N
ACC-10004200,913,0,0,1,0,5,0,0,1,2,0,0,N,N
ACC-10004201,836,0,0,2,0,3,1,0,2,3,0,0,N,N
ACC-10004202,885,0,1,1,1,2,0,0,1,1,0,0,N,N
ACC-10004203,943,0,0,0,N,0,0,0,1,2,0,0,N,N
ACC-10004204,864,0,1,2,1,4,1,0,2,2,0,0,N,N
ACC-10004205,729,0,0,2,0,3,0,0,2,4,0,0,N,N
ACC-10004206,897,0,0,1,0,2,0,0,1,1,0,0,N,N
ACC-10004207,761,0,1,3,1,5,1,0,3,4,0,0,N,N
ACC-10004208,803,0,0,0,N,0,0,0,0,2,0,0,N,N
ACC-10004209,897,0,0,1,0,4,0,0,1,2,0,0,N,T
ACC-10004210,897,0,0,1,0,3,0,0,1,2,0,0,N,N
ACC-10004211,739,0,0,2,0,7,1,0,2,2,0,0,N,N
ACC-10004212,724,1,1,1,D,1,0,1,1,2,1,3,N,N
ACC-10004213,835,0,0,1,0,5,2,0,1,3,0,0,N,N
ACC-10004214,865,0,1,0,1,3,0,0,0,2,0,0,N,N
ACC-10004215,788,0,0,1,0,2,0,0,1,2,0,0,N,N
ACC-10004216,817,0,0,0,0,8,1,0,0,1,1,28,N,N
ACC-10004217,722,1,1,4,D,4,0,2,4,4,1,25,N,N
ACC-10004218,932,0,1,2,3,2,0,1,2,2,0,0,N,N
ACC-10004219,705,0,0,3,0,8,0,0,3,4,0,0,N,N
ACC-10004220,749,1,1,1,D,1,0,1,2,3,1,8,N,N
ACC-10004221,770,0,0,1,0,1,0,0,1,2,0,0,N,N
ACC-10004222,682,0,2,2,1,4,0,0,2,4,0,0,N,N
ACC-10004223,841,0,0,1,0,5,1,0,1,1,0,0,N,N
ACC-10004224,833,0,1,2,3,2,0,1,2,4,0,0,N,N
ACC-10004225,655,1,1,1,D,3,0,2,1,3,1,2,N,N
ACC-10004226,783,0,0,1,0,1,0,0,4,5,0,0,N,N
ACC-10004227,886,0,0,1,0,1,0,0,1,1,0,0,N,N
ACC-10004228,870,0,0,1,0,5,0,0,1,1,0,0,N,N
ACC-10004229,888,0,0,0,N,0,0,0,0,0,0,0,N,N
ACC-10004230,792,0,0,2,0,3,1,0,2,4,0,0,N,N
ACC-10004231,828,0,0,1,0,4,2,0,1,2,0,0,N,N
ACC-10004232,902,0,0,1,0,3,0,0,1,1,0,0,N,N
ACC-10004233,784,0,0,2,0,4,2,0,2,2,0,0,N,N
ACC-10004234,837,0,0,0,0,2,1,0,0,0,0,0,N,N
ACC-10004235,785,0,2,1,1,3,0,0,1,3,0,0,N,N
ACC-10004236,739,0,0,1,0,6,1,0,1,1,0,0,N,N
ACC-10004237,919,0,0,2,0,2,0,0,2,3,0,0,N,N
ACC-10004238,811,0,0,1,0,7,0,0,1,2,0,0,N,T
ACC-10004239,885,0,0,1,0,6,1,0,1,1,0,0,N,N
ACC-10004240,800,1,2,0,D,6,0,2,0,1,1,7,N,N
ACC-10004241,804,0,0,0,0,4,0,0,0,0,0,0,N,N
ACC-10004242,844,0,2,1,1,1,0,0,1,2,0,0,N,N
ACC-10004243,743,0,0,3,0,6,0,0,3,3,0,0,N,N
ACC-10004244,800,0,0,2,0,3,2,0,2,2,0,0,N,N
ACC-10004245,839,0,0,1,0,1,0,0,2,3,0,0,N,N
ACC-10004246,828,0,0,1,0,3,0,0,1,1,0,0,N,N
ACC-10004247,835,0,0,0,0,2,0,0,0,2,0,0,N,N
ACC-10004248,828,1,1,0,D,5,1,1,0,1,1,7,N,N
ACC-10004249,817,0,0,0,0,4,1,0,0,2,0,0,N,N
ACC-10004250,796,0,1,3,1,3,1,0,3,3,0,0,N,N
ACC-10004251,782,0,0,1,0,3,1,0,1,2,0,0,N,N
ACC-10004252,928,0,1,1,1,7,0,0,1,1,0,0,N,N
ACC-10004253,787,0,0,2,0,6,1,0,2,3,0,0,N,N
ACC-10004254,838,0,0,0,0,5,2,0,0,0,0,0,N,N
ACC-10004255,827,0,0,2,0,4,0,0,2,2,0,0,N,T
ACC-10004256,747,0,1,2,1,2,0,0,2,3,0,0,N,N
ACC-10004257,889,0,1,0,1,4,1,0,0,0,0,0,N,N
ACC-10004258,662,1,1,1,D,1,0,2,2,5,1,8,N,N
ACC-10004259,887,0,0,1,0,3,0,0,1,1,0,0,N,N
ACC-10004260,807,1,1,2,D,3,2,2,2,2,1,6,N,N
ACC-10004261,906,0,0,1,0,5,0,0,1,1,0,0,N,N
ACC-10004262,827,0,0,0,0,1,0,0,0,1,0,0,N,N
ACC-10004263,865,0,0,1,0,2,0,0,1,1,0,0,N,N
ACC-10004264,899,0,0,1,0,1,0,0,2,2,1,3,N,N
ACC-10004265,921,0,1,1,1,2,0,0,1,2,0,0,N,N
ACC-10004266,741,0,0,5,0,5,0,0,5,5,0,0,N,N
ACC-10004267,799,1,1,1,D,4,0,1,1,4,1,12,N,T
ACC-10004268,832,0,0,1,0,4,1,0,1,2,0,0,N,N
ACC-10004269,864,0,1,1,3,3,0,1,1,2,0,0,N,N
ACC-10004270,762,0,0,0,0,1,0,0,0,1,0,0,N,N
ACC-10004271,634,0,0,1,0,1,0,0,4,4,0,0,N,N
ACC-10004272,926,0,0,1,0,2,0,0,1,4,0,0,N,N
ACC-10004273,861,0,1,1,1,1,0,0,1,1,0,0,N,N
ACC-10004274,928,0,0,1,0,2,0,0,1,2,0,0,N,N
ACC-10004275,732,1,2,2,D,2,0,1,3,4,1,4,N,N
ACC-10004276,766,0,0,2,0,4,0,0,2,3,0,0,N,T
ACC-10004277,787,0,1,2,1,2,0,0,2,2,0,0,N,N
ACC-10004278,959,0,0,0,0,4,1,0,0,1,0,0,N,N
ACC-10004279,788,0,0,1,0,2,0,0,1,1,0,0,N,N
ACC-10004280,716,0,0,1,0,3,0,0,1,2,0,0,N,N
ACC-10004281,813,0,0,1,0,5,0,0,1,1,0,0,N,N
ACC-10004282,769,0,0,2,0,3,0,0,2,3,0,0,N,N
ACC-10004283,791,0,0,0,0,4,0,0,0,1,0,0,N,N
ACC-10004284,793,0,1,1,1,8,0,0,1,1,0,0,N,N
ACC-10004285,945,0,0,1,0,5,0,0,1,3,0,0,N,N
ACC-10004286,857,0,1,0,1,3,0,0,0,1,0,0,N,N
ACC-10004287,901,0,0,2,0,3,0,0,2,4,0,0,N,N
ACC-10004288,855,0,1,1,1,4,1,0,1,3,0,0,N,N
ACC-10004289,763,1,1,0,D,1,0,2,0,1,1,14,N,N
ACC-10004290,795,0,0,1,0,1,0,0,2,3,0,0,N,N
ACC-10004291,894,0,1,0,1,4,0,0,0,0,0,0,N,N
ACC-10004292,945,0,0,3,0,4,0,0,3,3,0,0,N,N
ACC-10004293,851,0,1,0,1,2,0,0,0,0,0,0,N,N
ACC-10004294,786,0,0,0,N,0,0,0,2,2,0,0,N,N
ACC-10004295,790,0,2,2,1,2,0,0,2,2,0,0,N,N
ACC-10004296,672,1,1,0,D,0,0,1,2,3,1,8,N,N
ACC-10004297,832,0,0,0,0,6,0,0,0,0,0,0,N,N
ACC-10004298,812,0,0,1,0,3,0,0,1,1,0,0,N,N
ACC-10004299,891,0,0,2,0,2,0,0,2,3,0,0,N,N
ACC-10004300,823,0,0,2,0,3,0,0,2,2,0,0,N,N
ACC-10004301,775,0,1,1,1,2,0,0,1,1,0,0,N,N
ACC-10004302,657,0,1,2,1,2,0,0,2,3,0,0,N,N
ACC-10004303,849,0,0,1,0,1,0,0,1,1,0,0,N,T
ACC-10004304,762,0,0,2,0,6,1,0,2,2,0,0,N,N
ACC-10004305,819,0,0,1,0,4,1,0,1,1,0,0,N,N
ACC-10004306,946,0,0,0,0,3,0,0,0,1,0,0,N,N
ACC-10004307,950,0,0,0,0,6,0,0,0,0,0,0,N,N
ACC-10004308,940,0,0,0,0,3,0,0,0,0,0,0,N,N
ACC-10004309,912,0,0,0,0,3,0,0,0,1,0,0,N,N
ACC-10004310,809,0,0,4,0,5,0,0,4,5,0,0,N,N
ACC-10004311,839,0,1,2,1,4,0,0,2,4,0,0,N,N
ACC-10004312,720,0,0,2,0,3,0,0,2,3,0,0,N,N
ACC-10004313,804,1,1,1,D,2,0,1,1,1,1,13,N,N
ACC-10004314,846,0,0,2,0,3,0,0,2,2,0,0,N,N
ACC-10004315,891,0,0,0,0,4,1,0,0,0,0,0,N,N
ACC-10004316,754,0,1,1,1,4,1,0,1,1,0,0,N,N
ACC-10004317,842,0,0,0,0,3,0,0,0,2,0,0,N,N
ACC-10004318,888,0,0,1,0,4,0,0,1,1,0,0,N,N
ACC-10004319,875,0,0,2,0,2,0,0,2,2,1,4,N,N
ACC-10004320,862,0,0,0,N,0,0,0,0,1,0,0,N,N
ACC-10004321,999,0,0,1,0,4,0,0,1,2,0,0,N,N
ACC-10004322,844,0,0,0,0,6,1,0,0,2,0,0,N,N
ACC-10004323,858,0,0,0,0,1,0,0,0,1,0,0,N,N
ACC-10004324,853,0,0,1,0,3,0,0,1,1,0,0,N,N
ACC-10004325,922,0,1,1,1,5,0,0,1,1,0,0,N,N
ACC-10004326,789,0,1,1,1,5,0,0,1,2,0,0,N,T
ACC-10004327,811,0,0,0,0,4,0,0,0,2,0,0,N,N
ACC-10004328,805,0,0,0,0,3,1,0,0,1,0,0,N,N
ACC-10004329,863,0,0,2,0,6,0,0,2,3,0,0,N,N
ACC-10004330,999,0,0,0,0,2,0,0,0,1,0,0,N,N
ACC-10004331,769,0,0,1,0,1,0,0,3,4,0,0,N,N
ACC-10004332,938,0,0,0,0,2,1,0,0,1,0,0,N,N
ACC-10004333,813,0,0,2,0,3,1,0,2,3,0,0,N,N
ACC-10004334,944,0,0,0,0,3,0,0,0,0,0,0,N,N
ACC-10004335,890,0,0,2,0,5,0,0,2,2,0,0,N,N
ACC-10004336,863,0,0,2,0,2,0,0,2,2,0,0,N,N
ACC-10004337,669,1,1,3,D,4,0,1,3,4,1,6,N,N
ACC-10004338,783,0,1,0,3,2,0,1,0,1,0,0,N,N
ACC-10004339,826,0,0,2,0,3,0,0,2,4,0,0,N,N
ACC-10004340,834,0,0,1,0,2,2,0,1,2,0,0,N,N
ACC-10004341,904,0,0,0,0,2,0,0,0,0,0,0,N,N
ACC-10004342,826,0,1,2,1,7,0,0,2,2,0,0,N,N
ACC-10004343,791,1,1,0,D,5,0,1,0,1,1,16,N,N
ACC-10004344,817,0,0,0,0,3,0,0,0,0,0,0,N,N
ACC-10004345,812,0,0,2,0,4,0,0,2,2,0,0,N,N
ACC-10004346,842,0,0,2,0,4,0,0,2,2,0,0,N,N
ACC-10004347,823,1,2,0,D,2,0,1,0,2,1,6,N,N
ACC-10004348,821,0,0,0,0,2,1,0,0,1,0,0,N,N
ACC-10004349,880,0,0,0,0,3,0,0,0,0,0,0,N,N
ACC-10004350,865,0,0,1,0,1,0,0,1,3,0,0,N,N
ACC-10004351,897,0,0,0,0,7,0,0,0,0,0,0,N,N
ACC-10004352,838,0,0,0,0,3,1,0,0,1,0,0,N,N
ACC-10004353,826,0,1,0,1,5,1,0,0,1,0,0,N,N
ACC-10004354,875,0,0,0,0,7,0,0,0,1,0,0,N,N
ACC-10004355,789,0,0,2,0,8,1,0,2,2,0,0,N,N
ACC-10004356,881,0,1,0,1,2,1,0,0,2,0,0,N,N
ACC-10004357,847,0,0,1,0,4,0,0,1,1,0,0,N,N
ACC-10004358,916,0,0,2,0,4,0,0,2,2,0,0,N,N
ACC-10004359,924,0,0,0,0,4,0,0,0,3,0,0,N,N
ACC-10004360,646,0,0,3,0,3,2,0,3,3,0,0,N,T
ACC-10004361,814,0,0,1,0,6,1,0,1,3,0,0,N,N
ACC-10004362,874,0,0,0,0,2,0,0,0,3,0,0,N,N
ACC-10004363,778,0,0,1,0,1,0,0,3,3,0,0,N,N
ACC-10004364,960,0,0,0,0,3,0,0,0,0,0,0,N,N
ACC-10004365,816,0,0,0,0,2,0,0,0,0,0,0,N,T
ACC-10004366,798,0,0,3,0,6,0,0,3,3,0,0,N,N
ACC-10004367,855,0,0,0,0,2,0,0,0,1,0,0,N,N
ACC-10004368,828,0,0,1,0,1,0,0,1,2,0,0,N,N
ACC-10004369,874,0,0,2,0,2,1,0,3,3,0,0,N,N
ACC-10004370,922,0,0,2,0,3,1,0,2,2,0,0,N,N
ACC-10004371,692,1,1,1,D,1,0,1,2,4,1,4,N,N
ACC-10004372,857,0,0,0,0,1,0,0,0,1,1,13,N,N
ACC-10004373,834,0,1,0,3,2,0,1,0,0,0,0,N,N
ACC-10004374,823,0,0,1,0,1,0,0,1,2,0,0,N,N
ACC-10004375,890,0,0,0,0,3,0,0,0,2,0,0,N,N
ACC-10004376,807,0,1,0,1,4,0,0,0,0,0,0,N,N
ACC-10004377,748,1,1,3,D,7,0,1,3,3,1,21,N,N
ACC-10004378,805,0,0,1,0,5,0,0,1,2,0,0,N,N
ACC-10004379,870,0,0,2,0,2,0,0,2,2,0,0,N,N
ACC-10004380,762,0,0,3,0,4,0,0,3,3,0,0,N,N
ACC-10004381,845,0,0,1,0,2,0,0,1,1,0,0,N,N
ACC-10004382,822,0,0,1,0,1,0,0,2,3,0,0,N,N
ACC-10004383,769,0,1,1,1,4,0,0,1,1,0,0,N,N
ACC-10004384,789,0,0,1,0,2,0,0,1,1,0,0,N,N
ACC-10004385,761,0,0,1,0,5,1,0,1,1,0,0,N,N
ACC-10004386,793,0,1,3,1,8,1,0,3,3,0,0,N,N
ACC-10004387,858,0,0,1,0,7,0,0,1,1,0,0,N,N
ACC-10004388,915,0,2,2,3,3,0,1,2,3,0,0,N,N
ACC-10004389,819,0,1,1,1,2,0,0,1,1,0,0,N,N
ACC-10004390,821,1,1,0,D,2,0,1,0,2,1,7,N,N
ACC-10004391,784,0,0,1,0,1,0,0,2,2,0,0,N,N
ACC-10004392,810,0,0,2,0,2,1,0,2,3,0,0,N,N
ACC-10004393,932,0,0,1,0,1,0,0,1,2,0,0,N,N
ACC-10004394,858,0,0,0,0,3,0,0,0,1,0,0,N,N
ACC-10004395,792,0,0,1,0,4,1,0,1,2,0,0,N,N
ACC-10004396,811,0,0,0,0,1,0,0,0,0,0,0,N,N
ACC-10004397,852,0,0,0,N,0,0,0,3,5,0,0,N,N
ACC-10004398,887,0,0,0,N,0,0,0,1,1,0,0,N,N
ACC-10004399,754,1,1,0,D,0,0,1,0,1,1,20,N,T
ACC-10004400,808,0,0,2,0,4,1,0,2,2,0,0,N,N
ACC-10004401,757,0,0,0,0,7,1,0,0,1,0,0,N,N
ACC-10004402,733,0,1,1,1,1,0,0,3,4,0,0,N,N
ACC-10004403,817,0,1,1,1,1,0,0,1,1,0,0,N,N
ACC-10004404,666,0,1,5,1,7,1,0,5,5,0,0,N,N
ACC-10004405,799,0,0,1,0,4,0,0,1,2,0,0,N,N
ACC-10004406,734,0,1,2,1,5,0,0,2,3,0,0,N,T
ACC-10004407,937,0,0,0,0,2,1,0,0,0,1,4,N,N
ACC-10004408,835,0,0,0,0,6,3,0,0,0,0,0,N,T
ACC-10004409,874,0,0,0,0,4,0,0,0,0,0,0,N,N
ACC-10004410,793,0,1,1,3,3,0,1,1,2,0,0,N,N
ACC-10004411,750,1,1,1,D,3,0,2,1,2,1,11,N,N
ACC-10004412,767,0,0,1,0,4,0,0,1,2,0,0,N,N
ACC-10004413,756,1,1,0,D,0,0,2,3,4,1,7,N,N
ACC-10004414,770,0,0,1,0,4,1,0,1,2,0,0,N,T
ACC-10004415,779,0,0,2,0,4,1,0,2,3,0,0,N,N
ACC-10004416,876,0,0,2,0,4,0,0,2,3,0,0,N,N
ACC-10004417,807,0,0,0,0,5,0,0,0,1,0,0,N,N
ACC-10004418,809,0,0,0,N,0,0,0,0,0,0,0,N,N
ACC-10004419,918,0,0,0,0,8,1,0,0,1,0,0,N,N
ACC-10004420,926,0,0,0,0,3,0,0,0,1,0,0,N,N
ACC-10004421,866,0,0,1,0,1,0,0,1,2,0,0,N,N
ACC-10004422,888,0,0,0,0,3,0,0,0,0,0,0,N,N
ACC-10004423,813,0,0,0,0,1,0,0,0,1,0,0,N,N
ACC-10004424,827,0,0,1,0,4,1,0,1,2,0,0,N,N
ACC-10004425,785,0,0,0,0,3,1,0,0,0,0,0,N,N
ACC-10004426,833,0,0,1,0,2,0,0,1,1,0,0,N,N
ACC-10004427,808,0,0,1,0,2,1,0,1,1,0,0,N,N
ACC-10004428,866,0,0,1,0,2,0,0,1,1,0,0,N,N
ACC-10004429,763,0,0,1,0,5,0,0,1,2,0,0,N,N
ACC-10004430,951,0,0,0,0,1,0,0,0,1,0,0,N,T
ACC-10004431,728,1,1,0,D,1,0,1,0,1,1,20,N,N
ACC-10004432,769,0,0,1,0,2,0,0,1,1,0,0,N,N
ACC-10004433,743,0,0,1,0,2,0,0,1,2,0,0,N,N
ACC-10004434,848,0,0,4,0,4,1,0,4,5,0,0,N,N
ACC-10004435,857,0,0,1,0,8,0,0,1,3,0,0,N,N
ACC-10004436,917,0,0,1,0,1,0,0,1,2,0,0,N,N
ACC-10004437,853,0,0,3,0,3,0,0,3,5,0,0,N,N
ACC-10004438,788,0,0,1,0,5,2,0,1,2,0,0,N,N
ACC-10004439,864,1,1,1,D,2,0,1,1,1,1,5,N,N
ACC-10004440,829,0,0,1,0,3,0,0,1,1,0,0,N,N
ACC-10004441,797,0,0,0,0,3,0,0,0,1,0,0,N,N
ACC-10004442,873,0,1,0,1,3,1,0,0,0,0,0,N,T
ACC-10004443,753,0,1,2,1,6,0,0,2,2,0,0,N,N
ACC-10004444,865,0,0,1,0,3,0,0,1,1,0,0,N,N
ACC-10004445,787,1,1,1,D,4,0,1,1,1,1,6,N,N
ACC-10004446,887,0,0,1,0,6,0,0,1,1,0,0,N,N
ACC-10004447,858,0,0,0,0,4,0,0,0,0,0,0,N,N
ACC-10004448,739,0,0,1,0,1,0,0,1,2,0,0,N,N
ACC-10004449,857,0,0,1,0,1,0,0,1,2,0,0,N,N
ACC-10004450,837,0,0,4,0,5,0,0,4,4,0,0,N,N
ACC-10004451,843,0,0,0,0,7,0,0,0,0,0,0,N,N
ACC-10004452,892,0,1,1,1,3,0,0,1,3,0,0,N,N
ACC-10004453,884,0,0,0,0,6,0,0,0,0,0,0,N,N
ACC-10004454,850,0,0,0,N,0,0,0,2,3,0,0,N,N
ACC-10004455,842,0,1,3,1,6,0,0,3,4,0,0,N,N
ACC-10004456,636,1,1,1,D,3,0,2,1,2,1,9,N,N
ACC-10004457,789,0,1,1,1,5,2,0,1,2,0,0,N,N
ACC-10004458,717,1,1,0,D,1,1,2,0,0,1,7,N,N
ACC-10004459,833,0,0,0,0,3,0,0,0,0,0,0,N,T
ACC-10004460,765,0,1,1,1,1,0,0,2,3,0,0,N,N
ACC-10004461,800,0,0,2,0,2,0,0,3,4,0,0,N,N
ACC-10004462,820,0,0,3,0,9,1,0,3,4,0,0,N,N
ACC-10004463,715,0,1,1,1,4,2,0,1,1,0,0,N,N
ACC-10004464,917,0,0,2,0,3,0,0,2,2,0,0,N,N
ACC-10004465,914,0,0,1,0,3,0,0,1,1,0,0,N,N
ACC-10004466,907,0,0,1,0,1,0,0,1,2,0,0,N,N
ACC-10004467,764,1,1,1,D,3,0,1,1,3,1,10,N,N
ACC-10004468,654,2,2,1,D,6,1,2,1,2,2,4,N,N
ACC-10004469,776,1,1,0,D,2,0,1,0,1,1,12,N,N
ACC-10004470,757,0,1,1,1,8,2,0,1,2,0,0,N,T
ACC-10004471,800,0,0,2,0,4,0,0,2,3,0,0,N,N
ACC-10004472,833,0,0,0,0,6,0,0,0,1,0,0,N,N
ACC-10004473,897,0,0,2,0,5,0,0,2,5,0,0,N,N
ACC-10004474,796,0,0,1,0,3,2,0,1,4,0,0,N,N
ACC-10004475,881,0,0,0,0,3,0,0,0,1,0,0,N,N
ACC-10004476,770,1,1,1,D,2,0,1,1,1,1,6,N,N
ACC-10004477,991,0,0,1,0,5,0,0,1,1,0,0,N,N
ACC-10004478,831,0,0,1,0,4,0,0,1,2,0,0,N,N
ACC-10004479,854,0,0,2,0,2,0,0,2,2,0,0,N,N
ACC-10004480,865,0,0,0,0,1,0,0,0,0,0,0,N,N
ACC-10004481,890,0,0,1,0,1,0,0,2,2,0,0,N,N
ACC-10004482,821,0,0,0,0,4,1,0,0,2,0,0,N,N
ACC-10004483,761,0,1,0,1,3,2,0,0,1,0,0,N,N
ACC-10004484,795,0,2,1,3,2,1,1,1,1,0,0,N,N
ACC-10004485,775,0,0,3,0,3,1,0,3,3,0,0,N,N
ACC-10004486,807,0,0,1,0,1,1,0,1,1,0,0,N,N
ACC-10004487,878,0,1,1,3,2,0,1,1,2,0,0,N,N
ACC-10004488,797,0,0,2,0,5,1,0,2,2,0,0,N,N
ACC-10004489,904,0,0,0,0,1,1,0,0,0,0,0,N,N
ACC-10004490,812,0,0,3,0,7,1,0,3,4,0,0,N,N
ACC-10004491,849,0,0,0,0,6,1,0,0,1,0,0,N,N
ACC-10004492,856,0,0,1,0,3,0,0,1,3,0,0,N,N
ACC-10004493,865,0,1,1,1,3,0,0,1,2,0,0,N,N
ACC-10004494,743,0,0,3,0,4,0,0,3,4,0,0,N,N
ACC-10004495,777,0,0,2,0,5,0,0,2,5,0,0,N,N
ACC-10004496,829,0,0,1,0,2,0,0,1,1,0,0,N,T
ACC-10004497,825,0,0,0,N,0,0,0,4,6,0,0,N,N
ACC-10004498,760,0,1,2,1,2,0,0,2,3,0,0,N,N
ACC-10004499,865,0,0,0,0,4,0,0,0,0,0,0,N,N
ACC-10004500,783,0,0,1,0,5,1,0,1,1,0,0,N,N
ACC-10004501,860,0,0,2,0,3,0,0,2,2,0,0,N,N
ACC-10004502,753,1,1,1,D,3,0,2,1,2,1,18,N,N
ACC-10004503,888,0,0,0,0,4,0,0,0,2,1,6,N,N
ACC-10004504,737,0,1,3,3,4,0,1,3,4,0,0,N,N
ACC-10004505,867,0,0,2,0,3,0,0,2,3,0,0,N,N
ACC-10004506,820,0,0,1,0,1,0,0,1,2,0,0,N,N
ACC-10004507,827,0,0,2,0,2,0,0,3,4,0,0,N,N
ACC-10004508,881,0,0,2,0,2,0,0,2,2,0,0,N,N
ACC-10004509,813,0,0,2,0,3,0,0,2,2,0,0,N,N
ACC-10004510,817,0,1,0,1,4,1,0,0,0,0,0,N,N
ACC-10004511,663,0,2,1,1,1,0,0,1,2,0,0,N,N
ACC-10004512,872,1,1,0,D,2,0,1,0,2,1,2,N,N
ACC-10004513,765,0,0,3,0,3,0,0,3,3,0,0,N,N
ACC-10004514,855,0,0,2,0,2,0,0,2,3,0,0,N,N
ACC-10004515,808,1,1,1,D,3,0,1,1,1,1,15,N,N
ACC-10004516,805,0,0,0,0,3,1,0,0,1,0,0,N,T
ACC-10004517,758,0,0,1,0,3,1,0,1,1,0,0,N,N
ACC-10004518,762,0,0,1,0,3,3,0,1,1,0,0,N,N
ACC-10004519,788,0,0,1,0,4,1,0,1,3,0,0,N,N
ACC-10004520,913,0,0,0,0,2,0,0,0,1,0,0,N,N
ACC-10004521,808,0,1,0,1,6,0,0,0,1,0,0,N,N
ACC-10004522,843,0,1,2,3,3,0,1,2,2,0,0,N,N
ACC-10004523,880,0,0,0,0,2,0,0,0,0,0,0,N,N
ACC-10004524,718,1,1,1,D,3,2,1,1,1,1,6,N,N
ACC-10004525,712,1,1,1,D,7,3,1,1,1,1,5,N,N
ACC-10004526,784,0,0,0,0,5,1,0,0,1,0,0,N,N
ACC-10004527,865,0,0,0,0,7,0,0,0,3,0,0,N,N
ACC-10004528,866,0,0,0,0,3,0,0,0,1,0,0,N,N
ACC-10004529,893,0,0,1,0,1,0,0,1,1,0,0,N,N
ACC-10004530,893,0,1,0,1,3,0,0,0,0,0,0,N,N
ACC-10004531,911,0,0,2,0,3,0,0,2,2,0,0,N,N
ACC-10004532,779,0,0,2,0,2,1,0,3,5,0,0,N,N
ACC-10004533,819,0,0,1,0,2,0,0,1,1,0,0,N,N
ACC-10004534,792,0,0,2,0,3,0,0,2,4,0,0,N,N
ACC-10004535,904,0,0,0,0,3,1,0,0,0,0,0,N,N
ACC-10004536,738,0,0,2,0,2,0,0,2,2,0,0,N,N
ACC-10004537,737,1,2,2,D,4,0,1,2,4,1,4,N,N
ACC-10004538,901,0,0,1,0,1,0,0,2,3,0,0,N,N
ACC-10004539,863,0,1,0,1,0,0,0,0,1,0,0,N,N
ACC-10004540,944,0,1,0,1,3,1,0,0,3,0,0,N,N
ACC-10004541,768,0,0,2,0,2,1,0,5,5,0,0,N,N
ACC-10004542,862,0,0,0,0,6,0,0,0,0,0,0,N,N
ACC-10004543,729,0,0,1,0,4,2,0,1,1,0,0,N,N
ACC-10004544,848,0,0,0,0,2,1,0,0,0,0,0,N,N
ACC-10004545,806,0,1,3,3,4,0,1,3,3,0,0,N,N
ACC-10004546,816,0,0,1,0,1,0,0,3,3,0,0,N,N
ACC-10004547,774,0,0,1,0,4,1,0,1,3,0,0,N,T
ACC-10004548,830,0,0,1,0,6,0,0,1,2,0,0,N,N
ACC-10004549,829,0,0,2,0,7,0,0,2,3,0,0,N,N
ACC-10004550,724,0,0,3,0,4,0,0,3,3,0,0,N,T
ACC-10004551,891,0,0,2,0,3,0,0,2,2,0,0,N,N
ACC-10004552,833,0,0,1,0,2,0,0,1,2,0,0,N,N
ACC-10004553,801,0,1,2,1,6,1,0,2,2,0,0,N,N
ACC-10004554,697,1,1,1,D,1,0,1,2,3,1,5,N,N
ACC-10004555,717,0,0,4,0,4,0,0,6,8,0,0,N,T
ACC-10004556,878,0,0,2,0,3,0,0,2,3,0,0,N,N
ACC-10004557,778,0,1,2,1,2,0,0,3,4,0,0,N,T
ACC-10004558,746,0,1,2,1,4,0,0,2,5,0,0,N,N
ACC-10004559,779,0,0,3,0,5,0,0,3,5,0,0,N,N
ACC-10004560,878,0,0,2,0,2,1,0,4,7,0,0,N,N
ACC-10004561,773,0,0,0,0,4,0,0,0,1,0,0,N,N
ACC-10004562,824,0,1,0,1,4,1,0,0,0,0,0,N,N
ACC-10004563,789,0,0,0,N,0,0,0,1,1,0,0,N,N
ACC-10004564,819,0,1,0,1,6,0,0,0,1,0,0,N,N
ACC-10004565,982,0,0,0,0,5,0,0,0,1,0,0,N,N
ACC-10004566,789,0,1,0,3,7,1,1,0,0,0,0,N,N
ACC-10004567,875,0,0,1,0,2,0,0,1,2,0,0,N,T
ACC-10004568,825,0,0,0,0,4,0,0,0,3,0,0,N,N
ACC-10004569,733,0,0,3,0,4,0,0,3,3,0,0,N,T
ACC-10004570,735,0,0,2,0,2,0,0,3,4,0,0,N,N
ACC-10004571,860,0,0,1,0,2,0,0,1,2,0,0,N,N
ACC-10004572,788,0,0,1,0,5,1,0,1,2,0,0,N,N
ACC-10004573,874,0,1,2,1,7,1,0,2,3,0,0,N,N
ACC-10004574,890,0,0,0,0,3,0,0,0,0,0,0,N,N
ACC-10004575,904,0,0,2,0,7,2,0,2,2,0,0,N,T
ACC-10004576,798,0,0,3,0,3,0,0,3,3,0,0,N,N
ACC-10004577,772,0,1,1,3,3,0,1,1,1,0,0,N,T
ACC-10004578,882,0,0,3,0,5,0,0,3,3,0,0,N,N
ACC-10004579,770,0,0,1,0,1,0,0,1,1,0,0,N,N
ACC-10004580,701,0,0,3,0,4,2,0,3,4,0,0,N,N
ACC-10004581,866,0,0,2,0,6,0,0,2,4,0,0,N,N
ACC-10004582,775,0,1,2,1,2,1,0,4,5,0,0,N,N
ACC-10004583,861,0,0,0,0,7,0,0,0,0,0,0,N,N
ACC-10004584,861,0,0,3,0,4,0,0,3,3,0,0,N,N
ACC-10004585,880,0,0,0,0,2,1,0,0,0,0,0,N,N
ACC-10004586,834,0,1,0,3,1,0,1,0,1,0,0,N,N
ACC-10004587,811,0,0,1,0,3,0,0,1,1,0,0,N,N
ACC-10004588,811,0,0,1,0,2,0,0,1,2,0,0,N,N
ACC-10004589,850,0,1,1,1,4,0,0,1,2,0,0,N,N
ACC-10004590,844,0,0,1,0,1,0,0,1,1,0,0,N,N
ACC-10004591,836,0,0,1,0,4,1,0,1,1,0,0,N,N
ACC-10004592,932,0,0,0,N,0,0,0,0,0,0,0,N,N
ACC-10004593,862,0,0,1,0,3,0,0,1,2,0,0,N,N
ACC-10004594,807,0,0,1,0,4,1,0,1,4,0,0,N,N
ACC-10004595,774,0,0,1,0,3,1,0,1,2,0,0,N,T
ACC-10004596,738,1,1,1,D,1,0,1,1,1,1,7,N,N
ACC-10004597,686,0,0,1,0,1,1,0,3,4,0,0,N,T
ACC-10004598,787,0,0,2,0,6,1,0,2,3,0,0,N,N
ACC-10004599,756,0,1,2,1,2,1,0,2,4,0,0,N,T
ACC-10004600,818,0,1,0,3,5,0,1,0,0,0,0,N,N
ACC-10004601,804,0,0,1,0,5,1,0,1,1,0,0,N,N
ACC-10004602,801,0,0,1,0,4,1,0,1,3,0,0,N,N
ACC-10004603,936,0,0,2,0,2,0,0,2,2,0,0,N,N
ACC-10004604,869,0,2,1,1,6,1,0,1,4,0,0,N,T
ACC-10004605,827,0,0,4,0,4,0,0,4,4,0,0,N,N
ACC-10004606,848,0,0,1,0,3,0,0,1,1,0,0,N,T
ACC-10004607,795,0,2,0,1,2,0,0,0,1,0,0,N,N
ACC-10004608,858,0,1,1,1,1,0,0,1,2,0,0,N,N
ACC-10004609,774,0,0,0,N,0,0,0,2,2,0,0,N,N
ACC-10004610,860,0,0,1,0,1,0,0,1,1,0,0,N,N
ACC-10004611,843,1,1,1,D,5,0,2,1,2,1,12,N,N
ACC-10004612,846,0,0,2,0,4,0,0,2,4,0,0,N,N
ACC-10004613,725,1,1,2,D,3,0,2,2,2,1,6,N,N
ACC-10004614,901,0,1,2,1,2,0,0,2,2,0,0,N,N
ACC-10004615,776,0,1,0,1,3,1,0,0,0,0,0,N,N
ACC-10004616,852,0,0,0,0,4,2,0,0,0,0,0,N,N
ACC-10004617,992,0,0,2,0,3,0,0,2,4,0,0,N,N
ACC-10004618,888,0,0,0,0,5,0,0,0,2,0,0,N,N
ACC-10004619,829,0,0,0,N,0,0,0,1,3,0,0,N,N
ACC-10004620,864,0,0,0,N,0,0,0,1,1,0,0,N,N
ACC-10004621,801,0,0,2,0,5,0,0,2,3,0,0,N,N
ACC-10004622,794,0,0,0,0,4,1,0,0,0,0,0,N,N
ACC-10004623,871,0,0,3,0,3,0,0,3,4,0,0,N,N
ACC-10004624,715,1,2,2,D,2,0,1,3,6,1,11,N,N
ACC-10004625,846,0,0,0,0,4,0,0,0,0,0,0,N,N
ACC-10004626,830,0,0,2,0,4,0,0,2,2,0,0,N,N
ACC-10004627,838,0,0,0,0,2,0,0,0,4,0,0,N,N
ACC-10004628,861,0,1,0,1,3,0,0,0,0,0,0,N,N
ACC-10004629,805,0,0,2,0,2,0,0,3,5,0,0,N,N
ACC-10004630,845,0,0,1,0,5,0,0,1,2,0,0,N,N
ACC-10004631,728,1,1,1,D,3,2,2,1,1,1,6,N,N
ACC-10004632,845,0,1,1,1,2,0,0,1,4,0,0,N,N
ACC-10004633,757,0,0,2,0,3,0,0,2,2,0,0,N,T
ACC-10004634,804,0,0,1,0,3,2,0,1,2,0,0,N,N
ACC-10004635,750,0,1,3,3,7,0,1,3,5,0,0,N,N
ACC-10004636,865,0,0,2,0,2,0,0,2,5,0,0,N,N
ACC-10004637,746,1,1,1,D,2,0,1,1,2,1,15,N,N
ACC-10004638,811,1,1,1,D,1,0,1,1,4,1,12,N,N
ACC-10004639,826,0,0,0,0,2,0,0,0,1,0,0,N,T
ACC-10004640,850,0,0,1,0,4,0,0,1,1,0,0,N,N
ACC-10004641,752,0,1,1,3,4,0,1,1,3,0,0,N,N
ACC-10004642,885,0,0,0,0,2,0,0,0,0,0,0,N,N
ACC-10004643,843,1,1,1,D,2,0,1,1,3,1,14,N,N
ACC-10004644,908,0,1,1,1,3,1,0,1,1,0,0,N,N
ACC-10004645,686,1,1,2,D,2,1,1,2,4,1,11,N,N
ACC-10004646,788,0,0,2,0,6,0,0,2,2,0,0,N,N
ACC-10004647,727,0,0,1,0,2,0,0,1,1,0,0,N,T
ACC-10004648,820,0,0,0,N,0,0,0,1,1,0,0,N,N
ACC-10004649,816,0,0,0,N,0,0,0,0,1,0,0,N,N
ACC-10004650,844,0,0,1,0,5,0,0,1,1,0,0,N,N
ACC-10004651,847,0,2,1,1,1,0,0,3,5,0,0,N,N
ACC-10004652,815,0,0,1,0,1,0,0,3,3,0,0,N,N
ACC-10004653,808,0,0,1,0,1,0,0,3,3,0,0,N,N
ACC-10004654,783,0,1,1,1,2,1,0,1,1,0,0,N,N
ACC-10004655,764,1,1,1,D,2,0,1,1,1,1,15,N,N
ACC-10004656,897,0,0,0,0,2,0,0,0,0,0,0,N,N
ACC-10004657,894,0,0,1,0,4,1,0,1,3,0,0,N,N
ACC-10004658,701,1,1,1,D,6,0,1,1,1,1,30,N,N
ACC-10004659,869,0,1,0,1,3,0,0,0,1,0,0,N,N
ACC-10004660,857,0,0,2,0,2,0,0,2,3,0,0,N,N
ACC-10004661,782,0,0,1,0,3,0,0,1,1,0,0,N,N
ACC-10004662,800,0,0,0,0,3,1,0,0,0,0,0,N,N
ACC-10004663,706,1,1,0,D,3,0,1,0,0,1,9,N,N
ACC-10004664,722,1,1,0,D,0,0,1,1,2,1,8,N,N
ACC-10004665,875,0,0,2,0,2,0,0,2,2,0,0,N,N
ACC-10004666,909,0,1,1,1,4,0,0,1,3,0,0,N,N
ACC-10004667,822,0,0,0,0,2,1,0,0,1,0,0,N,N
ACC-10004668,905,0,1,0,1,1,0,0,0,1,0,0,N,N
ACC-10004669,790,0,0,3,0,3,0,0,4,5,0,0,N,N
ACC-10004670,847,0,0,2,0,3,0,0,2,4,0,0,N,N
ACC-10004671,929,0,0,0,N,0,0,0,0,0,0,0,N,N
ACC-10004672,551,1,2,3,D,9,1,1,3,3,1,2,N,T
ACC-10004673,874,0,0,0,N,0,0,0,0,1,0,0,N,N
ACC-10004674,764,0,0,1,0,6,1,0,1,3,0,0,N,N
ACC-10004675,805,0,0,2,0,2,0,0,3,3,0,0,N,N
ACC-10004676,775,0,0,1,0,2,0,0,1,3,0,0,N,T
ACC-10004677,831,0,0,0,N,0,0,0,0,0,0,0,N,N
ACC-10004678,771,0,0,2,0,3,0,0,2,2,0,0,N,N
ACC-10004679,920,0,0,2,0,4,0,0,2,3,0,0,N,N
ACC-10004680,864,0,1,0,1,3,0,0,0,2,0,0,N,N
ACC-10004681,837,0,0,1,0,1,1,0,3,3,0,0,N,N
ACC-10004682,972,0,0,0,0,2,0,0,0,0,0,0,N,N
ACC-10004683,805,0,1,2,1,4,0,0,2,3,0,0,N,N
ACC-10004684,722,0,0,1,0,5,0,0,1,2,0,0,N,N
ACC-10004685,835,0,0,1,0,5,0,0,1,1,0,0,N,N
ACC-10004686,840,0,0,1,0,5,0,0,1,1,0,0,N,N
ACC-10004687,878,0,0,0,0,1,0,0,0,0,0,0,N,N
ACC-10004688,829,0,0,0,0,1,0,0,0,0,0,0,N,N
ACC-10004689,922,0,0,0,0,6,0,0,0,2,0,0,N,N
ACC-10004690,838,0,1,1,3,1,0,1,2,4,0,0,N,N
ACC-10004691,886,0,0,0,0,2,0,0,0,0,0,0,N,N
ACC-10004692,817,0,1,1,3,5,1,1,1,4,0,0,N,N
ACC-10004693,848,0,1,0,1,3,0,0,0,0,0,0,N,N
ACC-10004694,832,0,0,1,0,3,0,0,1,1,0,0,N,N
ACC-10004695,876,0,2,0,1,5,0,0,0,2,0,0,N,N
ACC-10004696,882,0,0,1,0,1,0,0,1,1,0,0,N,N
ACC-10004697,810,0,0,2,0,2,0,0,3,3,0,0,N,N
ACC-10004698,821,0,0,1,0,3,0,0,1,1,0,0,N,N
ACC-10004699,912,0,0,0,0,2,0,0,0,0,0,0,N,N
ACC-10004700,922,0,1,0,1,2,2,0,0,1,0,0,N,N
ACC-10004701,852,0,0,2,0,3,0,0,2,3,0,0,N,N
ACC-10004702,789,0,0,1,0,4,2,0,1,1,0,0,N,T
ACC-10004703,928,0,0,0,0,3,0,0,0,0,0,0,N,N
ACC-10004704,823,0,0,0,0,7,0,0,0,1,0,0,N,N
ACC-10004705,809,0,0,0,0,3,0,0,0,2,0,0,N,N
ACC-10004706,800,0,0,2,0,2,0,0,2,3,0,0,N,N
ACC-10004707,849,0,0,0,0,2,1,0,0,0,0,0,N,N
ACC-10004708,900,0,0,0,0,3,0,0,0,1,0,0,N,N
ACC-10004709,894,0,0,2,0,5,1,0,2,3,0,0,N,N
ACC-10004710,916,0,1,1,3,3,1,1,1,1,0,0,N,N
ACC-10004711,877,0,0,0,0,7,1,0,0,1,0,0,N,N
ACC-10004712,816,0,0,2,0,6,0,0,2,3,0,0,N,N
ACC-10004713,687,1,1,1,D,4,1,1,1,5,1,2,N,N
ACC-10004714,755,1,2,0,D,4,1,1,0,0,1,6,N,N
ACC-10004715,865,0,0,1,0,4,0,0,1,1,0,0,N,N
ACC-10004716,823,0,0,2,0,3,0,0,2,3,0,0,N,T
ACC-10004717,700,0,0,4,0,4,1,0,4,5,0,0,N,N
ACC-10004718,836,0,0,0,0,1,0,0,0,2,0,0,N,N
ACC-10004719,866,0,0,0,N,0,0,0,1,1,0,0,N,N
ACC-10004720,807,1,1,0,D,0,0,1,2,2,1,2,N,N
ACC-10004721,858,0,0,0,N,0,0,0,2,3,0,0,N,N
ACC-10004722,785,0,1,1,1,1,0,0,1,2,0,0,N,N
ACC-10004723,805,0,0,3,0,5,1,0,3,4,0,0,N,T
ACC-10004724,839,0,2,3,1,3,0,0,3,3,0,0,N,N
ACC-10004725,734,0,1,3,3,3,2,1,3,4,0,0,N,N
ACC-10004726,843,0,1,0,1,6,0,0,0,2,0,0,N,N
ACC-10004727,764,0,0,0,0,3,1,0,0,2,0,0,N,N
ACC-10004728,770,0,1,3,1,5,1,0,3,3,0,0,N,N
ACC-10004729,803,0,0,1,0,7,0,0,1,3,0,0,N,N
ACC-10004730,851,0,0,0,0,3,0,0,0,2,0,0,N,N
ACC-10004731,836,0,0,0,0,7,0,0,0,1,0,0,N,N
ACC-10004732,904,0,0,0,0,6,0,0,0,2,0,0,N,N
ACC-10004733,811,0,0,2,0,3,0,0,2,3,0,0,N,N
ACC-10004734,775,0,0,2,0,4,0,0,2,2,0,0,N,N
ACC-10004735,943,0,0,0,0,2,0,0,0,0,0,0,N,N
ACC-10004736,773,1,1,2,D,3,0,1,2,4,1,5,N,N
ACC-10004737,727,0,1,1,1,1,0,0,2,4,0,0,N,N
ACC-10004738,862,0,1,1,1,1,0,0,3,3,0,0,N,N
ACC-10004739,787,0,0,0,0,4,0,0,0,1,0,0,N,N
ACC-10004740,797,1,2,1,D,5,3,3,1,3,1,5,N,N
ACC-10004741,834,0,0,1,0,1,0,0,2,2,0,0,N,N
ACC-10004742,815,0,0,2,0,3,1,0,2,3,0,0,N,N
ACC-10004743,953,0,0,0,0,5,0,0,0,1,0,0,N,N
ACC-10004744,917,0,0,2,0,2,0,0,3,4,0,0,N,N
ACC-10004745,798,0,1,1,1,8,2,0,1,2,0,0,N,N
ACC-10004746,929,0,0,1,0,2,1,0,1,1,0,0,N,N
ACC-10004747,731,1,1,0,D,1,0,1,0,0,1,5,N,T
ACC-10004748,895,0,0,0,0,3,1,0,0,0,0,0,N,N
ACC-10004749,881,0,0,0,0,5,1,0,0,1,0,0,N,N
ACC-10004750,755,0,1,1,3,7,0,1,1,4,0,0,N,T
ACC-10004751,778,0,0,0,N,0,0,0,1,1,0,0,N,N
ACC-10004752,789,0,1,2,1,2,0,0,2,2,0,0,N,N
ACC-10004753,804,0,0,2,0,2,1,0,2,2,0,0,N,N
ACC-10004754,807,0,1,2,1,3,0,0,2,2,0,0,N,N
ACC-10004755,684,1,1,1,D,3,0,2,1,1,1,2,N,T
ACC-10004756,893,0,0,0,0,2,0,0,0,1,0,0,N,N
ACC-10004757,788,0,0,1,0,5,0,0,1,2,0,0,N,N
ACC-10004758,646,0,1,4,3,6,1,1,4,6,0,0,N,N
ACC-10004759,765,0,0,1,0,2,0,0,1,1,0,0,N,N
ACC-10004760,771,0,0,2,0,5,1,0,2,3,0,0,N,N
ACC-10004761,872,0,0,1,0,1,0,0,1,1,0,0,N,N
ACC-10004762,755,0,0,4,0,4,1,0,4,5,0,0,N,N
ACC-10004763,892,0,0,1,0,5,0,0,1,2,0,0,N,N
ACC-10004764,861,0,1,2,1,3,1,0,2,2,0,0,N,N
ACC-10004765,882,0,0,1,0,1,0,0,1,1,0,0,N,N
ACC-10004766,822,0,0,1,0,3,1,0,1,1,0,0,N,N
ACC-10004767,836,0,0,2,0,5,0,0,2,3,0,0,N,T
ACC-10004768,753,1,1,0,D,3,1,1,0,0,1,5,N,N
ACC-10004769,809,0,0,2,0,2,0,0,3,4,0,0,N,N
ACC-10004770,875,0,0,1,0,2,0,0,1,2,0,0,N,N
ACC-10004771,957,0,0,0,0,6,0,0,0,1,0,0,N,N
ACC-10004772,838,0,0,1,0,4,1,0,1,1,0,0,N,N
ACC-10004773,745,1,1,2,D,3,0,2,2,2,1,10,N,N
ACC-10004774,764,0,2,0,1,5,0,0,0,1,0,0,N,N
ACC-10004775,905,0,0,1,0,5,1,0,1,2,0,0,N,N
ACC-10004776,872,0,0,0,0,4,0,0,0,0,0,0,N,N
ACC-10004777,843,0,0,1,0,2,1,0,1,2,0,0,N,N
ACC-10004778,812,0,1,1,1,3,0,0,1,3,0,0,N,N
ACC-10004779,833,0,0,1,0,2,0,0,1,2,0,0,N,N
ACC-10004780,863,0,0,0,N,0,0,0,2,2,0,0,N,N
ACC-10004781,755,1,2,0,D,1,0,1,0,0,1,2,N,N
ACC-10004782,841,0,0,0,N,0,0,0,0,1,0,0,N,N
ACC-10004783,793,0,0,1,0,1,0,0,1,1,0,0,N,N
ACC-10004784,807,1,1,1,D,3,0,1,1,2,1,4,N,N
ACC-10004785,934,0,0,1,0,3,0,0,1,1,0,0,N,N
ACC-10004786,840,0,1,0,1,7,0,0,0,0,0,0,N,N
ACC-10004787,826,0,0,1,0,4,3,0,1,1,0,0,N,N
ACC-10004788,867,0,0,2,0,4,0,0,2,4,0,0,N,N
ACC-10004789,846,0,0,0,0,2,0,0,0,1,0,0,N,N
ACC-10004790,761,0,0,2,0,2,0,0,2,2,0,0,N,N
ACC-10004791,805,0,0,1,0,2,0,0,1,1,0,0,N,N
ACC-10004792,839,0,1,1,1,4,0,0,1,2,0,0,N,N
ACC-10004793,750,0,0,3,0,3,0,0,3,4,0,0,N,N
ACC-10004794,852,0,0,1,0,1,0,0,1,3,0,0,N,N
ACC-10004795,793,0,1,0,1,1,0,0,0,2,0,0,N,N
ACC-10004796,924,0,0,0,0,4,1,0,0,0,0,0,N,N
ACC-10004797,731,1,1,1,D,4,0,1,1,3,1,4,N,N
ACC-10004798,875,0,0,3,0,4,0,0,3,4,0,0,N,N
ACC-10004799,836,0,1,2,1,4,1,0,2,2,0,0,N,T
ACC-10004800,886,0,0,2,0,3,0,0,2,4,0,0,N,N
ACC-10004801,834,0,0,0,0,2,0,0,0,1,0,0,N,N
ACC-10004802,810,0,1,2,1,5,1,0,2,4,0,0,N,N
ACC-10004803,840,0,0,1,0,1,0,0,1,3,0,0,N,N
ACC-10004804,890,0,0,0,0,1,1,0,0,0,0,0,N,N
ACC-10004805,893,0,0,2,0,3,0,0,2,2,0,0,N,N
ACC-10004806,907,0,0,0,0,4,0,0,0,2,0,0,N,N
ACC-10004807,879,0,0,0,0,6,1,0,0,2,0,0,N,N
ACC-10004808,831,0,0,3,0,4,0,0,3,4,0,0,N,N
ACC-10004809,765,0,0,3,0,5,3,0,3,4,0,0,N,N
ACC-10004810,902,0,0,0,0,4,3,0,0,1,0,0,N,N
ACC-10004811,843,0,0,3,0,4,0,0,3,3,0,0,N,N
ACC-10004812,934,0,0,2,0,4,0,0,2,4,0,0,N,N
ACC-10004813,739,1,2,0,D,4,1,1,0,0,1,7,N,N
ACC-10004814,863,0,0,1,0,2,0,0,1,2,0,0,N,N
ACC-10004815,877,1,1,0,D,6,0,2,0,0,1,11,N,N
ACC-10004816,789,0,0,1,0,3,0,0,1,2,0,0,N,N
ACC-10004817,988,0,0,1,0,2,1,0,1,1,1,4,N,N
ACC-10004818,712,0,1,0,1,2,1,0,0,1,0,0,N,N
ACC-10004819,786,0,1,2,1,3,1,0,2,4,0,0,N,N
ACC-10004820,707,0,2,2,3,4,0,2,2,2,0,0,N,T
ACC-10004821,794,0,0,0,0,6,1,0,0,0,0,0,N,N
ACC-10004822,873,0,0,1,0,4,0,0,1,1,0,0,N,N
ACC-10004823,644,1,2,2,D,2,0,1,2,2,1,3,N,N
ACC-10004824,938,0,0,0,0,5,1,0,0,1,0,0,N,N
ACC-10004825,832,0,0,3,0,5,0,0,3,3,0,0,N,N
ACC-10004826,896,0,0,1,0,2,0,0,1,1,0,0,N,N
ACC-10004827,817,0,0,1,0,1,0,0,3,5,0,0,N,T
ACC-10004828,859,0,1,2,1,3,0,0,2,3,0,0,N,N
ACC-10004829,863,0,0,0,0,3,1,0,0,0,0,0,N,N
ACC-10004830,838,0,1,0,1,5,2,0,0,0,0,0,N,N
ACC-10004831,832,0,0,0,0,1,0,0,0,0,0,0,N,N
ACC-10004832,832,0,0,0,0,7,0,0,0,0,0,0,N,N
ACC-10004833,815,0,0,0,N,0,0,0,1,1,0,0,N,N
ACC-10004834,802,0,0,2,0,2,0,0,2,5,0,0,N,N
ACC-10004835,816,0,0,1,0,2,1,0,1,1,0,0,N,N
ACC-10004836,794,0,0,1,0,2,1,0,1,2,0,0,N,N
ACC-10004837,818,0,0,1,0,1,0,0,1,1,0,0,N,T
ACC-10004838,835,0,0,1,0,1,0,0,1,2,0,0,N,N
ACC-10004839,790,0,0,0,0,4,0,0,0,2,0,0,N,T
ACC-10004840,889,0,1,0,3,3,0,1,0,1,0,0,N,N
ACC-10004841,840,0,0,2,0,2,1,0,2,6,0,0,N,N
ACC-10004842,933,0,0,2,0,3,0,0,2,3,0,0,N,N
ACC-10004843,848,0,1,1,1,1,0,0,1,2,0,0,N,N
ACC-10004844,765,0,0,1,0,8,3,0,1,3,0,0,N,N
ACC-10004845,822,0,0,2,0,4,1,0,2,3,0,0,N,N
ACC-10004846,633,1,1,1,D,5,1,1,1,1,1,6,N,T
ACC-10004847,784,0,1,0,1,0,0,0,1,1,0,0,N,N
ACC-10004848,752,0,1,1,1,3,0,0,1,3,0,0,N,N
ACC-10004849,851,0,0,1,0,5,1,0,1,1,0,0,N,N
ACC-10004850,707,1,3,4,D,4,0,1,4,4,1,5,N,N
ACC-10004851,860,0,0,1,0,3,0,0,1,1,0,0,N,N
ACC-10004852,854,0,1,2,3,3,1,1,2,2,0,0,N,N
ACC-10004853,820,0,1,0,1,4,0,0,0,1,0,0,N,N
ACC-10004854,785,0,2,1,1,6,2,0,1,2,0,0,N,N
ACC-10004855,888,0,0,2,0,6,0,0,2,4,0,0,N,N
ACC-10004856,823,0,0,1,0,5,0,0,1,2,0,0,N,N
ACC-10004857,858,0,0,3,0,3,0,0,3,4,0,0,N,N
ACC-10004858,736,0,0,2,0,2,1,0,2,2,0,0,N,N
ACC-10004859,871,0,0,0,N,0,0,0,2,3,0,0,N,N
ACC-10004860,812,0,1,0,1,3,0,0,0,0,0,0,N,N
ACC-10004861,768,1,1,2,D,4,0,1,2,2,1,7,N,N
ACC-10004862,845,0,1,1,1,1,0,0,1,1,0,0,N,N
ACC-10004863,890,0,0,1,0,2,0,0,1,2,0,0,N,N
ACC-10004864,876,0,0,1,0,2,0,0,1,1,0,0,N,N
ACC-10004865,858,0,0,0,0,5,0,0,0,1,0,0,N,N
ACC-10004866,803,0,0,0,0,2,1,0,0,2,0,0,N,N
ACC-10004867,765,0,0,1,0,1,1,0,2,3,0,0,N,N
ACC-10004868,928,0,0,0,0,2,1,0,0,1,0,0,N,N
ACC-10004869,842,0,0,1,0,1,0,0,1,1,0,0,N,N
ACC-10004870,823,0,0,0,N,0,0,0,0,2,0,0,N,N
ACC-10004871,862,0,0,0,0,4,0,0,0,0,0,0,N,N
ACC-10004872,861,0,0,2,0,2,0,0,5,5,0,0,N,N
ACC-10004873,826,0,1,2,3,3,0,1,2,4,0,0,N,N
ACC-10004874,780,0,0,1,0,6,1,0,1,3,0,0,N,N
ACC-10004875,780,1,2,2,D,2,0,2,2,2,1,4,N,N
ACC-10004876,820,0,0,1,0,4,0,0,1,2,0,0,N,N
ACC-10004877,856,0,0,2,0,4,0,0,2,3,0,0,N,N
ACC-10004878,917,0,0,1,0,2,0,0,1,1,0,0,N,N
ACC-10004879,835,0,0,1,0,3,0,0,1,2,0,0,N,T
ACC-10004880,827,0,0,1,0,3,0,0,1,3,0,0,N,N
ACC-10004881,929,0,0,0,0,6,0,0,0,1,0,0,N,N
ACC-10004882,875,0,0,0,0,4,1,0,0,1,0,0,N,N
ACC-10004883,860,0,0,2,0,2,0,0,2,2,0,0,N,N
ACC-10004884,854,0,0,1,0,6,0,0,1,1,0,0,N,N
ACC-10004885,743,0,2,1,1,4,1,0,1,2,0,0,N,N
ACC-10004886,838,0,0,0,0,3,0,0,0,0,0,0,N,N
ACC-10004887,916,0,1,1,1,2,0,0,1,1,0,0,N,N
ACC-10004888,883,0,0,0,0,5,0,0,0,1,0,0,N,N
ACC-10004889,779,1,1,0,D,5,0,1,0,0,1,21,N,N
ACC-10004890,844,0,0,2,0,3,0,0,2,2,0,0,N,N
ACC-10004891,904,0,0,0,0,1,0,0,0,0,0,0,N,N
ACC-10004892,784,0,1,2,1,2,0,0,2,2,0,0,N,N
ACC-10004893,949,0,0,0,0,3,0,0,0,0,0,0,N,N
ACC-10004894,840,0,0,1,0,2,1,0,1,2,0,0,N,N
ACC-10004895,886,0,0,1,0,4,0,0,1,1,0,0,N,T
ACC-10004896,846,0,1,2,3,2,0,1,3,3,0,0,N,N
ACC-10004897,843,0,0,2,0,6,0,0,2,2,0,0,N,N
ACC-10004898,857,0,0,0,0,3,0,0,0,0,0,0,N,N
ACC-10004899,841,0,0,0,0,1,0,0,0,1,0,0,N,N
ACC-10004900,854,0,1,1,1,1,0,0,2,3,0,0,N,N
ACC-10004901,820,0,0,0,0,1,0,0,0,0,0,0,N,N
ACC-10004902,818,0,0,1,0,2,1,0,1,3,0,0,N,N
ACC-10004903,779,0,0,1,0,4,1,0,1,1,0,0,N,N
ACC-10004904,838,0,1,0,1,4,2,0,0,0,0,0,N,N
ACC-10004905,872,0,0,2,0,3,1,0,2,3,0,0,N,N
ACC-10004906,810,0,0,1,0,2,1,0,1,3,0,0,N,N
ACC-10004907,790,0,0,1,0,6,0,0,1,2,0,0,N,N
ACC-10004908,753,1,1,2,D,2,0,2,3,3,1,42,N,N
ACC-10004909,671,1,2,0,D,0,0,1,1,1,1,7,N,N
ACC-10004910,866,0,0,0,0,3,0,0,0,0,0,0,N,N
ACC-10004911,836,0,0,2,0,3,0,0,2,3,0,0,N,N
ACC-10004912,865,0,0,1,0,1,0,0,2,4,0,0,N,N
ACC-10004913,883,0,0,0,N,0,0,0,1,2,0,0,N,N
ACC-10004914,901,0,0,1,0,4,1,0,1,1,0,0,N,N
ACC-10004915,905,0,0,0,0,1,0,0,0,1,0,0,N,N
ACC-10004916,831,0,0,1,0,4,0,0,1,2,0,0,N,N
ACC-10004917,784,0,0,1,0,1,0,0,1,1,0,0,N,N
ACC-10004918,852,0,0,1,0,1,1,0,1,2,0,0,N,N
ACC-10004919,860,0,0,0,0,2,0,0,0,1,0,0,N,N
ACC-10004920,810,0,0,2,0,4,0,0,2,4,0,0,N,N
ACC-10004921,806,0,1,0,1,5,2,0,0,0,0,0,N,N
ACC-10004922,862,0,0,3,0,4,1,0,3,4,0,0,N,N
ACC-10004923,858,1,2,1,D,2,1,1,1,3,1,7,N,N
ACC-10004924,733,1,1,3,D,3,0,1,3,5,1,15,N,N
ACC-10004925,949,0,1,0,1,2,0,0,0,0,0,0,N,T
ACC-10004926,904,0,0,0,0,1,0,0,0,0,0,0,N,N
ACC-10004927,800,0,0,0,0,4,0,0,0,0,0,0,N,N
ACC-10004928,866,0,1,0,1,5,0,0,0,0,0,0,N,N
ACC-10004929,909,0,0,1,0,3,0,0,1,3,0,0,N,N
ACC-10004930,680,1,1,1,D,5,0,1,1,2,1,11,N,T
ACC-10004931,810,0,0,0,0,1,0,0,0,0,0,0,N,N
ACC-10004932,760,0,0,1,0,4,0,0,1,1,0,0,N,T
ACC-10004933,902,0,0,0,0,1,0,0,0,1,0,0,N,N
ACC-10004934,795,0,0,1,0,5,0,0,1,1,0,0,N,N
ACC-10004935,706,1,1,0,D,3,0,1,0,4,1,7,N,T
ACC-10004936,841,0,0,1,0,6,2,0,1,2,0,0,N,N
ACC-10004937,818,0,0,0,0,4,0,0,0,0,0,0,N,N
ACC-10004938,793,0,0,1,0,2,1,0,1,3,0,0,N,N
ACC-10004939,721,0,0,1,0,4,0,0,1,2,0,0,N,N
ACC-10004940,801,0,0,1,0,4,0,0,1,2,0,0,N,N
ACC-10004941,835,0,1,4,1,4,0,0,4,6,0,0,N,N
ACC-10004942,871,0,0,1,0,4,0,0,1,1,0,0,N,N
ACC-10004943,766,0,0,1,0,1,0,0,1,1,0,0,N,N
ACC-10004944,810,0,0,0,0,5,0,0,0,0,0,0,N,N
ACC-10004945,857,0,0,0,0,2,1,0,0,0,0,0,N,N
ACC-10004946,905,0,0,1,0,1,0,0,2,2,0,0,N,N
ACC-10004947,581,1,1,1,D,2,0,1,1,1,1,6,N,T
ACC-10004948,773,0,0,0,0,4,1,0,0,3,0,0,N,N
ACC-10004949,913,0,1,0,1,4,2,0,0,0,0,0,N,N
ACC-10004950,878,0,0,0,0,3,1,0,0,0,0,0,N,N
ACC-10004951,883,0,0,0,0,7,1,0,0,2,0,0,N,N
ACC-10004952,837,0,0,0,N,0,0,0,0,1,0,0,N,N
ACC-10004953,910,0,0,0,0,4,0,0,0,0,0,0,N,N
ACC-10004954,781,0,0,1,0,4,1,0,1,2,0,0,N,N
ACC-10004955,840,0,0,2,0,2,1,0,2,2,0,0,N,N
ACC-10004956,835,0,1,1,1,3,0,0,1,3,0,0,N,T
ACC-10004957,648,1,1,2,D,3,1,1,2,3,1,8,N,N
ACC-10004958,875,0,0,0,0,2,0,0,0,0,0,0,N,T
ACC-10004959,874,0,1,0,1,1,0,0,0,0,0,0,N,N
ACC-10004960,878,0,0,1,0,1,0,0,1,1,0,0,N,N
ACC-10004961,972,0,1,0,3,3,0,1,0,0,0,0,N,N
ACC-10004962,864,0,0,1,0,3,1,0,1,1,0,0,N,N
ACC-10004963,754,1,1,1,D,2,1,1,1,3,1,10,N,N
ACC-10004964,857,0,1,3,1,4,1,0,3,4,0,0,N,N
ACC-10004965,749,0,1,2,1,2,0,0,3,4,0,0,N,N
ACC-10004966,830,0,0,1,0,6,0,0,1,3,0,0,N,N
ACC-10004967,775,0,0,1,0,4,0,0,1,4,0,0,N,N
ACC-10004968,872,0,0,0,0,7,0,0,0,1,0,0,N,N
ACC-10004969,784,0,0,1,0,6,1,0,1,2,0,0,N,N
ACC-10004970,951,0,0,2,0,7,0,0,2,3,0,0,N,N
ACC-10004971,861,0,0,2,0,7,0,0,2,2,0,0,N,N
ACC-10004972,881,0,0,1,0,2,0,0,1,1,0,0,N,N
ACC-10004973,866,0,0,1,0,7,1,0,1,1,0,0,N,N
ACC-10004974,883,0,0,2,0,4,0,0,2,3,0,0,N,N
ACC-10004975,806,0,1,1,1,1,0,0,1,2,0,0,N,N
ACC-10004976,863,0,1,1,1,4,1,0,1,1,0,0,N,N
ACC-10004977,864,0,0,1,0,1,0,0,1,2,0,0,N,N
ACC-10004978,928,0,0,0,0,1,0,0,0,2,0,0,N,N
ACC-10004979,769,1,1,1,D,3,1,2,1,1,1,19,N,N
ACC-10004980,797,0,1,1,1,3,1,0,1,2,0,0,N,N
ACC-10004981,907,0,0,0,0,4,0,0,0,2,0,0,N,N
ACC-10004982,896,0,1,0,3,4,0,1,0,1,0,0,N,N
ACC-10004983,858,0,0,3,0,4,1,0,3,3,0,0,N,N
ACC-10004984,941,0,0,0,0,3,1,0,0,3,0,0,N,N
ACC-10004985,874,0,0,2,0,2,1,0,2,3,0,0,N,N
ACC-10004986,826,0,1,2,1,5,0,0,2,3,0,0,N,N
ACC-10004987,922,0,0,0,0,5,0,0,0,3,0,0,N,N
ACC-10004988,873,0,0,2,0,3,0,0,2,3,0,0,N,N
ACC-10004989,871,0,0,2,0,3,0,0,2,2,0,0,N,N
ACC-10004990,734,0,0,3,0,4,2,0,3,5,0,0,N,T
ACC-10004991,797,0,0,2,0,4,1,0,2,3,0,0,N,N
ACC-10004992,826,0,0,2,0,3,1,0,2,2,0,0,N,N
ACC-10004993,903,0,0,1,0,2,0,0,1,1,0,0,N,T
ACC-10004994,910,0,0,0,0,1,0,0,0,1,0,0,N,N
ACC-10004995,891,0,0,2,0,3,0,0,2,3,0,0,N,N
ACC-10004996,800,0,1,2,1,6,1,0,2,2,0,0,N,N
ACC-10004997,885,0,0,1,0,6,0,0,1,1,0,0,N,N
ACC-10004998,843,0,1,0,1,3,0,0,0,0,0,0,N,N
ACC-10004999,821,0,0,3,0,6,1,0,3,4,0,0,N,N
ACC-10005000,740,0,2,2,3,3,0,1,2,2,0,0,N,N
ACC-10005001,796,0,0,2,0,7,1,0,2,2,0,0,N,N
ACC-10005002,788,0,0,0,0,5,0,0,0,1,0,0,N,N
ACC-10005003,762,0,1,0,1,5,0,0,0,0,0,0,N,N
ACC-10005004,877,0,1,1,1,3,0,0,1,2,0,0,N,N
ACC-10005005,771,0,0,0,0,4,0,0,0,0,0,0,N,N
ACC-10005006,875,0,0,1,0,2,1,0,1,3,0,0,N,N
ACC-10005007,713,0,0,2,0,4,0,0,2,3,0,0,N,N
ACC-10005008,887,0,1,0,1,2,0,0,0,2,0,0,N,N
ACC-10005009,878,0,0,0,0,3,1,0,0,0,0,0,N,N
ACC-10005010,907,0,0,0,0,3,0,0,0,0,0,0,N,N
ACC-10005011,801,0,1,1,1,5,1,0,1,2,0,0,N,N
ACC-10005012,663,1,2,2,D,2,0,1,4,5,1,4,N,T
ACC-10005013,911,0,0,1,0,2,0,0,1,1,0,0,N,N
ACC-10005014,802,0,0,2,0,4,0,0,2,3,0,0,N,N
ACC-10005015,811,0,0,2,0,5,1,0,2,4,0,0,N,N
ACC-10005016,910,0,0,0,N,0,0,0,1,2,0,0,N,N
ACC-10005017,858,0,0,0,N,0,0,0,6,9,0,0,N,N
ACC-10005018,850,0,0,1,0,3,1,0,1,2,0,0,N,N
ACC-10005019,831,0,0,0,0,3,0,0,0,0,0,0,N,N
ACC-10005020,779,0,0,1,0,1,0,0,2,3,0,0,N,N
ACC-10005021,858,0,0,1,0,4,0,0,1,1,0,0,N,N
ACC-10005022,838,0,0,1,0,1,0,0,1,2,0,0,N,N
ACC-10005023,790,1,1,0,D,1,0,1,0,0,1,8,N,N
ACC-10005024,750,0,1,2,1,5,2,0,2,4,0,0,N,N
ACC-10005025,838,0,0,0,0,3,1,0,0,1,0,0,N,N
ACC-10005026,823,0,1,2,1,3,0,0,2,4,0,0,N,N
ACC-10005027,831,0,0,2,0,2,0,0,3,3,0,0,N,N
ACC-10005028,834,0,0,1,0,5,0,0,1,1,0,0,N,N
ACC-10005029,822,0,0,0,0,2,0,0,0,0,0,0,N,N
ACC-10005030,862,0,0,0,0,3,0,0,0,0,0,0,N,N
ACC-10005031,772,0,0,1,0,1,0,0,3,3,0,0,N,N
ACC-10005032,737,1,1,0,D,5,1,1,0,1,1,7,N,N
ACC-10005033,935,0,0,1,0,2,0,0,1,2,0,0,N,N
ACC-10005034,851,0,0,0,0,3,1,0,0,0,0,0,N,N
ACC-10005035,871,0,1,2,1,2,0,0,2,3,0,0,N,N
ACC-10005036,771,0,1,1,1,4,0,0,1,1,0,0,N,N
ACC-10005037,729,0,0,0,0,6,1,0,0,0,0,0,N,N
ACC-10005038,962,0,0,1,0,6,1,0,1,3,0,0,N,N
ACC-10005039,785,0,0,1,0,1,0,0,1,1,0,0,N,T
ACC-10005040,827,0,1,0,1,7,2,0,0,1,0,0,N,N
ACC-10005041,798,0,0,0,0,3,2,0,0,1,0,0,N,N
ACC-10005042,803,0,0,1,0,1,0,0,1,1,0,0,N,N
ACC-10005043,922,0,0,1,0,1,1,0,2,2,0,0,N,N
ACC-10005044,808,0,0,2,0,4,0,0,2,3,0,0,N,N
ACC-10005045,774,0,1,1,1,4,0,0,1,2,0,0,N,T
ACC-10005046,836,0,0,0,0,2,0,0,0,0,0,0,N,N
ACC-10005047,699,1,1,2,D,3,0,1,2,2,1,1,N,N
ACC-10005048,822,0,1,0,1,2,1,0,0,0,0,0,N,N
ACC-10005049,843,1,1,0,D,0,0,2,1,2,1,10,N,N
ACC-10005050,840,0,0,1,0,2,0,0,1,2,0,0,N,N
ACC-10005051,885,0,0,0,0,3,0,0,0,0,0,0,N,N
ACC-10005052,909,0,0,0,0,4,1,0,0,0,0,0,N,N
ACC-10005053,795,0,1,2,1,4,0,0,2,3,0,0,N,N
ACC-10005054,684,1,1,0,D,2,0,1,0,0,1,26,N,N
ACC-10005055,906,0,0,1,0,3,0,0,1,1,0,0,N,N
ACC-10005056,707,1,1,0,D,4,1,1,0,0,1,10,N,N
ACC-10005057,805,0,1,2,1,2,2,0,2,2,0,0,N,N
ACC-10005058,884,0,0,0,N,0,0,0,1,3,0,0,N,N
ACC-10005059,744,0,0,1,0,1,0,0,3,4,0,0,N,N
ACC-10005060,844,0,1,2,1,2,0,0,2,3,0,0,N,N
ACC-10005061,699,1,1,1,D,1,0,1,2,2,1,4,N,N
ACC-10005062,917,0,1,0,1,4,0,0,0,2,0,0,N,T
ACC-10005063,840,0,0,1,0,4,1,0,1,1,0,0,N,N
ACC-10005064,798,0,0,1,0,4,1,0,1,1,0,0,N,N
ACC-10005065,782,0,0,0,0,1,0,0,0,0,0,0,N,N
ACC-10005066,702,1,1,1,D,3,0,1,1,2,1,3,N,N
ACC-10005067,848,0,0,0,0,1,0,0,0,0,0,0,N,N
ACC-10005068,887,0,0,1,0,3,0,0,1,1,0,0,N,N
ACC-10005069,842,0,1,1,1,2,2,0,1,1,0,0,N,N
ACC-10005070,741,1,1,0,D,0,0,1,0,1,1,6,N,T
ACC-10005071,858,0,0,0,0,3,0,0,0,1,0,0,N,N
ACC-10005072,876,0,0,1,0,3,0,0,1,1,0,0,N,N
ACC-10005073,683,0,0,4,0,5,1,0,4,5,0,0,N,T
ACC-10005074,780,0,0,0,0,2,0,0,0,1,0,0,N,N
ACC-10005075,681,0,0,2,0,3,0,0,2,3,0,0,N,N
ACC-10005076,975,0,0,0,N,0,0,0,0,1,0,0,N,N
ACC-10005077,912,0,0,0,0,2,0,0,0,3,0,0,N,N
ACC-10005078,778,0,1,2,1,3,0,0,2,3,0,0,N,N
ACC-10005079,864,0,0,2,0,4,0,0,2,2,0,0,N,N
ACC-10005080,886,0,0,0,0,4,1,0,0,0,0,0,N,N
ACC-10005081,747,1,1,1,D,3,0,1,1,2,1,5,N,N
ACC-10005082,828,0,0,1,0,3,1,0,1,2,0,0,N,N
ACC-10005083,887,0,0,1,0,2,0,0,1,1,1,15,N,N
ACC-10005084,863,0,0,0,0,4,1,0,0,0,0,0,N,N
ACC-10005085,898,0,0,0,0,3,0,0,0,0,0,0,N,N
ACC-10005086,840,0,1,2,1,6,2,0,2,2,0,0,N,N
ACC-10005087,819,0,1,2,3,4,0,2,2,2,0,0,N,T
ACC-10005088,888,0,0,0,0,5,1,0,0,0,0,0,N,T
ACC-10005089,835,0,0,2,0,4,0,0,2,4,0,0,N,N
ACC-10005090,850,0,0,0,0,2,1,0,0,0,0,0,N,N
ACC-10005091,693,0,1,1,1,2,1,0,1,2,0,0,N,T
ACC-10005092,779,1,1,2,D,2,0,1,2,2,1,4,N,T
ACC-10005093,928,0,0,0,0,4,1,0,0,0,0,0,N,T
ACC-10005094,852,0,0,1,0,4,0,0,1,4,0,0,N,N
ACC-10005095,819,1,1,0,D,3,1,2,0,2,2,12,N,N
ACC-10005096,811,0,2,0,3,2,0,1,0,1,0,0,N,N
ACC-10005097,819,0,0,4,0,6,2,0,4,4,0,0,N,N
ACC-10005098,869,0,0,0,0,3,0,0,0,2,0,0,N,N
ACC-10005099,765,0,0,3,0,4,0,0,3,4,0,0,N,N
ACC-10005100,838,0,0,0,0,2,0,0,0,1,0,0,N,N
ACC-10005101,807,0,0,1,0,2,1,0,1,3,0,0,N,N
ACC-10005102,843,0,1,1,1,3,0,0,1,1,0,0,N,N
ACC-10005103,763,0,0,0,0,3,0,0,0,3,0,0,N,N
ACC-10005104,805,0,0,2,0,2,0,0,4,4,0,0,N,N
ACC-10005105,777,0,0,0,0,5,1,0,0,0,0,0,N,N
ACC-10005106,866,1,1,1,D,1,0,1,1,1,1,1,N,N
ACC-10005107,922,0,0,0,0,3,0,0,0,0,0,0,N,N
ACC-10005108,904,0,0,1,0,5,0,0,1,4,0,0,N,N
ACC-10005109,866,0,0,1,0,3,0,0,1,1,0,0,N,N
ACC-10005110,845,0,0,1,0,1,0,0,2,3,0,0,N,N
ACC-10005111,866,0,0,0,0,4,0,0,0,2,0,0,N,N
ACC-10005112,751,0,1,1,1,2,0,0,1,2,0,0,N,N
ACC-10005113,847,0,0,2,0,4,0,0,2,2,0,0,N,N
ACC-10005114,802,1,2,1,D,1,0,1,2,2,1,10,N,N
ACC-10005115,845,0,0,4,0,4,0,0,5,7,0,0,N,N
ACC-10005116,852,0,0,2,0,2,1,0,2,2,0,0,N,N
ACC-10005117,786,0,1,1,1,4,0,0,1,1,0,0,N,T
ACC-10005118,767,0,1,1,1,4,0,0,1,2,0,0,N,N
ACC-10005119,652,0,2,1,1,3,1,0,1,1,0,0,N,T
ACC-10005120,824,0,0,1,0,5,1,0,1,1,0,0,N,N
ACC-10005121,881,0,0,1,0,1,0,0,1,1,0,0,N,T
ACC-10005122,772,1,1,1,D,3,1,1,1,3,1,22,N,N
ACC-10005123,931,0,0,0,0,5,1,0,0,0,0,0,N,N
ACC-10005124,787,1,1,2,D,2,1,1,3,6,1,9,N,N
ACC-10005125,839,0,0,0,N,0,0,0,4,6,0,0,N,N
ACC-10005126,853,0,0,0,0,2,0,0,0,0,0,0,N,N
ACC-10005127,841,0,0,0,0,3,0,0,0,0,0,0,N,N
ACC-10005128,937,0,0,1,0,2,0,0,1,2,0,0,N,N
ACC-10005129,819,0,0,1,0,3,0,0,1,2,0,0,N,N
ACC-10005130,777,0,0,2,0,2,0,0,2,2,0,0,N,N
ACC-10005131,767,1,1,3,D,5,0,1,3,5,1,18,N,N
ACC-10005132,847,0,0,1,0,2,0,0,1,1,0,0,N,N
ACC-10005133,692,1,1,1,D,5,0,1,1,1,1,25,N,N
ACC-10005134,893,0,0,2,0,2,0,0,2,5,0,0,N,N
ACC-10005135,711,1,1,0,D,6,0,1,0,0,1,32,N,N
ACC-10005136,866,0,2,0,1,7,0,0,0,0,0,0,N,N
ACC-10005137,860,0,0,2,0,3,0,0,2,3,0,0,N,N
ACC-10005138,799,0,0,1,0,2,0,0,1,1,0,0,N,N
ACC-10005139,792,0,1,0,1,4,0,0,0,0,0,0,N,N
ACC-10005140,920,0,0,1,0,2,0,0,1,1,0,0,N,N
ACC-10005141,782,1,1,1,D,3,0,1,1,4,1,5,N,N
ACC-10005142,696,0,0,0,N,0,0,0,2,2,0,0,N,T
ACC-10005143,764,0,0,3,0,5,0,0,3,4,0,0,N,N
ACC-10005144,684,0,0,3,0,3,1,0,3,5,0,0,N,N
ACC-10005145,930,0,0,1,0,3,0,0,1,2,0,0,N,N
ACC-10005146,875,0,0,2,0,2,0,0,2,4,0,0,N,N
ACC-10005147,757,0,0,1,0,3,1,0,1,1,0,0,N,N
ACC-10005148,752,0,1,0,1,3,0,0,0,1,0,0,N,T
ACC-10005149,908,0,0,1,0,1,0,0,2,4,0,0,N,N
ACC-10005150,847,0,0,1,0,2,0,0,1,1,0,0,N,N
ACC-10005151,769,0,0,0,N,0,0,0,3,4,0,0,N,N
ACC-10005152,847,0,1,0,1,3,0,0,0,0,0,0,N,N
ACC-10005153,791,0,0,2,0,4,1,0,2,2,0,0,N,N
ACC-10005154,864,0,0,1,0,1,0,0,2,2,0,0,N,N
ACC-10005155,822,0,1,1,1,4,0,0,1,4,0,0,N,N
ACC-10005156,778,0,0,1,0,6,1,0,1,2,0,0,N,T
ACC-10005157,831,0,0,2,0,2,0,0,2,4,0,0,N,N
ACC-10005158,857,0,0,1,0,6,0,0,1,2,0,0,N,N
ACC-10005159,840,0,0,1,0,2,0,0,1,1,0,0,N,T
ACC-10005160,953,0,0,1,0,2,0,0,1,1,0,0,N,N
ACC-10005161,909,0,0,0,0,4,0,0,0,0,0,0,N,N
ACC-10005162,886,0,1,1,1,3,0,0,1,2,0,0,N,N
ACC-10005163,830,0,0,1,0,1,0,0,2,3,0,0,N,N
ACC-10005164,924,0,0,0,0,6,1,0,0,0,0,0,N,N
ACC-10005165,749,0,2,0,1,2,1,0,0,4,0,0,N,N
ACC-10005166,745,1,1,1,D,3,0,1,1,2,1,14,N,N
ACC-10005167,782,0,0,0,0,1,0,0,0,0,0,0,N,T
ACC-10005168,817,0,0,1,0,4,2,0,1,2,0,0,N,N
ACC-10005169,892,0,0,1,0,3,0,0,1,2,0,0,N,N
ACC-10005170,901,0,0,0,0,2,1,0,0,0,0,0,N,N
ACC-10005171,902,0,0,1,0,1,0,0,3,4,0,0,N,N
ACC-10005172,760,1,1,1,D,4,0,2,1,1,1,10,N,N
ACC-10005173,791,1,1,0,D,3,0,1,0,0,1,4,N,N
ACC-10005174,778,0,0,1,0,4,0,0,1,2,0,0,N,N
ACC-10005175,908,0,0,0,0,2,0,0,0,0,0,0,N,N
ACC-10005176,819,0,0,1,0,3,0,0,1,2,0,0,N,N
ACC-10005177,852,0,0,3,0,3,0,0,4,5,0,0,N,N
ACC-10005178,867,0,0,3,0,3,0,0,3,3,0,0,N,N
ACC-10005179,678,0,2,3,1,4,0,0,3,3,0,0,N,N
ACC-10005180,853,0,0,1,0,4,1,0,1,2,0,0,N,N
ACC-10005181,669,1,1,1,D,6,2,1,1,2,1,5,N,N
ACC-10005182,861,0,0,2,0,2,0,0,2,4,0,0,N,N
ACC-10005183,860,0,0,1,0,3,0,0,1,2,0,0,N,N
ACC-10005184,864,0,0,0,0,5,0,0,0,1,0,0,N,N
ACC-10005185,946,0,0,0,0,4,1,0,0,2,0,0,N,N
ACC-10005186,873,0,0,1,0,2,0,0,1,1,0,0,N,N
ACC-10005187,819,0,0,1,0,2,0,0,1,3,0,0,N,N
ACC-10005188,780,0,0,1,0,2,0,0,1,2,0,0,N,N
ACC-10005189,825,0,0,1,0,3,0,0,1,1,0,0,N,N
ACC-10005190,904,0,0,1,0,4,0,0,1,1,0,0,N,N
ACC-10005191,737,1,2,0,D,4,0,1,0,0,1,4,N,N
ACC-10005192,842,0,0,1,0,6,2,0,1,2,0,0,N,N
ACC-10005193,939,0,0,1,0,1,0,0,1,1,0,0,N,N
ACC-10005194,785,0,0,2,0,5,0,0,2,2,0,0,N,N
ACC-10005195,788,0,0,2,0,5,0,0,2,2,0,0,N,N
ACC-10005196,798,1,1,3,D,3,0,1,3,4,1,1,N,N
ACC-10005197,867,0,0,1,0,1,0,0,1,1,0,0,N,N
ACC-10005198,754,1,1,2,D,5,0,1,2,3,1,4,N,N
ACC-10005199,845,0,0,1,0,1,0,0,1,3,0,0,N,N
ACC-10005200,699,1,1,0,D,3,0,1,0,0,1,15,N,N
ACC-10005201,799,0,0,2,0,3,2,0,2,3,0,0,N,N
ACC-10005202,810,0,0,1,0,2,0,0,1,1,0,0,N,N
ACC-10005203,825,0,0,2,0,2,1,0,2,3,0,0,N,N
ACC-10005204,788,0,0,2,0,2,0,0,2,2,0,0,N,N
ACC-10005205,864,0,0,2,0,6,0,0,2,4,0,0,N,N
ACC-10005206,793,1,1,0,D,2,0,2,0,1,1,9,N,N
ACC-10005207,793,0,0,2,0,2,0,0,3,5,0,0,N,T
ACC-10005208,830,0,0,0,0,3,0,0,0,1,0,0,N,N
ACC-10005209,829,0,0,3,0,3,0,0,4,5,0,0,N,N
ACC-10005210,775,0,0,0,N,0,0,0,3,4,0,0,N,N
ACC-10005211,851,0,0,2,0,4,0,0,2,3,0,0,N,N
ACC-10005212,911,0,0,1,0,1,0,0,1,2,0,0,N,N
ACC-10005213,815,0,1,3,1,5,0,0,3,3,0,0,N,N
ACC-10005214,727,0,0,3,0,3,0,0,3,6,0,0,N,N
ACC-10005215,736,1,1,2,D,3,1,1,2,2,1,12,N,N
ACC-10005216,895,0,1,0,1,1,0,0,0,1,0,0,N,N
ACC-10005217,744,1,1,2,D,5,0,1,2,2,1,5,N,N
ACC-10005218,766,0,3,0,3,7,0,1,0,2,0,0,N,N
ACC-10005219,912,0,0,1,0,4,1,0,1,1,0,0,N,N
ACC-10005220,824,0,0,0,0,4,2,0,0,1,0,0,N,N
ACC-10005221,762,0,1,2,1,4,0,0,2,3,0,0,N,N
ACC-10005222,812,0,0,1,0,3,0,0,1,2,0,0,N,N
ACC-10005223,887,0,0,2,0,4,0,0,2,4,0,0,N,N
ACC-10005224,902,0,0,1,0,2,0,0,1,2,0,0,N,N
ACC-10005225,795,0,0,0,0,5,0,0,0,2,1,8,N,N
ACC-10005226,798,0,0,1,0,5,1,0,1,2,0,0,N,N
ACC-10005227,936,0,0,0,0,4,0,0,0,2,0,0,N,N
ACC-10005228,816,1,1,0,D,4,0,1,0,1,1,13,N,N
ACC-10005229,804,0,0,1,0,3,0,0,1,2,0,0,N,N
ACC-10005230,777,0,0,2,0,2,0,0,2,4,0,0,N,N
ACC-10005231,731,0,0,0,0,1,0,0,0,1,0,0,N,N
ACC-10005232,820,0,1,1,1,1,0,0,1,1,0,0,N,N
ACC-10005233,796,0,0,0,0,3,1,0,0,0,0,0,N,N
ACC-10005234,865,0,0,0,0,4,0,0,0,0,0,0,N,N
ACC-10005235,793,0,1,2,1,5,0,0,2,2,0,0,N,N
ACC-10005236,909,0,0,0,0,3,0,0,0,1,0,0,N,N
ACC-10005237,838,0,0,0,N,0,0,0,1,2,0,0,N,N
ACC-10005238,773,0,0,2,0,2,0,0,2,3,0,0,N,N
ACC-10005239,885,0,0,3,0,6,0,0,3,3,0,0,N,N
ACC-10005240,830,0,0,1,0,2,0,0,1,1,0,0,N,N
ACC-10005241,806,0,0,2,0,3,0,0,2,3,0,0,N,N
ACC-10005242,773,0,0,0,N,0,0,0,0,0,0,0,N,N
ACC-10005243,735,0,1,1,1,2,0,0,1,2,0,0,N,N
ACC-10005244,776,1,1,1,D,3,0,1,1,3,1,7,N,N
ACC-10005245,878,0,0,1,0,1,0,0,3,3,0,0,N,N
ACC-10005246,857,0,0,0,0,2,0,0,0,0,0,0,N,N
ACC-10005247,837,0,1,0,1,3,0,0,0,0,0,0,N,N
ACC-10005248,787,0,1,1,3,1,0,2,3,5,0,0,N,N
ACC-10005249,874,0,0,1,0,1,0,0,2,2,0,0,N,N
ACC-10005250,809,0,0,1,0,5,1,0,1,1,0,0,N,N
ACC-10005251,773,0,0,1,0,2,0,0,1,3,0,0,N,N
ACC-10005252,874,0,1,2,1,3,1,0,2,2,1,47,N,N
ACC-10005253,836,0,0,1,0,2,1,0,1,1,0,0,N,N
ACC-10005254,834,0,0,1,0,1,1,0,1,2,0,0,N,N
ACC-10005255,750,1,2,2,D,2,0,1,2,3,1,3,N,N
ACC-10005256,900,0,0,1,0,2,0,0,1,1,0,0,N,N
ACC-10005257,864,0,0,0,0,3,0,0,0,1,0,0,N,N
ACC-10005258,938,0,0,1,0,5,0,0,1,2,1,17,N,N
ACC-10005259,853,0,0,1,0,1,0,0,2,3,0,0,N,N
ACC-10005260,757,0,0,1,0,1,0,0,1,2,0,0,N,N
ACC-10005261,680,0,1,2,3,4,2,2,2,4,0,0,N,N
ACC-10005262,758,0,0,0,0,5,1,0,0,1,0,0,N,N
ACC-10005263,797,0,0,0,N,0,0,0,1,1,0,0,N,T
ACC-10005264,734,1,1,0,D,4,1,1,0,1,1,6,N,N
ACC-10005265,871,0,0,0,0,7,1,0,0,0,0,0,N,N
ACC-10005266,815,0,1,2,1,3,1,0,2,3,0,0,N,N
ACC-10005267,882,0,0,0,0,2,0,0,0,1,0,0,N,N
ACC-10005268,753,0,0,3,0,6,2,0,3,4,0,0,N,N
ACC-10005269,882,0,0,0,N,0,0,0,0,0,0,0,N,N
ACC-10005270,748,0,0,1,0,7,0,0,1,1,0,0,N,N
ACC-10005271,736,0,0,1,0,4,3,0,1,2,0,0,N,N
ACC-10005272,748,0,0,2,0,4,0,0,2,3,0,0,N,N
ACC-10005273,886,0,0,1,0,8,0,0,1,1,0,0,N,N
ACC-10005274,736,1,2,2,D,4,0,1,2,4,1,14,N,N
ACC-10005275,855,0,0,0,0,1,0,0,0,0,0,0,N,N
ACC-10005276,921,0,0,0,0,2,1,0,0,1,0,0,N,N
ACC-10005277,780,0,1,0,1,6,1,0,0,1,0,0,N,N
ACC-10005278,811,0,0,4,0,6,0,0,4,5,0,0,N,N
ACC-10005279,709,0,0,1,0,1,0,0,5,8,0,0,N,T
ACC-10005280,758,1,2,0,D,6,0,2,0,1,1,17,N,N
ACC-10005281,786,0,0,1,0,1,0,0,2,3,0,0,N,N
ACC-10005282,872,1,1,0,D,5,0,2,0,2,1,17,N,N
ACC-10005283,897,0,0,2,0,9,1,0,2,2,0,0,N,N
ACC-10005284,867,0,1,1,1,4,0,0,1,1,0,0,N,N
ACC-10005285,695,1,2,1,D,4,0,1,1,1,1,4,N,N
ACC-10005286,858,0,1,1,1,5,1,0,1,1,0,0,N,N
ACC-10005287,762,0,1,3,1,3,0,0,3,5,0,0,N,N
ACC-10005288,736,1,1,1,D,3,1,2,1,1,1,3,N,N
ACC-10005289,799,0,0,1,0,5,0,0,1,1,0,0,N,N
ACC-10005290,653,1,2,1,D,4,0,1,1,1,1,12,N,N
ACC-10005291,866,0,0,0,0,8,0,0,0,0,0,0,N,N
ACC-10005292,858,0,0,1,0,3,0,0,1,2,0,0,N,N
ACC-10005293,783,0,0,1,0,1,0,0,2,3,0,0,N,N
ACC-10005294,847,0,0,3,0,3,1,0,3,3,0,0,N,N
ACC-10005295,857,0,0,1,0,4,0,0,1,2,0,0,N,N
ACC-10005296,881,0,0,0,0,4,0,0,0,1,0,0,N,N
ACC-10005297,826,0,0,2,0,4,0,0,2,2,0,0,N,N
ACC-10005298,701,0,0,1,0,4,1,0,1,2,0,0,N,N
ACC-10005299,863,0,0,2,0,2,0,0,4,4,0,0,N,N
ACC-10005300,985,0,0,0,N,0,0,0,0,0,0,0,N,N
ACC-10005301,999,0,0,0,0,3,0,0,0,0,0,0,N,N
ACC-10005302,820,0,0,2,0,2,1,0,2,3,0,0,N,N
ACC-10005303,747,0,0,1,0,3,0,0,1,1,0,0,N,N
ACC-10005304,901,0,1,1,1,7,0,0,1,2,0,0,N,N
ACC-10005305,682,0,1,1,1,1,0,0,2,4,0,0,N,N
ACC-10005306,751,0,0,1,0,4,2,0,1,1,0,0,N,N
ACC-10005307,818,0,1,1,1,6,0,0,1,1,0,0,N,N
ACC-10005308,867,0,0,1,0,3,0,0,1,1,0,0,N,N
ACC-10005309,848,0,1,1,1,1,0,0,3,4,0,0,N,N
ACC-10005310,882,0,0,1,0,5,1,0,1,1,0,0,N,N
ACC-10005311,817,0,0,3,0,8,0,0,3,3,0,0,N,N
ACC-10005312,787,0,0,2,0,4,0,0,2,3,0,0,N,N
ACC-10005313,765,0,0,1,0,1,0,0,4,5,0,0,N,T
ACC-10005314,820,1,2,0,D,4,0,2,0,1,1,7,N,N
ACC-10005315,836,0,0,1,0,1,0,0,1,1,0,0,N,N
ACC-10005316,868,0,0,0,0,3,0,0,0,0,0,0,N,N
ACC-10005317,786,1,1,0,D,3,1,2,0,0,1,9,N,N
ACC-10005318,785,1,1,2,D,2,0,1,2,3,1,10,N,N
ACC-10005319,925,0,0,0,0,3,0,0,0,0,0,0,N,N
ACC-10005320,934,0,0,0,0,5,1,0,0,1,0,0,N,N
ACC-10005321,840,1,1,1,D,3,0,1,1,2,1,6,N,N
ACC-10005322,721,0,1,1,1,1,1,0,2,2,0,0,N,N
ACC-10005323,840,0,0,0,0,5,1,0,0,0,0,0,N,N
ACC-10005324,832,0,0,1,0,1,0,0,2,2,0,0,N,T
ACC-10005325,824,0,0,2,0,5,1,0,2,3,0,0,N,N
ACC-10005326,876,0,0,0,0,6,1,0,0,0,0,0,N,N
ACC-10005327,852,0,0,1,0,3,0,0,1,3,0,0,N,N
ACC-10005328,902,0,0,0,0,3,0,0,0,3,0,0,N,N
ACC-10005329,779,1,1,2,D,5,0,1,2,2,1,6,N,N
ACC-10005330,883,0,0,1,0,2,0,0,1,1,0,0,N,N
ACC-10005331,808,0,1,0,1,4,1,0,0,1,0,0,N,N
ACC-10005332,861,0,0,1,0,4,0,0,1,1,0,0,N,N
ACC-10005333,748,0,0,2,0,6,1,0,2,6,0,0,N,N
ACC-10005334,896,0,1,0,1,2,0,0,0,0,0,0,N,N
ACC-10005335,808,0,0,3,0,5,0,0,3,4,0,0,N,N
ACC-10005336,765,1,1,2,D,4,0,1,2,2,1,8,N,N
ACC-10005337,898,0,0,1,0,7,0,0,1,1,0,0,N,N
ACC-10005338,792,0,0,2,0,3,1,0,2,3,0,0,N,T
ACC-10005339,823,0,0,2,0,3,0,0,2,2,0,0,N,T
ACC-10005340,867,0,0,0,0,4,0,0,0,0,0,0,N,N
ACC-10005341,835,0,0,1,0,3,0,0,1,1,0,0,N,N
ACC-10005342,767,0,0,2,0,7,0,0,2,4,0,0,N,N
ACC-10005343,767,0,0,0,0,4,0,0,0,1,0,0,N,N
ACC-10005344,870,0,0,0,0,1,0,0,0,1,0,0,N,N
ACC-10005345,857,0,0,2,0,2,0,0,2,2,0,0,N,N
ACC-10005346,880,0,0,0,0,5,1,0,0,0,0,0,N,N
ACC-10005347,737,1,1,1,D,6,0,1,1,1,1,11,N,N
ACC-10005348,860,0,0,1,0,1,0,0,1,1,0,0,N,N
ACC-10005349,726,0,1,1,1,4,1,0,1,3,0,0,N,N
ACC-10005350,958,0,0,0,0,2,0,0,0,1,0,0,N,N
ACC-10005351,857,0,0,0,0,4,0,0,0,0,0,0,N,N
ACC-10005352,785,0,0,3,0,3,0,0,3,3,0,0,N,N
ACC-10005353,883,0,1,1,1,2,0,0,1,1,0,0,N,N
ACC-10005354,843,0,0,1,0,6,1,0,1,1,0,0,N,N
ACC-10005355,693,0,1,0,1,3,0,0,0,0,0,0,N,T
ACC-10005356,767,0,0,2,0,2,1,0,2,2,0,0,N,N
ACC-10005357,807,0,1,1,3,2,0,1,1,2,0,0,N,N
ACC-10005358,917,0,0,1,0,4,0,0,1,2,0,0,N,N
ACC-10005359,869,0,0,2,0,2,0,0,3,3,1,4,N,N
ACC-10005360,808,0,0,0,N,0,0,0,0,0,0,0,N,N
ACC-10005361,773,0,1,1,1,3,1,0,1,2,0,0,N,N
ACC-10005362,647,1,1,2,D,4,0,2,2,2,1,8,N,T
ACC-10005363,837,0,0,1,0,1,0,0,1,1,0,0,N,N
ACC-10005364,739,1,1,2,D,2,0,1,4,4,2,6,N,N
ACC-10005365,808,0,0,3,0,7,0,0,3,4,0,0,N,N
ACC-10005366,816,0,1,1,1,1,0,0,1,1,0,0,N,N
ACC-10005367,874,0,2,1,3,4,0,1,1,1,0,0,N,N
ACC-10005368,899,0,1,0,3,3,0,1,0,2,0,0,N,N
ACC-10005369,751,0,0,0,0,1,0,0,0,0,0,0,N,N
ACC-10005370,753,0,0,0,0,3,1,0,0,0,0,0,N,N
ACC-10005371,912,0,1,1,1,4,1,0,1,1,0,0,N,N
ACC-10005372,838,0,0,1,0,2,0,0,1,1,0,0,N,N
ACC-10005373,757,0,0,3,0,5,1,0,3,3,0,0,N,N
ACC-10005374,819,0,0,1,0,5,0,0,1,2,0,0,N,N
ACC-10005375,890,0,0,3,0,3,0,0,4,4,0,0,N,N
ACC-10005376,798,0,0,2,0,4,0,0,2,3,0,0,N,N
ACC-10005377,822,0,0,1,0,1,0,0,2,2,1,13,N,N
ACC-10005378,784,0,0,1,0,3,0,0,1,1,0,0,N,N
ACC-10005379,775,0,0,2,0,2,1,0,4,4,0,0,N,N
ACC-10005380,910,0,0,0,0,2,0,0,0,0,0,0,N,T
ACC-10005381,821,0,0,2,0,4,2,0,2,3,0,0,N,N
ACC-10005382,683,0,0,2,0,3,1,0,2,2,0,0,N,N
ACC-10005383,842,0,0,1,0,1,0,0,1,3,0,0,N,N
ACC-10005384,903,0,0,1,0,7,0,0,1,3,0,0,N,N
ACC-10005385,803,0,0,3,0,4,0,0,3,6,0,0,N,N
ACC-10005386,883,0,0,0,0,2,0,0,0,1,0,0,N,N
ACC-10005387,825,0,1,2,1,2,0,0,2,2,0,0,N,N
ACC-10005388,941,0,1,0,1,3,0,0,0,1,0,0,N,N
ACC-10005389,839,0,0,0,0,2,0,0,0,1,0,0,N,T
ACC-10005390,744,0,2,0,1,3,0,0,0,0,0,0,N,T
ACC-10005391,771,1,1,3,D,7,0,1,3,4,1,10,N,N
ACC-10005392,831,0,1,1,1,3,0,0,1,1,0,0,N,N
ACC-10005393,830,0,0,3,0,3,1,0,3,5,0,0,N,N
ACC-10005394,833,0,0,0,0,4,0,0,0,2,0,0,N,N
ACC-10005395,853,0,0,2,0,4,1,0,2,2,0,0,N,N
ACC-10005396,884,0,0,0,0,5,1,0,0,1,0,0,N,N
ACC-10005397,947,0,0,0,0,6,0,0,0,1,0,0,N,N
ACC-10005398,958,0,0,1,0,4,0,0,1,3,0,0,N,N
ACC-10005399,855,0,0,1,0,4,0,0,1,3,0,0,N,N
ACC-10005400,753,0,0,2,0,2,0,0,3,4,0,0,N,N
ACC-10005401,938,0,1,0,1,1,0,0,0,1,0,0,N,N
ACC-10005402,728,0,0,2,0,2,0,0,2,2,0,0,N,N
ACC-10005403,754,1,1,0,D,4,2,1,0,0,1,2,N,N
ACC-10005404,615,1,2,2,D,5,0,1,2,4,1,10,N,N
ACC-10005405,843,0,0,2,0,2,0,0,2,2,0,0,N,N
ACC-10005406,768,0,0,2,0,4,0,0,2,2,0,0,N,N
ACC-10005407,885,0,0,1,0,3,1,0,1,4,0,0,N,N
ACC-10005408,914,0,0,0,0,3,1,0,0,1,0,0,N,N
ACC-10005409,885,0,1,1,3,3,0,1,1,3,0,0,N,N
ACC-10005410,855,0,0,1,0,2,0,0,1,2,0,0,N,N
ACC-10005411,811,0,0,2,0,3,0,0,2,2,0,0,N,N
ACC-10005412,789,1,1,0,D,4,0,1,0,0,1,6,N,N
ACC-10005413,764,0,0,0,0,4,0,0,0,0,0,0,N,N
ACC-10005414,852,0,0,1,0,3,0,0,1,2,0,0,N,N
ACC-10005415,913,0,0,0,0,4,0,0,0,1,0,0,N,N
ACC-10005416,879,0,0,0,0,6,1,0,0,1,0,0,N,N
ACC-10005417,799,0,0,1,0,5,1,0,1,2,0,0,N,N
ACC-10005418,828,0,0,2,0,4,1,0,2,2,0,0,N,N
ACC-10005419,817,0,0,1,0,4,1,0,1,4,0,0,N,N
ACC-10005420,873,0,2,2,1,3,0,0,2,4,0,0,N,N
ACC-10005421,802,1,1,3,D,6,0,1,3,6,1,1,N,N
ACC-10005422,859,0,0,0,0,5,0,0,0,3,0,0,N,N
ACC-10005423,834,0,0,1,0,3,1,0,1,3,0,0,N,N
ACC-10005424,856,0,0,1,0,2,0,0,1,2,0,0,N,N
ACC-10005425,739,0,0,2,0,4,0,0,2,3,0,0,N,N
ACC-10005426,901,0,0,0,0,2,0,0,0,0,0,0,N,N
ACC-10005427,908,0,0,1,0,3,0,0,1,2,0,0,N,N
ACC-10005428,853,0,0,1,0,4,0,0,1,2,0,0,N,N
ACC-10005429,780,0,0,1,0,6,0,0,1,1,0,0,N,N
ACC-10005430,745,0,1,0,1,3,0,0,0,0,0,0,N,N
ACC-10005431,865,0,1,0,1,4,0,0,0,1,0,0,N,N
ACC-10005432,802,0,0,1,0,3,0,0,1,1,0,0,N,N
ACC-10005433,778,0,1,1,1,3,0,0,1,3,0,0,N,N
ACC-10005434,882,0,0,0,0,2,0,0,0,2,0,0,N,N
ACC-10005435,876,0,0,0,0,1,0,0,0,2,0,0,N,N
ACC-10005436,792,0,1,1,1,3,1,0,1,1,0,0,N,N
ACC-10005437,786,0,0,0,0,8,1,0,0,1,0,0,N,N
ACC-10005438,716,0,1,3,1,4,0,0,3,3,0,0,N,N
ACC-10005439,812,0,0,2,0,2,0,0,3,3,0,0,N,N
ACC-10005440,806,0,0,1,0,1,0,0,2,4,0,0,N,N
ACC-10005441,793,0,0,2,0,6,2,0,2,2,0,0,N,N
ACC-10005442,774,0,1,2,1,4,0,0,2,3,0,0,N,N
ACC-10005443,731,1,2,2,D,2,0,1,3,5,1,26,N,N
ACC-10005444,801,0,0,1,0,3,1,0,1,2,0,0,N,N
ACC-10005445,877,0,0,2,0,3,0,0,2,2,0,0,N,N
ACC-10005446,781,0,0,2,0,3,1,0,2,3,0,0,N,N
ACC-10005447,723,0,0,1,0,1,0,0,2,2,0,0,N,T
ACC-10005448,879,0,0,2,0,4,1,0,2,2,0,0,N,N
ACC-10005449,890,0,0,0,0,3,0,0,0,3,0,0,N,N
ACC-10005450,774,0,0,2,0,4,0,0,2,2,0,0,N,N
ACC-10005451,820,1,1,2,D,4,0,1,2,2,1,15,N,N
ACC-10005452,812,0,1,0,1,1,0,0,0,1,0,0,N,N
ACC-10005453,838,0,1,3,1,5,0,0,3,5,0,0,N,N
ACC-10005454,831,0,0,0,0,4,0,0,0,1,0,0,N,N
ACC-10005455,781,0,3,1,3,1,0,1,2,2,0,0,N,N
ACC-10005456,765,0,0,1,0,3,0,0,1,2,0,0,N,N
ACC-10005457,748,0,0,3,0,4,1,0,3,3,0,0,N,N
ACC-10005458,688,0,0,2,0,2,1,0,4,4,0,0,N,T
ACC-10005459,875,0,0,1,0,2,0,0,1,1,0,0,N,N
ACC-10005460,847,0,0,1,0,1,0,0,1,2,0,0,N,N
ACC-10005461,859,0,1,1,1,2,1,0,1,2,0,0,N,N
ACC-10005462,767,1,1,1,D,1,0,1,1,1,1,2,N,N
ACC-10005463,773,0,1,1,1,1,0,0,2,2,0,0,N,N
ACC-10005464,876,0,0,1,0,1,0,0,3,3,0,0,N,N
ACC-10005465,873,0,0,1,0,6,1,0,1,2,0,0,N,N
ACC-10005466,804,0,1,1,1,3,0,0,1,1,0,0,N,N
ACC-10005467,779,0,0,2,0,2,0,0,3,3,0,0,N,N
ACC-10005468,878,0,0,0,0,2,0,0,0,1,0,0,N,N
ACC-10005469,920,0,0,1,0,8,1,0,1,1,0,0,N,N
ACC-10005470,750,0,0,1,0,2,1,0,1,1,0,0,N,T
ACC-10005471,819,0,0,1,0,5,1,0,1,2,0,0,N,N
ACC-10005472,810,0,0,2,0,2,1,0,3,3,0,0,N,N
ACC-10005473,863,0,0,0,0,9,0,0,0,1,0,0,N,N
ACC-10005474,698,1,3,0,D,3,0,2,0,0,1,17,N,N
ACC-10005475,782,0,0,2,0,8,0,0,2,3,0,0,N,N
ACC-10005476,754,1,1,1,D,1,0,2,2,3,1,8,N,N
ACC-10005477,916,0,0,2,0,2,0,0,2,2,0,0,N,N
ACC-10005478,869,0,0,2,0,3,0,0,2,2,0,0,N,N
ACC-10005479,853,0,0,1,0,1,0,0,1,1,0,0,N,N
ACC-10005480,824,0,0,1,0,2,2,0,1,1,0,0,N,N
ACC-10005481,865,0,0,0,0,4,0,0,0,2,0,0,N,N
ACC-10005482,838,0,0,0,0,1,0,0,0,2,0,0,N,N
ACC-10005483,740,0,0,1,0,1,0,0,3,3,0,0,N,T
ACC-10005484,800,0,0,2,0,4,0,0,2,2,0,0,N,N
ACC-10005485,829,0,0,1,0,1,0,0,1,1,0,0,N,N
ACC-10005486,736,0,1,1,3,1,0,1,2,2,0,0,N,N
ACC-10005487,848,0,0,1,0,3,0,0,1,1,0,0,N,T
ACC-10005488,913,0,1,1,1,2,0,0,1,1,0,0,N,N
ACC-10005489,896,0,0,2,0,2,1,0,3,4,0,0,N,T
ACC-10005490,826,0,0,0,0,3,0,0,0,1,0,0,N,N
ACC-10005491,828,0,1,0,1,3,0,0,0,0,0,0,N,N
ACC-10005492,753,0,0,4,0,5,3,0,4,5,0,0,N,N
ACC-10005493,826,0,1,1,1,4,0,0,1,1,0,0,N,N
ACC-10005494,871,0,1,0,3,4,1,1,0,1,0,0,N,N
ACC-10005495,716,0,0,0,0,4,1,0,0,1,0,0,N,N
ACC-10005496,817,0,0,2,0,7,0,0,2,2,0,0,N,N
ACC-10005497,927,0,0,0,0,3,0,0,0,1,0,0,N,N
ACC-10005498,986,0,0,0,0,2,1,0,0,0,0,0,N,N
ACC-10005499,845,0,0,3,0,5,1,0,3,3,0,0,N,N
ACC-10005500,857,0,0,2,0,3,0,0,2,3,0,0,N,N
ACC-10005501,763,0,0,2,0,2,0,0,2,2,0,0,N,T
ACC-10005502,693,1,1,4,D,6,1,2,4,6,1,5,N,N
ACC-10005503,813,0,0,0,0,2,1,0,0,1,0,0,N,N
ACC-10005504,906,0,0,0,0,6,1,0,0,0,0,0,N,T
ACC-10005505,754,1,1,3,D,3,0,1,3,3,1,5,N,N
ACC-10005506,829,0,0,1,0,2,0,0,1,4,0,0,N,N
ACC-10005507,801,0,0,1,0,3,0,0,1,1,0,0,N,N
ACC-10005508,828,0,0,0,N,0,0,0,2,2,0,0,N,N
ACC-10005509,842,0,0,1,0,4,2,0,1,1,0,0,N,N
ACC-10005510,596,2,2,1,D,1,0,2,2,3,2,37,N,N
ACC-10005511,812,0,0,1,0,6,2,0,1,1,0,0,N,N
ACC-10005512,775,0,0,1,0,1,0,0,1,3,0,0,N,N
ACC-10005513,882,0,0,1,0,1,0,0,1,3,0,0,N,N
ACC-10005514,917,0,1,0,1,4,1,0,0,0,0,0,N,N
ACC-10005515,835,0,0,1,0,2,0,0,1,1,0,0,N,N
ACC-10005516,807,0,0,1,0,2,0,0,1,1,0,0,N,N
ACC-10005517,923,0,0,0,0,1,0,0,0,1,0,0,N,N
ACC-10005518,863,0,0,0,0,2,0,0,0,2,0,0,N,N
ACC-10005519,820,0,1,1,3,6,2,1,1,1,0,0,N,N
ACC-10005520,805,0,2,2,1,5,0,0,2,3,0,0,N,N
ACC-10005521,891,0,0,0,0,2,0,0,0,0,0,0,N,N
ACC-10005522,800,0,1,1,1,1,0,0,2,4,0,0,N,N
ACC-10005523,797,0,0,3,0,9,0,0,3,3,0,0,N,N
ACC-10005524,677,0,1,1,1,6,0,0,1,3,0,0,N,N
ACC-10005525,751,1,1,0,D,0,0,1,2,2,1,4,N,N
ACC-10005526,835,0,0,1,0,4,3,0,1,1,0,0,N,N
ACC-10005527,869,0,1,0,1,4,0,0,0,0,0,0,N,N
ACC-10005528,801,1,1,0,D,2,0,1,0,0,1,2,N,N
ACC-10005529,756,0,0,1,0,3,0,0,1,2,0,0,N,N
ACC-10005530,849,0,1,1,3,2,0,1,1,1,0,0,N,N
ACC-10005531,736,0,2,1,1,2,0,0,1,1,0,0,N,T
ACC-10005532,864,0,0,0,0,2,1,0,0,0,0,0,N,N
ACC-10005533,819,0,1,2,3,2,0,1,2,2,0,0,N,N
ACC-10005534,838,0,0,1,0,1,0,0,1,1,0,0,N,N
ACC-10005535,795,1,1,0,D,4,0,1,0,0,1,1,N,N
ACC-10005536,822,0,2,0,1,5,0,0,0,0,0,0,N,N
ACC-10005537,805,0,0,1,0,1,0,0,1,2,0,0,N,N
ACC-10005538,891,0,0,0,0,3,2,0,0,1,0,0,N,T
ACC-10005539,867,0,0,0,0,4,0,0,0,1,0,0,N,N
ACC-10005540,784,0,1,1,1,3,1,0,1,1,0,0,N,T
ACC-10005541,890,0,0,2,0,7,0,0,2,3,0,0,N,N
ACC-10005542,849,0,1,0,1,6,2,0,0,0,0,0,N,N
ACC-10005543,853,0,0,0,0,6,0,0,0,1,0,0,N,N
ACC-10005544,886,0,0,0,0,2,0,0,0,1,0,0,N,N
ACC-10005545,935,0,0,1,0,4,0,0,1,1,0,0,N,N
ACC-10005546,712,0,1,3,1,7,1,0,3,5,0,0,N,N
ACC-10005547,956,0,0,0,N,0,0,0,2,2,0,0,N,N
ACC-10005548,798,0,0,1,0,5,0,0,1,4,0,0,N,N
ACC-10005549,815,0,0,1,0,2,0,0,1,3,0,0,N,N
ACC-10005550,606,0,2,2,1,2,0,0,4,5,0,0,N,N
ACC-10005551,789,0,1,0,1,4,0,0,0,0,0,0,N,T
ACC-10005552,859,0,1,0,1,3,1,0,0,0,0,0,N,N
ACC-10005553,833,0,0,3,0,4,1,0,3,3,0,0,N,T
ACC-10005554,776,0,1,1,1,2,0,0,1,1,0,0,N,N
ACC-10005555,710,0,0,3,0,5,0,0,3,3,0,0,N,N
ACC-10005556,904,0,0,0,0,5,0,0,0,1,0,0,N,N
ACC-10005557,790,0,0,2,0,3,1,0,2,2,0,0,N,N
ACC-10005558,624,2,2,1,D,4,0,3,1,2,2,8,N,N
ACC-10005559,704,1,1,1,D,3,1,1,1,3,1,8,N,N
ACC-10005560,760,0,1,1,3,1,0,1,2,4,0,0,N,N
ACC-10005561,881,0,0,1,0,1,0,0,1,2,0,0,N,N
ACC-10005562,753,0,1,2,1,2,1,0,2,4,0,0,N,N
ACC-10005563,889,0,0,4,0,4,0,0,4,6,0,0,N,N
ACC-10005564,733,0,1,2,3,2,1,1,2,4,0,0,N,T
ACC-10005565,759,0,1,1,1,3,0,0,1,3,0,0,N,N
ACC-10005566,867,0,1,1,1,2,0,0,1,2,0,0,N,N
ACC-10005567,788,0,0,2,0,4,0,0,2,3,0,0,N,N
ACC-10005568,898,0,0,1,0,1,0,0,1,1,0,0,N,N
ACC-10005569,894,0,0,2,0,3,1,0,2,2,0,0,N,N
ACC-10005570,694,1,1,2,D,2,0,2,3,3,1,11,N,N
ACC-10005571,780,0,0,1,0,3,0,0,1,3,0,0,N,N
ACC-10005572,805,0,0,0,N,0,0,0,1,1,1,12,N,N
ACC-10005573,791,0,1,0,1,3,0,0,0,1,0,0,N,N
ACC-10005574,720,1,1,1,D,3,1,1,1,1,1,16,N,T
ACC-10005575,741,0,0,1,0,1,0,0,1,2,0,0,N,N
ACC-10005576,816,0,0,1,0,3,0,0,1,5,0,0,N,N
ACC-10005577,799,0,0,0,N,0,0,0,0,2,0,0,N,N
ACC-10005578,779,0,1,1,1,3,0,0,1,2,0,0,N,N
ACC-10005579,817,0,0,0,0,3,0,0,0,0,0,0,N,N
ACC-10005580,897,0,1,1,1,4,1,0,1,2,0,0,N,N
ACC-10005581,792,0,0,1,0,5,0,0,1,1,0,0,N,N
ACC-10005582,783,0,0,1,0,1,0,0,1,1,0,0,N,N
ACC-10005583,842,1,1,0,D,4,0,1,0,0,1,8,N,N
ACC-10005584,876,0,1,0,1,4,1,0,0,1,0,0,N,N
ACC-10005585,770,0,0,0,0,2,0,0,0,3,0,0,N,N
ACC-10005586,705,0,0,1,0,3,0,0,1,2,0,0,N,N
ACC-10005587,838,0,1,1,1,7,0,0,1,4,0,0,N,N
ACC-10005588,853,0,0,1,0,2,0,0,1,1,0,0,N,N
ACC-10005589,882,0,1,2,1,6,0,0,2,2,0,0,N,N
ACC-10005590,796,0,1,0,1,3,0,0,0,1,0,0,N,N
ACC-10005591,833,0,0,1,0,2,0,0,1,2,0,0,N,N
ACC-10005592,734,1,1,2,D,2,0,1,2,4,1,10,N,N
ACC-10005593,870,0,0,1,0,7,2,0,1,1,0,0,N,N
ACC-10005594,811,0,0,0,0,3,0,0,0,0,0,0,N,N
ACC-10005595,897,0,0,1,0,5,0,0,1,2,0,0,N,N
ACC-10005596,698,0,0,1,0,1,0,0,4,4,0,0,N,N
ACC-10005597,843,0,0,0,N,0,0,0,1,4,0,0,N,N
ACC-10005598,817,0,0,1,0,4,2,0,1,1,0,0,N,N
ACC-10005599,777,0,0,1,0,1,0,0,4,5,0,0,N,N
ACC-10005600,863,0,0,2,0,3,0,0,2,3,0,0,N,N
ACC-10005601,844,0,1,1,1,2,0,0,1,1,0,0,N,N
ACC-10005602,861,0,0,0,0,2,0,0,0,1,0,0,N,N
ACC-10005603,761,0,1,2,1,2,0,0,2,2,0,0,N,N
ACC-10005604,764,0,1,1,1,3,1,0,1,4,0,0,N,N
ACC-10005605,799,0,1,0,3,0,0,1,1,1,0,0,N,N
ACC-10005606,825,0,0,1,0,2,0,0,1,1,0,0,N,N
ACC-10005607,839,0,1,1,1,4,1,0,1,2,0,0,N,N
ACC-10005608,933,0,0,3,0,6,0,0,3,7,0,0,N,N
ACC-10005609,842,0,0,0,0,5,0,0,0,0,0,0,N,N
ACC-10005610,773,0,0,3,0,9,2,0,3,3,0,0,N,N
ACC-10005611,859,0,0,2,0,2,0,0,3,4,0,0,N,N
ACC-10005612,719,1,1,2,D,4,1,1,2,3,1,6,N,N
ACC-10005613,701,0,1,2,1,8,2,0,2,4,0,0,N,N
ACC-10005614,763,0,0,1,0,1,0,0,2,2,0,0,N,N
ACC-10005615,912,0,0,0,0,5,0,0,0,0,0,0,N,N
ACC-10005616,797,0,0,0,0,3,0,0,0,1,0,0,N,N
ACC-10005617,833,0,0,2,0,2,0,0,3,4,0,0,N,N
ACC-10005618,800,0,0,2,0,2,1,0,3,6,0,0,N,N
ACC-10005619,837,0,1,1,1,2,0,0,1,1,0,0,N,T
ACC-10005620,858,0,0,0,0,2,0,0,0,1,0,0,N,N
ACC-10005621,910,0,0,2,0,3,0,0,2,2,0,0,N,N
ACC-10005622,791,0,1,1,1,1,0,0,5,5,0,0,N,N
ACC-10005623,743,0,1,1,1,3,0,0,1,2,0,0,N,N
ACC-10005624,825,0,0,3,0,3,1,0,3,4,0,0,N,N
ACC-10005625,847,0,0,1,0,4,1,0,1,3,0,0,N,N
ACC-10005626,831,0,0,1,0,5,0,0,1,3,0,0,N,N
ACC-10005627,816,0,0,3,0,3,1,0,3,4,0,0,N,T
ACC-10005628,944,0,0,1,0,6,0,0,1,1,0,0,N,N
ACC-10005629,860,0,0,0,N,0,0,0,0,1,0,0,N,T
ACC-10005630,866,0,0,0,0,4,0,0,0,1,0,0,N,N
ACC-10005631,898,0,0,2,0,4,1,0,2,2,0,0,N,N
ACC-10005632,820,0,0,0,0,5,0,0,0,1,0,0,N,N
ACC-10005633,794,0,0,1,0,3,0,0,1,1,0,0,N,N
ACC-10005634,760,0,0,2,0,5,0,0,2,2,0,0,N,N
ACC-10005635,893,0,0,1,0,3,0,0,1,2,0,0,N,N
ACC-10005636,725,1,2,0,D,3,0,2,0,1,1,4,N,N
ACC-10005637,860,0,0,0,0,4,1,0,0,0,0,0,N,T
ACC-10005638,782,1,1,0,D,3,0,1,0,0,1,6,N,N
ACC-10005639,874,0,0,1,0,1,0,0,1,5,0,0,N,N
ACC-10005640,880,0,0,2,0,2,1,0,3,4,0,0,N,N
ACC-10005641,904,0,0,1,0,5,0,0,1,1,0,0,N,N
ACC-10005642,867,0,0,1,0,2,0,0,1,2,0,0,N,N
ACC-10005643,628,1,1,2,D,2,0,1,2,4,1,12,N,N
ACC-10005644,690,2,2,1,D,3,1,3,1,2,2,8,N,N
ACC-10005645,869,0,0,0,0,4,0,0,0,3,0,0,N,N
ACC-10005646,705,0,0,3,0,4,0,0,3,5,0,0,N,N
ACC-10005647,753,0,1,5,1,5,1,0,5,6,0,0,N,N
ACC-10005648,866,0,0,0,0,2,0,0,0,1,0,0,N,N
ACC-10005649,936,0,0,0,0,6,0,0,0,0,0,0,N,N
ACC-10005650,750,1,2,0,D,4,0,1,0,2,1,3,N,N
ACC-10005651,820,0,1,1,1,2,0,0,1,1,0,0,N,N
ACC-10005652,848,0,0,0,0,5,2,0,0,0,0,0,N,N
ACC-10005653,758,0,1,1,3,3,1,1,1,2,0,0,N,N
ACC-10005654,706,1,1,2,D,4,1,1,2,2,1,4,N,N
ACC-10005655,856,0,0,3,0,4,0,0,3,3,0,0,N,N
ACC-10005656,824,0,0,1,0,3,1,0,1,1,0,0,N,N
ACC-10005657,760,0,0,0,0,2,1,0,0,1,0,0,N,N
ACC-10005658,837,0,0,1,0,5,1,0,1,2,0,0,N,N
ACC-10005659,766,1,1,1,D,2,0,1,1,1,1,2,N,T
ACC-10005660,701,1,1,1,D,1,0,1,3,3,1,7,N,T
ACC-10005661,925,0,0,0,0,2,0,0,0,0,0,0,N,N
ACC-10005662,797,0,0,1,0,4,0,0,1,2,0,0,N,N
ACC-10005663,698,0,0,4,0,4,0,0,4,5,0,0,N,N
ACC-10005664,874,0,0,0,0,4,2,0,0,4,0,0,N,T
ACC-10005665,694,1,1,1,D,1,0,2,1,1,1,3,N,N
ACC-10005666,828,1,1,1,D,1,0,1,3,5,1,8,N,N
ACC-10005667,875,0,0,1,0,1,0,0,1,1,0,0,N,N
ACC-10005668,907,0,0,0,0,1,0,0,0,1,0,0,N,N
ACC-10005669,989,0,0,0,0,4,0,0,0,0,0,0,N,N
ACC-10005670,811,1,1,0,D,2,0,1,0,1,1,3,N,N
ACC-10005671,855,0,0,1,0,4,1,0,1,1,0,0,N,N
ACC-10005672,862,0,0,0,0,2,0,0,0,0,0,0,N,N
ACC-10005673,823,0,0,0,0,3,1,0,0,3,0,0,N,N
ACC-10005674,829,0,1,0,1,6,1,0,0,4,0,0,N,N
ACC-10005675,791,0,0,2,0,3,0,0,2,2,0,0,N,T
ACC-10005676,838,0,0,2,0,4,0,0,2,2,0,0,N,N
ACC-10005677,887,0,1,0,3,4,0,1,0,0,0,0,N,N
ACC-10005678,771,1,1,1,D,2,1,2,1,2,1,5,N,N
ACC-10005679,618,0,1,1,1,2,0,0,1,3,0,0,N,N
ACC-10005680,867,0,0,1,0,5,0,0,1,2,0,0,N,N
ACC-10005681,824,0,1,0,1,6,1,0,0,1,0,0,N,N
ACC-10005682,836,0,0,3,0,6,0,0,3,3,0,0,N,T
ACC-10005683,835,0,0,0,0,1,0,0,0,0,0,0,N,N
ACC-10005684,764,0,1,1,3,3,1,1,1,2,0,0,N,N
ACC-10005685,857,0,0,0,0,1,1,0,0,1,0,0,N,N
ACC-10005686,833,0,1,0,1,0,0,0,0,1,0,0,N,N
ACC-10005687,839,0,0,3,0,6,1,0,3,6,0,0,N,N
ACC-10005688,844,0,0,0,0,5,1,0,0,1,0,0,N,N
ACC-10005689,831,0,0,1,0,7,1,0,1,2,0,0,N,T
ACC-10005690,773,0,0,2,0,4,1,0,2,2,0,0,N,N
ACC-10005691,900,0,0,1,0,2,0,0,1,4,0,0,N,N
ACC-10005692,694,0,0,1,0,2,0,0,1,1,0,0,N,N
ACC-10005693,840,0,0,1,0,2,0,0,1,1,0,0,N,N
ACC-10005694,860,0,0,2,0,4,0,0,2,2,0,0,N,N
ACC-10005695,876,0,0,0,0,2,0,0,0,2,0,0,N,N
ACC-10005696,857,0,1,1,1,2,0,0,1,2,0,0,N,N
ACC-10005697,795,0,0,1,0,5,2,0,1,3,0,0,N,N
ACC-10005698,882,0,0,1,0,1,0,0,3,4,1,4,N,N
ACC-10005699,752,0,1,0,1,1,0,0,0,1,0,0,N,N
ACC-10005700,794,1,2,2,D,2,0,1,2,2,1,8,N,N
ACC-10005701,897,0,0,0,0,1,0,0,0,1,0,0,N,N
ACC-10005702,887,0,1,0,1,3,0,0,0,1,0,0,N,N
ACC-10005703,823,1,2,1,D,1,0,1,3,3,1,6,N,N
ACC-10005704,790,1,1,2,D,3,0,1,2,2,1,1,N,N
ACC-10005705,923,0,0,2,0,2,0,0,2,2,0,0,N,N
ACC-10005706,821,0,0,1,0,3,0,0,1,2,1,18,N,N
ACC-10005707,731,1,2,2,D,4,0,2,2,3,1,12,N,N
ACC-10005708,807,0,0,1,0,7,1,0,1,1,0,0,N,N
ACC-10005709,871,0,0,2,0,4,1,0,2,3,0,0,N,N
ACC-10005710,844,0,1,1,1,3,0,0,1,2,0,0,N,N
ACC-10005711,793,0,0,1,0,3,0,0,1,2,0,0,N,N
ACC-10005712,707,0,0,1,0,6,3,0,1,1,0,0,N,N
ACC-10005713,900,0,0,0,0,4,1,0,0,0,0,0,N,N
ACC-10005714,799,0,0,1,0,2,1,0,1,2,0,0,N,N
ACC-10005715,803,0,0,1,0,3,1,0,1,4,0,0,N,N
ACC-10005716,806,0,0,2,0,3,0,0,2,2,0,0,N,N
ACC-10005717,698,0,0,0,0,2,0,0,0,0,0,0,N,N
ACC-10005718,782,0,0,1,0,1,0,0,4,4,0,0,N,N
ACC-10005719,722,0,0,2,0,3,0,0,2,4,0,0,N,T
ACC-10005720,961,0,0,0,0,1,0,0,0,3,0,0,N,N
ACC-10005721,767,0,1,2,1,2,0,0,3,4,0,0,N,N
ACC-10005722,792,0,0,1,0,1,0,0,1,3,0,0,N,N
ACC-10005723,806,0,0,2,0,3,0,0,2,5,1,12,N,N
ACC-10005724,890,0,0,1,0,9,2,0,1,1,0,0,N,N
ACC-10005725,918,0,0,0,0,4,0,0,0,0,0,0,N,N
ACC-10005726,769,0,0,1,0,2,1,0,1,1,0,0,N,N
ACC-10005727,753,0,1,1,1,4,2,0,1,1,0,0,N,N
ACC-10005728,791,0,0,1,0,1,0,0,3,4,0,0,N,N
ACC-10005729,656,1,2,1,D,5,0,3,1,2,1,9,N,N
ACC-10005730,744,0,2,3,3,4,0,1,3,6,0,0,N,N
ACC-10005731,837,0,0,3,0,3,0,0,4,5,0,0,N,N
ACC-10005732,818,0,0,2,0,3,0,0,2,4,0,0,N,T
ACC-10005733,932,0,0,0,0,2,0,0,0,1,0,0,N,N
ACC-10005734,860,0,1,0,3,2,0,1,0,0,0,0,N,N
ACC-10005735,649,1,1,3,D,3,0,1,4,6,1,10,N,N
ACC-10005736,888,0,0,0,0,3,0,0,0,0,0,0,N,N
ACC-10005737,768,0,0,1,0,4,1,0,1,1,0,0,N,N
ACC-10005738,884,0,0,0,N,0,0,0,2,3,0,0,N,N
ACC-10005739,880,0,0,0,0,7,1,0,0,1,0,0,N,N
ACC-10005740,803,0,0,0,N,0,0,0,2,2,0,0,N,N
ACC-10005741,852,0,0,1,0,2,1,0,1,2,0,0,N,N
ACC-10005742,756,0,0,2,0,3,1,0,2,2,0,0,N,N
ACC-10005743,744,0,0,3,0,5,1,0,3,3,0,0,N,N
ACC-10005744,752,1,2,1,D,4,0,2,1,1,1,3,N,N
ACC-10005745,898,0,1,2,3,2,1,2,2,2,0,0,N,N
ACC-10005746,827,0,0,2,0,2,0,0,2,3,0,0,N,N
ACC-10005747,893,0,0,1,0,6,0,0,1,1,0,0,N,N
ACC-10005748,822,0,0,2,0,3,0,0,2,5,0,0,N,N
ACC-10005749,747,1,1,2,D,2,1,1,2,3,1,5,N,T
ACC-10005750,806,1,1,1,D,4,1,1,1,3,1,6,N,N
ACC-10005751,863,0,0,1,0,5,0,0,1,2,0,0,N,N
ACC-10005752,843,0,0,2,0,3,1,0,2,3,0,0,N,N
ACC-10005753,887,0,0,1,0,3,0,0,1,1,0,0,N,N
ACC-10005754,885,0,0,1,0,3,0,0,1,2,0,0,N,N
ACC-10005755,805,0,0,2,0,2,0,0,3,5,0,0,N,N
ACC-10005756,859,0,0,1,0,3,0,0,1,2,0,0,N,N
ACC-10005757,776,0,0,2,0,3,0,0,2,3,0,0,N,N
ACC-10005758,850,0,3,0,1,4,0,0,0,1,0,0,N,N
ACC-10005759,844,0,0,0,0,1,0,0,0,1,0,0,N,N
ACC-10005760,856,0,0,1,0,2,1,0,1,1,0,0,N,N
ACC-10005761,852,0,0,0,N,0,0,0,2,3,0,0,N,N
ACC-10005762,927,0,0,1,0,4,0,0,1,1,0,0,N,N
ACC-10005763,806,0,2,0,3,0,0,1,2,2,0,0,N,N
ACC-10005764,797,0,1,2,1,2,1,0,2,3,0,0,N,N
ACC-10005765,824,0,0,1,0,7,0,0,1,2,0,0,N,N
ACC-10005766,934,0,0,0,0,2,0,0,0,0,0,0,N,N
ACC-10005767,876,0,0,2,0,3,0,0,2,3,0,0,N,T
ACC-10005768,645,1,1,2,D,6,1,1,2,3,1,11,N,N
ACC-10005769,831,0,0,2,0,2,0,0,2,3,0,0,N,N
ACC-10005770,817,0,0,1,0,2,0,0,1,2,0,0,N,T
ACC-10005771,899,0,0,2,0,3,0,0,2,2,0,0,N,N
ACC-10005772,899,0,0,2,0,3,1,0,2,3,0,0,N,N
ACC-10005773,762,0,1,0,3,3,0,1,0,1,0,0,N,N
ACC-10005774,843,0,0,1,0,1,0,0,2,4,0,0,N,N
ACC-10005775,765,0,1,1,1,4,1,0,1,4,0,0,N,N
ACC-10005776,827,0,0,2,0,6,0,0,2,2,0,0,N,N
ACC-10005777,887,0,0,2,0,4,0,0,2,2,0,0,N,N
ACC-10005778,981,0,0,0,0,1,0,0,0,0,0,0,N,N
ACC-10005779,826,0,0,0,0,1,0,0,0,1,0,0,N,N
ACC-10005780,830,0,1,2,1,4,0,0,2,3,0,0,N,N
ACC-10005781,924,0,0,0,0,6,0,0,0,2,0,0,N,N
ACC-10005782,803,0,1,0,1,0,0,0,4,4,0,0,N,N
ACC-10005783,891,0,0,1,0,3,0,0,1,1,0,0,N,N
ACC-10005784,807,0,1,0,3,6,0,1,0,1,0,0,N,T
ACC-10005785,636,0,1,1,1,3,1,0,1,1,0,0,N,N
ACC-10005786,739,0,0,3,0,5,0,0,3,4,0,0,N,N
ACC-10005787,806,0,0,1,0,1,0,0,2,2,0,0,N,N
ACC-10005788,681,0,0,2,0,2,0,0,3,4,0,0,N,N
ACC-10005789,877,0,0,0,N,0,0,0,0,1,0,0,N,N
ACC-10005790,845,1,2,0,D,8,1,1,0,2,1,22,N,N
ACC-10005791,666,0,0,3,0,4,0,0,3,4,0,0,N,T
ACC-10005792,816,0,0,0,0,3,0,0,0,1,0,0,N,N
ACC-10005793,819,0,0,1,0,2,0,0,1,1,0,0,N,N
ACC-10005794,802,1,2,0,D,3,0,1,0,0,1,24,N,N
ACC-10005795,755,0,0,1,0,4,0,0,1,2,0,0,N,N
ACC-10005796,874,0,0,0,0,4,0,0,0,1,0,0,N,N
ACC-10005797,857,0,0,1,0,4,0,0,1,1,0,0,N,N
ACC-10005798,735,0,0,1,0,3,0,0,1,2,0,0,N,T
ACC-10005799,844,0,0,4,0,6,1,0,4,5,0,0,N,N
ACC-10005800,874,0,0,1,0,7,0,0,1,4,0,0,N,N
ACC-10005801,956,0,0,1,0,2,0,0,1,1,0,0,N,N
ACC-10005802,937,0,0,0,0,3,0,0,0,1,0,0,N,N
ACC-10005803,902,0,0,0,N,0,0,0,0,1,0,0,N,N
ACC-10005804,833,0,0,0,0,3,1,0,0,1,0,0,N,N
ACC-10005805,830,0,0,1,0,2,0,0,1,3,0,0,N,N
ACC-10005806,840,0,0,1,0,4,2,0,1,2,0,0,N,N
ACC-10005807,903,0,0,1,0,6,0,0,1,4,0,0,N,N
ACC-10005808,854,0,0,1,0,5,1,0,1,3,0,0,N,N
ACC-10005809,786,0,0,2,0,5,0,0,2,3,0,0,N,N
ACC-10005810,833,0,0,2,0,6,1,0,2,2,0,0,N,N
ACC-10005811,816,1,1,1,D,3,0,1,1,1,1,1,N,N
ACC-10005812,814,0,1,2,1,4,0,0,2,3,0,0,N,N
ACC-10005813,763,0,0,1,0,3,2,0,1,3,0,0,N,T
ACC-10005814,879,0,0,1,0,5,0,0,1,1,0,0,N,N
ACC-10005815,858,0,1,1,1,6,1,0,1,2,0,0,N,N
ACC-10005816,685,1,1,1,D,2,1,1,1,3,1,9,N,N
ACC-10005817,902,0,0,1,0,1,0,0,3,5,0,0,N,T
ACC-10005818,797,0,0,2,0,2,0,0,2,3,0,0,N,N
ACC-10005819,835,0,1,0,1,2,0,0,0,1,0,0,N,N
ACC-10005820,955,0,0,0,0,4,1,0,0,1,0,0,N,N
ACC-10005821,850,0,0,1,0,2,0,0,1,2,0,0,N,N
ACC-10005822,852,0,0,0,0,2,0,0,0,0,0,0,N,N
ACC-10005823,921,0,0,0,0,2,0,0,0,0,0,0,N,N
ACC-10005824,726,0,1,3,1,7,0,0,3,3,0,0,N,N
ACC-10005825,823,0,1,1,1,2,0,0,1,1,0,0,N,N
ACC-10005826,791,0,0,1,0,2,0,0,1,2,0,0,N,N
ACC-10005827,774,0,0,3,0,3,0,0,3,3,0,0,N,T
ACC-10005828,781,0,1,2,1,4,2,0,2,3,0,0,N,T
ACC-10005829,761,0,0,2,0,2,0,0,4,4,0,0,N,N
ACC-10005830,850,0,0,1,0,4,0,0,1,1,0,0,N,N
ACC-10005831,873,0,0,0,0,6,1,0,0,2,0,0,N,T
ACC-10005832,900,0,0,0,0,1,0,0,0,2,0,0,N,N
ACC-10005833,821,0,1,2,1,4,0,0,2,2,0,0,N,N
ACC-10005834,903,0,0,1,0,4,0,0,1,1,0,0,N,N
ACC-10005835,922,0,0,0,N,0,0,0,2,4,0,0,N,N
ACC-10005836,772,0,0,1,0,3,0,0,1,1,0,0,N,T
ACC-10005837,805,0,0,3,0,4,0,0,3,3,0,0,N,N
ACC-10005838,881,0,0,2,0,3,0,0,2,3,0,0,N,N
ACC-10005839,837,0,0,3,0,6,1,0,3,4,0,0,N,N
ACC-10005840,828,1,1,2,D,3,1,1,2,5,1,20,N,N
ACC-10005841,861,0,0,0,0,2,0,0,0,2,0,0,N,N
ACC-10005842,782,0,0,3,0,6,1,0,3,5,0,0,N,N
ACC-10005843,844,0,0,1,0,3,1,0,1,2,0,0,N,N
ACC-10005844,831,0,0,2,0,3,1,0,2,2,0,0,N,N
ACC-10005845,862,0,0,0,0,1,0,0,0,0,0,0,N,N
ACC-10005846,833,0,0,1,0,3,1,0,1,1,0,0,N,T
ACC-10005847,962,0,0,0,0,4,0,0,0,1,0,0,N,N
ACC-10005848,747,0,0,1,0,3,0,0,1,3,0,0,N,T
ACC-10005849,790,0,0,1,0,4,0,0,1,2,1,5,N,N
ACC-10005850,726,0,0,2,0,2,0,0,2,3,1,8,N,T
ACC-10005851,780,0,0,1,0,3,0,0,1,3,0,0,N,N
ACC-10005852,817,0,0,1,0,4,0,0,1,2,0,0,N,T
ACC-10005853,859,0,0,0,0,2,1,0,0,0,0,0,N,N
ACC-10005854,806,0,1,2,1,6,0,0,2,2,0,0,N,N
ACC-10005855,840,0,0,0,0,5,0,0,0,1,0,0,N,N
ACC-10005856,638,1,2,1,D,3,0,1,1,2,1,11,N,N
ACC-10005857,913,0,0,1,0,5,0,0,1,1,0,0,N,N
ACC-10005858,817,0,0,2,0,2,0,0,2,2,0,0,N,N
ACC-10005859,790,0,1,0,3,0,0,1,2,3,0,0,N,N
ACC-10005860,880,0,0,0,0,2,0,0,0,0,0,0,N,N
ACC-10005861,720,1,2,2,D,2,0,2,3,5,1,6,N,N
ACC-10005862,790,0,0,2,0,6,0,0,2,3,0,0,N,N
ACC-10005863,694,0,0,2,0,6,1,0,2,3,0,0,N,N
ACC-10005864,674,1,1,2,D,3,0,2,2,3,1,13,N,N
ACC-10005865,838,0,0,0,0,1,0,0,0,1,0,0,N,N
ACC-10005866,827,0,0,0,0,3,1,0,0,1,0,0,N,N
ACC-10005867,773,0,0,2,0,2,0,0,2,3,0,0,N,N
ACC-10005868,702,0,0,2,0,2,1,0,3,4,0,0,N,N
ACC-10005869,851,0,0,1,0,1,0,0,1,1,0,0,N,N
ACC-10005870,794,0,1,0,1,3,0,0,0,1,0,0,N,N
ACC-10005871,820,0,0,0,0,2,1,0,0,0,0,0,N,N
ACC-10005872,851,0,0,0,0,4,1,0,0,1,0,0,N,N
ACC-10005873,691,0,1,3,1,3,2,0,3,4,0,0,N,T
ACC-10005874,838,1,1,1,D,3,1,1,1,1,1,5,N,N
ACC-10005875,895,0,0,1,0,3,0,0,1,2,0,0,N,N
ACC-10005876,879,0,0,0,0,2,0,0,0,1,0,0,N,T
ACC-10005877,878,0,0,3,0,4,0,0,3,3,0,0,N,N
ACC-10005878,823,0,0,1,0,3,0,0,1,2,0,0,N,N
ACC-10005879,672,1,1,2,D,4,1,2,2,2,1,34,N,N
ACC-10005880,848,0,0,2,0,3,0,0,2,2,1,5,N,N
ACC-10005881,875,0,0,1,0,4,1,0,1,2,0,0,N,N
ACC-10005882,754,0,1,0,3,3,0,1,0,0,0,0,N,N
ACC-10005883,793,0,1,1,1,1,0,0,1,1,0,0,N,N
ACC-10005884,915,0,1,1,1,4,0,0,1,1,0,0,N,N
ACC-10005885,830,0,0,0,0,2,0,0,0,1,0,0,N,N
ACC-10005886,761,0,1,0,1,3,0,0,0,2,0,0,N,N
ACC-10005887,798,0,0,0,0,2,0,0,0,0,0,0,N,N
ACC-10005888,853,0,0,1,0,1,0,0,2,4,0,0,N,N
ACC-10005889,934,0,0,2,0,5,0,0,2,4,0,0,N,N
ACC-10005890,804,0,0,0,N,0,0,0,0,1,0,0,N,N
ACC-10005891,839,0,0,2,0,2,1,0,2,3,0,0,N,N
ACC-10005892,835,0,0,1,0,2,0,0,1,1,0,0,N,N
ACC-10005893,752,0,0,2,0,7,2,0,2,2,0,0,N,N
ACC-10005894,928,0,0,2,0,4,0,0,2,2,0,0,N,N
ACC-10005895,810,0,0,0,0,4,0,0,0,1,0,0,N,N
ACC-10005896,874,0,1,0,1,1,0,0,0,1,0,0,N,N
ACC-10005897,804,0,0,1,0,5,1,0,1,2,0,0,N,N
ACC-10005898,694,0,1,2,1,2,0,0,3,6,0,0,N,T
ACC-10005899,662,0,0,2,0,3,0,0,2,2,0,0,N,T
ACC-10005900,819,0,1,0,1,2,0,0,0,1,0,0,N,N
ACC-10005901,762,0,1,1,1,1,1,0,4,5,0,0,N,N
ACC-10005902,876,0,0,1,0,3,0,0,1,1,0,0,N,N
ACC-10005903,858,0,1,1,1,8,0,0,1,2,0,0,N,N
ACC-10005904,622,1,1,2,D,2,0,1,3,3,1,8,N,N
ACC-10005905,905,0,0,2,0,2,0,0,3,4,0,0,N,N
ACC-10005906,867,0,0,1,0,1,0,0,1,1,0,0,N,T
ACC-10005907,868,0,0,1,0,1,0,0,2,2,0,0,N,N
ACC-10005908,911,0,0,1,0,3,1,0,1,1,0,0,N,N
ACC-10005909,930,0,0,1,0,2,0,0,1,1,0,0,N,N
ACC-10005910,785,0,0,1,0,1,0,0,1,1,0,0,N,N
ACC-10005911,892,0,0,0,0,1,0,0,0,2,0,0,N,N
ACC-10005912,794,0,0,0,0,3,0,0,0,1,0,0,N,N
ACC-10005913,841,0,1,2,3,2,0,1,2,3,0,0,N,N
ACC-10005914,874,0,0,0,0,6,1,0,0,2,0,0,N,N
ACC-10005915,782,0,0,2,0,4,1,0,2,3,0,0,N,N
ACC-10005916,840,0,0,0,N,0,0,0,1,2,0,0,N,T
ACC-10005917,967,0,0,2,0,3,0,0,2,2,0,0,N,N
ACC-10005918,855,0,0,0,0,5,1,0,0,0,0,0,N,N
ACC-10005919,758,0,0,0,N,0,0,0,2,2,0,0,N,N
ACC-10005920,771,0,1,1,1,2,0,0,1,2,0,0,N,N
ACC-10005921,851,0,0,0,0,2,1,0,0,1,0,0,N,N
ACC-10005922,764,0,0,1,0,6,2,0,1,2,0,0,N,N
ACC-10005923,822,0,0,2,0,3,0,0,2,2,0,0,N,N
ACC-10005924,799,0,0,2,0,2,0,0,3,3,0,0,N,N
ACC-10005925,757,1,1,0,D,1,0,1,0,0,1,23,N,N
ACC-10005926,894,1,1,1,D,4,0,1,1,2,1,4,N,N
ACC-10005927,956,0,0,2,0,7,0,0,2,3,0,0,N,N
ACC-10005928,906,0,0,0,0,1,0,0,0,0,0,0,N,N
ACC-10005929,869,0,1,1,1,5,2,0,1,2,0,0,N,N
ACC-10005930,888,0,0,0,0,1,1,0,0,0,0,0,N,N
ACC-10005931,816,0,1,1,1,3,1,0,1,1,0,0,N,N
ACC-10005932,777,0,0,1,0,2,0,0,1,2,0,0,N,N
ACC-10005933,873,0,0,2,0,4,0,0,2,2,0,0,N,N
ACC-10005934,753,0,0,0,0,4,0,0,0,2,0,0,N,N
ACC-10005935,886,0,1,3,1,5,0,0,3,6,0,0,N,N
ACC-10005936,764,0,1,1,1,1,0,0,1,1,0,0,N,N
ACC-10005937,819,0,0,1,0,7,0,0,1,1,0,0,N,N
ACC-10005938,830,0,0,1,0,3,0,0,1,1,0,0,N,N
ACC-10005939,811,0,0,0,0,1,1,0,0,1,0,0,N,N
ACC-10005940,868,0,0,1,0,7,1,0,1,1,0,0,N,N
ACC-10005941,869,0,0,2,0,3,2,0,2,2,0,0,N,N
ACC-10005942,912,0,0,0,0,5,1,0,0,0,0,0,N,N
ACC-10005943,818,0,0,1,0,4,0,0,1,2,0,0,N,N
ACC-10005944,782,0,2,0,1,1,0,0,0,3,0,0,N,N
ACC-10005945,873,0,0,1,0,3,0,0,1,1,0,0,N,N
ACC-10005946,814,0,0,2,0,4,1,0,2,2,0,0,N,N
ACC-10005947,858,0,0,3,0,5,1,0,3,3,0,0,N,N
ACC-10005948,886,0,0,0,0,3,0,0,0,1,0,0,N,N
ACC-10005949,820,0,1,3,1,4,0,0,3,3,0,0,N,N
ACC-10005950,808,0,1,1,1,1,0,0,1,1,0,0,N,N
ACC-10005951,773,0,0,2,0,4,1,0,2,5,0,0,N,N
ACC-10005952,856,0,0,2,0,2,0,0,2,3,0,0,N,N
ACC-10005953,835,0,0,0,0,2,0,0,0,0,0,0,N,N
ACC-10005954,898,0,0,1,0,2,0,0,1,1,0,0,N,N
ACC-10005955,932,0,0,1,0,2,0,0,1,1,0,0,N,N
ACC-10005956,850,0,0,0,0,2,1,0,0,1,0,0,N,N
ACC-10005957,785,0,1,1,1,2,0,0,1,1,0,0,N,N
ACC-10005958,831,0,0,0,0,3,1,0,0,3,0,0,N,T
ACC-10005959,767,0,1,0,1,0,0,0,1,2,0,0,N,N
ACC-10005960,738,0,0,2,0,5,0,0,2,2,0,0,N,N
ACC-10005961,824,0,0,1,0,5,1,0,1,3,0,0,N,N
ACC-10005962,827,0,0,0,0,2,0,0,0,1,0,0,N,N
ACC-10005963,828,0,0,1,0,3,0,0,1,2,0,0,N,N
ACC-10005964,786,0,1,2,1,2,1,0,3,4,0,0,N,N
ACC-10005965,741,0,1,3,1,3,0,0,3,3,0,0,N,N
ACC-10005966,902,0,1,0,3,3,0,2,0,1,0,0,N,N
ACC-10005967,860,0,0,2,0,4,0,0,2,2,0,0,N,N
ACC-10005968,861,0,0,1,0,1,0,0,1,2,0,0,N,N
ACC-10005969,879,0,0,1,0,2,1,0,1,2,0,0,N,N
ACC-10005970,852,0,0,1,0,2,0,0,1,2,0,0,N,N
ACC-10005971,883,0,0,0,N,0,0,0,2,3,0,0,N,N
ACC-10005972,728,0,0,1,0,4,0,0,1,2,0,0,N,T
ACC-10005973,829,0,0,1,0,5,3,0,1,1,0,0,N,N
ACC-10005974,794,0,0,0,0,1,0,0,0,0,0,0,N,N
ACC-10005975,886,0,0,1,0,2,0,0,1,1,0,0,N,N
ACC-10005976,802,0,0,2,0,3,0,0,2,3,0,0,N,N
ACC-10005977,883,0,1,2,1,5,0,0,2,3,0,0,N,N
ACC-10005978,884,0,0,2,0,6,0,0,2,3,0,0,N,N
ACC-10005979,868,0,0,1,0,4,0,0,1,1,0,0,N,N
ACC-10005980,947,0,0,0,0,3,0,0,0,1,0,0,N,N
ACC-10005981,716,0,2,1,3,1,0,1,3,4,0,0,N,N
ACC-10005982,923,0,0,0,0,3,0,0,0,0,0,0,N,N
ACC-10005983,746,0,0,1,0,5,0,0,1,1,0,0,N,N
ACC-10005984,811,0,0,0,0,4,3,0,0,1,0,0,N,N
ACC-10005985,733,0,0,1,0,3,0,0,1,2,0,0,N,N
ACC-10005986,661,1,2,2,D,5,2,1,2,3,1,6,N,N
ACC-10005987,779,0,0,0,0,6,2,0,0,1,0,0,N,N
ACC-10005988,774,1,1,0,D,4,1,1,0,2,1,10,N,N
ACC-10005989,739,1,1,1,D,1,0,1,2,3,1,2,N,N
ACC-10005990,769,0,0,0,0,2,0,0,0,1,0,0,N,N
ACC-10005991,931,0,0,0,0,1,0,0,0,0,0,0,N,N
ACC-10005992,845,0,0,2,0,5,0,0,2,7,0,0,N,N
ACC-10005993,900,0,0,1,0,6,0,0,1,1,0,0,N,N
ACC-10005994,838,0,0,2,0,2,0,0,2,2,0,0,N,N
ACC-10005995,839,0,0,1,0,1,1,0,1,1,0,0,N,N
ACC-10005996,725,0,0,2,0,4,0,0,2,4,0,0,N,N
ACC-10005997,839,0,0,2,0,2,0,0,2,4,0,0,N,N
ACC-10005998,798,0,0,2,0,2,0,0,3,3,0,0,N,N
ACC-10005999,806,0,0,1,0,6,1,0,1,1,0,0,N,N
ACC-10006000,757,0,0,2,0,5,0,0,2,3,0,0,N,N
ACC-10006001,889,0,0,0,0,4,1,0,0,1,0,0,N,N
ACC-10006002,694,1,1,1,D,3,0,1,1,2,1,17,N,N
ACC-10006003,731,0,0,1,0,1,0,0,3,3,0,0,N,N
ACC-10006004,871,0,1,1,1,3,0,0,1,2,0,0,N,N
ACC-10006005,838,0,0,0,N,0,0,0,1,1,0,0,N,N
ACC-10006006,779,0,0,1,0,1,0,0,4,5,0,0,N,N
ACC-10006007,848,0,1,1,1,6,1,0,1,2,0,0,N,N
ACC-10006008,756,1,1,1,D,4,1,1,1,1,1,5,N,N
ACC-10006009,804,0,0,3,0,6,1,0,3,3,0,0,N,N
ACC-10006010,801,0,0,2,0,5,0,0,2,2,0,0,N,N
ACC-10006011,877,0,0,0,0,3,1,0,0,1,0,0,N,N
ACC-10006012,872,0,0,0,0,7,0,0,0,1,0,0,N,N
ACC-10006013,787,0,1,3,1,3,0,0,3,4,0,0,N,N
ACC-10006014,799,0,0,1,0,6,1,0,1,1,0,0,N,N
ACC-10006015,854,0,0,2,0,2,0,0,2,2,0,0,N,T
ACC-10006016,870,0,0,0,0,3,0,0,0,0,0,0,N,N
ACC-10006017,739,1,1,2,D,4,1,1,2,2,1,8,N,N
ACC-10006018,798,0,0,0,0,2,0,0,0,1,0,0,N,N
ACC-10006019,740,0,1,0,1,2,1,0,0,1,0,0,N,N
ACC-10006020,900,0,0,0,0,2,0,0,0,0,0,0,N,N
ACC-10006021,845,0,0,0,0,3,1,0,0,0,0,0,N,N
ACC-10006022,773,0,0,1,0,2,0,0,1,2,0,0,N,N
ACC-10006023,836,0,0,2,0,5,2,0,2,3,0,0,N,N
ACC-10006024,845,0,0,1,0,1,0,0,3,4,0,0,N,N
ACC-10006025,805,1,1,0,D,3,0,1,0,0,1,6,N,N
ACC-10006026,951,0,0,1,0,2,0,0,1,3,0,0,N,N
ACC-10006027,838,0,0,1,0,6,0,0,1,2,0,0,N,N
ACC-10006028,864,0,1,0,1,0,0,0,1,1,0,0,N,N
ACC-10006029,827,0,1,2,1,3,0,0,2,4,0,0,N,N
ACC-10006030,763,0,2,3,1,5,0,0,3,4,0,0,N,N
ACC-10006031,829,0,0,1,0,3,0,0,1,1,0,0,N,N
ACC-10006032,750,0,1,1,1,2,0,0,1,1,0,0,N,N
ACC-10006033,768,0,1,0,3,2,0,1,0,1,0,0,N,N
ACC-10006034,945,0,0,1,0,5,0,0,1,2,0,0,N,N
ACC-10006035,713,1,1,1,D,3,0,1,1,2,1,3,N,N
ACC-10006036,844,0,0,1,0,1,0,0,1,2,0,0,N,N
ACC-10006037,747,0,0,2,0,5,0,0,2,3,0,0,N,N
ACC-10006038,720,1,1,0,D,6,1,1,0,0,1,15,N,T
ACC-10006039,776,0,0,3,0,4,0,0,3,4,0,0,N,N
ACC-10006040,799,0,0,2,0,2,0,0,2,2,0,0,N,N
ACC-10006041,910,0,0,1,0,5,0,0,1,1,0,0,N,N
ACC-10006042,915,0,0,1,0,3,0,0,1,3,0,0,N,N
ACC-10006043,819,0,0,0,0,3,0,0,0,1,0,0,N,N
ACC-10006044,775,0,3,1,1,5,0,0,1,2,0,0,N,N
ACC-10006045,899,0,0,0,0,2,0,0,0,0,0,0,N,N
ACC-10006046,976,0,0,0,0,4,0,0,0,0,0,0,N,N
ACC-10006047,877,0,0,0,0,6,0,0,0,1,0,0,N,N
ACC-10006048,844,0,0,0,0,3,0,0,0,1,0,0,N,N
ACC-10006049,913,0,0,1,0,2,0,0,1,2,0,0,N,N
ACC-10006050,786,0,1,2,1,5,0,0,2,2,0,0,N,N
ACC-10006051,861,0,0,1,0,6,1,0,1,1,0,0,N,N
ACC-10006052,747,1,1,0,D,0,0,1,0,0,1,4,N,N
ACC-10006053,867,0,0,1,0,3,0,0,1,2,0,0,N,N
ACC-10006054,803,0,0,1,0,2,0,0,1,2,0,0,N,N
ACC-10006055,768,0,0,1,0,4,1,0,1,1,0,0,N,N
ACC-10006056,764,0,0,1,0,2,1,0,1,1,0,0,N,N
ACC-10006057,755,0,0,2,0,4,2,0,2,4,0,0,N,N
ACC-10006058,760,0,0,2,0,5,1,0,2,3,0,0,N,N
ACC-10006059,818,0,0,0,0,5,0,0,0,0,0,0,N,N
ACC-10006060,879,0,0,1,0,3,0,0,1,3,0,0,N,N
ACC-10006061,815,0,0,2,0,3,0,0,2,2,0,0,N,N
ACC-10006062,833,0,0,2,0,3,0,0,2,3,0,0,N,N
ACC-10006063,763,0,0,1,0,1,0,0,1,4,0,0,N,N
ACC-10006064,746,0,0,0,0,2,0,0,0,1,0,0,N,T
ACC-10006065,897,0,0,1,0,5,1,0,1,2,0,0,N,N
ACC-10006066,781,0,1,0,1,5,2,0,0,2,0,0,N,N
ACC-10006067,835,0,0,1,0,4,1,0,1,2,0,0,N,N
ACC-10006068,790,0,0,2,0,3,0,0,2,2,0,0,N,N
ACC-10006069,830,0,0,0,N,0,0,0,0,1,0,0,N,N
ACC-10006070,916,0,0,2,0,2,0,0,2,3,0,0,N,N
ACC-10006071,678,0,1,2,3,2,0,1,2,4,0,0,N,N
ACC-10006072,823,0,0,0,0,5,0,0,0,3,0,0,N,T
ACC-10006073,932,0,0,0,0,4,1,0,0,0,0,0,N,N
ACC-10006074,886,0,0,1,0,7,0,0,1,1,0,0,N,N
ACC-10006075,805,0,0,0,N,0,0,0,0,1,0,0,N,N
ACC-10006076,966,0,1,0,1,2,0,0,0,2,0,0,N,N
ACC-10006077,951,0,1,0,1,5,1,0,0,1,0,0,N,N
ACC-10006078,841,1,1,0,D,6,3,2,0,2,1,6,N,N
ACC-10006079,804,0,1,0,3,0,0,1,1,1,0,0,N,N
ACC-10006080,889,0,0,3,0,3,0,0,3,3,0,0,N,N
ACC-10006081,923,0,0,2,0,5,0,0,2,3,0,0,N,N
ACC-10006082,716,0,0,3,0,3,1,0,3,3,0,0,N,N
ACC-10006083,831,0,0,0,0,2,2,0,0,1,0,0,N,N
ACC-10006084,851,0,0,1,0,5,0,0,1,1,0,0,N,N
ACC-10006085,823,0,1,2,1,6,1,0,2,3,0,0,N,N
ACC-10006086,822,0,1,3,1,6,1,0,3,3,0,0,N,N
ACC-10006087,835,0,0,2,0,4,1,0,2,3,0,0,N,N
ACC-10006088,811,0,1,1,1,1,0,0,1,3,0,0,N,N
ACC-10006089,919,0,0,1,0,5,0,0,1,2,0,0,N,N
ACC-10006090,783,0,1,0,1,4,0,0,0,1,0,0,N,N
ACC-10006091,898,0,0,0,0,5,0,0,0,0,0,0,N,N
ACC-10006092,843,0,0,2,0,6,0,0,2,3,0,0,N,N
ACC-10006093,810,0,0,0,0,2,0,0,0,0,0,0,N,N
ACC-10006094,743,0,0,1,0,1,0,0,1,2,0,0,N,N
ACC-10006095,701,0,0,1,0,4,0,0,1,4,0,0,N,N
ACC-10006096,859,0,0,0,0,1,0,0,0,1,0,0,N,N
ACC-10006097,878,0,0,3,0,5,0,0,3,5,0,0,N,N
ACC-10006098,752,1,1,1,D,4,0,1,1,1,1,6,N,T
ACC-10006099,901,0,0,1,0,2,0,0,1,2,0,0,N,N
ACC-10006100,907,0,0,0,0,5,0,0,0,2,0,0,N,N
ACC-10006101,919,0,0,1,0,5,2,0,1,2,0,0,N,N
ACC-10006102,805,0,0,2,0,5,1,0,2,2,0,0,N,N
ACC-10006103,948,0,0,0,N,0,0,0,2,2,0,0,N,N
ACC-10006104,787,0,0,3,0,4,1,0,3,4,0,0,N,N
ACC-10006105,889,0,0,2,0,2,0,0,2,3,0,0,N,N
ACC-10006106,823,0,0,2,0,3,2,0,2,2,0,0,N,N
ACC-10006107,894,0,0,4,0,5,1,0,4,4,0,0,N,N
ACC-10006108,915,0,0,1,0,3,1,0,1,2,0,0,N,N
ACC-10006109,796,0,0,1,0,1,0,0,3,5,0,0,N,N
ACC-10006110,767,0,0,2,0,2,0,0,3,4,0,0,N,N
ACC-10006111,860,0,0,0,0,1,0,0,0,1,0,0,N,N
ACC-10006112,726,0,0,1,0,6,1,0,1,3,0,0,N,N
ACC-10006113,784,0,2,4,1,5,1,0,4,5,0,0,N,N
ACC-10006114,725,1,1,1,D,5,1,1,1,2,1,10,N,N
ACC-10006115,807,0,0,1,0,3,1,0,1,3,0,0,N,N
ACC-10006116,806,0,0,2,0,2,0,0,3,3,0,0,N,N
ACC-10006117,873,0,0,2,0,4,0,0,2,3,0,0,N,N
ACC-10006118,861,0,0,0,0,5,1,0,0,2,0,0,N,N
ACC-10006119,828,0,0,3,0,3,0,0,3,3,0,0,N,N
ACC-10006120,922,0,0,1,0,5,1,0,1,3,0,0,N,N
ACC-10006121,868,0,0,2,0,4,0,0,2,2,0,0,N,N
ACC-10006122,900,0,0,1,0,3,1,0,1,1,0,0,N,N
ACC-10006123,815,1,1,2,D,3,0,1,2,2,1,8,N,N
ACC-10006124,853,0,0,2,0,4,0,0,2,2,0,0,N,N
ACC-10006125,923,0,1,1,1,2,0,0,1,2,0,0,N,N
ACC-10006126,726,0,2,0,3,1,0,1,0,2,0,0,N,N
ACC-10006127,884,0,0,1,0,3,0,0,1,1,0,0,N,N
ACC-10006128,821,0,0,2,0,2,0,0,3,4,0,0,N,N
ACC-10006129,783,2,2,0,D,5,0,2,0,0,2,7,N,N
ACC-10006130,888,0,0,0,0,5,0,0,0,2,0,0,N,N
ACC-10006131,775,0,0,3,0,3,2,0,5,6,0,0,N,N
ACC-10006132,810,0,0,2,0,2,1,0,2,3,0,0,N,N
ACC-10006133,856,0,0,1,0,4,0,0,1,2,0,0,N,N
ACC-10006134,760,0,0,2,0,2,0,0,2,4,0,0,N,N
ACC-10006135,787,0,1,2,1,4,0,0,2,2,0,0,N,N
ACC-10006136,798,0,0,2,0,2,0,0,2,2,0,0,N,N
ACC-10006137,738,1,1,0,D,4,0,1,0,0,1,3,N,N
ACC-10006138,800,0,0,0,0,1,0,0,0,0,0,0,N,N
ACC-10006139,759,1,1,0,D,5,0,1,0,0,1,14,N,N
ACC-10006140,827,0,0,1,0,3,0,0,1,1,0,0,N,N
ACC-10006141,697,0,1,0,1,2,0,0,0,0,0,0,N,N
ACC-10006142,896,0,0,1,0,1,0,0,1,4,0,0,N,N
ACC-10006143,764,0,1,1,1,1,0,0,3,5,0,0,N,N
ACC-10006144,800,0,0,1,0,3,1,0,1,2,0,0,N,T
ACC-10006145,834,0,0,1,0,4,2,0,1,1,0,0,N,N
ACC-10006146,824,0,0,1,0,1,0,0,3,3,0,0,N,N
ACC-10006147,826,0,0,1,0,7,1,0,1,1,0,0,N,N
ACC-10006148,820,0,0,1,0,2,1,0,1,2,0,0,N,N
ACC-10006149,817,0,0,1,0,2,2,0,1,2,0,0,N,N
ACC-10006150,841,0,0,1,0,3,0,0,1,2,0,0,N,N
ACC-10006151,841,1,1,1,D,2,0,1,1,2,1,2,N,N
ACC-10006152,839,0,1,1,1,3,0,0,1,2,0,0,N,N
ACC-10006153,765,0,1,3,3,3,0,1,3,3,0,0,N,N
ACC-10006154,858,0,2,1,1,1,0,0,1,2,0,0,N,N
ACC-10006155,731,1,1,1,D,1,0,1,1,1,1,20,N,N
ACC-10006156,934,0,0,1,0,3,0,0,1,4,0,0,N,N
ACC-10006157,810,0,0,2,0,2,0,0,3,4,0,0,N,N
ACC-10006158,845,0,1,1,1,2,0,0,1,3,0,0,N,N
ACC-10006159,808,0,0,1,0,1,0,0,2,2,0,0,N,N
ACC-10006160,821,0,2,0,1,1,0,0,0,2,0,0,N,N
ACC-10006161,793,0,0,1,0,3,0,0,1,1,0,0,N,N
ACC-10006162,786,1,1,1,D,5,0,1,1,2,1,12,N,N
ACC-10006163,973,0,0,0,0,1,0,0,0,1,0,0,N,N
ACC-10006164,844,0,0,1,0,6,1,0,1,1,0,0,N,N
ACC-10006165,834,0,0,2,0,4,0,0,2,2,1,32,N,T
ACC-10006166,905,0,1,1,1,3,0,0,1,3,0,0,N,N
ACC-10006167,768,1,1,0,D,0,0,1,3,3,1,7,N,N
ACC-10006168,793,0,0,0,0,2,0,0,0,0,0,0,N,N
ACC-10006169,833,0,0,0,0,3,0,0,0,0,0,0,N,N
ACC-10006170,925,0,0,0,0,3,1,0,0,0,0,0,N,N
ACC-10006171,875,0,1,2,1,7,0,0,2,3,0,0,N,N
ACC-10006172,814,0,0,2,0,5,1,0,2,2,0,0,N,N
ACC-10006173,902,0,0,2,0,3,0,0,2,2,0,0,N,N
ACC-10006174,758,0,1,2,1,2,1,0,3,3,0,0,N,N
ACC-10006175,786,0,0,1,0,1,0,0,2,3,0,0,N,N
ACC-10006176,927,0,0,0,0,1,0,0,0,0,0,0,N,N
ACC-10006177,910,0,0,0,0,2,0,0,0,0,0,0,N,N
ACC-10006178,870,0,0,2,0,3,0,0,2,2,0,0,N,N
ACC-10006179,835,0,0,1,0,2,2,0,1,1,0,0,N,N
ACC-10006180,832,0,0,1,0,1,0,0,4,7,0,0,N,N
ACC-10006181,872,0,0,1,0,6,1,0,1,2,0,0,N,N
ACC-10006182,859,0,0,3,0,4,0,0,3,3,0,0,N,N
ACC-10006183,810,0,0,1,0,1,0,0,3,3,0,0,N,N
ACC-10006184,816,0,0,2,0,3,1,0,2,3,0,0,N,T
ACC-10006185,752,0,1,1,3,3,0,1,1,1,0,0,N,N
ACC-10006186,882,0,0,1,0,5,2,0,1,3,0,0,N,N
ACC-10006187,856,0,0,2,0,3,0,0,2,2,0,0,N,N
ACC-10006188,872,0,0,1,0,3,0,0,1,2,0,0,N,N
ACC-10006189,872,0,0,1,0,2,0,0,1,2,0,0,N,N
ACC-10006190,979,0,0,1,0,2,0,0,1,2,0,0,N,N
ACC-10006191,818,0,0,3,0,4,1,0,3,4,0,0,N,T
ACC-10006192,776,0,0,1,0,2,0,0,1,2,0,0,N,N
ACC-10006193,791,0,0,1,0,3,0,0,1,3,0,0,N,N
ACC-10006194,920,0,0,0,0,7,0,0,0,0,0,0,N,N
ACC-10006195,709,1,3,2,D,3,1,2,2,3,1,6,N,N
ACC-10006196,879,0,0,1,0,8,3,0,1,1,0,0,N,N
ACC-10006197,878,0,1,1,3,3,1,1,1,2,0,0,N,N
ACC-10006198,763,0,0,2,0,4,0,0,2,2,0,0,N,N
ACC-10006199,768,0,0,2,0,5,0,0,2,3,0,0,N,N
ACC-10006200,792,0,0,0,0,2,0,0,0,2,0,0,N,T
ACC-10006201,732,0,0,1,0,4,0,0,1,2,0,0,N,N
ACC-10006202,844,0,0,1,0,4,1,0,1,2,0,0,N,N
ACC-10006203,861,0,0,1,0,1,0,0,2,2,0,0,N,N
ACC-10006204,765,0,0,3,0,4,0,0,3,3,0,0,N,N
ACC-10006205,768,0,0,3,0,3,0,0,3,4,0,0,N,N
ACC-10006206,888,0,0,0,0,2,2,0,0,3,0,0,N,N
ACC-10006207,742,0,0,3,0,4,1,0,3,4,0,0,N,N
ACC-10006208,829,0,0,1,0,1,0,0,2,2,0,0,N,N
ACC-10006209,899,0,1,2,1,6,0,0,2,3,0,0,N,N
ACC-10006210,823,0,0,2,0,3,0,0,2,4,0,0,N,N
ACC-10006211,841,0,1,3,1,3,0,0,4,4,0,0,N,N
ACC-10006212,800,0,0,1,0,4,1,0,1,1,0,0,N,T
ACC-10006213,703,0,0,1,0,7,2,0,1,3,0,0,N,N
ACC-10006214,892,0,0,1,0,2,0,0,1,3,0,0,N,N
ACC-10006215,816,0,0,1,0,3,0,0,1,1,0,0,N,N
ACC-10006216,868,0,0,1,0,5,1,0,1,2,0,0,N,N
ACC-10006217,830,0,0,1,0,1,0,0,1,1,0,0,N,N
ACC-10006218,631,1,2,2,D,3,0,1,2,2,1,32,N,T
ACC-10006219,864,0,0,1,0,1,0,0,1,3,0,0,N,N
ACC-10006220,789,0,0,1,0,4,1,0,1,1,0,0,N,N
ACC-10006221,821,0,0,3,0,3,2,0,4,5,0,0,N,N
ACC-10006222,850,0,0,2,0,4,0,0,2,2,0,0,N,N
ACC-10006223,888,0,0,2,0,3,0,0,2,3,0,0,N,N
ACC-10006224,884,0,0,1,0,3,0,0,1,1,0,0,N,N
ACC-10006225,855,0,0,2,0,3,0,0,2,3,0,0,N,T
ACC-10006226,965,0,0,0,0,4,0,0,0,0,0,0,N,N
ACC-10006227,763,0,0,1,0,4,0,0,1,3,0,0,N,N
ACC-10006228,847,0,1,0,1,3,0,0,0,0,0,0,N,N
ACC-10006229,882,0,0,0,0,1,1,0,0,3,0,0,N,N
ACC-10006230,816,0,0,1,0,1,0,0,2,3,0,0,N,N
ACC-10006231,866,0,0,2,0,2,1,0,2,2,0,0,N,N
ACC-10006232,841,0,0,1,0,1,0,0,2,2,0,0,N,N
ACC-10006233,912,0,0,3,0,5,0,0,3,3,0,0,N,N
ACC-10006234,944,0,0,1,0,3,0,0,1,3,0,0,N,N
ACC-10006235,743,0,0,1,0,2,1,0,1,2,0,0,N,N
ACC-10006236,836,0,0,2,0,3,1,0,2,3,0,0,N,N
ACC-10006237,795,0,0,1,0,5,1,0,1,4,0,0,N,N
ACC-10006238,735,0,1,2,1,6,0,0,2,5,0,0,N,N
ACC-10006239,915,0,0,0,0,4,1,0,0,1,0,0,N,N
ACC-10006240,874,0,0,2,0,2,0,0,2,2,0,0,N,N
ACC-10006241,686,1,1,1,D,5,1,1,1,2,1,10,N,N
ACC-10006242,845,0,0,2,0,2,0,0,3,3,0,0,N,N
ACC-10006243,781,0,0,3,0,3,0,0,3,3,0,0,N,N
ACC-10006244,749,0,0,2,0,3,0,0,2,3,0,0,N,N
ACC-10006245,789,0,0,3,0,3,0,0,3,4,0,0,N,N
ACC-10006246,889,0,0,1,0,3,0,0,1,1,0,0,N,N
ACC-10006247,828,0,0,2,0,4,0,0,2,2,0,0,N,N
ACC-10006248,881,0,0,2,0,3,0,0,2,2,0,0,N,N
ACC-10006249,822,0,1,3,1,3,0,0,3,4,0,0,N,N
ACC-10006250,850,0,0,1,0,3,0,0,1,1,0,0,N,N
ACC-10006251,892,0,0,0,0,4,0,0,0,0,0,0,N,N
ACC-10006252,733,0,1,1,1,1,0,0,2,2,0,0,N,N
ACC-10006253,862,0,0,2,0,4,0,0,2,3,0,0,N,N
ACC-10006254,796,0,1,2,1,4,0,0,2,3,0,0,N,N
ACC-10006255,954,0,0,1,0,2,0,0,1,2,0,0,N,N
ACC-10006256,846,0,0,0,0,3,0,0,0,0,0,0,N,N
ACC-10006257,794,0,0,2,0,2,1,0,2,4,0,0,N,N
ACC-10006258,877,0,1,0,1,4,0,0,0,0,0,0,N,N
ACC-10006259,898,0,0,2,0,4,0,0,2,4,0,0,N,N
ACC-10006260,785,0,0,3,0,8,3,0,3,5,0,0,N,N
ACC-10006261,730,0,0,3,0,9,4,0,3,3,0,0,N,N
ACC-10006262,880,0,0,0,0,3,1,0,0,1,0,0,N,N
ACC-10006263,858,0,1,0,1,2,0,0,0,0,0,0,N,N
ACC-10006264,700,1,1,0,D,0,0,1,0,1,1,9,N,N
ACC-10006265,747,1,1,0,D,1,0,1,0,0,1,8,N,N
ACC-10006266,878,0,0,0,0,4,0,0,0,1,0,0,N,N
ACC-10006267,960,0,0,0,0,3,0,0,0,1,0,0,N,N
ACC-10006268,669,1,1,3,D,3,1,2,5,6,1,26,N,N
ACC-10006269,813,0,1,2,3,4,1,1,2,3,0,0,N,N
ACC-10006270,712,0,1,3,1,5,2,0,3,3,0,0,N,N
ACC-10006271,834,0,0,0,0,2,0,0,0,1,0,0,N,N
ACC-10006272,858,0,0,1,0,3,0,0,1,3,0,0,N,N
ACC-10006273,889,0,0,1,0,1,0,0,5,5,0,0,N,N
ACC-10006274,802,0,0,2,0,5,1,0,2,4,0,0,N,T
ACC-10006275,847,0,0,0,N,0,0,0,2,2,0,0,N,N
ACC-10006276,834,0,0,0,0,1,0,0,0,0,0,0,N,N
ACC-10006277,785,0,1,2,1,2,0,0,3,5,0,0,N,N
ACC-10006278,814,0,1,1,1,6,0,0,1,2,0,0,N,N
ACC-10006279,746,1,1,1,D,2,1,1,1,1,1,13,N,T
ACC-10006280,797,0,0,2,0,2,0,0,4,4,1,5,N,T
ACC-10006281,865,0,2,0,1,4,1,0,0,0,0,0,N,N
ACC-10006282,808,0,2,2,1,3,2,0,2,2,1,18,N,N
ACC-10006283,880,0,0,3,0,6,0,0,3,4,0,0,N,N
ACC-10006284,890,0,0,1,0,5,0,0,1,1,0,0,N,N
ACC-10006285,843,0,0,1,0,3,1,0,1,1,0,0,N,N
ACC-10006286,821,0,0,1,0,2,0,0,1,1,0,0,N,N
ACC-10006287,789,0,0,1,0,2,0,0,1,3,0,0,N,N
ACC-10006288,788,0,1,0,1,3,0,0,0,0,0,0,N,N
ACC-10006289,826,0,0,2,0,5,1,0,2,4,0,0,N,N
ACC-10006290,806,0,0,0,N,0,0,0,4,6,0,0,N,N
ACC-10006291,836,0,0,0,0,4,0,0,0,0,0,0,N,N
ACC-10006292,699,0,0,1,0,4,0,0,1,2,0,0,N,N
ACC-10006293,786,0,0,1,0,1,0,0,1,2,0,0,N,N
ACC-10006294,840,0,0,4,0,7,0,0,4,5,0,0,N,N
ACC-10006295,868,0,0,0,0,3,0,0,0,2,0,0,N,N
ACC-10006296,732,0,1,2,1,2,0,0,3,3,0,0,N,N
ACC-10006297,816,0,0,1,0,4,0,0,1,2,0,0,N,N
ACC-10006298,883,1,2,0,D,0,0,1,0,2,1,2,N,N
ACC-10006299,871,0,0,3,0,5,0,0,3,6,0,0,N,N
ACC-10006300,823,0,0,1,0,4,2,0,1,3,0,0,N,N
ACC-10006301,755,0,0,1,0,1,0,0,1,1,0,0,N,N
ACC-10006302,844,0,0,0,0,4,0,0,0,0,0,0,N,N
ACC-10006303,781,0,0,2,0,4,2,0,2,2,0,0,N,N
ACC-10006304,892,0,0,1,0,2,0,0,1,1,0,0,N,N
ACC-10006305,836,0,0,2,0,2,0,0,2,2,0,0,N,T
ACC-10006306,826,0,1,0,1,2,0,0,0,3,0,0,N,N
ACC-10006307,871,0,2,0,1,5,0,0,0,2,0,0,N,N
ACC-10006308,836,0,0,1,0,4,1,0,1,1,0,0,N,N
ACC-10006309,788,0,1,0,1,6,0,0,0,0,0,0,N,N
ACC-10006310,813,0,0,0,0,2,1,0,0,0,0,0,N,N
ACC-10006311,829,0,0,1,0,6,1,0,1,1,0,0,N,N
ACC-10006312,908,0,0,2,0,2,0,0,2,3,0,0,N,N
ACC-10006313,675,1,1,2,D,2,1,1,2,2,1,8,N,N
ACC-10006314,821,0,0,0,0,5,0,0,0,1,0,0,N,N
ACC-10006315,859,0,1,1,1,7,0,0,1,2,0,0,N,N
ACC-10006316,792,0,0,1,0,1,0,0,2,2,0,0,N,N
ACC-10006317,716,0,1,3,1,4,0,0,3,4,0,0,N,T
ACC-10006318,779,0,0,3,0,4,1,0,3,5,0,0,N,N
ACC-10006319,774,0,0,1,0,1,0,0,1,1,0,0,N,T
ACC-10006320,829,0,0,1,0,6,0,0,1,1,0,0,N,N
ACC-10006321,816,0,0,1,0,5,1,0,1,2,0,0,N,N
ACC-10006322,864,0,0,1,0,2,0,0,1,2,0,0,N,N
ACC-10006323,807,0,1,1,1,2,0,0,1,2,0,0,N,N
ACC-10006324,944,0,0,1,0,2,0,0,1,2,0,0,N,N
ACC-10006325,950,0,0,1,0,3,0,0,1,2,0,0,N,N
ACC-10006326,815,0,0,1,0,8,1,0,1,1,0,0,N,N
ACC-10006327,754,1,1,2,D,7,1,1,2,2,1,5,N,N
ACC-10006328,845,0,0,0,0,4,1,0,0,2,0,0,N,N
ACC-10006329,768,0,0,2,0,5,0,0,2,2,0,0,N,N
ACC-10006330,847,0,0,1,0,4,0,0,1,2,0,0,N,N
ACC-10006331,869,0,0,1,0,2,0,0,1,1,0,0,N,N
ACC-10006332,778,0,0,0,0,2,0,0,0,1,0,0,N,N
ACC-10006333,705,0,1,1,1,2,0,0,1,1,0,0,N,N
ACC-10006334,716,1,2,1,D,1,0,2,1,2,1,9,N,N
ACC-10006335,841,0,0,0,0,2,1,0,0,0,0,0,N,N
ACC-10006336,797,0,0,0,0,5,0,0,0,0,0,0,N,N
ACC-10006337,770,0,0,2,0,3,0,0,2,2,0,0,N,N
ACC-10006338,846,0,0,2,0,7,1,0,2,2,0,0,N,N
ACC-10006339,727,1,1,0,D,6,0,1,0,0,1,7,N,N
ACC-10006340,872,0,0,0,0,4,0,0,0,0,0,0,N,N
ACC-10006341,807,1,1,0,D,3,0,1,0,1,1,10,N,N
ACC-10006342,890,0,2,0,1,5,0,0,0,1,0,0,N,N
ACC-10006343,800,0,1,0,3,1,0,1,0,0,0,0,N,N
ACC-10006344,896,0,1,1,1,7,1,0,1,1,0,0,N,N
ACC-10006345,836,0,0,1,0,3,1,0,1,1,0,0,N,N
ACC-10006346,829,0,0,0,N,0,0,0,1,2,0,0,N,N
ACC-10006347,732,0,1,0,3,3,0,1,0,0,0,0,N,N
ACC-10006348,834,0,0,1,0,1,0,0,2,3,0,0,N,N
ACC-10006349,854,0,0,1,0,6,0,0,1,4,0,0,N,N
ACC-10006350,845,0,0,1,0,6,1,0,1,3,0,0,N,N
ACC-10006351,804,0,0,1,0,8,0,0,1,1,0,0,N,N
ACC-10006352,814,0,1,2,1,2,1,0,3,3,0,0,N,N
ACC-10006353,869,0,0,1,0,2,0,0,1,1,0,0,N,N
ACC-10006354,862,0,0,0,0,7,0,0,0,0,0,0,N,N
ACC-10006355,830,0,0,2,0,6,0,0,2,2,0,0,N,N
ACC-10006356,829,0,0,0,0,2,0,0,0,1,0,0,N,N
ACC-10006357,855,0,0,1,0,6,0,0,1,1,0,0,N,N
ACC-10006358,863,0,0,2,0,5,0,0,2,3,0,0,N,N
ACC-10006359,999,0,0,0,0,6,1,0,0,2,0,0,N,N
ACC-10006360,908,0,0,0,0,8,0,0,0,1,0,0,N,N
ACC-10006361,731,0,0,3,0,3,1,0,3,4,0,0,N,N
ACC-10006362,752,0,1,0,1,3,0,0,0,0,0,0,N,T
ACC-10006363,877,0,1,0,1,3,0,0,0,1,0,0,N,T
ACC-10006364,788,0,0,2,0,2,1,0,5,5,0,0,N,N
ACC-10006365,730,0,0,4,0,4,2,0,5,6,0,0,N,T
ACC-10006366,906,0,0,2,0,2,0,0,2,3,0,0,N,N
ACC-10006367,889,0,0,0,0,4,1,0,0,0,0,0,N,N
ACC-10006368,838,0,0,0,0,1,0,0,0,1,0,0,N,T
ACC-10006369,723,0,0,2,0,4,1,0,2,2,0,0,N,N
ACC-10006370,907,0,0,0,N,0,0,0,2,4,0,0,N,N
ACC-10006371,746,0,0,2,0,7,1,0,2,3,0,0,N,T
ACC-10006372,780,0,0,1,0,4,1,0,1,1,0,0,N,N
ACC-10006373,777,0,1,1,3,1,1,1,3,4,0,0,N,N
ACC-10006374,763,0,0,2,0,2,0,0,2,3,0,0,N,N
ACC-10006375,744,0,0,2,0,4,1,0,2,3,0,0,N,N
ACC-10006376,726,0,0,0,N,0,0,0,2,5,0,0,N,N
ACC-10006377,826,0,0,0,0,4,0,0,0,1,0,0,N,N
ACC-10006378,931,0,0,0,0,4,0,0,0,1,0,0,N,N
ACC-10006379,971,0,0,0,0,2,0,0,0,2,0,0,N,N
ACC-10006380,747,0,0,2,0,5,1,0,2,3,0,0,N,N
ACC-10006381,747,0,0,3,0,3,0,0,3,7,0,0,N,N
ACC-10006382,903,0,0,1,0,3,0,0,1,2,0,0,N,N
ACC-10006383,928,0,2,0,1,7,0,0,0,2,0,0,N,N
ACC-10006384,878,0,0,1,0,7,3,0,1,3,0,0,N,N
ACC-10006385,911,0,0,0,0,5,0,0,0,0,0,0,N,N
ACC-10006386,766,0,0,2,0,5,0,0,2,3,0,0,N,N
ACC-10006387,905,0,0,1,0,5,0,0,1,2,0,0,N,N
ACC-10006388,899,0,0,0,0,4,0,0,0,2,0,0,N,N
ACC-10006389,781,0,0,2,0,4,0,0,2,2,0,0,N,T
ACC-10006390,832,0,0,1,0,5,1,0,1,2,0,0,N,N
ACC-10006391,767,0,1,1,1,4,0,0,1,1,0,0,N,N
ACC-10006392,854,0,0,1,0,3,0,0,1,2,0,0,N,N
ACC-10006393,818,0,0,0,0,5,1,0,0,0,0,0,N,N
ACC-10006394,793,0,0,0,0,3,1,0,0,2,0,0,N,N
ACC-10006395,907,0,0,1,0,5,0,0,1,1,0,0,N,N
ACC-10006396,799,0,0,3,0,3,0,0,4,6,1,7,N,N
ACC-10006397,775,0,0,3,0,3,1,0,3,5,0,0,N,N
ACC-10006398,884,0,0,1,0,5,0,0,1,2,0,0,N,N
ACC-10006399,944,0,0,0,0,6,1,0,0,1,0,0,N,N
ACC-10006400,775,0,0,1,0,3,0,0,1,3,0,0,N,N
ACC-10006401,824,0,0,1,0,1,1,0,3,4,0,0,N,N
ACC-10006402,871,0,0,2,0,2,0,0,2,3,0,0,N,N
ACC-10006403,868,0,0,1,0,3,0,0,1,1,0,0,N,N
ACC-10006404,823,0,0,1,0,1,0,0,2,2,0,0,N,N
ACC-10006405,945,0,0,2,0,2,0,0,2,2,0,0,N,N
ACC-10006406,799,0,0,0,0,3,0,0,0,0,0,0,N,N
ACC-10006407,865,0,0,0,0,2,1,0,0,0,0,0,N,N
ACC-10006408,842,0,0,1,0,2,0,0,1,1,0,0,N,N
ACC-10006409,865,0,0,0,0,3,0,0,0,0,0,0,N,N
ACC-10006410,801,0,0,3,0,4,0,0,3,3,0,0,N,N
ACC-10006411,883,0,0,0,0,1,0,0,0,0,0,0,N,N
ACC-10006412,745,0,0,1,0,2,2,0,1,2,0,0,N,N
ACC-10006413,844,1,1,1,D,3,0,1,1,1,1,6,N,N
ACC-10006414,780,0,1,2,1,2,1,0,2,3,0,0,N,N
ACC-10006415,741,0,0,3,0,4,0,0,3,5,0,0,N,N
ACC-10006416,831,0,0,2,0,4,0,0,2,3,0,0,N,N
ACC-10006417,778,0,0,1,0,2,1,0,1,1,0,0,N,N
ACC-10006418,828,0,0,0,0,4,0,0,0,0,0,0,N,N
ACC-10006419,738,1,1,1,D,3,1,1,1,2,1,2,N,N
ACC-10006420,774,0,0,1,0,3,1,0,1,2,0,0,N,T
ACC-10006421,861,0,0,0,0,7,0,0,0,0,0,0,N,N
ACC-10006422,911,0,0,0,0,5,1,0,0,2,0,0,N,N
ACC-10006423,798,0,1,2,1,3,1,0,2,3,0,0,N,N
ACC-10006424,873,0,0,1,0,5,0,0,1,3,0,0,N,N
ACC-10006425,695,1,1,3,D,3,2,1,3,3,1,27,N,N
ACC-10006426,816,0,1,0,1,0,0,0,0,0,0,0,N,N
ACC-10006427,861,0,1,1,3,1,0,1,1,2,0,0,N,N
ACC-10006428,787,1,1,1,D,1,0,2,2,3,1,23,N,N
ACC-10006429,879,0,0,1,0,1,0,0,1,2,1,5,N,N
ACC-10006430,780,0,0,0,0,1,0,0,0,0,0,0,N,N
ACC-10006431,820,0,0,2,0,4,1,0,2,3,0,0,N,N
ACC-10006432,807,0,0,2,0,3,0,0,2,2,0,0,N,N
ACC-10006433,831,0,1,1,1,3,0,0,1,1,0,0,N,N
ACC-10006434,785,0,0,1,0,1,0,0,2,2,0,0,N,N
ACC-10006435,837,0,0,1,0,4,0,0,1,1,0,0,N,N
ACC-10006436,924,0,0,2,0,6,0,0,2,2,0,0,N,N
ACC-10006437,752,0,1,5,1,9,0,0,5,5,0,0,N,N
ACC-10006438,863,0,0,1,0,3,0,0,1,2,0,0,N,N
ACC-10006439,698,1,1,0,D,4,2,1,0,0,1,3,N,N
ACC-10006440,776,0,0,0,0,2,0,0,0,0,0,0,N,N
ACC-10006441,742,1,1,1,D,2,0,1,1,1,1,7,N,N
ACC-10006442,884,0,0,1,0,1,0,0,1,3,0,0,N,N
ACC-10006443,842,0,0,3,0,3,0,0,3,3,0,0,N,N
ACC-10006444,757,0,0,1,0,5,2,0,1,2,0,0,N,T
ACC-10006445,871,0,0,0,N,0,0,0,3,5,1,2,N,N
ACC-10006446,717,0,1,2,1,2,0,0,2,2,0,0,N,N
ACC-10006447,845,0,0,2,0,3,0,0,2,3,0,0,N,N
ACC-10006448,788,0,0,0,N,0,0,0,2,2,0,0,N,N
ACC-10006449,689,1,1,4,D,7,1,2,4,4,1,17,N,N
ACC-10006450,854,0,0,3,0,5,0,0,3,3,0,0,N,N
ACC-10006451,732,0,0,2,0,4,0,0,2,2,0,0,N,N
ACC-10006452,806,0,0,3,0,6,0,0,3,3,0,0,N,N
ACC-10006453,879,0,0,0,0,1,0,0,0,0,0,0,N,N
ACC-10006454,899,0,0,0,0,3,0,0,0,3,0,0,N,N
ACC-10006455,912,0,0,1,0,1,0,0,1,1,0,0,N,N
ACC-10006456,900,0,0,0,0,9,0,0,0,0,0,0,N,N
ACC-10006457,838,0,0,0,0,2,0,0,0,1,0,0,N,N
ACC-10006458,867,0,0,0,0,4,0,0,0,2,0,0,N,N
ACC-10006459,871,0,0,2,0,2,0,0,2,3,0,0,N,N
ACC-10006460,786,0,1,1,1,9,2,0,1,2,0,0,N,T
ACC-10006461,767,0,0,2,0,4,0,0,2,3,0,0,N,N
ACC-10006462,866,0,0,0,0,3,0,0,0,2,0,0,N,N
ACC-10006463,835,0,0,1,0,1,0,0,1,3,0,0,N,N
ACC-10006464,699,1,2,0,D,6,3,1,0,1,1,5,N,N
ACC-10006465,851,0,0,1,0,1,0,0,1,1,0,0,N,N
ACC-10006466,764,0,0,3,0,4,1,0,3,6,0,0,N,N
ACC-10006467,852,0,0,0,0,2,0,0,0,1,0,0,N,N
ACC-10006468,811,0,1,0,3,2,1,1,0,0,0,0,N,N
ACC-10006469,735,0,1,1,1,4,2,0,1,2,0,0,N,N
ACC-10006470,788,0,0,0,0,3,0,0,0,1,0,0,N,N
ACC-10006471,860,0,0,1,0,7,1,0,1,1,0,0,N,N
ACC-10006472,810,0,0,2,0,4,0,0,2,4,0,0,N,N
ACC-10006473,881,0,0,1,0,5,0,0,1,1,0,0,N,N
ACC-10006474,961,0,0,2,0,3,0,0,2,2,0,0,N,N
ACC-10006475,844,0,1,0,1,4,2,0,0,0,0,0,N,N
ACC-10006476,838,0,0,0,0,7,1,0,0,0,0,0,N,N
ACC-10006477,851,0,0,1,0,3,0,0,1,1,0,0,N,N
ACC-10006478,797,0,0,2,0,3,1,0,2,2,0,0,N,N
ACC-10006479,879,0,0,0,0,7,1,0,0,0,0,0,N,N
ACC-10006480,834,0,1,0,1,5,0,0,0,0,0,0,N,N
ACC-10006481,879,0,1,0,3,3,0,1,0,0,0,0,N,N
ACC-10006482,822,0,0,2,0,4,0,0,2,2,0,0,N,N
ACC-10006483,784,0,0,1,0,1,0,0,1,1,0,0,N,N
ACC-10006484,858,0,0,2,0,4,0,0,2,2,0,0,N,N
ACC-10006485,828,0,0,2,0,2,0,0,4,4,0,0,N,N
ACC-10006486,860,0,0,1,0,5,0,0,1,3,0,0,N,N
ACC-10006487,723,0,0,0,0,3,1,0,0,0,0,0,N,N
ACC-10006488,737,1,1,0,D,2,0,1,0,0,1,7,N,N
ACC-10006489,807,0,0,1,0,2,0,0,1,1,0,0,N,N
ACC-10006490,750,1,1,0,D,4,3,1,0,0,1,28,N,T
ACC-10006491,931,0,0,1,0,3,0,0,1,1,0,0,N,N
ACC-10006492,782,0,0,2,0,4,0,0,2,4,0,0,N,N
ACC-10006493,825,0,0,0,0,4,0,0,0,1,0,0,N,N
ACC-10006494,770,0,0,4,0,4,0,0,4,4,0,0,N,N
ACC-10006495,832,0,1,0,3,3,0,1,0,0,0,0,N,N
ACC-10006496,775,0,0,1,0,5,1,0,1,4,0,0,N,N
ACC-10006497,914,0,0,1,0,5,1,0,1,1,0,0,N,N
ACC-10006498,867,0,0,2,0,2,0,0,3,5,0,0,N,N
ACC-10006499,817,0,0,2,0,3,0,0,2,6,0,0,N,N
ACC-10006500,895,0,0,3,0,4,0,0,3,3,0,0,N,N
ACC-10006501,830,0,1,0,1,0,0,0,0,0,0,0,N,N
ACC-10006502,766,0,0,0,0,2,0,0,0,0,0,0,N,N
ACC-10006503,850,1,1,2,D,3,0,1,2,2,1,20,N,N
ACC-10006504,796,0,0,2,0,2,0,0,2,3,0,0,N,T
ACC-10006505,814,0,0,1,0,2,0,0,1,3,0,0,N,N
ACC-10006506,776,0,0,0,0,1,0,0,0,0,0,0,N,N
ACC-10006507,829,0,0,2,0,4,0,0,2,2,0,0,N,N
ACC-10006508,692,1,2,4,D,5,0,2,4,6,1,1,N,N
ACC-10006509,928,0,0,2,0,4,0,0,2,2,1,2,N,N
ACC-10006510,840,0,0,0,0,1,0,0,0,0,0,0,N,N
ACC-10006511,855,0,0,1,0,1,0,0,1,2,0,0,N,N
ACC-10006512,817,1,1,0,D,2,0,2,0,0,1,6,N,N
ACC-10006513,760,0,0,0,0,4,0,0,0,0,0,0,N,N
ACC-10006514,781,0,0,1,0,1,0,0,1,2,0,0,N,N
ACC-10006515,891,0,0,0,0,7,0,0,0,0,0,0,N,N
ACC-10006516,821,0,0,0,0,2,1,0,0,1,0,0,N,N
ACC-10006517,871,0,0,1,0,4,0,0,1,2,0,0,N,N
ACC-10006518,896,0,0,0,0,1,0,0,0,0,0,0,N,N
ACC-10006519,815,0,1,0,1,2,0,0,0,0,0,0,N,N
ACC-10006520,806,0,0,0,0,4,1,0,0,1,0,0,N,N
ACC-10006521,841,0,0,1,0,2,0,0,1,1,0,0,N,N
ACC-10006522,838,0,0,1,0,9,0,0,1,1,0,0,N,N
ACC-10006523,814,0,0,2,0,2,1,0,2,3,1,9,N,N
ACC-10006524,859,0,0,0,0,4,1,0,0,2,0,0,N,N
ACC-10006525,765,0,0,2,0,2,0,0,2,5,0,0,N,N
ACC-10006526,857,0,0,1,0,4,0,0,1,2,0,0,N,N
ACC-10006527,909,0,0,2,0,4,0,0,2,6,0,0,N,N
ACC-10006528,668,1,1,1,D,5,0,1,1,2,1,4,N,N
ACC-10006529,840,0,0,0,0,6,0,0,0,0,0,0,N,N
ACC-10006530,857,0,0,2,0,9,2,0,2,4,0,0,N,N
ACC-10006531,887,0,0,4,0,7,0,0,4,4,0,0,N,N
ACC-10006532,714,0,0,3,0,5,2,0,3,3,0,0,N,N
ACC-10006533,708,1,2,2,D,2,0,2,2,3,1,18,N,N
ACC-10006534,807,0,0,0,0,4,0,0,0,0,0,0,N,N
ACC-10006535,836,0,0,0,0,2,1,0,0,0,0,0,N,N
ACC-10006536,877,0,0,0,0,3,0,0,0,0,0,0,N,N
ACC-10006537,816,0,1,2,3,5,0,1,2,3,0,0,N,N
ACC-10006538,813,0,0,2,0,3,0,0,2,3,0,0,N,N
ACC-10006539,750,0,2,2,3,5,0,1,2,3,0,0,N,N
ACC-10006540,802,0,0,1,0,3,1,0,1,1,0,0,N,N
ACC-10006541,786,0,0,0,0,2,1,0,0,2,0,0,N,N
ACC-10006542,886,0,0,1,0,1,0,0,1,1,0,0,N,N
ACC-10006543,852,0,0,0,0,1,0,0,0,2,0,0,N,N
ACC-10006544,716,0,0,2,0,2,0,0,3,4,0,0,N,N
ACC-10006545,775,0,0,3,0,4,0,0,3,3,0,0,N,T
ACC-10006546,764,0,0,2,0,5,0,0,2,4,0,0,N,T
ACC-10006547,782,0,0,2,0,2,1,0,2,3,0,0,N,N
ACC-10006548,812,0,0,1,0,6,1,0,1,1,0,0,N,N
ACC-10006549,807,0,0,2,0,5,1,0,2,2,0,0,N,N
ACC-10006550,819,0,0,1,0,3,0,0,1,2,0,0,N,N
ACC-10006551,792,0,0,1,0,4,0,0,1,2,0,0,N,N
ACC-10006552,823,0,1,2,1,6,1,0,2,2,0,0,N,N
ACC-10006553,757,0,0,2,0,2,0,0,2,3,0,0,N,T
ACC-10006554,896,0,2,0,1,0,0,0,1,1,0,0,N,N
ACC-10006555,869,0,0,2,0,4,1,0,2,3,0,0,N,N
ACC-10006556,713,1,2,0,D,3,0,1,0,0,1,9,N,N
ACC-10006557,763,0,0,1,0,1,0,0,2,3,0,0,N,N
ACC-10006558,864,0,0,0,0,5,0,0,0,0,0,0,N,N
ACC-10006559,832,0,0,0,N,0,0,0,3,4,0,0,N,N
ACC-10006560,821,0,0,1,0,4,1,0,1,3,0,0,N,N
ACC-10006561,977,0,0,0,0,2,1,0,0,0,0,0,N,N
ACC-10006562,885,0,0,1,0,1,0,0,1,1,0,0,N,N
ACC-10006563,912,0,0,0,0,6,0,0,0,2,0,0,N,N
ACC-10006564,847,0,0,0,0,1,0,0,0,0,0,0,N,N
ACC-10006565,763,0,0,1,0,3,0,0,1,1,0,0,N,N
ACC-10006566,745,0,0,2,0,2,0,0,6,7,0,0,N,N
ACC-10006567,719,1,1,1,D,7,0,1,1,4,1,8,N,N
ACC-10006568,722,0,0,1,0,7,2,0,1,3,0,0,N,N
ACC-10006569,726,0,1,2,1,2,2,0,2,2,0,0,N,N
ACC-10006570,739,1,2,1,D,3,0,2,1,2,1,6,N,N
ACC-10006571,790,0,0,1,0,3,1,0,1,1,1,8,N,N
ACC-10006572,868,0,1,0,1,3,0,0,0,1,0,0,N,N
ACC-10006573,726,0,0,0,N,0,0,0,3,4,0,0,N,N
ACC-10006574,833,0,0,0,0,4,0,0,0,0,0,0,N,N
ACC-10006575,904,0,1,1,1,4,0,0,1,1,0,0,N,N
ACC-10006576,906,0,0,3,0,6,2,0,3,6,0,0,N,N
ACC-10006577,895,0,1,1,1,2,0,0,1,1,0,0,N,N
ACC-10006578,758,0,0,3,0,4,0,0,3,4,0,0,N,N
ACC-10006579,856,0,1,2,3,2,0,1,2,3,0,0,N,N
ACC-10006580,859,0,1,2,1,3,0,0,2,3,0,0,N,N
ACC-10006581,863,0,0,2,0,4,1,0,2,2,0,0,N,N
ACC-10006582,775,1,2,0,D,3,0,1,0,1,1,5,N,N
ACC-10006583,938,0,0,0,0,3,1,0,0,0,0,0,N,N
ACC-10006584,748,0,1,3,3,5,2,1,3,4,0,0,N,N
ACC-10006585,834,0,1,2,1,2,2,0,3,3,0,0,N,N
ACC-10006586,794,0,0,2,0,2,0,0,2,2,0,0,N,N
ACC-10006587,740,1,1,0,D,3,0,1,0,0,1,3,N,N
ACC-10006588,873,0,0,2,0,2,0,0,3,3,0,0,N,N
ACC-10006589,868,1,1,2,D,2,1,1,2,2,1,7,N,N
ACC-10006590,832,0,0,1,0,1,1,0,2,2,0,0,N,N
ACC-10006591,883,0,0,2,0,5,0,0,2,4,0,0,N,N
ACC-10006592,836,0,0,2,0,4,0,0,2,4,0,0,N,N
ACC-10006593,950,0,0,2,0,4,0,0,2,2,0,0,N,N
ACC-10006594,795,0,1,1,1,1,0,0,2,5,0,0,N,N
ACC-10006595,756,1,1,0,D,6,1,1,0,0,1,4,N,N
ACC-10006596,777,1,2,2,D,5,1,1,2,3,1,14,N,N
ACC-10006597,815,0,0,3,0,3,2,0,4,5,0,0,N,N
ACC-10006598,817,0,0,2,0,4,0,0,2,3,0,0,N,N
ACC-10006599,806,1,1,0,D,0,0,1,1,1,1,17,N,N
ACC-10006600,767,0,1,1,1,1,0,0,2,2,0,0,N,N
ACC-10006601,752,0,1,1,1,1,1,0,1,1,0,0,N,N
ACC-10006602,969,0,0,0,0,3,0,0,0,0,0,0,N,N
ACC-10006603,797,0,1,3,1,5,1,0,3,4,0,0,N,N
ACC-10006604,835,0,0,1,0,4,1,0,1,3,0,0,N,N
ACC-10006605,878,0,0,1,0,4,0,0,1,1,0,0,N,N
ACC-10006606,840,0,0,0,0,2,0,0,0,2,0,0,N,N
ACC-10006607,779,1,1,1,D,3,0,1,1,4,1,4,N,N
ACC-10006608,886,0,0,0,N,0,0,0,1,1,0,0,N,N
ACC-10006609,763,0,1,2,1,2,0,0,3,3,0,0,N,N
ACC-10006610,866,0,0,2,0,5,0,0,2,3,0,0,N,N
ACC-10006611,772,0,0,0,0,4,0,0,0,0,0,0,N,N
ACC-10006612,819,0,1,0,1,1,0,0,0,1,0,0,N,N
ACC-10006613,790,0,0,1,0,6,2,0,1,1,0,0,N,N
ACC-10006614,965,0,0,0,0,2,1,0,0,0,0,0,N,N
ACC-10006615,768,0,0,0,0,5,0,0,0,1,0,0,N,N
ACC-10006616,876,0,0,1,0,4,1,0,1,1,0,0,N,N
ACC-10006617,890,0,1,1,1,3,0,0,1,1,0,0,N,N
ACC-10006618,746,0,0,2,0,5,0,0,2,3,0,0,N,N
ACC-10006619,730,0,0,3,0,3,1,0,3,5,0,0,N,N
ACC-10006620,665,1,1,4,D,5,0,1,4,4,2,3,N,N
ACC-10006621,908,0,0,1,0,2,1,0,1,2,0,0,N,N
ACC-10006622,775,0,0,4,0,4,0,0,4,6,0,0,N,N
ACC-10006623,918,0,0,0,0,2,0,0,0,2,0,0,N,N
ACC-10006624,796,0,0,2,0,3,0,0,2,2,0,0,N,N
ACC-10006625,849,0,0,1,0,2,0,0,1,1,0,0,N,N
ACC-10006626,872,0,0,1,0,3,0,0,1,2,0,0,N,N
ACC-10006627,862,0,0,2,0,5,0,0,2,3,0,0,N,N
ACC-10006628,920,0,0,0,0,4,1,0,0,1,0,0,N,N
ACC-10006629,972,0,0,0,0,3,0,0,0,2,0,0,N,N
ACC-10006630,930,0,1,0,1,4,0,0,0,0,0,0,N,N
ACC-10006631,857,0,0,3,0,5,0,0,3,4,0,0,N,N
ACC-10006632,730,0,1,2,1,3,2,0,2,3,0,0,N,N
ACC-10006633,670,1,2,1,D,2,0,2,1,1,1,12,N,N
ACC-10006634,845,0,0,1,0,1,0,0,1,3,0,0,N,N
ACC-10006635,905,0,0,1,0,1,0,0,2,2,0,0,N,N
ACC-10006636,858,0,0,2,0,8,0,0,2,3,0,0,N,N
ACC-10006637,770,0,0,2,0,2,1,0,2,2,0,0,N,N
ACC-10006638,848,0,0,0,0,3,0,0,0,1,0,0,N,N
ACC-10006639,910,0,0,0,0,2,0,0,0,0,0,0,N,T
ACC-10006640,857,0,0,0,0,5,0,0,0,1,0,0,N,N
ACC-10006641,851,0,0,1,0,3,0,0,1,3,0,0,N,N
ACC-10006642,874,0,1,1,1,1,0,0,1,1,0,0,N,N
ACC-10006643,744,1,1,0,D,5,1,1,0,0,1,11,N,N
ACC-10006644,841,0,1,3,1,5,0,0,3,5,0,0,N,N
ACC-10006645,852,0,1,1,1,2,0,0,1,1,0,0,N,N
ACC-10006646,881,0,0,2,0,3,0,0,2,2,0,0,N,N
ACC-10006647,710,1,2,1,D,2,0,1,1,1,1,4,N,N
ACC-10006648,769,0,0,0,N,0,0,0,3,4,0,0,N,N
ACC-10006649,843,0,0,1,0,2,0,0,1,2,0,0,N,N
ACC-10006650,903,0,0,1,0,1,0,0,1,1,0,0,N,N
ACC-10006651,862,0,0,2,0,5,1,0,2,2,0,0,N,N
ACC-10006652,923,0,1,1,3,2,0,1,1,2,0,0,N,N
ACC-10006653,813,0,0,1,0,1,1,0,1,2,0,0,N,N
ACC-10006654,721,1,1,1,D,1,0,1,1,1,1,32,N,T
ACC-10006655,869,0,0,0,0,5,1,0,0,1,0,0,N,N
ACC-10006656,874,1,1,1,D,1,0,1,2,2,1,11,N,N
ACC-10006657,916,0,0,0,0,5,0,0,0,0,0,0,N,N
ACC-10006658,812,0,0,0,0,3,0,0,0,0,0,0,N,N
ACC-10006659,819,0,0,2,0,3,0,0,2,3,0,0,N,N
ACC-10006660,831,0,0,3,0,6,0,0,3,4,0,0,N,N
ACC-10006661,802,0,1,2,1,3,1,0,2,2,0,0,N,N
ACC-10006662,846,0,0,0,0,3,0,0,0,1,0,0,N,N
ACC-10006663,823,0,2,2,3,9,0,1,2,2,0,0,N,N
ACC-10006664,755,1,1,0,D,3,0,1,0,0,1,15,N,N
ACC-10006665,702,1,1,2,D,3,0,1,2,2,1,2,N,N
ACC-10006666,840,0,0,2,0,4,2,0,2,2,0,0,N,N
ACC-10006667,896,0,0,0,0,2,0,0,0,0,0,0,N,N
ACC-10006668,747,0,0,1,0,1,0,0,4,6,0,0,N,N
ACC-10006669,759,1,2,1,D,3,0,1,1,2,1,2,N,N
ACC-10006670,901,0,0,0,0,1,0,0,0,1,0,0,N,N
ACC-10006671,754,0,1,2,1,3,1,0,2,3,0,0,N,N
ACC-10006672,761,0,0,1,0,9,1,0,1,1,0,0,N,N
ACC-10006673,777,0,1,1,1,2,1,0,1,2,0,0,N,N
ACC-10006674,847,0,1,0,1,2,0,0,0,0,0,0,N,N
ACC-10006675,736,0,0,1,0,5,2,0,1,1,0,0,N,N
ACC-10006676,875,0,0,0,0,2,1,0,0,0,0,0,N,N
ACC-10006677,756,0,1,2,1,2,0,0,3,3,0,0,N,N
ACC-10006678,766,0,1,1,1,6,0,0,1,1,0,0,N,N
ACC-10006679,907,0,0,1,0,3,0,0,1,2,0,0,N,N
ACC-10006680,802,0,0,1,0,3,1,0,1,1,0,0,N,N
ACC-10006681,954,0,0,0,0,4,0,0,0,2,0,0,N,N
ACC-10006682,864,0,0,0,0,3,0,0,0,1,0,0,N,N
ACC-10006683,796,0,1,0,1,2,1,0,0,1,0,0,N,N
ACC-10006684,866,0,0,1,0,2,0,0,1,2,0,0,N,N
ACC-10006685,876,0,0,0,N,0,0,0,2,2,0,0,N,N
ACC-10006686,693,0,0,3,0,4,1,0,3,3,0,0,N,N
ACC-10006687,836,0,0,2,0,9,0,0,2,4,0,0,N,N
ACC-10006688,883,0,1,1,3,2,1,1,1,2,0,0,N,N
ACC-10006689,724,0,0,2,0,5,0,0,2,2,0,0,N,N
ACC-10006690,661,1,4,1,D,5,1,1,1,4,1,10,N,N
ACC-10006691,800,0,2,1,1,1,0,0,1,2,0,0,N,N
ACC-10006692,738,0,1,1,1,1,0,0,4,4,0,0,N,N
ACC-10006693,894,0,0,1,0,1,0,0,2,3,0,0,N,N
ACC-10006694,751,0,2,1,3,1,0,2,1,2,0,0,N,N
ACC-10006695,968,0,0,0,0,2,0,0,0,0,0,0,N,N
ACC-10006696,876,0,0,0,0,4,1,0,0,1,0,0,N,N
ACC-10006697,788,0,0,2,0,9,1,0,2,3,0,0,N,N
ACC-10006698,972,0,0,0,0,4,0,0,0,0,0,0,N,N
ACC-10006699,778,0,0,2,0,4,0,0,2,5,0,0,N,N
ACC-10006700,909,0,0,2,0,3,1,0,2,2,0,0,N,N
ACC-10006701,835,0,0,1,0,5,0,0,1,3,0,0,N,N
ACC-10006702,974,0,0,0,0,6,0,0,0,1,0,0,N,N
ACC-10006703,756,0,0,0,0,3,0,0,0,0,0,0,N,N
ACC-10006704,904,0,0,1,0,5,0,0,1,3,0,0,N,N
ACC-10006705,918,0,0,2,0,6,0,0,2,2,0,0,N,N
ACC-10006706,732,0,0,2,0,2,0,0,2,2,0,0,N,N
ACC-10006707,660,1,2,3,D,3,0,1,4,4,1,4,N,T
ACC-10006708,707,0,1,2,1,3,0,0,2,2,0,0,N,N
ACC-10006709,818,0,1,1,1,5,0,0,1,2,0,0,N,N
ACC-10006710,795,0,1,1,1,2,1,0,1,2,0,0,N,N
ACC-10006711,843,0,0,1,0,3,1,0,1,1,0,0,N,N
ACC-10006712,771,0,0,2,0,5,0,0,2,4,0,0,N,T
ACC-10006713,762,1,1,2,D,3,0,2,2,3,1,10,N,N
ACC-10006714,954,0,0,1,0,2,0,0,1,2,0,0,N,N
ACC-10006715,777,1,1,0,D,3,0,1,0,1,1,6,N,N
ACC-10006716,825,0,0,2,0,4,0,0,2,2,0,0,N,N
ACC-10006717,822,0,1,1,1,1,0,0,1,2,0,0,N,N
ACC-10006718,850,1,1,0,D,3,0,1,0,0,1,6,N,N
ACC-10006719,775,0,0,2,0,2,0,0,2,4,0,0,N,N
ACC-10006720,789,0,0,1,0,9,4,0,1,2,0,0,N,N
ACC-10006721,798,0,0,0,0,3,0,0,0,1,0,0,N,N
ACC-10006722,813,0,0,3,0,3,1,0,3,5,0,0,N,N
ACC-10006723,797,0,0,3,0,5,0,0,3,4,0,0,N,N
ACC-10006724,887,0,1,0,1,1,0,0,0,2,0,0,N,N
ACC-10006725,794,0,0,0,0,2,0,0,0,0,0,0,N,N
ACC-10006726,902,0,0,0,0,4,2,0,0,2,0,0,N,N
ACC-10006727,770,0,0,1,0,6,1,0,1,1,0,0,N,N
ACC-10006728,760,0,1,2,1,2,0,0,2,3,0,0,N,N
ACC-10006729,734,0,0,2,0,2,0,0,2,4,0,0,N,N
ACC-10006730,846,0,0,1,0,2,0,0,1,1,0,0,N,N
ACC-10006731,812,0,0,2,0,3,0,0,2,2,0,0,N,N
ACC-10006732,808,0,1,0,3,1,0,1,0,0,0,0,N,N
ACC-10006733,888,0,0,0,0,3,0,0,0,0,0,0,N,N
ACC-10006734,836,0,0,0,N,0,0,0,2,3,0,0,N,N
ACC-10006735,828,0,0,0,0,3,1,0,0,1,1,2,N,N
ACC-10006736,891,0,0,1,0,1,0,0,2,2,0,0,N,N
ACC-10006737,715,1,2,1,D,1,0,1,1,1,1,5,N,N
ACC-10006738,869,0,1,1,1,4,0,0,1,1,0,0,N,N
ACC-10006739,695,0,1,1,1,1,0,0,2,2,0,0,N,N
ACC-10006740,794,0,0,0,0,4,0,0,0,0,0,0,N,N
ACC-10006741,736,0,0,3,0,3,1,0,6,7,0,0,N,N
ACC-10006742,833,0,0,0,0,6,0,0,0,0,0,0,N,N
ACC-10006743,763,0,2,1,1,3,1,0,1,1,0,0,N,N
ACC-10006744,752,0,0,1,0,2,1,0,1,1,0,0,N,N
ACC-10006745,877,0,0,2,0,3,0,0,2,2,0,0,N,N
ACC-10006746,914,0,1,0,1,4,0,0,0,0,0,0,N,N
ACC-10006747,839,0,0,1,0,1,0,0,2,2,0,0,N,N
ACC-10006748,730,1,1,1,D,3,0,2,1,3,1,5,N,N
ACC-10006749,947,0,0,0,0,3,0,0,0,0,0,0,N,N
ACC-10006750,728,0,2,0,3,0,0,1,1,1,0,0,N,T
ACC-10006751,786,0,0,1,0,4,0,0,1,3,0,0,N,N
ACC-10006752,875,0,0,1,0,1,0,0,3,5,0,0,N,N
ACC-10006753,801,0,2,2,1,4,0,0,2,3,0,0,N,N
ACC-10006754,815,0,0,0,0,5,0,0,0,0,0,0,N,T
ACC-10006755,712,1,2,0,D,0,0,1,1,2,1,14,N,T
ACC-10006756,820,0,1,0,1,5,0,0,0,2,0,0,N,N
ACC-10006757,754,0,1,2,1,3,0,0,2,4,0,0,N,N
ACC-10006758,821,0,0,2,0,2,0,0,2,3,0,0,N,N
ACC-10006759,739,0,0,1,0,2,0,0,1,2,0,0,N,N
ACC-10006760,869,0,0,2,0,5,1,0,2,4,0,0,N,N
ACC-10006761,852,0,0,0,0,4,1,0,0,1,0,0,N,N
ACC-10006762,819,0,0,0,0,4,0,0,0,2,0,0,N,N
ACC-10006763,970,0,0,0,0,1,1,0,0,0,0,0,N,N
ACC-10006764,773,0,0,1,0,4,0,0,1,1,0,0,N,N
ACC-10006765,812,0,0,0,0,2,1,0,0,0,0,0,N,N
ACC-10006766,801,0,0,1,0,3,0,0,1,2,0,0,N,N
ACC-10006767,866,0,0,2,0,3,0,0,2,2,0,0,N,N
ACC-10006768,904,0,0,1,0,3,0,0,1,3,0,0,N,N
ACC-10006769,811,0,0,1,0,1,0,0,3,3,0,0,N,N
ACC-10006770,797,0,0,0,0,3,0,0,0,0,0,0,N,N
ACC-10006771,633,0,1,2,3,3,0,1,2,3,0,0,N,T
ACC-10006772,811,0,0,1,0,4,2,0,1,2,0,0,N,N
ACC-10006773,771,1,1,2,D,2,0,2,4,4,1,9,N,T
ACC-10006774,843,0,0,1,0,3,1,0,1,2,0,0,N,N
ACC-10006775,642,1,1,2,D,3,0,2,2,3,1,3,N,N
ACC-10006776,768,0,0,1,0,5,0,0,1,1,0,0,N,N
ACC-10006777,878,0,1,1,1,4,0,0,1,1,0,0,N,N
ACC-10006778,795,1,2,1,D,5,0,1,1,2,1,2,N,N
ACC-10006779,795,0,0,2,0,2,1,0,2,2,0,0,N,T
ACC-10006780,736,1,1,0,D,1,0,1,0,0,1,8,N,N
ACC-10006781,916,0,0,2,0,2,0,0,2,4,0,0,N,N
ACC-10006782,735,0,1,1,1,2,1,0,1,3,0,0,N,T
ACC-10006783,793,0,1,1,1,3,0,0,1,1,0,0,N,N
ACC-10006784,820,0,0,2,0,2,0,0,2,3,0,0,N,N
ACC-10006785,761,0,0,1,0,1,1,0,3,3,0,0,N,N
ACC-10006786,732,0,0,1,0,2,0,0,1,3,0,0,N,N
ACC-10006787,930,0,0,0,0,4,0,0,0,2,0,0,N,N
ACC-10006788,657,0,0,6,0,6,2,0,7,7,0,0,N,N
ACC-10006789,899,0,0,0,0,2,0,0,0,2,0,0,N,N
ACC-10006790,794,0,0,2,0,2,0,0,3,3,0,0,N,N
ACC-10006791,755,1,1,2,D,8,1,1,2,5,1,4,N,N
ACC-10006792,878,0,0,1,0,4,1,0,1,3,0,0,N,T
ACC-10006793,765,1,1,2,D,4,2,1,2,3,1,6,N,N
ACC-10006794,891,0,0,2,0,3,0,0,2,2,0,0,N,N
ACC-10006795,754,1,1,1,D,4,1,1,1,2,1,6,N,N
ACC-10006796,847,0,0,1,0,2,0,0,1,2,0,0,N,N
ACC-10006797,839,0,0,2,0,3,0,0,2,3,0,0,N,N
ACC-10006798,784,0,0,1,0,1,0,0,1,1,0,0,N,N
ACC-10006799,969,0,0,0,0,3,0,0,0,1,0,0,N,N
ACC-10006800,786,0,0,0,0,3,1,0,0,0,0,0,N,N
ACC-10006801,816,0,0,0,0,4,0,0,0,0,0,0,N,N
ACC-10006802,749,1,1,3,D,3,1,1,3,3,1,10,N,T
ACC-10006803,837,0,0,0,0,2,0,0,0,0,0,0,N,N
ACC-10006804,901,0,1,1,1,5,1,0,1,1,0,0,N,N
ACC-10006805,867,0,1,1,3,2,0,1,1,2,0,0,N,N
ACC-10006806,861,0,0,1,0,1,0,0,1,1,0,0,N,N
ACC-10006807,911,0,0,1,0,2,0,0,1,2,0,0,N,N
ACC-10006808,755,1,1,1,D,1,0,1,2,4,1,2,N,N
ACC-10006809,860,0,0,0,N,0,0,0,0,2,0,0,N,N
ACC-10006810,881,0,0,0,0,1,0,0,0,1,0,0,N,N
ACC-10006811,835,0,0,2,0,4,0,0,2,2,0,0,N,N
ACC-10006812,785,0,1,0,1,3,2,0,0,0,0,0,N,T
ACC-10006813,933,0,0,0,0,6,2,0,0,2,0,0,N,N
ACC-10006814,824,0,0,1,0,1,0,0,1,3,0,0,N,N
ACC-10006815,851,0,1,1,1,4,0,0,1,1,0,0,N,N
ACC-10006816,872,0,0,2,0,2,0,0,2,3,0,0,N,N
ACC-10006817,783,0,0,1,0,7,6,0,1,1,0,0,N,N
ACC-10006818,733,0,0,2,0,5,1,0,2,2,0,0,N,N
ACC-10006819,814,0,0,1,0,7,1,0,1,1,0,0,N,N
ACC-10006820,778,0,0,2,0,3,0,0,2,3,0,0,N,N
ACC-10006821,812,0,0,0,0,2,1,0,0,0,0,0,N,N
ACC-10006822,858,0,0,1,0,4,0,0,1,3,0,0,N,N
ACC-10006823,750,0,4,0,3,2,0,1,0,0,0,0,N,N
ACC-10006824,812,0,1,2,1,2,0,0,2,5,0,0,N,N
ACC-10006825,773,0,0,0,0,1,0,0,0,2,0,0,N,N
ACC-10006826,737,1,2,0,D,2,1,2,0,0,1,12,N,N
ACC-10006827,712,0,0,3,0,3,0,0,3,3,0,0,N,N
ACC-10006828,795,0,1,3,1,3,0,0,4,5,0,0,N,N
ACC-10006829,808,0,1,1,1,3,0,0,1,1,0,0,N,N
ACC-10006830,815,0,0,2,0,3,1,0,2,4,0,0,N,N
ACC-10006831,765,0,1,1,1,1,0,0,3,4,0,0,N,N
ACC-10006832,802,0,0,2,0,2,0,0,3,3,0,0,N,N
ACC-10006833,820,0,0,0,0,1,0,0,0,0,0,0,N,N
ACC-10006834,899,0,0,0,0,2,0,0,0,0,0,0,N,N
ACC-10006835,901,0,1,2,1,2,0,0,2,3,0,0,N,N
ACC-10006836,707,0,1,5,3,6,1,1,5,6,0,0,N,N
ACC-10006837,848,0,0,2,0,2,0,0,3,3,0,0,N,N
ACC-10006838,815,0,1,2,1,2,1,0,3,3,0,0,N,N
ACC-10006839,816,0,0,3,0,3,0,0,3,3,0,0,N,N
ACC-10006840,954,0,1,0,1,0,0,0,0,0,0,0,N,N
ACC-10006841,868,0,0,1,0,3,0,0,1,1,0,0,N,N
ACC-10006842,701,1,1,0,D,1,0,1,0,1,1,35,N,N
ACC-10006843,834,0,0,0,0,1,0,0,0,0,0,0,N,N
ACC-10006844,848,0,0,0,0,4,1,0,0,0,0,0,N,N
ACC-10006845,772,0,0,2,0,4,1,0,2,3,0,0,N,N
ACC-10006846,889,0,0,0,0,3,0,0,0,1,0,0,N,N
ACC-10006847,912,0,1,1,1,2,0,0,1,2,0,0,N,N
ACC-10006848,866,0,1,1,1,2,0,0,1,1,0,0,N,N
ACC-10006849,770,0,0,2,0,9,2,0,2,2,0,0,N,N
ACC-10006850,843,1,1,0,D,0,0,1,0,0,1,5,N,N
ACC-10006851,850,0,0,1,0,5,2,0,1,2,0,0,N,N
ACC-10006852,906,0,0,0,0,3,0,0,0,2,0,0,N,N
ACC-10006853,716,0,0,0,0,2,1,0,0,0,0,0,N,N
ACC-10006854,746,1,1,1,D,1,0,1,2,2,1,2,N,N
ACC-10006855,877,0,1,2,1,4,1,0,2,4,0,0,N,N
ACC-10006856,684,1,1,2,D,2,1,1,2,4,1,10,N,N
ACC-10006857,768,0,0,1,0,3,1,0,1,2,0,0,N,N
ACC-10006858,781,0,1,0,1,0,0,0,1,1,0,0,N,N
ACC-10006859,858,0,0,1,0,3,1,0,1,1,0,0,N,N
ACC-10006860,909,0,0,2,0,5,0,0,2,2,0,0,N,N
ACC-10006861,653,1,2,3,D,3,1,2,3,3,1,6,N,N
ACC-10006862,848,0,0,1,0,5,0,0,1,2,0,0,N,N
ACC-10006863,827,0,0,1,0,7,0,0,1,2,0,0,N,N
ACC-10006864,758,0,1,0,1,3,0,0,0,0,0,0,N,N
ACC-10006865,823,0,0,1,0,4,0,0,1,3,0,0,N,N
ACC-10006866,900,0,0,1,0,2,0,0,1,1,0,0,N,N
ACC-10006867,837,0,0,2,0,3,0,0,2,2,0,0,N,N
ACC-10006868,929,0,0,0,0,3,0,0,0,1,0,0,N,N
ACC-10006869,832,0,0,2,0,4,1,0,2,2,0,0,N,N
ACC-10006870,934,0,0,1,0,4,0,0,1,1,0,0,N,T
ACC-10006871,846,0,0,1,0,5,0,0,1,1,0,0,N,N
ACC-10006872,787,1,1,1,D,2,0,1,1,1,1,20,N,N
ACC-10006873,836,0,0,1,0,6,1,0,1,3,0,0,N,N
ACC-10006874,830,0,0,0,0,2,1,0,0,1,0,0,N,N
ACC-10006875,835,0,0,0,0,5,1,0,0,1,0,0,N,N
ACC-10006876,904,0,0,1,0,5,0,0,1,1,0,0,N,N
ACC-10006877,916,0,0,1,0,3,0,0,1,3,0,0,N,N
ACC-10006878,902,0,0,0,0,5,0,0,0,1,0,0,N,N
ACC-10006879,781,0,0,1,0,5,0,0,1,1,0,0,N,N
ACC-10006880,846,0,1,1,1,3,0,0,1,2,0,0,N,N
ACC-10006881,865,0,0,0,0,2,0,0,0,2,0,0,N,N
ACC-10006882,660,1,1,2,D,6,0,1,2,2,1,9,N,T
ACC-10006883,894,0,0,1,0,1,0,0,1,1,0,0,N,N
ACC-10006884,848,0,1,1,3,1,0,1,2,2,0,0,N,N
ACC-10006885,840,0,0,0,0,4,0,0,0,0,0,0,N,N
ACC-10006886,883,0,1,0,1,2,0,0,0,2,0,0,N,N
ACC-10006887,798,0,0,3,0,3,0,0,4,5,0,0,N,N
ACC-10006888,862,0,1,0,1,6,0,0,0,1,0,0,N,N
ACC-10006889,821,1,1,1,D,5,0,1,1,1,1,11,N,N
ACC-10006890,780,0,1,1,3,4,1,1,1,1,0,0,N,N
ACC-10006891,795,0,0,2,0,2,0,0,2,5,0,0,N,N
ACC-10006892,735,0,0,1,0,1,0,0,3,4,0,0,N,N
ACC-10006893,931,0,0,1,0,1,0,0,1,1,0,0,N,N
ACC-10006894,868,0,0,2,0,3,1,0,2,4,0,0,N,N
ACC-10006895,702,1,1,1,D,3,0,1,1,3,1,29,N,N
ACC-10006896,825,0,0,4,0,4,0,0,5,5,0,0,N,N
ACC-10006897,729,0,0,1,0,4,0,0,1,3,0,0,N,N
ACC-10006898,832,0,1,0,1,2,0,0,0,0,0,0,N,N
ACC-10006899,942,0,0,0,0,1,0,0,0,1,0,0,N,N
ACC-10006900,899,0,0,1,0,2,0,0,1,2,0,0,N,N
ACC-10006901,828,0,1,0,1,3,1,0,0,1,0,0,N,N
ACC-10006902,851,0,1,1,1,1,0,0,2,2,0,0,N,N
ACC-10006903,861,0,0,2,0,7,0,0,2,2,0,0,N,N
ACC-10006904,734,0,1,0,1,4,1,0,0,1,0,0,N,N
ACC-10006905,858,0,0,1,0,6,1,0,1,2,0,0,N,N
ACC-10006906,769,0,1,4,1,4,1,0,5,6,0,0,N,N
ACC-10006907,807,0,0,0,0,4,0,0,0,0,0,0,N,N
ACC-10006908,718,0,0,3,0,3,0,0,3,3,0,0,N,N
ACC-10006909,799,0,1,1,3,8,1,1,1,1,0,0,N,N
ACC-10006910,815,0,0,1,0,1,0,0,1,2,0,0,N,N
ACC-10006911,853,0,0,1,0,3,0,0,1,1,0,0,N,N
ACC-10006912,866,0,0,1,0,2,1,0,1,1,0,0,N,N
ACC-10006913,668,1,1,1,D,7,0,1,1,2,1,5,N,N
ACC-10006914,821,0,0,0,0,1,1,0,0,0,0,0,N,N
ACC-10006915,883,0,0,0,0,2,0,0,0,0,0,0,N,N
ACC-10006916,835,0,0,1,0,1,0,0,1,1,0,0,N,N
ACC-10006917,890,0,0,1,0,2,0,0,1,1,0,0,N,N
ACC-10006918,859,0,0,0,0,1,0,0,0,1,0,0,N,N
ACC-10006919,890,0,0,3,0,3,0,0,4,5,0,0,N,N
ACC-10006920,761,0,0,0,N,0,0,0,1,2,0,0,N,T
ACC-10006921,869,0,0,1,0,6,0,0,1,1,0,0,N,T
ACC-10006922,844,0,1,1,1,4,0,0,1,1,0,0,N,N
ACC-10006923,800,0,0,1,0,4,2,0,1,1,0,0,N,T
ACC-10006924,810,0,0,1,0,4,2,0,1,4,0,0,N,N
ACC-10006925,775,0,1,2,1,3,0,0,2,2,0,0,N,N
ACC-10006926,817,0,0,1,0,4,0,0,1,1,0,0,N,N
ACC-10006927,828,0,1,3,1,4,0,0,3,5,0,0,N,N
ACC-10006928,768,0,0,3,0,3,0,0,3,4,0,0,N,N
ACC-10006929,754,0,0,1,0,1,0,0,6,6,0,0,N,N
ACC-10006930,827,0,0,3,0,3,0,0,3,4,0,0,N,N
ACC-10006931,794,0,1,1,1,6,0,0,1,1,0,0,N,N
ACC-10006932,805,0,0,1,0,1,0,0,1,1,0,0,N,N
ACC-10006933,711,0,0,0,0,6,2,0,0,1,0,0,N,N
ACC-10006934,819,0,0,0,N,0,0,0,1,3,0,0,N,N
ACC-10006935,750,0,0,0,0,1,0,0,0,0,0,0,N,N
ACC-10006936,831,0,0,1,0,5,2,0,1,2,0,0,N,N
ACC-10006937,839,0,1,1,3,2,0,1,1,1,0,0,N,N
ACC-10006938,825,1,1,0,D,6,1,1,0,1,1,11,N,N
ACC-10006939,829,0,0,3,0,5,2,0,3,4,0,0,N,N
ACC-10006940,822,0,0,2,0,3,1,0,2,2,0,0,N,N
ACC-10006941,801,0,0,2,0,2,0,0,4,6,0,0,N,N
ACC-10006942,800,1,1,1,D,4,0,1,1,1,1,15,N,N
ACC-10006943,859,0,0,2,0,2,0,0,2,3,0,0,N,N
ACC-10006944,852,0,0,1,0,4,0,0,1,1,0,0,N,N
ACC-10006945,835,0,0,0,N,0,0,0,1,2,0,0,N,N
ACC-10006946,790,0,0,2,0,2,0,0,3,5,0,0,N,N
ACC-10006947,936,0,0,0,0,3,0,0,0,1,0,0,N,N
ACC-10006948,862,0,0,0,0,3,1,0,0,0,0,0,N,N
ACC-10006949,718,0,0,0,N,0,0,0,3,3,0,0,N,N
ACC-10006950,902,0,0,1,0,4,0,0,1,4,0,0,N,N
ACC-10006951,786,0,0,3,0,5,1,0,3,3,0,0,N,N
ACC-10006952,840,0,0,2,0,3,1,0,2,3,0,0,N,N
ACC-10006953,738,0,1,2,1,5,0,0,2,4,0,0,N,N
ACC-10006954,841,0,0,1,0,3,1,0,1,3,0,0,N,N
ACC-10006955,807,0,1,2,1,2,1,0,2,2,0,0,N,N
ACC-10006956,872,0,0,2,0,2,0,0,2,3,0,0,N,N
ACC-10006957,830,1,1,1,D,4,0,1,1,1,1,3,N,N
ACC-10006958,926,0,0,2,0,3,0,0,2,3,0,0,N,N
ACC-10006959,836,0,0,0,0,3,0,0,0,0,0,0,N,N
ACC-10006960,750,0,0,2,0,2,0,0,4,4,0,0,N,N
ACC-10006961,940,0,0,2,0,3,0,0,2,2,0,0,N,N
ACC-10006962,875,0,0,0,0,6,1,0,0,0,0,0,N,N
ACC-10006963,823,0,0,1,0,5,1,0,1,2,0,0,N,N
ACC-10006964,832,0,0,0,N,0,0,0,1,2,0,0,N,N
ACC-10006965,907,0,2,0,1,3,1,0,0,0,0,0,N,N
ACC-10006966,753,1,1,2,D,3,0,1,2,3,1,10,N,N
ACC-10006967,755,0,0,2,0,3,0,0,2,2,0,0,N,N
ACC-10006968,775,0,1,0,1,3,2,0,0,2,0,0,N,N
ACC-10006969,803,0,0,2,0,4,0,0,2,3,0,0,N,N
ACC-10006970,776,0,1,1,1,6,1,0,1,1,0,0,N,N
ACC-10006971,901,0,0,1,0,1,0,0,2,4,0,0,N,N
ACC-10006972,870,0,0,1,0,1,0,0,1,2,0,0,N,N
ACC-10006973,801,0,0,2,0,3,1,0,2,3,0,0,N,N
ACC-10006974,809,0,0,1,0,4,0,0,1,1,0,0,N,N
ACC-10006975,780,0,1,2,1,4,0,0,2,2,0,0,N,N
ACC-10006976,805,0,0,1,0,3,1,0,1,3,0,0,N,T
ACC-10006977,828,0,1,0,1,0,0,0,1,2,0,0,N,N
ACC-10006978,740,1,1,2,D,2,1,2,4,4,1,1,N,N
ACC-10006979,712,0,1,0,1,3,1,0,0,0,0,0,N,N
ACC-10006980,755,1,2,1,D,2,0,1,1,3,1,10,N,N
ACC-10006981,850,0,0,0,0,2,0,0,0,1,0,0,N,N
ACC-10006982,892,0,0,0,0,3,0,0,0,0,0,0,N,N
ACC-10006983,808,0,0,5,0,5,0,0,5,5,0,0,N,N
ACC-10006984,705,1,1,2,D,4,0,1,2,3,1,33,N,N
ACC-10006985,811,0,0,3,0,3,1,0,3,3,0,0,N,N
ACC-10006986,749,1,1,0,D,4,2,1,0,0,1,7,N,N
ACC-10006987,830,0,1,1,1,2,0,0,1,2,0,0,N,N
ACC-10006988,866,0,0,0,0,2,1,0,0,1,0,0,N,N
ACC-10006989,840,0,0,2,0,3,0,0,2,2,0,0,N,N
ACC-10006990,936,0,0,0,0,2,0,0,0,0,0,0,N,N
ACC-10006991,794,0,0,1,0,3,0,0,1,3,0,0,N,T
ACC-10006992,773,0,1,2,1,6,0,0,2,2,0,0,N,N
ACC-10006993,838,0,0,0,0,1,0,0,0,0,0,0,N,N
ACC-10006994,714,1,1,1,D,2,0,2,1,1,1,6,N,T
ACC-10006995,790,0,0,1,0,3,2,0,1,2,0,0,N,N
ACC-10006996,741,0,1,1,1,6,0,0,1,1,0,0,N,N
ACC-10006997,906,0,0,2,0,5,0,0,2,2,0,0,N,N
ACC-10006998,819,0,0,0,0,3,0,0,0,2,0,0,N,N
ACC-10006999,835,0,0,1,0,3,1,0,1,3,1,2,N,N
ACC-10007000,784,0,1,0,1,4,0,0,0,1,0,0,N,N
ACC-10007001,827,0,0,2,0,5,0,0,2,3,0,0,N,N
ACC-10007002,849,0,0,1,0,2,1,0,1,3,0,0,N,N
ACC-10007003,867,0,0,0,0,5,0,0,0,1,0,0,N,T
ACC-10007004,736,0,0,4,0,5,1,0,4,6,0,0,N,N
ACC-10007005,808,0,0,0,0,1,0,0,0,0,0,0,N,N
ACC-10007006,973,0,0,0,0,2,0,0,0,0,0,0,N,N
ACC-10007007,830,0,0,0,0,1,0,0,0,0,0,0,N,N
ACC-10007008,917,0,0,1,0,2,0,0,1,2,0,0,N,N
ACC-10007009,786,0,1,0,3,4,1,1,0,1,0,0,N,T
ACC-10007010,785,0,0,1,0,3,0,0,1,3,0,0,N,N
ACC-10007011,812,0,0,0,0,2,0,0,0,0,0,0,N,N
ACC-10007012,729,0,0,3,0,5,0,0,3,3,0,0,N,N
ACC-10007013,862,0,0,3,0,5,0,0,3,5,0,0,N,N
ACC-10007014,816,0,0,0,0,5,0,0,0,0,0,0,N,N
ACC-10007015,735,0,1,1,1,4,0,0,1,2,0,0,N,N
ACC-10007016,845,0,0,0,0,6,0,0,0,2,0,0,N,N
ACC-10007017,832,1,1,1,D,3,0,1,1,2,1,14,N,N
ACC-10007018,805,0,0,1,0,3,3,0,1,1,0,0,N,N
ACC-10007019,860,0,0,1,0,2,0,0,1,2,0,0,N,N
ACC-10007020,740,1,2,4,D,4,0,1,4,4,1,7,N,N
ACC-10007021,812,0,0,3,0,3,0,0,4,5,0,0,N,N
ACC-10007022,851,0,0,1,0,1,0,0,1,3,0,0,N,N
ACC-10007023,788,0,1,0,1,5,1,0,0,0,0,0,N,T
ACC-10007024,878,0,0,1,0,3,0,0,1,2,0,0,N,N
ACC-10007025,817,0,0,2,0,6,1,0,2,4,0,0,N,N
ACC-10007026,881,0,0,1,0,7,0,0,1,1,0,0,N,N
ACC-10007027,836,0,0,2,0,3,0,0,2,2,0,0,N,N
ACC-10007028,805,0,0,1,0,3,0,0,1,1,0,0,N,T
ACC-10007029,872,0,0,0,N,0,0,0,0,0,0,0,N,N
ACC-10007030,887,0,0,3,0,5,0,0,3,3,0,0,N,N
ACC-10007031,805,0,0,2,0,6,0,0,2,3,0,0,N,N
ACC-10007032,827,0,0,1,0,2,0,0,1,1,0,0,N,N
ACC-10007033,831,0,0,1,0,3,0,0,1,3,0,0,N,N
ACC-10007034,762,0,0,1,0,2,0,0,1,2,0,0,N,N
ACC-10007035,824,0,1,1,1,4,0,0,1,1,0,0,N,N
ACC-10007036,813,0,1,2,3,5,1,1,2,3,0,0,N,N
ACC-10007037,950,0,0,0,0,6,1,0,0,1,0,0,N,N
ACC-10007038,847,0,0,2,0,2,1,0,2,3,0,0,N,N
ACC-10007039,891,0,0,1,0,5,0,0,1,1,0,0,N,N
ACC-10007040,869,0,0,0,0,1,0,0,0,0,0,0,N,N
ACC-10007041,845,0,0,0,0,8,1,0,0,0,0,0,N,N
ACC-10007042,922,0,0,1,0,4,0,0,1,1,0,0,N,N
ACC-10007043,831,0,2,1,3,1,0,1,3,6,0,0,N,N
ACC-10007044,733,0,0,1,0,1,1,0,3,4,0,0,N,N
ACC-10007045,865,0,0,1,0,2,0,0,1,1,0,0,N,N
ACC-10007046,815,0,1,3,1,3,0,0,4,4,0,0,N,N
ACC-10007047,771,0,0,1,0,1,0,0,3,4,0,0,N,N
ACC-10007048,851,0,0,1,0,4,0,0,1,2,0,0,N,N
ACC-10007049,697,1,1,0,D,0,0,1,2,5,1,6,N,N
ACC-10007050,921,0,0,0,0,3,0,0,0,0,0,0,N,N
ACC-10007051,775,0,1,5,1,5,1,0,5,6,0,0,N,N
ACC-10007052,762,0,1,3,1,5,2,0,3,3,0,0,N,N
ACC-10007053,810,0,0,2,0,5,1,0,2,2,0,0,N,N
ACC-10007054,936,0,0,2,0,3,0,0,2,3,0,0,N,N
ACC-10007055,840,0,0,0,0,3,0,0,0,0,0,0,N,T
ACC-10007056,991,0,0,1,0,1,0,0,1,3,0,0,N,N
ACC-10007057,803,0,0,2,0,5,1,0,2,3,0,0,N,N
ACC-10007058,852,0,0,1,0,5,0,0,1,1,0,0,N,N
ACC-10007059,708,0,1,2,1,3,0,0,2,3,0,0,N,N
ACC-10007060,865,0,1,0,3,2,1,1,0,0,0,0,N,N
ACC-10007061,752,0,0,1,0,2,0,0,1,1,0,0,N,N
ACC-10007062,855,0,1,2,1,3,0,0,2,2,0,0,N,N
ACC-10007063,804,0,0,0,0,5,2,0,0,4,0,0,N,T
ACC-10007064,845,0,0,1,0,1,0,0,1,2,0,0,N,T
ACC-10007065,734,1,1,1,D,6,0,1,1,1,1,9,N,N
ACC-10007066,847,0,0,0,0,3,0,0,0,1,0,0,N,N
ACC-10007067,886,0,0,1,0,5,0,0,1,1,0,0,N,N
ACC-10007068,791,0,0,0,0,1,0,0,0,0,0,0,N,N
ACC-10007069,914,0,0,2,0,3,0,0,2,2,0,0,N,N
ACC-10007070,833,0,0,1,0,4,0,0,1,1,0,0,N,N
ACC-10007071,738,0,2,1,1,2,0,0,1,3,0,0,N,T
ACC-10007072,813,0,0,0,0,7,0,0,0,0,0,0,N,N
ACC-10007073,811,0,0,1,0,2,1,0,1,1,0,0,N,N
ACC-10007074,844,0,0,2,0,5,0,0,2,3,0,0,N,N
ACC-10007075,713,0,0,1,0,3,0,0,1,2,0,0,N,T
ACC-10007076,826,0,0,0,0,4,0,0,0,0,0,0,N,N
ACC-10007077,864,0,0,1,0,2,0,0,1,2,0,0,N,N
ACC-10007078,909,0,0,0,0,3,1,0,0,2,0,0,N,N
ACC-10007079,855,0,0,1,0,3,0,0,1,3,0,0,N,N
ACC-10007080,820,0,0,1,0,6,1,0,1,4,0,0,N,N
ACC-10007081,931,0,0,3,0,6,0,0,3,4,0,0,N,N
ACC-10007082,909,0,0,0,0,7,1,0,0,0,0,0,N,N
ACC-10007083,872,0,0,0,0,3,1,0,0,0,0,0,N,N
ACC-10007084,873,0,0,1,0,1,0,0,2,3,0,0,N,N
ACC-10007085,881,0,0,0,N,0,0,0,4,6,0,0,N,N
ACC-10007086,613,1,1,3,D,4,0,1,3,3,1,6,N,T
ACC-10007087,862,0,0,2,0,6,0,0,2,3,0,0,N,N
ACC-10007088,722,0,0,3,0,3,0,0,5,5,0,0,N,N
ACC-10007089,817,0,0,0,N,0,0,0,0,0,0,0,N,N
ACC-10007090,878,0,0,0,0,1,0,0,0,0,0,0,N,N
ACC-10007091,748,1,2,0,D,2,0,2,0,1,1,3,N,N
ACC-10007092,786,0,0,0,0,4,0,0,0,2,0,0,N,T
ACC-10007093,928,0,0,1,0,1,0,0,2,2,0,0,N,N
ACC-10007094,780,0,1,1,3,1,0,1,2,3,0,0,N,N
ACC-10007095,811,0,1,3,1,4,0,0,3,5,0,0,N,N
ACC-10007096,767,1,1,2,D,3,0,1,2,3,1,3,N,N
ACC-10007097,770,0,0,1,0,5,0,0,1,1,0,0,N,N
ACC-10007098,834,0,0,1,0,6,2,0,1,4,0,0,N,N
ACC-10007099,887,0,0,0,0,5,0,0,0,4,0,0,N,N
ACC-10007100,901,0,2,1,3,3,0,1,1,2,0,0,N,N
ACC-10007101,799,0,1,1,1,4,0,0,1,4,0,0,N,N
ACC-10007102,841,0,0,0,0,5,0,0,0,1,0,0,N,N
ACC-10007103,843,0,1,2,1,2,0,0,2,4,0,0,N,N
ACC-10007104,751,1,1,1,D,2,1,1,1,2,1,10,N,N
ACC-10007105,774,0,1,0,1,5,1,0,0,0,0,0,N,N
ACC-10007106,815,1,2,1,D,3,0,2,1,2,1,9,N,N
ACC-10007107,795,0,0,0,0,6,0,0,0,1,0,0,N,N
ACC-10007108,775,0,1,2,1,5,0,0,2,3,0,0,N,N
ACC-10007109,900,0,1,0,3,3,0,1,0,2,0,0,N,T
ACC-10007110,756,0,1,2,1,3,0,0,2,2,0,0,N,N
ACC-10007111,796,0,2,1,3,3,0,1,1,2,0,0,N,N
ACC-10007112,852,0,0,1,0,1,0,0,1,1,0,0,N,N
ACC-10007113,807,0,0,3,0,3,0,0,3,4,0,0,N,N
ACC-10007114,795,0,0,3,0,4,1,0,3,4,0,0,N,N
ACC-10007115,842,0,0,2,0,4,0,0,2,2,0,0,N,N
ACC-10007116,887,0,0,2,0,3,0,0,2,5,0,0,N,N
ACC-10007117,781,0,0,1,0,1,0,0,3,3,0,0,N,N
ACC-10007118,874,0,0,2,0,5,0,0,2,3,0,0,N,N
ACC-10007119,801,0,0,2,0,2,0,0,2,2,0,0,N,N
ACC-10007120,844,0,1,1,3,4,0,2,1,2,0,0,N,N
ACC-10007121,942,0,0,0,0,7,0,0,0,0,0,0,N,N
ACC-10007122,857,0,0,2,0,4,0,0,2,2,0,0,N,N
ACC-10007123,823,0,0,1,0,3,1,0,1,1,0,0,N,N
ACC-10007124,722,0,0,0,0,7,2,0,0,0,0,0,N,T
ACC-10007125,776,0,0,1,0,1,0,0,2,4,0,0,N,N
ACC-10007126,732,0,0,0,0,1,0,0,0,0,0,0,N,N
ACC-10007127,844,0,0,1,0,3,0,0,1,2,0,0,N,N
ACC-10007128,894,0,1,0,1,2,0,0,0,2,0,0,N,N
ACC-10007129,693,1,1,4,D,4,1,1,4,4,1,8,N,N
ACC-10007130,823,0,0,1,0,5,0,0,1,4,0,0,N,N
ACC-10007131,806,0,1,0,1,4,0,0,0,1,0,0,N,N
ACC-10007132,820,0,0,0,0,4,0,0,0,0,0,0,N,N
ACC-10007133,831,0,0,1,0,1,0,0,1,2,0,0,N,N
ACC-10007134,723,0,1,2,3,3,0,1,2,3,0,0,N,N
ACC-10007135,865,1,1,1,D,1,0,1,2,3,1,7,N,N
ACC-10007136,847,0,0,0,0,3,0,0,0,1,0,0,N,N
ACC-10007137,755,0,0,0,0,3,0,0,0,3,0,0,N,N
ACC-10007138,925,0,0,1,0,6,1,0,1,2,0,0,N,N
ACC-10007139,729,1,1,1,D,1,1,1,2,2,1,27,N,N
ACC-10007140,747,1,2,1,D,4,1,1,1,2,1,2,N,N
ACC-10007141,814,0,1,0,1,6,0,0,0,1,0,0,N,N
ACC-10007142,857,0,1,0,1,2,0,0,0,1,0,0,N,N
ACC-10007143,868,0,0,0,0,2,0,0,0,0,0,0,N,N
ACC-10007144,764,0,0,1,0,1,0,0,3,3,0,0,N,N
ACC-10007145,882,0,0,0,0,5,0,0,0,1,0,0,N,N
ACC-10007146,867,0,0,1,0,4,1,0,1,1,0,0,N,N
ACC-10007147,777,0,0,2,0,5,0,0,2,3,0,0,N,N
ACC-10007148,916,0,0,1,0,1,0,0,1,2,0,0,N,N
ACC-10007149,732,1,1,1,D,3,0,1,1,1,1,31,N,N
ACC-10007150,650,2,2,1,D,7,1,2,1,2,2,10,N,N
ACC-10007151,832,0,0,0,0,5,0,0,0,0,0,0,N,N
ACC-10007152,816,0,0,1,0,5,1,0,1,2,0,0,N,N
ACC-10007153,832,1,1,0,D,3,0,2,0,1,1,10,N,N
ACC-10007154,878,0,0,0,0,2,1,0,0,2,0,0,N,N
ACC-10007155,831,0,0,2,0,6,0,0,2,2,0,0,N,N
ACC-10007156,790,0,0,1,0,2,0,0,1,2,0,0,N,N
ACC-10007157,955,0,0,1,0,6,2,0,1,1,0,0,N,N
ACC-10007158,851,0,0,1,0,1,0,0,1,3,0,0,N,N
ACC-10007159,781,0,0,3,0,7,2,0,3,4,0,0,N,T
ACC-10007160,863,0,0,2,0,3,0,0,2,5,0,0,N,N
ACC-10007161,799,1,1,1,D,8,1,1,1,2,1,15,N,N
ACC-10007162,878,0,0,0,0,3,0,0,0,1,0,0,N,N
ACC-10007163,857,0,0,2,0,6,0,0,2,2,0,0,N,N
ACC-10007164,762,0,0,2,0,2,1,0,2,2,0,0,N,N
ACC-10007165,844,0,1,0,1,3,1,0,0,0,0,0,N,N
ACC-10007166,790,0,1,0,1,1,0,0,0,1,0,0,N,N
ACC-10007167,817,0,1,1,1,3,0,0,1,5,0,0,N,N
ACC-10007168,847,0,0,2,0,2,0,0,3,3,0,0,N,N
ACC-10007169,904,0,0,1,0,5,1,0,1,3,0,0,N,N
ACC-10007170,816,0,1,1,1,3,0,0,1,2,0,0,N,N
ACC-10007171,878,0,0,2,0,8,0,0,2,3,0,0,N,N
ACC-10007172,768,0,0,3,0,3,0,0,3,3,0,0,N,N
ACC-10007173,746,0,0,2,0,3,0,0,2,4,0,0,N,N
ACC-10007174,768,0,1,1,1,4,0,0,1,3,0,0,N,N
ACC-10007175,788,0,1,1,1,1,0,0,2,2,0,0,N,N
ACC-10007176,768,0,0,3,0,5,0,0,3,5,0,0,N,T
ACC-10007177,806,0,1,2,1,5,0,0,2,2,0,0,N,N
ACC-10007178,800,1,1,1,D,1,0,1,1,1,1,5,N,N
ACC-10007179,806,0,0,1,0,4,0,0,1,1,0,0,N,T
ACC-10007180,750,1,1,1,D,3,0,1,1,1,1,6,N,N
ACC-10007181,865,0,0,2,0,4,1,0,2,3,0,0,N,N
ACC-10007182,857,0,0,1,0,3,1,0,1,1,0,0,N,N
ACC-10007183,905,0,0,1,0,1,0,0,1,1,0,0,N,N
ACC-10007184,903,0,0,2,0,4,0,0,2,2,0,0,N,N
ACC-10007185,912,0,0,0,0,3,1,0,0,1,0,0,N,N
ACC-10007186,811,1,2,0,D,2,0,1,0,0,1,3,N,N
ACC-10007187,860,0,0,0,0,2,0,0,0,1,0,0,N,N
ACC-10007188,905,0,1,2,1,3,1,0,2,2,0,0,N,N
ACC-10007189,848,0,0,1,0,2,0,0,1,1,0,0,N,N
ACC-10007190,819,0,0,0,N,0,0,0,2,4,0,0,N,N
ACC-10007191,868,0,0,0,0,2,1,0,0,1,0,0,N,N
ACC-10007192,824,0,0,1,0,6,0,0,1,1,0,0,N,N
ACC-10007193,769,0,0,3,0,3,1,0,4,4,0,0,N,N
ACC-10007194,895,0,0,0,0,4,0,0,0,0,0,0,N,N
ACC-10007195,863,0,0,0,0,3,0,0,0,1,0,0,N,N
ACC-10007196,878,0,0,1,0,3,0,0,1,3,0,0,N,N
ACC-10007197,804,0,1,0,1,2,0,0,0,2,0,0,N,N
ACC-10007198,870,0,0,0,0,3,0,0,0,0,0,0,N,N
ACC-10007199,953,0,0,0,0,1,0,0,0,1,0,0,N,N
ACC-10007200,842,0,0,2,0,2,1,0,2,2,0,0,N,N
ACC-10007201,762,0,0,2,0,4,0,0,2,4,0,0,N,N
ACC-10007202,676,1,1,0,D,0,0,2,4,4,1,12,N,N
ACC-10007203,800,0,0,1,0,4,2,0,1,2,0,0,N,N
ACC-10007204,838,0,0,2,0,4,0,0,2,2,0,0,N,N
ACC-10007205,883,0,0,0,0,1,0,0,0,0,0,0,N,N
ACC-10007206,772,0,0,3,0,3,1,0,3,4,0,0,N,N
ACC-10007207,926,0,0,0,0,2,0,0,0,1,0,0,N,N
ACC-10007208,793,0,0,1,0,1,0,0,1,1,0,0,N,N
ACC-10007209,893,0,0,0,0,4,0,0,0,1,0,0,N,N
ACC-10007210,781,0,0,0,0,4,0,0,0,2,0,0,N,N
ACC-10007211,850,1,1,1,D,5,0,2,1,1,1,6,N,N
ACC-10007212,691,1,2,0,D,2,1,2,0,0,1,11,N,N
ACC-10007213,832,0,0,0,0,2,0,0,0,1,0,0,N,N
ACC-10007214,681,1,1,0,D,2,1,1,0,2,1,19,N,N
ACC-10007215,854,0,1,0,1,7,1,0,0,0,0,0,N,N
ACC-10007216,784,1,2,2,D,2,0,2,3,4,1,2,N,N
ACC-10007217,819,0,0,1,0,3,0,0,1,2,0,0,N,N
ACC-10007218,850,0,0,0,0,2,0,0,0,1,0,0,N,N
ACC-10007219,886,0,0,0,0,4,0,0,0,3,0,0,N,N
ACC-10007220,883,0,1,4,1,4,0,0,4,4,0,0,N,N
ACC-10007221,830,1,1,1,D,3,1,1,1,2,1,3,N,N
ACC-10007222,789,0,0,1,0,4,0,0,1,2,0,0,N,N
ACC-10007223,874,0,0,1,0,1,0,0,1,2,0,0,N,N
ACC-10007224,919,0,0,0,0,3,0,0,0,0,0,0,N,N
ACC-10007225,747,1,2,2,D,6,0,1,2,3,1,4,N,N
ACC-10007226,912,0,0,0,0,3,0,0,0,1,0,0,N,N
ACC-10007227,824,0,1,0,1,0,0,0,2,2,0,0,N,N
ACC-10007228,906,0,1,1,1,2,0,0,1,1,0,0,N,N
ACC-10007229,774,0,0,0,0,4,0,0,0,1,0,0,N,N
ACC-10007230,887,0,0,1,0,4,0,0,1,3,0,0,N,N
ACC-10007231,790,0,0,2,0,3,0,0,2,2,0,0,N,N
ACC-10007232,795,1,1,1,D,2,0,1,1,2,1,6,N,N
ACC-10007233,827,0,0,3,0,3,0,0,5,6,0,0,N,N
ACC-10007234,745,0,0,1,0,1,0,0,2,3,0,0,N,N
ACC-10007235,879,0,0,0,0,4,3,0,0,1,0,0,N,N
ACC-10007236,753,0,0,1,0,1,1,0,3,4,0,0,N,N
ACC-10007237,792,0,0,0,0,5,0,0,0,0,0,0,N,N
ACC-10007238,814,0,0,1,0,4,0,0,1,1,0,0,N,T
ACC-10007239,767,0,0,2,0,3,0,0,2,3,0,0,N,N
ACC-10007240,799,0,0,3,0,3,0,0,3,4,0,0,N,N
ACC-10007241,794,0,1,0,1,3,1,0,0,0,0,0,N,N
ACC-10007242,767,0,0,1,0,6,1,0,1,2,0,0,N,N
ACC-10007243,742,0,0,1,0,4,1,0,1,1,0,0,N,N
ACC-10007244,874,0,0,0,0,2,0,0,0,0,0,0,N,N
ACC-10007245,756,0,0,1,0,1,0,0,1,3,0,0,N,N
ACC-10007246,841,0,0,1,0,2,1,0,1,1,0,0,N,N
ACC-10007247,884,0,0,0,N,0,0,0,1,3,0,0,N,T
ACC-10007248,931,0,0,1,0,1,0,0,1,2,0,0,N,N
ACC-10007249,895,0,0,0,0,2,1,0,0,0,0,0,N,N
ACC-10007250,847,0,0,0,N,0,0,0,0,1,0,0,N,N
ACC-10007251,823,0,0,2,0,5,0,0,2,2,0,0,N,N
ACC-10007252,871,0,0,2,0,4,1,0,2,3,0,0,N,N
ACC-10007253,788,0,1,0,1,0,0,0,0,0,0,0,N,N
ACC-10007254,767,1,1,2,D,2,0,1,4,6,1,11,N,N
ACC-10007255,795,1,1,0,D,4,0,1,0,1,1,13,N,N
ACC-10007256,831,0,1,1,1,4,0,0,1,2,0,0,N,N
ACC-10007257,865,0,0,0,0,3,0,0,0,1,0,0,N,T
ACC-10007258,794,0,1,0,1,6,1,0,0,3,0,0,N,T
ACC-10007259,727,1,1,1,D,2,0,1,1,1,1,21,N,N
ACC-10007260,822,0,0,2,0,5,0,0,2,2,0,0,N,N
ACC-10007261,749,0,0,2,0,3,0,0,2,2,0,0,N,N
ACC-10007262,836,0,0,0,0,2,0,0,0,0,0,0,N,N
ACC-10007263,805,0,0,1,0,4,2,0,1,1,0,0,N,N
ACC-10007264,734,0,0,2,0,6,1,0,2,4,0,0,N,N
ACC-10007265,771,0,0,1,0,1,1,0,2,2,0,0,N,N
ACC-10007266,705,1,1,1,D,3,1,1,1,1,1,18,N,N
ACC-10007267,838,0,0,2,0,2,0,0,2,2,0,0,N,N
ACC-10007268,745,0,0,0,0,4,1,0,0,0,0,0,N,N
ACC-10007269,830,0,1,0,1,6,0,0,0,1,0,0,N,N
ACC-10007270,845,0,0,1,0,4,0,0,1,1,0,0,N,N
ACC-10007271,825,0,0,1,0,1,0,0,2,4,0,0,N,N
ACC-10007272,876,0,0,1,0,3,1,0,1,2,0,0,N,N
ACC-10007273,749,0,0,2,0,3,0,0,2,3,0,0,N,N
ACC-10007274,774,1,1,0,D,3,0,1,0,0,1,10,N,N
ACC-10007275,828,0,0,0,N,0,0,0,1,2,0,0,N,N
ACC-10007276,839,1,1,0,D,3,0,1,0,0,1,13,N,N
ACC-10007277,750,0,1,2,1,5,0,0,2,3,0,0,N,N
ACC-10007278,802,0,0,0,0,1,0,0,0,2,0,0,N,N
ACC-10007279,933,0,0,0,0,2,1,0,0,2,0,0,N,N
ACC-10007280,814,0,1,0,1,3,1,0,0,1,0,0,N,N
ACC-10007281,930,0,0,2,0,3,0,0,2,2,0,0,N,N
ACC-10007282,806,0,0,1,0,2,0,0,1,3,0,0,N,N
ACC-10007283,787,0,1,0,1,2,1,0,0,0,0,0,N,N
ACC-10007284,746,0,0,1,0,5,2,0,1,1,0,0,N,N
ACC-10007285,829,0,0,1,0,3,0,0,1,2,0,0,N,N
ACC-10007286,742,1,1,0,D,3,1,1,0,0,1,9,N,N
ACC-10007287,846,0,0,2,0,2,0,0,2,2,0,0,N,N
ACC-10007288,801,0,1,1,1,3,0,0,1,1,0,0,N,N
ACC-10007289,858,0,0,0,0,5,0,0,0,0,0,0,N,N
ACC-10007290,964,0,0,0,0,2,0,0,0,1,0,0,N,N
ACC-10007291,878,0,0,1,0,2,0,0,1,3,0,0,N,N
ACC-10007292,909,0,1,1,1,2,0,0,1,1,0,0,N,N
ACC-10007293,849,0,0,0,0,6,0,0,0,1,0,0,N,N
ACC-10007294,794,1,1,0,D,6,0,1,0,0,1,13,N,T
ACC-10007295,758,1,2,0,D,1,0,2,0,0,1,7,N,N
ACC-10007296,850,0,2,1,1,5,0,0,1,4,0,0,N,N
ACC-10007297,781,1,1,0,D,3,0,1,0,0,1,2,N,N
ACC-10007298,873,0,0,1,0,2,0,0,1,4,0,0,N,N
ACC-10007299,696,1,1,0,D,5,1,1,0,0,1,17,N,N
ACC-10007300,874,0,0,0,0,1,0,0,0,2,0,0,N,N
ACC-10007301,846,0,2,1,3,8,3,1,1,2,0,0,N,N
ACC-10007302,977,0,0,1,0,3,0,0,1,1,0,0,N,N
ACC-10007303,890,0,0,1,0,4,0,0,1,1,0,0,N,N
ACC-10007304,824,0,0,3,0,5,0,0,3,3,0,0,N,N
ACC-10007305,816,0,0,1,0,4,0,0,1,2,0,0,N,N
ACC-10007306,767,0,0,1,0,4,1,0,1,1,0,0,N,N
ACC-10007307,895,0,0,0,0,4,0,0,0,0,0,0,N,N
ACC-10007308,739,0,1,3,1,7,2,0,3,3,0,0,N,T
ACC-10007309,932,0,0,1,0,3,0,0,1,3,0,0,N,N
ACC-10007310,794,0,1,2,1,7,1,0,2,5,0,0,N,N
ACC-10007311,852,0,1,1,1,1,0,0,1,3,0,0,N,N
ACC-10007312,808,0,0,0,0,3,0,0,0,0,0,0,N,N
ACC-10007313,859,0,1,0,3,0,0,1,1,3,0,0,N,N
ACC-10007314,898,0,0,1,0,4,1,0,1,1,0,0,N,N
ACC-10007315,840,0,1,0,1,2,0,0,0,1,0,0,N,N
ACC-10007316,816,0,0,0,0,4,1,0,0,0,0,0,N,N
ACC-10007317,959,0,2,0,1,4,0,0,0,0,0,0,N,N
ACC-10007318,806,0,0,0,0,4,0,0,0,1,0,0,N,N
ACC-10007319,762,0,1,0,1,0,0,0,1,3,0,0,N,N
ACC-10007320,837,0,0,2,0,3,0,0,2,2,0,0,N,N
ACC-10007321,814,0,0,0,0,2,0,0,0,0,0,0,N,N
ACC-10007322,913,0,0,2,0,2,0,0,2,2,0,0,N,N
ACC-10007323,836,0,1,2,1,3,0,0,2,3,0,0,N,T
ACC-10007324,831,0,0,0,0,4,0,0,0,1,0,0,N,T
ACC-10007325,703,1,1,0,D,0,0,1,0,2,1,29,N,N
ACC-10007326,908,0,2,2,3,3,0,1,2,2,0,0,N,N
ACC-10007327,864,0,0,1,0,5,1,0,1,3,0,0,N,N
ACC-10007328,874,0,0,1,0,3,0,0,1,1,0,0,N,N
ACC-10007329,856,0,0,3,0,3,1,0,3,3,1,3,N,N
ACC-10007330,885,0,0,0,0,3,0,0,0,0,0,0,N,N
ACC-10007331,818,1,1,0,D,3,0,1,0,0,1,3,N,N
ACC-10007332,824,0,0,2,0,6,0,0,2,2,0,0,N,N
ACC-10007333,718,1,2,1,D,1,0,1,2,2,1,3,N,N
ACC-10007334,891,0,0,0,0,4,0,0,0,0,0,0,N,N
ACC-10007335,890,0,0,0,0,4,0,0,0,0,0,0,N,N
ACC-10007336,875,0,0,0,0,5,0,0,0,0,0,0,N,N
ACC-10007337,779,0,1,3,1,6,0,0,3,4,0,0,N,N
ACC-10007338,805,0,1,0,1,3,0,0,0,1,0,0,N,N
ACC-10007339,874,0,0,0,0,5,0,0,0,2,0,0,N,N
ACC-10007340,833,1,2,1,D,2,0,2,1,2,1,8,N,N
ACC-10007341,845,0,0,0,0,4,0,0,0,0,0,0,N,N
ACC-10007342,777,0,0,1,0,5,0,0,1,2,0,0,N,N
ACC-10007343,815,0,0,2,0,2,0,0,2,3,0,0,N,N
ACC-10007344,796,0,0,2,0,2,0,0,2,2,0,0,N,N
ACC-10007345,871,0,0,1,0,2,1,0,1,1,0,0,N,N
ACC-10007346,807,0,1,2,1,7,3,0,2,2,0,0,N,N
ACC-10007347,809,0,0,1,0,5,0,0,1,2,0,0,N,N
ACC-10007348,775,0,0,1,0,1,0,0,2,2,0,0,N,N
ACC-10007349,869,0,0,3,0,4,1,0,3,4,0,0,N,N
ACC-10007350,847,0,0,1,0,1,0,0,2,3,0,0,N,N
ACC-10007351,782,0,0,1,0,3,0,0,1,2,0,0,N,N
ACC-10007352,789,1,2,1,D,3,0,2,1,1,1,3,N,N
ACC-10007353,828,0,1,2,3,3,1,1,2,2,0,0,N,T
ACC-10007354,874,0,1,4,1,6,0,0,4,6,0,0,N,N
ACC-10007355,812,1,1,1,D,3,1,1,1,1,1,17,N,N
ACC-10007356,826,0,0,2,0,2,0,0,2,3,0,0,N,N
ACC-10007357,802,0,0,0,0,3,0,0,0,0,0,0,N,N
ACC-10007358,748,0,0,2,0,2,0,0,3,3,0,0,N,N
ACC-10007359,801,0,0,1,0,6,0,0,1,1,0,0,N,N
ACC-10007360,804,0,0,1,0,3,0,0,1,2,0,0,N,N
ACC-10007361,827,0,0,2,0,3,0,0,2,2,0,0,N,N
ACC-10007362,818,0,2,2,1,2,0,0,2,2,0,0,N,N
ACC-10007363,922,0,0,0,0,2,2,0,0,0,0,0,N,N
ACC-10007364,833,0,1,0,1,4,0,0,0,0,0,0,N,T
ACC-10007365,827,0,0,2,0,7,0,0,2,3,0,0,N,N
ACC-10007366,725,1,1,1,D,2,0,1,1,1,1,6,N,N
ACC-10007367,754,0,0,0,0,3,0,0,0,2,0,0,N,N
ACC-10007368,808,0,0,2,0,2,0,0,2,3,0,0,N,N
ACC-10007369,843,0,1,2,1,3,0,0,2,2,0,0,N,N
ACC-10007370,740,0,0,0,0,2,0,0,0,4,0,0,N,N
ACC-10007371,845,0,0,1,0,2,0,0,1,1,0,0,N,N
ACC-10007372,880,0,0,2,0,2,1,0,2,3,0,0,N,T
ACC-10007373,863,0,0,2,0,2,0,0,2,3,0,0,N,N
ACC-10007374,965,0,1,0,1,1,0,0,0,2,0,0,N,N
ACC-10007375,812,1,1,0,D,3,0,1,0,2,1,5,N,N
ACC-10007376,732,2,2,1,D,8,0,3,1,3,2,3,N,N
ACC-10007377,781,0,2,1,3,1,0,2,1,2,0,0,N,N
ACC-10007378,843,0,1,2,1,3,0,0,2,2,0,0,N,N
ACC-10007379,786,0,0,3,0,3,1,0,3,4,0,0,N,N
ACC-10007380,852,0,0,1,0,5,0,0,1,1,0,0,N,T
ACC-10007381,847,0,0,2,0,3,0,0,2,4,0,0,N,N
ACC-10007382,858,0,0,1,0,1,1,0,2,2,0,0,N,N
ACC-10007383,849,0,0,0,0,2,0,0,0,1,0,0,N,N
ACC-10007384,721,0,2,2,3,3,0,1,2,2,0,0,N,N
ACC-10007385,787,0,0,3,0,5,0,0,3,4,0,0,N,N
ACC-10007386,793,0,0,2,0,3,1,0,2,4,0,0,N,N
ACC-10007387,830,1,1,0,D,2,0,1,0,2,1,4,N,T
ACC-10007388,760,1,2,1,D,1,1,1,2,4,1,12,N,N
ACC-10007389,757,0,1,1,3,5,0,2,1,3,0,0,N,N
ACC-10007390,805,0,0,0,0,5,1,0,0,0,0,0,N,N
ACC-10007391,806,0,0,1,0,2,0,0,1,2,0,0,N,N
ACC-10007392,763,0,0,2,0,7,0,0,2,2,0,0,N,N
ACC-10007393,731,0,0,3,0,5,1,0,3,4,0,0,N,N
ACC-10007394,889,0,1,0,1,0,0,0,2,3,0,0,N,N
ACC-10007395,839,0,0,2,0,2,0,0,2,3,0,0,N,N
ACC-10007396,847,0,0,2,0,2,0,0,2,2,0,0,N,N
ACC-10007397,873,0,0,0,0,1,0,0,0,2,0,0,N,N
ACC-10007398,904,0,1,0,1,3,1,0,0,0,0,0,N,N
ACC-10007399,809,0,0,2,0,4,0,0,2,3,0,0,N,N
ACC-10007400,772,0,0,1,0,1,0,0,2,3,0,0,N,N
ACC-10007401,897,0,0,0,0,6,1,0,0,1,0,0,N,N
ACC-10007402,860,0,0,2,0,4,0,0,2,3,0,0,N,N
ACC-10007403,843,0,0,1,0,2,1,0,1,4,0,0,N,N
ACC-10007404,774,0,2,2,3,2,1,2,2,3,0,0,N,N
ACC-10007405,877,0,0,1,0,1,0,0,1,2,0,0,N,N
ACC-10007406,730,0,1,2,1,7,1,0,2,3,0,0,N,N
ACC-10007407,797,0,0,2,0,5,0,0,2,2,0,0,N,N
ACC-10007408,906,0,0,1,0,2,0,0,1,1,0,0,N,N
ACC-10007409,852,0,0,1,0,5,1,0,1,1,0,0,N,N
ACC-10007410,797,0,1,1,1,4,0,0,1,2,0,0,N,T
ACC-10007411,789,0,0,3,0,6,1,0,3,3,0,0,N,N
ACC-10007412,861,0,0,2,0,4,0,0,2,4,0,0,N,N
ACC-10007413,862,0,0,0,0,2,0,0,0,1,0,0,N,N
ACC-10007414,910,0,0,0,0,3,0,0,0,0,0,0,N,T
ACC-10007415,807,0,1,1,1,5,0,0,1,1,0,0,N,N
ACC-10007416,791,0,1,1,1,3,0,0,1,3,0,0,N,N
ACC-10007417,840,0,0,1,0,1,0,0,2,4,0,0,N,N
ACC-10007418,721,0,1,2,1,5,1,0,2,2,0,0,N,N
ACC-10007419,783,0,0,3,0,5,1,0,3,3,0,0,N,N
ACC-10007420,865,0,2,0,3,3,0,1,0,0,0,0,N,N
ACC-10007421,814,0,1,1,1,4,0,0,1,1,0,0,N,N
ACC-10007422,786,0,0,0,N,0,0,0,2,5,0,0,N,N
ACC-10007423,838,0,0,0,0,3,0,0,0,1,0,0,N,T
ACC-10007424,968,0,0,0,0,1,0,0,0,0,0,0,N,N
ACC-10007425,924,0,1,2,1,2,0,0,2,3,0,0,N,N
ACC-10007426,729,0,0,2,0,3,1,0,2,2,0,0,N,N
ACC-10007427,824,0,0,0,0,6,0,0,0,2,0,0,N,N
ACC-10007428,793,0,0,2,0,2,0,0,2,2,0,0,N,N
ACC-10007429,841,0,0,0,0,1,0,0,0,2,0,0,N,T
ACC-10007430,798,0,0,2,0,2,0,0,3,4,0,0,N,N
ACC-10007431,940,0,0,0,0,4,0,0,0,0,0,0,N,N
ACC-10007432,862,0,0,1,0,2,1,0,1,2,0,0,N,N
ACC-10007433,851,0,0,1,0,6,0,0,1,1,0,0,N,N
ACC-10007434,882,0,0,0,0,2,1,0,0,0,0,0,N,N
ACC-10007435,764,1,1,0,D,1,0,2,0,1,1,23,N,N
ACC-10007436,874,0,0,2,0,6,0,0,2,3,0,0,N,N
ACC-10007437,855,0,0,1,0,2,0,0,1,1,0,0,N,N
ACC-10007438,805,0,0,0,0,2,0,0,0,1,0,0,N,N
ACC-10007439,701,1,1,0,D,3,1,1,0,0,1,10,N,N
ACC-10007440,797,0,0,1,0,4,0,0,1,2,0,0,N,T
ACC-10007441,743,0,0,1,0,4,0,0,1,2,0,0,N,T
ACC-10007442,769,0,1,2,1,2,0,0,2,2,0,0,N,N
ACC-10007443,844,0,0,1,0,1,0,0,2,2,0,0,N,N
ACC-10007444,872,0,0,0,N,0,0,0,1,1,0,0,N,N
ACC-10007445,891,0,0,3,0,4,0,0,3,3,0,0,N,N
ACC-10007446,849,0,0,1,0,4,0,0,1,2,1,10,N,N
ACC-10007447,868,0,0,0,0,4,0,0,0,1,0,0,N,N
ACC-10007448,823,0,0,2,0,2,0,0,2,2,0,0,N,N
ACC-10007449,851,0,0,2,0,5,0,0,2,2,0,0,N,N
ACC-10007450,889,0,0,1,0,5,0,0,1,2,0,0,N,T
ACC-10007451,744,0,0,2,0,3,1,0,2,5,0,0,N,N
ACC-10007452,719,0,1,1,1,7,0,0,1,3,0,0,N,N
ACC-10007453,876,0,0,2,0,5,0,0,2,5,0,0,N,N
ACC-10007454,777,0,1,1,1,9,0,0,1,3,0,0,N,N
ACC-10007455,778,0,0,2,0,3,1,0,2,5,0,0,N,N
ACC-10007456,845,0,0,2,0,3,0,0,2,5,0,0,N,N
ACC-10007457,843,0,0,1,0,2,0,0,1,2,0,0,N,N
ACC-10007458,771,0,0,1,0,4,1,0,1,1,0,0,N,N
ACC-10007459,779,0,0,1,0,1,0,0,1,3,0,0,N,T
ACC-10007460,779,0,1,2,1,6,1,0,2,2,0,0,N,N
ACC-10007461,770,0,0,1,0,1,0,0,3,4,0,0,N,N
ACC-10007462,865,0,0,1,0,1,0,0,4,4,0,0,N,N
ACC-10007463,832,1,1,0,D,2,0,1,0,1,1,31,N,N
ACC-10007464,733,0,0,2,0,3,0,0,2,2,0,0,N,N
ACC-10007465,953,0,0,1,0,1,0,0,1,3,0,0,N,T
ACC-10007466,847,0,0,1,0,2,0,0,1,2,0,0,N,N
ACC-10007467,801,0,0,1,0,5,0,0,1,2,0,0,N,T
ACC-10007468,851,0,1,1,1,1,0,0,2,2,0,0,N,N
ACC-10007469,890,0,0,0,0,4,0,0,0,1,0,0,N,N
ACC-10007470,888,0,0,2,0,5,0,0,2,3,0,0,N,N
ACC-10007471,859,0,1,0,1,3,1,0,0,3,0,0,N,N
ACC-10007472,840,0,0,0,N,0,0,0,0,2,0,0,N,N
ACC-10007473,882,0,0,0,0,4,0,0,0,0,0,0,N,N
ACC-10007474,790,0,0,2,0,6,2,0,2,3,0,0,N,T
ACC-10007475,887,0,0,2,0,2,0,0,3,7,0,0,N,N
ACC-10007476,811,0,1,0,1,3,0,0,0,2,0,0,N,N
ACC-10007477,754,0,0,1,0,4,0,0,1,4,0,0,N,N
ACC-10007478,922,0,0,0,0,4,0,0,0,3,0,0,N,N
ACC-10007479,752,0,1,2,1,2,0,0,3,3,0,0,N,N
ACC-10007480,934,0,0,0,0,3,0,0,0,0,0,0,N,N
ACC-10007481,737,0,0,4,0,4,0,0,5,6,0,0,N,N
ACC-10007482,825,0,0,0,0,7,0,0,0,0,0,0,N,N
ACC-10007483,864,0,0,1,0,2,0,0,1,1,0,0,N,N
ACC-10007484,711,1,1,2,D,3,1,1,2,3,1,2,N,T
ACC-10007485,966,0,0,1,0,1,0,0,1,2,0,0,N,N
ACC-10007486,916,0,0,0,0,5,1,0,0,0,0,0,N,N
ACC-10007487,791,0,0,3,0,3,1,0,3,3,0,0,N,N
ACC-10007488,782,0,0,2,0,2,0,0,2,3,0,0,N,N
ACC-10007489,832,0,0,2,0,4,0,0,2,3,0,0,N,N
ACC-10007490,896,0,0,0,0,3,0,0,0,1,0,0,N,N
ACC-10007491,754,0,1,2,1,5,0,0,2,3,0,0,N,N
ACC-10007492,826,0,0,0,N,0,0,0,3,3,0,0,N,N
ACC-10007493,687,1,1,3,D,7,3,1,3,5,1,4,N,N
ACC-10007494,817,0,0,1,0,3,0,0,1,1,0,0,N,N
ACC-10007495,928,0,0,0,0,3,0,0,0,2,0,0,N,N
ACC-10007496,716,0,0,1,0,1,0,0,3,5,0,0,N,N
ACC-10007497,849,0,0,1,0,4,2,0,1,2,0,0,N,N
ACC-10007498,760,0,1,1,1,1,0,0,4,5,0,0,N,N
ACC-10007499,830,0,0,2,0,2,0,0,3,5,0,0,N,N
ACC-10007500,812,0,0,2,0,3,0,0,2,2,0,0,N,N
ACC-10007501,777,0,1,1,1,2,0,0,1,2,0,0,N,T
ACC-10007502,963,0,0,0,0,2,0,0,0,0,0,0,N,N
ACC-10007503,878,0,0,1,0,2,1,0,1,1,0,0,N,N
ACC-10007504,782,0,0,1,0,1,0,0,2,2,0,0,N,N
ACC-10007505,825,0,1,0,1,3,0,0,0,2,0,0,N,N
ACC-10007506,797,0,0,0,0,4,0,0,0,0,1,29,N,N
ACC-10007507,822,0,0,1,0,2,0,0,1,2,0,0,N,N
ACC-10007508,779,0,0,1,0,1,1,0,2,4,0,0,N,N
ACC-10007509,761,0,0,2,0,3,0,0,2,2,0,0,N,N
ACC-10007510,818,0,0,0,0,4,0,0,0,0,0,0,N,T
ACC-10007511,893,0,1,1,1,4,0,0,1,1,0,0,N,N
ACC-10007512,835,0,1,0,3,2,0,1,0,0,0,0,N,N
ACC-10007513,833,0,0,0,0,5,0,0,0,0,0,0,N,N
ACC-10007514,820,0,1,0,1,1,0,0,0,1,0,0,N,N
ACC-10007515,796,1,1,2,D,3,0,2,2,3,1,8,N,N
ACC-10007516,878,0,0,1,0,5,1,0,1,2,0,0,N,N
ACC-10007517,782,0,2,1,3,4,1,1,1,1,0,0,N,N
ACC-10007518,824,0,0,3,0,3,0,0,3,3,0,0,N,N
ACC-10007519,975,0,0,0,0,4,1,0,0,2,0,0,N,N
ACC-10007520,764,0,0,2,0,7,1,0,2,2,1,32,N,N
ACC-10007521,775,1,1,1,D,4,1,1,1,1,1,4,N,N
ACC-10007522,910,0,0,2,0,7,0,0,2,3,0,0,N,N
ACC-10007523,720,0,0,1,0,2,1,0,1,4,0,0,N,N
ACC-10007524,686,1,1,0,D,4,1,1,0,0,1,27,N,N
ACC-10007525,788,0,0,1,0,3,0,0,1,2,0,0,N,N
ACC-10007526,768,0,0,2,0,5,0,0,2,3,0,0,N,N
ACC-10007527,822,0,0,3,0,5,0,0,3,3,0,0,N,N
ACC-10007528,912,0,0,1,0,1,0,0,1,1,0,0,N,N
ACC-10007529,878,0,0,1,0,4,1,0,1,2,0,0,N,N
ACC-10007530,810,0,1,2,1,5,0,0,2,4,0,0,N,N
ACC-10007531,769,0,2,1,1,1,0,0,1,2,0,0,N,N
ACC-10007532,827,0,1,0,3,5,1,1,0,2,0,0,N,T
ACC-10007533,927,0,0,0,0,5,1,0,0,0,0,0,N,N
ACC-10007534,828,0,0,0,0,1,0,0,0,0,0,0,N,T
ACC-10007535,826,0,0,0,0,5,0,0,0,0,0,0,N,N
ACC-10007536,931,0,0,0,0,1,0,0,0,1,0,0,N,N
ACC-10007537,829,0,0,3,0,8,2,0,3,4,0,0,N,N
ACC-10007538,818,0,0,0,0,4,2,0,0,1,0,0,N,N
ACC-10007539,855,0,0,0,0,2,0,0,0,1,0,0,N,N
ACC-10007540,895,0,0,1,0,2,0,0,1,1,0,0,N,N
ACC-10007541,779,0,0,3,0,5,0,0,3,4,0,0,N,N
ACC-10007542,842,0,0,1,0,7,0,0,1,1,0,0,N,N
ACC-10007543,751,1,1,2,D,5,0,3,2,6,1,5,N,N
ACC-10007544,855,0,0,1,0,5,0,0,1,1,0,0,N,N
ACC-10007545,725,0,1,1,3,1,1,1,2,4,0,0,N,N
ACC-10007546,799,0,0,0,0,3,0,0,0,2,0,0,N,T
ACC-10007547,840,0,0,2,0,2,0,0,3,4,0,0,N,N
ACC-10007548,914,0,0,1,0,4,0,0,1,2,0,0,N,N
ACC-10007549,864,0,0,1,0,7,0,0,1,2,0,0,N,N
ACC-10007550,871,0,0,1,0,1,0,0,1,1,0,0,N,N
ACC-10007551,867,0,0,2,0,4,0,0,2,2,0,0,N,N
ACC-10007552,966,0,0,1,0,1,0,0,1,1,0,0,N,N
ACC-10007553,780,0,0,0,0,5,0,0,0,0,0,0,N,N
ACC-10007554,761,1,1,1,D,6,2,1,1,1,1,4,N,N
ACC-10007555,858,0,0,0,0,3,0,0,0,1,0,0,N,N
ACC-10007556,772,0,1,3,3,3,1,2,3,3,0,0,N,N
ACC-10007557,883,0,0,0,N,0,0,0,2,2,0,0,N,N
ACC-10007558,842,0,0,3,0,4,0,0,3,3,0,0,N,N
ACC-10007559,736,1,2,2,D,4,0,1,2,2,1,13,N,N
ACC-10007560,789,0,0,2,0,6,0,0,2,3,0,0,N,N
ACC-10007561,855,0,0,2,0,2,0,0,3,4,0,0,N,N
ACC-10007562,915,0,0,0,0,2,0,0,0,1,0,0,N,T
ACC-10007563,818,0,0,3,0,4,0,0,3,4,0,0,N,N
ACC-10007564,771,0,0,1,0,2,1,0,1,1,0,0,N,T
ACC-10007565,853,0,0,1,0,1,0,0,1,1,0,0,N,N
ACC-10007566,775,0,0,1,0,2,0,0,1,1,0,0,N,N
ACC-10007567,693,1,2,2,D,5,0,1,2,3,1,2,N,N
ACC-10007568,843,0,1,1,1,2,0,0,1,1,0,0,N,N
ACC-10007569,968,0,0,0,0,2,0,0,0,1,0,0,N,N
ACC-10007570,911,0,0,2,0,5,0,0,2,2,0,0,N,N
ACC-10007571,871,0,0,1,0,1,0,0,2,2,0,0,N,N
ACC-10007572,748,0,0,4,0,4,0,0,4,4,0,0,N,T
ACC-10007573,884,0,0,1,0,5,1,0,1,2,0,0,N,N
ACC-10007574,829,0,0,0,0,3,0,0,0,1,0,0,N,N
ACC-10007575,852,0,0,2,0,3,0,0,2,3,0,0,N,N
ACC-10007576,732,0,1,4,1,6,0,0,4,4,0,0,N,N
ACC-10007577,859,0,0,1,0,5,0,0,1,1,0,0,N,N
ACC-10007578,761,1,1,0,D,0,0,1,1,2,1,14,N,N
ACC-10007579,916,0,0,2,0,3,0,0,2,3,0,0,N,N
ACC-10007580,785,0,0,0,N,0,0,0,0,1,0,0,N,N
ACC-10007581,814,0,1,1,1,4,1,0,1,5,0,0,N,N
ACC-10007582,798,0,1,2,1,4,0,0,2,6,0,0,N,N
ACC-10007583,900,0,0,2,0,4,1,0,2,2,0,0,N,N
ACC-10007584,862,0,0,0,0,1,0,0,0,0,0,0,N,N
ACC-10007585,876,0,0,1,0,1,0,0,1,2,0,0,N,N
ACC-10007586,752,0,0,0,0,4,2,0,0,2,0,0,N,N
ACC-10007587,849,0,0,0,0,3,0,0,0,1,0,0,N,N
ACC-10007588,788,1,2,0,D,2,0,1,0,0,1,5,N,N
ACC-10007589,840,0,0,1,0,4,0,0,1,4,0,0,N,N
ACC-10007590,835,0,1,1,1,3,1,0,1,3,0,0,N,N
ACC-10007591,892,0,0,1,0,2,0,0,1,1,0,0,N,N
ACC-10007592,815,0,0,1,0,3,0,0,1,2,0,0,N,N
ACC-10007593,926,0,0,2,0,2,0,0,2,5,0,0,N,N
ACC-10007594,717,0,0,3,0,3,1,0,4,4,0,0,N,N
ACC-10007595,843,0,0,1,0,4,1,0,1,2,0,0,N,N
ACC-10007596,856,0,0,2,0,4,2,0,2,4,0,0,N,N
ACC-10007597,790,0,0,0,0,4,0,0,0,0,0,0,N,N
ACC-10007598,853,0,0,0,0,8,1,0,0,1,0,0,N,N
ACC-10007599,714,1,1,2,D,2,0,1,2,4,1,11,N,N
ACC-10007600,809,0,0,2,0,3,0,0,2,5,0,0,N,N
ACC-10007601,679,1,1,1,D,1,0,2,3,4,1,12,N,T
ACC-10007602,748,1,1,0,D,3,0,1,0,1,1,2,N,N
ACC-10007603,759,0,0,2,0,3,0,0,2,2,0,0,N,N
ACC-10007604,754,0,1,1,1,6,0,0,1,3,0,0,N,N
ACC-10007605,857,0,0,1,0,7,1,0,1,3,0,0,N,N
ACC-10007606,902,0,0,1,0,7,0,0,1,2,0,0,N,N
ACC-10007607,704,1,2,2,D,5,0,1,2,2,1,3,N,N
ACC-10007608,768,0,0,0,0,6,1,0,0,2,0,0,N,N
ACC-10007609,811,0,0,2,0,2,1,0,5,6,0,0,N,N
ACC-10007610,785,0,0,1,0,3,0,0,1,3,0,0,N,N
ACC-10007611,845,0,0,0,N,0,0,0,0,1,0,0,N,N
ACC-10007612,869,0,0,1,0,3,0,0,1,2,0,0,N,N
ACC-10007613,851,0,1,1,1,1,0,0,1,4,0,0,N,N
ACC-10007614,908,0,0,0,0,2,0,0,0,0,0,0,N,N
ACC-10007615,845,0,0,0,0,4,1,0,0,3,0,0,N,N
ACC-10007616,805,0,1,1,1,3,0,0,1,1,0,0,N,N
ACC-10007617,872,0,0,1,0,1,0,0,2,2,0,0,N,N
ACC-10007618,811,0,1,0,1,0,0,0,1,1,0,0,N,N
ACC-10007619,839,0,0,0,N,0,0,0,1,2,0,0,N,N
ACC-10007620,783,0,0,1,0,6,1,0,1,1,0,0,N,N
ACC-10007621,782,0,0,1,0,1,1,0,2,2,0,0,N,N
ACC-10007622,764,0,0,2,0,6,1,0,2,3,0,0,N,N
ACC-10007623,874,0,0,1,0,5,0,0,1,1,0,0,N,N
ACC-10007624,824,0,0,1,0,6,1,0,1,2,0,0,N,N
ACC-10007625,900,0,0,1,0,7,0,0,1,2,0,0,N,N
ACC-10007626,894,0,0,0,0,3,0,0,0,0,0,0,N,N
ACC-10007627,638,0,0,2,0,7,0,0,2,3,0,0,N,N
ACC-10007628,766,0,0,2,0,5,3,0,2,3,0,0,N,T
ACC-10007629,898,0,0,1,0,8,1,0,1,1,0,0,N,N
ACC-10007630,833,0,1,2,1,4,1,0,2,3,0,0,N,N
ACC-10007631,870,0,0,1,0,3,1,0,1,2,0,0,N,N
ACC-10007632,903,0,0,2,0,6,0,0,2,2,0,0,N,N
ACC-10007633,816,0,0,0,N,0,0,0,0,0,0,0,N,N
ACC-10007634,736,0,0,2,0,3,1,0,2,2,0,0,N,N
ACC-10007635,843,0,0,0,0,2,0,0,0,0,0,0,N,N
ACC-10007636,810,0,0,0,0,1,0,0,0,0,0,0,N,N
ACC-10007637,829,0,0,0,0,3,1,0,0,1,0,0,N,N
ACC-10007638,836,0,0,1,0,1,0,0,1,4,0,0,N,N
ACC-10007639,842,0,0,0,0,4,0,0,0,1,0,0,N,N
ACC-10007640,879,0,0,1,0,1,0,0,2,3,0,0,N,N
ACC-10007641,815,0,0,1,0,3,0,0,1,1,0,0,N,N
ACC-10007642,834,0,0,0,0,4,1,0,0,0,0,0,N,T
ACC-10007643,715,0,1,1,1,1,0,0,3,4,0,0,N,N
ACC-10007644,914,0,0,1,0,1,0,0,1,3,0,0,N,N
ACC-10007645,735,1,1,3,D,7,1,1,3,5,1,25,N,N
ACC-10007646,821,0,2,2,1,2,0,0,2,3,0,0,N,N
ACC-10007647,835,0,0,0,0,4,0,0,0,0,0,0,N,N
ACC-10007648,846,0,0,0,0,1,0,0,0,0,0,0,N,N
ACC-10007649,811,0,0,2,0,8,2,0,2,4,0,0,N,N
ACC-10007650,850,0,0,1,0,5,2,0,1,2,0,0,N,T
ACC-10007651,745,0,2,1,1,2,1,0,1,2,0,0,N,N
ACC-10007652,805,0,3,1,3,3,0,1,1,3,0,0,N,N
ACC-10007653,787,0,0,1,0,1,0,0,2,4,0,0,N,N
ACC-10007654,758,0,0,2,0,4,0,0,2,2,0,0,N,N
ACC-10007655,892,0,0,0,0,3,1,0,0,1,0,0,N,T
ACC-10007656,864,0,0,0,0,2,0,0,0,1,0,0,N,N
ACC-10007657,872,0,0,1,0,1,0,0,1,1,0,0,N,N
ACC-10007658,843,0,0,1,0,3,0,0,1,1,0,0,N,N
ACC-10007659,946,0,0,1,0,4,0,0,1,1,0,0,N,N
ACC-10007660,835,0,1,2,1,5,1,0,2,4,0,0,N,T
ACC-10007661,734,0,0,1,0,1,0,0,2,2,0,0,N,N
ACC-10007662,875,0,0,2,0,2,1,0,2,3,0,0,N,N
ACC-10007663,749,1,1,0,D,3,0,2,0,0,1,5,N,N
ACC-10007664,838,1,1,1,D,1,0,1,2,3,1,14,N,N
ACC-10007665,898,0,0,0,0,5,0,0,0,0,0,0,N,N
ACC-10007666,890,0,0,0,0,2,0,0,0,2,0,0,N,N
ACC-10007667,865,0,0,2,0,4,0,0,2,3,0,0,N,N
ACC-10007668,701,1,2,2,D,5,2,1,2,3,1,34,N,N
ACC-10007669,772,0,0,0,0,3,0,0,0,0,0,0,N,N
ACC-10007670,834,0,0,1,0,2,0,0,1,2,0,0,N,N
ACC-10007671,783,0,0,1,0,1,0,0,2,3,0,0,N,T
ACC-10007672,794,0,0,1,0,3,0,0,1,5,0,0,N,T
ACC-10007673,806,0,0,0,N,0,0,0,2,6,0,0,N,N
ACC-10007674,733,0,0,0,N,0,0,0,1,2,0,0,N,N
ACC-10007675,816,0,1,1,1,1,0,0,2,3,0,0,N,N
ACC-10007676,725,1,1,2,D,4,0,1,2,3,1,10,N,N
ACC-10007677,793,0,0,2,0,3,1,0,2,2,0,0,N,T
ACC-10007678,819,0,0,2,0,3,1,0,2,3,0,0,N,N
ACC-10007679,930,0,0,0,0,3,0,0,0,1,0,0,N,N
ACC-10007680,931,0,0,0,0,1,0,0,0,0,0,0,N,N
ACC-10007681,895,0,0,1,0,4,1,0,1,3,0,0,N,N
ACC-10007682,705,2,2,0,D,4,1,2,0,0,2,12,N,N
ACC-10007683,879,0,0,2,0,2,0,0,2,3,0,0,N,N
ACC-10007684,752,1,1,1,D,3,0,2,1,1,1,14,N,N
ACC-10007685,838,0,0,0,N,0,0,0,1,1,0,0,N,N
ACC-10007686,950,0,0,0,0,4,0,0,0,2,0,0,N,N
ACC-10007687,813,0,1,0,3,6,0,1,0,0,0,0,N,N
ACC-10007688,747,1,1,1,D,5,0,1,1,1,1,8,N,N
ACC-10007689,887,0,0,0,0,1,0,0,0,1,0,0,N,N
ACC-10007690,779,0,0,1,0,2,1,0,1,3,0,0,N,T
ACC-10007691,626,1,1,2,D,2,0,1,2,4,1,8,N,N
ACC-10007692,804,1,2,0,D,6,0,1,0,0,1,4,N,N
ACC-10007693,752,0,0,0,0,3,2,0,0,1,0,0,N,N
ACC-10007694,587,1,1,2,D,2,0,1,3,4,1,4,N,T
ACC-10007695,717,0,0,1,0,1,0,0,3,3,0,0,N,N
ACC-10007696,775,0,1,1,1,1,0,0,1,1,0,0,N,N
ACC-10007697,856,0,0,2,0,6,0,0,2,2,0,0,N,N
ACC-10007698,733,0,0,1,0,1,0,0,6,7,0,0,N,N
ACC-10007699,845,0,0,0,0,7,2,0,0,0,0,0,N,N
ACC-10007700,842,0,1,2,1,3,0,0,2,3,0,0,N,N
ACC-10007701,800,0,0,2,0,2,0,0,3,3,0,0,N,N
ACC-10007702,859,0,0,1,0,3,1,0,1,1,0,0,N,N
ACC-10007703,783,0,0,2,0,4,0,0,2,3,0,0,N,N
ACC-10007704,870,0,0,2,0,2,0,0,3,5,0,0,N,N
ACC-10007705,911,0,0,0,0,6,0,0,0,2,0,0,N,N
ACC-10007706,880,0,0,0,0,2,0,0,0,0,0,0,N,N
ACC-10007707,780,0,0,1,0,1,0,0,2,3,0,0,N,N
ACC-10007708,748,0,0,2,0,3,0,0,2,5,0,0,N,N
ACC-10007709,860,0,0,1,0,3,1,0,1,2,0,0,N,N
ACC-10007710,745,0,1,1,1,1,1,0,1,2,0,0,N,N
ACC-10007711,736,0,2,2,1,5,0,0,2,3,0,0,N,N
ACC-10007712,726,0,0,1,0,5,0,0,1,1,0,0,N,N
ACC-10007713,799,0,1,2,1,2,0,0,4,4,0,0,N,N
ACC-10007714,885,0,0,1,0,6,2,0,1,3,0,0,N,N
ACC-10007715,880,0,0,1,0,4,0,0,1,3,0,0,N,N
ACC-10007716,863,0,1,1,1,5,0,0,1,3,0,0,N,N
ACC-10007717,858,0,0,1,0,1,0,0,1,2,0,0,N,N
ACC-10007718,896,0,0,0,0,3,0,0,0,1,0,0,N,N
ACC-10007719,849,0,0,0,0,2,0,0,0,1,0,0,N,N
ACC-10007720,787,0,0,0,0,3,1,0,0,0,0,0,N,N
ACC-10007721,802,0,0,2,0,4,0,0,2,2,0,0,N,N
ACC-10007722,854,0,0,1,0,1,0,0,1,1,0,0,N,N
ACC-10007723,837,0,0,2,0,2,0,0,3,3,0,0,N,T
ACC-10007724,845,0,0,1,0,1,0,0,1,4,0,0,N,N
ACC-10007725,735,0,0,1,0,1,0,0,3,4,0,0,N,N
ACC-10007726,795,0,0,4,0,5,0,0,4,4,0,0,N,N
ACC-10007727,732,0,1,2,1,3,1,0,2,4,0,0,N,N
ACC-10007728,807,0,0,1,0,1,0,0,2,5,0,0,N,N
ACC-10007729,781,1,1,1,D,1,0,1,1,1,1,13,N,T
ACC-10007730,906,0,0,1,0,3,0,0,1,2,0,0,N,N
ACC-10007731,895,0,0,1,0,3,1,0,1,2,0,0,N,N
ACC-10007732,859,0,0,0,0,2,0,0,0,1,0,0,N,N
ACC-10007733,832,0,1,2,1,2,1,0,2,2,0,0,N,N
ACC-10007734,739,0,0,0,0,8,1,0,0,0,0,0,N,T
ACC-10007735,906,0,1,1,1,6,2,0,1,1,0,0,N,N
ACC-10007736,982,0,0,1,0,3,1,0,1,2,0,0,N,N
ACC-10007737,739,0,0,1,0,5,0,0,1,3,0,0,N,N
ACC-10007738,814,0,1,1,1,3,0,0,1,2,0,0,N,N
ACC-10007739,753,0,0,3,0,3,0,0,3,5,0,0,N,N
ACC-10007740,861,0,0,1,0,3,0,0,1,2,0,0,N,N
ACC-10007741,919,0,0,2,0,2,0,0,2,6,0,0,N,T
ACC-10007742,822,0,0,2,0,7,2,0,2,3,0,0,N,N
ACC-10007743,869,0,0,1,0,1,0,0,1,1,0,0,N,N
ACC-10007744,844,0,0,1,0,3,0,0,1,2,0,0,N,N
ACC-10007745,914,0,0,1,0,3,0,0,1,1,0,0,N,N
ACC-10007746,904,0,0,0,0,3,1,0,0,1,0,0,N,N
ACC-10007747,845,0,0,2,0,4,0,0,2,2,0,0,N,N
ACC-10007748,793,0,0,2,0,2,1,0,2,2,0,0,N,N
ACC-10007749,756,0,1,3,1,3,0,0,3,3,0,0,N,N
ACC-10007750,857,0,0,0,0,3,0,0,0,0,0,0,N,N
ACC-10007751,781,0,0,1,0,1,0,0,2,3,0,0,N,N
ACC-10007752,876,0,1,0,1,6,1,0,0,2,0,0,N,N
ACC-10007753,816,0,0,0,0,8,2,0,0,1,0,0,N,N
ACC-10007754,904,0,0,0,0,3,0,0,0,2,1,4,N,N
ACC-10007755,834,0,0,1,0,1,0,0,3,3,0,0,N,N
ACC-10007756,811,0,0,2,0,5,0,0,2,2,0,0,N,T
ACC-10007757,816,0,0,1,0,3,0,0,1,2,0,0,N,N
ACC-10007758,727,0,0,1,0,3,0,0,1,1,0,0,N,T
ACC-10007759,798,0,0,1,0,2,0,0,1,4,0,0,N,T
ACC-10007760,850,0,0,3,0,5,0,0,3,4,0,0,N,N
ACC-10007761,851,0,0,1,0,4,1,0,1,3,0,0,N,N
ACC-10007762,789,0,0,0,0,2,0,0,0,0,0,0,N,N
ACC-10007763,905,0,1,1,1,1,0,0,1,1,0,0,N,N
ACC-10007764,722,1,1,2,D,2,0,2,3,4,1,4,N,N
ACC-10007765,930,0,0,2,0,3,1,0,2,2,0,0,N,N
ACC-10007766,740,0,0,3,0,4,0,0,3,3,0,0,N,N
ACC-10007767,835,0,0,0,0,1,0,0,0,1,0,0,N,N
ACC-10007768,839,0,0,1,0,1,0,0,2,3,0,0,N,N
ACC-10007769,700,1,1,0,D,1,0,1,0,1,1,17,N,N
ACC-10007770,778,0,1,2,1,2,1,0,2,3,0,0,N,N
ACC-10007771,794,1,2,0,D,1,0,1,0,1,1,29,N,N
ACC-10007772,852,1,1,0,D,2,0,1,0,0,1,9,N,N
ACC-10007773,817,0,0,2,0,5,0,0,2,3,0,0,N,N
ACC-10007774,810,0,0,0,0,2,0,0,0,2,0,0,N,N
ACC-10007775,885,0,0,2,0,2,0,0,2,2,0,0,N,N
ACC-10007776,733,0,0,1,0,1,0,0,1,2,0,0,N,N
ACC-10007777,815,0,0,1,0,4,1,0,1,3,0,0,N,N
ACC-10007778,779,0,0,0,0,4,1,0,0,0,0,0,N,N
ACC-10007779,786,0,1,0,1,8,3,0,0,0,0,0,N,N
ACC-10007780,864,0,0,1,0,2,1,0,1,1,0,0,N,N
ACC-10007781,878,0,1,1,1,2,0,0,1,3,0,0,N,N
ACC-10007782,837,1,1,1,D,5,0,1,1,2,1,2,N,N
ACC-10007783,880,0,0,0,N,0,0,0,1,2,0,0,N,N
ACC-10007784,920,0,0,4,0,4,2,0,4,4,0,0,N,N
ACC-10007785,847,0,1,0,1,3,0,0,0,2,0,0,N,N
ACC-10007786,616,2,4,0,D,1,0,2,0,0,2,5,Y,N
ACC-10007787,915,0,0,0,0,3,1,0,0,1,0,0,N,N
ACC-10007788,843,0,0,1,0,1,0,0,1,3,0,0,N,T
ACC-10007789,800,0,1,1,3,2,0,1,1,1,0,0,N,N
ACC-10007790,747,0,0,1,0,3,0,0,1,2,0,0,N,N
ACC-10007791,829,0,0,0,N,0,0,0,0,2,0,0,N,N
ACC-10007792,807,0,0,2,0,4,1,0,2,5,0,0,N,N
ACC-10007793,700,1,1,4,D,4,0,1,4,5,1,6,N,N
ACC-10007794,859,0,1,1,1,5,1,0,1,1,0,0,N,N
ACC-10007795,795,0,0,1,0,1,0,0,2,2,0,0,N,N
ACC-10007796,837,0,1,1,1,3,0,0,1,3,0,0,N,N
ACC-10007797,817,0,0,2,0,5,0,0,2,2,0,0,N,N
ACC-10007798,787,0,0,1,0,1,1,0,2,3,0,0,N,T
ACC-10007799,785,0,0,0,0,2,1,0,0,1,0,0,N,N
ACC-10007800,712,0,0,3,0,5,3,0,3,5,0,0,N,N
ACC-10007801,858,0,1,1,1,2,0,0,1,1,0,0,N,N
ACC-10007802,839,0,0,0,0,3,0,0,0,1,0,0,N,T
ACC-10007803,697,0,0,2,0,8,2,0,2,3,0,0,N,N
ACC-10007804,857,0,0,2,0,4,1,0,2,3,0,0,N,N
ACC-10007805,824,0,0,3,0,4,1,0,3,4,0,0,N,N
ACC-10007806,918,0,0,2,0,5,0,0,2,2,0,0,N,N
ACC-10007807,841,0,1,1,1,7,0,0,1,2,0,0,N,N
ACC-10007808,824,0,0,1,0,1,0,0,2,2,0,0,N,T
ACC-10007809,830,0,1,1,1,3,0,0,1,1,0,0,N,T
ACC-10007810,776,0,0,1,0,6,0,0,1,2,0,0,N,N
ACC-10007811,836,0,0,3,0,4,1,0,3,5,0,0,N,N
ACC-10007812,855,0,0,1,0,5,0,0,1,1,0,0,N,N
ACC-10007813,780,0,1,1,1,1,0,0,2,4,0,0,N,N
ACC-10007814,683,1,1,1,D,6,0,1,1,2,1,4,N,N
ACC-10007815,809,0,0,0,0,1,0,0,0,0,0,0,N,N
ACC-10007816,816,0,0,1,0,5,0,0,1,2,0,0,N,N
ACC-10007817,819,0,0,2,0,4,1,0,2,2,0,0,N,N
ACC-10007818,753,0,0,1,0,3,0,0,1,1,0,0,N,N
ACC-10007819,876,0,1,1,1,2,0,0,1,1,0,0,N,N
ACC-10007820,856,0,0,0,0,4,0,0,0,0,0,0,N,N
ACC-10007821,839,0,0,1,0,1,0,0,1,1,0,0,N,N
ACC-10007822,744,0,0,2,0,2,1,0,2,3,0,0,N,N
ACC-10007823,762,0,0,1,0,2,1,0,1,1,0,0,N,N
ACC-10007824,840,0,0,0,0,3,0,0,0,1,0,0,N,N
ACC-10007825,864,0,0,2,0,3,2,0,2,2,0,0,N,N
ACC-10007826,850,0,0,0,0,5,0,0,0,0,0,0,N,N
ACC-10007827,877,0,0,1,0,1,0,0,1,4,0,0,N,N
ACC-10007828,868,0,0,1,0,4,0,0,1,3,0,0,N,N
ACC-10007829,637,0,2,4,1,4,1,0,6,6,0,0,N,N
ACC-10007830,694,0,1,2,1,2,1,0,3,5,0,0,N,N
ACC-10007831,885,0,0,1,0,2,0,0,1,2,0,0,N,N
ACC-10007832,700,0,1,3,1,4,0,0,3,4,0,0,N,N
ACC-10007833,700,0,1,1,1,1,0,0,4,6,0,0,N,N
ACC-10007834,725,0,0,2,0,2,0,0,3,5,0,0,N,N
ACC-10007835,905,0,0,2,0,6,2,0,2,3,0,0,N,N
ACC-10007836,840,0,0,2,0,5,0,0,2,3,0,0,N,N
ACC-10007837,792,0,1,1,1,4,1,0,1,3,0,0,N,N
ACC-10007838,808,1,1,1,D,4,1,1,1,2,1,1,N,N
ACC-10007839,825,0,0,2,0,2,2,0,2,6,1,2,N,T
ACC-10007840,865,0,2,0,1,5,0,0,0,1,0,0,N,N
ACC-10007841,821,0,0,2,0,4,0,0,2,2,0,0,N,N
ACC-10007842,932,0,0,0,0,2,1,0,0,1,0,0,N,N
ACC-10007843,868,0,0,2,0,7,1,0,2,3,0,0,N,N
ACC-10007844,738,0,0,1,0,1,0,0,3,4,0,0,N,N
ACC-10007845,915,0,0,0,0,8,1,0,0,0,0,0,N,N
ACC-10007846,776,1,2,0,D,5,0,2,0,0,1,18,N,N
ACC-10007847,885,0,0,1,0,1,0,0,2,2,0,0,N,N
ACC-10007848,838,0,1,0,1,3,1,0,0,1,0,0,N,N
ACC-10007849,840,0,0,0,0,2,1,0,0,2,0,0,N,N
ACC-10007850,724,0,0,1,0,3,0,0,1,2,0,0,N,N
ACC-10007851,755,1,1,0,D,1,0,2,0,0,1,4,N,N
ACC-10007852,770,0,0,2,0,4,0,0,2,4,0,0,N,N
ACC-10007853,600,1,2,1,D,4,1,1,1,1,1,6,N,N
ACC-10007854,852,0,0,2,0,4,1,0,2,3,0,0,N,N
ACC-10007855,786,0,1,3,3,4,0,2,3,4,0,0,N,N
ACC-10007856,802,0,0,1,0,1,0,0,2,2,0,0,N,N
ACC-10007857,833,1,1,1,D,8,1,2,1,4,1,19,N,N
ACC-10007858,880,0,0,0,0,7,0,0,0,0,0,0,N,N
ACC-10007859,872,0,0,2,0,2,0,0,2,3,0,0,N,N
ACC-10007860,872,0,0,0,0,1,0,0,0,1,0,0,N,N
ACC-10007861,746,0,0,0,0,7,1,0,0,0,0,0,N,N
ACC-10007862,847,0,0,0,0,6,0,0,0,0,0,0,N,N
ACC-10007863,890,0,2,3,1,3,0,0,3,3,0,0,N,N
ACC-10007864,817,0,1,0,1,3,0,0,0,1,0,0,N,T
ACC-10007865,739,1,2,1,D,1,0,1,1,2,1,6,N,N
ACC-10007866,768,1,2,0,D,4,0,1,0,0,1,7,N,N
ACC-10007867,721,0,2,2,1,4,0,0,2,2,0,0,N,N
ACC-10007868,826,0,1,3,1,3,0,0,4,4,0,0,N,T
ACC-10007869,932,0,0,0,0,1,0,0,0,0,0,0,N,N
ACC-10007870,893,0,0,0,0,2,0,0,0,1,0,0,N,N
ACC-10007871,767,0,1,1,1,1,0,0,1,3,0,0,N,N
ACC-10007872,764,1,1,0,D,2,0,1,0,0,1,7,N,N
ACC-10007873,755,0,0,1,0,2,1,0,1,1,0,0,N,N
ACC-10007874,752,0,2,0,1,6,0,0,0,1,0,0,N,N
ACC-10007875,916,0,0,0,0,5,1,0,0,0,1,9,N,N
ACC-10007876,877,0,0,1,0,3,1,0,1,1,1,3,N,N
ACC-10007877,931,0,0,0,0,3,0,0,0,1,0,0,N,N
ACC-10007878,887,0,0,1,0,1,0,0,2,2,0,0,N,N
ACC-10007879,928,0,0,1,0,5,0,0,1,1,0,0,N,N
ACC-10007880,855,0,0,0,0,4,0,0,0,2,0,0,N,N
ACC-10007881,829,0,0,2,0,4,0,0,2,2,0,0,N,N
ACC-10007882,809,0,0,1,0,3,0,0,1,1,0,0,N,N
ACC-10007883,787,0,0,1,0,2,1,0,1,2,0,0,N,N
ACC-10007884,863,0,0,3,0,5,0,0,3,4,0,0,N,N
ACC-10007885,874,0,0,0,0,2,0,0,0,1,0,0,N,N
ACC-10007886,839,0,1,0,1,2,0,0,0,0,0,0,N,N
ACC-10007887,839,0,1,0,1,3,1,0,0,1,0,0,N,N
ACC-10007888,844,0,0,0,0,1,0,0,0,0,0,0,N,N
ACC-10007889,799,0,0,1,0,1,0,0,1,2,0,0,N,N
ACC-10007890,807,0,1,0,1,4,1,0,0,1,0,0,N,T
ACC-10007891,904,0,0,1,0,3,0,0,1,2,0,0,N,N
ACC-10007892,896,0,0,0,0,2,2,0,0,0,0,0,N,N
ACC-10007893,841,0,0,2,0,3,0,0,2,4,0,0,N,N
ACC-10007894,897,0,0,0,0,2,1,0,0,0,0,0,N,N
ACC-10007895,877,0,0,0,0,2,0,0,0,0,0,0,N,N
ACC-10007896,900,0,0,0,0,2,0,0,0,0,0,0,N,N
ACC-10007897,790,0,0,1,0,4,0,0,1,1,0,0,N,N
ACC-10007898,795,0,0,2,0,2,0,0,2,3,0,0,N,T
ACC-10007899,738,0,0,3,0,3,0,0,3,3,0,0,N,N
ACC-10007900,824,0,0,2,0,3,0,0,2,2,0,0,N,N
ACC-10007901,807,0,0,1,0,1,0,0,3,4,0,0,N,N
ACC-10007902,984,0,0,1,0,6,1,0,1,1,0,0,N,N
ACC-10007903,694,2,4,1,D,5,1,2,1,1,2,31,N,N
ACC-10007904,844,0,0,1,0,2,0,0,1,1,0,0,N,N
ACC-10007905,807,0,0,0,0,2,1,0,0,2,0,0,N,N
ACC-10007906,857,0,0,1,0,3,0,0,1,1,0,0,N,N
ACC-10007907,851,0,0,0,N,0,0,0,1,2,0,0,N,N
ACC-10007908,829,0,3,0,1,7,0,0,0,1,0,0,N,N
ACC-10007909,804,0,0,0,0,3,0,0,0,1,0,0,N,N
ACC-10007910,906,0,0,2,0,3,0,0,2,2,0,0,N,N
ACC-10007911,777,0,1,0,1,0,0,0,2,3,0,0,N,N
ACC-10007912,816,0,0,1,0,5,0,0,1,2,0,0,N,N
ACC-10007913,850,0,0,1,0,2,0,0,1,4,0,0,N,N
ACC-10007914,752,0,0,2,0,4,0,0,2,3,0,0,N,N
ACC-10007915,814,0,1,0,1,3,1,0,0,1,0,0,N,N
ACC-10007916,857,0,0,0,0,4,0,0,0,0,0,0,N,N
ACC-10007917,827,0,0,0,0,1,0,0,0,2,0,0,N,N
ACC-10007918,866,0,0,0,0,7,0,0,0,1,0,0,N,N
ACC-10007919,801,0,0,3,0,8,1,0,3,5,0,0,N,N
ACC-10007920,833,0,0,1,0,4,0,0,1,1,0,0,N,N
ACC-10007921,799,0,0,1,0,1,0,0,2,3,0,0,N,N
ACC-10007922,887,0,0,0,0,3,0,0,0,2,0,0,N,T
ACC-10007923,750,0,1,2,3,7,0,1,2,3,0,0,N,N
ACC-10007924,768,0,0,1,0,8,4,0,1,3,0,0,N,N
ACC-10007925,822,0,1,0,1,4,0,0,0,1,0,0,N,N
ACC-10007926,924,0,0,2,0,4,0,0,2,2,0,0,N,N
ACC-10007927,810,0,0,1,0,1,0,0,3,3,0,0,N,N
ACC-10007928,787,0,1,0,3,0,0,1,2,2,0,0,N,N
ACC-10007929,869,1,1,0,D,4,0,1,0,0,1,7,N,N
ACC-10007930,791,0,0,0,0,6,1,0,0,1,0,0,N,N
ACC-10007931,883,0,0,0,0,4,1,0,0,0,0,0,N,N
ACC-10007932,807,0,0,4,0,4,0,0,4,5,0,0,N,N
ACC-10007933,855,0,0,1,0,4,1,0,1,2,0,0,N,N
ACC-10007934,853,0,0,1,0,4,0,0,1,1,0,0,N,N
ACC-10007935,929,0,0,0,0,1,1,0,0,0,0,0,N,N
ACC-10007936,772,0,0,2,0,4,0,0,2,3,0,0,N,N
ACC-10007937,842,0,0,1,0,1,0,0,2,2,0,0,N,N
ACC-10007938,904,0,0,0,0,6,3,0,0,0,0,0,N,N
ACC-10007939,826,1,2,0,D,5,1,1,0,1,1,3,N,N
ACC-10007940,736,0,0,1,0,2,1,0,1,4,0,0,N,T
ACC-10007941,799,0,1,1,1,3,1,0,1,1,0,0,N,N
ACC-10007942,845,0,0,0,0,1,0,0,0,0,0,0,N,N
ACC-10007943,746,0,0,1,0,1,0,0,1,1,0,0,N,N
ACC-10007944,812,0,0,0,0,2,0,0,0,2,0,0,N,N
ACC-10007945,836,1,1,2,D,4,0,1,2,2,1,16,N,N
ACC-10007946,875,0,1,1,1,2,0,0,1,2,0,0,N,N
ACC-10007947,790,0,0,0,N,0,0,0,1,4,0,0,N,T
ACC-10007948,766,0,0,1,0,1,0,0,2,2,0,0,N,N
ACC-10007949,942,0,0,1,0,7,0,0,1,2,0,0,N,N
ACC-10007950,857,0,0,1,0,2,0,0,1,2,0,0,N,N
ACC-10007951,893,0,1,2,1,3,0,0,2,3,0,0,N,N
ACC-10007952,836,0,0,3,0,3,0,0,3,4,0,0,N,N
ACC-10007953,798,0,0,2,0,3,0,0,2,3,0,0,N,N
ACC-10007954,869,0,0,0,0,3,2,0,0,0,0,0,N,N
ACC-10007955,855,0,1,0,3,3,0,1,0,0,0,0,N,N
ACC-10007956,837,0,0,0,0,1,0,0,0,2,0,0,N,N
ACC-10007957,853,0,0,1,0,3,1,0,1,2,0,0,N,N
ACC-10007958,828,0,0,1,0,2,0,0,1,4,0,0,N,N
ACC-10007959,763,0,0,0,0,3,0,0,0,1,0,0,N,N
ACC-10007960,870,0,0,1,0,2,0,0,1,2,1,8,N,N
ACC-10007961,885,0,0,0,0,3,0,0,0,0,0,0,N,N
ACC-10007962,900,0,1,1,1,3,0,0,1,1,0,0,N,N
ACC-10007963,867,0,0,0,0,2,0,0,0,1,0,0,N,N
ACC-10007964,789,0,0,1,0,1,1,0,1,1,0,0,N,N
ACC-10007965,583,2,2,1,D,1,1,4,1,1,2,15,N,N
ACC-10007966,789,0,1,1,3,4,0,1,1,4,0,0,N,N
ACC-10007967,746,0,0,2,0,4,1,0,2,2,0,0,N,N
ACC-10007968,887,0,1,1,3,4,0,1,1,3,0,0,N,N
ACC-10007969,820,0,0,1,0,1,0,0,1,2,0,0,N,N
ACC-10007970,881,0,0,0,0,3,0,0,0,1,0,0,N,N
ACC-10007971,816,0,0,0,0,5,2,0,0,1,0,0,N,N
ACC-10007972,795,1,1,0,D,4,1,1,0,0,1,5,N,N
ACC-10007973,748,1,1,1,D,4,1,1,1,2,1,9,N,N
ACC-10007974,944,0,0,0,0,4,1,0,0,0,0,0,N,N
ACC-10007975,778,0,0,0,0,2,1,0,0,0,0,0,N,N
ACC-10007976,828,0,1,2,3,2,1,2,3,3,0,0,N,N
ACC-10007977,944,0,0,1,0,4,0,0,1,1,0,0,N,N
ACC-10007978,828,0,0,1,0,3,0,0,1,4,0,0,N,N
ACC-10007979,661,1,1,2,D,2,0,1,2,4,1,29,N,N
ACC-10007980,810,0,1,1,3,4,0,1,1,2,0,0,N,N
ACC-10007981,864,0,0,2,0,4,0,0,2,2,1,6,N,T
ACC-10007982,757,0,0,1,0,3,1,0,1,1,0,0,N,N
ACC-10007983,833,0,1,0,1,1,0,0,0,5,0,0,N,N
ACC-10007984,913,0,0,0,0,1,0,0,0,0,0,0,N,N
ACC-10007985,867,0,0,1,0,1,0,0,1,2,0,0,N,N
ACC-10007986,832,0,0,2,0,4,0,0,2,3,0,0,N,N
ACC-10007987,704,1,2,0,D,5,0,1,0,0,1,4,N,N
ACC-10007988,914,0,0,0,0,2,0,0,0,3,0,0,N,N
ACC-10007989,752,0,0,1,0,1,0,0,2,3,0,0,N,N
ACC-10007990,794,0,0,2,0,6,2,0,2,3,0,0,N,N
ACC-10007991,936,0,0,0,0,1,0,0,0,1,0,0,N,N
ACC-10007992,877,0,0,1,0,3,2,0,1,1,0,0,N,N
ACC-10007993,869,0,0,1,0,3,1,0,1,2,0,0,N,N
ACC-10007994,770,1,2,0,D,4,0,2,0,0,1,14,N,N
ACC-10007995,879,0,0,2,0,2,0,0,2,3,0,0,N,N
ACC-10007996,762,1,1,0,D,0,0,1,1,1,1,56,N,N
ACC-10007997,850,0,0,0,0,5,0,0,0,0,0,0,N,N
ACC-10007998,793,0,1,0,3,2,0,1,0,0,0,0,N,N
ACC-10007999,776,0,0,0,0,4,0,0,0,1,0,0,N,N
ACC-10008000,839,1,1,1,D,1,0,2,1,2,1,7,N,N
ACC-10008001,887,0,0,0,N,0,0,0,0,3,0,0,N,N
ACC-10008002,728,1,1,2,D,3,0,2,2,3,1,5,N,N
ACC-10008003,746,1,1,1,D,2,0,1,1,1,1,6,N,N
ACC-10008004,834,0,0,0,0,6,1,0,0,0,0,0,N,N
ACC-10008005,806,0,1,1,1,3,0,0,1,1,0,0,N,N
ACC-10008006,774,0,0,3,0,5,2,0,3,4,0,0,N,N
ACC-10008007,800,0,0,2,0,3,1,0,2,2,0,0,N,N
ACC-10008008,794,0,1,1,1,3,0,0,1,2,0,0,N,N
ACC-10008009,785,0,0,3,0,3,0,0,3,4,0,0,N,N
ACC-10008010,785,0,0,1,0,1,0,0,1,1,0,0,N,N
ACC-10008011,772,0,1,1,1,1,0,0,2,3,0,0,N,N
ACC-10008012,834,0,1,1,1,1,0,0,1,2,0,0,N,N
ACC-10008013,859,0,0,0,N,0,0,0,1,3,0,0,N,N
ACC-10008014,913,0,0,4,0,7,0,0,4,4,0,0,N,N
ACC-10008015,734,0,0,3,0,4,2,0,3,4,0,0,N,N
ACC-10008016,861,0,0,3,0,4,0,0,3,5,0,0,N,N
ACC-10008017,792,0,0,1,0,3,0,0,1,1,0,0,N,N
ACC-10008018,826,0,0,0,0,3,1,0,0,0,0,0,N,N
ACC-10008019,803,1,2,1,D,4,1,1,1,1,1,5,N,N
ACC-10008020,765,0,0,3,0,4,0,0,3,4,0,0,N,N
ACC-10008021,710,0,0,1,0,1,0,0,1,1,0,0,N,N
ACC-10008022,840,0,0,1,0,6,0,0,1,2,0,0,N,N
ACC-10008023,852,0,0,4,0,5,0,0,4,5,0,0,N,N
ACC-10008024,956,0,1,0,1,4,0,0,0,0,0,0,N,N
ACC-10008025,868,0,0,1,0,3,0,0,1,2,0,0,N,N
ACC-10008026,885,0,0,2,0,5,0,0,2,3,0,0,N,N
ACC-10008027,803,0,0,3,0,3,1,0,3,4,0,0,N,N
ACC-10008028,874,0,2,1,1,1,0,0,1,3,0,0,N,N
ACC-10008029,823,0,0,1,0,6,0,0,1,1,0,0,N,N
ACC-10008030,625,1,1,3,D,5,0,1,3,5,1,5,N,N
ACC-10008031,904,0,0,2,0,4,0,0,2,2,0,0,N,N
ACC-10008032,608,1,1,2,D,4,2,1,2,2,1,10,N,T
ACC-10008033,591,1,1,1,D,2,0,1,1,1,1,9,N,N
ACC-10008034,812,0,0,3,0,5,0,0,3,4,0,0,N,N
ACC-10008035,785,0,0,3,0,4,0,0,3,3,0,0,N,N
ACC-10008036,782,0,1,0,1,2,0,0,0,2,0,0,N,N
ACC-10008037,738,0,0,0,0,1,0,0,0,0,0,0,N,N
ACC-10008038,872,0,0,1,0,1,0,0,1,4,0,0,N,N
ACC-10008039,784,0,0,3,0,3,0,0,3,3,0,0,N,N
ACC-10008040,882,0,0,1,0,2,0,0,1,1,0,0,N,N
ACC-10008041,858,0,0,2,0,3,1,0,2,4,0,0,N,N
ACC-10008042,801,0,1,1,1,1,0,0,2,2,0,0,N,N
ACC-10008043,856,0,0,0,N,0,0,0,1,2,0,0,N,N
ACC-10008044,747,1,1,1,D,4,0,1,1,2,1,8,N,N
ACC-10008045,786,1,1,0,D,2,0,1,0,0,1,1,N,N
ACC-10008046,820,0,0,0,0,6,2,0,0,2,0,0,N,N
ACC-10008047,850,0,1,0,1,4,0,0,0,0,0,0,N,N
ACC-10008048,852,0,0,2,0,4,0,0,2,4,0,0,N,N
ACC-10008049,850,0,0,0,0,3,0,0,0,0,0,0,N,N
ACC-10008050,811,0,0,1,0,3,1,0,1,2,0,0,N,N
ACC-10008051,942,0,0,1,0,4,1,0,1,2,0,0,N,N
ACC-10008052,836,0,0,2,0,3,0,0,2,5,0,0,N,N
ACC-10008053,869,0,0,1,0,6,1,0,1,1,0,0,N,N
ACC-10008054,860,0,0,1,0,3,1,0,1,2,0,0,N,N
ACC-10008055,758,1,3,1,D,4,0,2,1,1,1,24,N,N
ACC-10008056,734,0,0,2,0,3,1,0,2,2,0,0,N,N
ACC-10008057,841,0,0,1,0,7,0,0,1,4,0,0,N,N
ACC-10008058,863,0,0,0,0,7,2,0,0,0,0,0,N,N
ACC-10008059,959,0,0,1,0,4,0,0,1,1,0,0,N,N
ACC-10008060,822,0,0,1,0,2,0,0,1,2,0,0,N,N
ACC-10008061,865,1,1,0,D,1,0,2,0,3,1,8,N,N
ACC-10008062,827,0,0,1,0,1,0,0,1,1,0,0,N,N
ACC-10008063,803,0,0,1,0,7,3,0,1,1,0,0,N,N
ACC-10008064,895,0,0,0,0,1,0,0,0,0,0,0,N,N
ACC-10008065,815,0,0,0,N,0,0,0,5,6,0,0,N,N
ACC-10008066,860,0,0,0,N,0,0,0,2,2,0,0,N,N
ACC-10008067,869,0,0,0,0,4,2,0,0,1,0,0,N,N
ACC-10008068,859,0,0,1,0,2,0,0,1,1,0,0,N,N
ACC-10008069,884,0,1,2,1,4,0,0,2,2,0,0,N,N
ACC-10008070,779,0,0,3,0,3,1,0,3,3,0,0,N,N
ACC-10008071,859,1,1,0,D,3,1,1,0,0,1,10,N,N
ACC-10008072,733,0,1,0,1,6,3,0,0,1,0,0,N,N
ACC-10008073,860,0,0,4,0,5,0,0,4,6,0,0,N,N
ACC-10008074,795,0,0,0,0,4,0,0,0,1,0,0,N,N
ACC-10008075,775,1,1,2,D,3,0,2,2,2,1,51,N,N
ACC-10008076,800,0,0,2,0,3,0,0,2,3,0,0,N,N
ACC-10008077,826,0,0,3,0,5,0,0,3,4,0,0,N,T
ACC-10008078,878,0,1,1,1,4,1,0,1,2,0,0,N,N
ACC-10008079,832,1,1,1,D,2,0,1,1,1,1,26,N,N
ACC-10008080,921,0,0,1,0,2,0,0,1,1,0,0,N,N
ACC-10008081,749,0,0,1,0,2,0,0,1,2,1,10,N,N
ACC-10008082,878,0,0,2,0,3,0,0,2,3,0,0,N,N
ACC-10008083,788,0,0,1,0,5,0,0,1,5,0,0,N,N
ACC-10008084,850,0,0,1,0,4,0,0,1,1,1,14,N,N
ACC-10008085,959,0,0,0,0,2,0,0,0,0,0,0,N,N
ACC-10008086,882,0,0,1,0,4,0,0,1,1,0,0,N,N
ACC-10008087,852,0,0,0,0,1,0,0,0,2,0,0,N,N
ACC-10008088,730,1,1,0,D,1,0,2,0,3,1,4,N,N
ACC-10008089,764,0,0,0,0,5,0,0,0,2,0,0,N,N
ACC-10008090,745,0,0,0,0,5,1,0,0,1,0,0,N,T
ACC-10008091,842,0,0,1,0,4,1,0,1,1,0,0,N,N
ACC-10008092,709,0,1,2,3,4,1,1,2,2,0,0,N,N
ACC-10008093,847,0,1,0,1,3,0,0,0,1,0,0,N,N
ACC-10008094,830,0,1,1,1,2,0,0,1,1,0,0,N,N
ACC-10008095,909,0,0,0,0,5,0,0,0,0,0,0,N,N
ACC-10008096,900,0,0,1,0,4,0,0,1,1,0,0,N,N
ACC-10008097,904,0,0,1,0,6,0,0,1,2,0,0,N,N
ACC-10008098,933,0,0,2,0,5,0,0,2,2,0,0,N,N
ACC-10008099,810,0,0,1,0,3,0,0,1,1,0,0,N,T
ACC-10008100,846,0,0,0,0,6,1,0,0,0,0,0,N,N
ACC-10008101,848,0,0,1,0,4,0,0,1,1,0,0,N,N
ACC-10008102,803,0,0,0,N,0,0,0,2,2,0,0,N,T
ACC-10008103,760,0,0,1,0,1,0,0,4,4,0,0,N,N
ACC-10008104,818,0,0,1,0,3,0,0,1,1,0,0,N,N
ACC-10008105,748,0,2,1,1,2,0,0,1,2,0,0,N,N
ACC-10008106,810,0,0,1,0,1,1,0,1,1,0,0,N,N
ACC-10008107,854,0,0,3,0,3,0,0,3,3,0,0,N,N
ACC-10008108,798,0,0,2,0,4,1,0,2,3,0,0,N,N
ACC-10008109,937,0,0,0,0,6,1,0,0,1,0,0,N,N
ACC-10008110,830,0,0,1,0,5,0,0,1,2,0,0,N,N
ACC-10008111,888,0,0,1,0,4,0,0,1,1,0,0,N,N
ACC-10008112,722,0,0,1,0,1,0,0,3,4,0,0,N,T
ACC-10008113,916,1,1,1,D,4,0,2,1,2,1,8,N,N
ACC-10008114,861,1,1,1,D,5,0,2,1,1,1,8,N,N
ACC-10008115,698,1,1,2,D,3,0,1,2,2,1,12,N,N
ACC-10008116,811,0,1,1,1,2,0,0,1,1,0,0,N,N
ACC-10008117,910,0,0,1,0,3,0,0,1,2,0,0,N,N
ACC-10008118,906,0,0,1,0,5,0,0,1,1,0,0,N,N
ACC-10008119,723,0,0,1,0,1,0,0,2,2,0,0,N,T
ACC-10008120,688,1,1,2,D,3,1,1,2,4,1,12,N,N
ACC-10008121,865,0,0,0,0,7,0,0,0,1,0,0,N,N
ACC-10008122,774,1,1,0,D,4,0,1,0,0,1,21,N,N
ACC-10008123,888,0,1,1,3,5,1,1,1,2,0,0,N,N
ACC-10008124,832,0,0,0,0,5,1,0,0,1,0,0,N,N
ACC-10008125,693,0,0,1,0,1,0,0,1,1,0,0,N,T
ACC-10008126,788,0,0,1,0,1,0,0,1,2,0,0,N,N
ACC-10008127,771,0,1,1,1,2,0,0,1,4,0,0,N,N
ACC-10008128,865,0,0,1,0,5,0,0,1,1,0,0,N,N
ACC-10008129,839,0,0,1,0,3,0,0,1,2,0,0,N,N
ACC-10008130,760,0,1,1,1,2,0,0,1,2,0,0,N,T
ACC-10008131,849,0,0,0,0,6,0,0,0,1,0,0,N,N
ACC-10008132,790,0,0,0,0,1,1,0,0,1,0,0,N,N
ACC-10008133,808,1,1,0,D,5,3,1,0,0,1,4,N,N
ACC-10008134,736,0,0,0,0,2,0,0,0,0,0,0,N,N
ACC-10008135,681,1,1,1,D,1,0,1,1,2,1,5,N,N
ACC-10008136,733,0,0,0,0,7,2,0,0,1,0,0,N,N
ACC-10008137,851,0,1,0,1,3,1,0,0,1,0,0,N,N
ACC-10008138,818,0,1,1,1,2,0,0,1,2,0,0,N,N
ACC-10008139,894,0,0,1,0,2,0,0,1,1,0,0,N,N
ACC-10008140,820,0,1,0,3,0,0,1,0,1,0,0,N,N
ACC-10008141,780,0,1,1,1,4,0,0,1,1,0,0,N,N
ACC-10008142,881,0,0,2,0,4,0,0,2,2,0,0,N,N
ACC-10008143,872,0,1,1,1,1,0,0,1,2,0,0,N,N
ACC-10008144,858,0,1,0,1,6,0,0,0,0,0,0,N,N
ACC-10008145,760,0,0,2,0,2,0,0,4,5,0,0,N,N
ACC-10008146,873,0,0,0,0,5,1,0,0,0,0,0,N,T
ACC-10008147,888,0,0,1,0,2,0,0,1,2,0,0,N,N
ACC-10008148,759,0,0,0,0,3,1,0,0,0,0,0,N,N
ACC-10008149,886,0,0,1,0,1,0,0,1,1,0,0,N,N
ACC-10008150,869,0,0,1,0,4,0,0,1,1,0,0,N,N
ACC-10008151,870,0,0,1,0,6,0,0,1,1,0,0,N,N
ACC-10008152,885,0,0,0,0,4,1,0,0,2,0,0,N,N
ACC-10008153,758,0,0,2,0,2,0,0,2,3,0,0,N,T
ACC-10008154,950,0,0,1,0,5,0,0,1,2,0,0,N,N
ACC-10008155,775,0,0,1,0,1,0,0,3,3,0,0,N,N
ACC-10008156,992,0,0,0,N,0,0,0,1,1,0,0,N,N
ACC-10008157,816,0,0,1,0,1,0,0,3,3,0,0,N,N
ACC-10008158,903,0,0,2,0,2,0,0,4,4,0,0,N,N
ACC-10008159,756,0,1,1,3,5,0,1,1,3,0,0,N,N
ACC-10008160,809,0,0,2,0,4,2,0,2,2,0,0,N,N
ACC-10008161,760,0,0,3,0,5,0,0,3,3,0,0,N,N
ACC-10008162,960,0,0,0,0,2,0,0,0,0,0,0,N,N
ACC-10008163,743,0,0,1,0,4,0,0,1,2,0,0,N,N
ACC-10008164,854,0,0,0,0,2,0,0,0,0,0,0,N,N
ACC-10008165,932,0,0,1,0,6,0,0,1,1,1,22,N,N
ACC-10008166,803,1,1,0,D,4,0,1,0,1,1,11,N,N
ACC-10008167,818,0,1,0,1,1,0,0,0,1,0,0,N,N
ACC-10008168,844,0,1,1,3,5,0,1,1,2,0,0,N,N
ACC-10008169,909,0,0,2,0,4,0,0,2,3,0,0,N,N
ACC-10008170,820,0,0,1,0,3,0,0,1,1,0,0,N,N
ACC-10008171,670,1,1,0,D,5,0,1,0,0,1,9,N,T
ACC-10008172,764,0,0,1,0,3,1,0,1,1,0,0,N,T
ACC-10008173,949,0,0,0,0,5,1,0,0,2,0,0,N,N
ACC-10008174,796,0,1,1,1,3,1,0,1,2,0,0,N,N
ACC-10008175,825,0,0,3,0,5,2,0,3,3,0,0,N,N
ACC-10008176,908,0,0,2,0,2,1,0,2,4,0,0,N,N
ACC-10008177,704,0,0,2,0,9,4,0,2,2,0,0,N,N
ACC-10008178,898,0,0,0,N,0,0,0,2,2,0,0,N,N
ACC-10008179,805,0,0,1,0,6,0,0,1,1,0,0,N,N
ACC-10008180,834,0,1,2,1,4,0,0,2,2,0,0,N,N
ACC-10008181,873,0,1,1,1,5,0,0,1,3,0,0,N,T
ACC-10008182,903,0,0,2,0,6,1,0,2,5,0,0,N,N
ACC-10008183,850,0,0,1,0,4,0,0,1,1,0,0,N,N
ACC-10008184,798,0,2,1,3,2,0,1,1,2,0,0,N,N
ACC-10008185,904,0,0,1,0,3,0,0,1,2,0,0,N,N
ACC-10008186,765,0,1,1,1,1,0,0,1,2,0,0,N,N
ACC-10008187,772,0,1,2,1,2,0,0,2,2,0,0,N,N
ACC-10008188,834,0,0,1,0,3,0,0,1,1,0,0,N,N
ACC-10008189,874,0,1,1,1,4,0,0,1,2,0,0,N,N
ACC-10008190,783,0,1,2,1,4,0,0,2,2,0,0,N,N
ACC-10008191,921,0,0,0,0,2,0,0,0,1,0,0,N,N
ACC-10008192,779,1,1,1,D,4,0,1,1,1,1,15,N,N
ACC-10008193,784,0,0,1,0,4,2,0,1,1,0,0,N,N
ACC-10008194,828,0,0,1,0,5,2,0,1,1,0,0,N,T
ACC-10008195,735,1,2,0,D,3,0,2,0,0,1,2,N,N
ACC-10008196,769,1,1,0,D,2,0,1,0,0,1,1,N,N
ACC-10008197,769,0,0,4,0,4,0,0,4,5,0,0,N,N
ACC-10008198,752,1,1,2,D,2,0,1,2,2,1,19,N,N
ACC-10008199,953,0,0,1,0,3,0,0,1,3,0,0,N,N
ACC-10008200,753,0,0,2,0,3,1,0,2,2,0,0,N,N
ACC-10008201,744,1,1,1,D,1,0,1,4,4,1,7,N,N
ACC-10008202,869,0,0,0,N,0,0,0,0,0,0,0,N,T
ACC-10008203,739,0,0,2,0,2,1,0,2,3,0,0,N,N
ACC-10008204,877,0,0,2,0,7,0,0,2,4,0,0,N,N
ACC-10008205,817,0,0,1,0,1,0,0,1,1,0,0,N,N
ACC-10008206,876,0,1,0,1,3,0,0,0,1,0,0,N,N
ACC-10008207,900,0,1,0,1,7,0,0,0,0,0,0,N,N
ACC-10008208,865,0,0,1,0,4,0,0,1,2,0,0,N,N
ACC-10008209,876,0,0,1,0,2,0,0,1,1,1,14,N,N
ACC-10008210,808,0,0,3,0,3,0,0,3,5,0,0,N,N
ACC-10008211,826,0,0,2,0,3,0,0,2,3,0,0,N,N
ACC-10008212,779,0,0,0,N,0,0,0,4,5,0,0,N,N
ACC-10008213,774,0,1,3,1,6,1,0,3,3,0,0,N,N
ACC-10008214,879,0,0,0,0,3,1,0,0,0,0,0,N,N
ACC-10008215,838,0,0,1,0,4,0,0,1,1,0,0,N,N
ACC-10008216,761,0,1,1,1,3,0,0,1,2,1,5,N,N
ACC-10008217,824,0,0,1,0,3,0,0,1,1,0,0,N,N
ACC-10008218,777,0,0,1,0,1,0,0,2,3,0,0,N,N
ACC-10008219,760,0,0,0,0,3,0,0,0,0,0,0,N,T
ACC-10008220,840,0,1,0,1,5,0,0,0,0,0,0,N,N
ACC-10008221,929,0,0,0,N,0,0,0,0,0,0,0,N,N
ACC-10008222,833,0,0,1,0,7,0,0,1,1,0,0,N,N
ACC-10008223,743,0,0,2,0,3,0,0,2,3,0,0,N,N
ACC-10008224,769,0,0,2,0,2,0,0,2,2,0,0,N,N
ACC-10008225,904,0,0,1,0,4,2,0,1,3,0,0,N,N
ACC-10008226,821,0,0,2,0,3,0,0,2,2,0,0,N,N
ACC-10008227,949,0,0,0,0,6,0,0,0,1,0,0,N,N
ACC-10008228,784,0,0,0,0,1,0,0,0,0,0,0,N,N
ACC-10008229,850,0,0,0,0,2,0,0,0,1,0,0,N,N
ACC-10008230,798,0,0,1,0,4,0,0,1,2,0,0,N,N
ACC-10008231,757,0,0,1,0,1,0,0,2,3,0,0,N,N
ACC-10008232,818,0,0,1,0,1,0,0,1,3,0,0,N,N
ACC-10008233,837,0,0,0,0,3,0,0,0,2,0,0,N,N
ACC-10008234,861,0,0,1,0,3,1,0,1,2,0,0,N,N
ACC-10008235,867,0,0,0,0,4,1,0,0,0,0,0,N,N
ACC-10008236,785,0,1,0,3,5,2,1,0,0,0,0,N,N
ACC-10008237,825,0,1,3,1,3,0,0,3,3,0,0,N,N
ACC-10008238,835,0,0,1,0,2,0,0,1,3,0,0,N,N
ACC-10008239,825,0,0,0,0,7,0,0,0,1,0,0,N,N
ACC-10008240,849,0,0,2,0,4,0,0,2,3,0,0,N,N
ACC-10008241,893,0,0,0,0,3,1,0,0,1,0,0,N,N
ACC-10008242,756,0,1,2,1,2,0,0,2,5,0,0,N,N
ACC-10008243,849,0,0,0,0,2,1,0,0,0,0,0,N,N
ACC-10008244,846,0,0,1,0,6,1,0,1,2,0,0,N,N
ACC-10008245,984,0,0,0,0,3,0,0,0,0,0,0,N,N
ACC-10008246,766,0,0,1,0,5,0,0,1,2,0,0,N,N
ACC-10008247,848,0,0,0,0,2,0,0,0,2,0,0,N,N
ACC-10008248,735,1,1,1,D,3,0,1,1,2,1,6,N,N
ACC-10008249,757,0,0,1,0,1,0,0,2,2,0,0,N,N
ACC-10008250,936,0,1,2,3,4,0,1,2,2,0,0,N,N
ACC-10008251,862,0,0,1,0,3,1,0,1,1,0,0,N,N
ACC-10008252,774,1,1,1,D,3,1,2,1,1,1,5,N,N
ACC-10008253,890,0,0,0,0,2,0,0,0,0,0,0,N,N
ACC-10008254,834,0,1,1,1,1,0,0,1,2,0,0,N,N
ACC-10008255,752,0,0,1,0,4,0,0,1,1,0,0,N,T
ACC-10008256,846,0,0,1,0,3,0,0,1,1,0,0,N,N
ACC-10008257,749,0,0,1,0,2,1,0,1,2,0,0,N,N
ACC-10008258,788,0,0,1,0,1,0,0,2,2,0,0,N,N
ACC-10008259,918,0,0,1,0,4,1,0,1,2,0,0,N,N
ACC-10008260,803,0,0,2,0,7,0,0,2,4,0,0,N,N
ACC-10008261,803,0,0,1,0,5,2,0,1,1,0,0,N,N
ACC-10008262,878,0,1,2,1,4,0,0,2,2,0,0,N,N
ACC-10008263,813,0,0,0,0,3,0,0,0,1,0,0,N,T
ACC-10008264,666,1,2,4,D,5,2,1,4,7,1,11,N,N
ACC-10008265,780,0,0,2,0,3,1,0,2,6,0,0,N,N
ACC-10008266,911,0,0,0,0,3,0,0,0,0,0,0,N,N
ACC-10008267,792,0,0,1,0,1,0,0,2,4,0,0,N,N
ACC-10008268,872,0,1,1,3,3,0,1,1,2,0,0,N,N
ACC-10008269,853,0,0,2,0,2,0,0,2,2,0,0,N,N
ACC-10008270,776,0,1,1,1,2,0,0,1,2,0,0,N,N
ACC-10008271,831,0,2,1,1,5,3,0,1,2,0,0,N,N
ACC-10008272,864,0,0,0,0,2,0,0,0,0,0,0,N,N
ACC-10008273,777,0,0,2,0,4,1,0,2,3,0,0,N,N
ACC-10008274,649,1,1,1,D,1,0,1,3,3,1,4,N,N
ACC-10008275,816,0,0,1,0,1,0,0,2,4,0,0,N,N
ACC-10008276,810,0,1,0,1,3,0,0,0,0,0,0,N,N
ACC-10008277,782,0,0,1,0,3,0,0,1,1,0,0,N,N
ACC-10008278,828,0,1,1,1,6,1,0,1,1,0,0,N,N
ACC-10008279,811,0,0,0,0,5,1,0,0,3,0,0,N,N
ACC-10008280,801,0,0,0,N,0,0,0,2,2,0,0,N,T
ACC-10008281,889,0,0,1,0,1,0,0,1,2,0,0,N,N
ACC-10008282,897,0,0,0,0,4,0,0,0,1,0,0,N,N
ACC-10008283,776,0,0,2,0,2,0,0,4,4,0,0,N,N
ACC-10008284,846,0,0,1,0,3,0,0,1,2,0,0,N,N
ACC-10008285,881,0,0,0,0,1,0,0,0,0,0,0,N,N
ACC-10008286,867,0,0,0,0,7,0,0,0,2,0,0,N,N
ACC-10008287,823,0,0,1,0,6,2,0,1,1,0,0,N,T
ACC-10008288,905,0,0,2,0,3,0,0,2,2,0,0,N,N
ACC-10008289,773,0,0,1,0,1,0,0,1,2,0,0,N,N
ACC-10008290,836,0,0,0,N,0,0,0,1,3,1,6,N,N
ACC-10008291,840,0,0,3,0,4,0,0,3,5,0,0,N,N
ACC-10008292,796,0,0,2,0,3,1,0,2,2,0,0,N,N
ACC-10008293,853,0,0,3,0,4,1,0,3,3,0,0,N,N
ACC-10008294,784,0,0,1,0,2,0,0,1,3,0,0,N,N
ACC-10008295,867,0,0,0,0,2,0,0,0,1,0,0,N,N
ACC-10008296,772,0,0,2,0,5,0,0,2,3,0,0,N,N
ACC-10008297,680,0,2,1,1,2,2,0,1,2,0,0,N,N
ACC-10008298,800,0,1,0,1,4,0,0,0,0,0,0,N,N
ACC-10008299,823,0,0,1,0,6,0,0,1,2,0,0,N,N
ACC-10008300,783,0,0,1,0,3,0,0,1,2,0,0,N,N
ACC-10008301,701,0,1,1,1,1,0,0,2,3,0,0,N,N
ACC-10008302,645,1,4,0,D,1,0,1,0,1,1,4,N,N
ACC-10008303,880,0,0,1,0,3,0,0,1,2,0,0,N,N
ACC-10008304,827,0,0,1,0,2,0,0,1,2,0,0,N,N
ACC-10008305,842,0,0,3,0,7,0,0,3,4,0,0,N,N
ACC-10008306,758,0,0,2,0,2,0,0,2,3,0,0,N,N
ACC-10008307,840,0,0,1,0,1,0,0,2,2,0,0,N,N
ACC-10008308,827,0,1,2,1,2,0,0,2,2,0,0,N,N
ACC-10008309,818,0,0,3,0,3,0,0,3,4,0,0,N,N
ACC-10008310,891,0,0,0,0,4,0,0,0,1,0,0,N,N
ACC-10008311,849,0,0,2,0,5,1,0,2,3,0,0,N,T
ACC-10008312,843,0,0,1,0,5,1,0,1,2,0,0,N,N
ACC-10008313,745,0,1,0,3,3,3,1,0,0,0,0,N,N
ACC-10008314,825,0,0,0,0,1,0,0,0,1,0,0,N,N
ACC-10008315,909,0,1,0,1,2,0,0,0,2,0,0,N,N
ACC-10008316,957,0,0,1,0,4,0,0,1,2,0,0,N,N
ACC-10008317,636,0,0,2,0,2,0,0,2,2,0,0,N,T
ACC-10008318,831,0,1,1,1,1,0,0,1,1,0,0,N,T
ACC-10008319,860,0,0,2,0,4,0,0,2,2,0,0,N,N
ACC-10008320,872,0,1,0,1,2,0,0,0,0,0,0,N,N
ACC-10008321,786,0,0,2,0,2,0,0,4,4,0,0,N,N
ACC-10008322,862,0,0,2,0,5,0,0,2,2,0,0,N,N
ACC-10008323,852,0,0,1,0,3,2,0,1,2,0,0,N,N
ACC-10008324,712,0,0,3,0,3,0,0,3,3,0,0,N,N
ACC-10008325,854,0,0,1,0,3,1,0,1,3,0,0,N,N
ACC-10008326,843,0,0,2,0,4,1,0,2,4,0,0,N,N
ACC-10008327,707,0,0,2,0,6,2,0,2,2,0,0,N,N
ACC-10008328,842,0,0,0,0,3,0,0,0,0,0,0,N,N
ACC-10008329,831,0,0,0,0,3,1,0,0,0,0,0,N,N
ACC-10008330,784,0,0,0,0,4,2,0,0,0,0,0,N,N
ACC-10008331,888,0,0,1,0,3,1,0,1,2,0,0,N,N
ACC-10008332,773,0,0,1,0,1,0,0,1,3,0,0,N,N
ACC-10008333,876,0,0,1,0,5,1,0,1,2,0,0,N,N
ACC-10008334,832,0,1,1,3,3,0,1,1,2,0,0,N,N
ACC-10008335,844,0,2,0,3,3,1,1,0,1,0,0,N,N
ACC-10008336,776,0,1,2,1,6,1,0,2,4,0,0,N,N
ACC-10008337,868,0,0,0,0,4,0,0,0,0,0,0,N,N
ACC-10008338,826,0,0,2,0,2,0,0,2,2,0,0,N,N
ACC-10008339,896,0,0,0,0,4,0,0,0,0,0,0,N,N
ACC-10008340,904,0,0,0,0,3,0,0,0,1,0,0,N,N
ACC-10008341,887,0,0,0,0,1,0,0,0,1,0,0,N,N
ACC-10008342,757,0,1,3,1,3,0,0,3,3,0,0,N,N
ACC-10008343,782,0,0,1,0,3,1,0,1,3,0,0,N,N
ACC-10008344,894,0,0,1,0,5,0,0,1,1,0,0,N,N
ACC-10008345,840,0,0,1,0,4,1,0,1,1,0,0,N,N
ACC-10008346,774,0,0,1,0,2,0,0,1,1,0,0,N,T
ACC-10008347,785,0,0,2,0,6,1,0,2,3,0,0,N,N
ACC-10008348,906,0,0,0,0,1,1,0,0,1,0,0,N,N
ACC-10008349,834,0,0,0,0,5,0,0,0,2,0,0,N,N
ACC-10008350,882,0,0,0,0,3,0,0,0,0,0,0,N,N
ACC-10008351,811,0,0,1,0,4,1,0,1,2,0,0,N,N
ACC-10008352,843,0,1,1,1,1,1,0,1,2,0,0,N,N
ACC-10008353,825,0,0,2,0,3,0,0,2,3,0,0,N,N
ACC-10008354,848,0,0,0,0,3,0,0,0,1,0,0,N,N
ACC-10008355,822,0,0,2,0,3,0,0,2,2,0,0,N,N
ACC-10008356,868,0,1,0,3,6,0,1,0,1,0,0,N,N
ACC-10008357,858,0,0,0,0,3,0,0,0,0,0,0,N,N
ACC-10008358,789,0,0,0,0,2,0,0,0,0,0,0,N,N
ACC-10008359,758,0,2,1,3,4,1,1,1,2,0,0,N,N
ACC-10008360,801,0,1,0,1,1,0,0,0,0,0,0,N,N
ACC-10008361,764,0,1,1,1,2,0,0,1,2,0,0,N,N
ACC-10008362,831,0,0,1,0,3,0,0,1,1,0,0,N,N
ACC-10008363,885,0,0,1,0,1,0,0,1,2,0,0,N,N
ACC-10008364,874,0,0,0,0,4,0,0,0,1,0,0,N,N
ACC-10008365,941,0,0,0,0,2,0,0,0,1,0,0,N,N
ACC-10008366,712,0,2,3,1,3,0,0,3,4,0,0,N,N
ACC-10008367,908,0,0,1,0,4,1,0,1,2,0,0,N,N
ACC-10008368,903,0,0,0,N,0,0,0,1,2,0,0,N,N
ACC-10008369,875,0,0,0,0,6,1,0,0,0,0,0,N,N
ACC-10008370,779,0,0,1,0,1,0,0,1,1,0,0,N,N
ACC-10008371,806,0,1,1,3,4,0,1,1,2,0,0,N,N
ACC-10008372,922,0,1,0,1,5,0,0,0,0,0,0,N,N
ACC-10008373,822,0,0,3,0,3,0,0,4,6,0,0,N,T
ACC-10008374,851,0,0,1,0,5,0,0,1,1,0,0,N,N
ACC-10008375,690,2,2,0,D,2,0,2,0,1,2,9,N,N
ACC-10008376,862,0,0,4,0,4,0,0,4,4,0,0,N,N
ACC-10008377,819,0,1,1,1,3,1,0,1,1,0,0,N,N
ACC-10008378,930,0,0,1,0,5,0,0,1,2,0,0,N,N
ACC-10008379,658,0,0,1,0,1,0,0,2,2,0,0,N,T
ACC-10008380,830,0,0,1,0,2,0,0,1,2,0,0,N,N
ACC-10008381,847,0,0,1,0,1,0,0,2,2,0,0,N,N
ACC-10008382,895,0,0,1,0,1,0,0,1,1,0,0,N,N
ACC-10008383,824,0,0,1,0,2,1,0,1,4,0,0,N,N
ACC-10008384,824,0,0,0,0,6,1,0,0,0,0,0,N,N
ACC-10008385,838,0,0,1,0,3,1,0,1,2,0,0,N,N
ACC-10008386,765,0,0,1,0,3,0,0,1,1,0,0,N,N
ACC-10008387,778,0,0,0,0,3,0,0,0,0,0,0,N,N
ACC-10008388,884,0,0,2,0,4,0,0,2,4,0,0,N,N
ACC-10008389,801,0,0,2,0,4,0,0,2,4,0,0,N,N
ACC-10008390,698,1,1,0,D,2,0,1,0,2,1,6,N,N
ACC-10008391,768,0,0,1,0,3,0,0,1,2,0,0,N,N
ACC-10008392,767,0,0,1,0,3,0,0,1,1,0,0,N,N
ACC-10008393,895,0,1,1,1,3,0,0,1,1,0,0,N,N
ACC-10008394,866,0,0,1,0,3,0,0,1,1,0,0,N,N
ACC-10008395,878,0,0,0,N,0,0,0,2,4,0,0,N,N
ACC-10008396,874,0,0,0,0,5,2,0,0,1,0,0,N,N
ACC-10008397,769,0,0,3,0,8,1,0,3,6,0,0,N,N
ACC-10008398,864,0,1,1,1,3,0,0,1,1,0,0,N,N
ACC-10008399,827,0,0,1,0,1,0,0,2,3,0,0,N,N
ACC-10008400,801,0,0,0,0,2,1,0,0,1,0,0,N,N
ACC-10008401,739,0,1,2,1,4,0,0,2,3,0,0,N,N
ACC-10008402,908,0,0,0,0,6,0,0,0,0,0,0,N,N
ACC-10008403,822,0,1,1,1,5,1,0,1,3,0,0,N,N
ACC-10008404,850,0,0,1,0,6,0,0,1,2,0,0,N,N
ACC-10008405,833,0,0,0,0,3,0,0,0,1,0,0,N,N
ACC-10008406,802,0,0,1,0,3,0,0,1,1,0,0,N,N
ACC-10008407,828,0,0,2,0,4,1,0,2,2,0,0,N,N
ACC-10008408,891,0,0,2,0,7,2,0,2,2,0,0,N,N
ACC-10008409,779,0,0,1,0,1,0,0,1,2,0,0,N,T
ACC-10008410,754,0,0,1,0,1,0,0,2,2,0,0,N,N
ACC-10008411,873,0,0,1,0,2,0,0,1,1,0,0,N,N
ACC-10008412,835,0,0,3,0,3,1,0,3,3,0,0,N,N
ACC-10008413,815,0,0,1,0,4,0,0,1,2,0,0,N,N
ACC-10008414,870,0,0,1,0,4,0,0,1,1,0,0,N,N
ACC-10008415,804,0,1,2,1,6,0,0,2,2,0,0,N,N
ACC-10008416,780,0,1,2,1,4,0,0,2,2,0,0,N,N
ACC-10008417,901,0,0,0,0,1,0,0,0,2,0,0,N,N
ACC-10008418,831,0,0,1,0,1,0,0,1,3,0,0,N,N
ACC-10008419,743,0,0,1,0,2,0,0,1,1,1,4,N,T
ACC-10008420,801,0,1,1,1,2,1,0,1,2,0,0,N,N
ACC-10008421,802,0,0,0,0,5,1,0,0,2,0,0,N,N
ACC-10008422,726,1,2,0,D,3,0,2,0,0,2,39,N,N
ACC-10008423,810,0,0,1,0,3,0,0,1,1,0,0,N,N
ACC-10008424,803,0,0,1,0,2,1,0,1,1,0,0,N,N
ACC-10008425,840,0,0,2,0,3,0,0,2,2,0,0,N,N
ACC-10008426,837,0,0,1,0,1,0,0,2,2,0,0,N,N
ACC-10008427,815,1,1,1,D,4,0,1,1,1,1,9,N,N
ACC-10008428,811,0,1,1,1,1,0,0,1,1,0,0,N,N
ACC-10008429,711,0,0,0,0,6,1,0,0,3,0,0,N,N
ACC-10008430,727,0,0,3,0,3,0,0,6,6,0,0,N,N
ACC-10008431,865,0,1,2,1,3,0,0,2,3,0,0,N,N
ACC-10008432,788,0,0,1,0,1,0,0,1,2,0,0,N,N
ACC-10008433,831,0,1,0,1,0,0,0,2,2,0,0,N,T
ACC-10008434,869,0,0,1,0,4,0,0,1,1,0,0,N,N
ACC-10008435,811,0,1,1,1,1,0,0,2,2,0,0,N,N
ACC-10008436,739,0,0,2,0,2,0,0,2,2,0,0,N,N
ACC-10008437,884,0,0,0,0,5,1,0,0,2,0,0,N,N
ACC-10008438,827,0,0,1,0,3,0,0,1,1,0,0,N,N
ACC-10008439,702,1,1,0,D,1,1,2,0,1,1,2,N,N
ACC-10008440,874,0,0,0,0,4,1,0,0,0,0,0,N,N
ACC-10008441,734,0,0,0,0,2,0,0,0,1,0,0,N,N
ACC-10008442,748,0,0,1,0,3,1,0,1,2,0,0,N,T
ACC-10008443,811,0,0,1,0,1,0,0,3,6,0,0,N,N
ACC-10008444,817,0,1,2,1,2,0,0,2,2,0,0,N,N
ACC-10008445,790,0,1,3,1,4,0,0,3,3,0,0,N,N
ACC-10008446,925,0,0,0,0,4,0,0,0,1,0,0,N,N
ACC-10008447,924,0,0,0,0,3,1,0,0,0,0,0,N,N
ACC-10008448,703,1,2,2,D,2,1,1,2,3,1,3,N,N
ACC-10008449,868,0,0,1,0,5,0,0,1,1,0,0,N,N
ACC-10008450,840,0,1,0,1,3,0,0,0,1,0,0,N,N
ACC-10008451,903,0,1,0,1,1,0,0,0,1,0,0,N,N
ACC-10008452,808,0,0,4,0,5,0,0,4,6,0,0,N,N
ACC-10008453,759,0,1,2,1,2,1,0,2,2,0,0,N,N
ACC-10008454,802,0,0,2,0,4,0,0,2,2,0,0,N,N
ACC-10008455,800,0,1,1,1,5,0,0,1,3,0,0,N,N
ACC-10008456,759,0,1,1,3,2,0,1,1,1,0,0,N,N
ACC-10008457,752,1,1,0,D,1,0,1,0,0,1,8,N,N
ACC-10008458,801,0,0,0,0,2,0,0,0,1,1,7,N,N
ACC-10008459,898,0,0,1,0,4,1,0,1,2,0,0,N,N
ACC-10008460,767,0,0,4,0,6,0,0,4,6,0,0,N,N
ACC-10008461,886,0,1,0,1,3,0,0,0,0,0,0,N,N
ACC-10008462,762,0,0,0,0,4,0,0,0,2,0,0,N,N
ACC-10008463,759,0,0,1,0,1,0,0,2,3,0,0,N,N
ACC-10008464,848,0,0,0,0,1,0,0,0,0,0,0,N,N
ACC-10008465,774,1,1,0,D,9,1,1,0,1,1,2,N,N
ACC-10008466,857,0,1,1,1,1,0,0,1,3,0,0,N,N
ACC-10008467,745,0,1,2,3,6,1,1,2,2,0,0,N,N
ACC-10008468,811,0,1,2,1,3,0,0,2,3,0,0,N,N
ACC-10008469,908,0,0,1,0,2,0,0,1,1,0,0,N,N
ACC-10008470,801,0,1,1,3,5,0,1,1,2,0,0,N,N
ACC-10008471,782,1,1,0,D,1,0,1,0,1,1,15,N,N
ACC-10008472,892,0,0,1,0,3,0,0,1,3,0,0,N,N
ACC-10008473,658,1,2,1,D,7,1,1,1,1,1,4,N,T
ACC-10008474,683,1,1,1,D,3,0,1,1,3,1,8,N,N
ACC-10008475,864,0,0,1,0,3,0,0,1,4,0,0,N,N
ACC-10008476,813,0,1,1,1,3,1,0,1,2,0,0,N,N
ACC-10008477,830,0,1,1,1,5,1,0,1,2,0,0,N,N
ACC-10008478,747,1,1,1,D,1,0,1,2,4,1,25,N,N
ACC-10008479,885,0,0,0,0,4,2,0,0,1,0,0,N,N
ACC-10008480,807,0,1,1,1,4,0,0,1,2,0,0,N,T
ACC-10008481,742,0,0,1,0,1,0,0,2,3,0,0,N,N
ACC-10008482,915,0,0,0,0,3,1,0,0,2,0,0,N,N
ACC-10008483,803,0,1,1,1,2,0,0,1,2,0,0,N,N
ACC-10008484,823,0,0,2,0,4,0,0,2,3,0,0,N,N
ACC-10008485,824,0,0,2,0,2,1,0,3,3,0,0,N,N
ACC-10008486,829,0,0,0,0,2,0,0,0,3,0,0,N,N
ACC-10008487,884,0,0,1,0,2,0,0,1,1,0,0,N,N
ACC-10008488,769,0,1,3,1,5,0,0,3,5,0,0,N,N
ACC-10008489,824,0,0,2,0,3,0,0,2,3,0,0,N,N
ACC-10008490,810,0,0,1,0,6,0,0,1,1,0,0,N,N
ACC-10008491,937,0,0,0,0,3,0,0,0,0,0,0,N,T
ACC-10008492,775,0,0,0,0,1,0,0,0,0,0,0,N,T
ACC-10008493,838,0,0,1,0,2,0,0,1,1,0,0,N,N
ACC-10008494,867,0,0,0,0,3,0,0,0,1,0,0,N,N
ACC-10008495,771,0,1,0,1,2,0,0,0,0,0,0,N,N
ACC-10008496,823,0,2,2,3,5,0,2,2,3,0,0,N,N
ACC-10008497,866,0,1,1,1,1,0,0,1,1,0,0,N,N
ACC-10008498,731,0,0,3,0,5,0,0,3,5,0,0,N,N
ACC-10008499,883,0,0,1,0,4,0,0,1,2,0,0,N,N
ACC-10008500,862,0,1,0,1,3,0,0,0,0,0,0,N,N
ACC-10008501,780,0,0,2,0,2,0,0,2,2,0,0,N,T
ACC-10008502,820,0,0,0,0,2,0,0,0,0,0,0,N,N
ACC-10008503,885,0,0,0,0,4,1,0,0,0,0,0,N,N
ACC-10008504,809,1,1,1,D,3,0,1,1,1,1,3,N,N
ACC-10008505,859,0,1,2,1,2,1,0,2,3,0,0,N,N
ACC-10008506,848,0,0,2,0,2,0,0,2,3,0,0,N,N
ACC-10008507,866,0,1,0,3,3,0,1,0,0,0,0,N,N
ACC-10008508,756,0,0,1,0,5,1,0,1,1,0,0,N,N
ACC-10008509,825,0,0,2,0,4,0,0,2,3,0,0,N,N
ACC-10008510,769,0,1,3,1,3,0,0,3,3,0,0,N,N
ACC-10008511,704,1,1,2,D,2,0,1,3,3,1,19,N,N
ACC-10008512,628,1,1,5,D,7,0,1,5,5,1,15,N,N
ACC-10008513,795,0,0,1,0,4,0,0,1,2,0,0,N,N
ACC-10008514,761,0,0,1,0,7,1,0,1,1,0,0,N,N
ACC-10008515,751,0,0,1,0,4,0,0,1,3,0,0,N,N
ACC-10008516,742,1,1,0,D,4,1,1,0,1,1,12,N,N
ACC-10008517,938,0,0,0,0,3,0,0,0,2,0,0,N,N
ACC-10008518,866,0,0,1,0,2,0,0,1,1,0,0,N,N
ACC-10008519,837,0,0,1,0,4,0,0,1,2,0,0,N,N
ACC-10008520,813,0,0,3,0,3,0,0,3,3,0,0,N,N
ACC-10008521,818,0,0,2,0,4,1,0,2,2,0,0,N,N
ACC-10008522,843,0,0,1,0,3,0,0,1,1,0,0,N,N
ACC-10008523,814,0,0,1,0,4,1,0,1,1,0,0,N,N
ACC-10008524,920,0,0,1,0,3,0,0,1,1,0,0,N,N
ACC-10008525,853,0,1,0,1,3,0,0,0,1,0,0,N,N
ACC-10008526,896,0,1,1,1,3,0,0,1,3,0,0,N,N
ACC-10008527,744,1,1,1,D,3,0,1,1,1,1,16,N,N
ACC-10008528,793,0,0,2,0,4,1,0,2,3,0,0,N,N
ACC-10008529,678,0,1,2,1,4,0,0,2,5,0,0,N,N
ACC-10008530,819,0,1,2,1,2,1,0,2,3,0,0,N,N
ACC-10008531,861,0,0,0,0,4,0,0,0,0,0,0,N,N
ACC-10008532,815,0,0,1,0,3,2,0,1,2,0,0,N,N
ACC-10008533,778,0,0,1,0,1,0,0,1,2,0,0,N,N
ACC-10008534,852,0,0,1,0,5,1,0,1,4,0,0,N,N
ACC-10008535,814,1,1,1,D,2,1,1,1,2,1,19,N,N
ACC-10008536,868,0,0,2,0,7,0,0,2,4,0,0,N,N
ACC-10008537,712,1,1,1,D,4,0,1,1,4,1,5,N,T
ACC-10008538,866,0,0,0,0,2,1,0,0,0,0,0,N,N
ACC-10008539,852,0,0,0,0,1,0,0,0,0,0,0,N,N
ACC-10008540,848,0,0,0,0,2,0,0,0,1,0,0,N,N
ACC-10008541,785,0,0,1,0,3,0,0,1,2,0,0,N,T
ACC-10008542,773,0,0,1,0,2,0,0,1,3,0,0,N,N
ACC-10008543,853,0,0,2,0,4,0,0,2,3,0,0,N,T
ACC-10008544,745,0,1,2,1,2,0,0,2,3,0,0,N,N
ACC-10008545,695,0,1,1,1,2,0,0,1,1,0,0,N,N
ACC-10008546,833,0,0,2,0,2,0,0,3,4,1,2,N,N
ACC-10008547,894,0,0,1,0,1,0,0,1,1,0,0,N,N
ACC-10008548,841,0,0,1,0,3,0,0,1,2,0,0,N,N
ACC-10008549,802,1,1,1,D,3,0,1,1,2,1,21,N,N
ACC-10008550,745,0,0,0,N,0,0,0,1,2,0,0,N,N
ACC-10008551,846,0,0,4,0,4,0,0,5,5,0,0,N,N
ACC-10008552,928,0,0,0,0,1,0,0,0,1,0,0,N,N
ACC-10008553,803,0,0,2,0,2,1,0,5,5,0,0,N,N
ACC-10008554,815,0,0,1,0,1,1,0,2,2,0,0,N,N
ACC-10008555,827,0,0,0,0,4,2,0,0,0,0,0,N,T
ACC-10008556,841,0,0,2,0,6,1,0,2,2,0,0,N,N
ACC-10008557,851,0,0,1,0,2,0,0,1,3,0,0,N,N
ACC-10008558,732,1,3,2,D,2,0,2,2,2,1,1,N,N
ACC-10008559,789,0,0,3,0,5,3,0,3,3,0,0,N,N
ACC-10008560,745,0,1,1,1,2,0,0,1,3,0,0,N,N
ACC-10008561,864,0,0,2,0,3,1,0,2,2,0,0,N,N
ACC-10008562,845,0,0,0,0,2,0,0,0,2,0,0,N,N
ACC-10008563,751,0,1,1,1,5,0,0,1,1,0,0,N,N
ACC-10008564,821,0,0,2,0,8,0,0,2,2,0,0,N,N
ACC-10008565,732,1,1,0,D,0,0,2,2,2,1,3,N,T
ACC-10008566,871,0,0,1,0,9,0,0,1,2,0,0,N,N
ACC-10008567,942,0,0,2,0,5,1,0,2,2,0,0,N,N
ACC-10008568,824,0,0,0,N,0,0,0,0,1,0,0,N,N
ACC-10008569,842,0,0,1,0,1,0,0,1,1,0,0,N,N
ACC-10008570,826,0,0,1,0,3,0,0,1,3,0,0,N,N
ACC-10008571,842,0,2,0,1,4,0,0,0,1,0,0,N,N
ACC-10008572,881,0,1,1,1,1,0,0,3,3,0,0,N,N
ACC-10008573,837,0,0,3,0,4,0,0,3,4,0,0,N,N
ACC-10008574,759,1,2,0,D,4,0,1,0,1,1,12,N,N
ACC-10008575,769,0,1,1,1,1,0,0,2,3,0,0,N,N
ACC-10008576,903,0,0,2,0,5,0,0,2,2,0,0,N,N
ACC-10008577,784,0,0,1,0,3,1,0,1,1,0,0,N,N
ACC-10008578,814,0,0,1,0,1,0,0,1,1,0,0,N,N
ACC-10008579,771,0,1,3,1,3,1,0,3,4,0,0,N,T
ACC-10008580,876,1,1,1,D,1,0,1,4,5,1,8,N,N
ACC-10008581,811,0,0,2,0,5,0,0,2,3,0,0,N,N
ACC-10008582,787,0,1,2,1,4,0,0,2,2,0,0,N,N
ACC-10008583,873,0,0,0,0,3,0,0,0,0,0,0,N,N
ACC-10008584,818,0,0,1,0,3,0,0,1,1,0,0,N,N
ACC-10008585,879,0,1,0,1,5,1,0,0,1,0,0,N,N
ACC-10008586,764,0,0,1,0,2,0,0,1,2,0,0,N,N
ACC-10008587,902,0,0,0,0,2,0,0,0,1,0,0,N,N
ACC-10008588,734,0,1,2,1,2,0,0,3,4,0,0,N,N
ACC-10008589,869,0,0,1,0,5,0,0,1,3,0,0,N,N
ACC-10008590,818,0,1,3,1,5,1,0,3,3,0,0,N,N
ACC-10008591,744,0,1,0,1,2,0,0,0,2,0,0,N,N
ACC-10008592,814,1,1,0,D,4,0,1,0,1,1,7,N,N
ACC-10008593,841,0,0,0,0,6,0,0,0,0,0,0,N,N
ACC-10008594,849,1,2,0,D,5,0,1,0,2,1,14,N,N
ACC-10008595,833,0,0,0,0,7,0,0,0,1,0,0,N,N
ACC-10008596,856,0,2,2,1,4,0,0,2,3,0,0,N,N
ACC-10008597,776,0,0,0,0,2,1,0,0,1,0,0,N,T
ACC-10008598,820,0,1,0,3,3,0,1,0,1,0,0,N,N
ACC-10008599,862,0,0,1,0,2,0,0,1,1,0,0,N,N
ACC-10008600,767,0,1,0,1,1,0,0,0,1,0,0,N,N
ACC-10008601,835,0,0,0,0,1,1,0,0,1,0,0,N,T
ACC-10008602,905,0,0,1,0,2,0,0,1,1,0,0,N,N
ACC-10008603,827,0,1,1,1,3,0,0,1,2,0,0,N,N
ACC-10008604,779,0,1,0,1,7,2,0,0,0,0,0,N,N
ACC-10008605,653,1,2,4,D,5,1,2,4,4,1,4,N,N
ACC-10008606,794,0,0,2,0,2,0,0,3,4,0,0,N,N
ACC-10008607,770,0,1,1,3,2,0,1,1,1,0,0,N,N
ACC-10008608,707,0,0,0,0,1,0,0,0,0,0,0,N,T
ACC-10008609,764,0,0,1,0,1,0,0,2,3,0,0,N,N
ACC-10008610,723,0,1,1,1,8,1,0,1,1,0,0,N,N
ACC-10008611,781,0,0,0,0,2,1,0,0,2,0,0,N,N
ACC-10008612,687,1,1,0,D,4,0,1,0,2,1,5,N,N
ACC-10008613,833,0,0,2,0,4,0,0,2,2,0,0,N,N
ACC-10008614,808,0,1,1,1,1,0,0,1,1,0,0,N,N
ACC-10008615,847,0,0,2,0,4,0,0,2,3,0,0,N,N
ACC-10008616,804,0,0,2,0,3,0,0,2,2,0,0,N,N
ACC-10008617,818,0,0,3,0,5,0,0,3,4,0,0,N,N
ACC-10008618,850,0,0,0,N,0,0,0,2,2,0,0,N,N
ACC-10008619,732,1,1,2,D,7,0,1,2,3,1,11,N,N
ACC-10008620,884,0,0,0,0,2,0,0,0,0,1,15,N,N
ACC-10008621,814,0,0,3,0,3,1,0,3,4,0,0,N,N
ACC-10008622,848,0,1,0,1,2,0,0,0,1,0,0,N,N
ACC-10008623,858,0,1,2,1,2,0,0,2,2,0,0,N,N
ACC-10008624,849,0,0,0,0,2,0,0,0,1,0,0,N,N
ACC-10008625,835,0,0,0,0,6,0,0,0,1,0,0,N,N
ACC-10008626,827,0,0,2,0,3,1,0,2,3,0,0,N,N
ACC-10008627,760,0,0,0,0,4,1,0,0,0,0,0,N,N
ACC-10008628,844,0,1,1,1,3,0,0,1,2,0,0,N,T
ACC-10008629,762,0,1,2,1,4,1,0,2,3,0,0,N,N
ACC-10008630,844,0,0,0,0,2,1,0,0,1,0,0,N,N
ACC-10008631,839,0,0,0,0,4,0,0,0,1,0,0,N,N
ACC-10008632,724,0,0,0,0,5,2,0,0,1,0,0,N,N
ACC-10008633,896,0,0,0,0,6,0,0,0,0,0,0,N,N
ACC-10008634,827,0,0,2,0,2,0,0,2,3,0,0,N,N
ACC-10008635,855,0,0,3,0,6,0,0,3,5,0,0,N,N
ACC-10008636,780,0,0,1,0,3,1,0,1,1,0,0,N,N
ACC-10008637,825,0,0,2,0,3,0,0,2,2,0,0,N,N
ACC-10008638,801,0,1,3,1,4,0,0,3,4,0,0,N,N
ACC-10008639,839,0,1,0,1,2,1,0,0,2,0,0,N,N
ACC-10008640,883,0,0,0,0,4,0,0,0,2,0,0,N,N
ACC-10008641,907,0,1,1,1,1,0,0,1,3,0,0,N,N
ACC-10008642,853,0,0,2,0,8,2,0,2,4,0,0,N,N
ACC-10008643,822,0,0,2,0,5,0,0,2,3,0,0,N,N
ACC-10008644,742,0,2,3,1,4,0,0,3,4,0,0,N,N
ACC-10008645,723,0,0,0,0,3,1,0,0,2,0,0,N,T
ACC-10008646,864,0,1,0,1,4,0,0,0,2,0,0,N,N
ACC-10008647,822,0,0,0,0,6,0,0,0,1,0,0,N,N
ACC-10008648,862,0,0,0,N,0,0,0,1,3,1,7,N,N
ACC-10008649,855,0,0,1,0,5,2,0,1,2,0,0,N,N
ACC-10008650,757,1,1,3,D,3,0,1,3,3,1,5,N,N
ACC-10008651,827,0,0,0,N,0,0,0,0,1,0,0,N,N
ACC-10008652,875,0,0,0,0,1,0,0,0,0,0,0,N,N
ACC-10008653,809,0,0,1,0,1,0,0,2,2,0,0,N,N
ACC-10008654,822,0,0,1,0,1,0,0,2,2,0,0,N,N
ACC-10008655,830,0,0,0,0,6,0,0,0,1,0,0,N,N
ACC-10008656,768,0,1,1,1,1,0,0,1,1,0,0,N,N
ACC-10008657,736,1,1,2,D,3,0,1,2,4,1,33,N,N
ACC-10008658,874,0,0,0,0,1,0,0,0,1,0,0,N,N
ACC-10008659,885,0,1,2,1,3,0,0,2,2,0,0,N,N
ACC-10008660,829,0,0,0,0,1,0,0,0,0,0,0,N,N
ACC-10008661,827,0,1,0,1,2,0,0,0,2,0,0,N,N
ACC-10008662,818,0,0,2,0,3,0,0,2,4,0,0,N,N
ACC-10008663,839,0,0,1,0,3,0,0,1,1,0,0,N,T
ACC-10008664,718,0,2,0,3,5,0,2,0,1,0,0,N,T
ACC-10008665,834,0,0,1,0,3,0,0,1,2,0,0,N,N
ACC-10008666,654,1,1,0,D,0,0,1,0,0,1,6,N,N
ACC-10008667,881,0,0,1,0,1,0,0,1,1,0,0,N,N
ACC-10008668,939,0,0,1,0,4,0,0,1,1,0,0,N,N
ACC-10008669,807,0,0,0,N,0,0,0,2,2,0,0,N,T
ACC-10008670,828,0,0,1,0,4,0,0,1,1,0,0,N,N
ACC-10008671,895,0,0,1,0,4,3,0,1,1,0,0,N,N
ACC-10008672,787,0,1,1,1,3,1,0,1,2,0,0,N,T
ACC-10008673,840,0,0,2,0,3,0,0,2,3,0,0,N,N
ACC-10008674,907,0,0,0,0,4,0,0,0,1,0,0,N,N
ACC-10008675,871,0,0,0,0,5,2,0,0,0,0,0,N,N
ACC-10008676,747,2,2,0,D,4,1,3,0,0,2,24,Y,N
ACC-10008677,857,0,1,1,3,5,1,1,1,1,0,0,N,N
ACC-10008678,890,0,0,1,0,1,0,0,2,3,0,0,N,N
ACC-10008679,743,1,1,2,D,7,1,1,2,2,1,7,N,N
ACC-10008680,845,0,0,0,0,1,0,0,0,1,0,0,N,N
ACC-10008681,847,0,0,0,0,8,3,0,0,0,0,0,N,N
ACC-10008682,790,0,0,3,0,7,0,0,3,3,0,0,N,N
ACC-10008683,880,0,0,2,0,2,0,0,4,5,0,0,N,N
ACC-10008684,775,0,0,0,N,0,0,0,2,3,0,0,N,N
ACC-10008685,854,1,2,1,D,2,0,3,1,1,2,3,N,N
ACC-10008686,724,0,1,2,1,3,0,0,2,2,0,0,N,N
ACC-10008687,760,0,0,0,N,0,0,0,1,1,0,0,N,N
ACC-10008688,747,1,1,0,D,1,0,1,0,1,1,8,N,T
ACC-10008689,905,0,0,0,0,3,1,0,0,0,0,0,N,N
ACC-10008690,794,1,1,0,D,6,0,1,0,0,1,5,N,T
ACC-10008691,787,0,0,2,0,7,0,0,2,3,0,0,N,N
ACC-10008692,710,0,0,0,0,2,0,0,0,0,0,0,N,N
ACC-10008693,829,0,0,2,0,4,0,0,2,3,0,0,N,N
ACC-10008694,755,0,0,0,N,0,0,0,1,1,0,0,N,N
ACC-10008695,919,0,0,1,0,5,0,0,1,3,0,0,N,N
ACC-10008696,909,0,0,0,0,6,0,0,0,1,0,0,N,N
ACC-10008697,841,0,1,2,1,3,0,0,2,2,0,0,N,N
ACC-10008698,754,0,0,0,0,4,1,0,0,0,0,0,N,N
ACC-10008699,861,1,1,0,D,4,0,1,0,0,1,2,N,N
ACC-10008700,864,0,0,1,0,1,1,0,1,2,0,0,N,N
ACC-10008701,802,0,2,0,1,2,0,0,0,0,0,0,N,N
ACC-10008702,875,0,1,0,3,2,0,1,0,0,0,0,N,N
ACC-10008703,878,0,0,0,0,5,1,0,0,0,0,0,N,N
ACC-10008704,839,0,0,0,0,1,0,0,0,0,0,0,N,N
ACC-10008705,788,0,0,0,0,3,2,0,0,0,0,0,N,N
ACC-10008706,857,0,0,1,0,2,0,0,1,3,0,0,N,N
ACC-10008707,821,0,0,2,0,3,0,0,2,3,0,0,N,N
ACC-10008708,711,1,2,2,D,4,0,2,2,3,1,23,N,N
ACC-10008709,868,0,0,1,0,4,0,0,1,1,0,0,N,N
ACC-10008710,859,0,1,2,1,4,0,0,2,2,0,0,N,N
ACC-10008711,807,0,0,2,0,3,0,0,2,2,0,0,N,N
ACC-10008712,864,0,1,2,1,3,1,0,2,2,0,0,N,N
ACC-10008713,842,0,0,0,0,4,0,0,0,0,0,0,N,N
ACC-10008714,650,1,2,1,D,1,0,2,4,6,1,10,N,N
ACC-10008715,861,0,0,0,0,1,0,0,0,2,0,0,N,N
ACC-10008716,925,0,0,1,0,4,1,0,1,2,0,0,N,N
ACC-10008717,877,0,0,1,0,5,0,0,1,2,0,0,N,N
ACC-10008718,845,0,0,3,0,3,0,0,3,4,0,0,N,N
ACC-10008719,836,1,1,0,D,3,0,2,0,0,1,8,N,N
ACC-10008720,742,1,1,1,D,3,1,2,1,2,1,6,N,T
ACC-10008721,873,0,0,2,0,4,0,0,2,2,0,0,N,N
ACC-10008722,915,0,0,2,0,4,0,0,2,2,0,0,N,N
ACC-10008723,912,0,0,1,0,4,0,0,1,2,0,0,N,N
ACC-10008724,821,0,0,2,0,4,0,0,2,3,0,0,N,N
ACC-10008725,925,0,0,0,N,0,0,0,1,1,0,0,N,N
ACC-10008726,924,0,0,0,0,3,0,0,0,0,0,0,N,N
ACC-10008727,767,0,0,0,N,0,0,0,1,1,0,0,N,N
ACC-10008728,791,0,0,0,0,2,1,0,0,0,0,0,N,N
ACC-10008729,871,0,0,0,0,4,1,0,0,1,0,0,N,N
ACC-10008730,745,0,0,3,0,4,2,0,3,4,0,0,N,T
ACC-10008731,864,0,1,0,1,4,2,0,0,0,0,0,N,N
ACC-10008732,713,0,3,1,3,5,1,1,1,2,0,0,N,N
ACC-10008733,713,0,0,2,0,2,0,0,4,4,0,0,N,N
ACC-10008734,842,0,0,0,0,3,0,0,0,0,0,0,N,N
ACC-10008735,820,0,2,1,1,1,0,0,2,2,0,0,N,T
ACC-10008736,802,0,1,0,1,2,0,0,0,1,0,0,N,N
ACC-10008737,760,0,0,3,0,4,0,0,3,4,0,0,N,N
ACC-10008738,780,0,2,1,1,3,1,0,1,1,0,0,N,N
ACC-10008739,838,0,1,1,1,2,0,0,1,2,0,0,N,N
ACC-10008740,833,0,1,1,1,3,2,0,1,1,0,0,N,N
ACC-10008741,919,0,1,2,1,2,0,0,3,3,0,0,N,N
ACC-10008742,776,1,1,0,D,1,0,1,0,1,1,3,N,N
ACC-10008743,826,0,0,0,0,7,1,0,0,0,0,0,N,N
ACC-10008744,916,0,0,0,N,0,0,0,0,0,0,0,N,N
ACC-10008745,839,0,0,0,0,2,0,0,0,0,0,0,N,T
ACC-10008746,699,0,1,2,1,2,0,0,2,2,0,0,N,N
ACC-10008747,719,0,1,1,1,1,0,0,1,1,0,0,N,T
ACC-10008748,929,0,0,0,0,5,1,0,0,1,0,0,N,N
ACC-10008749,768,0,1,3,1,5,2,0,3,3,0,0,N,N
ACC-10008750,711,0,0,2,0,2,1,0,3,4,0,0,N,T
ACC-10008751,822,0,0,1,0,3,1,0,1,4,1,45,N,N
ACC-10008752,794,0,0,0,N,0,0,0,3,3,0,0,N,N
ACC-10008753,913,0,0,1,0,2,0,0,1,2,0,0,N,N
ACC-10008754,685,1,1,1,D,5,1,1,1,1,1,22,N,N
ACC-10008755,832,0,1,1,1,3,0,0,1,2,0,0,N,N
ACC-10008756,770,0,0,1,0,3,0,0,1,1,0,0,N,N
ACC-10008757,776,0,2,2,3,6,0,1,2,3,0,0,N,T
ACC-10008758,765,0,0,1,0,3,0,0,1,2,0,0,N,N
ACC-10008759,918,0,0,0,0,5,0,0,0,3,0,0,N,N
ACC-10008760,830,0,0,0,0,3,0,0,0,3,0,0,N,N
ACC-10008761,809,0,0,2,0,2,0,0,3,4,0,0,N,N
ACC-10008762,745,0,1,2,1,6,0,0,2,3,0,0,N,N
ACC-10008763,893,0,0,0,0,6,0,0,0,1,0,0,N,N
ACC-10008764,715,1,1,2,D,2,1,2,2,3,1,3,N,N
ACC-10008765,789,0,0,0,0,4,0,0,0,1,0,0,N,N
ACC-10008766,870,0,0,1,0,1,0,0,1,1,0,0,N,N
ACC-10008767,841,0,0,1,0,5,0,0,1,1,0,0,N,N
ACC-10008768,728,0,0,2,0,2,0,0,2,3,0,0,N,N
ACC-10008769,849,0,0,2,0,4,1,0,2,3,0,0,N,N
ACC-10008770,999,0,0,0,0,3,0,0,0,1,0,0,N,N
ACC-10008771,984,0,0,1,0,4,1,0,1,2,0,0,N,N
ACC-10008772,888,0,0,0,0,2,0,0,0,0,0,0,N,N
ACC-10008773,794,0,0,1,0,1,0,0,2,2,0,0,N,N
ACC-10008774,837,0,0,1,0,7,0,0,1,1,0,0,N,N
ACC-10008775,840,0,0,1,0,2,0,0,1,3,0,0,N,N
ACC-10008776,904,0,0,1,0,1,0,0,1,1,0,0,N,N
ACC-10008777,678,1,1,2,D,6,0,1,2,4,1,22,N,N
ACC-10008778,765,0,0,3,0,3,1,0,3,5,0,0,N,N
ACC-10008779,774,0,1,3,3,5,0,1,3,5,0,0,N,N
ACC-10008780,746,1,1,2,D,4,0,1,2,3,1,11,N,N
ACC-10008781,900,0,0,0,0,4,0,0,0,1,0,0,N,N
ACC-10008782,841,0,0,0,0,2,0,0,0,2,0,0,N,N
ACC-10008783,772,0,0,1,0,2,0,0,1,2,0,0,N,N
ACC-10008784,853,0,0,0,0,5,0,0,0,2,0,0,N,N
ACC-10008785,921,0,0,1,0,1,0,0,1,1,0,0,N,N
ACC-10008786,797,0,1,1,1,3,1,0,1,1,0,0,N,N
ACC-10008787,786,0,0,4,0,4,0,0,4,5,0,0,N,N
ACC-10008788,849,0,0,1,0,2,0,0,1,1,0,0,N,N
ACC-10008789,737,0,0,2,0,2,0,0,3,5,0,0,N,N
ACC-10008790,814,0,1,1,1,2,0,0,1,2,0,0,N,N
ACC-10008791,833,0,1,1,1,3,0,0,1,2,0,0,N,N
ACC-10008792,729,0,1,3,1,3,0,0,3,3,0,0,N,N
ACC-10008793,879,0,0,1,0,6,0,0,1,1,0,0,N,N
ACC-10008794,924,0,0,0,0,2,0,0,0,1,0,0,N,N
ACC-10008795,787,0,1,1,1,1,0,0,6,6,0,0,N,N
ACC-10008796,822,0,0,2,0,3,0,0,2,3,0,0,N,N
ACC-10008797,837,1,2,0,D,4,0,1,0,2,1,54,N,N
ACC-10008798,687,1,2,0,D,4,2,2,0,1,1,4,N,N
ACC-10008799,846,0,0,0,N,0,0,0,1,1,0,0,N,N
ACC-10008800,890,0,1,1,3,3,0,1,1,1,0,0,N,T
ACC-10008801,843,0,1,1,1,3,1,0,1,3,0,0,N,N
ACC-10008802,913,0,0,0,0,2,0,0,0,1,0,0,N,N
ACC-10008803,776,0,0,2,0,2,0,0,2,3,0,0,N,N
ACC-10008804,729,0,0,2,0,2,1,0,3,3,0,0,N,N
ACC-10008805,947,0,0,0,0,8,0,0,0,1,0,0,N,N
ACC-10008806,906,0,0,0,0,1,0,0,0,2,0,0,N,N
ACC-10008807,794,0,2,1,1,2,0,0,1,1,0,0,N,N
ACC-10008808,957,0,0,0,N,0,0,0,1,1,0,0,N,N
ACC-10008809,943,0,0,1,0,2,0,0,1,2,0,0,N,N
ACC-10008810,792,0,0,1,0,2,0,0,1,2,0,0,N,T
ACC-10008811,829,0,0,1,0,1,0,0,2,2,0,0,N,N
ACC-10008812,799,0,0,2,0,2,0,0,3,4,0,0,N,N
ACC-10008813,818,0,0,2,0,3,1,0,2,2,0,0,N,T
ACC-10008814,718,1,1,1,D,1,0,1,3,3,1,9,N,N
ACC-10008815,892,0,0,1,0,4,0,0,1,1,0,0,N,N
ACC-10008816,821,0,0,0,0,2,1,0,0,2,0,0,N,N
ACC-10008817,838,0,0,0,0,3,0,0,0,0,0,0,N,N
ACC-10008818,812,0,0,1,0,1,1,0,1,2,0,0,N,N
ACC-10008819,909,0,0,1,0,2,1,0,1,2,0,0,N,N
ACC-10008820,865,0,0,0,0,4,0,0,0,3,0,0,N,N
ACC-10008821,746,1,1,1,D,4,0,1,1,2,1,5,N,N
ACC-10008822,828,1,1,0,D,5,0,1,0,1,1,8,N,N
ACC-10008823,819,0,1,1,1,4,1,0,1,1,0,0,N,N
ACC-10008824,636,1,1,3,D,3,1,1,3,3,1,2,N,T
ACC-10008825,814,0,0,1,0,4,1,0,1,3,0,0,N,N
ACC-10008826,826,0,0,1,0,2,0,0,1,1,0,0,N,N
ACC-10008827,795,0,0,1,0,4,2,0,1,2,0,0,N,N
ACC-10008828,901,0,0,0,N,0,0,0,2,3,0,0,N,N
ACC-10008829,760,0,0,2,0,4,0,0,2,2,0,0,N,N
ACC-10008830,799,0,0,2,0,2,2,0,2,4,0,0,N,N
ACC-10008831,747,0,0,2,0,2,1,0,2,3,0,0,N,N
ACC-10008832,897,0,0,0,0,2,0,0,0,1,0,0,N,N
ACC-10008833,861,0,0,2,0,3,0,0,2,3,0,0,N,N
ACC-10008834,812,0,0,1,0,1,0,0,2,4,0,0,N,N
ACC-10008835,844,0,0,1,0,1,0,0,1,1,0,0,N,N
ACC-10008836,795,0,0,2,0,2,2,0,2,2,0,0,N,N
ACC-10008837,796,0,0,1,0,2,0,0,1,3,0,0,N,N
ACC-10008838,858,0,1,0,3,4,1,1,0,0,0,0,N,N
ACC-10008839,827,0,0,1,0,1,0,0,3,3,0,0,N,N
ACC-10008840,796,0,1,3,3,4,0,1,3,3,0,0,N,N
ACC-10008841,848,0,0,1,0,6,0,0,1,1,0,0,N,N
ACC-10008842,739,0,1,0,1,1,0,0,0,1,0,0,N,T
ACC-10008843,828,0,0,1,0,1,0,0,2,2,0,0,N,N
ACC-10008844,901,0,0,1,0,3,0,0,1,3,0,0,N,N
ACC-10008845,738,0,0,1,0,2,0,0,1,1,0,0,N,T
ACC-10008846,827,0,0,3,0,3,1,0,3,4,0,0,N,N
ACC-10008847,930,0,0,0,0,3,1,0,0,1,0,0,N,N
ACC-10008848,899,0,0,0,0,4,0,0,0,0,0,0,N,N
ACC-10008849,858,0,0,0,0,3,1,0,0,1,0,0,N,N
ACC-10008850,871,0,0,1,0,3,0,0,1,1,0,0,N,N
ACC-10008851,832,0,0,0,0,1,0,0,0,1,0,0,N,N
ACC-10008852,739,0,0,2,0,4,1,0,2,4,0,0,N,N
ACC-10008853,815,0,0,2,0,4,0,0,2,2,0,0,N,N
ACC-10008854,800,0,1,2,1,5,0,0,2,3,0,0,N,N
ACC-10008855,866,0,1,1,1,1,1,0,2,3,0,0,N,N
ACC-10008856,819,0,0,0,0,1,0,0,0,0,0,0,N,N
ACC-10008857,797,0,0,2,0,2,0,0,2,2,0,0,N,T
ACC-10008858,858,0,0,0,N,0,0,0,0,0,0,0,N,N
ACC-10008859,738,0,0,1,0,7,3,0,1,1,0,0,N,N
ACC-10008860,815,0,0,1,0,3,2,0,1,1,0,0,N,N
ACC-10008861,816,0,0,1,0,4,1,0,1,2,0,0,N,T
ACC-10008862,841,0,0,1,0,5,0,0,1,2,0,0,N,N
ACC-10008863,855,0,0,1,0,4,1,0,1,2,0,0,N,N
ACC-10008864,769,0,0,3,0,4,0,0,3,4,0,0,N,N
ACC-10008865,779,0,0,1,0,4,0,0,1,1,0,0,N,T
ACC-10008866,842,0,0,0,0,6,1,0,0,1,0,0,N,N
ACC-10008867,881,0,0,0,0,2,0,0,0,0,0,0,N,N
ACC-10008868,945,0,0,2,0,5,0,0,2,3,0,0,N,N
ACC-10008869,801,0,0,1,0,7,0,0,1,3,0,0,N,N
ACC-10008870,891,0,0,1,0,1,0,0,1,2,0,0,N,N
ACC-10008871,843,0,0,0,0,3,0,0,0,1,0,0,N,N
ACC-10008872,881,0,1,2,1,2,0,0,2,4,0,0,N,N
ACC-10008873,857,0,0,1,0,8,0,0,1,3,0,0,N,N
ACC-10008874,774,0,0,1,0,3,0,0,1,2,0,0,N,T
ACC-10008875,948,0,0,1,0,7,0,0,1,1,1,7,N,N
ACC-10008876,872,0,1,2,1,4,0,0,2,3,0,0,N,N
ACC-10008877,851,0,0,2,0,3,0,0,2,2,0,0,N,N
ACC-10008878,779,1,1,0,D,3,1,1,0,1,1,6,N,N
ACC-10008879,618,1,2,3,D,6,0,1,3,6,1,3,N,N
ACC-10008880,853,0,0,0,0,6,1,0,0,0,0,0,N,T
ACC-10008881,860,0,0,1,0,4,1,0,1,3,0,0,N,N
ACC-10008882,822,0,0,2,0,4,0,0,2,3,0,0,N,N
ACC-10008883,790,0,0,1,0,3,0,0,1,2,0,0,N,N
ACC-10008884,877,0,0,0,0,5,0,0,0,1,0,0,N,N
ACC-10008885,838,0,0,0,0,3,1,0,0,0,0,0,N,N
ACC-10008886,889,0,0,0,0,5,0,0,0,1,0,0,N,N
ACC-10008887,804,0,0,1,0,2,0,0,1,1,0,0,N,N
ACC-10008888,857,0,0,1,0,5,0,0,1,4,0,0,N,N
ACC-10008889,734,0,0,0,N,0,0,0,1,3,0,0,N,T
ACC-10008890,823,0,0,1,0,1,0,0,4,4,0,0,N,N
ACC-10008891,830,0,1,1,1,3,0,0,1,3,0,0,N,N
ACC-10008892,776,0,1,3,1,4,0,0,3,3,0,0,N,N
ACC-10008893,762,0,0,1,0,2,0,0,1,1,0,0,N,N
ACC-10008894,933,0,0,0,0,5,2,0,0,0,0,0,N,N
ACC-10008895,812,0,0,2,0,2,0,0,2,3,0,0,N,N
ACC-10008896,850,0,0,0,0,1,0,0,0,1,0,0,N,N
ACC-10008897,818,0,1,2,1,3,1,0,2,3,0,0,N,N
ACC-10008898,683,0,2,1,1,2,1,0,1,1,0,0,N,N
ACC-10008899,804,1,1,0,D,3,0,1,0,0,1,58,N,N
ACC-10008900,776,1,2,2,D,4,1,2,2,2,1,9,N,N
ACC-10008901,788,0,1,1,1,3,0,0,1,1,0,0,N,N
ACC-10008902,675,0,0,3,0,3,1,0,3,3,0,0,N,T
ACC-10008903,794,0,1,1,1,3,1,0,1,4,0,0,N,N
ACC-10008904,781,0,0,2,0,2,0,0,2,2,0,0,N,N
ACC-10008905,794,0,1,1,3,4,0,1,1,2,0,0,N,N
ACC-10008906,753,0,0,0,N,0,0,0,3,4,0,0,N,N
ACC-10008907,777,0,0,2,0,3,0,0,2,2,0,0,N,N
ACC-10008908,769,0,0,2,0,2,0,0,2,3,0,0,N,N
ACC-10008909,847,0,0,3,0,3,0,0,3,5,0,0,N,N
ACC-10008910,729,0,1,1,1,4,0,0,1,1,0,0,N,N
ACC-10008911,945,0,0,1,0,2,0,0,1,1,0,0,N,N
ACC-10008912,874,0,0,0,0,2,0,0,0,0,0,0,N,N
ACC-10008913,837,0,0,2,0,3,1,0,2,4,0,0,N,N
ACC-10008914,912,0,0,2,0,3,0,0,2,4,0,0,N,N
ACC-10008915,806,0,0,2,0,2,0,0,3,4,0,0,N,N
ACC-10008916,778,0,0,4,0,5,0,0,4,4,0,0,N,N
ACC-10008917,900,0,1,0,3,7,0,1,0,1,0,0,N,N
ACC-10008918,900,0,0,1,0,4,0,0,1,2,0,0,N,N
ACC-10008919,737,0,0,6,0,7,0,0,6,7,0,0,N,N
ACC-10008920,863,0,1,2,1,3,1,0,2,2,0,0,N,N
ACC-10008921,781,1,1,1,D,1,0,2,1,2,1,17,N,N
ACC-10008922,782,1,1,1,D,6,2,1,1,1,1,3,N,N
ACC-10008923,804,0,2,1,1,1,0,0,2,2,0,0,N,N
ACC-10008924,749,1,1,0,D,0,0,1,2,3,1,6,N,T
ACC-10008925,740,0,0,0,0,4,0,0,0,3,0,0,N,N
ACC-10008926,872,0,0,0,0,2,0,0,0,0,0,0,N,N
ACC-10008927,770,1,1,1,D,3,0,1,1,2,1,7,N,N
ACC-10008928,810,0,1,1,3,3,2,1,1,2,0,0,N,N
ACC-10008929,831,0,0,3,0,3,0,0,3,4,0,0,N,N
ACC-10008930,806,1,1,1,D,4,0,2,1,2,1,3,N,N
ACC-10008931,657,1,2,2,D,2,1,1,2,5,1,6,N,T
ACC-10008932,838,0,0,1,0,1,0,0,1,4,0,0,N,N
ACC-10008933,675,1,3,2,D,3,1,2,2,3,1,1,N,N
ACC-10008934,881,0,0,3,0,5,1,0,3,4,0,0,N,N
ACC-10008935,859,0,1,0,1,3,0,0,0,1,0,0,N,N
ACC-10008936,750,1,1,3,D,8,0,1,3,5,1,22,N,N
ACC-10008937,900,0,0,0,0,3,0,0,0,0,0,0,N,T
ACC-10008938,981,0,0,0,0,3,0,0,0,0,0,0,N,N
ACC-10008939,804,0,1,0,1,3,0,0,0,0,0,0,N,N
ACC-10008940,804,0,0,1,0,1,0,0,4,5,0,0,N,N
ACC-10008941,868,1,1,1,D,1,0,1,2,2,1,2,N,N
ACC-10008942,732,0,0,1,0,5,1,0,1,1,0,0,N,T
ACC-10008943,811,0,0,3,0,3,1,0,3,4,0,0,N,N
ACC-10008944,879,1,1,1,D,6,0,1,1,1,1,2,N,N
ACC-10008945,802,0,1,1,1,7,1,0,1,2,0,0,N,N
ACC-10008946,794,0,0,2,0,4,0,0,2,2,0,0,N,N
ACC-10008947,838,0,0,1,0,4,0,0,1,3,1,45,N,N
ACC-10008948,778,0,0,2,0,4,0,0,2,2,0,0,N,N
ACC-10008949,778,1,1,0,D,8,0,1,0,0,1,8,N,N
ACC-10008950,847,0,0,0,0,6,0,0,0,0,0,0,N,N
ACC-10008951,816,0,0,1,0,4,0,0,1,1,0,0,N,N
ACC-10008952,800,0,0,2,0,2,0,0,2,2,0,0,N,N
ACC-10008953,759,0,1,2,1,2,1,0,3,4,0,0,N,N
ACC-10008954,781,1,1,0,D,5,0,1,0,2,1,5,N,N
ACC-10008955,769,0,0,0,N,0,0,0,1,2,0,0,N,N
ACC-10008956,847,0,0,1,0,5,0,0,1,1,0,0,N,N
ACC-10008957,771,0,0,3,0,3,0,0,3,4,0,0,N,N
ACC-10008958,750,0,0,4,0,4,0,0,4,4,0,0,N,N
ACC-10008959,783,0,0,1,0,1,0,0,3,4,0,0,N,N
ACC-10008960,853,0,0,1,0,5,1,0,1,1,0,0,N,N
ACC-10008961,838,0,0,1,0,4,1,0,1,1,0,0,N,N
ACC-10008962,777,0,0,1,0,3,0,0,1,2,0,0,N,N
ACC-10008963,782,0,0,2,0,2,0,0,3,3,0,0,N,N
ACC-10008964,874,0,0,0,0,2,1,0,0,3,0,0,N,N
ACC-10008965,834,0,0,0,0,2,1,0,0,0,0,0,N,N
ACC-10008966,834,0,1,1,1,5,0,0,1,1,0,0,N,N
ACC-10008967,753,0,1,2,1,2,1,0,3,5,0,0,N,N
ACC-10008968,795,0,0,2,0,3,0,0,2,3,0,0,N,N
ACC-10008969,859,0,0,1,0,6,1,0,1,1,0,0,N,N
ACC-10008970,911,0,0,1,0,2,0,0,1,1,0,0,N,N
ACC-10008971,906,0,0,0,0,2,0,0,0,1,0,0,N,N
ACC-10008972,798,0,1,2,1,3,0,0,2,5,0,0,N,N
ACC-10008973,712,1,1,1,D,3,0,2,1,2,1,9,N,N
ACC-10008974,874,0,0,2,0,4,2,0,2,2,0,0,N,N
ACC-10008975,806,0,0,1,0,2,0,0,1,1,0,0,N,N
ACC-10008976,788,0,0,2,0,5,0,0,2,2,0,0,N,N
ACC-10008977,750,0,0,1,0,1,0,0,1,1,0,0,N,N
ACC-10008978,727,0,1,1,1,2,0,0,1,1,0,0,N,N
ACC-10008979,812,0,0,0,0,3,1,0,0,0,0,0,N,T
ACC-10008980,842,1,1,1,D,3,1,1,1,1,1,6,N,N
ACC-10008981,773,0,0,1,0,4,0,0,1,1,0,0,N,N
ACC-10008982,949,0,0,0,0,1,0,0,0,1,0,0,N,N
ACC-10008983,849,0,0,1,0,1,0,0,1,2,0,0,N,N
ACC-10008984,864,0,0,2,0,5,2,0,2,2,0,0,N,N
ACC-10008985,793,0,1,0,3,3,1,1,0,0,0,0,N,N
ACC-10008986,832,0,0,0,0,3,0,0,0,0,0,0,N,N
ACC-10008987,844,0,0,3,0,3,0,0,3,4,0,0,N,N
ACC-10008988,793,1,1,0,D,1,0,2,0,0,1,1,N,T
ACC-10008989,843,0,0,0,0,7,0,0,0,1,0,0,N,N
ACC-10008990,836,0,0,0,0,2,1,0,0,1,0,0,N,N
ACC-10008991,911,0,0,0,N,0,0,0,1,1,0,0,N,N
ACC-10008992,778,0,2,3,3,4,0,1,3,3,0,0,N,T
ACC-10008993,738,0,0,1,0,1,0,0,1,1,0,0,N,N
ACC-10008994,862,0,0,1,0,2,0,0,1,4,0,0,N,N
ACC-10008995,789,0,0,2,0,5,0,0,2,3,0,0,N,N
ACC-10008996,749,0,1,0,1,1,1,0,0,0,0,0,N,N
ACC-10008997,874,0,0,1,0,2,0,0,1,2,0,0,N,N
ACC-10008998,837,0,0,2,0,2,1,0,2,4,0,0,N,N
ACC-10008999,906,0,0,1,0,5,0,0,1,4,0,0,N,N
ACC-10009000,733,0,0,3,0,7,1,0,3,3,0,0,N,N
ACC-10009001,775,0,0,1,0,2,0,0,1,1,0,0,N,N
ACC-10009002,881,0,0,2,0,3,1,0,2,2,0,0,N,N
ACC-10009003,791,0,0,1,0,3,1,0,1,1,0,0,N,N
ACC-10009004,799,0,0,1,0,2,0,0,1,3,0,0,N,N
ACC-10009005,823,1,1,0,D,3,1,1,0,2,1,19,N,N
ACC-10009006,856,0,0,0,0,3,0,0,0,1,0,0,N,N
ACC-10009007,774,1,1,0,D,6,0,1,0,1,1,16,N,N
ACC-10009008,860,0,0,1,0,4,0,0,1,2,0,0,N,N
ACC-10009009,917,0,0,1,0,1,0,0,2,3,0,0,N,N
ACC-10009010,817,0,0,0,0,4,1,0,0,0,0,0,N,N
ACC-10009011,806,0,0,0,N,0,0,0,1,2,0,0,N,N
ACC-10009012,785,0,0,0,N,0,0,0,2,2,0,0,N,N
ACC-10009013,755,0,0,1,0,6,1,0,1,1,0,0,N,N
ACC-10009014,805,0,0,2,0,7,0,0,2,2,0,0,N,T
ACC-10009015,858,0,0,2,0,7,1,0,2,4,0,0,N,N
ACC-10009016,670,1,2,3,D,3,0,1,5,6,1,2,N,N
ACC-10009017,768,0,0,1,0,1,0,0,1,1,0,0,N,N
ACC-10009018,892,0,0,1,0,5,2,0,1,4,0,0,N,N
ACC-10009019,843,0,0,2,0,6,1,0,2,2,0,0,N,N
ACC-10009020,827,0,2,2,1,2,0,0,2,2,0,0,N,N
ACC-10009021,846,0,0,2,0,2,0,0,2,2,0,0,N,N
ACC-10009022,768,0,0,0,N,0,0,0,2,4,0,0,N,N
ACC-10009023,713,1,1,0,D,2,0,1,0,4,1,14,N,N
ACC-10009024,780,0,1,2,1,5,0,0,2,3,0,0,N,N
ACC-10009025,834,0,1,1,1,4,0,0,1,3,0,0,N,N
ACC-10009026,815,0,0,1,0,2,0,0,1,2,0,0,N,N
ACC-10009027,892,0,0,1,0,1,0,0,1,2,0,0,N,N
ACC-10009028,886,0,0,1,0,3,1,0,1,2,0,0,N,N
ACC-10009029,798,0,0,1,0,2,0,0,1,2,0,0,N,N
ACC-10009030,868,0,0,2,0,5,1,0,2,3,0,0,N,N
ACC-10009031,945,0,0,0,0,1,0,0,0,2,0,0,N,N
ACC-10009032,871,0,0,0,0,2,0,0,0,1,0,0,N,N
ACC-10009033,867,0,0,1,0,1,0,0,1,2,0,0,N,N
ACC-10009034,828,0,0,0,0,2,1,0,0,0,0,0,N,N
ACC-10009035,849,0,0,0,0,6,1,0,0,1,0,0,N,N
ACC-10009036,866,0,0,1,0,5,0,0,1,1,0,0,N,N
ACC-10009037,732,0,0,3,0,5,1,0,3,3,0,0,N,N
ACC-10009038,841,0,0,1,0,4,2,0,1,1,0,0,N,N
ACC-10009039,899,0,0,0,0,1,0,0,0,0,0,0,N,N
ACC-10009040,839,0,0,1,0,1,0,0,2,3,0,0,N,N
ACC-10009041,781,0,1,3,1,3,0,0,4,8,0,0,N,N
ACC-10009042,680,2,2,1,D,4,0,2,1,3,2,13,N,N
ACC-10009043,891,0,0,0,0,6,1,0,0,0,0,0,N,N
ACC-10009044,788,1,1,3,D,5,0,1,3,4,1,10,N,N
ACC-10009045,864,0,0,1,0,9,3,0,1,3,0,0,N,N
ACC-10009046,807,0,0,0,0,4,0,0,0,0,0,0,N,N
ACC-10009047,772,0,0,1,0,1,0,0,1,2,0,0,N,N
ACC-10009048,869,0,0,1,0,4,0,0,1,1,0,0,N,N
ACC-10009049,772,1,1,2,D,2,0,1,2,2,1,3,N,N
ACC-10009050,904,0,0,0,0,1,0,0,0,0,0,0,N,N
ACC-10009051,786,0,0,3,0,3,0,0,3,5,0,0,N,T
ACC-10009052,818,0,0,0,0,2,0,0,0,1,0,0,N,N
ACC-10009053,808,0,1,0,1,2,0,0,0,1,0,0,N,N
ACC-10009054,751,0,1,3,3,4,0,1,3,3,0,0,N,N
ACC-10009055,762,0,0,1,0,1,0,0,3,6,0,0,N,N
ACC-10009056,850,0,0,0,0,1,0,0,0,0,0,0,N,N
ACC-10009057,838,0,1,1,1,3,0,0,1,1,0,0,N,N
ACC-10009058,838,0,0,2,0,7,0,0,2,3,0,0,N,N
ACC-10009059,691,0,0,2,0,7,0,0,2,2,0,0,N,T
ACC-10009060,714,0,2,1,1,6,0,0,1,2,0,0,N,N
ACC-10009061,873,0,0,1,0,6,0,0,1,1,0,0,N,N
ACC-10009062,863,0,0,1,0,2,0,0,1,1,0,0,N,N
ACC-10009063,928,0,0,0,0,6,0,0,0,2,0,0,N,N
ACC-10009064,902,0,0,1,0,1,1,0,1,2,0,0,N,N
ACC-10009065,821,0,1,1,1,1,0,0,2,2,0,0,N,N
ACC-10009066,751,1,1,0,D,3,0,1,0,0,1,19,N,T
ACC-10009067,828,0,0,1,0,3,0,0,1,2,0,0,N,N
ACC-10009068,900,0,0,1,0,1,1,0,1,1,0,0,N,N
ACC-10009069,770,0,0,1,0,2,0,0,1,1,1,1,N,N
ACC-10009070,894,0,1,1,1,1,0,0,2,4,0,0,N,N
ACC-10009071,820,0,0,1,0,1,0,0,1,2,0,0,N,N
ACC-10009072,896,1,1,1,D,4,1,2,1,1,1,9,N,N
ACC-10009073,890,0,1,0,1,3,2,0,0,0,0,0,N,N
ACC-10009074,708,1,3,2,D,2,0,2,2,2,1,3,N,N
ACC-10009075,832,0,0,1,0,1,0,0,1,1,0,0,N,N
ACC-10009076,776,0,0,2,0,3,0,0,2,2,0,0,N,N
ACC-10009077,812,0,0,3,0,3,0,0,3,5,0,0,N,N
ACC-10009078,733,0,0,2,0,2,0,0,3,3,0,0,N,N
ACC-10009079,775,0,1,2,1,4,0,0,2,2,0,0,N,N
ACC-10009080,798,0,0,2,0,4,0,0,2,4,0,0,N,N
ACC-10009081,759,0,2,2,3,4,0,1,2,4,0,0,N,N
ACC-10009082,863,0,0,1,0,4,0,0,1,1,0,0,N,N
ACC-10009083,803,0,0,3,0,4,1,0,3,4,0,0,N,N
ACC-10009084,867,0,1,0,1,0,0,0,2,2,0,0,N,N
ACC-10009085,842,0,0,1,0,3,0,0,1,3,0,0,N,N
ACC-10009086,845,0,1,1,3,3,0,1,1,1,0,0,N,N
ACC-10009087,849,0,0,0,0,4,1,0,0,2,0,0,N,N
ACC-10009088,872,0,0,1,0,3,0,0,1,2,0,0,N,N
ACC-10009089,748,0,1,3,1,3,0,0,3,5,0,0,N,N
ACC-10009090,917,0,0,0,0,3,1,0,0,0,0,0,N,N
ACC-10009091,786,0,0,1,0,1,0,0,1,2,0,0,N,N
ACC-10009092,826,0,0,1,0,4,0,0,1,2,0,0,N,N
ACC-10009093,779,0,1,3,1,5,1,0,3,4,0,0,N,N
ACC-10009094,890,0,0,0,0,2,1,0,0,0,0,0,N,N
ACC-10009095,809,0,0,2,0,2,1,0,3,3,0,0,N,N
ACC-10009096,899,0,0,1,0,2,0,0,1,2,0,0,N,N
ACC-10009097,919,0,0,0,0,4,0,0,0,2,0,0,N,N
ACC-10009098,904,0,0,0,0,5,0,0,0,0,0,0,N,N
ACC-10009099,777,0,0,1,0,2,1,0,1,2,0,0,N,N
ACC-10009100,859,0,0,0,0,3,1,0,0,2,0,0,N,N
ACC-10009101,904,1,1,1,D,1,0,1,1,2,1,4,N,N
ACC-10009102,808,0,1,0,1,3,1,0,0,0,0,0,N,N
ACC-10009103,840,0,1,2,1,3,0,0,2,2,0,0,N,N
ACC-10009104,865,0,0,0,0,7,1,0,0,1,0,0,N,N
ACC-10009105,820,0,0,0,0,2,0,0,0,0,0,0,N,N
ACC-10009106,888,0,0,0,0,3,0,0,0,1,0,0,N,N
ACC-10009107,720,1,1,2,D,2,0,1,3,3,1,4,N,N
ACC-10009108,886,0,0,1,0,2,0,0,1,1,0,0,N,N
ACC-10009109,820,0,0,4,0,6,0,0,4,4,0,0,N,N
ACC-10009110,806,0,0,1,0,1,0,0,2,2,0,0,N,N
ACC-10009111,836,0,0,0,0,4,0,0,0,0,0,0,N,N
ACC-10009112,852,0,0,1,0,3,0,0,1,1,1,6,N,N
ACC-10009113,920,0,0,0,0,5,0,0,0,0,0,0,N,N
ACC-10009114,743,1,1,1,D,6,1,2,1,1,1,5,N,N
ACC-10009115,805,0,1,2,1,4,0,0,2,4,0,0,N,N
ACC-10009116,803,0,0,1,0,4,0,0,1,2,0,0,N,N
ACC-10009117,832,0,0,2,0,3,2,0,2,2,0,0,N,N
ACC-10009118,879,0,0,0,0,2,1,0,0,1,0,0,N,N
ACC-10009119,808,0,0,0,0,2,0,0,0,3,0,0,N,N
ACC-10009120,828,1,1,3,D,5,0,2,3,3,1,7,N,N
ACC-10009121,895,0,0,1,0,2,0,0,1,4,0,0,N,N
ACC-10009122,785,0,0,0,0,4,0,0,0,2,0,0,N,N
ACC-10009123,792,0,0,0,0,6,2,0,0,1,0,0,N,N
ACC-10009124,910,0,0,1,0,4,0,0,1,2,0,0,N,T
ACC-10009125,753,0,1,1,1,1,0,0,2,3,0,0,N,N
ACC-10009126,799,0,0,2,0,5,1,0,2,3,0,0,N,N
ACC-10009127,812,0,0,1,0,1,1,0,2,2,0,0,N,N
ACC-10009128,803,0,1,0,1,6,2,0,0,0,0,0,N,N
ACC-10009129,840,0,0,1,0,3,0,0,1,3,0,0,N,N
ACC-10009130,812,0,0,0,0,3,0,0,0,1,0,0,N,N
ACC-10009131,888,0,0,0,0,4,0,0,0,1,0,0,N,N
ACC-10009132,836,0,0,1,0,3,0,0,1,1,0,0,N,N
ACC-10009133,944,0,0,1,0,2,0,0,1,1,0,0,N,N
ACC-10009134,896,0,0,1,0,2,0,0,1,3,0,0,N,N
ACC-10009135,845,0,0,1,0,5,0,0,1,1,0,0,N,N
ACC-10009136,785,0,0,1,0,2,0,0,1,1,0,0,N,N
ACC-10009137,849,0,1,1,1,2,0,0,1,2,0,0,N,N
ACC-10009138,794,0,0,0,N,0,0,0,5,5,0,0,N,N
ACC-10009139,720,1,1,1,D,3,0,1,1,2,1,16,N,N
ACC-10009140,871,0,0,0,0,5,1,0,0,1,0,0,N,N
ACC-10009141,753,1,1,2,D,3,0,1,2,4,1,4,N,N
ACC-10009142,949,0,0,0,0,4,0,0,0,0,0,0,N,N
ACC-10009143,824,0,0,0,0,4,1,0,0,3,0,0,N,N
ACC-10009144,718,0,0,2,0,5,0,0,2,4,0,0,N,N
ACC-10009145,901,0,0,0,0,2,0,0,0,3,0,0,N,N
ACC-10009146,882,0,0,1,0,7,0,0,1,1,0,0,N,N
ACC-10009147,923,0,0,1,0,1,0,0,1,1,0,0,N,N
ACC-10009148,859,0,0,1,0,1,0,0,1,2,0,0,N,N
ACC-10009149,890,0,0,1,0,4,0,0,1,1,0,0,N,N
ACC-10009150,866,0,1,1,1,1,0,0,1,1,0,0,N,N
ACC-10009151,881,0,0,0,N,0,0,0,0,0,0,0,N,N
ACC-10009152,787,0,0,1,0,1,0,0,1,2,0,0,N,N
ACC-10009153,799,0,0,1,0,2,0,0,1,3,0,0,N,N
ACC-10009154,910,0,0,0,0,2,0,0,0,0,0,0,N,N
ACC-10009155,711,1,1,2,D,3,0,1,2,3,1,27,N,N
ACC-10009156,820,0,0,2,0,4,0,0,2,2,0,0,N,N
ACC-10009157,771,0,0,0,0,1,1,0,0,1,0,0,N,N
ACC-10009158,795,0,0,3,0,3,0,0,3,3,0,0,N,N
ACC-10009159,808,0,0,0,0,6,0,0,0,0,0,0,N,N
ACC-10009160,785,0,1,1,1,1,0,0,1,2,0,0,N,N
ACC-10009161,919,0,0,1,0,5,0,0,1,2,0,0,N,N
ACC-10009162,860,0,0,1,0,1,0,0,1,2,0,0,N,N
ACC-10009163,853,0,2,1,1,2,0,0,1,3,0,0,N,N
ACC-10009164,848,0,0,0,0,3,0,0,0,0,0,0,N,N
ACC-10009165,866,0,0,2,0,2,0,0,3,4,0,0,N,N
ACC-10009166,731,1,1,0,D,4,1,1,0,0,1,13,N,N
ACC-10009167,683,1,1,0,D,1,0,1,0,1,1,16,N,N
ACC-10009168,801,0,0,1,0,3,0,0,1,2,0,0,N,N
ACC-10009169,970,0,0,0,0,2,1,0,0,2,0,0,N,N
ACC-10009170,854,0,0,2,0,4,1,0,2,4,0,0,N,N
ACC-10009171,915,0,0,2,0,4,0,0,2,3,0,0,N,N
ACC-10009172,859,0,0,1,0,1,0,0,1,2,0,0,N,N
ACC-10009173,897,0,0,1,0,3,0,0,1,2,1,3,N,N
ACC-10009174,836,0,0,1,0,1,0,0,1,2,0,0,N,N
ACC-10009175,920,0,0,2,0,3,0,0,2,2,0,0,N,N
ACC-10009176,748,0,0,2,0,6,3,0,2,2,0,0,N,N
ACC-10009177,691,0,0,3,0,3,1,0,3,3,0,0,N,N
ACC-10009178,861,0,0,2,0,3,0,0,2,3,0,0,N,N
ACC-10009179,816,0,0,3,0,3,0,0,3,5,0,0,N,N
ACC-10009180,711,0,2,1,1,7,0,0,1,1,1,3,N,N
ACC-10009181,824,0,0,0,0,6,1,0,0,0,0,0,N,N
ACC-10009182,766,0,0,1,0,7,4,0,1,1,0,0,N,N
ACC-10009183,712,0,1,2,1,2,1,0,2,2,0,0,N,N
ACC-10009184,782,0,0,1,0,4,0,0,1,1,0,0,N,N
ACC-10009185,799,0,0,1,0,5,0,0,1,1,0,0,N,N
ACC-10009186,810,0,0,1,0,3,0,0,1,2,0,0,N,N
ACC-10009187,885,0,0,0,0,1,0,0,0,2,0,0,N,N
ACC-10009188,781,0,1,1,1,3,0,0,1,3,0,0,N,N
ACC-10009189,872,0,1,1,1,5,2,0,1,2,0,0,N,N
ACC-10009190,843,0,0,2,0,2,0,0,2,2,0,0,N,N
ACC-10009191,711,0,1,2,1,2,0,0,2,2,0,0,N,N
ACC-10009192,735,0,1,1,1,3,0,0,1,3,1,5,N,N
ACC-10009193,852,0,0,1,0,2,0,0,1,3,0,0,N,T
ACC-10009194,915,0,0,0,0,3,0,0,0,1,0,0,N,N
ACC-10009195,773,0,0,1,0,1,0,0,3,3,0,0,N,N
ACC-10009196,863,0,0,4,0,9,0,0,4,5,0,0,N,N
ACC-10009197,857,0,0,1,0,5,1,0,1,1,0,0,N,N
ACC-10009198,905,1,1,0,D,3,0,2,0,0,1,7,N,N
ACC-10009199,792,0,0,2,0,2,1,0,2,2,0,0,N,N
ACC-10009200,828,0,0,1,0,3,0,0,1,2,0,0,N,N
ACC-10009201,861,0,0,2,0,2,0,0,2,2,0,0,N,N
ACC-10009202,825,0,0,0,0,3,0,0,0,1,0,0,N,N
ACC-10009203,853,0,0,2,0,4,0,0,2,4,0,0,N,N
ACC-10009204,851,0,0,1,0,4,1,0,1,2,0,0,N,N
ACC-10009205,819,0,1,1,3,4,1,1,1,1,0,0,N,N
ACC-10009206,846,0,0,0,0,5,1,0,0,1,0,0,N,N
ACC-10009207,805,0,0,0,0,1,0,0,0,1,0,0,N,N
ACC-10009208,756,1,1,2,D,3,0,1,2,2,1,3,N,N
ACC-10009209,774,0,0,3,0,3,0,0,3,4,0,0,N,N
ACC-10009210,766,1,1,1,D,3,1,2,1,3,1,11,N,N
ACC-10009211,828,0,0,0,0,2,0,0,0,1,0,0,N,N
ACC-10009212,769,0,1,1,1,1,0,0,2,2,0,0,N,N
ACC-10009213,695,0,1,3,1,8,0,0,3,6,0,0,N,N
ACC-10009214,834,0,0,1,0,2,0,0,1,3,0,0,N,N
ACC-10009215,781,0,0,1,0,1,0,0,3,4,0,0,N,N
ACC-10009216,884,0,0,1,0,2,0,0,1,2,0,0,N,N
ACC-10009217,797,0,1,1,3,3,0,1,1,2,0,0,N,N
ACC-10009218,931,0,0,0,0,3,0,0,0,0,0,0,N,N
ACC-10009219,763,0,0,2,0,2,1,0,2,2,0,0,N,N
ACC-10009220,798,1,1,0,D,1,0,1,0,0,1,7,N,N
ACC-10009221,931,0,0,0,N,0,0,0,0,2,0,0,N,N
ACC-10009222,884,0,0,1,0,4,0,0,1,2,0,0,N,N
ACC-10009223,867,0,0,2,0,2,0,0,2,3,0,0,N,N
ACC-10009224,790,0,0,0,0,4,0,0,0,0,0,0,N,N
ACC-10009225,745,0,0,1,0,4,2,0,1,1,0,0,N,N
ACC-10009226,794,0,0,1,0,5,0,0,1,4,0,0,N,N
ACC-10009227,880,0,0,0,0,2,0,0,0,1,0,0,N,N
ACC-10009228,753,1,1,1,D,2,0,1,1,2,1,3,N,N
ACC-10009229,779,0,0,2,0,2,0,0,4,5,0,0,N,N
ACC-10009230,849,0,0,1,0,3,0,0,1,1,0,0,N,N
ACC-10009231,754,1,2,2,D,4,1,1,2,2,1,33,N,N
ACC-10009232,816,0,0,1,0,4,1,0,1,2,0,0,N,N
ACC-10009233,839,0,1,1,1,1,0,0,1,1,0,0,N,N
ACC-10009234,810,0,0,1,0,8,1,0,1,1,0,0,N,N
ACC-10009235,771,0,0,0,0,6,1,0,0,1,0,0,N,N
ACC-10009236,827,0,0,0,0,4,0,0,0,0,0,0,N,N
ACC-10009237,890,0,0,0,0,3,0,0,0,1,0,0,N,N
ACC-10009238,779,0,0,2,0,4,2,0,2,2,0,0,N,N
ACC-10009239,720,0,0,4,0,5,0,0,4,6,0,0,N,N
ACC-10009240,889,0,0,1,0,1,0,0,1,1,0,0,N,N
ACC-10009241,872,0,0,1,0,1,0,0,1,2,0,0,N,N
ACC-10009242,945,0,0,1,0,4,0,0,1,1,0,0,N,N
ACC-10009243,759,0,0,2,0,2,0,0,2,3,0,0,N,T
ACC-10009244,751,1,1,4,D,4,0,1,4,5,1,9,N,N
ACC-10009245,792,0,0,2,0,6,2,0,2,2,0,0,N,N
ACC-10009246,891,0,0,0,0,3,0,0,0,0,0,0,N,N
ACC-10009247,804,0,1,2,1,3,1,0,2,4,0,0,N,N
ACC-10009248,925,0,0,1,0,1,0,0,2,4,0,0,N,N
ACC-10009249,835,0,0,1,0,8,3,0,1,1,0,0,N,N
ACC-10009250,882,0,0,1,0,1,0,0,1,1,0,0,N,N
ACC-10009251,980,0,0,0,0,2,0,0,0,1,0,0,N,N
ACC-10009252,752,0,2,1,3,5,0,1,1,3,0,0,N,N
ACC-10009253,846,0,0,1,0,3,1,0,1,2,0,0,N,N
ACC-10009254,673,1,1,2,D,2,1,1,2,2,1,1,N,N
ACC-10009255,808,0,0,2,0,3,1,0,2,2,0,0,N,N
ACC-10009256,785,0,1,1,1,7,1,0,1,1,0,0,N,N
ACC-10009257,796,0,0,1,0,2,0,0,1,1,0,0,N,N
ACC-10009258,864,0,0,3,0,4,1,0,3,4,0,0,N,N
ACC-10009259,855,0,0,0,0,2,0,0,0,0,0,0,N,N
ACC-10009260,674,1,1,0,D,5,1,1,0,1,1,3,N,N
ACC-10009261,736,0,0,0,0,4,0,0,0,0,0,0,N,N
ACC-10009262,875,0,0,2,0,3,0,0,2,3,0,0,N,N
ACC-10009263,977,0,0,0,0,3,1,0,0,0,0,0,N,N
ACC-10009264,834,0,2,3,1,3,0,0,4,5,0,0,N,N
ACC-10009265,840,0,1,0,3,4,0,1,0,0,0,0,N,N
ACC-10009266,796,0,0,1,0,5,2,0,1,2,0,0,N,T
ACC-10009267,779,0,2,1,1,6,0,0,1,1,0,0,N,T
ACC-10009268,841,0,0,0,N,0,0,0,2,2,0,0,N,N
ACC-10009269,846,0,0,0,0,1,0,0,0,1,0,0,N,N
ACC-10009270,857,0,0,1,0,2,0,0,1,1,0,0,N,N
ACC-10009271,845,0,0,1,0,2,0,0,1,1,0,0,N,N
ACC-10009272,821,0,0,0,0,2,0,0,0,1,0,0,N,N
ACC-10009273,798,1,1,1,D,1,0,1,1,3,1,5,N,N
ACC-10009274,890,0,0,1,0,4,0,0,1,3,0,0,N,N
ACC-10009275,844,0,0,0,0,1,0,0,0,1,0,0,N,N
ACC-10009276,714,0,0,0,N,0,0,0,1,2,0,0,N,N
ACC-10009277,805,0,0,1,0,4,0,0,1,1,0,0,N,T
ACC-10009278,789,0,0,1,0,4,1,0,1,2,0,0,N,N
ACC-10009279,878,0,0,0,0,3,0,0,0,2,0,0,N,N
ACC-10009280,817,0,1,2,1,4,0,0,2,2,0,0,N,N
ACC-10009281,830,0,0,0,0,2,1,0,0,0,0,0,N,N
ACC-10009282,900,0,0,1,0,3,0,0,1,2,0,0,N,N
ACC-10009283,733,0,0,1,0,1,0,0,3,4,0,0,N,N
ACC-10009284,852,0,0,2,0,4,0,0,2,2,0,0,N,N
ACC-10009285,747,0,0,0,0,5,0,0,0,0,0,0,N,T
ACC-10009286,890,0,0,0,0,3,0,0,0,1,0,0,N,N
ACC-10009287,823,0,0,0,0,3,0,0,0,0,0,0,N,N
ACC-10009288,849,0,0,1,0,7,1,0,1,2,0,0,N,N
ACC-10009289,863,0,0,0,N,0,0,0,1,1,0,0,N,N
ACC-10009290,822,0,0,2,0,2,0,0,3,3,0,0,N,N
ACC-10009291,888,0,1,1,1,2,0,0,1,2,0,0,N,N
ACC-10009292,725,1,1,0,D,5,2,2,0,1,1,19,N,N
ACC-10009293,788,0,0,3,0,6,1,0,3,3,0,0,N,N
ACC-10009294,756,0,0,1,0,5,0,0,1,1,0,0,N,N
ACC-10009295,831,0,0,1,0,1,0,0,2,4,0,0,N,N
ACC-10009296,869,0,0,0,0,2,0,0,0,3,0,0,N,N
ACC-10009297,725,0,2,0,3,3,1,1,0,0,0,0,N,T
ACC-10009298,729,1,1,2,D,4,1,1,2,2,1,26,N,N
ACC-10009299,886,0,0,2,0,5,1,0,2,2,0,0,N,N
ACC-10009300,764,0,0,0,0,2,1,0,0,2,0,0,N,N
ACC-10009301,827,0,0,0,0,4,0,0,0,0,0,0,N,N
ACC-10009302,862,0,0,0,0,5,0,0,0,0,0,0,N,N
ACC-10009303,836,0,0,2,0,2,1,0,2,2,0,0,N,N
ACC-10009304,802,0,0,0,0,4,0,0,0,1,0,0,N,N
ACC-10009305,969,0,0,2,0,5,0,0,2,3,0,0,N,N
ACC-10009306,748,0,0,2,0,2,0,0,2,3,0,0,N,N
ACC-10009307,823,0,0,0,N,0,0,0,2,3,0,0,N,N
ACC-10009308,901,0,0,2,0,9,0,0,2,3,0,0,N,N
ACC-10009309,905,0,1,0,1,5,0,0,0,0,0,0,N,N
ACC-10009310,661,0,0,1,0,6,1,0,1,2,1,6,N,N
ACC-10009311,890,0,0,0,0,2,0,0,0,0,0,0,N,N
ACC-10009312,743,0,0,0,0,3,1,0,0,2,0,0,N,N
ACC-10009313,809,0,0,2,0,2,1,0,3,4,0,0,N,N
ACC-10009314,971,0,0,0,0,8,0,0,0,1,0,0,N,N
ACC-10009315,794,1,2,0,D,2,1,1,0,0,1,3,N,N
ACC-10009316,847,1,1,2,D,3,1,1,2,4,1,2,N,N
ACC-10009317,909,0,0,2,0,6,0,0,2,3,0,0,N,N
ACC-10009318,865,0,1,0,3,5,0,1,0,1,0,0,N,N
ACC-10009319,823,0,0,2,0,3,0,0,2,2,0,0,N,N
ACC-10009320,883,0,0,1,0,1,1,0,2,2,0,0,N,N
ACC-10009321,789,0,0,0,0,4,0,0,0,1,0,0,N,N
ACC-10009322,811,0,0,1,0,5,0,0,1,1,0,0,N,N
ACC-10009323,797,0,0,2,0,5,1,0,2,2,0,0,N,N
ACC-10009324,808,0,1,0,1,5,1,0,0,2,0,0,N,N
ACC-10009325,718,0,0,2,0,6,0,0,2,2,0,0,N,N
ACC-10009326,850,0,0,2,0,8,0,0,2,2,0,0,N,N
ACC-10009327,829,0,0,3,0,3,1,0,3,4,0,0,N,N
ACC-10009328,957,0,0,1,0,4,0,0,1,1,0,0,N,N
ACC-10009329,833,1,1,0,D,4,0,2,0,2,1,3,N,N
ACC-10009330,952,0,0,1,0,4,0,0,1,1,0,0,N,N
ACC-10009331,853,0,0,1,0,4,1,0,1,4,0,0,N,N
ACC-10009332,746,1,1,0,D,3,0,1,0,0,1,5,N,N
ACC-10009333,842,0,0,2,0,4,0,0,2,5,0,0,N,N
ACC-10009334,893,0,0,0,0,6,0,0,0,1,0,0,N,N
ACC-10009335,845,0,0,2,0,2,0,0,3,3,0,0,N,N
ACC-10009336,842,0,0,1,0,2,0,0,1,1,0,0,N,N
ACC-10009337,848,0,0,3,0,4,1,0,3,4,0,0,N,N
ACC-10009338,830,0,0,1,0,7,1,0,1,2,0,0,N,N
ACC-10009339,760,0,0,2,0,2,0,0,2,3,0,0,N,N
ACC-10009340,849,0,0,1,0,5,0,0,1,1,0,0,N,N
ACC-10009341,894,0,0,1,0,4,0,0,1,1,0,0,N,N
ACC-10009342,786,0,1,1,1,2,0,0,1,3,0,0,N,T
ACC-10009343,818,0,1,2,1,3,1,0,2,3,0,0,N,N
ACC-10009344,858,0,0,0,N,0,0,0,0,1,0,0,N,N
ACC-10009345,887,0,0,1,0,3,0,0,1,3,0,0,N,N
ACC-10009346,763,0,0,2,0,2,0,0,2,3,0,0,N,N
ACC-10009347,847,0,0,1,0,3,0,0,1,2,0,0,N,N
ACC-10009348,838,0,0,2,0,2,0,0,2,2,0,0,N,N
ACC-10009349,902,0,1,0,1,3,0,0,0,1,0,0,N,N
ACC-10009350,921,0,0,0,0,4,0,0,0,0,0,0,N,T
ACC-10009351,973,0,0,0,0,7,2,0,0,0,0,0,N,N
ACC-10009352,815,0,0,1,0,4,2,0,1,2,0,0,N,N
ACC-10009353,773,0,1,2,3,5,1,1,2,2,0,0,N,N
ACC-10009354,704,0,1,1,1,2,0,0,1,1,0,0,N,N
ACC-10009355,827,0,0,2,0,2,0,0,3,3,0,0,N,N
ACC-10009356,841,0,0,0,0,6,2,0,0,1,0,0,N,N
ACC-10009357,873,0,0,0,0,5,0,0,0,0,0,0,N,N
ACC-10009358,747,0,3,0,1,5,1,0,0,0,0,0,N,N
ACC-10009359,861,0,0,0,N,0,0,0,1,1,0,0,N,N
ACC-10009360,878,0,0,3,0,3,0,0,3,4,0,0,N,N
ACC-10009361,769,0,0,2,0,5,1,0,2,3,0,0,N,N
ACC-10009362,777,0,0,2,0,2,0,0,2,2,0,0,N,N
ACC-10009363,877,0,0,0,0,5,0,0,0,0,0,0,N,N
ACC-10009364,860,0,0,0,0,2,0,0,0,0,0,0,N,N
ACC-10009365,696,0,1,0,3,0,0,1,2,4,0,0,N,N
ACC-10009366,788,0,0,0,0,2,0,0,0,2,0,0,N,N
ACC-10009367,784,0,1,3,1,4,1,0,3,4,0,0,N,N
ACC-10009368,824,0,0,0,0,3,0,0,0,0,0,0,N,N
ACC-10009369,667,0,1,3,1,6,2,0,3,3,0,0,N,N
ACC-10009370,909,0,0,0,0,2,0,0,0,1,0,0,N,N
ACC-10009371,861,0,0,1,0,2,0,0,1,1,0,0,N,N
ACC-10009372,857,0,1,1,1,4,1,0,1,1,0,0,N,N
ACC-10009373,820,0,0,1,0,1,0,0,4,5,0,0,N,N
ACC-10009374,845,0,1,1,1,2,0,0,1,1,0,0,N,N
ACC-10009375,800,0,1,2,1,4,0,0,2,2,0,0,N,N
ACC-10009376,770,0,0,2,0,2,0,0,6,8,0,0,N,N
ACC-10009377,810,0,0,0,0,4,0,0,0,4,0,0,N,N
ACC-10009378,919,0,0,2,0,4,1,0,2,2,0,0,N,N
ACC-10009379,821,0,0,1,0,2,0,0,1,2,0,0,N,N
ACC-10009380,692,1,1,2,D,3,1,1,2,3,1,7,N,N
ACC-10009381,913,0,1,1,1,2,0,0,1,2,0,0,N,N
ACC-10009382,825,0,0,1,0,1,0,0,1,1,0,0,N,N
ACC-10009383,759,0,0,2,0,7,2,0,2,5,0,0,N,N
ACC-10009384,801,0,1,0,1,1,0,0,0,0,0,0,N,N
ACC-10009385,899,0,0,0,0,4,0,0,0,0,0,0,N,N
ACC-10009386,844,0,1,0,1,6,0,0,0,1,0,0,N,N
ACC-10009387,898,0,0,0,0,4,1,0,0,0,0,0,N,N
ACC-10009388,895,0,0,1,0,6,1,0,1,3,0,0,N,N
ACC-10009389,885,0,0,1,0,3,0,0,1,5,0,0,N,N
ACC-10009390,804,0,1,1,1,3,1,0,1,2,0,0,N,N
ACC-10009391,720,1,1,0,D,5,1,1,0,2,1,5,N,N
ACC-10009392,789,0,1,1,1,3,2,0,1,1,0,0,N,N
ACC-10009393,727,1,2,0,D,0,0,2,0,2,1,21,N,N
ACC-10009394,833,0,0,0,0,1,0,0,0,1,0,0,N,N
ACC-10009395,939,0,0,1,0,4,0,0,1,2,0,0,N,N
ACC-10009396,924,0,0,1,0,7,0,0,1,2,0,0,N,N
ACC-10009397,844,0,1,1,1,3,1,0,1,3,0,0,N,N
ACC-10009398,909,0,0,2,0,6,0,0,2,3,0,0,N,N
ACC-10009399,836,0,0,1,0,3,0,0,1,1,0,0,N,N
ACC-10009400,723,0,0,2,0,3,2,0,2,2,0,0,N,N
ACC-10009401,788,0,0,1,0,1,0,0,1,2,0,0,N,N
ACC-10009402,764,0,1,2,1,3,1,0,2,2,0,0,N,N
ACC-10009403,855,0,0,0,0,5,0,0,0,3,0,0,N,N
ACC-10009404,730,1,1,2,D,4,0,1,2,3,1,7,N,N
ACC-10009405,878,0,1,0,3,3,0,1,0,0,0,0,N,N
ACC-10009406,910,0,0,1,0,3,0,0,1,1,0,0,N,N
ACC-10009407,820,0,1,1,1,4,1,0,1,3,0,0,N,N
ACC-10009408,866,0,0,3,0,3,0,0,3,4,0,0,N,N
ACC-10009409,601,1,1,3,D,5,1,1,3,3,1,7,N,N
ACC-10009410,809,0,0,3,0,3,0,0,3,3,0,0,N,N
ACC-10009411,844,0,0,1,0,2,0,0,1,1,0,0,N,N
ACC-10009412,756,0,0,2,0,4,0,0,2,4,0,0,N,N
ACC-10009413,797,0,0,1,0,2,0,0,1,2,0,0,N,N
ACC-10009414,759,0,0,2,0,3,1,0,2,2,0,0,N,N
ACC-10009415,781,0,0,1,0,3,0,0,1,5,0,0,N,N
ACC-10009416,921,0,0,1,0,3,1,0,1,1,0,0,N,N
ACC-10009417,795,0,0,0,N,0,0,0,2,4,0,0,N,N
ACC-10009418,668,0,0,2,0,5,0,0,2,2,0,0,N,N
ACC-10009419,830,0,0,1,0,1,0,0,1,2,0,0,N,N
ACC-10009420,857,0,0,1,0,3,0,0,1,1,0,0,N,N
ACC-10009421,850,0,1,1,1,1,0,0,1,1,0,0,N,N
ACC-10009422,826,0,1,1,1,3,1,0,1,1,0,0,N,N
ACC-10009423,842,0,0,2,0,6,1,0,2,4,0,0,N,N
ACC-10009424,770,1,1,1,D,5,0,1,1,4,1,17,N,T
ACC-10009425,672,1,1,1,D,2,0,1,1,1,1,3,N,N
ACC-10009426,772,0,1,1,1,4,0,0,1,1,0,0,N,N
ACC-10009427,875,0,0,4,0,4,1,0,5,5,0,0,N,N
ACC-10009428,743,0,0,3,0,3,0,0,3,4,0,0,N,N
ACC-10009429,865,0,0,0,N,0,0,0,1,2,0,0,N,N
ACC-10009430,840,0,0,2,0,4,1,0,2,3,0,0,N,T
ACC-10009431,826,0,0,2,0,4,1,0,2,3,0,0,N,N
ACC-10009432,830,0,0,1,0,3,1,0,1,2,0,0,N,N
ACC-10009433,750,0,1,0,1,0,0,0,3,3,0,0,N,N
ACC-10009434,713,2,3,1,D,5,0,2,1,2,2,3,N,N
ACC-10009435,843,0,0,1,0,2,0,0,1,1,0,0,N,N
ACC-10009436,832,0,0,1,0,6,1,0,1,1,0,0,N,N
ACC-10009437,819,0,0,0,0,1,1,0,0,1,0,0,N,N
ACC-10009438,832,0,0,0,0,6,2,0,0,0,0,0,N,N
ACC-10009439,805,0,0,1,0,1,0,0,1,3,0,0,N,N
ACC-10009440,839,0,0,1,0,4,0,0,1,3,0,0,N,N
ACC-10009441,765,0,1,0,1,3,0,0,0,2,0,0,N,N
ACC-10009442,799,0,0,4,0,4,1,0,4,5,0,0,N,N
ACC-10009443,848,0,0,2,0,2,0,0,2,2,0,0,N,N
ACC-10009444,733,0,0,0,N,0,0,0,0,0,0,0,N,N
ACC-10009445,840,0,0,2,0,2,0,0,4,5,0,0,N,N
ACC-10009446,756,1,1,2,D,3,1,1,2,2,1,6,N,N
ACC-10009447,863,0,0,0,0,5,0,0,0,0,0,0,N,N
ACC-10009448,805,0,0,1,0,3,0,0,1,2,0,0,N,N
ACC-10009449,760,0,0,2,0,2,0,0,2,4,0,0,N,N
ACC-10009450,813,0,0,0,0,7,1,0,0,3,0,0,N,N
ACC-10009451,740,1,2,1,D,3,0,1,1,1,1,12,N,N
ACC-10009452,763,1,1,0,D,5,0,1,0,0,1,5,N,N
ACC-10009453,832,0,0,0,0,2,0,0,0,0,0,0,N,N
ACC-10009454,904,0,1,0,1,2,0,0,0,1,0,0,N,N
ACC-10009455,894,0,0,1,0,4,1,0,1,1,0,0,N,N
ACC-10009456,841,0,0,4,0,6,0,0,4,4,0,0,N,N
ACC-10009457,739,0,1,0,1,0,0,0,2,2,0,0,N,N
ACC-10009458,860,0,0,0,0,3,0,0,0,0,0,0,N,N
ACC-10009459,866,0,0,1,0,1,0,0,1,2,0,0,N,N
ACC-10009460,755,0,0,2,0,2,0,0,2,3,0,0,N,N
ACC-10009461,757,0,1,2,1,5,1,0,2,3,0,0,N,N
ACC-10009462,902,0,0,0,0,5,0,0,0,1,0,0,N,N
ACC-10009463,768,0,1,3,1,9,0,0,3,3,0,0,N,N
ACC-10009464,863,0,0,0,0,4,0,0,0,1,0,0,N,N
ACC-10009465,881,0,1,0,1,3,0,0,0,3,0,0,N,N
ACC-10009466,817,0,0,1,0,1,0,0,2,3,0,0,N,N
ACC-10009467,797,0,0,3,0,8,2,0,3,3,0,0,N,N
ACC-10009468,843,0,0,0,0,4,1,0,0,2,0,0,N,N
ACC-10009469,894,0,0,2,0,3,0,0,2,5,0,0,N,N
ACC-10009470,830,0,0,2,0,3,1,0,2,3,0,0,N,N
ACC-10009471,933,0,0,1,0,3,0,0,1,1,0,0,N,N
ACC-10009472,807,0,1,0,1,8,1,0,0,1,0,0,N,N
ACC-10009473,841,0,1,2,1,4,0,0,2,3,0,0,N,N
ACC-10009474,814,0,1,1,1,6,0,0,1,2,0,0,N,N
ACC-10009475,809,0,2,0,1,3,1,0,0,1,0,0,N,N
ACC-10009476,824,0,0,2,0,3,2,0,2,2,0,0,N,N
ACC-10009477,844,0,1,1,3,5,0,1,1,2,0,0,N,N
ACC-10009478,884,0,0,2,0,3,0,0,2,5,0,0,N,N
ACC-10009479,794,0,1,2,1,7,1,0,2,2,0,0,N,N
ACC-10009480,866,0,1,0,1,1,1,0,0,1,0,0,N,N
ACC-10009481,842,0,0,1,0,1,0,0,1,2,0,0,N,N
ACC-10009482,827,1,1,2,D,2,0,1,2,3,1,9,N,N
ACC-10009483,761,0,1,1,1,3,0,0,1,3,0,0,N,N
ACC-10009484,845,0,1,0,1,2,1,0,0,1,0,0,N,N
ACC-10009485,885,0,0,2,0,6,1,0,2,2,0,0,N,N
ACC-10009486,847,0,0,4,0,5,2,0,4,5,0,0,N,N
ACC-10009487,735,0,0,1,0,5,0,0,1,3,0,0,N,N
ACC-10009488,756,0,0,1,0,2,1,0,1,2,0,0,N,N
ACC-10009489,711,0,2,4,1,4,0,0,4,5,0,0,N,N
ACC-10009490,889,0,1,0,1,4,0,0,0,0,0,0,N,N
ACC-10009491,784,0,0,2,0,3,0,0,2,2,0,0,N,N
ACC-10009492,780,1,2,0,D,0,0,1,1,3,1,2,N,N
ACC-10009493,942,0,0,0,0,6,0,0,0,1,0,0,N,N
ACC-10009494,834,0,0,1,0,1,0,0,2,2,1,1,N,N
ACC-10009495,771,0,1,1,3,4,0,1,1,2,0,0,N,N
ACC-10009496,820,0,1,1,3,2,1,1,1,4,0,0,N,N
ACC-10009497,789,1,1,1,D,3,0,1,1,3,1,8,N,N
ACC-10009498,889,0,0,0,0,2,0,0,0,0,0,0,N,N
ACC-10009499,864,0,0,1,0,1,0,0,3,3,0,0,N,T
ACC-10009500,797,0,0,1,0,5,1,0,1,1,0,0,N,N
ACC-10009501,811,0,0,1,0,4,0,0,1,2,0,0,N,N
ACC-10009502,846,0,0,0,0,5,0,0,0,0,0,0,N,T
ACC-10009503,913,0,0,1,0,4,0,0,1,1,0,0,N,N
ACC-10009504,862,1,1,0,D,9,1,1,0,1,1,5,N,N
ACC-10009505,868,0,0,2,0,2,0,0,4,4,0,0,N,N
ACC-10009506,796,0,0,0,0,1,0,0,0,0,0,0,N,N
ACC-10009507,862,0,0,0,0,1,0,0,0,0,1,18,N,N
ACC-10009508,853,0,0,0,0,2,0,0,0,1,0,0,N,N
ACC-10009509,907,0,0,0,0,5,2,0,0,2,1,5,N,N
ACC-10009510,796,0,0,0,0,2,0,0,0,2,0,0,N,N
ACC-10009511,860,0,0,2,0,6,0,0,2,4,0,0,N,N
ACC-10009512,823,0,0,1,0,2,0,0,1,3,0,0,N,N
ACC-10009513,842,0,0,0,0,4,1,0,0,1,0,0,N,N
ACC-10009514,818,0,0,0,0,2,1,0,0,1,0,0,N,N
ACC-10009515,829,0,0,0,0,2,0,0,0,0,0,0,N,N
ACC-10009516,918,0,0,0,0,4,0,0,0,0,0,0,N,N
ACC-10009517,804,0,0,1,0,3,0,0,1,2,0,0,N,N
ACC-10009518,836,0,0,1,0,4,0,0,1,1,0,0,N,N
ACC-10009519,708,0,0,3,0,6,2,0,3,7,0,0,N,N
ACC-10009520,896,0,0,0,0,3,1,0,0,1,0,0,N,N
ACC-10009521,854,0,0,1,0,2,1,0,1,3,0,0,N,N
ACC-10009522,869,0,0,3,0,4,0,0,3,4,0,0,N,T
ACC-10009523,770,0,0,1,0,2,0,0,1,2,0,0,N,N
ACC-10009524,885,0,0,1,0,5,2,0,1,3,0,0,N,N
ACC-10009525,801,0,2,0,1,4,0,0,0,0,0,0,N,N
ACC-10009526,750,0,0,2,0,2,0,0,2,5,1,14,N,N
ACC-10009527,838,0,1,1,3,3,0,1,1,1,0,0,N,N
ACC-10009528,856,0,0,0,0,4,0,0,0,0,0,0,N,N
ACC-10009529,766,0,0,2,0,2,1,0,4,4,0,0,N,N
ACC-10009530,869,0,0,0,0,5,1,0,0,1,0,0,N,N
ACC-10009531,766,0,0,0,0,2,0,0,0,1,0,0,N,N
ACC-10009532,798,1,2,1,D,1,0,1,2,3,1,4,N,N
ACC-10009533,845,0,0,3,0,3,1,0,4,4,0,0,N,N
ACC-10009534,808,1,1,1,D,1,0,1,1,1,1,15,N,N
ACC-10009535,833,0,0,2,0,6,0,0,2,2,0,0,N,N
ACC-10009536,786,0,0,2,0,4,0,0,2,2,0,0,N,N
ACC-10009537,812,0,0,1,0,2,0,0,1,1,0,0,N,N
ACC-10009538,821,0,0,0,0,4,0,0,0,0,0,0,N,N
ACC-10009539,688,0,1,0,1,0,0,0,1,1,0,0,N,N
ACC-10009540,804,0,1,2,3,3,0,1,2,4,0,0,N,N
ACC-10009541,803,0,1,1,1,2,0,0,1,1,0,0,N,N
ACC-10009542,834,0,0,0,0,2,1,0,0,2,0,0,N,N
ACC-10009543,807,0,0,3,0,7,2,0,3,3,0,0,N,N
ACC-10009544,658,0,0,0,N,0,0,0,1,3,0,0,N,T
ACC-10009545,832,0,0,1,0,3,0,0,1,1,0,0,N,T
ACC-10009546,888,0,0,0,N,0,0,0,1,1,0,0,N,N
ACC-10009547,771,0,1,1,1,1,0,0,2,2,0,0,N,N
ACC-10009548,860,0,0,1,0,2,0,0,1,1,0,0,N,N
ACC-10009549,764,0,0,0,0,3,0,0,0,1,0,0,N,N
ACC-10009550,692,0,0,0,N,0,0,0,3,4,0,0,N,N
ACC-10009551,874,0,1,2,3,5,2,1,2,3,0,0,N,N
ACC-10009552,848,0,0,2,0,5,0,0,2,2,0,0,N,N
ACC-10009553,863,0,0,1,0,2,0,0,1,1,0,0,N,N
ACC-10009554,820,0,0,2,0,2,0,0,3,5,0,0,N,N
ACC-10009555,776,0,0,1,0,4,1,0,1,2,0,0,N,T
ACC-10009556,810,0,1,1,1,4,0,0,1,1,0,0,N,N
ACC-10009557,728,0,2,0,3,3,0,1,0,1,0,0,N,N
ACC-10009558,911,0,0,0,0,4,0,0,0,1,0,0,N,N
ACC-10009559,845,0,0,1,0,3,0,0,1,1,0,0,N,N
ACC-10009560,840,0,0,5,0,7,0,0,5,6,0,0,N,N
ACC-10009561,822,1,1,2,D,4,1,1,2,2,1,5,N,N
ACC-10009562,774,0,1,1,1,1,0,0,1,1,0,0,N,N
ACC-10009563,820,0,0,2,0,3,0,0,2,4,0,0,N,N
ACC-10009564,852,0,1,0,1,3,1,0,0,0,0,0,N,N
ACC-10009565,820,0,0,0,N,0,0,0,2,4,0,0,N,N
ACC-10009566,874,0,0,0,0,2,1,0,0,1,0,0,N,N
ACC-10009567,716,0,0,3,0,4,1,0,3,4,0,0,N,N
ACC-10009568,856,0,0,0,0,4,2,0,0,1,0,0,N,N
ACC-10009569,879,0,0,1,0,3,1,0,1,2,0,0,N,N
ACC-10009570,854,0,0,2,0,2,1,0,2,2,0,0,N,N
ACC-10009571,868,0,0,1,0,1,0,0,3,4,0,0,N,N
ACC-10009572,826,0,0,2,0,5,0,0,2,2,0,0,N,N
ACC-10009573,840,0,0,2,0,3,0,0,2,2,0,0,N,T
ACC-10009574,831,0,0,1,0,6,1,0,1,1,0,0,N,N
ACC-10009575,778,0,3,1,3,1,0,1,2,3,0,0,N,N
ACC-10009576,814,0,0,0,0,1,0,0,0,2,0,0,N,N
ACC-10009577,870,0,0,2,0,4,1,0,2,2,0,0,N,N
ACC-10009578,774,0,0,2,0,6,0,0,2,2,0,0,N,N
ACC-10009579,884,0,1,3,1,6,0,0,3,3,0,0,N,N
ACC-10009580,917,0,0,0,0,2,0,0,0,1,0,0,N,N
ACC-10009581,860,0,0,1,0,3,0,0,1,1,0,0,N,N
ACC-10009582,850,0,0,0,0,2,0,0,0,0,0,0,N,N
ACC-10009583,800,1,1,1,D,1,0,1,1,2,1,7,N,N
ACC-10009584,920,0,0,1,0,3,0,0,1,3,0,0,N,N
ACC-10009585,809,0,0,2,0,2,0,0,2,3,0,0,N,T
ACC-10009586,898,0,0,2,0,2,0,0,2,2,0,0,N,N
ACC-10009587,803,0,0,1,0,1,1,0,2,2,0,0,N,N
ACC-10009588,917,0,0,1,0,1,0,0,1,1,0,0,N,N
ACC-10009589,778,0,0,1,0,3,0,0,1,2,1,21,N,N
ACC-10009590,775,0,0,1,0,2,0,0,1,1,0,0,N,N
ACC-10009591,718,0,1,1,1,2,0,0,1,2,0,0,N,N
ACC-10009592,837,1,2,2,D,4,0,1,2,3,1,23,N,N
ACC-10009593,752,0,0,0,0,7,1,0,0,1,0,0,N,N
ACC-10009594,721,1,1,2,D,7,2,1,2,2,1,8,N,N
ACC-10009595,842,0,0,1,0,3,1,0,1,1,0,0,N,N
ACC-10009596,797,0,1,1,1,5,0,0,1,2,0,0,N,N
ACC-10009597,743,0,0,3,0,3,0,0,7,7,0,0,N,N
ACC-10009598,820,1,2,0,D,1,0,1,0,1,1,23,N,N
ACC-10009599,842,0,0,1,0,2,0,0,1,1,0,0,N,N
ACC-10009600,786,0,0,4,0,4,1,0,4,5,0,0,N,N
ACC-10009601,833,0,0,1,0,4,0,0,1,3,0,0,N,N
ACC-10009602,908,0,0,2,0,3,0,0,2,3,0,0,N,N
ACC-10009603,851,0,1,2,1,2,1,0,4,5,0,0,N,N
ACC-10009604,784,0,0,1,0,4,1,0,1,3,0,0,N,N
ACC-10009605,838,1,1,1,D,2,0,1,1,1,1,8,N,N
ACC-10009606,865,0,0,1,0,4,0,0,1,1,0,0,N,T
ACC-10009607,879,0,0,1,0,4,1,0,1,1,0,0,N,N
ACC-10009608,755,0,1,1,1,7,2,0,1,2,0,0,N,N
ACC-10009609,698,1,1,0,D,2,0,1,0,0,1,2,N,T
ACC-10009610,953,0,1,1,1,2,0,0,1,1,0,0,N,N
ACC-10009611,717,1,1,1,D,1,0,2,1,1,1,5,N,N
ACC-10009612,841,0,1,1,1,5,0,0,1,2,0,0,N,N
ACC-10009613,901,0,0,1,0,3,0,0,1,2,0,0,N,N
ACC-10009614,831,0,0,0,N,0,0,0,1,2,0,0,N,N
ACC-10009615,790,0,1,0,1,2,1,0,0,1,0,0,N,N
ACC-10009616,829,0,0,0,N,0,0,0,1,2,0,0,N,N
ACC-10009617,788,0,1,0,1,6,0,0,0,1,0,0,N,N
ACC-10009618,975,0,0,0,0,2,0,0,0,1,0,0,N,N
ACC-10009619,840,0,0,1,0,4,1,0,1,1,0,0,N,N
ACC-10009620,825,0,0,1,0,2,0,0,1,2,0,0,N,N
ACC-10009621,793,1,1,0,D,0,0,1,3,5,1,55,N,N
ACC-10009622,843,0,0,0,0,3,0,0,0,1,0,0,N,N
ACC-10009623,758,0,0,1,0,1,0,0,1,2,0,0,N,N
ACC-10009624,825,0,1,1,3,2,0,1,1,5,0,0,N,N
ACC-10009625,768,0,0,1,0,1,0,0,1,1,0,0,N,T
ACC-10009626,844,0,0,0,N,0,0,0,1,2,0,0,N,N
ACC-10009627,808,1,2,1,D,5,0,1,1,1,1,2,N,N
ACC-10009628,822,0,0,1,0,3,0,0,1,3,0,0,N,N
ACC-10009629,854,0,0,0,N,0,0,0,1,1,0,0,N,N
ACC-10009630,841,0,0,0,0,1,0,0,0,0,0,0,N,N
ACC-10009631,946,0,0,0,N,0,0,0,0,3,0,0,N,N
ACC-10009632,842,0,0,1,0,4,1,0,1,2,0,0,N,N
ACC-10009633,916,0,1,1,1,2,0,0,1,2,0,0,N,N
ACC-10009634,834,0,0,0,0,1,0,0,0,0,0,0,N,N
ACC-10009635,773,0,0,2,0,5,0,0,2,6,0,0,N,N
ACC-10009636,933,0,0,0,0,4,1,0,0,0,0,0,N,N
ACC-10009637,762,0,0,1,0,7,0,0,1,2,0,0,N,N
ACC-10009638,872,0,0,0,0,4,0,0,0,2,0,0,N,N
ACC-10009639,805,0,1,0,1,2,0,0,0,0,0,0,N,N
ACC-10009640,754,0,0,1,0,3,2,0,1,2,0,0,N,N
ACC-10009641,923,0,0,1,0,5,0,0,1,1,0,0,N,N
ACC-10009642,859,0,0,0,0,1,0,0,0,0,0,0,N,N
ACC-10009643,852,0,0,1,0,1,0,0,1,4,0,0,N,N
ACC-10009644,798,1,1,1,D,3,1,1,1,1,1,1,N,N
ACC-10009645,710,0,1,2,1,4,0,0,2,3,0,0,N,N
ACC-10009646,839,0,1,0,1,1,0,0,0,0,0,0,N,N
ACC-10009647,888,0,1,0,1,3,1,0,0,1,0,0,N,N
ACC-10009648,856,0,0,1,0,2,0,0,1,3,0,0,N,N
ACC-10009649,853,0,0,2,0,3,1,0,2,2,0,0,N,N
ACC-10009650,661,0,3,2,1,4,0,0,2,3,0,0,N,T
ACC-10009651,813,0,0,1,0,4,0,0,1,1,0,0,N,N
ACC-10009652,814,0,0,1,0,4,1,0,1,1,0,0,N,T
ACC-10009653,834,0,0,1,0,2,0,0,1,1,0,0,N,N
ACC-10009654,756,0,0,3,0,4,0,0,3,4,0,0,N,N
ACC-10009655,860,0,0,0,0,3,0,0,0,0,0,0,N,N
ACC-10009656,836,0,0,0,0,2,0,0,0,1,0,0,N,N
ACC-10009657,905,0,0,0,0,1,0,0,0,1,0,0,N,N
ACC-10009658,733,1,1,2,D,2,0,1,2,2,1,4,N,N
ACC-10009659,940,0,0,0,0,6,0,0,0,0,0,0,N,N
ACC-10009660,884,0,0,0,0,5,0,0,0,1,0,0,N,N
ACC-10009661,784,0,1,0,1,0,0,0,1,1,1,34,N,N
ACC-10009662,857,0,0,2,0,2,0,0,2,3,0,0,N,N
ACC-10009663,826,0,0,0,0,2,0,0,0,2,0,0,N,N
ACC-10009664,877,0,0,0,0,5,1,0,0,1,0,0,N,N
ACC-10009665,893,0,0,0,0,6,0,0,0,0,0,0,N,N
ACC-10009666,755,0,1,0,1,4,0,0,0,2,0,0,N,N
ACC-10009667,830,0,1,2,1,3,1,0,2,5,0,0,N,N
ACC-10009668,922,0,0,0,0,3,0,0,0,0,0,0,N,N
ACC-10009669,894,0,0,0,0,2,0,0,0,1,0,0,N,T
ACC-10009670,708,0,0,2,0,2,0,0,3,3,0,0,N,T
ACC-10009671,795,1,1,2,D,5,1,1,2,2,1,15,N,N
ACC-10009672,751,0,1,4,1,4,0,0,4,6,0,0,N,N
ACC-10009673,787,0,0,2,0,2,1,0,2,2,0,0,N,N
ACC-10009674,755,0,0,0,N,0,0,0,1,1,0,0,N,N
ACC-10009675,789,0,0,1,0,3,1,0,1,1,0,0,N,N
ACC-10009676,887,0,0,0,0,1,0,0,0,1,0,0,N,N
ACC-10009677,927,0,0,1,0,4,0,0,1,1,0,0,N,N
ACC-10009678,848,0,0,0,0,1,0,0,0,1,0,0,N,N
ACC-10009679,851,0,1,1,1,3,1,0,1,1,0,0,N,N
ACC-10009680,738,0,0,2,0,5,1,0,2,2,0,0,N,N
ACC-10009681,757,1,1,0,D,1,1,1,0,1,1,3,N,N
ACC-10009682,726,0,1,2,1,6,2,0,2,2,0,0,N,N
ACC-10009683,818,0,0,0,0,8,2,0,0,1,1,4,N,N
ACC-10009684,842,0,0,1,0,3,0,0,1,3,0,0,N,N
ACC-10009685,865,0,0,1,0,2,1,0,1,1,0,0,N,N
ACC-10009686,860,0,1,1,1,4,0,0,1,3,0,0,N,N
ACC-10009687,845,0,1,1,1,1,0,0,1,4,0,0,N,N
ACC-10009688,770,0,0,2,0,5,2,0,2,4,0,0,N,T
ACC-10009689,878,0,0,1,0,4,1,0,1,3,0,0,N,N
ACC-10009690,835,0,1,2,1,3,1,0,2,2,0,0,N,N
ACC-10009691,708,0,0,4,0,4,0,0,4,5,0,0,N,T
ACC-10009692,838,0,1,2,3,2,0,1,4,5,0,0,N,N
ACC-10009693,769,0,1,2,1,2,0,0,2,2,0,0,N,N
ACC-10009694,923,0,0,3,0,3,0,0,3,4,0,0,N,N
ACC-10009695,850,0,0,0,0,4,1,0,0,0,0,0,N,N
ACC-10009696,804,0,0,2,0,5,0,0,2,3,0,0,N,N
ACC-10009697,869,0,0,1,0,5,1,0,1,1,0,0,N,N
ACC-10009698,829,0,0,2,0,4,0,0,2,4,0,0,N,N
ACC-10009699,896,0,0,1,0,3,0,0,1,1,0,0,N,N
ACC-10009700,885,0,0,1,0,2,0,0,1,1,0,0,N,N
ACC-10009701,775,0,0,0,N,0,0,0,1,2,1,8,N,N
ACC-10009702,756,0,1,2,3,4,0,1,2,2,1,17,N,N
ACC-10009703,911,0,0,0,0,1,1,0,0,0,0,0,N,N
ACC-10009704,916,0,0,0,0,6,2,0,0,0,0,0,N,N
ACC-10009705,881,0,1,0,1,4,0,0,0,0,0,0,N,N
ACC-10009706,813,0,0,0,0,5,0,0,0,0,0,0,N,N
ACC-10009707,804,0,0,1,0,8,2,0,1,4,0,0,N,N
ACC-10009708,834,0,0,1,0,1,0,0,1,1,0,0,N,N
ACC-10009709,873,0,0,1,0,4,1,0,1,1,0,0,N,N
ACC-10009710,787,0,0,3,0,9,1,0,3,4,0,0,N,N
ACC-10009711,824,0,1,1,1,1,0,0,1,1,0,0,N,N
ACC-10009712,937,0,0,0,0,1,1,0,0,2,0,0,N,N
ACC-10009713,807,1,1,1,D,5,0,1,1,2,1,19,N,T
ACC-10009714,780,0,0,1,0,3,0,0,1,3,0,0,N,N
ACC-10009715,762,0,0,1,0,2,0,0,1,3,0,0,N,N
ACC-10009716,798,0,0,4,0,8,2,0,4,4,0,0,N,N
ACC-10009717,834,1,2,1,D,3,0,1,1,2,1,18,N,N
ACC-10009718,753,0,0,2,0,4,1,0,2,3,0,0,N,N
ACC-10009719,823,0,0,1,0,5,0,0,1,1,0,0,N,N
ACC-10009720,778,0,0,1,0,2,1,0,1,2,0,0,N,N
ACC-10009721,796,0,1,1,1,4,0,0,1,1,0,0,N,N
ACC-10009722,796,1,1,2,D,3,0,1,2,2,1,6,N,N
ACC-10009723,941,0,0,0,N,0,0,0,3,4,0,0,N,N
ACC-10009724,853,0,0,1,0,4,0,0,1,3,0,0,N,N
ACC-10009725,724,0,1,2,1,5,0,0,2,2,0,0,N,N
ACC-10009726,764,0,0,2,0,6,0,0,2,6,0,0,N,N
ACC-10009727,756,0,0,2,0,4,0,0,2,4,0,0,N,N
ACC-10009728,804,0,0,1,0,1,0,0,2,5,0,0,N,N
ACC-10009729,931,0,0,1,0,4,1,0,1,3,0,0,N,N
ACC-10009730,810,0,0,2,0,2,0,0,4,4,0,0,N,N
ACC-10009731,865,0,0,0,N,0,0,0,1,2,0,0,N,N
ACC-10009732,772,1,1,3,D,5,1,1,3,4,1,4,N,N
ACC-10009733,773,0,1,1,1,4,0,0,1,3,0,0,N,N
ACC-10009734,833,0,0,1,0,1,0,0,1,2,0,0,N,N
ACC-10009735,860,1,1,0,D,3,0,1,0,0,1,4,N,N
ACC-10009736,772,0,0,1,0,2,0,0,1,1,0,0,N,N
ACC-10009737,808,0,0,2,0,3,2,0,2,3,0,0,N,N
ACC-10009738,796,0,1,1,1,3,0,0,1,3,0,0,N,N
ACC-10009739,811,0,0,2,0,2,0,0,3,3,0,0,N,N
ACC-10009740,881,0,1,2,3,2,1,1,2,4,0,0,N,N
ACC-10009741,809,0,1,1,1,3,0,0,1,3,0,0,N,N
ACC-10009742,999,0,0,0,N,0,0,0,0,2,0,0,N,N
ACC-10009743,723,1,2,2,D,2,0,1,2,2,1,4,N,N
ACC-10009744,771,1,1,1,D,5,0,1,1,2,1,12,N,N
ACC-10009745,764,0,0,1,0,4,1,0,1,2,0,0,N,N
ACC-10009746,894,0,0,0,0,2,0,0,0,0,0,0,N,N
ACC-10009747,880,0,0,0,0,3,0,0,0,0,0,0,N,N
ACC-10009748,805,0,0,3,0,7,0,0,3,4,0,0,N,N
ACC-10009749,724,1,1,1,D,4,0,1,1,1,1,7,N,N
ACC-10009750,891,0,0,0,0,3,1,0,0,1,0,0,N,N
ACC-10009751,883,0,0,0,0,2,0,0,0,0,0,0,N,T
ACC-10009752,816,0,0,1,0,5,0,0,1,1,0,0,N,N
ACC-10009753,732,0,0,1,0,1,1,0,2,2,0,0,N,N
ACC-10009754,813,0,0,2,0,4,0,0,2,2,0,0,N,T
ACC-10009755,849,0,0,1,0,3,1,0,1,1,0,0,N,N
ACC-10009756,805,0,1,2,1,6,3,0,2,3,0,0,N,N
ACC-10009757,872,0,0,2,0,5,0,0,2,4,0,0,N,N
ACC-10009758,815,0,0,2,0,3,0,0,2,3,0,0,N,N
ACC-10009759,895,0,0,0,0,2,0,0,0,0,1,9,N,N
ACC-10009760,799,0,0,2,0,5,1,0,2,2,0,0,N,N
ACC-10009761,856,0,0,2,0,3,0,0,2,2,0,0,N,N
ACC-10009762,915,0,0,0,0,4,0,0,0,0,0,0,N,N
ACC-10009763,729,0,0,2,0,5,0,0,2,2,0,0,N,N
ACC-10009764,909,0,0,0,0,8,0,0,0,0,0,0,N,N
ACC-10009765,742,0,0,0,0,2,0,0,0,0,0,0,N,N
ACC-10009766,883,0,2,0,1,4,0,0,0,0,0,0,N,N
ACC-10009767,866,0,1,2,1,2,0,0,4,4,0,0,N,N
ACC-10009768,791,0,0,1,0,1,0,0,3,4,0,0,N,N
ACC-10009769,825,0,0,0,0,2,0,0,0,1,0,0,N,N
ACC-10009770,905,0,0,1,0,4,0,0,1,2,0,0,N,N
ACC-10009771,870,0,0,1,0,2,0,0,1,2,0,0,N,N
ACC-10009772,878,0,0,1,0,2,0,0,1,2,0,0,N,N
ACC-10009773,776,1,1,0,D,5,1,1,0,1,1,75,N,N
ACC-10009774,831,0,0,1,0,4,0,0,1,1,0,0,N,N
ACC-10009775,791,0,0,1,0,1,0,0,1,2,0,0,N,N
ACC-10009776,957,0,1,0,1,4,0,0,0,1,0,0,N,N
ACC-10009777,884,0,0,1,0,2,0,0,1,2,0,0,N,N
ACC-10009778,798,0,0,2,0,2,0,0,2,3,0,0,N,N
ACC-10009779,728,0,0,4,0,5,1,0,4,4,0,0,N,N
ACC-10009780,764,0,1,1,1,5,0,0,1,1,0,0,N,N
ACC-10009781,812,0,0,1,0,1,1,0,1,2,0,0,N,N
ACC-10009782,789,0,1,0,1,3,0,0,0,1,0,0,N,N
ACC-10009783,869,0,0,1,0,4,0,0,1,2,0,0,N,N
ACC-10009784,874,0,0,1,0,4,0,0,1,1,0,0,N,T
ACC-10009785,813,0,0,1,0,4,1,0,1,3,0,0,N,N
ACC-10009786,895,0,0,0,0,3,0,0,0,2,0,0,N,N
ACC-10009787,865,0,0,1,0,3,0,0,1,1,0,0,N,N
ACC-10009788,869,0,0,0,0,5,1,0,0,1,0,0,N,N
ACC-10009789,710,0,0,4,0,7,1,0,4,5,0,0,N,N
ACC-10009790,803,0,1,0,1,4,1,0,0,0,0,0,N,N
ACC-10009791,800,1,1,0,D,5,0,1,0,2,1,3,N,N
ACC-10009792,747,0,1,1,1,3,1,0,1,1,0,0,N,N
ACC-10009793,824,0,0,0,0,2,0,0,0,0,0,0,N,N
ACC-10009794,823,0,0,0,0,2,1,0,0,2,0,0,N,N
ACC-10009795,906,0,0,1,0,3,1,0,1,1,0,0,N,N
ACC-10009796,811,0,0,1,0,3,0,0,1,1,0,0,N,N
ACC-10009797,883,0,0,0,0,1,0,0,0,0,0,0,N,N
ACC-10009798,856,0,0,0,0,1,0,0,0,2,0,0,N,N
ACC-10009799,916,0,0,0,0,3,0,0,0,1,0,0,N,N
ACC-10009800,914,0,1,1,1,1,0,0,1,1,0,0,N,N
ACC-10009801,792,0,0,1,0,1,0,0,1,2,0,0,N,N
ACC-10009802,844,0,0,0,N,0,0,0,1,1,0,0,N,N
ACC-10009803,710,0,0,0,0,6,0,0,0,0,0,0,N,N
ACC-10009804,908,0,0,1,0,2,0,0,1,2,0,0,N,N
ACC-10009805,815,0,0,3,0,3,0,0,5,5,0,0,N,N
ACC-10009806,904,0,0,1,0,4,0,0,1,1,0,0,N,N
ACC-10009807,826,0,0,2,0,3,0,0,2,3,0,0,N,N
ACC-10009808,877,0,0,2,0,2,0,0,2,2,0,0,N,T
ACC-10009809,756,0,0,0,0,1,0,0,0,0,0,0,N,N
ACC-10009810,757,0,1,1,1,1,0,0,4,5,0,0,N,N
ACC-10009811,935,0,0,1,0,2,0,0,1,3,1,15,N,N
ACC-10009812,888,0,0,1,0,1,1,0,1,1,0,0,N,N
ACC-10009813,759,0,1,1,1,2,1,0,1,1,0,0,N,N
ACC-10009814,914,0,0,1,0,5,0,0,1,2,0,0,N,N
ACC-10009815,727,0,1,0,1,3,0,0,0,2,0,0,N,N
ACC-10009816,886,0,0,1,0,2,0,0,1,1,0,0,N,N
ACC-10009817,951,0,0,0,0,1,0,0,0,1,0,0,N,N
ACC-10009818,905,0,0,0,0,1,0,0,0,1,0,0,N,N
ACC-10009819,817,1,2,1,D,2,0,2,1,3,1,4,N,N
ACC-10009820,795,0,0,1,0,1,1,0,3,4,0,0,N,N
ACC-10009821,856,0,1,2,1,4,0,0,2,3,0,0,N,N
ACC-10009822,698,1,2,1,D,4,0,2,1,2,1,2,N,N
ACC-10009823,874,0,0,2,0,5,0,0,2,2,0,0,N,N
ACC-10009824,817,0,1,2,1,4,0,0,2,2,0,0,N,N
ACC-10009825,883,0,0,0,0,5,2,0,0,0,0,0,N,N
ACC-10009826,901,0,0,0,0,4,0,0,0,1,0,0,N,N
ACC-10009827,805,1,1,1,D,5,0,1,1,3,1,30,N,N
ACC-10009828,747,0,0,0,N,0,0,0,1,2,0,0,N,N
ACC-10009829,820,0,0,1,0,1,0,0,1,2,0,0,N,N
ACC-10009830,792,0,0,1,0,1,0,0,2,3,0,0,N,N
ACC-10009831,808,0,0,0,0,4,0,0,0,0,0,0,N,T
ACC-10009832,942,0,0,0,0,5,2,0,0,1,0,0,N,N
ACC-10009833,776,0,0,0,0,2,0,0,0,0,0,0,N,N
ACC-10009834,752,0,1,3,3,5,0,1,3,3,0,0,N,N
ACC-10009835,885,0,0,1,0,1,0,0,1,1,0,0,N,N
ACC-10009836,855,0,0,0,0,3,1,0,0,0,0,0,N,N
ACC-10009837,870,0,0,2,0,6,1,0,2,2,0,0,N,N
ACC-10009838,637,0,0,4,0,7,1,0,4,5,0,0,N,N
ACC-10009839,760,0,0,0,0,7,1,0,0,0,0,0,N,N
ACC-10009840,837,0,0,1,0,2,0,0,1,2,0,0,N,N
ACC-10009841,727,1,1,1,D,6,0,1,1,3,1,5,N,N
ACC-10009842,924,0,0,1,0,2,0,0,1,2,0,0,N,N
ACC-10009843,740,0,0,1,0,3,0,0,1,2,0,0,N,N
ACC-10009844,714,1,1,2,D,5,2,1,2,4,1,4,N,N
ACC-10009845,823,0,0,2,0,3,0,0,2,2,0,0,N,N
ACC-10009846,826,0,0,1,0,4,2,0,1,2,0,0,N,N
ACC-10009847,806,0,0,2,0,6,0,0,2,2,0,0,N,N
ACC-10009848,798,0,1,1,1,6,0,0,1,1,0,0,N,N
ACC-10009849,789,0,0,3,0,5,0,0,3,4,0,0,N,N
ACC-10009850,833,0,0,1,0,2,1,0,1,2,0,0,N,N
ACC-10009851,832,0,0,0,0,3,1,0,0,0,0,0,N,N
ACC-10009852,827,0,1,1,1,5,0,0,1,3,0,0,N,N
ACC-10009853,794,0,0,1,0,5,1,0,1,2,0,0,N,N
ACC-10009854,931,0,1,0,1,6,0,0,0,2,0,0,N,N
ACC-10009855,858,0,0,2,0,2,0,0,2,2,0,0,N,N
ACC-10009856,818,0,0,1,0,5,0,0,1,5,0,0,N,N
ACC-10009857,800,0,0,0,0,3,0,0,0,0,0,0,N,N
ACC-10009858,787,0,0,2,0,4,0,0,2,3,0,0,N,T
ACC-10009859,837,0,0,0,0,2,0,0,0,5,0,0,N,T
ACC-10009860,869,0,0,1,0,1,1,0,1,2,0,0,N,N
ACC-10009861,841,0,1,1,1,2,0,0,1,2,0,0,N,N
ACC-10009862,749,0,0,2,0,2,0,0,2,2,0,0,N,N
ACC-10009863,875,0,0,3,0,4,0,0,3,4,0,0,N,N
ACC-10009864,777,0,0,1,0,2,0,0,1,2,0,0,N,N
ACC-10009865,850,1,1,0,D,2,1,1,0,1,1,7,N,N
ACC-10009866,624,1,1,2,D,6,1,1,2,4,1,16,N,N
ACC-10009867,952,0,0,1,0,1,0,0,1,1,0,0,N,N
ACC-10009868,675,1,3,2,D,2,0,1,3,5,1,7,N,N
ACC-10009869,831,0,0,1,0,2,0,0,1,2,0,0,N,N
ACC-10009870,765,1,1,1,D,1,0,1,3,3,1,14,N,N
ACC-10009871,793,0,1,0,1,3,0,0,0,0,0,0,N,N
ACC-10009872,796,0,0,2,0,3,1,0,2,2,0,0,N,N
ACC-10009873,809,0,0,1,0,5,0,0,1,1,0,0,N,N
ACC-10009874,818,1,2,1,D,6,1,1,1,2,1,9,N,N
ACC-10009875,782,0,1,1,1,4,2,0,1,1,0,0,N,N
ACC-10009876,797,0,0,2,0,2,0,0,4,6,0,0,N,N
ACC-10009877,927,0,0,0,0,2,0,0,0,1,0,0,N,N
ACC-10009878,937,0,1,1,1,5,0,0,1,2,0,0,N,N
ACC-10009879,782,0,0,2,0,5,2,0,2,3,0,0,N,N
ACC-10009880,765,0,0,4,0,6,0,0,4,4,0,0,N,N
ACC-10009881,793,0,1,0,1,4,0,0,0,0,0,0,N,N
ACC-10009882,826,0,0,1,0,1,0,0,1,1,0,0,N,N
ACC-10009883,805,0,0,3,0,3,1,0,3,3,0,0,N,N
ACC-10009884,910,0,0,1,0,1,0,0,1,2,0,0,N,N
ACC-10009885,785,0,0,1,0,1,0,0,4,4,0,0,N,N
ACC-10009886,901,0,0,1,0,5,0,0,1,1,0,0,N,N
ACC-10009887,887,0,0,3,0,4,0,0,3,5,0,0,N,N
ACC-10009888,871,0,0,1,0,1,1,0,1,1,0,0,N,N
ACC-10009889,734,0,1,2,1,5,1,0,2,2,0,0,N,N
ACC-10009890,740,0,0,3,0,3,0,0,3,4,0,0,N,N
ACC-10009891,798,0,0,1,0,1,0,0,1,2,0,0,N,N
ACC-10009892,766,0,1,3,1,3,2,0,4,5,0,0,N,N
ACC-10009893,847,0,0,1,0,1,0,0,3,3,0,0,N,N
ACC-10009894,867,0,0,0,N,0,0,0,2,3,0,0,N,N
ACC-10009895,903,0,0,0,0,1,0,0,0,1,0,0,N,N
ACC-10009896,785,0,0,2,0,3,0,0,2,4,0,0,N,N
ACC-10009897,895,0,0,0,0,4,0,0,0,0,0,0,N,N
ACC-10009898,908,0,0,0,N,0,0,0,0,0,0,0,N,N
ACC-10009899,842,0,0,1,0,3,0,0,1,3,0,0,N,N
ACC-10009900,824,0,0,0,0,3,0,0,0,0,1,8,N,N
ACC-10009901,869,0,0,0,0,6,0,0,0,1,0,0,N,N
ACC-10009902,853,0,1,1,1,3,1,0,1,1,0,0,N,N
ACC-10009903,763,0,0,2,0,5,1,0,2,2,0,0,N,N
ACC-10009904,830,0,1,1,1,3,0,0,1,3,0,0,N,N
ACC-10009905,823,0,0,2,0,3,0,0,2,3,0,0,N,N
ACC-10009906,875,1,1,1,D,1,0,1,1,2,1,6,N,N
ACC-10009907,895,0,0,1,0,5,1,0,1,1,0,0,N,T
ACC-10009908,873,0,0,0,0,4,0,0,0,1,0,0,N,N
ACC-10009909,919,0,0,2,0,3,0,0,2,2,0,0,N,N
ACC-10009910,744,0,0,3,0,4,1,0,3,4,0,0,N,N
ACC-10009911,907,0,0,0,0,2,0,0,0,0,0,0,N,N
ACC-10009912,734,0,0,1,0,2,0,0,1,3,0,0,N,N
ACC-10009913,791,1,1,0,D,5,0,1,0,0,1,8,N,N
ACC-10009914,797,0,0,2,0,4,0,0,2,4,0,0,N,N
ACC-10009915,813,0,0,1,0,1,0,0,3,3,0,0,N,N
ACC-10009916,883,0,0,0,0,4,2,0,0,1,0,0,N,N
ACC-10009917,838,0,0,2,0,4,2,0,2,2,0,0,N,N
ACC-10009918,712,1,1,1,D,5,2,1,1,2,1,14,N,T
ACC-10009919,873,0,0,0,0,5,1,0,0,2,0,0,N,N
ACC-10009920,813,0,1,0,3,1,0,1,0,1,0,0,N,N
ACC-10009921,909,0,0,0,0,3,1,0,0,0,0,0,N,N
ACC-10009922,840,0,0,1,0,3,0,0,1,2,0,0,N,N
ACC-10009923,882,0,0,0,0,4,1,0,0,0,0,0,N,N
ACC-10009924,853,0,0,0,0,2,1,0,0,1,0,0,N,N
ACC-10009925,825,0,0,2,0,2,0,0,2,2,0,0,N,N
ACC-10009926,933,0,0,0,0,1,0,0,0,1,0,0,N,N
ACC-10009927,737,0,0,1,0,7,0,0,1,1,0,0,N,N
ACC-10009928,833,0,1,3,1,4,0,0,3,5,0,0,N,N
ACC-10009929,885,0,0,2,0,2,0,0,2,3,0,0,N,N
ACC-10009930,855,0,0,0,0,4,0,0,0,0,0,0,N,N
ACC-10009931,792,0,0,1,0,2,0,0,1,1,0,0,N,N
ACC-10009932,783,1,2,2,D,2,0,2,3,5,1,8,N,N
ACC-10009933,751,0,0,3,0,3,1,0,3,4,0,0,N,N
ACC-10009934,835,0,1,2,1,4,2,0,2,3,0,0,N,N
ACC-10009935,810,0,1,1,1,7,1,0,1,1,0,0,N,N
ACC-10009936,732,0,0,1,0,4,1,0,1,1,0,0,N,N
ACC-10009937,879,0,0,0,0,5,0,0,0,1,0,0,N,N
ACC-10009938,871,0,0,2,0,2,0,0,3,3,0,0,N,N
ACC-10009939,790,0,0,1,0,1,0,0,2,2,0,0,N,N
ACC-10009940,710,1,2,2,D,2,1,1,2,3,1,16,N,T
ACC-10009941,791,0,1,2,1,2,0,0,4,4,0,0,N,N
ACC-10009942,925,0,0,1,0,8,0,0,1,1,0,0,N,N
ACC-10009943,892,0,0,1,0,7,0,0,1,3,0,0,N,N
ACC-10009944,776,0,1,1,1,2,1,0,1,3,0,0,N,N
ACC-10009945,784,0,0,1,0,3,1,0,1,2,0,0,N,N
ACC-10009946,867,0,0,2,0,5,1,0,2,4,0,0,N,N
ACC-10009947,795,0,0,0,N,0,0,0,1,1,0,0,N,N
ACC-10009948,931,0,1,0,1,0,0,0,1,3,0,0,N,N
ACC-10009949,805,0,0,1,0,1,1,0,1,1,0,0,N,N
ACC-10009950,888,0,0,1,0,2,0,0,1,1,0,0,N,N
ACC-10009951,827,0,0,1,0,1,0,0,1,1,0,0,N,N
ACC-10009952,868,0,0,0,0,4,0,0,0,2,0,0,N,N
ACC-10009953,814,0,2,0,1,1,0,0,0,0,0,0,N,N
ACC-10009954,894,0,1,1,1,3,0,0,1,3,0,0,N,N
ACC-10009955,879,0,0,0,0,4,0,0,0,0,0,0,N,N
ACC-10009956,721,0,1,3,1,4,1,0,3,4,0,0,N,N
ACC-10009957,637,0,1,3,1,4,0,0,3,6,0,0,N,T
ACC-10009958,798,0,0,0,0,3,0,0,0,0,0,0,N,N
ACC-10009959,776,0,0,2,0,4,2,0,2,2,0,0,N,T
ACC-10009960,748,1,1,1,D,1,1,1,1,1,1,37,N,T
ACC-10009961,853,0,0,0,0,2,0,0,0,2,0,0,N,N
ACC-10009962,789,0,0,2,0,6,0,0,2,3,0,0,N,N
ACC-10009963,864,0,1,0,1,4,2,0,0,2,0,0,N,N
ACC-10009964,850,0,0,0,0,7,0,0,0,0,0,0,N,N
ACC-10009965,735,0,0,1,0,5,0,0,1,3,0,0,N,N
ACC-10009966,901,0,0,1,0,3,0,0,1,2,0,0,N,N
ACC-10009967,881,0,0,2,0,4,0,0,2,2,0,0,N,N
ACC-10009968,816,0,2,2,1,3,0,0,2,3,0,0,N,N
ACC-10009969,837,0,0,0,0,2,0,0,0,2,1,6,N,N
ACC-10009970,924,0,0,0,0,1,0,0,0,1,0,0,N,N
ACC-10009971,866,0,0,1,0,2,0,0,1,1,0,0,N,N
ACC-10009972,781,1,1,1,D,5,0,2,1,1,1,16,N,N
ACC-10009973,858,0,0,2,0,2,1,0,2,2,0,0,N,N
ACC-10009974,958,0,0,0,0,6,0,0,0,0,0,0,N,N
ACC-10009975,707,0,0,1,0,6,1,0,1,1,0,0,N,N
ACC-10009976,820,0,0,3,0,5,0,0,3,3,0,0,N,N
ACC-10009977,766,0,0,2,0,3,0,0,2,3,0,0,N,N
ACC-10009978,848,0,0,2,0,4,0,0,2,2,0,0,N,N
ACC-10009979,894,0,0,0,0,3,0,0,0,2,0,0,N,N
ACC-10009980,821,0,0,3,0,3,0,0,3,4,0,0,N,N
ACC-10009981,895,0,0,1,0,1,0,0,1,2,0,0,N,N
ACC-10009982,873,0,0,1,0,3,1,0,1,2,0,0,N,N
ACC-10009983,769,0,0,1,0,3,0,0,1,1,0,0,N,N
ACC-10009984,853,0,0,1,0,3,0,0,1,1,0,0,N,N
ACC-10009985,718,0,0,1,0,3,0,0,1,4,0,0,N,N
ACC-10009986,720,0,1,1,1,4,0,0,1,2,0,0,N,N
ACC-10009987,793,0,1,0,1,3,0,0,0,0,0,0,N,N
ACC-10009988,891,0,0,3,0,3,1,0,4,4,0,0,N,N
ACC-10009989,912,0,0,1,0,5,0,0,1,2,0,0,N,N
ACC-10009990,863,0,2,0,1,3,0,0,0,0,0,0,N,N
ACC-10009991,785,0,0,1,0,2,0,0,1,1,0,0,N,N
ACC-10009992,809,0,1,2,1,2,0,0,3,3,0,0,N,N
ACC-10009993,716,2,3,0,D,4,0,3,0,0,2,15,N,N
ACC-10009994,826,0,1,2,1,5,3,0,2,4,0,0,N,N
ACC-10009995,859,0,1,0,1,6,0,0,0,1,0,0,N,N
ACC-10009996,851,0,0,1,0,3,0,0,1,2,0,0,N,N
ACC-10009997,910,0,0,0,0,2,0,0,0,2,0,0,N,N
ACC-10009998,836,0,0,2,0,2,0,0,2,4,0,0,N,N
ACC-10009999,631,1,1,4,D,6,1,1,4,4,1,8,N,N
